frame_idx,camera_id,t_arrival,t_inference_start,t_inference_end,gpu_mem_before_mb,gpu_mem_after_mb,num_persons,avg_confidence,wrist_keypoints
349,GF-19-CAM-19,33600.185671967,33600.188182773,33600.316146876,38.33349609375,38.3330078125,0,,0
351,GF-19-CAM-19,33600.743186518,33600.745228116,33600.94603242,38.3330078125,38.3330078125,0,,0
353,GF-19-CAM-19,33601.390779704,33601.397506858,33601.554791124,38.3330078125,38.3330078125,0,,0
355,GF-19-CAM-19,33601.922051159,33601.923401796,33602.039778879,38.3330078125,38.3330078125,0,,0
572,GF-19-CAM-19,33665.063112241,33665.066131452,33665.252086647,38.33349609375,38.3330078125,0,,0
576,GF-19-CAM-19,33666.129521191,33666.142259768,33666.337261053,38.33349609375,38.3330078125,0,,0
578,GF-19-CAM-19,33666.784653447,33666.787125568,33666.936958359,38.3330078125,38.3330078125,0,,0
580,GF-19-CAM-19,33667.312708622,33667.314608634,33667.440708748,38.3330078125,38.3330078125,0,,0
582,GF-19-CAM-19,33667.836953867,33667.838720622,33667.951738515,38.3330078125,38.3330078125,0,,0
584,GF-19-CAM-19,33668.350348666,33668.352305195,33668.525993153,38.3330078125,38.3330078125,0,,0
586,GF-19-CAM-19,33668.872635686,33668.875851152,33668.980374466,38.3330078125,38.3330078125,0,,0
588,GF-19-CAM-19,33669.314618996,33669.317065782,33669.52441459,38.3330078125,38.3330078125,0,,0
688,GF-19-CAM-19,33700.023677038,33700.025389475,33700.20855514,38.33349609375,38.3330078125,0,,0
713,GF-19-CAM-19,33706.943865799,33706.948679568,33707.138388654,38.33349609375,38.3330078125,0,,0
717,GF-19-CAM-19,33708.047752306,33708.049633507,33708.265586315,38.33349609375,38.3330078125,0,,0
723,GF-19-CAM-19,33710.019138893,33710.023554235,33710.144303311,38.33349609375,38.3330078125,0,,0
725,GF-19-CAM-19,33710.592277387,33710.595293559,33710.754845074,38.3330078125,38.3330078125,0,,0
763,GF-19-CAM-19,33722.158581625,33722.161708117,33722.316498739,38.333984375,38.3330078125,0,,0
765,GF-19-CAM-19,33722.729815639,33722.733111574,33722.902888317,38.3330078125,38.3330078125,0,,0
871,GF-19-CAM-19,33755.70806887,33755.710326438,33755.842813933,38.33349609375,38.3330078125,0,,0
1137,GF-19-CAM-19,33840.482148337,33840.483888949,33840.616425013,38.33349609375,38.3330078125,0,,0
1187,GF-19-CAM-19,33855.44023494,33855.449978772,33855.600705288,38.33349609375,38.3330078125,0,,0
1189,GF-19-CAM-19,33855.964653986,33855.966670722,33856.125852212,38.3330078125,38.3330078125,0,,0
1197,GF-19-CAM-19,33858.300218515,33858.302625334,33858.433624804,38.33349609375,38.3330078125,0,,0
1223,GF-19-CAM-19,33866.020184448,33866.02313347,33866.175094661,38.33349609375,38.3330078125,0,,0
1227,GF-19-CAM-19,33867.262909254,33867.265858399,33867.379327505,38.33349609375,38.3330078125,0,,0
1229,GF-19-CAM-19,33867.77187049,33867.774932693,33867.870832659,38.3330078125,38.3330078125,0,,0
1231,GF-19-CAM-19,33868.30477432,33868.306578487,33868.446932304,38.3330078125,38.3330078125,0,,0
1409,GF-19-CAM-19,33920.964596938,33920.966435903,33921.060271148,38.33349609375,38.3330078125,0,,0
1411,GF-19-CAM-19,33921.475769853,33921.477398356,33921.583593086,38.3330078125,38.3330078125,0,,0
1413,GF-19-CAM-19,33921.925537815,33921.927208773,33922.062583669,38.3330078125,38.3330078125,0,,0
1415,GF-19-CAM-19,33922.500601638,33922.504074931,33922.615369385,38.3330078125,38.3330078125,0,,0
1417,GF-19-CAM-19,33923.026216947,33923.027459402,33923.116229576,38.3330078125,38.3330078125,0,,0
1419,GF-19-CAM-19,33923.480565567,33923.48252322,33923.596668242,38.3330078125,38.3330078125,0,,0
1421,GF-19-CAM-19,33923.973763301,33923.975700248,33924.086676931,38.3330078125,38.3330078125,0,,0
3005,GF-19-CAM-19,34384.344434559,34384.345896528,34384.511602701,38.33349609375,38.3330078125,0,,0
3309,GF-19-CAM-19,34472.972766669,34472.977600838,34473.17698158,38.33349609375,38.3330078125,0,,0
3311,GF-19-CAM-19,34473.543401554,34473.545995713,34473.659854846,38.3330078125,38.3330078125,0,,0
3313,GF-19-CAM-19,34474.0979822,34474.100807071,34474.294381065,38.3330078125,38.3330078125,0,,0
3455,GF-19-CAM-19,34514.889802955,34514.893924455,34514.97053569,38.33349609375,38.3330078125,0,,0
3457,GF-19-CAM-19,34515.343291643,34515.347962811,34515.470435778,38.3330078125,38.3330078125,0,,0
4429,GF-19-CAM-19,34779.099681962,34779.102213192,34779.274166377,38.33349609375,38.3330078125,0,,0
4431,GF-19-CAM-19,34779.623444499,34779.626466311,34779.696922965,38.3330078125,38.3330078125,0,,0
4433,GF-19-CAM-19,34780.00718389,34780.013543073,34780.087325526,38.3330078125,38.3330078125,0,,0
8603,GF-19-CAM-19,35470.034458671,35470.036222826,35470.105651888,38.33349609375,38.3330078125,0,,0
9049,GF-19-CAM-19,35537.669150909,35537.67032079,35537.755179741,38.33349609375,38.3330078125,0,,0
9051,GF-19-CAM-19,35537.974615974,35537.975681438,35538.032866353,38.3330078125,38.3330078125,0,,0
9413,GF-19-CAM-19,35588.01934,35588.020226882,35588.087986384,38.33349609375,38.3330078125,0,,0
9415,GF-19-CAM-19,35588.25955207,35588.261409293,35588.304370404,38.3330078125,38.3330078125,0,,0
14476,GF-19-CAM-19,36278.83379944,36278.834798983,36278.890215385,38.33349609375,38.3330078125,0,,0
14478,GF-19-CAM-19,36279.053340579,36279.057941621,36279.09886517,38.3330078125,38.3330078125,0,,0
14480,GF-19-CAM-19,36279.261783683,36279.262630623,36279.301381358,38.3330078125,38.3330078125,0,,0
14482,GF-19-CAM-19,36279.475272346,36279.477748878,36279.538718784,38.3330078125,38.3330078125,0,,0
14484,GF-19-CAM-19,36279.723464846,36279.724644119,36279.777951714,38.3330078125,38.3330078125,0,,0
14486,GF-19-CAM-19,36279.951799417,36279.95346149,36280.020384088,38.3330078125,38.3330078125,0,,0
14488,GF-19-CAM-19,36280.197041387,36280.197691589,36280.23545583,38.3330078125,38.3330078125,0,,0
14490,GF-19-CAM-19,36280.438959106,36280.439786236,36280.482063229,38.3330078125,38.3330078125,0,,0
14492,GF-19-CAM-19,36280.700657765,36280.703021827,36280.743646822,38.3330078125,38.3330078125,0,,0
14494,GF-19-CAM-19,36280.907644312,36280.908212639,36280.943820703,38.3330078125,38.3330078125,0,,0
14496,GF-19-CAM-19,36281.116277404,36281.120349456,36281.173492494,38.3330078125,38.3330078125,0,,0
14498,GF-19-CAM-19,36281.348825469,36281.354272269,36281.419939848,38.3330078125,38.3330078125,0,,0
14500,GF-19-CAM-19,36281.606019495,36281.607039017,36281.65208078,38.3330078125,38.3330078125,0,,0
14502,GF-19-CAM-19,36281.858268381,36281.859145326,36281.916160617,38.3330078125,38.3330078125,0,,0
14504,GF-19-CAM-19,36282.083559507,36282.084178871,36282.147639169,38.3330078125,38.3330078125,0,,0
14506,GF-19-CAM-19,36282.315618161,36282.318077273,36282.359394261,38.3330078125,38.3330078125,0,,0
14508,GF-19-CAM-19,36282.542317887,36282.544246472,36282.61206151,38.3330078125,38.3330078125,0,,0
14510,GF-19-CAM-19,36282.822419717,36282.823443938,36282.875403182,38.3330078125,38.3330078125,0,,0
14512,GF-19-CAM-19,36283.05310277,36283.0541495,36283.134127102,38.3330078125,38.3330078125,0,,0
14514,GF-19-CAM-19,36283.310129076,36283.311136874,36283.360392879,38.3330078125,38.3330078125,0,,0
14516,GF-19-CAM-19,36283.552394569,36283.555752333,36283.61224939,38.3330078125,38.3330078125,0,,0
14518,GF-19-CAM-19,36283.82681282,36283.827837488,36283.87202407,38.3330078125,38.3330078125,0,,0
14520,GF-19-CAM-19,36284.039130511,36284.039820518,36284.117107911,38.3330078125,38.3330078125,0,,0
14522,GF-19-CAM-19,36284.290607607,36284.29189788,36284.367947045,38.3330078125,38.3330078125,0,,0
14524,GF-19-CAM-19,36284.57538404,36284.57794337,36284.641545911,38.3330078125,38.3330078125,0,,0
14526,GF-19-CAM-19,36284.816544186,36284.817198122,36284.87158164,38.3330078125,38.3330078125,0,,0
14528,GF-19-CAM-19,36285.054568391,36285.056372214,36285.129292315,38.3330078125,38.3330078125,0,,0
14530,GF-19-CAM-19,36285.304425425,36285.305774397,36285.36913602,38.3330078125,38.3330078125,0,,0
14532,GF-19-CAM-19,36285.556865629,36285.560353992,36285.628832754,38.3330078125,38.3330078125,0,,0
14534,GF-19-CAM-19,36285.782315224,36285.783096745,36285.854735768,38.3330078125,38.3330078125,0,,0
14536,GF-19-CAM-19,36286.029606349,36286.030824007,36286.082219607,38.3330078125,38.3330078125,0,,0
14538,GF-19-CAM-19,36286.265870354,36286.267134363,36286.313092455,38.3330078125,38.3330078125,0,,0
14540,GF-19-CAM-19,36286.497417729,36286.501542093,36286.552732811,38.3330078125,38.3330078125,0,,0
14542,GF-19-CAM-19,36286.734996289,36286.736996965,36286.799130446,38.3330078125,38.3330078125,0,,0
14544,GF-19-CAM-19,36286.980357193,36286.981519569,36287.027444154,38.3330078125,38.3330078125,0,,0
14546,GF-19-CAM-19,36287.202403547,36287.203795788,36287.272337263,38.3330078125,38.3330078125,0,,0
14548,GF-19-CAM-19,36287.444685282,36287.445454535,36287.523896658,38.3330078125,38.3330078125,0,,0
14550,GF-19-CAM-19,36287.692422396,36287.694306589,36287.742864333,38.3330078125,38.3330078125,0,,0
14552,GF-19-CAM-19,36287.920845724,36287.92278573,36287.976760504,38.3330078125,38.3330078125,0,,0
14554,GF-19-CAM-19,36288.160447093,36288.161424696,36288.205813738,38.3330078125,38.3330078125,0,,0
14556,GF-19-CAM-19,36288.40279154,36288.40462977,36288.469173996,38.3330078125,38.3330078125,0,,0
14558,GF-19-CAM-19,36288.660042324,36288.661279948,36288.711551719,38.3330078125,38.3330078125,0,,0
14560,GF-19-CAM-19,36288.906307949,36288.907215876,36288.957570341,38.3330078125,38.3330078125,0,,0
14562,GF-19-CAM-19,36289.117163373,36289.118043719,36289.20401318,38.3330078125,38.3330078125,0,,0
14564,GF-19-CAM-19,36289.391888826,36289.392560504,36289.445323513,38.3330078125,38.3330078125,0,,0
14566,GF-19-CAM-19,36289.639925949,36289.640872197,36289.689276606,38.3330078125,38.3330078125,0,,0
14568,GF-19-CAM-19,36289.889351408,36289.890498139,36289.944777007,38.3330078125,38.3330078125,0,,0
14570,GF-19-CAM-19,36290.145294692,36290.146494046,36290.207927068,38.3330078125,38.3330078125,0,,0
14572,GF-19-CAM-19,36290.371053818,36290.371823902,36290.410615462,38.3330078125,38.3330078125,0,,0
14574,GF-19-CAM-19,36290.58422621,36290.586780942,36290.631307723,38.3330078125,38.3330078125,0,,0
14576,GF-19-CAM-19,36290.804166338,36290.80539227,36290.851474042,38.3330078125,38.3330078125,0,,0
14578,GF-19-CAM-19,36291.017122302,36291.017993428,36291.076538962,38.3330078125,38.3330078125,0,,0
14580,GF-19-CAM-19,36291.248908204,36291.24973096,36291.285523441,38.3330078125,38.3330078125,0,,0
14582,GF-19-CAM-19,36291.490144439,36291.491150198,36291.532133107,38.3330078125,38.3330078125,0,,0
14584,GF-19-CAM-19,36291.712530191,36291.71328877,36291.754621324,38.3330078125,38.3330078125,0,,0
14586,GF-19-CAM-19,36291.915380255,36291.916140138,36291.963149795,38.3330078125,38.3330078125,0,,0
14588,GF-19-CAM-19,36292.133981132,36292.135102903,36292.201194599,38.3330078125,38.3330078125,0,,0
14590,GF-19-CAM-19,36292.370798171,36292.371636808,36292.413196005,38.3330078125,38.3330078125,0,,0
14592,GF-19-CAM-19,36292.618128715,36292.619345625,36292.663820813,38.3330078125,38.3330078125,0,,0
14594,GF-19-CAM-19,36292.838696064,36292.839507048,36292.889346609,38.3330078125,38.3330078125,0,,0
14596,GF-19-CAM-19,36293.066241482,36293.067189263,36293.132196224,38.3330078125,38.3330078125,0,,0
14598,GF-19-CAM-19,36293.298648603,36293.299616044,36293.359470515,38.3330078125,38.3330078125,0,,0
14600,GF-19-CAM-19,36293.51653826,36293.517588329,36293.572967054,38.3330078125,38.3330078125,0,,0
14602,GF-19-CAM-19,36293.773405188,36293.777969179,36293.833426973,38.3330078125,38.3330078125,0,,0
14604,GF-19-CAM-19,36294.023603451,36294.026419021,36294.078904906,38.3330078125,38.3330078125,0,,0
14606,GF-19-CAM-19,36294.24617207,36294.248051519,36294.307747053,38.3330078125,38.3330078125,0,,0
14608,GF-19-CAM-19,36294.540714138,36294.541799656,36294.593630664,38.3330078125,38.3330078125,0,,0
14610,GF-19-CAM-19,36294.770616628,36294.771702615,36294.818090139,38.3330078125,38.3330078125,0,,0
14612,GF-19-CAM-19,36294.998778994,36295.000371926,36295.043684251,38.3330078125,38.3330078125,0,,0
14614,GF-19-CAM-19,36295.20133006,36295.204608957,36295.246273136,38.3330078125,38.3330078125,0,,0
14616,GF-19-CAM-19,36295.44286352,36295.444655909,36295.489942294,38.3330078125,38.3330078125,0,,0
14618,GF-19-CAM-19,36295.686416744,36295.687534527,36295.726946656,38.3330078125,38.3330078125,0,,0
14620,GF-19-CAM-19,36295.889653702,36295.890356158,36295.947509173,38.3330078125,38.3330078125,0,,0
14622,GF-19-CAM-19,36296.115536159,36296.120357086,36296.193876996,38.3330078125,38.3330078125,0,,0
14624,GF-19-CAM-19,36296.38182991,36296.383584596,36296.435291537,38.3330078125,38.3330078125,0,,0
14626,GF-19-CAM-19,36296.597401381,36296.598461518,36296.649880163,38.3330078125,38.3330078125,0,,0
14628,GF-19-CAM-19,36296.810877742,36296.811694707,36296.85668724,38.3330078125,38.3330078125,0,,0
14630,GF-19-CAM-19,36297.024471966,36297.025380608,36297.074389782,38.3330078125,38.3330078125,0,,0
14632,GF-19-CAM-19,36297.247653788,36297.248411475,36297.284690467,38.3330078125,38.3330078125,0,,0
14634,GF-19-CAM-19,36297.446840025,36297.448131425,36297.505026,38.3330078125,38.3330078125,0,,0
14636,GF-19-CAM-19,36297.698515823,36297.699929652,36297.75157519,38.3330078125,38.3330078125,0,,0
14638,GF-19-CAM-19,36297.949608053,36297.950721031,36298.004291888,38.3330078125,38.3330078125,0,,0
14640,GF-19-CAM-19,36298.15995372,36298.160953274,36298.203819698,38.3330078125,38.3330078125,0,,0
14642,GF-19-CAM-19,36298.407832128,36298.409299389,36298.471620191,38.3330078125,38.3330078125,0,,0
14644,GF-19-CAM-19,36298.688225426,36298.689736837,36298.743765592,38.3330078125,38.3330078125,0,,0
14646,GF-19-CAM-19,36298.947774578,36298.949465942,36299.004083985,38.3330078125,38.3330078125,0,,0
14648,GF-19-CAM-19,36299.180375892,36299.181474314,36299.231114442,38.3330078125,38.3330078125,0,,0
14650,GF-19-CAM-19,36299.413747617,36299.414997466,36299.462276305,38.3330078125,38.3330078125,0,,0
14652,GF-19-CAM-19,36299.656348476,36299.657211304,36299.709480383,38.3330078125,38.3330078125,0,,0
14654,GF-19-CAM-19,36299.910414538,36299.911719745,36299.982581906,38.3330078125,38.3330078125,0,,0
14656,GF-19-CAM-19,36300.187121863,36300.190686137,36300.244621117,38.3330078125,38.3330078125,0,,0
14658,GF-19-CAM-19,36300.436632525,36300.437910428,36300.498030341,38.3330078125,38.3330078125,0,,0
14660,GF-19-CAM-19,36300.700795167,36300.701836518,36300.761325632,38.3330078125,38.3330078125,0,,0
14662,GF-19-CAM-19,36300.954109717,36300.955076596,36301.004039796,38.3330078125,38.3330078125,0,,0
14664,GF-19-CAM-19,36301.176937398,36301.181424115,36301.235943091,38.3330078125,38.3330078125,0,,0
14666,GF-19-CAM-19,36301.425333057,36301.426515951,36301.478384029,38.3330078125,38.3330078125,0,,0
14668,GF-19-CAM-19,36301.687574042,36301.695644914,36301.754867876,38.3330078125,38.3330078125,0,,0
14670,GF-19-CAM-19,36301.951860252,36301.953261002,36302.009679101,38.3330078125,38.3330078125,0,,0
14672,GF-19-CAM-19,36302.191074728,36302.192059049,36302.24582663,38.3330078125,38.3330078125,0,,0
14674,GF-19-CAM-19,36302.411291665,36302.411867298,36302.454144813,38.3330078125,38.3330078125,0,,0
14676,GF-19-CAM-19,36302.641258313,36302.642633427,36302.719297523,38.3330078125,38.3330078125,0,,0
14678,GF-19-CAM-19,36302.911377492,36302.912254072,36302.961640153,38.3330078125,38.3330078125,0,,0
14680,GF-19-CAM-19,36303.148311905,36303.150016992,36303.181173454,38.3330078125,38.3330078125,0,,0
14682,GF-19-CAM-19,36303.369240828,36303.370382503,36303.416183951,38.3330078125,38.3330078125,0,,0
14684,GF-19-CAM-19,36303.603499319,36303.605577843,36303.675301657,38.3330078125,38.3330078125,0,,0
14686,GF-19-CAM-19,36303.870305273,36303.872035887,36303.939604245,38.3330078125,38.3330078125,0,,0
14688,GF-19-CAM-19,36304.121450276,36304.122299574,36304.170491768,38.3330078125,38.3330078125,0,,0
14690,GF-19-CAM-19,36304.343230907,36304.344025234,36304.402257256,38.3330078125,38.3330078125,0,,0
14692,GF-19-CAM-19,36304.601807505,36304.603027504,36304.658167135,38.3330078125,38.3330078125,0,,0
14694,GF-19-CAM-19,36304.830053616,36304.831014237,36304.893791457,38.3330078125,38.3330078125,0,,0
14696,GF-19-CAM-19,36305.073525559,36305.074820022,36305.123864331,38.3330078125,38.3330078125,0,,0
14698,GF-19-CAM-19,36305.314690507,36305.315657115,36305.376704015,38.3330078125,38.3330078125,0,,0
14700,GF-19-CAM-19,36305.554321202,36305.55521134,36305.621352365,38.3330078125,38.3330078125,0,,0
14702,GF-19-CAM-19,36305.799939053,36305.800832219,36305.850099944,38.3330078125,38.3330078125,0,,0
14704,GF-19-CAM-19,36306.033481814,36306.037028351,36306.076374744,38.3330078125,38.3330078125,0,,0
14706,GF-19-CAM-19,36306.30396584,36306.304831504,36306.342101887,38.3330078125,38.3330078125,0,,0
14708,GF-19-CAM-19,36306.538401552,36306.540783011,36306.590544241,38.3330078125,38.3330078125,0,,0
14710,GF-19-CAM-19,36306.783767154,36306.784582705,36306.838408364,38.3330078125,38.3330078125,0,,0
14712,GF-19-CAM-19,36307.00442955,36307.00509454,36307.046387234,38.3330078125,38.3330078125,0,,0
14714,GF-19-CAM-19,36307.228735594,36307.229724448,36307.295629272,38.3330078125,38.3330078125,0,,0
14716,GF-19-CAM-19,36307.52811771,36307.529486136,36307.572791761,38.3330078125,38.3330078125,0,,0
14718,GF-19-CAM-19,36307.746612178,36307.748422991,36307.803575554,38.3330078125,38.3330078125,0,,0
14720,GF-19-CAM-19,36307.994686249,36307.998101591,36308.042736511,38.3330078125,38.3330078125,0,,0
14722,GF-19-CAM-19,36308.222015796,36308.223518264,36308.269299407,38.3330078125,38.3330078125,0,,0
14724,GF-19-CAM-19,36308.465066639,36308.467372471,36308.520941928,38.3330078125,38.3330078125,0,,0
14726,GF-19-CAM-19,36308.757132858,36308.764986081,36308.802461682,38.3330078125,38.3330078125,0,,0
14728,GF-19-CAM-19,36308.987711638,36308.988655125,36309.036570962,38.3330078125,38.3330078125,0,,0
14730,GF-19-CAM-19,36309.226363551,36309.227631463,36309.283770688,38.3330078125,38.3330078125,0,,0
14732,GF-19-CAM-19,36309.483707484,36309.484745884,36309.54664611,38.3330078125,38.3330078125,0,,0
14734,GF-19-CAM-19,36309.766757268,36309.767806956,36309.818525575,38.3330078125,38.3330078125,0,,0
14736,GF-19-CAM-19,36310.023693455,36310.026422923,36310.090426314,38.3330078125,38.3330078125,0,,0
14738,GF-19-CAM-19,36310.269848453,36310.271314149,36310.325838454,38.3330078125,38.3330078125,0,,0
14740,GF-19-CAM-19,36310.507268086,36310.508762047,36310.5569093,38.3330078125,38.3330078125,0,,0
14742,GF-19-CAM-19,36310.721218892,36310.722478756,36310.781049422,38.3330078125,38.3330078125,0,,0
14744,GF-19-CAM-19,36310.946659034,36310.947473479,36310.993183374,38.3330078125,38.3330078125,0,,0
14746,GF-19-CAM-19,36311.186682066,36311.187660575,36311.263652522,38.3330078125,38.3330078125,0,,0
14748,GF-19-CAM-19,36311.41311236,36311.4139267,36311.480147281,38.3330078125,38.3330078125,0,,0
14750,GF-19-CAM-19,36311.658761705,36311.660619888,36311.745150068,38.3330078125,38.3330078125,0,,0
14752,GF-19-CAM-19,36311.936595855,36311.938172247,36311.989163196,38.3330078125,38.3330078125,0,,0
14754,GF-19-CAM-19,36312.160655877,36312.161866896,36312.217209066,38.3330078125,38.3330078125,0,,0
14756,GF-19-CAM-19,36312.4175733,36312.418666846,36312.478532219,38.3330078125,38.3330078125,0,,0
14758,GF-19-CAM-19,36312.655788239,36312.658105918,36312.701157603,38.3330078125,38.3330078125,0,,0
14760,GF-19-CAM-19,36312.901364439,36312.902512084,36312.948540909,38.3330078125,38.3330078125,0,,0
14762,GF-19-CAM-19,36313.132300898,36313.13428504,36313.180092574,38.3330078125,38.3330078125,0,,0
14764,GF-19-CAM-19,36313.38224124,36313.383455405,36313.441036917,38.3330078125,38.3330078125,0,,0
14766,GF-19-CAM-19,36313.637751768,36313.638665267,36313.684480812,38.3330078125,38.3330078125,0,,0
14768,GF-19-CAM-19,36313.848448916,36313.850501439,36313.896191641,38.3330078125,38.3330078125,0,,0
14770,GF-19-CAM-19,36314.112665033,36314.113567988,36314.167332756,38.3330078125,38.3330078125,0,,0
14772,GF-19-CAM-19,36314.374921687,36314.375739355,36314.420287947,38.3330078125,38.3330078125,0,,0
14774,GF-19-CAM-19,36314.631830964,36314.633195263,36314.677655441,38.3330078125,38.3330078125,0,,0
14776,GF-19-CAM-19,36314.849748251,36314.851490764,36314.912052289,38.3330078125,38.3330078125,0,,0
14778,GF-19-CAM-19,36315.101839465,36315.104373437,36315.142239095,38.3330078125,38.3330078125,0,,0
14780,GF-19-CAM-19,36315.344710968,36315.345473333,36315.39648317,38.3330078125,38.3330078125,0,,0
14782,GF-19-CAM-19,36315.579195407,36315.580676084,36315.649161563,38.3330078125,38.3330078125,0,,0
14784,GF-19-CAM-19,36315.814739226,36315.815948586,36315.857898397,38.3330078125,38.3330078125,0,,0
14786,GF-19-CAM-19,36316.053030265,36316.054427187,36316.106230778,38.3330078125,38.3330078125,0,,0
14788,GF-19-CAM-19,36316.293407418,36316.298956943,36316.358217308,38.3330078125,38.3330078125,0,,0
14790,GF-19-CAM-19,36316.532219035,36316.532973459,36316.581886812,38.3330078125,38.3330078125,0,,0
14792,GF-19-CAM-19,36316.769281948,36316.769965887,36316.861676797,38.3330078125,38.3330078125,0,,0
14794,GF-19-CAM-19,36317.061187469,36317.063481561,36317.11505756,38.3330078125,38.3330078125,0,,0
14796,GF-19-CAM-19,36317.284923498,36317.285809278,36317.336784507,38.3330078125,38.3330078125,0,,0
14798,GF-19-CAM-19,36317.518802108,36317.519409922,36317.572776077,38.3330078125,38.3330078125,0,,0
14800,GF-19-CAM-19,36317.759772578,36317.76103579,36317.803950354,38.3330078125,38.3330078125,0,,0
14802,GF-19-CAM-19,36318.008346062,36318.009348109,36318.071405808,38.3330078125,38.3330078125,0,,0
14804,GF-19-CAM-19,36318.278674499,36318.281423956,36318.338038417,38.3330078125,38.3330078125,0,,0
14806,GF-19-CAM-19,36318.532799192,36318.534198618,36318.574148983,38.3330078125,38.3330078125,0,,0
14808,GF-19-CAM-19,36318.751675909,36318.752459899,36318.818506924,38.3330078125,38.3330078125,0,,0
14810,GF-19-CAM-19,36318.99081443,36318.991985065,36319.07205325,38.3330078125,38.3330078125,0,,0
14812,GF-19-CAM-19,36319.280328592,36319.281152904,36319.329914456,38.3330078125,38.3330078125,0,,0
14814,GF-19-CAM-19,36319.511150174,36319.513693377,36319.574637026,38.3330078125,38.3330078125,0,,0
14816,GF-19-CAM-19,36319.749018521,36319.750270487,36319.80073626,38.3330078125,38.3330078125,0,,0
14818,GF-19-CAM-19,36320.006041823,36320.007021322,36320.062884352,38.3330078125,38.3330078125,0,,0
14820,GF-19-CAM-19,36320.220466781,36320.221160577,36320.287566282,38.3330078125,38.3330078125,0,,0
14822,GF-19-CAM-19,36320.472899642,36320.478772035,36320.538406967,38.3330078125,38.3330078125,0,,0
14824,GF-19-CAM-19,36320.727866327,36320.730051973,36320.787018634,38.3330078125,38.3330078125,0,,0
14826,GF-19-CAM-19,36320.970893241,36320.973696735,36321.023139556,38.3330078125,38.3330078125,0,,0
14828,GF-19-CAM-19,36321.197898804,36321.198909318,36321.258628459,38.3330078125,38.3330078125,0,,0
14830,GF-19-CAM-19,36321.448098578,36321.448807347,36321.48987122,38.3330078125,38.3330078125,0,,0
14832,GF-19-CAM-19,36321.686638555,36321.687726874,36321.774114335,38.3330078125,38.3330078125,0,,0
14834,GF-19-CAM-19,36321.962856365,36321.963433533,36322.026462312,38.3330078125,38.3330078125,0,,0
14836,GF-19-CAM-19,36322.206615674,36322.207135584,36322.248143453,38.3330078125,38.3330078125,0,,0
14838,GF-19-CAM-19,36322.449992825,36322.451020081,36322.489528424,38.3330078125,38.3330078125,0,,0
14840,GF-19-CAM-19,36322.671416331,36322.6752275,36322.72956551,38.3330078125,38.3330078125,0,,0
14842,GF-19-CAM-19,36322.903847923,36322.904551188,36322.939258564,38.3330078125,38.3330078125,0,,0
14844,GF-19-CAM-19,36323.127120018,36323.128700597,36323.175856479,38.3330078125,38.3330078125,0,,0
14846,GF-19-CAM-19,36323.360038595,36323.360679766,36323.42210264,38.3330078125,38.3330078125,0,,0
14848,GF-19-CAM-19,36323.592598311,36323.593212548,36323.656765862,38.3330078125,38.3330078125,0,,0
14850,GF-19-CAM-19,36323.811754195,36323.816203259,36323.872494704,38.3330078125,38.3330078125,0,,0
14852,GF-19-CAM-19,36324.078719494,36324.079861453,36324.129309822,38.3330078125,38.3330078125,0,,0
14854,GF-19-CAM-19,36324.321891723,36324.323020948,36324.370065697,38.3330078125,38.3330078125,0,,0
14856,GF-19-CAM-19,36324.548797988,36324.549506581,36324.589991452,38.3330078125,38.3330078125,0,,0
14858,GF-19-CAM-19,36324.769309594,36324.770851806,36324.826855247,38.3330078125,38.3330078125,0,,0
14860,GF-19-CAM-19,36325.031271004,36325.03208447,36325.069353088,38.3330078125,38.3330078125,0,,0
14862,GF-19-CAM-19,36325.252368852,36325.254071856,36325.316711711,38.3330078125,38.3330078125,0,,0
14864,GF-19-CAM-19,36325.521720004,36325.523544438,36325.574142447,38.3330078125,38.3330078125,0,,0
14866,GF-19-CAM-19,36325.806205088,36325.808407608,36325.893881347,38.3330078125,38.3330078125,0,,0
14868,GF-19-CAM-19,36326.066375022,36326.067453141,36326.105827465,38.3330078125,38.3330078125,0,,0
14870,GF-19-CAM-19,36326.267873939,36326.268943215,36326.373635329,38.3330078125,38.3330078125,0,,0
14872,GF-19-CAM-19,36326.579829901,36326.58174384,36326.637953763,38.3330078125,38.3330078125,0,,0
14874,GF-19-CAM-19,36326.821641263,36326.823153609,36326.877509735,38.3330078125,38.3330078125,0,,0
14876,GF-19-CAM-19,36327.063744802,36327.06557747,36327.142293811,38.3330078125,38.3330078125,0,,0
14878,GF-19-CAM-19,36327.30519594,36327.305841521,36327.367697028,38.3330078125,38.3330078125,0,,0
14880,GF-19-CAM-19,36327.549357471,36327.550585113,36327.595812115,38.3330078125,38.3330078125,0,,0
14882,GF-19-CAM-19,36327.801740903,36327.802885955,36327.849748108,38.3330078125,38.3330078125,0,,0
14884,GF-19-CAM-19,36328.039466099,36328.041511643,36328.099765281,38.3330078125,38.3330078125,0,,0
14886,GF-19-CAM-19,36328.287099937,36328.288461007,36328.352273478,38.3330078125,38.3330078125,0,,0
14888,GF-19-CAM-19,36328.520189162,36328.521257262,36328.564911869,38.3330078125,38.3330078125,0,,0
14890,GF-19-CAM-19,36328.763167936,36328.764484562,36328.828492627,38.3330078125,38.3330078125,0,,0
14892,GF-19-CAM-19,36329.014616794,36329.015370471,36329.084330373,38.3330078125,38.3330078125,0,,0
14894,GF-19-CAM-19,36329.26802276,36329.269367563,36329.326205686,38.3330078125,38.3330078125,0,,0
14896,GF-19-CAM-19,36329.493699578,36329.495023802,36329.550194552,38.3330078125,38.3330078125,0,,0
14898,GF-19-CAM-19,36329.71641158,36329.717154044,36329.772958345,38.3330078125,38.3330078125,0,,0
14900,GF-19-CAM-19,36329.994214277,36329.995866072,36330.047344044,38.3330078125,38.3330078125,0,,0
14902,GF-19-CAM-19,36330.216595707,36330.217227909,36330.280853092,38.3330078125,38.3330078125,0,,0
14904,GF-19-CAM-19,36330.44186106,36330.442554156,36330.472965695,38.3330078125,38.3330078125,0,,0
14906,GF-19-CAM-19,36330.67061925,36330.675079051,36330.735054843,38.3330078125,38.3330078125,0,,0
14908,GF-19-CAM-19,36330.884356807,36330.884983497,36330.942879756,38.3330078125,38.3330078125,0,,0
14910,GF-19-CAM-19,36331.118804094,36331.119678034,36331.177933583,38.3330078125,38.3330078125,0,,0
14912,GF-19-CAM-19,36331.339144674,36331.347536216,36331.397931579,38.3330078125,38.3330078125,0,,0
14914,GF-19-CAM-19,36331.58948444,36331.590475525,36331.631147503,38.3330078125,38.3330078125,0,,0
14916,GF-19-CAM-19,36331.816374245,36331.817517006,36331.871872376,38.3330078125,38.3330078125,0,,0
14918,GF-19-CAM-19,36332.05277545,36332.05370783,36332.145647683,38.3330078125,38.3330078125,0,,0
14920,GF-19-CAM-19,36332.371500358,36332.372227216,36332.413595817,38.3330078125,38.3330078125,0,,0
14922,GF-19-CAM-19,36332.594938348,36332.595846893,36332.654067368,38.3330078125,38.3330078125,0,,0
14924,GF-19-CAM-19,36332.839242124,36332.840310595,36332.882798664,38.3330078125,38.3330078125,0,,0
14926,GF-19-CAM-19,36333.076583958,36333.079573523,36333.154155774,38.3330078125,38.3330078125,0,,0
14928,GF-19-CAM-19,36333.343201075,36333.344951231,36333.398219914,38.3330078125,38.3330078125,0,,0
14930,GF-19-CAM-19,36333.587648001,36333.588886159,36333.632632185,38.3330078125,38.3330078125,0,,0
14932,GF-19-CAM-19,36333.822333431,36333.824260965,36333.879846178,38.3330078125,38.3330078125,0,,0
14934,GF-19-CAM-19,36334.073873586,36334.074648827,36334.127988498,38.3330078125,38.3330078125,0,,0
14936,GF-19-CAM-19,36334.326710509,36334.328254252,36334.372676266,38.3330078125,38.3330078125,0,,0
14938,GF-19-CAM-19,36334.561731713,36334.562637777,36334.611387907,38.3330078125,38.3330078125,0,,0
14940,GF-19-CAM-19,36334.803270153,36334.804845536,36334.863141026,38.3330078125,38.3330078125,0,,0
14942,GF-19-CAM-19,36335.040378087,36335.041474507,36335.101230514,38.3330078125,38.3330078125,0,,0
14944,GF-19-CAM-19,36335.27302223,36335.274567351,36335.346078288,38.3330078125,38.3330078125,0,,0
14946,GF-19-CAM-19,36335.540659152,36335.541585601,36335.601317792,38.3330078125,38.3330078125,0,,0
14948,GF-19-CAM-19,36335.75264127,36335.753249985,36335.8165243,38.3330078125,38.3330078125,0,,0
14950,GF-19-CAM-19,36335.991312572,36335.992564225,36336.042406476,38.3330078125,38.3330078125,0,,0
14952,GF-19-CAM-19,36336.212275962,36336.213436632,36336.275427273,38.3330078125,38.3330078125,0,,0
14954,GF-19-CAM-19,36336.448016379,36336.449766809,36336.502677532,38.3330078125,38.3330078125,0,,0
14956,GF-19-CAM-19,36336.682574948,36336.683413207,36336.771720156,38.3330078125,38.3330078125,0,,0
14958,GF-19-CAM-19,36336.956715364,36336.958195485,36337.017426359,38.3330078125,38.3330078125,0,,0
14960,GF-19-CAM-19,36337.190132974,36337.19143841,36337.234035339,38.3330078125,38.3330078125,0,,0
14962,GF-19-CAM-19,36337.411224938,36337.414396464,36337.463906158,38.3330078125,38.3330078125,0,,0
14964,GF-19-CAM-19,36337.648232721,36337.649630583,36337.705018721,38.3330078125,38.3330078125,0,,0
14966,GF-19-CAM-19,36337.872868072,36337.874083486,36337.94146541,38.3330078125,38.3330078125,0,,0
14968,GF-19-CAM-19,36338.130152252,36338.131143464,36338.197724259,38.3330078125,38.3330078125,0,,0
14970,GF-19-CAM-19,36338.374403773,36338.375198118,36338.424906005,38.3330078125,38.3330078125,0,,0
14972,GF-19-CAM-19,36338.612928489,36338.616062326,36338.66611323,38.3330078125,38.3330078125,0,,0
14974,GF-19-CAM-19,36338.838977978,36338.844153846,36338.897088419,38.3330078125,38.3330078125,0,,0
14976,GF-19-CAM-19,36339.101570915,36339.10271692,36339.170771473,38.3330078125,38.3330078125,0,,0
14978,GF-19-CAM-19,36339.383312237,36339.384148761,36339.435110819,38.3330078125,38.3330078125,0,,0
14980,GF-19-CAM-19,36339.615655675,36339.617114762,36339.690820107,38.3330078125,38.3330078125,0,,0
14982,GF-19-CAM-19,36339.892289584,36339.893311082,36339.951865028,38.3330078125,38.3330078125,0,,0
14984,GF-19-CAM-19,36340.133271731,36340.135113091,36340.191859136,38.3330078125,38.3330078125,0,,0
14986,GF-19-CAM-19,36340.373946474,36340.375812023,36340.419374276,38.3330078125,38.3330078125,0,,0
14988,GF-19-CAM-19,36340.603976997,36340.604885447,36340.655812648,38.3330078125,38.3330078125,0,,0
14990,GF-19-CAM-19,36340.86612639,36340.86735155,36340.922439101,38.3330078125,38.3330078125,0,,0
14992,GF-19-CAM-19,36341.098837382,36341.100181131,36341.151505767,38.3330078125,38.3330078125,0,,0
14994,GF-19-CAM-19,36341.325335215,36341.32688043,36341.395514191,38.3330078125,38.3330078125,0,,0
14996,GF-19-CAM-19,36341.629481886,36341.630670614,36341.720381348,38.3330078125,38.3330078125,0,,0
14998,GF-19-CAM-19,36341.900851133,36341.902718089,36341.970317806,38.3330078125,38.3330078125,0,,0
15000,GF-19-CAM-19,36342.159312636,36342.161208359,36342.217181238,38.3330078125,38.3330078125,0,,0
15002,GF-19-CAM-19,36342.411565758,36342.412367959,36342.467122577,38.3330078125,38.3330078125,0,,0
15004,GF-19-CAM-19,36342.671449454,36342.672255578,36342.722441807,38.3330078125,38.3330078125,0,,0
15006,GF-19-CAM-19,36342.916666943,36342.917680945,36342.955145258,38.3330078125,38.3330078125,0,,0
15008,GF-19-CAM-19,36343.161861154,36343.162853531,36343.20926752,38.3330078125,38.3330078125,0,,0
15010,GF-19-CAM-19,36343.42197296,36343.423356992,36343.488966845,38.3330078125,38.3330078125,0,,0
15012,GF-19-CAM-19,36343.676139191,36343.677090812,36343.728036346,38.3330078125,38.3330078125,0,,0
15014,GF-19-CAM-19,36343.933785825,36343.934792388,36343.976504348,38.3330078125,38.3330078125,0,,0
15016,GF-19-CAM-19,36344.199337864,36344.20173918,36344.238747796,38.3330078125,38.3330078125,0,,0
15018,GF-19-CAM-19,36344.473182437,36344.474580284,36344.505095529,38.3330078125,38.3330078125,0,,0
15020,GF-19-CAM-19,36344.687455827,36344.688644117,36344.75219161,38.3330078125,38.3330078125,0,,0
15022,GF-19-CAM-19,36344.942481592,36344.943783347,36345.00233296,38.3330078125,38.3330078125,0,,0
15024,GF-19-CAM-19,36345.175808534,36345.177549413,36345.219026853,38.3330078125,38.3330078125,0,,0
15026,GF-19-CAM-19,36345.402446606,36345.405357997,36345.453203859,38.3330078125,38.3330078125,0,,0
15028,GF-19-CAM-19,36345.656900415,36345.65752581,36345.706639377,38.3330078125,38.3330078125,0,,0
15030,GF-19-CAM-19,36345.887059783,36345.888505675,36345.942163959,38.3330078125,38.3330078125,0,,0
15032,GF-19-CAM-19,36346.132576578,36346.134030418,36346.189398674,38.3330078125,38.3330078125,0,,0
15034,GF-19-CAM-19,36346.36024398,36346.361849545,36346.40491662,38.3330078125,38.3330078125,0,,0
15036,GF-19-CAM-19,36346.599857842,36346.605456344,36346.669896452,38.3330078125,38.3330078125,0,,0
15038,GF-19-CAM-19,36346.814982779,36346.816089564,36346.856199872,38.3330078125,38.3330078125,0,,0
15040,GF-19-CAM-19,36347.059257898,36347.060386406,36347.1139634,38.3330078125,38.3330078125,0,,0
15042,GF-19-CAM-19,36347.315852957,36347.31835606,36347.354213342,38.3330078125,38.3330078125,0,,0
15044,GF-19-CAM-19,36347.55243536,36347.553962031,36347.598137259,38.3330078125,38.3330078125,0,,0
15046,GF-19-CAM-19,36347.817570068,36347.818703836,36347.854962427,38.3330078125,38.3330078125,0,,0
15048,GF-19-CAM-19,36348.057649574,36348.058834472,36348.103994091,38.3330078125,38.3330078125,0,,0
15050,GF-19-CAM-19,36348.257208592,36348.258447691,36348.305779448,38.3330078125,38.3330078125,0,,0
15052,GF-19-CAM-19,36348.488352957,36348.489250605,36348.537724675,38.3330078125,38.3330078125,0,,0
15054,GF-19-CAM-19,36348.72118623,36348.722219448,36348.792942405,38.3330078125,38.3330078125,0,,0
15056,GF-19-CAM-19,36348.980451128,36348.982320597,36349.027719128,38.3330078125,38.3330078125,0,,0
15058,GF-19-CAM-19,36349.21170912,36349.212507349,36349.262544789,38.3330078125,38.3330078125,0,,0
15060,GF-19-CAM-19,36349.447326162,36349.448803976,36349.497421268,38.3330078125,38.3330078125,0,,0
15062,GF-19-CAM-19,36349.678523366,36349.679509983,36349.736587425,38.3330078125,38.3330078125,0,,0
15064,GF-19-CAM-19,36349.915245692,36349.915957331,36349.95808833,38.3330078125,38.3330078125,0,,0
15066,GF-19-CAM-19,36350.167531303,36350.168704698,36350.210346394,38.3330078125,38.3330078125,0,,0
15068,GF-19-CAM-19,36350.412069433,36350.413451341,36350.452785271,38.3330078125,38.3330078125,0,,0
15070,GF-19-CAM-19,36350.642086134,36350.643492996,36350.6977977,38.3330078125,38.3330078125,0,,0
15072,GF-19-CAM-19,36350.878438502,36350.879556565,36350.919500071,38.3330078125,38.3330078125,0,,0
15074,GF-19-CAM-19,36351.108116225,36351.11030666,36351.163847706,38.3330078125,38.3330078125,0,,0
15076,GF-19-CAM-19,36351.352432204,36351.353381523,36351.409814428,38.3330078125,38.3330078125,0,,0
15078,GF-19-CAM-19,36351.599951294,36351.600915456,36351.659400458,38.3330078125,38.3330078125,0,,0
15080,GF-19-CAM-19,36351.864172111,36351.865500348,36351.920341275,38.3330078125,38.3330078125,0,,0
15082,GF-19-CAM-19,36352.083262027,36352.084869369,36352.145918125,38.3330078125,38.3330078125,0,,0
15084,GF-19-CAM-19,36352.329822861,36352.332453978,36352.389217262,38.3330078125,38.3330078125,0,,0
15086,GF-19-CAM-19,36352.561256472,36352.56265538,36352.591374989,38.3330078125,38.3330078125,0,,0
15088,GF-19-CAM-19,36352.822271964,36352.823792054,36352.868983076,38.3330078125,38.3330078125,0,,0
15090,GF-19-CAM-19,36353.050034301,36353.052602717,36353.089342005,38.3330078125,38.3330078125,0,,0
15092,GF-19-CAM-19,36353.264603276,36353.265761547,36353.307252182,38.3330078125,38.3330078125,0,,0
15094,GF-19-CAM-19,36353.493451088,36353.494366572,36353.54128949,38.3330078125,38.3330078125,0,,0
15096,GF-19-CAM-19,36353.726033042,36353.726557325,36353.771793736,38.3330078125,38.3330078125,0,,0
15098,GF-19-CAM-19,36353.96056159,36353.970224687,36354.022145396,38.3330078125,38.3330078125,0,,0
15100,GF-19-CAM-19,36354.197118036,36354.198551975,36354.259828382,38.3330078125,38.3330078125,0,,0
15102,GF-19-CAM-19,36354.433167542,36354.434435881,36354.485430917,38.3330078125,38.3330078125,0,,0
15104,GF-19-CAM-19,36354.6775177,36354.678582559,36354.731198997,38.3330078125,38.3330078125,0,,0
15106,GF-19-CAM-19,36354.90822595,36354.909509096,36354.978620338,38.3330078125,38.3330078125,0,,0
15108,GF-19-CAM-19,36355.134767137,36355.137198968,36355.184684864,38.3330078125,38.3330078125,0,,0
15110,GF-19-CAM-19,36355.37708106,36355.378269353,36355.418688614,38.3330078125,38.3330078125,0,,0
15112,GF-19-CAM-19,36355.610658236,36355.61238773,36355.665686461,38.3330078125,38.3330078125,0,,0
15114,GF-19-CAM-19,36355.823375363,36355.824724563,36355.880378438,38.3330078125,38.3330078125,0,,0
15116,GF-19-CAM-19,36356.070620831,36356.071652897,36356.128887634,38.3330078125,38.3330078125,0,,0
15118,GF-19-CAM-19,36356.291237848,36356.292169316,36356.364217747,38.3330078125,38.3330078125,0,,0
15120,GF-19-CAM-19,36356.557851392,36356.558941638,36356.617201126,38.3330078125,38.3330078125,0,,0
15122,GF-19-CAM-19,36356.816550856,36356.818026748,36356.865885992,38.3330078125,38.3330078125,0,,0
15124,GF-19-CAM-19,36357.07368372,36357.074503016,36357.116121338,38.3330078125,38.3330078125,0,,0
15126,GF-19-CAM-19,36357.302340327,36357.303525175,36357.360763099,38.3330078125,38.3330078125,0,,0
15128,GF-19-CAM-19,36357.52535064,36357.526674183,36357.592417092,38.3330078125,38.3330078125,0,,0
15130,GF-19-CAM-19,36357.768353706,36357.769217082,36357.819814557,38.3330078125,38.3330078125,0,,0
15132,GF-19-CAM-19,36357.966599794,36357.967627221,36358.043992312,38.3330078125,38.3330078125,0,,0
15134,GF-19-CAM-19,36358.246436011,36358.247474138,36358.29850281,38.3330078125,38.3330078125,0,,0
15136,GF-19-CAM-19,36358.467158185,36358.467845175,36358.516739766,38.3330078125,38.3330078125,0,,0
15138,GF-19-CAM-19,36358.725838057,36358.726429268,36358.762591975,38.3330078125,38.3330078125,0,,0
15140,GF-19-CAM-19,36358.929426629,36358.930209318,36359.002720944,38.3330078125,38.3330078125,0,,0
15142,GF-19-CAM-19,36359.174184397,36359.175170275,36359.231909472,38.3330078125,38.3330078125,0,,0
15144,GF-19-CAM-19,36359.417717686,36359.419340052,36359.471697531,38.3330078125,38.3330078125,0,,0
15146,GF-19-CAM-19,36359.659077892,36359.660238574,36359.710221454,38.3330078125,38.3330078125,0,,0
15148,GF-19-CAM-19,36359.893032215,36359.895745474,36359.963459385,38.3330078125,38.3330078125,0,,0
15150,GF-19-CAM-19,36360.155859395,36360.157158496,36360.233720118,38.3330078125,38.3330078125,0,,0
15152,GF-19-CAM-19,36360.38522685,36360.385870581,36360.438268638,38.3330078125,38.3330078125,0,,0
15154,GF-19-CAM-19,36360.63416202,36360.637174247,36360.699620725,38.3330078125,38.3330078125,0,,0
15156,GF-19-CAM-19,36360.882069035,36360.882922879,36360.934068298,38.3330078125,38.3330078125,0,,0
15158,GF-19-CAM-19,36361.113048883,36361.113939739,36361.169508669,38.3330078125,38.3330078125,0,,0
15160,GF-19-CAM-19,36361.364043191,36361.369184206,36361.422864095,38.3330078125,38.3330078125,0,,0
15162,GF-19-CAM-19,36361.616749873,36361.617613355,36361.678718187,38.3330078125,38.3330078125,0,,0
15164,GF-19-CAM-19,36361.851026424,36361.851884117,36361.891250767,38.3330078125,38.3330078125,0,,0
15166,GF-19-CAM-19,36362.074554909,36362.076212373,36362.113524792,38.3330078125,38.3330078125,0,,0
15168,GF-19-CAM-19,36362.29630796,36362.297446058,36362.344394586,38.3330078125,38.3330078125,0,,0
15170,GF-19-CAM-19,36362.528516094,36362.529280263,36362.577801954,38.3330078125,38.3330078125,0,,0
15172,GF-19-CAM-19,36362.758608721,36362.759080251,36362.807736746,38.3330078125,38.3330078125,0,,0
15174,GF-19-CAM-19,36362.992190411,36362.993305291,36363.05713156,38.3330078125,38.3330078125,0,,0
15176,GF-19-CAM-19,36363.259885921,36363.26079319,36363.309490763,38.3330078125,38.3330078125,0,,0
15178,GF-19-CAM-19,36363.496599449,36363.497856065,36363.549764235,38.3330078125,38.3330078125,0,,0
15180,GF-19-CAM-19,36363.723861595,36363.727308797,36363.772517484,38.3330078125,38.3330078125,0,,0
15182,GF-19-CAM-19,36363.975975145,36363.978473498,36364.025734857,38.3330078125,38.3330078125,0,,0
15184,GF-19-CAM-19,36364.189551627,36364.190307626,36364.248418772,38.3330078125,38.3330078125,0,,0
15186,GF-19-CAM-19,36364.476478295,36364.479823214,36364.558159877,38.3330078125,38.3330078125,0,,0
15188,GF-19-CAM-19,36364.718453107,36364.720417949,36364.823577599,38.3330078125,38.3330078125,0,,0
15190,GF-19-CAM-19,36365.043055316,36365.04539568,36365.095400283,38.3330078125,38.3330078125,0,,0
15192,GF-19-CAM-19,36365.287494515,36365.288526476,36365.347420228,38.3330078125,38.3330078125,0,,0
15194,GF-19-CAM-19,36365.542196136,36365.544606559,36365.587234317,38.3330078125,38.3330078125,0,,0
15196,GF-19-CAM-19,36365.769151554,36365.770081011,36365.821890559,38.3330078125,38.3330078125,0,,0
15198,GF-19-CAM-19,36366.005068848,36366.005785233,36366.062763759,38.3330078125,38.3330078125,0,,0
15200,GF-19-CAM-19,36366.252739602,36366.255363509,36366.294089994,38.3330078125,38.3330078125,0,,0
15202,GF-19-CAM-19,36366.516306734,36366.517662026,36366.572237333,38.3330078125,38.3330078125,0,,0
15204,GF-19-CAM-19,36366.779210596,36366.780230626,36366.819943771,38.3330078125,38.3330078125,0,,0
15206,GF-19-CAM-19,36367.000762356,36367.001755905,36367.066648503,38.3330078125,38.3330078125,0,,0
15208,GF-19-CAM-19,36367.248768969,36367.249611427,36367.303379557,38.3330078125,38.3330078125,0,,0
15210,GF-19-CAM-19,36367.489102752,36367.489963013,36367.539636691,38.3330078125,38.3330078125,0,,0
15212,GF-19-CAM-19,36367.720760488,36367.721756482,36367.775398062,38.3330078125,38.3330078125,0,,0
15214,GF-19-CAM-19,36367.945104573,36367.946428971,36368.015649567,38.3330078125,38.3330078125,0,,0
15216,GF-19-CAM-19,36368.182030982,36368.183032111,36368.24079103,38.3330078125,38.3330078125,0,,0
15218,GF-19-CAM-19,36368.4290571,36368.430667334,36368.504527776,38.3330078125,38.3330078125,0,,0
15220,GF-19-CAM-19,36368.689491871,36368.690689692,36368.744312465,38.3330078125,38.3330078125,0,,0
15222,GF-19-CAM-19,36368.906824439,36368.911730827,36368.967119359,38.3330078125,38.3330078125,0,,0
15224,GF-19-CAM-19,36369.148595762,36369.149948771,36369.211987872,38.3330078125,38.3330078125,0,,0
15226,GF-19-CAM-19,36369.387955355,36369.388836299,36369.446058918,38.3330078125,38.3330078125,0,,0
15228,GF-19-CAM-19,36369.656640741,36369.657616492,36369.72079691,38.3330078125,38.3330078125,0,,0
15230,GF-19-CAM-19,36369.878121489,36369.879310473,36369.954890023,38.3330078125,38.3330078125,0,,0
15232,GF-19-CAM-19,36370.139405658,36370.140698006,36370.220773445,38.3330078125,38.3330078125,0,,0
15234,GF-19-CAM-19,36370.441234615,36370.442653643,36370.51085981,38.3330078125,38.3330078125,0,,0
15236,GF-19-CAM-19,36370.679013968,36370.680596918,36370.741295769,38.3330078125,38.3330078125,0,,0
15238,GF-19-CAM-19,36370.912411139,36370.913626742,36370.973837669,38.3330078125,38.3330078125,0,,0
15240,GF-19-CAM-19,36371.141988922,36371.143130772,36371.190222361,38.3330078125,38.3330078125,0,,0
15242,GF-19-CAM-19,36371.378830312,36371.385585073,36371.442830238,38.3330078125,38.3330078125,0,,0
15244,GF-19-CAM-19,36371.634912504,36371.636989303,36371.695897213,38.3330078125,38.3330078125,0,,0
15246,GF-19-CAM-19,36371.875124374,36371.876129391,36371.929697519,38.3330078125,38.3330078125,0,,0
15248,GF-19-CAM-19,36372.134811587,36372.135926239,36372.185284181,38.3330078125,38.3330078125,0,,0
15250,GF-19-CAM-19,36372.367082291,36372.367882717,36372.422358871,38.3330078125,38.3330078125,0,,0
15252,GF-19-CAM-19,36372.637642251,36372.63896247,36372.688391531,38.3330078125,38.3330078125,0,,0
15254,GF-19-CAM-19,36372.88911545,36372.89048693,36372.937905428,38.3330078125,38.3330078125,0,,0
15256,GF-19-CAM-19,36373.142409489,36373.143629256,36373.197663788,38.3330078125,38.3330078125,0,,0
15258,GF-19-CAM-19,36373.374240206,36373.37608527,36373.432810389,38.3330078125,38.3330078125,0,,0
15260,GF-19-CAM-19,36373.605973788,36373.607995186,36373.66584691,38.3330078125,38.3330078125,0,,0
15262,GF-19-CAM-19,36373.824963712,36373.825938469,36373.878770936,38.3330078125,38.3330078125,0,,0
15264,GF-19-CAM-19,36374.079480183,36374.082209262,36374.131377869,38.3330078125,38.3330078125,0,,0
15266,GF-19-CAM-19,36374.315857488,36374.316464572,36374.391703339,38.3330078125,38.3330078125,0,,0
15268,GF-19-CAM-19,36374.629942997,36374.63097656,36374.678981095,38.3330078125,38.3330078125,0,,0
15270,GF-19-CAM-19,36374.842829996,36374.843602658,36374.91144587,38.3330078125,38.3330078125,0,,0
15272,GF-19-CAM-19,36375.102017199,36375.102753128,36375.150516221,38.3330078125,38.3330078125,0,,0
15274,GF-19-CAM-19,36375.340850739,36375.343614685,36375.401882993,38.3330078125,38.3330078125,0,,0
15276,GF-19-CAM-19,36375.567258963,36375.56804688,36375.618175181,38.3330078125,38.3330078125,0,,0
15278,GF-19-CAM-19,36375.808475382,36375.809813702,36375.86197015,38.3330078125,38.3330078125,0,,0
15280,GF-19-CAM-19,36376.043980538,36376.04478316,36376.088257831,38.3330078125,38.3330078125,0,,0
15282,GF-19-CAM-19,36376.269134784,36376.27127874,36376.318179281,38.3330078125,38.3330078125,0,,0
15284,GF-19-CAM-19,36376.496265426,36376.504944837,36376.555423912,38.3330078125,38.3330078125,0,,0
15286,GF-19-CAM-19,36376.744267757,36376.74532727,36376.803480691,38.3330078125,38.3330078125,0,,0
15288,GF-19-CAM-19,36376.994026589,36376.99484968,36377.050737385,38.3330078125,38.3330078125,0,,0
15290,GF-19-CAM-19,36377.218040892,36377.218717476,36377.263780635,38.3330078125,38.3330078125,0,,0
15292,GF-19-CAM-19,36377.432549398,36377.433660433,36377.482284705,38.3330078125,38.3330078125,0,,0
15294,GF-19-CAM-19,36377.647178501,36377.649366358,36377.696857933,38.3330078125,38.3330078125,0,,0
15296,GF-19-CAM-19,36377.8877127,36377.888700338,36377.934833797,38.3330078125,38.3330078125,0,,0
15298,GF-19-CAM-19,36378.094045182,36378.094712926,36378.163779059,38.3330078125,38.3330078125,0,,0
15300,GF-19-CAM-19,36378.366272602,36378.368022663,36378.411989239,38.3330078125,38.3330078125,0,,0
15302,GF-19-CAM-19,36378.614796107,36378.61603732,36378.67575289,38.3330078125,38.3330078125,0,,0
15304,GF-19-CAM-19,36378.860075274,36378.860739975,36378.905275331,38.3330078125,38.3330078125,0,,0
15306,GF-19-CAM-19,36379.077890221,36379.079183901,36379.146842738,38.3330078125,38.3330078125,0,,0
15308,GF-19-CAM-19,36379.334665968,36379.336629491,36379.388059393,38.3330078125,38.3330078125,0,,0
15310,GF-19-CAM-19,36379.564187531,36379.565207251,36379.608444448,38.3330078125,38.3330078125,0,,0
15312,GF-19-CAM-19,36379.793194157,36379.795240273,36379.86877389,38.3330078125,38.3330078125,0,,0
15314,GF-19-CAM-19,36380.092329135,36380.09576228,36380.159097929,38.3330078125,38.3330078125,0,,0
15316,GF-19-CAM-19,36380.348866714,36380.353338007,36380.423561172,38.3330078125,38.3330078125,0,,0
15318,GF-19-CAM-19,36380.605054782,36380.606668988,36380.649497943,38.3330078125,38.3330078125,0,,0
15320,GF-19-CAM-19,36380.815756155,36380.817113289,36380.873591884,38.3330078125,38.3330078125,0,,0
15322,GF-19-CAM-19,36381.056280065,36381.059425099,36381.103579178,38.3330078125,38.3330078125,0,,0
15324,GF-19-CAM-19,36381.293107982,36381.293976961,36381.340844376,38.3330078125,38.3330078125,0,,0
15326,GF-19-CAM-19,36381.534322964,36381.541719504,36381.603484536,38.3330078125,38.3330078125,0,,0
15328,GF-19-CAM-19,36381.797731727,36381.798784916,36381.845707061,38.3330078125,38.3330078125,0,,0
15330,GF-19-CAM-19,36382.053596803,36382.056284256,36382.127950666,38.3330078125,38.3330078125,0,,0
15332,GF-19-CAM-19,36382.338525594,36382.342157612,36382.37860973,38.3330078125,38.3330078125,0,,0
15334,GF-19-CAM-19,36382.560163732,36382.561364907,36382.631114302,38.3330078125,38.3330078125,0,,0
15336,GF-19-CAM-19,36382.81747153,36382.818756334,36382.856926728,38.3330078125,38.3330078125,0,,0
15338,GF-19-CAM-19,36383.043128186,36383.044115391,36383.088209355,38.3330078125,38.3330078125,0,,0
15340,GF-19-CAM-19,36383.276058594,36383.276990825,36383.346770505,38.3330078125,38.3330078125,0,,0
15342,GF-19-CAM-19,36383.541041372,36383.541777374,36383.622775185,38.3330078125,38.3330078125,0,,0
15344,GF-19-CAM-19,36383.828832436,36383.83087657,36383.873251704,38.3330078125,38.3330078125,0,,0
15346,GF-19-CAM-19,36384.069018926,36384.077737323,36384.129343412,38.3330078125,38.3330078125,0,,0
15348,GF-19-CAM-19,36384.303414426,36384.304735499,36384.355216425,38.3330078125,38.3330078125,0,,0
15350,GF-19-CAM-19,36384.547046879,36384.549088398,36384.602244268,38.3330078125,38.3330078125,0,,0
15352,GF-19-CAM-19,36384.7966314,36384.797555338,36384.860589542,38.3330078125,38.3330078125,0,,0
15354,GF-19-CAM-19,36385.060922435,36385.061831802,36385.121666368,38.3330078125,38.3330078125,0,,0
15356,GF-19-CAM-19,36385.31818178,36385.319936165,36385.36344492,38.3330078125,38.3330078125,0,,0
15358,GF-19-CAM-19,36385.541338623,36385.544097388,36385.616941781,38.3330078125,38.3330078125,0,,0
15360,GF-19-CAM-19,36385.78492176,36385.785745458,36385.846243172,38.3330078125,38.3330078125,0,,0
15362,GF-19-CAM-19,36386.03712951,36386.037895375,36386.074786981,38.3330078125,38.3330078125,0,,0
15364,GF-19-CAM-19,36386.267531867,36386.268812691,36386.328570503,38.3330078125,38.3330078125,0,,0
15366,GF-19-CAM-19,36386.517097483,36386.517664556,36386.574246414,38.3330078125,38.3330078125,0,,0
15368,GF-19-CAM-19,36386.755793109,36386.758399105,36386.8042611,38.3330078125,38.3330078125,0,,0
15370,GF-19-CAM-19,36387.004627075,36387.005743487,36387.048732683,38.3330078125,38.3330078125,0,,0
15372,GF-19-CAM-19,36387.22884033,36387.230030948,36387.269348723,38.3330078125,38.3330078125,0,,0
15374,GF-19-CAM-19,36387.451112141,36387.452096915,36387.49869147,38.3330078125,38.3330078125,0,,0
15376,GF-19-CAM-19,36387.690410207,36387.691876638,36387.740845857,38.3330078125,38.3330078125,0,,0
15378,GF-19-CAM-19,36387.916178929,36387.91861969,36387.96325169,38.3330078125,38.3330078125,0,,0
15380,GF-19-CAM-19,36388.13034404,36388.131060027,36388.17823778,38.3330078125,38.3330078125,0,,0
15382,GF-19-CAM-19,36388.364806162,36388.365993174,36388.416081784,38.3330078125,38.3330078125,0,,0
15384,GF-19-CAM-19,36388.607257248,36388.608881681,36388.65464636,38.3330078125,38.3330078125,0,,0
15386,GF-19-CAM-19,36388.829695574,36388.831851769,36388.880278354,38.3330078125,38.3330078125,0,,0
15388,GF-19-CAM-19,36389.057788678,36389.061884816,36389.11457655,38.3330078125,38.3330078125,0,,0
15390,GF-19-CAM-19,36389.299136712,36389.300527477,36389.346212532,38.3330078125,38.3330078125,0,,0
15392,GF-19-CAM-19,36389.545532401,36389.547043111,36389.593540921,38.3330078125,38.3330078125,0,,0
15394,GF-19-CAM-19,36389.776496826,36389.778728319,36389.829471801,38.3330078125,38.3330078125,0,,0
15396,GF-19-CAM-19,36390.014022922,36390.014939749,36390.05654727,38.3330078125,38.3330078125,0,,0
15398,GF-19-CAM-19,36390.278315482,36390.279360645,36390.325202301,38.3330078125,38.3330078125,0,,0
15400,GF-19-CAM-19,36390.496472151,36390.497270981,36390.563870119,38.3330078125,38.3330078125,0,,0
15402,GF-19-CAM-19,36390.720252264,36390.720727075,36390.776496679,38.3330078125,38.3330078125,0,,0
15404,GF-19-CAM-19,36390.945327468,36390.946346672,36391.008994984,38.3330078125,38.3330078125,0,,0
15406,GF-19-CAM-19,36391.206537212,36391.208342722,36391.253083918,38.3330078125,38.3330078125,0,,0
15408,GF-19-CAM-19,36391.441160894,36391.442332449,36391.492170501,38.3330078125,38.3330078125,0,,0
15410,GF-19-CAM-19,36391.673478908,36391.675017716,36391.72885472,38.3330078125,38.3330078125,0,,0
15412,GF-19-CAM-19,36391.892319791,36391.894828303,36391.958533267,38.3330078125,38.3330078125,0,,0
15414,GF-19-CAM-19,36392.129552119,36392.130361015,36392.185307897,38.3330078125,38.3330078125,0,,0
15416,GF-19-CAM-19,36392.352598337,36392.355343175,36392.418625504,38.3330078125,38.3330078125,0,,0
15418,GF-19-CAM-19,36392.617514549,36392.618329179,36392.663724848,38.3330078125,38.3330078125,0,,0
15420,GF-19-CAM-19,36392.836881468,36392.837968972,36392.885063546,38.3330078125,38.3330078125,0,,0
15422,GF-19-CAM-19,36393.075398576,36393.079569291,36393.12698575,38.3330078125,38.3330078125,0,,0
15424,GF-19-CAM-19,36393.263470417,36393.272749585,36393.324588489,38.3330078125,38.3330078125,0,,0
15426,GF-19-CAM-19,36393.519742788,36393.520543758,36393.56765692,38.3330078125,38.3330078125,0,,0
15428,GF-19-CAM-19,36393.721084683,36393.724336717,36393.761177784,38.3330078125,38.3330078125,0,,0
15430,GF-19-CAM-19,36393.928099104,36393.931318464,36393.972943152,38.3330078125,38.3330078125,0,,0
15432,GF-19-CAM-19,36394.153232845,36394.154310534,36394.205042823,38.3330078125,38.3330078125,0,,0
15434,GF-19-CAM-19,36394.371069695,36394.37226473,36394.416905585,38.3330078125,38.3330078125,0,,0
15436,GF-19-CAM-19,36394.604574521,36394.605412189,36394.648610946,38.3330078125,38.3330078125,0,,0
15438,GF-19-CAM-19,36394.779376894,36394.780416658,36394.831679188,38.3330078125,38.3330078125,0,,0
15440,GF-19-CAM-19,36395.015546555,36395.017560947,36395.091892236,38.3330078125,38.3330078125,0,,0
15442,GF-19-CAM-19,36395.281489519,36395.282236204,36395.31656377,38.3330078125,38.3330078125,0,,0
15444,GF-19-CAM-19,36395.496957156,36395.499493244,36395.556715099,38.3330078125,38.3330078125,0,,0
15446,GF-19-CAM-19,36395.735872572,36395.737736369,36395.798100457,38.3330078125,38.3330078125,0,,0
15448,GF-19-CAM-19,36395.977710362,36395.98112339,36396.018042584,38.3330078125,38.3330078125,0,,0
15450,GF-19-CAM-19,36396.204606823,36396.213705144,36396.261052425,38.3330078125,38.3330078125,0,,0
15452,GF-19-CAM-19,36396.444129074,36396.447056287,36396.484445011,38.3330078125,38.3330078125,0,,0
15454,GF-19-CAM-19,36396.676874393,36396.677935855,36396.723871619,38.3330078125,38.3330078125,0,,0
15456,GF-19-CAM-19,36396.899749996,36396.902203272,36396.945183819,38.3330078125,38.3330078125,0,,0
15458,GF-19-CAM-19,36397.099710567,36397.100731319,36397.133133514,38.3330078125,38.3330078125,0,,0
15460,GF-19-CAM-19,36397.29433952,36397.29525019,36397.351336696,38.3330078125,38.3330078125,0,,0
15462,GF-19-CAM-19,36397.526221397,36397.526991383,36397.583922425,38.3330078125,38.3330078125,0,,0
15464,GF-19-CAM-19,36397.764861577,36397.765593832,36397.804713857,38.3330078125,38.3330078125,0,,0
15466,GF-19-CAM-19,36397.974639198,36397.976674066,36398.02307704,38.3330078125,38.3330078125,0,,0
15468,GF-19-CAM-19,36398.224898669,36398.225595347,36398.271700378,38.3330078125,38.3330078125,0,,0
15470,GF-19-CAM-19,36398.470479012,36398.471321165,36398.520949641,38.3330078125,38.3330078125,0,,0
15472,GF-19-CAM-19,36398.707105908,36398.70824291,36398.752850689,38.3330078125,38.3330078125,0,,0
15474,GF-19-CAM-19,36398.924722226,36398.927218562,36398.973681777,38.3330078125,38.3330078125,0,,0
15476,GF-19-CAM-19,36399.159160113,36399.160633228,36399.214363694,38.3330078125,38.3330078125,0,,0
15478,GF-19-CAM-19,36399.391074028,36399.393279913,36399.445479989,38.3330078125,38.3330078125,0,,0
15480,GF-19-CAM-19,36399.613083383,36399.614096225,36399.658431614,38.3330078125,38.3330078125,0,,0
15482,GF-19-CAM-19,36399.841504891,36399.84306757,36399.897733626,38.3330078125,38.3330078125,0,,0
15484,GF-19-CAM-19,36400.088746974,36400.089786328,36400.120478189,38.3330078125,38.3330078125,0,,0
15486,GF-19-CAM-19,36400.298418833,36400.299932428,36400.354616159,38.3330078125,38.3330078125,0,,0
15488,GF-19-CAM-19,36400.514276515,36400.515424968,36400.567826472,38.3330078125,38.3330078125,0,,0
15490,GF-19-CAM-19,36400.729527631,36400.7301435,36400.781789848,38.3330078125,38.3330078125,0,,0
15492,GF-19-CAM-19,36400.977501437,36400.978373574,36401.031047111,38.3330078125,38.3330078125,0,,0
15494,GF-19-CAM-19,36401.219565005,36401.222667863,36401.273799627,38.3330078125,38.3330078125,0,,0
15496,GF-19-CAM-19,36401.434365683,36401.434927315,36401.479079226,38.3330078125,38.3330078125,0,,0
15498,GF-19-CAM-19,36401.642871698,36401.644379441,36401.723331022,38.3330078125,38.3330078125,0,,0
15500,GF-19-CAM-19,36401.889918391,36401.890645221,36401.947680982,38.3330078125,38.3330078125,0,,0
15502,GF-19-CAM-19,36402.086096254,36402.087431342,36402.13134344,38.3330078125,38.3330078125,0,,0
15504,GF-19-CAM-19,36402.305891661,36402.307056301,36402.352449473,38.3330078125,38.3330078125,0,,0
15506,GF-19-CAM-19,36402.540517942,36402.541323633,36402.584078374,38.3330078125,38.3330078125,0,,0
15508,GF-19-CAM-19,36402.750962516,36402.751981529,36402.804919209,38.3330078125,38.3330078125,0,,0
15510,GF-19-CAM-19,36402.97465792,36402.975529695,36403.043566765,38.3330078125,38.3330078125,0,,0
15512,GF-19-CAM-19,36403.19886625,36403.206634006,36403.258827149,38.3330078125,38.3330078125,0,,0
15514,GF-19-CAM-19,36403.425035482,36403.426025671,36403.503740084,38.3330078125,38.3330078125,0,,0
15516,GF-19-CAM-19,36403.698315417,36403.699372995,36403.740966625,38.3330078125,38.3330078125,0,,0
15518,GF-19-CAM-19,36403.914234176,36403.91604625,36403.97226617,38.3330078125,38.3330078125,0,,0
15520,GF-19-CAM-19,36404.133769257,36404.135610401,36404.183187922,38.3330078125,38.3330078125,0,,0
15522,GF-19-CAM-19,36404.370440142,36404.370866048,36404.409802993,38.3330078125,38.3330078125,0,,0
15524,GF-19-CAM-19,36404.58224203,36404.583281916,36404.632324862,38.3330078125,38.3330078125,0,,0
15526,GF-19-CAM-19,36404.808152691,36404.809233786,36404.855138888,38.3330078125,38.3330078125,0,,0
15528,GF-19-CAM-19,36405.036506483,36405.037446325,36405.077672729,38.3330078125,38.3330078125,0,,0
15530,GF-19-CAM-19,36405.252793032,36405.25335586,36405.294817017,38.3330078125,38.3330078125,0,,0
15532,GF-19-CAM-19,36405.4794831,36405.48030504,36405.528697028,38.3330078125,38.3330078125,0,,0
15534,GF-19-CAM-19,36405.722968498,36405.726388256,36405.764428628,38.3330078125,38.3330078125,0,,0
15536,GF-19-CAM-19,36405.957440558,36405.959442483,36406.004657836,38.3330078125,38.3330078125,0,,0
15538,GF-19-CAM-19,36406.174401597,36406.178217466,36406.213316772,38.3330078125,38.3330078125,0,,0
15540,GF-19-CAM-19,36406.389509395,36406.390426985,36406.440358803,38.3330078125,38.3330078125,0,,0
15542,GF-19-CAM-19,36406.625946241,36406.627389941,36406.704329192,38.3330078125,38.3330078125,0,,0
15544,GF-19-CAM-19,36406.875867216,36406.876376044,36406.944755871,38.3330078125,38.3330078125,0,,0
15546,GF-19-CAM-19,36407.124814532,36407.125742714,36407.174062559,38.3330078125,38.3330078125,0,,0
15548,GF-19-CAM-19,36407.35623433,36407.358682305,36407.391238307,38.3330078125,38.3330078125,0,,0
15550,GF-19-CAM-19,36407.561939819,36407.562533055,36407.609802141,38.3330078125,38.3330078125,0,,0
15552,GF-19-CAM-19,36407.777540029,36407.779640581,36407.846882921,38.3330078125,38.3330078125,0,,0
15554,GF-19-CAM-19,36408.0558652,36408.056798342,36408.100219375,38.3330078125,38.3330078125,0,,0
15556,GF-19-CAM-19,36408.250731264,36408.251316725,36408.301907378,38.3330078125,38.3330078125,0,,0
15558,GF-19-CAM-19,36408.469306609,36408.472319053,36408.513467464,38.3330078125,38.3330078125,0,,0
15560,GF-19-CAM-19,36408.681677731,36408.682374085,36408.753376963,38.3330078125,38.3330078125,0,,0
15562,GF-19-CAM-19,36408.912214089,36408.91562277,36408.965057079,38.3330078125,38.3330078125,0,,0
15564,GF-19-CAM-19,36409.112229174,36409.11307765,36409.151372565,38.3330078125,38.3330078125,0,,0
15566,GF-19-CAM-19,36409.320355712,36409.321845119,36409.379297051,38.3330078125,38.3330078125,0,,0
15568,GF-19-CAM-19,36409.582740282,36409.583557324,36409.644957359,38.3330078125,38.3330078125,0,,0
15570,GF-19-CAM-19,36409.822722486,36409.823553718,36409.864412996,38.3330078125,38.3330078125,0,,0
15572,GF-19-CAM-19,36410.041976174,36410.042987718,36410.092176806,38.3330078125,38.3330078125,0,,0
15574,GF-19-CAM-19,36410.285152351,36410.286228967,36410.341800278,38.3330078125,38.3330078125,0,,0
15576,GF-19-CAM-19,36410.505936652,36410.507961306,36410.563455037,38.3330078125,38.3330078125,0,,0
15578,GF-19-CAM-19,36410.732034459,36410.734952881,36410.792486546,38.3330078125,38.3330078125,0,,0
15580,GF-19-CAM-19,36410.944883951,36410.947203521,36410.991135738,38.3330078125,38.3330078125,0,,0
15582,GF-19-CAM-19,36411.160953687,36411.163344515,36411.22222444,38.3330078125,38.3330078125,0,,0
15584,GF-19-CAM-19,36411.395419618,36411.401106553,36411.453246186,38.3330078125,38.3330078125,0,,0
15586,GF-19-CAM-19,36411.634574385,36411.636084389,36411.67946924,38.3330078125,38.3330078125,0,,0
15588,GF-19-CAM-19,36411.844438284,36411.845885863,36411.913723699,38.3330078125,38.3330078125,0,,0
15590,GF-19-CAM-19,36412.086594533,36412.087520293,36412.128459317,38.3330078125,38.3330078125,0,,0
15592,GF-19-CAM-19,36412.307236228,36412.308027133,36412.369553074,38.3330078125,38.3330078125,0,,0
15594,GF-19-CAM-19,36412.529456538,36412.530377261,36412.584757593,38.3330078125,38.3330078125,0,,0
15596,GF-19-CAM-19,36412.753887272,36412.757340012,36412.791251393,38.3330078125,38.3330078125,0,,0
15598,GF-19-CAM-19,36412.965943506,36412.967141789,36413.023482313,38.3330078125,38.3330078125,0,,0
15600,GF-19-CAM-19,36413.211439809,36413.213042471,36413.280053083,38.3330078125,38.3330078125,0,,0
15602,GF-19-CAM-19,36413.447135372,36413.447965013,36413.497207432,38.3330078125,38.3330078125,0,,0
15604,GF-19-CAM-19,36413.661120074,36413.662617221,36413.723210864,38.3330078125,38.3330078125,0,,0
15606,GF-19-CAM-19,36413.8666351,36413.867470228,36413.901165505,38.3330078125,38.3330078125,0,,0
15608,GF-19-CAM-19,36414.072955348,36414.074756263,36414.109641599,38.3330078125,38.3330078125,0,,0
15610,GF-19-CAM-19,36414.315668988,36414.318530604,36414.370069024,38.3330078125,38.3330078125,0,,0
15612,GF-19-CAM-19,36414.536395173,36414.539994384,36414.593629246,38.3330078125,38.3330078125,0,,0
15614,GF-19-CAM-19,36414.770215194,36414.770986271,36414.822470817,38.3330078125,38.3330078125,0,,0
15616,GF-19-CAM-19,36414.988475716,36414.993590755,36415.056512433,38.3330078125,38.3330078125,0,,0
15618,GF-19-CAM-19,36415.244769786,36415.245845127,36415.28737158,38.3330078125,38.3330078125,0,,0
15620,GF-19-CAM-19,36415.438917597,36415.439728654,36415.52607008,38.3330078125,38.3330078125,0,,0
15622,GF-19-CAM-19,36415.71518867,36415.71706676,36415.787228593,38.3330078125,38.3330078125,0,,0
15624,GF-19-CAM-19,36415.959524199,36415.960251151,36416.017710687,38.3330078125,38.3330078125,0,,0
15626,GF-19-CAM-19,36416.216070508,36416.217391038,36416.258860305,38.3330078125,38.3330078125,0,,0
15628,GF-19-CAM-19,36416.422222724,36416.423292318,36416.476917521,38.3330078125,38.3330078125,0,,0
15630,GF-19-CAM-19,36416.631973442,36416.633396021,36416.716226176,38.3330078125,38.3330078125,0,,0
15632,GF-19-CAM-19,36416.926942248,36416.929443359,36416.983901094,38.3330078125,38.3330078125,0,,0
15634,GF-19-CAM-19,36417.14342189,36417.144537549,36417.195566767,38.3330078125,38.3330078125,0,,0
15636,GF-19-CAM-19,36417.372384517,36417.374055082,36417.428865466,38.3330078125,38.3330078125,0,,0
15638,GF-19-CAM-19,36417.581872796,36417.584136195,36417.644492338,38.3330078125,38.3330078125,0,,0
15640,GF-19-CAM-19,36417.81080814,36417.811463866,36417.858350439,38.3330078125,38.3330078125,0,,0
15642,GF-19-CAM-19,36418.019702031,36418.020738102,36418.062544878,38.3330078125,38.3330078125,0,,0
15644,GF-19-CAM-19,36418.230796777,36418.231725996,36418.27489316,38.3330078125,38.3330078125,0,,0
15646,GF-19-CAM-19,36418.447680682,36418.448432225,36418.512062324,38.3330078125,38.3330078125,0,,0
15648,GF-19-CAM-19,36418.683641065,36418.6844527,36418.741655646,38.3330078125,38.3330078125,0,,0
15650,GF-19-CAM-19,36418.898857445,36418.899432599,36418.92502945,38.3330078125,38.3330078125,0,,0
15652,GF-19-CAM-19,36419.106222484,36419.106870464,36419.153860936,38.3330078125,38.3330078125,0,,0
15654,GF-19-CAM-19,36419.327233689,36419.328765224,36419.374493489,38.3330078125,38.3330078125,0,,0
15656,GF-19-CAM-19,36419.549816284,36419.552222772,36419.59150166,38.3330078125,38.3330078125,0,,0
15658,GF-19-CAM-19,36419.766189341,36419.766770595,36419.823590687,38.3330078125,38.3330078125,0,,0
15660,GF-19-CAM-19,36420.013722451,36420.015073923,36420.05869101,38.3330078125,38.3330078125,0,,0
15662,GF-19-CAM-19,36420.238948776,36420.239483723,36420.277979981,38.3330078125,38.3330078125,0,,0
15664,GF-19-CAM-19,36420.431936451,36420.432781462,36420.497839721,38.3330078125,38.3330078125,0,,0
15666,GF-19-CAM-19,36420.66981027,36420.670527875,36420.71660536,38.3330078125,38.3330078125,0,,0
15668,GF-19-CAM-19,36420.893540315,36420.895759831,36420.939103332,38.3330078125,38.3330078125,0,,0
15670,GF-19-CAM-19,36421.122703796,36421.12496285,36421.162085559,38.3330078125,38.3330078125,0,,0
15672,GF-19-CAM-19,36421.338632258,36421.339241885,36421.379689761,38.3330078125,38.3330078125,0,,0
15674,GF-19-CAM-19,36421.544581511,36421.545237222,36421.590477423,38.3330078125,38.3330078125,0,,0
15676,GF-19-CAM-19,36421.774796149,36421.775962133,36421.820322412,38.3330078125,38.3330078125,0,,0
15678,GF-19-CAM-19,36422.007426076,36422.018225554,36422.046979054,38.3330078125,38.3330078125,0,,0
15680,GF-19-CAM-19,36422.219319895,36422.222162601,36422.284961471,38.3330078125,38.3330078125,0,,0
15682,GF-19-CAM-19,36422.466900823,36422.467960616,36422.521147688,38.3330078125,38.3330078125,0,,0
15684,GF-19-CAM-19,36422.709448665,36422.713305357,36422.783987151,38.3330078125,38.3330078125,0,,0
15686,GF-19-CAM-19,36422.972323093,36422.973533294,36423.014740545,38.3330078125,38.3330078125,0,,0
15688,GF-19-CAM-19,36423.204962076,36423.206098755,36423.261335659,38.3330078125,38.3330078125,0,,0
15690,GF-19-CAM-19,36423.488437974,36423.490406358,36423.547463047,38.3330078125,38.3330078125,0,,0
15692,GF-19-CAM-19,36423.751503178,36423.752498544,36423.792215583,38.3330078125,38.3330078125,0,,0
15694,GF-19-CAM-19,36423.9561828,36423.957255416,36424.022513522,38.3330078125,38.3330078125,0,,0
15696,GF-19-CAM-19,36424.202523566,36424.203769159,36424.267645367,38.3330078125,38.3330078125,0,,0
15698,GF-19-CAM-19,36424.42617027,36424.427200402,36424.477120708,38.3330078125,38.3330078125,0,,0
15700,GF-19-CAM-19,36424.6641952,36424.665489023,36424.742088728,38.3330078125,38.3330078125,0,,0
15702,GF-19-CAM-19,36424.95365605,36424.956077986,36425.014573877,38.3330078125,38.3330078125,0,,0
15704,GF-19-CAM-19,36425.187796687,36425.188936439,36425.230052157,38.3330078125,38.3330078125,0,,0
15706,GF-19-CAM-19,36425.383295845,36425.384029155,36425.452212164,38.3330078125,38.3330078125,0,,0
15708,GF-19-CAM-19,36425.63566456,36425.636827113,36425.700403703,38.3330078125,38.3330078125,0,,0
15710,GF-19-CAM-19,36425.900131563,36425.901976569,36425.947118884,38.3330078125,38.3330078125,0,,0
15712,GF-19-CAM-19,36426.14014121,36426.141369562,36426.185876597,38.3330078125,38.3330078125,0,,0
15714,GF-19-CAM-19,36426.417972388,36426.418904682,36426.482212874,38.3330078125,38.3330078125,0,,0
15716,GF-19-CAM-19,36426.672873028,36426.674149905,36426.725264846,38.3330078125,38.3330078125,0,,0
15718,GF-19-CAM-19,36426.920655983,36426.921647459,36426.972467735,38.3330078125,38.3330078125,0,,0
15720,GF-19-CAM-19,36427.139674908,36427.140401716,36427.183508914,38.3330078125,38.3330078125,0,,0
15722,GF-19-CAM-19,36427.35014612,36427.351249448,36427.382664672,38.3330078125,38.3330078125,0,,0
15724,GF-19-CAM-19,36427.56709129,36427.567863552,36427.616435884,38.3330078125,38.3330078125,0,,0
15726,GF-19-CAM-19,36427.793080923,36427.79484116,36427.83946776,38.3330078125,38.3330078125,0,,0
15728,GF-19-CAM-19,36428.005706395,36428.006650118,36428.051751664,38.3330078125,38.3330078125,0,,0
15730,GF-19-CAM-19,36428.213925369,36428.215345743,36428.270914836,38.3330078125,38.3330078125,0,,0
15732,GF-19-CAM-19,36428.44840966,36428.449538853,36428.498855988,38.3330078125,38.3330078125,0,,0
15734,GF-19-CAM-19,36428.694786781,36428.695445224,36428.73123557,38.3330078125,38.3330078125,0,,0
15736,GF-19-CAM-19,36428.915367093,36428.91645186,36428.95927676,38.3330078125,38.3330078125,0,,0
15738,GF-19-CAM-19,36429.160881427,36429.161664517,36429.208650922,38.3330078125,38.3330078125,0,,0
15740,GF-19-CAM-19,36429.363540591,36429.366185665,36429.414519354,38.3330078125,38.3330078125,0,,0
15742,GF-19-CAM-19,36429.60360677,36429.605401657,36429.659502945,38.3330078125,38.3330078125,0,,0
15744,GF-19-CAM-19,36429.825259671,36429.826231155,36429.890078646,38.3330078125,38.3330078125,0,,0
15746,GF-19-CAM-19,36430.053018665,36430.054087458,36430.102907247,38.3330078125,38.3330078125,0,,0
15748,GF-19-CAM-19,36430.254889509,36430.255723443,36430.308994646,38.3330078125,38.3330078125,0,,0
15750,GF-19-CAM-19,36430.501720249,36430.502584664,36430.551934636,38.3330078125,38.3330078125,0,,0
15752,GF-19-CAM-19,36430.715244324,36430.716241208,36430.749829486,38.3330078125,38.3330078125,0,,0
15754,GF-19-CAM-19,36430.898593373,36430.899492893,36430.961108135,38.3330078125,38.3330078125,0,,0
15756,GF-19-CAM-19,36431.134784391,36431.135960481,36431.180924024,38.3330078125,38.3330078125,0,,0
15758,GF-19-CAM-19,36431.335035163,36431.336148973,36431.389749859,38.3330078125,38.3330078125,0,,0
15760,GF-19-CAM-19,36431.5366214,36431.537369697,36431.600239016,38.3330078125,38.3330078125,0,,0
15762,GF-19-CAM-19,36431.774204593,36431.775218418,36431.829894537,38.3330078125,38.3330078125,0,,0
15764,GF-19-CAM-19,36431.999010573,36432.000286945,36432.06691693,38.3330078125,38.3330078125,0,,0
15766,GF-19-CAM-19,36432.233440135,36432.235200604,36432.288306262,38.3330078125,38.3330078125,0,,0
15768,GF-19-CAM-19,36432.450702265,36432.453536229,36432.502028026,38.3330078125,38.3330078125,0,,0
15770,GF-19-CAM-19,36432.672537681,36432.673718747,36432.723000003,38.3330078125,38.3330078125,0,,0
15772,GF-19-CAM-19,36432.893798903,36432.894724554,36432.946398697,38.3330078125,38.3330078125,0,,0
15774,GF-19-CAM-19,36433.107759734,36433.10905876,36433.1503848,38.3330078125,38.3330078125,0,,0
15776,GF-19-CAM-19,36433.321257495,36433.322692296,36433.379011443,38.3330078125,38.3330078125,0,,0
15778,GF-19-CAM-19,36433.542103167,36433.54282298,36433.576860388,38.3330078125,38.3330078125,0,,0
15780,GF-19-CAM-19,36433.765277653,36433.766051447,36433.799963119,38.3330078125,38.3330078125,0,,0
15782,GF-19-CAM-19,36433.973961552,36433.976262494,36434.013236836,38.3330078125,38.3330078125,0,,0
15784,GF-19-CAM-19,36434.206264783,36434.207614961,36434.249985249,38.3330078125,38.3330078125,0,,0
15786,GF-19-CAM-19,36434.427044489,36434.427924449,36434.487345063,38.3330078125,38.3330078125,0,,0
15788,GF-19-CAM-19,36434.676399221,36434.677108261,36434.724766097,38.3330078125,38.3330078125,0,,0
15790,GF-19-CAM-19,36434.903228193,36434.904676832,36434.941350081,38.3330078125,38.3330078125,0,,0
15792,GF-19-CAM-19,36435.121374299,36435.121895237,36435.180330572,38.3330078125,38.3330078125,0,,0
15794,GF-19-CAM-19,36435.362907966,36435.364845922,36435.421621717,38.3330078125,38.3330078125,0,,0
15796,GF-19-CAM-19,36435.597817516,36435.598718542,36435.646303261,38.3330078125,38.3330078125,0,,0
15798,GF-19-CAM-19,36435.811877598,36435.812776859,36435.853184218,38.3330078125,38.3330078125,0,,0
15800,GF-19-CAM-19,36436.027624608,36436.028437472,36436.067893676,38.3330078125,38.3330078125,0,,0
15802,GF-19-CAM-19,36436.240967948,36436.247923812,36436.282558374,38.3330078125,38.3330078125,0,,0
15804,GF-19-CAM-19,36436.468386448,36436.469045466,36436.520276964,38.3330078125,38.3330078125,0,,0
15806,GF-19-CAM-19,36436.69712957,36436.698229559,36436.741855388,38.3330078125,38.3330078125,0,,0
15808,GF-19-CAM-19,36436.917817136,36436.918631073,36436.971870812,38.3330078125,38.3330078125,0,,0
15810,GF-19-CAM-19,36437.15323963,36437.154119218,36437.201764181,38.3330078125,38.3330078125,0,,0
15812,GF-19-CAM-19,36437.388591602,36437.389222432,36437.435642395,38.3330078125,38.3330078125,0,,0
15814,GF-19-CAM-19,36437.602030401,36437.602747898,36437.644365396,38.3330078125,38.3330078125,0,,0
15816,GF-19-CAM-19,36437.808663615,36437.809807247,36437.859234352,38.3330078125,38.3330078125,0,,0
15818,GF-19-CAM-19,36438.054908577,36438.05608147,36438.102852264,38.3330078125,38.3330078125,0,,0
15820,GF-19-CAM-19,36438.269406834,36438.271180749,36438.315906415,38.3330078125,38.3330078125,0,,0
15822,GF-19-CAM-19,36438.50985812,36438.511107793,36438.578962355,38.3330078125,38.3330078125,0,,0
15824,GF-19-CAM-19,36438.751989175,36438.753783795,36438.803499785,38.3330078125,38.3330078125,0,,0
15826,GF-19-CAM-19,36438.978754422,36438.97938731,36439.023670679,38.3330078125,38.3330078125,0,,0
15828,GF-19-CAM-19,36439.200830562,36439.201998794,36439.255621559,38.3330078125,38.3330078125,0,,0
15830,GF-19-CAM-19,36439.416770673,36439.417619326,36439.470572569,38.3330078125,38.3330078125,0,,0
15832,GF-19-CAM-19,36439.624235693,36439.625293223,36439.680361078,38.3330078125,38.3330078125,0,,0
15834,GF-19-CAM-19,36439.87055108,36439.873203574,36439.952306114,38.3330078125,38.3330078125,0,,0
15836,GF-19-CAM-19,36440.118584029,36440.119881215,36440.170107035,38.3330078125,38.3330078125,0,,0
15838,GF-19-CAM-19,36440.347844121,36440.348969449,36440.388666479,38.3330078125,38.3330078125,0,,0
15840,GF-19-CAM-19,36440.555196017,36440.556124693,36440.587046187,38.3330078125,38.3330078125,0,,0
15842,GF-19-CAM-19,36440.755222895,36440.756334224,36440.800799102,38.3330078125,38.3330078125,0,,0
15844,GF-19-CAM-19,36440.943566055,36440.948755706,36440.993809067,38.3330078125,38.3330078125,0,,0
15846,GF-19-CAM-19,36441.144915655,36441.146117292,36441.200441344,38.3330078125,38.3330078125,0,,0
15848,GF-19-CAM-19,36441.385092798,36441.385825656,36441.425807899,38.3330078125,38.3330078125,0,,0
15850,GF-19-CAM-19,36441.603780306,36441.604412477,36441.663669068,38.3330078125,38.3330078125,0,,0
15852,GF-19-CAM-19,36441.824481397,36441.826354134,36441.881594907,38.3330078125,38.3330078125,0,,0
15854,GF-19-CAM-19,36442.054550703,36442.056103405,36442.101451539,38.3330078125,38.3330078125,0,,0
15856,GF-19-CAM-19,36442.248561977,36442.249925869,36442.303994092,38.3330078125,38.3330078125,0,,0
15858,GF-19-CAM-19,36442.475458967,36442.47639732,36442.527998542,38.3330078125,38.3330078125,0,,0
15860,GF-19-CAM-19,36442.694064334,36442.695132029,36442.761575235,38.3330078125,38.3330078125,0,,0
15862,GF-19-CAM-19,36442.897559216,36442.898268267,36442.943091126,38.3330078125,38.3330078125,0,,0
15864,GF-19-CAM-19,36443.132263911,36443.134870414,36443.181284548,38.3330078125,38.3330078125,0,,0
15866,GF-19-CAM-19,36443.348956699,36443.352115157,36443.397839863,38.3330078125,38.3330078125,0,,0
15868,GF-19-CAM-19,36443.573691034,36443.575176812,36443.627051295,38.3330078125,38.3330078125,0,,0
15870,GF-19-CAM-19,36443.815137011,36443.816061736,36443.872878692,38.3330078125,38.3330078125,0,,0
15872,GF-19-CAM-19,36444.023131521,36444.023946395,36444.073778695,38.3330078125,38.3330078125,0,,0
15874,GF-19-CAM-19,36444.247486686,36444.248333493,36444.282092277,38.3330078125,38.3330078125,0,,0
15876,GF-19-CAM-19,36444.479415197,36444.480646514,36444.542168495,38.3330078125,38.3330078125,0,,0
15878,GF-19-CAM-19,36444.70805107,36444.709066767,36444.75775444,38.3330078125,38.3330078125,0,,0
15880,GF-19-CAM-19,36444.960831425,36444.961789393,36445.010126602,38.3330078125,38.3330078125,0,,0
15882,GF-19-CAM-19,36445.185139881,36445.186414137,36445.258852171,38.3330078125,38.3330078125,0,,0
15884,GF-19-CAM-19,36445.428208179,36445.429361674,36445.483791928,38.3330078125,38.3330078125,0,,0
15886,GF-19-CAM-19,36445.65643204,36445.657344557,36445.715940213,38.3330078125,38.3330078125,0,,0
15888,GF-19-CAM-19,36445.880982529,36445.882364472,36445.925034005,38.3330078125,38.3330078125,0,,0
15890,GF-19-CAM-19,36446.097969484,36446.09864333,36446.147641566,38.3330078125,38.3330078125,0,,0
15892,GF-19-CAM-19,36446.33756056,36446.338676496,36446.386466121,38.3330078125,38.3330078125,0,,0
15894,GF-19-CAM-19,36446.581590913,36446.582391032,36446.619208446,38.3330078125,38.3330078125,0,,0
15896,GF-19-CAM-19,36446.787576393,36446.788526566,36446.848256565,38.3330078125,38.3330078125,0,,0
15898,GF-19-CAM-19,36447.015938985,36447.016863513,36447.059204894,38.3330078125,38.3330078125,0,,0
15900,GF-19-CAM-19,36447.246587458,36447.247637997,36447.302220663,38.3330078125,38.3330078125,0,,0
15902,GF-19-CAM-19,36447.489419487,36447.490391728,36447.530992273,38.3330078125,38.3330078125,0,,0
15904,GF-19-CAM-19,36447.718174759,36447.719146525,36447.802823028,38.3330078125,38.3330078125,0,,0
15906,GF-19-CAM-19,36447.988790008,36447.994542645,36448.041339069,38.3330078125,38.3330078125,0,,0
15908,GF-19-CAM-19,36448.221199654,36448.222920357,36448.267053791,38.3330078125,38.3330078125,0,,0
15910,GF-19-CAM-19,36448.489339198,36448.491557065,36448.577244448,38.3330078125,38.3330078125,0,,0
15912,GF-19-CAM-19,36448.760932903,36448.762313247,36448.814652976,38.3330078125,38.3330078125,0,,0
15914,GF-19-CAM-19,36449.001254791,36449.00206713,36449.042223246,38.3330078125,38.3330078125,0,,0
15916,GF-19-CAM-19,36449.238134994,36449.242245554,36449.28721197,38.3330078125,38.3330078125,0,,0
15918,GF-19-CAM-19,36449.450624524,36449.451392537,36449.505233553,38.3330078125,38.3330078125,0,,0
15920,GF-19-CAM-19,36449.689755049,36449.69190831,36449.753238088,38.3330078125,38.3330078125,0,,0
15922,GF-19-CAM-19,36449.956913733,36449.958369334,36449.998776095,38.3330078125,38.3330078125,0,,0
15924,GF-19-CAM-19,36450.157471482,36450.159517301,36450.204131982,38.3330078125,38.3330078125,0,,0
15926,GF-19-CAM-19,36450.373134252,36450.374286554,36450.43673232,38.3330078125,38.3330078125,0,,0
15928,GF-19-CAM-19,36450.613120093,36450.615106975,36450.670164869,38.3330078125,38.3330078125,0,,0
15930,GF-19-CAM-19,36450.834140695,36450.836329672,36450.879802365,38.3330078125,38.3330078125,0,,0
15932,GF-19-CAM-19,36451.053570917,36451.056214489,36451.14261942,38.3330078125,38.3330078125,0,,0
15934,GF-19-CAM-19,36451.352908376,36451.353885492,36451.39430562,38.3330078125,38.3330078125,0,,0
15936,GF-19-CAM-19,36451.564355022,36451.565703071,36451.620351425,38.3330078125,38.3330078125,0,,0
15938,GF-19-CAM-19,36451.784603156,36451.785797553,36451.838154762,38.3330078125,38.3330078125,0,,0
15940,GF-19-CAM-19,36452.043023647,36452.04435212,36452.104607359,38.3330078125,38.3330078125,0,,0
15942,GF-19-CAM-19,36452.283740758,36452.285236065,36452.333131809,38.3330078125,38.3330078125,0,,0
15944,GF-19-CAM-19,36452.507125454,36452.507870766,36452.575053447,38.3330078125,38.3330078125,0,,0
15946,GF-19-CAM-19,36452.735995161,36452.736976228,36452.777082341,38.3330078125,38.3330078125,0,,0
15948,GF-19-CAM-19,36452.954049414,36452.954692908,36452.994482003,38.3330078125,38.3330078125,0,,0
15950,GF-19-CAM-19,36453.160924151,36453.161778897,36453.234276617,38.3330078125,38.3330078125,0,,0
15952,GF-19-CAM-19,36453.421394715,36453.422729999,36453.478991252,38.3330078125,38.3330078125,0,,0
15954,GF-19-CAM-19,36453.632159246,36453.634072239,36453.68160226,38.3330078125,38.3330078125,0,,0
15956,GF-19-CAM-19,36453.883171493,36453.884078589,36453.922602467,38.3330078125,38.3330078125,0,,0
15958,GF-19-CAM-19,36454.135102604,36454.135996573,36454.178798261,38.3330078125,38.3330078125,0,,0
15960,GF-19-CAM-19,36454.369451173,36454.37049521,36454.428613246,38.3330078125,38.3330078125,0,,0
15962,GF-19-CAM-19,36454.610816936,36454.614125491,36454.658898462,38.3330078125,38.3330078125,0,,0
15964,GF-19-CAM-19,36454.816352825,36454.818722202,36454.870753754,38.3330078125,38.3330078125,0,,0
15966,GF-19-CAM-19,36455.095563926,36455.096203113,36455.138100715,38.3330078125,38.3330078125,0,,0
15968,GF-19-CAM-19,36455.313404279,36455.317723944,36455.35778464,38.3330078125,38.3330078125,0,,0
15970,GF-19-CAM-19,36455.529393976,36455.531908944,36455.576084284,38.3330078125,38.3330078125,0,,0
15972,GF-19-CAM-19,36455.744249913,36455.745651575,36455.793618307,38.3330078125,38.3330078125,0,,0
15974,GF-19-CAM-19,36455.956184678,36455.957069248,36456.003341025,38.3330078125,38.3330078125,0,,0
15976,GF-19-CAM-19,36456.178588926,36456.179443194,36456.225683147,38.3330078125,38.3330078125,0,,0
15978,GF-19-CAM-19,36456.400474766,36456.401149041,36456.45347445,38.3330078125,38.3330078125,0,,0
15980,GF-19-CAM-19,36456.625982563,36456.627238872,36456.677180486,38.3330078125,38.3330078125,0,,0
15982,GF-19-CAM-19,36456.847226855,36456.848811918,36456.893058581,38.3330078125,38.3330078125,0,,0
15984,GF-19-CAM-19,36457.134049087,36457.136258713,36457.191064124,38.3330078125,38.3330078125,0,,0
15986,GF-19-CAM-19,36457.363936833,36457.364977909,36457.418301853,38.3330078125,38.3330078125,0,,0
15988,GF-19-CAM-19,36457.571824042,36457.572830233,36457.617719084,38.3330078125,38.3330078125,0,,0
15990,GF-19-CAM-19,36457.779171313,36457.78156502,36457.828589102,38.3330078125,38.3330078125,0,,0
15992,GF-19-CAM-19,36458.00732117,36458.008599262,36458.051503301,38.3330078125,38.3330078125,0,,0
15994,GF-19-CAM-19,36458.227614913,36458.22849862,36458.297556177,38.3330078125,38.3330078125,0,,0
15996,GF-19-CAM-19,36458.470883619,36458.472148673,36458.523176347,38.3330078125,38.3330078125,0,,0
15998,GF-19-CAM-19,36458.685186135,36458.686237331,36458.742556417,38.3330078125,38.3330078125,0,,0
16000,GF-19-CAM-19,36458.942548434,36458.943135408,36458.976864925,38.3330078125,38.3330078125,0,,0
16002,GF-19-CAM-19,36459.135479849,36459.137682938,36459.180623191,38.3330078125,38.3330078125,0,,0
16004,GF-19-CAM-19,36459.35007473,36459.353308798,36459.419552168,38.3330078125,38.3330078125,0,,0
16006,GF-19-CAM-19,36459.616026729,36459.617973746,36459.671420371,38.3330078125,38.3330078125,0,,0
16008,GF-19-CAM-19,36459.843064413,36459.844249638,36459.910098861,38.3330078125,38.3330078125,0,,0
16010,GF-19-CAM-19,36460.071649833,36460.072075179,36460.149697761,38.3330078125,38.3330078125,0,,0
16012,GF-19-CAM-19,36460.320058892,36460.3212568,36460.370323531,38.3330078125,38.3330078125,0,,0
16014,GF-19-CAM-19,36460.54484524,36460.546306558,36460.596824565,38.3330078125,38.3330078125,0,,0
16016,GF-19-CAM-19,36460.77211726,36460.774738467,36460.819304617,38.3330078125,38.3330078125,0,,0
16018,GF-19-CAM-19,36460.990471248,36460.991287416,36461.050548603,38.3330078125,38.3330078125,0,,0
16020,GF-19-CAM-19,36461.209288766,36461.211033976,36461.278040554,38.3330078125,38.3330078125,0,,0
16022,GF-19-CAM-19,36461.445154533,36461.445909116,36461.503211996,38.3330078125,38.3330078125,0,,0
16024,GF-19-CAM-19,36461.690180144,36461.690966682,36461.729388301,38.3330078125,38.3330078125,0,,0
16026,GF-19-CAM-19,36461.914529637,36461.915649411,36461.950364295,38.3330078125,38.3330078125,0,,0
16028,GF-19-CAM-19,36462.128281028,36462.131527919,36462.17803414,38.3330078125,38.3330078125,0,,0
16030,GF-19-CAM-19,36462.343435463,36462.349143226,36462.393318038,38.3330078125,38.3330078125,0,,0
16032,GF-19-CAM-19,36462.549324259,36462.550624134,36462.588027797,38.3330078125,38.3330078125,0,,0
16034,GF-19-CAM-19,36462.755355933,36462.757013835,36462.797805146,38.3330078125,38.3330078125,0,,0
16036,GF-19-CAM-19,36462.956690346,36462.957543587,36463.021091589,38.3330078125,38.3330078125,0,,0
16038,GF-19-CAM-19,36463.225378279,36463.226224011,36463.274387498,38.3330078125,38.3330078125,0,,0
16040,GF-19-CAM-19,36463.424547615,36463.425667483,36463.480875331,38.3330078125,38.3330078125,0,,0
16042,GF-19-CAM-19,36463.652473269,36463.654863072,36463.689992889,38.3330078125,38.3330078125,0,,0
16044,GF-19-CAM-19,36463.863711636,36463.864717267,36463.907339617,38.3330078125,38.3330078125,0,,0
16046,GF-19-CAM-19,36464.072228296,36464.073380642,36464.133302663,38.3330078125,38.3330078125,0,,0
16048,GF-19-CAM-19,36464.284215494,36464.28491935,36464.340996912,38.3330078125,38.3330078125,0,,0
16050,GF-19-CAM-19,36464.513101432,36464.514486282,36464.577623296,38.3330078125,38.3330078125,0,,0
16052,GF-19-CAM-19,36464.761294748,36464.762811521,36464.809212071,38.3330078125,38.3330078125,0,,0
16054,GF-19-CAM-19,36464.982361982,36464.983377628,36465.026288426,38.3330078125,38.3330078125,0,,0
16056,GF-19-CAM-19,36465.214771339,36465.215904938,36465.273185912,38.3330078125,38.3330078125,0,,0
16058,GF-19-CAM-19,36465.445595775,36465.446810365,36465.499446682,38.3330078125,38.3330078125,0,,0
16060,GF-19-CAM-19,36465.684320816,36465.68519929,36465.730666882,38.3330078125,38.3330078125,0,,0
16062,GF-19-CAM-19,36465.892288268,36465.892972294,36465.962035392,38.3330078125,38.3330078125,0,,0
16064,GF-19-CAM-19,36466.136621833,36466.13789757,36466.194695596,38.3330078125,38.3330078125,0,,0
16066,GF-19-CAM-19,36466.399606908,36466.401375749,36466.469499216,38.3330078125,38.3330078125,0,,0
16068,GF-19-CAM-19,36466.62802173,36466.629630396,36466.66807114,38.3330078125,38.3330078125,0,,0
16070,GF-19-CAM-19,36466.852669807,36466.853542428,36466.894560181,38.3330078125,38.3330078125,0,,0
16072,GF-19-CAM-19,36467.074094247,36467.074744047,36467.128597871,38.3330078125,38.3330078125,0,,0
16074,GF-19-CAM-19,36467.320688117,36467.32170224,36467.361026516,38.3330078125,38.3330078125,0,,0
16076,GF-19-CAM-19,36467.532188765,36467.532864828,36467.581505781,38.3330078125,38.3330078125,0,,0
16078,GF-19-CAM-19,36467.749610734,36467.750810374,36467.7914562,38.3330078125,38.3330078125,0,,0
16080,GF-19-CAM-19,36467.980025429,36467.981017462,36468.018689342,38.3330078125,38.3330078125,0,,0
16082,GF-19-CAM-19,36468.171652589,36468.172577493,36468.249017889,38.3330078125,38.3330078125,0,,0
16084,GF-19-CAM-19,36468.438450584,36468.439658696,36468.476561194,38.3330078125,38.3330078125,0,,0
16086,GF-19-CAM-19,36468.632113346,36468.63367678,36468.668324199,38.3330078125,38.3330078125,0,,0
16088,GF-19-CAM-19,36468.855183368,36468.85612783,36468.92562595,38.3330078125,38.3330078125,0,,0
16090,GF-19-CAM-19,36469.146573184,36469.14752721,36469.216722883,38.3330078125,38.3330078125,0,,0
16092,GF-19-CAM-19,36469.371216462,36469.375439508,36469.426909163,38.3330078125,38.3330078125,0,,0
16094,GF-19-CAM-19,36469.600199993,36469.601320922,36469.665244564,38.3330078125,38.3330078125,0,,0
16096,GF-19-CAM-19,36469.838863641,36469.839878431,36469.898053476,38.3330078125,38.3330078125,0,,0
16098,GF-19-CAM-19,36470.064397422,36470.066988776,36470.116109672,38.3330078125,38.3330078125,0,,0
16100,GF-19-CAM-19,36470.280299352,36470.281595295,36470.336372085,38.3330078125,38.3330078125,0,,0
16102,GF-19-CAM-19,36470.500210729,36470.501134608,36470.555880539,38.3330078125,38.3330078125,0,,0
16104,GF-19-CAM-19,36470.749576329,36470.750340852,36470.786153539,38.3330078125,38.3330078125,0,,0
16106,GF-19-CAM-19,36470.945650976,36470.946676374,36470.993533625,38.3330078125,38.3330078125,0,,0
16108,GF-19-CAM-19,36471.16623154,36471.167334787,36471.222914914,38.3330078125,38.3330078125,0,,0
16110,GF-19-CAM-19,36471.390743362,36471.391685819,36471.427614605,38.3330078125,38.3330078125,0,,0
16112,GF-19-CAM-19,36471.613693161,36471.614662441,36471.661240441,38.3330078125,38.3330078125,0,,0
16114,GF-19-CAM-19,36471.83422447,36471.83673191,36471.897499725,38.3330078125,38.3330078125,0,,0
16116,GF-19-CAM-19,36472.061571892,36472.062367026,36472.110090806,38.3330078125,38.3330078125,0,,0
16118,GF-19-CAM-19,36472.2671396,36472.268002473,36472.327934957,38.3330078125,38.3330078125,0,,0
16120,GF-19-CAM-19,36472.485661664,36472.488624579,36472.544233335,38.3330078125,38.3330078125,0,,0
16122,GF-19-CAM-19,36472.737988965,36472.73944926,36472.80665032,38.3330078125,38.3330078125,0,,0
16124,GF-19-CAM-19,36473.024863611,36473.02693324,36473.06716333,38.3330078125,38.3330078125,0,,0
16126,GF-19-CAM-19,36473.247624596,36473.2496081,36473.291894281,38.3330078125,38.3330078125,0,,0
16128,GF-19-CAM-19,36473.483505752,36473.484261057,36473.530043689,38.3330078125,38.3330078125,0,,0
16130,GF-19-CAM-19,36473.700821239,36473.702490857,36473.732323269,38.3330078125,38.3330078125,0,,0
16132,GF-19-CAM-19,36473.892379874,36473.895684746,36473.936776815,38.3330078125,38.3330078125,0,,0
16134,GF-19-CAM-19,36474.111021626,36474.118289349,36474.172098445,38.3330078125,38.3330078125,0,,0
16136,GF-19-CAM-19,36474.340193942,36474.341088283,36474.387109991,38.3330078125,38.3330078125,0,,0
16138,GF-19-CAM-19,36474.561855318,36474.564684842,36474.607683794,38.3330078125,38.3330078125,0,,0
16140,GF-19-CAM-19,36474.757876337,36474.758327778,36474.799166514,38.3330078125,38.3330078125,0,,0
16142,GF-19-CAM-19,36474.969358821,36474.970357042,36475.008166743,38.3330078125,38.3330078125,0,,0
16144,GF-19-CAM-19,36475.199634052,36475.200805051,36475.243770582,38.3330078125,38.3330078125,0,,0
16146,GF-19-CAM-19,36475.440482577,36475.441430298,36475.481235662,38.3330078125,38.3330078125,0,,0
16148,GF-19-CAM-19,36475.656473453,36475.657592833,36475.706941197,38.3330078125,38.3330078125,0,,0
16150,GF-19-CAM-19,36475.885671155,36475.886801634,36475.944680272,38.3330078125,38.3330078125,0,,0
16152,GF-19-CAM-19,36476.107269502,36476.108325301,36476.147319126,38.3330078125,38.3330078125,0,,0
16154,GF-19-CAM-19,36476.33072267,36476.333225558,36476.392749408,38.3330078125,38.3330078125,0,,0
16156,GF-19-CAM-19,36476.553998411,36476.55505811,36476.606571724,38.3330078125,38.3330078125,0,,0
16158,GF-19-CAM-19,36476.776628482,36476.777899557,36476.83190442,38.3330078125,38.3330078125,0,,0
16160,GF-19-CAM-19,36477.001977684,36477.003664988,36477.065597422,38.3330078125,38.3330078125,0,,0
16162,GF-19-CAM-19,36477.212685585,36477.213773731,36477.263619136,38.3330078125,38.3330078125,0,,0
16164,GF-19-CAM-19,36477.438627071,36477.439382534,36477.496094653,38.3330078125,38.3330078125,0,,0
16166,GF-19-CAM-19,36477.663954171,36477.664871964,36477.71192977,38.3330078125,38.3330078125,0,,0
16168,GF-19-CAM-19,36477.898785249,36477.8996723,36477.939291027,38.3330078125,38.3330078125,0,,0
16170,GF-19-CAM-19,36478.110866452,36478.111946133,36478.169678863,38.3330078125,38.3330078125,0,,0
16172,GF-19-CAM-19,36478.360472944,36478.36323319,36478.407527618,38.3330078125,38.3330078125,0,,0
16174,GF-19-CAM-19,36478.623742049,36478.624416957,36478.685386218,38.3330078125,38.3330078125,0,,0
16176,GF-19-CAM-19,36478.843323011,36478.846087577,36478.909593286,38.3330078125,38.3330078125,0,,0
16178,GF-19-CAM-19,36479.079436256,36479.080182526,36479.122345586,38.3330078125,38.3330078125,0,,0
16180,GF-19-CAM-19,36479.29536791,36479.296113838,36479.336514314,38.3330078125,38.3330078125,0,,0
16182,GF-19-CAM-19,36479.514358599,36479.516372871,36479.566245246,38.3330078125,38.3330078125,0,,0
16184,GF-19-CAM-19,36479.773923884,36479.774724677,36479.811194083,38.3330078125,38.3330078125,0,,0
16186,GF-19-CAM-19,36479.986733231,36479.988280948,36480.032492333,38.3330078125,38.3330078125,0,,0
16188,GF-19-CAM-19,36480.199421728,36480.200167257,36480.24587369,38.3330078125,38.3330078125,0,,0
16190,GF-19-CAM-19,36480.438840232,36480.441666422,36480.484439943,38.3330078125,38.3330078125,0,,0
16192,GF-19-CAM-19,36480.672113511,36480.672638485,36480.713951922,38.3330078125,38.3330078125,0,,0
16194,GF-19-CAM-19,36480.888736553,36480.890262773,36480.945204429,38.3330078125,38.3330078125,0,,0
16196,GF-19-CAM-19,36481.131077874,36481.138497826,36481.190380188,38.3330078125,38.3330078125,0,,0
16198,GF-19-CAM-19,36481.383571596,36481.385769457,36481.427974143,38.3330078125,38.3330078125,0,,0
16200,GF-19-CAM-19,36481.617711804,36481.61871715,36481.655792793,38.3330078125,38.3330078125,0,,0
16202,GF-19-CAM-19,36481.823366267,36481.82422466,36481.891854618,38.3330078125,38.3330078125,0,,0
16204,GF-19-CAM-19,36482.082116317,36482.084569067,36482.142527803,38.3330078125,38.3330078125,0,,0
16206,GF-19-CAM-19,36482.320405912,36482.322957624,36482.37277685,38.3330078125,38.3330078125,0,,0
16208,GF-19-CAM-19,36482.536787994,36482.539315803,36482.574649501,38.3330078125,38.3330078125,0,,0
16210,GF-19-CAM-19,36482.734307828,36482.734908196,36482.78908162,38.3330078125,38.3330078125,0,,0
16212,GF-19-CAM-19,36482.986037994,36482.98747853,36483.030928816,38.3330078125,38.3330078125,0,,0
16214,GF-19-CAM-19,36483.19270547,36483.1949291,36483.263486683,38.3330078125,38.3330078125,0,,0
16216,GF-19-CAM-19,36483.432688308,36483.433443793,36483.516673453,38.3330078125,38.3330078125,0,,0
16218,GF-19-CAM-19,36483.663855742,36483.664802129,36483.728757631,38.3330078125,38.3330078125,0,,0
16220,GF-19-CAM-19,36483.894641418,36483.896679061,36483.955909843,38.3330078125,38.3330078125,0,,0
16222,GF-19-CAM-19,36484.148045709,36484.148469049,36484.192633781,38.3330078125,38.3330078125,0,,0
16224,GF-19-CAM-19,36484.367730148,36484.368345422,36484.43027658,38.3330078125,38.3330078125,0,,0
16226,GF-19-CAM-19,36484.588400975,36484.591226149,36484.641893969,38.3330078125,38.3330078125,0,,0
16228,GF-19-CAM-19,36484.806908453,36484.810493301,36484.844036069,38.3330078125,38.3330078125,0,,0
16230,GF-19-CAM-19,36485.039227894,36485.040646585,36485.12413874,38.3330078125,38.3330078125,0,,0
16232,GF-19-CAM-19,36485.323488534,36485.324208918,36485.378914158,38.3330078125,38.3330078125,0,,0
16234,GF-19-CAM-19,36485.548749904,36485.551104534,36485.610828951,38.3330078125,38.3330078125,0,,0
16236,GF-19-CAM-19,36485.783152056,36485.78379484,36485.840588631,38.3330078125,38.3330078125,0,,0
16238,GF-19-CAM-19,36486.044724989,36486.045681831,36486.104613411,38.3330078125,38.3330078125,0,,0
16240,GF-19-CAM-19,36486.268229977,36486.269670911,36486.319869162,38.3330078125,38.3330078125,0,,0
16242,GF-19-CAM-19,36486.525143231,36486.526116196,36486.583022643,38.3330078125,38.3330078125,0,,0
16244,GF-19-CAM-19,36486.747601031,36486.748628925,36486.785664102,38.3330078125,38.3330078125,0,,0
16246,GF-19-CAM-19,36486.973268985,36486.974460217,36487.012883333,38.3330078125,38.3330078125,0,,0
16248,GF-19-CAM-19,36487.203660288,36487.205684573,36487.25538318,38.3330078125,38.3330078125,0,,0
16250,GF-19-CAM-19,36487.423273123,36487.424524265,36487.489268487,38.3330078125,38.3330078125,0,,0
16252,GF-19-CAM-19,36487.673244001,36487.674632904,36487.717734845,38.3330078125,38.3330078125,0,,0
16254,GF-19-CAM-19,36487.897280532,36487.898669353,36487.956771994,38.3330078125,38.3330078125,0,,0
16256,GF-19-CAM-19,36488.125665228,36488.128165773,36488.201580526,38.3330078125,38.3330078125,0,,0
16258,GF-19-CAM-19,36488.390145076,36488.397619689,36488.448751624,38.3330078125,38.3330078125,0,,0
16260,GF-19-CAM-19,36488.624096931,36488.624872681,36488.66916758,38.3330078125,38.3330078125,0,,0
16262,GF-19-CAM-19,36488.84936254,36488.850458495,36488.898249144,38.3330078125,38.3330078125,0,,0
16264,GF-19-CAM-19,36489.069318492,36489.070421986,36489.124530916,38.3330078125,38.3330078125,0,,0
16266,GF-19-CAM-19,36489.296722105,36489.297453632,36489.337871722,38.3330078125,38.3330078125,0,,0
16268,GF-19-CAM-19,36489.525787856,36489.526966988,36489.574291549,38.3330078125,38.3330078125,0,,0
16270,GF-19-CAM-19,36489.750563342,36489.751846114,36489.80632851,38.3330078125,38.3330078125,0,,0
16272,GF-19-CAM-19,36490.023632779,36490.024682821,36490.062261531,38.3330078125,38.3330078125,0,,0
16274,GF-19-CAM-19,36490.240355851,36490.242021976,36490.300176828,38.3330078125,38.3330078125,0,,0
16276,GF-19-CAM-19,36490.471815074,36490.472846069,36490.524719114,38.3330078125,38.3330078125,0,,0
16278,GF-19-CAM-19,36490.689973982,36490.690980702,36490.739183205,38.3330078125,38.3330078125,0,,0
16280,GF-19-CAM-19,36490.915374466,36490.918440396,36490.966764563,38.3330078125,38.3330078125,0,,0
16282,GF-19-CAM-19,36491.14049261,36491.142852099,36491.188596002,38.3330078125,38.3330078125,0,,0
16284,GF-19-CAM-19,36491.396695567,36491.399475694,36491.45732479,38.3330078125,38.3330078125,0,,0
16286,GF-19-CAM-19,36491.658892007,36491.659837697,36491.706039586,38.3330078125,38.3330078125,0,,0
16288,GF-19-CAM-19,36491.888085112,36491.890684912,36491.938231238,38.3330078125,38.3330078125,0,,0
16290,GF-19-CAM-19,36492.114918288,36492.116024349,36492.177302971,38.3330078125,38.3330078125,0,,0
16292,GF-19-CAM-19,36492.352163734,36492.353458619,36492.442355665,38.3330078125,38.3330078125,0,,0
16294,GF-19-CAM-19,36492.611872067,36492.613676533,36492.662719941,38.3330078125,38.3330078125,0,,0
16296,GF-19-CAM-19,36492.840334414,36492.841279506,36492.900488653,38.3330078125,38.3330078125,0,,0
16298,GF-19-CAM-19,36493.094830367,36493.096026512,36493.140113986,38.3330078125,38.3330078125,0,,0
16300,GF-19-CAM-19,36493.325901284,36493.32723959,36493.373919032,38.3330078125,38.3330078125,0,,0
16302,GF-19-CAM-19,36493.571274857,36493.57217174,36493.627461314,38.3330078125,38.3330078125,0,,0
16304,GF-19-CAM-19,36493.817862854,36493.819113508,36493.864708196,38.3330078125,38.3330078125,0,,0
16306,GF-19-CAM-19,36494.044948198,36494.049570313,36494.090139476,38.3330078125,38.3330078125,0,,0
16308,GF-19-CAM-19,36494.263507115,36494.264108949,36494.325485482,38.3330078125,38.3330078125,0,,0
16310,GF-19-CAM-19,36494.507368448,36494.508219812,36494.549265773,38.3330078125,38.3330078125,0,,0
16312,GF-19-CAM-19,36494.724665128,36494.725796251,36494.7772766,38.3330078125,38.3330078125,0,,0
16314,GF-19-CAM-19,36494.955617659,36494.956780184,36495.014917914,38.3330078125,38.3330078125,0,,0
16316,GF-19-CAM-19,36495.205402045,36495.207596099,36495.250948708,38.3330078125,38.3330078125,0,,0
16318,GF-19-CAM-19,36495.479709813,36495.481426653,36495.530439102,38.3330078125,38.3330078125,0,,0
16320,GF-19-CAM-19,36495.695142353,36495.702977074,36495.759772167,38.3330078125,38.3330078125,0,,0
16322,GF-19-CAM-19,36495.948751342,36495.949757571,36496.008112046,38.3330078125,38.3330078125,0,,0
16324,GF-19-CAM-19,36496.1988172,36496.200310135,36496.267734514,38.3330078125,38.3330078125,0,,0
16326,GF-19-CAM-19,36496.436771413,36496.437734538,36496.47632053,38.3330078125,38.3330078125,0,,0
16328,GF-19-CAM-19,36496.668316645,36496.668878574,36496.72399654,38.3330078125,38.3330078125,0,,0
16330,GF-19-CAM-19,36496.9179872,36496.918615311,36496.976507017,38.3330078125,38.3330078125,0,,0
16332,GF-19-CAM-19,36497.150302146,36497.151513745,36497.208530692,38.3330078125,38.3330078125,0,,0
16334,GF-19-CAM-19,36497.37069282,36497.371976546,36497.416973082,38.3330078125,38.3330078125,0,,0
16336,GF-19-CAM-19,36497.630280002,36497.631130174,36497.685486351,38.3330078125,38.3330078125,0,,0
16338,GF-19-CAM-19,36497.884686019,36497.885796746,36497.941928594,38.3330078125,38.3330078125,0,,0
16340,GF-19-CAM-19,36498.152079986,36498.153597919,36498.20826977,38.3330078125,38.3330078125,0,,0
16342,GF-19-CAM-19,36498.366142609,36498.366645956,36498.418724767,38.3330078125,38.3330078125,0,,0
16344,GF-19-CAM-19,36498.591151153,36498.594768622,36498.62992284,38.3330078125,38.3330078125,0,,0
16346,GF-19-CAM-19,36498.801456673,36498.804638799,36498.855599576,38.3330078125,38.3330078125,0,,0
16348,GF-19-CAM-19,36499.044249767,36499.04477154,36499.080250356,38.3330078125,38.3330078125,0,,0
16350,GF-19-CAM-19,36499.244967103,36499.24601844,36499.282117663,38.3330078125,38.3330078125,0,,0
16352,GF-19-CAM-19,36499.48188592,36499.482961765,36499.52813619,38.3330078125,38.3330078125,0,,0
16354,GF-19-CAM-19,36499.698192026,36499.698912674,36499.752891922,38.3330078125,38.3330078125,0,,0
16356,GF-19-CAM-19,36499.930840248,36499.93228245,36500.002216233,38.3330078125,38.3330078125,0,,0
16358,GF-19-CAM-19,36500.174321909,36500.175760251,36500.218599787,38.3330078125,38.3330078125,0,,0
16360,GF-19-CAM-19,36500.391912628,36500.392868913,36500.433064719,38.3330078125,38.3330078125,0,,0
16362,GF-19-CAM-19,36500.605289297,36500.607188067,36500.664186878,38.3330078125,38.3330078125,0,,0
16364,GF-19-CAM-19,36500.827228043,36500.82826379,36500.874888917,38.3330078125,38.3330078125,0,,0
16366,GF-19-CAM-19,36501.041571486,36501.0432847,36501.083984394,38.3330078125,38.3330078125,0,,0
16368,GF-19-CAM-19,36501.256886687,36501.257885141,36501.321381872,38.3330078125,38.3330078125,0,,0
16370,GF-19-CAM-19,36501.485162104,36501.485806413,36501.542381944,38.3330078125,38.3330078125,0,,0
16372,GF-19-CAM-19,36501.713444498,36501.716087289,36501.75531179,38.3330078125,38.3330078125,0,,0
16374,GF-19-CAM-19,36501.926806903,36501.927942862,36501.970746353,38.3330078125,38.3330078125,0,,0
16376,GF-19-CAM-19,36502.13280092,36502.133689903,36502.184434255,38.3330078125,38.3330078125,0,,0
16378,GF-19-CAM-19,36502.374859192,36502.376066717,36502.434843936,38.3330078125,38.3330078125,0,,0
16380,GF-19-CAM-19,36502.615808982,36502.617166584,36502.665700882,38.3330078125,38.3330078125,0,,0
16382,GF-19-CAM-19,36502.830076915,36502.830701832,36502.900230013,38.3330078125,38.3330078125,0,,0
16384,GF-19-CAM-19,36503.071660562,36503.072794875,36503.136404865,38.3330078125,38.3330078125,0,,0
16386,GF-19-CAM-19,36503.294391746,36503.295520544,36503.355770555,38.3330078125,38.3330078125,0,,0
16388,GF-19-CAM-19,36503.535760237,36503.536451573,36503.590171117,38.3330078125,38.3330078125,0,,0
16390,GF-19-CAM-19,36503.782874053,36503.783484139,36503.818634148,38.3330078125,38.3330078125,0,,0
16392,GF-19-CAM-19,36504.001899211,36504.002934038,36504.04526143,38.3330078125,38.3330078125,0,,0
16394,GF-19-CAM-19,36504.221903762,36504.223997451,36504.279421859,38.3330078125,38.3330078125,0,,0
16396,GF-19-CAM-19,36504.452188653,36504.452974835,36504.502420989,38.3330078125,38.3330078125,0,,0
16398,GF-19-CAM-19,36504.674702,36504.677336709,36504.72687903,38.3330078125,38.3330078125,0,,0
16400,GF-19-CAM-19,36504.928548291,36504.929710587,36504.982900855,38.3330078125,38.3330078125,0,,0
16402,GF-19-CAM-19,36505.151046971,36505.152031309,36505.206732779,38.3330078125,38.3330078125,0,,0
16404,GF-19-CAM-19,36505.397253961,36505.398257032,36505.439609174,38.3330078125,38.3330078125,0,,0
16406,GF-19-CAM-19,36505.612406845,36505.613404629,36505.660702264,38.3330078125,38.3330078125,0,,0
16408,GF-19-CAM-19,36505.842971949,36505.845582925,36505.888636813,38.3330078125,38.3330078125,0,,0
16410,GF-19-CAM-19,36506.114756318,36506.116025689,36506.173783635,38.3330078125,38.3330078125,0,,0
16412,GF-19-CAM-19,36506.32795256,36506.329704261,36506.380703508,38.3330078125,38.3330078125,0,,0
16414,GF-19-CAM-19,36506.562109093,36506.563238414,36506.628675485,38.3330078125,38.3330078125,0,,0
16416,GF-19-CAM-19,36506.79921397,36506.800773845,36506.857949247,38.3330078125,38.3330078125,0,,0
16418,GF-19-CAM-19,36507.0137831,36507.014528079,36507.06636934,38.3330078125,38.3330078125,0,,0
16420,GF-19-CAM-19,36507.26460996,36507.266428042,36507.314186125,38.3330078125,38.3330078125,0,,0
16422,GF-19-CAM-19,36507.472821153,36507.473358114,36507.535723631,38.3330078125,38.3330078125,0,,0
16424,GF-19-CAM-19,36507.705546919,36507.708783569,36507.788954052,38.3330078125,38.3330078125,0,,0
16426,GF-19-CAM-19,36507.992051005,36507.993216499,36508.035553578,38.3330078125,38.3330078125,0,,0
16428,GF-19-CAM-19,36508.214354889,36508.215042085,36508.28987582,38.3330078125,38.3330078125,0,,0
16430,GF-19-CAM-19,36508.461685603,36508.462444609,36508.516708705,38.3330078125,38.3330078125,0,,0
16432,GF-19-CAM-19,36508.693655961,36508.694998799,36508.74199969,38.3330078125,38.3330078125,0,,0
16434,GF-19-CAM-19,36508.913345554,36508.915371572,36508.971024468,38.3330078125,38.3330078125,0,,0
16436,GF-19-CAM-19,36509.15813693,36509.159644443,36509.207054004,38.3330078125,38.3330078125,0,,0
16438,GF-19-CAM-19,36509.370316451,36509.371334955,36509.424021086,38.3330078125,38.3330078125,0,,0
16440,GF-19-CAM-19,36509.589507075,36509.590366294,36509.630987697,38.3330078125,38.3330078125,0,,0
16442,GF-19-CAM-19,36509.811429524,36509.812415801,36509.859652084,38.3330078125,38.3330078125,0,,0
16444,GF-19-CAM-19,36510.08348145,36510.084155386,36510.162429933,38.3330078125,38.3330078125,0,,0
16446,GF-19-CAM-19,36510.374816295,36510.376092514,36510.427751582,38.3330078125,38.3330078125,0,,0
16448,GF-19-CAM-19,36510.61012531,36510.611211286,36510.666235967,38.3330078125,38.3330078125,0,,0
16450,GF-19-CAM-19,36510.830520144,36510.832504797,36510.892965598,38.3330078125,38.3330078125,0,,0
16452,GF-19-CAM-19,36511.041772894,36511.042920828,36511.089631376,38.3330078125,38.3330078125,0,,0
16454,GF-19-CAM-19,36511.259328797,36511.260116612,36511.301432362,38.3330078125,38.3330078125,0,,0
16456,GF-19-CAM-19,36511.463658733,36511.466122155,36511.513655586,38.3330078125,38.3330078125,0,,0
16458,GF-19-CAM-19,36511.679450578,36511.68016135,36511.744322609,38.3330078125,38.3330078125,0,,0
16460,GF-19-CAM-19,36511.891907331,36511.893068808,36511.9334269,38.3330078125,38.3330078125,0,,0
16462,GF-19-CAM-19,36512.103947197,36512.104530512,36512.14658383,38.3330078125,38.3330078125,0,,0
16464,GF-19-CAM-19,36512.313032935,36512.314084461,36512.350942697,38.3330078125,38.3330078125,0,,0
16466,GF-19-CAM-19,36512.524227074,36512.52556617,36512.571440495,38.3330078125,38.3330078125,0,,0
16468,GF-19-CAM-19,36512.745836711,36512.74705635,36512.8073349,38.3330078125,38.3330078125,0,,0
16470,GF-19-CAM-19,36512.970657102,36512.971731319,36513.00626214,38.3330078125,38.3330078125,0,,0
16478,GF-19-CAM-19,36513.669555023,36513.670689358,36513.720344586,38.3330078125,38.3330078125,0,,0
16480,GF-19-CAM-19,36513.897546082,36513.900762128,36513.939740263,38.3330078125,38.3330078125,0,,0
16482,GF-19-CAM-19,36514.118793211,36514.119620756,36514.176942991,38.3330078125,38.3330078125,0,,0
16484,GF-19-CAM-19,36514.351318085,36514.352097368,36514.401364798,38.3330078125,38.3330078125,0,,0
16486,GF-19-CAM-19,36514.581954719,36514.585538246,36514.632842006,38.3330078125,38.3330078125,0,,0
16488,GF-19-CAM-19,36514.793522277,36514.794693497,36514.848768013,38.3330078125,38.3330078125,0,,0
16490,GF-19-CAM-19,36515.026527973,36515.027418993,36515.087073813,38.3330078125,38.3330078125,0,,0
16492,GF-19-CAM-19,36515.232906317,36515.237485177,36515.301292902,38.3330078125,38.3330078125,0,,0
16494,GF-19-CAM-19,36515.474425375,36515.475335414,36515.528924847,38.3330078125,38.3330078125,0,,0
16496,GF-19-CAM-19,36515.72586887,36515.727067071,36515.766928706,38.3330078125,38.3330078125,0,,0
16498,GF-19-CAM-19,36515.941230408,36515.942149543,36515.983339076,38.3330078125,38.3330078125,0,,0
16500,GF-19-CAM-19,36516.161072281,36516.162455699,36516.21830436,38.3330078125,38.3330078125,0,,0
16502,GF-19-CAM-19,36516.372427929,36516.373071361,36516.434961434,38.3330078125,38.3330078125,0,,0
16504,GF-19-CAM-19,36516.591926209,36516.592588106,36516.635263151,38.3330078125,38.3330078125,0,,0
16506,GF-19-CAM-19,36516.780636135,36516.781941552,36516.849512194,38.3330078125,38.3330078125,0,,0
16508,GF-19-CAM-19,36517.040760084,36517.041508385,36517.085973979,38.3330078125,38.3330078125,0,,0
16510,GF-19-CAM-19,36517.257920947,36517.258959878,36517.323125202,38.3330078125,38.3330078125,0,,0
16512,GF-19-CAM-19,36517.514342038,36517.51498864,36517.573373216,38.3330078125,38.3330078125,0,,0
16514,GF-19-CAM-19,36517.730299832,36517.731063886,36517.773615774,38.3330078125,38.3330078125,0,,0
16516,GF-19-CAM-19,36517.929097846,36517.930983348,36517.989297254,38.3330078125,38.3330078125,0,,0
16518,GF-19-CAM-19,36518.182802797,36518.184304741,36518.240612401,38.3330078125,38.3330078125,0,,0
16520,GF-19-CAM-19,36518.37205868,36518.373276296,36518.425155878,38.3330078125,38.3330078125,0,,0
16522,GF-19-CAM-19,36518.594631667,36518.596192867,36518.643211969,38.3330078125,38.3330078125,0,,0
16524,GF-19-CAM-19,36518.791591687,36518.793065544,36518.839383934,38.3330078125,38.3330078125,0,,0
16526,GF-19-CAM-19,36518.989259037,36518.989761961,36519.030141296,38.3330078125,38.3330078125,0,,0
16528,GF-19-CAM-19,36519.206987683,36519.208017614,36519.250348262,38.3330078125,38.3330078125,0,,0
16530,GF-19-CAM-19,36519.433609747,36519.434237567,36519.494213182,38.3330078125,38.3330078125,0,,0
16532,GF-19-CAM-19,36519.651627483,36519.652603426,36519.692871267,38.3330078125,38.3330078125,0,,0
16534,GF-19-CAM-19,36519.881418076,36519.882835076,36519.926310424,38.3330078125,38.3330078125,0,,0
16536,GF-19-CAM-19,36520.116124173,36520.116804732,36520.173334799,38.3330078125,38.3330078125,0,,0
16538,GF-19-CAM-19,36520.346339909,36520.349040894,36520.396051697,38.3330078125,38.3330078125,0,,0
16540,GF-19-CAM-19,36520.551605475,36520.552925604,36520.638694525,38.3330078125,38.3330078125,0,,0
16542,GF-19-CAM-19,36520.784847412,36520.786165855,36520.84461504,38.3330078125,38.3330078125,0,,0
16544,GF-19-CAM-19,36521.017866219,36521.018986996,36521.064965546,38.3330078125,38.3330078125,0,,0
16546,GF-19-CAM-19,36521.236088246,36521.236864277,36521.267822488,38.3330078125,38.3330078125,0,,0
16548,GF-19-CAM-19,36521.43201873,36521.434055552,36521.487392764,38.3330078125,38.3330078125,0,,0
16550,GF-19-CAM-19,36521.620221919,36521.620878493,36521.68822436,38.3330078125,38.3330078125,0,,0
16552,GF-19-CAM-19,36521.867571976,36521.868878093,36521.927133931,38.3330078125,38.3330078125,0,,0
16554,GF-19-CAM-19,36522.093721561,36522.096598672,36522.142431468,38.3330078125,38.3330078125,0,,0
16556,GF-19-CAM-19,36522.300378576,36522.30086748,36522.328655488,38.3330078125,38.3330078125,0,,0
16558,GF-19-CAM-19,36522.521719963,36522.522448396,36522.573224602,38.3330078125,38.3330078125,0,,0
16560,GF-19-CAM-19,36522.730178896,36522.73118898,36522.774146142,38.3330078125,38.3330078125,0,,0
16562,GF-19-CAM-19,36522.943676082,36522.944603759,36522.99757582,38.3330078125,38.3330078125,0,,0
16564,GF-19-CAM-19,36523.148727952,36523.151747404,36523.205775451,38.3330078125,38.3330078125,0,,0
16566,GF-19-CAM-19,36523.360869057,36523.361871832,36523.422033252,38.3330078125,38.3330078125,0,,0
16568,GF-19-CAM-19,36523.56956448,36523.570888002,36523.611730504,38.3330078125,38.3330078125,0,,0
16570,GF-19-CAM-19,36523.783755588,36523.784728834,36523.85656037,38.3330078125,38.3330078125,0,,0
16572,GF-19-CAM-19,36524.025611739,36524.026109506,36524.087312659,38.3330078125,38.3330078125,0,,0
16574,GF-19-CAM-19,36524.254567876,36524.255642023,36524.312783822,38.3330078125,38.3330078125,0,,0
16576,GF-19-CAM-19,36524.488322324,36524.489105191,36524.534669864,38.3330078125,38.3330078125,0,,0
16578,GF-19-CAM-19,36524.6852268,36524.686443299,36524.732886304,38.3330078125,38.3330078125,0,,0
16580,GF-19-CAM-19,36524.895843016,36524.897295415,36524.942507517,38.3330078125,38.3330078125,0,,0
16582,GF-19-CAM-19,36525.117940354,36525.119130527,36525.167940995,38.3330078125,38.3330078125,0,,0
16584,GF-19-CAM-19,36525.340030861,36525.341038338,36525.386985329,38.3330078125,38.3330078125,0,,0
16586,GF-19-CAM-19,36525.582773756,36525.584070924,36525.636176625,38.3330078125,38.3330078125,0,,0
16588,GF-19-CAM-19,36525.820959562,36525.82196441,36525.870531966,38.3330078125,38.3330078125,0,,0
16590,GF-19-CAM-19,36526.036866027,36526.037668348,36526.100575934,38.3330078125,38.3330078125,0,,0
16592,GF-19-CAM-19,36526.292475909,36526.294015049,36526.342516875,38.3330078125,38.3330078125,0,,0
16594,GF-19-CAM-19,36526.495637604,36526.496379021,36526.583241549,38.3330078125,38.3330078125,0,,0
16596,GF-19-CAM-19,36526.789317224,36526.790878814,36526.842765577,38.3330078125,38.3330078125,0,,0
16598,GF-19-CAM-19,36527.005601484,36527.006426981,36527.050728533,38.3330078125,38.3330078125,0,,0
16600,GF-19-CAM-19,36527.239968423,36527.241299362,36527.285352123,38.3330078125,38.3330078125,0,,0
16602,GF-19-CAM-19,36527.440688543,36527.441622473,36527.517417407,38.3330078125,38.3330078125,0,,0
16604,GF-19-CAM-19,36527.688458074,36527.689475044,36527.728425641,38.3330078125,38.3330078125,0,,0
16606,GF-19-CAM-19,36527.892604439,36527.893430767,36527.933076217,38.3330078125,38.3330078125,0,,0
16608,GF-19-CAM-19,36528.118942548,36528.119640002,36528.166654748,38.3330078125,38.3330078125,0,,0
16610,GF-19-CAM-19,36528.356317996,36528.357220947,36528.409576128,38.3330078125,38.3330078125,0,,0
16612,GF-19-CAM-19,36528.591741033,36528.592628486,36528.632976485,38.3330078125,38.3330078125,0,,0
16614,GF-19-CAM-19,36528.802264162,36528.804198773,36528.850308377,38.3330078125,38.3330078125,0,,0
16616,GF-19-CAM-19,36529.039701935,36529.043794696,36529.097229515,38.3330078125,38.3330078125,0,,0
16618,GF-19-CAM-19,36529.291601931,36529.292190144,36529.342159063,38.3330078125,38.3330078125,0,,0
16620,GF-19-CAM-19,36529.525987061,36529.527376491,36529.58686396,38.3330078125,38.3330078125,0,,0
16622,GF-19-CAM-19,36529.761636146,36529.762356375,36529.803133327,38.3330078125,38.3330078125,0,,0
16624,GF-19-CAM-19,36529.971121973,36529.973304122,36530.023833635,38.3330078125,38.3330078125,0,,0
16626,GF-19-CAM-19,36530.186494921,36530.187163117,36530.213787765,38.3330078125,38.3330078125,0,,0
16628,GF-19-CAM-19,36530.40324516,36530.404046392,36530.465547132,38.3330078125,38.3330078125,0,,0
16630,GF-19-CAM-19,36530.648356534,36530.648872364,36530.692127561,38.3330078125,38.3330078125,0,,0
16632,GF-19-CAM-19,36530.842614505,36530.843175116,36530.877682222,38.3330078125,38.3330078125,0,,0
16634,GF-19-CAM-19,36531.049192302,36531.050949129,36531.08439517,38.3330078125,38.3330078125,0,,0
16636,GF-19-CAM-19,36531.27068768,36531.271393235,36531.32009035,38.3330078125,38.3330078125,0,,0
16638,GF-19-CAM-19,36531.498533185,36531.502529145,36531.545213325,38.3330078125,38.3330078125,0,,0
16640,GF-19-CAM-19,36531.70767382,36531.709874904,36531.76760786,38.3330078125,38.3330078125,0,,0
16642,GF-19-CAM-19,36531.926552825,36531.927342416,36531.96814001,38.3330078125,38.3330078125,0,,0
16644,GF-19-CAM-19,36532.142473285,36532.14320135,36532.184428861,38.3330078125,38.3330078125,0,,0
16646,GF-19-CAM-19,36532.363066686,36532.363955084,36532.408138877,38.3330078125,38.3330078125,0,,0
16648,GF-19-CAM-19,36532.57626917,36532.579527978,36532.625572642,38.3330078125,38.3330078125,0,,0
16650,GF-19-CAM-19,36532.779224999,36532.780336196,36532.828334513,38.3330078125,38.3330078125,0,,0
16652,GF-19-CAM-19,36532.974554402,36532.975650573,36533.014120026,38.3330078125,38.3330078125,0,,0
16654,GF-19-CAM-19,36533.204485676,36533.206917121,36533.247909013,38.3330078125,38.3330078125,0,,0
16656,GF-19-CAM-19,36533.419883433,36533.420678692,36533.484228485,38.3330078125,38.3330078125,0,,0
16658,GF-19-CAM-19,36533.652735973,36533.656020581,36533.705545892,38.3330078125,38.3330078125,0,,0
16660,GF-19-CAM-19,36533.868937255,36533.869852444,36533.936523011,38.3330078125,38.3330078125,0,,0
16662,GF-19-CAM-19,36534.126530237,36534.127543882,36534.170803679,38.3330078125,38.3330078125,0,,0
16664,GF-19-CAM-19,36534.336020696,36534.336864434,36534.384965795,38.3330078125,38.3330078125,0,,0
16666,GF-19-CAM-19,36534.551133791,36534.552080355,36534.604891715,38.3330078125,38.3330078125,0,,0
16668,GF-19-CAM-19,36534.753674858,36534.754193889,36534.812289046,38.3330078125,38.3330078125,0,,0
16670,GF-19-CAM-19,36535.00191448,36535.004179802,36535.036814514,38.3330078125,38.3330078125,0,,0
16672,GF-19-CAM-19,36535.218718894,36535.219433672,36535.25526358,38.3330078125,38.3330078125,0,,0
16674,GF-19-CAM-19,36535.426538104,36535.427315142,36535.510051001,38.3330078125,38.3330078125,0,,0
16676,GF-19-CAM-19,36535.703227594,36535.705269628,36535.759125344,38.3330078125,38.3330078125,0,,0
16678,GF-19-CAM-19,36535.933670151,36535.934394287,36535.98303981,38.3330078125,38.3330078125,0,,0
16680,GF-19-CAM-19,36536.160849399,36536.161866629,36536.220420912,38.3330078125,38.3330078125,0,,0
16682,GF-19-CAM-19,36536.368946811,36536.370125074,36536.4076571,38.3330078125,38.3330078125,0,,0
16684,GF-19-CAM-19,36536.58960727,36536.590399904,36536.626121966,38.3330078125,38.3330078125,0,,0
16686,GF-19-CAM-19,36536.814771507,36536.817021479,36536.85538834,38.3330078125,38.3330078125,0,,0
16688,GF-19-CAM-19,36537.013510057,36537.014816194,36537.069568499,38.3330078125,38.3330078125,0,,0
16690,GF-19-CAM-19,36537.214585693,36537.217020241,36537.253588283,38.3330078125,38.3330078125,0,,0
16692,GF-19-CAM-19,36537.440545579,36537.442389831,36537.495764026,38.3330078125,38.3330078125,0,,0
16694,GF-19-CAM-19,36537.651774539,36537.65246976,36537.701236264,38.3330078125,38.3330078125,0,,0
16696,GF-19-CAM-19,36537.848885547,36537.849571721,36537.910187345,38.3330078125,38.3330078125,0,,0
16698,GF-19-CAM-19,36538.129199169,36538.130038855,36538.177458911,38.3330078125,38.3330078125,0,,0
16700,GF-19-CAM-19,36538.329356115,36538.330213924,36538.373739103,38.3330078125,38.3330078125,0,,0
16702,GF-19-CAM-19,36538.54514828,36538.545851523,36538.59688384,38.3330078125,38.3330078125,0,,0
16704,GF-19-CAM-19,36538.777136349,36538.7780335,36538.816444807,38.3330078125,38.3330078125,0,,0
16706,GF-19-CAM-19,36539.008384987,36539.009069576,36539.046527514,38.3330078125,38.3330078125,0,,0
16708,GF-19-CAM-19,36539.20961719,36539.210700418,36539.254956985,38.3330078125,38.3330078125,0,,0
16710,GF-19-CAM-19,36539.437828089,36539.440818803,36539.498281963,38.3330078125,38.3330078125,0,,0
16712,GF-19-CAM-19,36539.699779374,36539.700850152,36539.737079948,38.3330078125,38.3330078125,0,,0
16714,GF-19-CAM-19,36539.899738022,36539.900560744,36539.951545035,38.3330078125,38.3330078125,0,,0
16716,GF-19-CAM-19,36540.120387921,36540.122297496,36540.161322541,38.3330078125,38.3330078125,0,,0
16718,GF-19-CAM-19,36540.334817057,36540.337193448,36540.379174942,38.3330078125,38.3330078125,0,,0
16720,GF-19-CAM-19,36540.565286139,36540.56837743,36540.617626553,38.3330078125,38.3330078125,0,,0
16722,GF-19-CAM-19,36540.781522578,36540.782474314,36540.835253852,38.3330078125,38.3330078125,0,,0
16724,GF-19-CAM-19,36541.018701533,36541.019717757,36541.069569403,38.3330078125,38.3330078125,0,,0
16726,GF-19-CAM-19,36541.217029344,36541.219363889,36541.266916228,38.3330078125,38.3330078125,0,,0
16728,GF-19-CAM-19,36541.453584989,36541.457117688,36541.498931288,38.3330078125,38.3330078125,0,,0
16730,GF-19-CAM-19,36541.659055478,36541.660107334,36541.713032365,38.3330078125,38.3330078125,0,,0
16732,GF-19-CAM-19,36541.884203378,36541.885644125,36541.929179563,38.3330078125,38.3330078125,0,,0
16734,GF-19-CAM-19,36542.113308517,36542.114268348,36542.151461638,38.3330078125,38.3330078125,0,,0
16736,GF-19-CAM-19,36542.326419664,36542.327385684,36542.372585387,38.3330078125,38.3330078125,0,,0
16738,GF-19-CAM-19,36542.534142314,36542.535183029,36542.589708621,38.3330078125,38.3330078125,0,,0
16740,GF-19-CAM-19,36542.790324981,36542.791361916,36542.854071724,38.3330078125,38.3330078125,0,,0
16742,GF-19-CAM-19,36543.04284404,36543.043645336,36543.101564776,38.3330078125,38.3330078125,0,,0
16744,GF-19-CAM-19,36543.277966731,36543.27843159,36543.338348052,38.3330078125,38.3330078125,0,,0
16746,GF-19-CAM-19,36543.50363862,36543.505777073,36543.558452568,38.3330078125,38.3330078125,0,,0
16748,GF-19-CAM-19,36543.764909046,36543.765934253,36543.801143648,38.3330078125,38.3330078125,0,,0
16750,GF-19-CAM-19,36543.971475499,36543.972178008,36544.040513907,38.3330078125,38.3330078125,0,,0
16752,GF-19-CAM-19,36544.216209027,36544.217136353,36544.259034636,38.3330078125,38.3330078125,0,,0
16754,GF-19-CAM-19,36544.452659365,36544.453644949,36544.498999102,38.3330078125,38.3330078125,0,,0
16756,GF-19-CAM-19,36544.690208007,36544.690856922,36544.739711886,38.3330078125,38.3330078125,0,,0
16758,GF-19-CAM-19,36544.919677941,36544.920983855,36544.97872094,38.3330078125,38.3330078125,0,,0
16760,GF-19-CAM-19,36545.14968992,36545.15111393,36545.199484284,38.3330078125,38.3330078125,0,,0
16762,GF-19-CAM-19,36545.395028729,36545.397561814,36545.455439471,38.3330078125,38.3330078125,0,,0
16764,GF-19-CAM-19,36545.665953307,36545.667231227,36545.720300365,38.3330078125,38.3330078125,0,,0
16766,GF-19-CAM-19,36545.892512075,36545.893429207,36545.939691139,38.3330078125,38.3330078125,0,,0
16768,GF-19-CAM-19,36546.140667755,36546.144108681,36546.177995428,38.3330078125,38.3330078125,0,,0
16770,GF-19-CAM-19,36546.366535417,36546.367872134,36546.425130121,38.3330078125,38.3330078125,0,,0
16772,GF-19-CAM-19,36546.614133995,36546.616275659,36546.65844916,38.3330078125,38.3330078125,0,,0
16774,GF-19-CAM-19,36546.842224721,36546.843377354,36546.891216317,38.3330078125,38.3330078125,0,,0
16776,GF-19-CAM-19,36547.071205919,36547.075480137,36547.117231425,38.3330078125,38.3330078125,0,,0
16778,GF-19-CAM-19,36547.332789926,36547.335296686,36547.391187317,38.3330078125,38.3330078125,0,,0
16780,GF-19-CAM-19,36547.609387526,36547.610878117,36547.685101839,38.3330078125,38.3330078125,0,,0
16782,GF-19-CAM-19,36547.827591692,36547.830831751,36547.885175266,38.3330078125,38.3330078125,0,,0
16784,GF-19-CAM-19,36548.054538499,36548.055411616,36548.112448993,38.3330078125,38.3330078125,0,,0
16786,GF-19-CAM-19,36548.274815477,36548.275288376,36548.331559852,38.3330078125,38.3330078125,0,,0
16788,GF-19-CAM-19,36548.538747485,36548.539851428,36548.577144007,38.3330078125,38.3330078125,0,,0
16790,GF-19-CAM-19,36548.775818994,36548.77684886,36548.822896999,38.3330078125,38.3330078125,0,,0
16792,GF-19-CAM-19,36549.019888602,36549.022176662,36549.067087639,38.3330078125,38.3330078125,0,,0
16794,GF-19-CAM-19,36549.249416872,36549.250282635,36549.31604837,38.3330078125,38.3330078125,0,,0
16796,GF-19-CAM-19,36549.508127455,36549.509610504,36549.551784183,38.3330078125,38.3330078125,0,,0
16798,GF-19-CAM-19,36549.69855687,36549.699707766,36549.74396861,38.3330078125,38.3330078125,0,,0
16800,GF-19-CAM-19,36549.918063395,36549.919265517,36549.976722368,38.3330078125,38.3330078125,0,,0
16802,GF-19-CAM-19,36550.148219521,36550.149166075,36550.203606285,38.3330078125,38.3330078125,0,,0
16804,GF-19-CAM-19,36550.379128189,36550.381823367,36550.420145307,38.3330078125,38.3330078125,0,,0
16806,GF-19-CAM-19,36550.562239654,36550.563489527,36550.617228112,38.3330078125,38.3330078125,0,,0
16808,GF-19-CAM-19,36550.808651465,36550.809278458,36550.855775245,38.3330078125,38.3330078125,0,,0
16810,GF-19-CAM-19,36551.017919753,36551.018489754,36551.057422784,38.3330078125,38.3330078125,0,,0
16812,GF-19-CAM-19,36551.214857908,36551.215754577,36551.281069998,38.3330078125,38.3330078125,0,,0
16814,GF-19-CAM-19,36551.445956826,36551.448408212,36551.500035809,38.3330078125,38.3330078125,0,,0
16816,GF-19-CAM-19,36551.680657199,36551.683634692,36551.733866342,38.3330078125,38.3330078125,0,,0
16818,GF-19-CAM-19,36551.918643359,36551.919354302,36551.961888397,38.3330078125,38.3330078125,0,,0
16820,GF-19-CAM-19,36552.162427781,36552.163016744,36552.199759384,38.3330078125,38.3330078125,0,,0
16822,GF-19-CAM-19,36552.397347357,36552.399212287,36552.4378535,38.3330078125,38.3330078125,0,,0
16824,GF-19-CAM-19,36552.616323616,36552.617290964,36552.683712088,38.3330078125,38.3330078125,0,,0
16826,GF-19-CAM-19,36552.86168109,36552.863280504,36552.894413895,38.3330078125,38.3330078125,0,,0
16828,GF-19-CAM-19,36553.098502112,36553.099526526,36553.143623026,38.3330078125,38.3330078125,0,,0
16830,GF-19-CAM-19,36553.311175341,36553.312515748,36553.361435038,38.3330078125,38.3330078125,0,,0
16832,GF-19-CAM-19,36553.57121341,36553.572043462,36553.605641541,38.3330078125,38.3330078125,0,,0
16834,GF-19-CAM-19,36553.769710565,36553.770509643,36553.823511475,38.3330078125,38.3330078125,0,,0
16836,GF-19-CAM-19,36554.019924526,36554.020740172,36554.08504481,38.3330078125,38.3330078125,0,,0
16838,GF-19-CAM-19,36554.260064182,36554.261195354,36554.299634826,38.3330078125,38.3330078125,0,,0
16840,GF-19-CAM-19,36554.490931041,36554.492019236,36554.534270091,38.3330078125,38.3330078125,0,,0
16842,GF-19-CAM-19,36554.725226107,36554.726949073,36554.770059209,38.3330078125,38.3330078125,0,,0
16844,GF-19-CAM-19,36554.968233985,36554.97628913,36555.018780405,38.3330078125,38.3330078125,0,,0
16846,GF-19-CAM-19,36555.18410663,36555.184773469,36555.246900881,38.3330078125,38.3330078125,0,,0
16848,GF-19-CAM-19,36555.436130796,36555.436774704,36555.486164515,38.3330078125,38.3330078125,0,,0
16850,GF-19-CAM-19,36555.662518607,36555.663466288,36555.703343784,38.3330078125,38.3330078125,0,,0
16852,GF-19-CAM-19,36555.872386302,36555.873542368,36555.926850747,38.3330078125,38.3330078125,0,,0
16854,GF-19-CAM-19,36556.131705959,36556.132385544,36556.175896697,38.3330078125,38.3330078125,0,,0
16856,GF-19-CAM-19,36556.357566586,36556.358414591,36556.406410291,38.3330078125,38.3330078125,0,,0
16858,GF-19-CAM-19,36556.589900808,36556.590572424,36556.627716465,38.3330078125,38.3330078125,0,,0
16860,GF-19-CAM-19,36556.905313856,36556.907200943,36556.940705372,38.3330078125,38.3330078125,0,,0
16862,GF-19-CAM-19,36557.152300443,36557.153823407,36557.195056522,38.3330078125,38.3330078125,0,,0
16864,GF-19-CAM-19,36557.38354807,36557.3841408,36557.43919958,38.3330078125,38.3330078125,0,,0
16866,GF-19-CAM-19,36557.624516522,36557.625664331,36557.68247809,38.3330078125,38.3330078125,0,,0
16868,GF-19-CAM-19,36557.821385624,36557.822176945,36557.876422703,38.3330078125,38.3330078125,0,,0
16870,GF-19-CAM-19,36558.08512422,36558.085921127,36558.123473298,38.3330078125,38.3330078125,0,,0
16872,GF-19-CAM-19,36558.310746956,36558.311672932,36558.375772336,38.3330078125,38.3330078125,0,,0
16874,GF-19-CAM-19,36558.548630006,36558.549897427,36558.61363568,38.3330078125,38.3330078125,0,,0
16876,GF-19-CAM-19,36558.800380721,36558.801650834,36558.870192538,38.3330078125,38.3330078125,0,,0
16878,GF-19-CAM-19,36559.050431579,36559.051315625,36559.092776309,38.3330078125,38.3330078125,0,,0
16880,GF-19-CAM-19,36559.296736033,36559.297411203,36559.347375639,38.3330078125,38.3330078125,0,,0
16882,GF-19-CAM-19,36559.530298044,36559.531561779,36559.592716623,38.3330078125,38.3330078125,0,,0
16884,GF-19-CAM-19,36559.771305243,36559.772647566,36559.807606751,38.3330078125,38.3330078125,0,,0
16886,GF-19-CAM-19,36559.983979897,36559.98460865,36560.050078344,38.3330078125,38.3330078125,0,,0
16888,GF-19-CAM-19,36560.235247091,36560.236162758,36560.277903719,38.3330078125,38.3330078125,0,,0
16890,GF-19-CAM-19,36560.456367069,36560.457605556,36560.500801967,38.3330078125,38.3330078125,0,,0
16892,GF-19-CAM-19,36560.743803083,36560.744952747,36560.810659697,38.3330078125,38.3330078125,0,,0
16894,GF-19-CAM-19,36560.960332838,36560.960961619,36561.022779123,38.3330078125,38.3330078125,0,,0
16896,GF-19-CAM-19,36561.198795141,36561.200445033,36561.251745395,38.3330078125,38.3330078125,0,,0
16898,GF-19-CAM-19,36561.448540594,36561.450511973,36561.485123621,38.3330078125,38.3330078125,0,,0
16900,GF-19-CAM-19,36561.655803263,36561.656886187,36561.705765262,38.3330078125,38.3330078125,0,,0
16902,GF-19-CAM-19,36561.872224119,36561.873761419,36561.926980181,38.3330078125,38.3330078125,0,,0
16904,GF-19-CAM-19,36562.10946352,36562.112042616,36562.154850327,38.3330078125,38.3330078125,0,,0
16906,GF-19-CAM-19,36562.341372692,36562.345599347,36562.397941001,38.3330078125,38.3330078125,0,,0
16908,GF-19-CAM-19,36562.555466429,36562.556169386,36562.613602736,38.3330078125,38.3330078125,0,,0
16910,GF-19-CAM-19,36562.786980633,36562.788019841,36562.830782746,38.3330078125,38.3330078125,0,,0
16912,GF-19-CAM-19,36562.991830927,36562.99256557,36563.050871945,38.3330078125,38.3330078125,0,,0
16914,GF-19-CAM-19,36563.218349595,36563.218936327,36563.269493142,38.3330078125,38.3330078125,0,,0
16916,GF-19-CAM-19,36563.41998352,36563.421299329,36563.473388689,38.3330078125,38.3330078125,0,,0
16918,GF-19-CAM-19,36563.628232566,36563.630819612,36563.673549517,38.3330078125,38.3330078125,0,,0
16920,GF-19-CAM-19,36563.844076033,36563.845162662,36563.880887093,38.3330078125,38.3330078125,0,,0
16922,GF-19-CAM-19,36564.054169296,36564.055577658,36564.107192059,38.3330078125,38.3330078125,0,,0
16924,GF-19-CAM-19,36564.297417482,36564.298169025,36564.354354305,38.3330078125,38.3330078125,0,,0
16926,GF-19-CAM-19,36564.535595319,36564.536850195,36564.569659591,38.3330078125,38.3330078125,0,,0
16928,GF-19-CAM-19,36564.788436896,36564.789122007,36564.837107904,38.3330078125,38.3330078125,0,,0
16930,GF-19-CAM-19,36565.025448099,36565.026404895,36565.084267677,38.3330078125,38.3330078125,0,,0
16932,GF-19-CAM-19,36565.258556465,36565.259489923,36565.300391293,38.3330078125,38.3330078125,0,,0
16934,GF-19-CAM-19,36565.475636917,36565.47620305,36565.545320968,38.3330078125,38.3330078125,0,,0
16936,GF-19-CAM-19,36565.70796983,36565.709814498,36565.770996044,38.3330078125,38.3330078125,0,,0
16938,GF-19-CAM-19,36565.932984872,36565.933638836,36565.975871352,38.3330078125,38.3330078125,0,,0
16940,GF-19-CAM-19,36566.17783141,36566.178307602,36566.210390218,38.3330078125,38.3330078125,0,,0
16942,GF-19-CAM-19,36566.371117723,36566.371572006,36566.415714894,38.3330078125,38.3330078125,0,,0
16944,GF-19-CAM-19,36566.58890126,36566.589415147,36566.619777973,38.3330078125,38.3330078125,0,,0
16946,GF-19-CAM-19,36566.799300777,36566.801138497,36566.845239636,38.3330078125,38.3330078125,0,,0
16948,GF-19-CAM-19,36567.016767623,36567.017965795,36567.069591988,38.3330078125,38.3330078125,0,,0
16950,GF-19-CAM-19,36567.244507228,36567.245461389,36567.281278337,38.3330078125,38.3330078125,0,,0
16952,GF-19-CAM-19,36567.449298475,36567.451470191,36567.503262028,38.3330078125,38.3330078125,0,,0
16954,GF-19-CAM-19,36567.695688931,36567.697142991,36567.751579143,38.3330078125,38.3330078125,0,,0
16956,GF-19-CAM-19,36567.902281573,36567.902996287,36567.954271304,38.3330078125,38.3330078125,0,,0
16958,GF-19-CAM-19,36568.102125941,36568.102796058,36568.143086619,38.3330078125,38.3330078125,0,,0
16960,GF-19-CAM-19,36568.3060629,36568.30723556,36568.354656759,38.3330078125,38.3330078125,0,,0
16962,GF-19-CAM-19,36568.499834924,36568.500455816,36568.567138365,38.3330078125,38.3330078125,0,,0
16964,GF-19-CAM-19,36568.730566372,36568.732646537,36568.782952154,38.3330078125,38.3330078125,0,,0
16966,GF-19-CAM-19,36568.931848016,36568.933221537,36568.964486317,38.3330078125,38.3330078125,0,,0
16968,GF-19-CAM-19,36569.123219347,36569.12680753,36569.176143255,38.3330078125,38.3330078125,0,,0
16970,GF-19-CAM-19,36569.337494832,36569.338772884,36569.38774277,38.3330078125,38.3330078125,0,,0
16972,GF-19-CAM-19,36569.554306942,36569.555116919,36569.588698132,38.3330078125,38.3330078125,0,,0
16974,GF-19-CAM-19,36569.733434261,36569.734306074,36569.780847844,38.3330078125,38.3330078125,0,,0
16976,GF-19-CAM-19,36569.944234572,36569.945396975,36569.991164105,38.3330078125,38.3330078125,0,,0
16978,GF-19-CAM-19,36570.171098205,36570.171909629,36570.218732826,38.3330078125,38.3330078125,0,,0
16980,GF-19-CAM-19,36570.381485694,36570.384635327,36570.423947343,38.3330078125,38.3330078125,0,,0
16982,GF-19-CAM-19,36570.589213422,36570.5900621,36570.644488768,38.3330078125,38.3330078125,0,,0
16984,GF-19-CAM-19,36570.817932119,36570.819146956,36570.866610673,38.3330078125,38.3330078125,0,,0
16986,GF-19-CAM-19,36571.042722903,36571.045302643,36571.086733645,38.3330078125,38.3330078125,0,,0
16988,GF-19-CAM-19,36571.238052971,36571.238779906,36571.300549669,38.3330078125,38.3330078125,0,,0
16990,GF-19-CAM-19,36571.49037641,36571.491258796,36571.533807849,38.3330078125,38.3330078125,0,,0
16992,GF-19-CAM-19,36571.697787301,36571.698246406,36571.755635203,38.3330078125,38.3330078125,0,,0
16994,GF-19-CAM-19,36571.937551919,36571.939655478,36571.981190032,38.3330078125,38.3330078125,0,,0
16996,GF-19-CAM-19,36572.180053128,36572.180752162,36572.21496016,38.3330078125,38.3330078125,0,,0
16998,GF-19-CAM-19,36572.374367157,36572.375118195,36572.412767719,38.3330078125,38.3330078125,0,,0
17000,GF-19-CAM-19,36572.556852206,36572.55783478,36572.623810207,38.3330078125,38.3330078125,0,,0
17002,GF-19-CAM-19,36572.781246885,36572.781765592,36572.821564778,38.3330078125,38.3330078125,0,,0
17004,GF-19-CAM-19,36572.990161817,36572.991276857,36573.031997541,38.3330078125,38.3330078125,0,,0
17006,GF-19-CAM-19,36573.187050211,36573.187816889,36573.223803014,38.3330078125,38.3330078125,0,,0
17008,GF-19-CAM-19,36573.404823085,36573.407178623,36573.462687067,38.3330078125,38.3330078125,0,,0
17010,GF-19-CAM-19,36573.63741226,36573.63857431,36573.681277007,38.3330078125,38.3330078125,0,,0
17012,GF-19-CAM-19,36573.830600676,36573.831737666,36573.874902695,38.3330078125,38.3330078125,0,,0
17014,GF-19-CAM-19,36574.031050374,36574.032120564,36574.070361887,38.3330078125,38.3330078125,0,,0
17016,GF-19-CAM-19,36574.214037106,36574.215358466,36574.269157772,38.3330078125,38.3330078125,0,,0
17018,GF-19-CAM-19,36574.419799534,36574.420344734,36574.471238771,38.3330078125,38.3330078125,0,,0
17020,GF-19-CAM-19,36574.649051515,36574.650168241,36574.691410221,38.3330078125,38.3330078125,0,,0
17022,GF-19-CAM-19,36574.840445237,36574.841637657,36574.893130602,38.3330078125,38.3330078125,0,,0
17024,GF-19-CAM-19,36575.058525982,36575.061057311,36575.100788286,38.3330078125,38.3330078125,0,,0
17026,GF-19-CAM-19,36575.249405678,36575.249838451,36575.289488622,38.3330078125,38.3330078125,0,,0
17028,GF-19-CAM-19,36575.452164532,36575.453539518,36575.498676494,38.3330078125,38.3330078125,0,,0
17030,GF-19-CAM-19,36575.659446168,36575.662079438,36575.696202663,38.3330078125,38.3330078125,0,,0
17032,GF-19-CAM-19,36575.893974932,36575.894863699,36575.927045743,38.3330078125,38.3330078125,0,,0
17034,GF-19-CAM-19,36576.156120113,36576.156911165,36576.202126366,38.3330078125,38.3330078125,0,,0
17036,GF-19-CAM-19,36576.358739837,36576.359306711,36576.404599287,38.3330078125,38.3330078125,0,,0
17038,GF-19-CAM-19,36576.603716756,36576.606929039,36576.647985331,38.3330078125,38.3330078125,0,,0
17040,GF-19-CAM-19,36576.813866288,36576.815299159,36576.858179901,38.3330078125,38.3330078125,0,,0
17042,GF-19-CAM-19,36577.034276772,36577.035177577,36577.071421898,38.3330078125,38.3330078125,0,,0
17044,GF-19-CAM-19,36577.233933039,36577.234665312,36577.273373429,38.3330078125,38.3330078125,0,,0
17046,GF-19-CAM-19,36577.44473126,36577.445677799,36577.539696751,38.3330078125,38.3330078125,0,,0
17048,GF-19-CAM-19,36577.722585592,36577.723694396,36577.773856422,38.3330078125,38.3330078125,0,,0
17050,GF-19-CAM-19,36577.934479306,36577.936734873,36577.993897416,38.3330078125,38.3330078125,0,,0
17052,GF-19-CAM-19,36578.166384267,36578.169651501,36578.210446396,38.3330078125,38.3330078125,0,,0
17054,GF-19-CAM-19,36578.367016172,36578.368149198,36578.419869361,38.3330078125,38.3330078125,0,,0
17056,GF-19-CAM-19,36578.574804045,36578.575931369,36578.627969423,38.3330078125,38.3330078125,0,,0
17058,GF-19-CAM-19,36578.777041337,36578.777648153,36578.821732837,38.3330078125,38.3330078125,0,,0
17060,GF-19-CAM-19,36578.992692451,36578.993615252,36579.027263205,38.3330078125,38.3330078125,0,,0
17062,GF-19-CAM-19,36579.194766982,36579.195716328,36579.239731127,38.3330078125,38.3330078125,0,,0
17064,GF-19-CAM-19,36579.397212228,36579.397715282,36579.448278274,38.3330078125,38.3330078125,0,,0
17066,GF-19-CAM-19,36579.604637764,36579.605565337,36579.638050605,38.3330078125,38.3330078125,0,,0
17068,GF-19-CAM-19,36579.797429003,36579.798718127,36579.838677163,38.3330078125,38.3330078125,0,,0
17070,GF-19-CAM-19,36580.000825309,36580.001678601,36580.044411884,38.3330078125,38.3330078125,0,,0
17072,GF-19-CAM-19,36580.217540919,36580.218298051,36580.280696006,38.3330078125,38.3330078125,0,,0
17074,GF-19-CAM-19,36580.448124134,36580.450511024,36580.498084503,38.3330078125,38.3330078125,0,,0
17076,GF-19-CAM-19,36580.647394923,36580.648802132,36580.691772794,38.3330078125,38.3330078125,0,,0
17078,GF-19-CAM-19,36580.875708968,36580.876465465,36580.906720549,38.3330078125,38.3330078125,0,,0
17080,GF-19-CAM-19,36581.055693295,36581.058670708,36581.110693915,38.3330078125,38.3330078125,0,,0
17082,GF-19-CAM-19,36581.272880345,36581.273367007,36581.318350415,38.3330078125,38.3330078125,0,,0
17084,GF-19-CAM-19,36581.483998283,36581.485186527,36581.523612778,38.3330078125,38.3330078125,0,,0
17086,GF-19-CAM-19,36581.689315692,36581.690152021,36581.721953786,38.3330078125,38.3330078125,0,,0
17088,GF-19-CAM-19,36581.897743754,36581.898735355,36581.938153051,38.3330078125,38.3330078125,0,,0
17090,GF-19-CAM-19,36582.114497328,36582.115331446,36582.156557668,38.3330078125,38.3330078125,0,,0
17092,GF-19-CAM-19,36582.312086818,36582.316628579,36582.365714673,38.3330078125,38.3330078125,0,,0
17094,GF-19-CAM-19,36582.571679419,36582.572823841,36582.624697514,38.3330078125,38.3330078125,0,,0
17096,GF-19-CAM-19,36582.788079008,36582.789506475,36582.834748252,38.3330078125,38.3330078125,0,,0
17098,GF-19-CAM-19,36582.993154154,36582.994085613,36583.043238166,38.3330078125,38.3330078125,0,,0
17100,GF-19-CAM-19,36583.18367228,36583.184390858,36583.23178721,38.3330078125,38.3330078125,0,,0
17102,GF-19-CAM-19,36583.402861269,36583.405838749,36583.451257587,38.3330078125,38.3330078125,0,,0
17104,GF-19-CAM-19,36583.61237844,36583.612993351,36583.660060207,38.3330078125,38.3330078125,0,,0
17106,GF-19-CAM-19,36583.823364189,36583.825912019,36583.858554529,38.3330078125,38.3330078125,0,,0
17108,GF-19-CAM-19,36584.030508585,36584.031519728,36584.062847036,38.3330078125,38.3330078125,0,,0
17110,GF-19-CAM-19,36584.24263988,36584.244124203,36584.285054657,38.3330078125,38.3330078125,0,,0
17112,GF-19-CAM-19,36584.432874772,36584.433880345,36584.481147886,38.3330078125,38.3330078125,0,,0
17114,GF-19-CAM-19,36584.648641486,36584.649292629,36584.699920711,38.3330078125,38.3330078125,0,,0
17116,GF-19-CAM-19,36584.846604232,36584.847315957,36584.911170734,38.3330078125,38.3330078125,0,,0
17118,GF-19-CAM-19,36585.062203522,36585.063475736,36585.106871852,38.3330078125,38.3330078125,0,,0
17120,GF-19-CAM-19,36585.254412732,36585.255458284,36585.292031037,38.3330078125,38.3330078125,0,,0
17122,GF-19-CAM-19,36585.453937904,36585.456497415,36585.511167699,38.3330078125,38.3330078125,0,,0
17124,GF-19-CAM-19,36585.662895772,36585.663483614,36585.718997607,38.3330078125,38.3330078125,0,,0
17126,GF-19-CAM-19,36585.870684935,36585.872128857,36585.930677697,38.3330078125,38.3330078125,0,,0
17128,GF-19-CAM-19,36586.085335417,36586.087001674,36586.132397608,38.3330078125,38.3330078125,0,,0
17130,GF-19-CAM-19,36586.284421229,36586.28689037,36586.339758581,38.3330078125,38.3330078125,0,,0
17132,GF-19-CAM-19,36586.496116603,36586.496729305,36586.53884793,38.3330078125,38.3330078125,0,,0
17134,GF-19-CAM-19,36586.700730981,36586.701657863,36586.74218897,38.3330078125,38.3330078125,0,,0
17136,GF-19-CAM-19,36586.89617241,36586.897511928,36586.948258103,38.3330078125,38.3330078125,0,,0
17138,GF-19-CAM-19,36587.105976796,36587.107228729,36587.140382043,38.3330078125,38.3330078125,0,,0
17140,GF-19-CAM-19,36587.318065944,36587.321235104,36587.365310728,38.3330078125,38.3330078125,0,,0
17142,GF-19-CAM-19,36587.557257212,36587.558351108,36587.605898779,38.3330078125,38.3330078125,0,,0
17144,GF-19-CAM-19,36587.776238609,36587.776815832,36587.81415997,38.3330078125,38.3330078125,0,,0
17146,GF-19-CAM-19,36587.975647295,36587.976595404,36588.019077488,38.3330078125,38.3330078125,0,,0
17148,GF-19-CAM-19,36588.205797019,36588.207721045,36588.259067497,38.3330078125,38.3330078125,0,,0
17150,GF-19-CAM-19,36588.42227896,36588.423841272,36588.471567258,38.3330078125,38.3330078125,0,,0
17152,GF-19-CAM-19,36588.631507016,36588.632126879,36588.680433759,38.3330078125,38.3330078125,0,,0
17154,GF-19-CAM-19,36588.842166157,36588.847896963,36588.885808784,38.3330078125,38.3330078125,0,,0
17156,GF-19-CAM-19,36589.044617115,36589.045340391,36589.085182775,38.3330078125,38.3330078125,0,,0
17158,GF-19-CAM-19,36589.267369664,36589.268568352,36589.308925233,38.3330078125,38.3330078125,0,,0
17160,GF-19-CAM-19,36589.474468544,36589.475453438,36589.52989551,38.3330078125,38.3330078125,0,,0
17162,GF-19-CAM-19,36589.702919365,36589.705725597,36589.740625159,38.3330078125,38.3330078125,0,,0
17164,GF-19-CAM-19,36589.905662105,36589.906640864,36589.956422211,38.3330078125,38.3330078125,0,,0
17166,GF-19-CAM-19,36590.110461969,36590.111356143,36590.173645162,38.3330078125,38.3330078125,0,,0
17168,GF-19-CAM-19,36590.338221285,36590.339366211,36590.391932377,38.3330078125,38.3330078125,0,,0
17170,GF-19-CAM-19,36590.549131593,36590.550014447,36590.59956986,38.3330078125,38.3330078125,0,,0
17172,GF-19-CAM-19,36590.775167131,36590.776085274,36590.820691016,38.3330078125,38.3330078125,0,,0
17174,GF-19-CAM-19,36591.037752609,36591.040711963,36591.075761058,38.3330078125,38.3330078125,0,,0
17176,GF-19-CAM-19,36591.244213625,36591.24481336,36591.290188161,38.3330078125,38.3330078125,0,,0
17178,GF-19-CAM-19,36591.467995933,36591.469355644,36591.531579426,38.3330078125,38.3330078125,0,,0
17180,GF-19-CAM-19,36591.689391601,36591.690426098,36591.7262528,38.3330078125,38.3330078125,0,,0
17182,GF-19-CAM-19,36591.922736852,36591.924727602,36591.975486496,38.3330078125,38.3330078125,0,,0
17184,GF-19-CAM-19,36592.135171614,36592.135819013,36592.179931519,38.3330078125,38.3330078125,0,,0
17186,GF-19-CAM-19,36592.345260205,36592.346436258,36592.388465455,38.3330078125,38.3330078125,0,,0
17188,GF-19-CAM-19,36592.559062006,36592.561278701,36592.602017586,38.3330078125,38.3330078125,0,,0
17190,GF-19-CAM-19,36592.783413668,36592.78489443,36592.820504336,38.3330078125,38.3330078125,0,,0
17192,GF-19-CAM-19,36592.961422613,36592.96603236,36593.02760284,38.3330078125,38.3330078125,0,,0
17194,GF-19-CAM-19,36593.221905325,36593.22260896,36593.288810935,38.3330078125,38.3330078125,0,,0
17196,GF-19-CAM-19,36593.447022278,36593.449533553,36593.498122967,38.3330078125,38.3330078125,0,,0
17198,GF-19-CAM-19,36593.658252391,36593.659134545,36593.704282766,38.3330078125,38.3330078125,0,,0
17200,GF-19-CAM-19,36593.873849781,36593.87447664,36593.938426726,38.3330078125,38.3330078125,0,,0
17202,GF-19-CAM-19,36594.112684589,36594.113785365,36594.154731336,38.3330078125,38.3330078125,0,,0
17204,GF-19-CAM-19,36594.294179716,36594.295174538,36594.344238034,38.3330078125,38.3330078125,0,,0
17206,GF-19-CAM-19,36594.529393727,36594.530828217,36594.589143311,38.3330078125,38.3330078125,0,,0
17208,GF-19-CAM-19,36594.765783019,36594.768334863,36594.821093051,38.3330078125,38.3330078125,0,,0
17210,GF-19-CAM-19,36594.972470732,36594.97323089,36595.015757054,38.3330078125,38.3330078125,0,,0
17212,GF-19-CAM-19,36595.166049158,36595.168464467,36595.220563891,38.3330078125,38.3330078125,0,,0
17214,GF-19-CAM-19,36595.384172649,36595.386673088,36595.434896848,38.3330078125,38.3330078125,0,,0
17216,GF-19-CAM-19,36595.595456123,36595.596065437,36595.643790097,38.3330078125,38.3330078125,0,,0
17218,GF-19-CAM-19,36595.828760617,36595.831492801,36595.875343467,38.3330078125,38.3330078125,0,,0
17220,GF-19-CAM-19,36596.038221615,36596.038930562,36596.110408522,38.3330078125,38.3330078125,0,,0
17222,GF-19-CAM-19,36596.264520279,36596.265270685,36596.301666953,38.3330078125,38.3330078125,0,,0
17224,GF-19-CAM-19,36596.479796699,36596.48067179,36596.524073345,38.3330078125,38.3330078125,0,,0
17226,GF-19-CAM-19,36596.678869922,36596.679877827,36596.732832312,38.3330078125,38.3330078125,0,,0
17228,GF-19-CAM-19,36596.894643809,36596.895417586,36596.948837267,38.3330078125,38.3330078125,0,,0
17230,GF-19-CAM-19,36597.113991335,36597.114741882,36597.158134721,38.3330078125,38.3330078125,0,,0
17232,GF-19-CAM-19,36597.331145584,36597.333935554,36597.392274879,38.3330078125,38.3330078125,0,,0
17234,GF-19-CAM-19,36597.609525567,36597.610634382,36597.646516557,38.3330078125,38.3330078125,0,,0
17236,GF-19-CAM-19,36597.819781471,36597.821537358,36597.879112175,38.3330078125,38.3330078125,0,,0
17238,GF-19-CAM-19,36598.045094836,36598.048350703,36598.110464487,38.3330078125,38.3330078125,0,,0
17240,GF-19-CAM-19,36598.285580509,36598.286602041,36598.32770439,38.3330078125,38.3330078125,0,,0
17242,GF-19-CAM-19,36598.508428133,36598.509454838,36598.555740478,38.3330078125,38.3330078125,0,,0
17244,GF-19-CAM-19,36598.718100616,36598.719139491,36598.770424643,38.3330078125,38.3330078125,0,,0
17246,GF-19-CAM-19,36598.929549748,36598.930349512,36598.963498186,38.3330078125,38.3330078125,0,,0
17248,GF-19-CAM-19,36599.120519029,36599.122388933,36599.158410263,38.3330078125,38.3330078125,0,,0
17250,GF-19-CAM-19,36599.318949756,36599.319894354,36599.370661838,38.3330078125,38.3330078125,0,,0
17252,GF-19-CAM-19,36599.561135944,36599.561970063,36599.59294578,38.3330078125,38.3330078125,0,,0
17254,GF-19-CAM-19,36599.754741484,36599.755421711,36599.805355884,38.3330078125,38.3330078125,0,,0
17256,GF-19-CAM-19,36599.999519257,36600.000792458,36600.050841369,38.3330078125,38.3330078125,0,,0
17258,GF-19-CAM-19,36600.238514696,36600.244066723,36600.277604827,38.3330078125,38.3330078125,0,,0
17260,GF-19-CAM-19,36600.436056188,36600.439293871,36600.482372801,38.3330078125,38.3330078125,0,,0
17262,GF-19-CAM-19,36600.642099089,36600.643827452,36600.683915711,38.3330078125,38.3330078125,0,,0
17264,GF-19-CAM-19,36600.847619003,36600.848856497,36600.89069254,38.3330078125,38.3330078125,0,,0
17266,GF-19-CAM-19,36601.038566989,36601.039223039,36601.083857614,38.3330078125,38.3330078125,0,,0
17268,GF-19-CAM-19,36601.232779832,36601.233782598,36601.290847666,38.3330078125,38.3330078125,0,,0
17270,GF-19-CAM-19,36601.451308524,36601.452328611,36601.485297001,38.3330078125,38.3330078125,0,,0
17272,GF-19-CAM-19,36601.653819296,36601.654896447,36601.692905505,38.3330078125,38.3330078125,0,,0
17274,GF-19-CAM-19,36601.84229117,36601.843383342,36601.880891882,38.3330078125,38.3330078125,0,,0
17276,GF-19-CAM-19,36602.030548161,36602.031484448,36602.082740708,38.3330078125,38.3330078125,0,,0
17278,GF-19-CAM-19,36602.254834127,36602.25538986,36602.297832669,38.3330078125,38.3330078125,0,,0
17280,GF-19-CAM-19,36602.460461415,36602.46124411,36602.517989484,38.3330078125,38.3330078125,0,,0
17282,GF-19-CAM-19,36602.696896299,36602.697689447,36602.725720157,38.3330078125,38.3330078125,0,,0
17284,GF-19-CAM-19,36602.90211626,36602.902966103,36602.93611895,38.3330078125,38.3330078125,0,,0
17286,GF-19-CAM-19,36603.090038405,36603.090421692,36603.13636756,38.3330078125,38.3330078125,0,,0
17288,GF-19-CAM-19,36603.284099332,36603.286094819,36603.337879422,38.3330078125,38.3330078125,0,,0
17290,GF-19-CAM-19,36603.500515786,36603.50162029,36603.541641619,38.3330078125,38.3330078125,0,,0
17292,GF-19-CAM-19,36603.729435698,36603.730276627,36603.767901298,38.3330078125,38.3330078125,0,,0
17294,GF-19-CAM-19,36603.928054301,36603.929020982,36603.96930494,38.3330078125,38.3330078125,0,,0
17296,GF-19-CAM-19,36604.119385891,36604.121587117,36604.163386286,38.3330078125,38.3330078125,0,,0
17298,GF-19-CAM-19,36604.341511205,36604.342871873,36604.387764522,38.3330078125,38.3330078125,0,,0
17300,GF-19-CAM-19,36604.556832437,36604.557517835,36604.600891151,38.3330078125,38.3330078125,0,,0
17302,GF-19-CAM-19,36604.747665702,36604.749096256,36604.801484063,38.3330078125,38.3330078125,0,,0
17304,GF-19-CAM-19,36605.002502941,36605.003505351,36605.046960973,38.3330078125,38.3330078125,0,,0
17306,GF-19-CAM-19,36605.234046513,36605.235857246,36605.280304143,38.3330078125,38.3330078125,0,,0
17308,GF-19-CAM-19,36605.461870295,36605.463584892,36605.504663699,38.3330078125,38.3330078125,0,,0
17310,GF-19-CAM-19,36605.673222955,36605.673699719,36605.720455236,38.3330078125,38.3330078125,0,,0
17312,GF-19-CAM-19,36605.877782654,36605.880290327,36605.920977024,38.3330078125,38.3330078125,0,,0
17314,GF-19-CAM-19,36606.093138818,36606.09432458,36606.131883791,38.3330078125,38.3330078125,0,,0
17316,GF-19-CAM-19,36606.290627585,36606.291595069,36606.335305751,38.3330078125,38.3330078125,0,,0
17318,GF-19-CAM-19,36606.5184235,36606.51931251,36606.564364684,38.3330078125,38.3330078125,0,,0
17320,GF-19-CAM-19,36606.709129509,36606.716140224,36606.774454672,38.3330078125,38.3330078125,0,,0
17322,GF-19-CAM-19,36606.934901661,36606.935802382,36606.978688338,38.3330078125,38.3330078125,0,,0
17324,GF-19-CAM-19,36607.140932838,36607.141711921,36607.207243789,38.3330078125,38.3330078125,0,,0
17326,GF-19-CAM-19,36607.374092998,36607.374957251,36607.418569714,38.3330078125,38.3330078125,0,,0
17328,GF-19-CAM-19,36607.591597852,36607.593669738,36607.633523911,38.3330078125,38.3330078125,0,,0
17330,GF-19-CAM-19,36607.787845626,36607.788970087,36607.833776842,38.3330078125,38.3330078125,0,,0
17332,GF-19-CAM-19,36607.994024657,36607.99477337,36608.039808907,38.3330078125,38.3330078125,0,,0
17334,GF-19-CAM-19,36608.198834342,36608.200133591,36608.232349211,38.3330078125,38.3330078125,0,,0
17336,GF-19-CAM-19,36608.406165414,36608.408246987,36608.442037872,38.3330078125,38.3330078125,0,,0
17338,GF-19-CAM-19,36608.587251853,36608.588590168,36608.633403442,38.3330078125,38.3330078125,0,,0
17340,GF-19-CAM-19,36608.789529611,36608.790379397,36608.841843311,38.3330078125,38.3330078125,0,,0
17342,GF-19-CAM-19,36608.996894448,36608.997500126,36609.033069713,38.3330078125,38.3330078125,0,,0
17344,GF-19-CAM-19,36609.176364681,36609.179495255,36609.239477286,38.3330078125,38.3330078125,0,,0
17346,GF-19-CAM-19,36609.390021331,36609.39215301,36609.432309766,38.3330078125,38.3330078125,0,,0
17348,GF-19-CAM-19,36609.593010338,36609.59462862,36609.629364707,38.3330078125,38.3330078125,0,,0
17350,GF-19-CAM-19,36609.780790737,36609.781771891,36609.823380507,38.3330078125,38.3330078125,0,,0
17352,GF-19-CAM-19,36609.985906294,36609.987389862,36610.045430517,38.3330078125,38.3330078125,0,,0
17354,GF-19-CAM-19,36610.200729984,36610.201637002,36610.241488664,38.3330078125,38.3330078125,0,,0
17356,GF-19-CAM-19,36610.382225478,36610.383422575,36610.425720627,38.3330078125,38.3330078125,0,,0
17358,GF-19-CAM-19,36610.570669589,36610.571965835,36610.618961366,38.3330078125,38.3330078125,0,,0
17360,GF-19-CAM-19,36610.753476725,36610.754443243,36610.806398091,38.3330078125,38.3330078125,0,,0
17362,GF-19-CAM-19,36610.968163803,36610.968768726,36611.021385175,38.3330078125,38.3330078125,0,,0
17364,GF-19-CAM-19,36611.181401836,36611.183420265,36611.227970292,38.3330078125,38.3330078125,0,,0
17366,GF-19-CAM-19,36611.363715136,36611.364529064,36611.404299546,38.3330078125,38.3330078125,0,,0
17368,GF-19-CAM-19,36611.555877255,36611.558019868,36611.614666169,38.3330078125,38.3330078125,0,,0
17370,GF-19-CAM-19,36611.762477428,36611.763776134,36611.82174859,38.3330078125,38.3330078125,0,,0
17372,GF-19-CAM-19,36611.951093588,36611.951593019,36612.018093331,38.3330078125,38.3330078125,0,,0
17374,GF-19-CAM-19,36612.186245492,36612.186821749,36612.22622422,38.3330078125,38.3330078125,0,,0
17376,GF-19-CAM-19,36612.385209164,36612.386075589,36612.431179424,38.3330078125,38.3330078125,0,,0
17378,GF-19-CAM-19,36612.586146738,36612.586856177,36612.63474733,38.3330078125,38.3330078125,0,,0
17380,GF-19-CAM-19,36612.817292731,36612.818035475,36612.865259798,38.3330078125,38.3330078125,0,,0
17382,GF-19-CAM-19,36613.029658933,36613.034406591,36613.072808049,38.3330078125,38.3330078125,0,,0
17384,GF-19-CAM-19,36613.241762691,36613.24481605,36613.286904212,38.3330078125,38.3330078125,0,,0
17386,GF-19-CAM-19,36613.443171376,36613.444217562,36613.492329533,38.3330078125,38.3330078125,0,,0
17388,GF-19-CAM-19,36613.639749953,36613.640831173,36613.712868428,38.3330078125,38.3330078125,0,,0
17390,GF-19-CAM-19,36613.867396623,36613.86906144,36613.904756548,38.3330078125,38.3330078125,0,,0
17392,GF-19-CAM-19,36614.05545414,36614.055948709,36614.100611453,38.3330078125,38.3330078125,0,,0
17394,GF-19-CAM-19,36614.261162884,36614.262238326,36614.303507908,38.3330078125,38.3330078125,0,,0
17396,GF-19-CAM-19,36614.45200035,36614.452643032,36614.495894567,38.3330078125,38.3330078125,0,,0
17398,GF-19-CAM-19,36614.651916766,36614.652414735,36614.695470024,38.3330078125,38.3330078125,0,,0
17400,GF-19-CAM-19,36614.862768434,36614.863820295,36614.919968534,38.3330078125,38.3330078125,0,,0
17402,GF-19-CAM-19,36615.081183786,36615.08397469,36615.129739156,38.3330078125,38.3330078125,0,,0
17404,GF-19-CAM-19,36615.275605931,36615.276387003,36615.329465949,38.3330078125,38.3330078125,0,,0
17406,GF-19-CAM-19,36615.474959893,36615.477513338,36615.52468749,38.3330078125,38.3330078125,0,,0
17408,GF-19-CAM-19,36615.687802422,36615.688625261,36615.730794807,38.3330078125,38.3330078125,0,,0
17410,GF-19-CAM-19,36615.891662463,36615.89277213,36615.934970597,38.3330078125,38.3330078125,0,,0
17412,GF-19-CAM-19,36616.076156464,36616.076545552,36616.127166057,38.3330078125,38.3330078125,0,,0
17414,GF-19-CAM-19,36616.268705615,36616.269383942,36616.309586404,38.3330078125,38.3330078125,0,,0
17416,GF-19-CAM-19,36616.480046131,36616.481121174,36616.521215482,38.3330078125,38.3330078125,0,,0
17418,GF-19-CAM-19,36616.708956896,36616.709865991,36616.7594059,38.3330078125,38.3330078125,0,,0
17420,GF-19-CAM-19,36616.904758884,36616.905342685,36616.94096267,38.3330078125,38.3330078125,0,,0
17422,GF-19-CAM-19,36617.092497094,36617.094959513,36617.137278125,38.3330078125,38.3330078125,0,,0
17424,GF-19-CAM-19,36617.285443977,36617.286421817,36617.316210302,38.3330078125,38.3330078125,0,,0
17426,GF-19-CAM-19,36617.473929618,36617.474527507,36617.50835034,38.3330078125,38.3330078125,0,,0
17428,GF-19-CAM-19,36617.655891259,36617.656737512,36617.706293932,38.3330078125,38.3330078125,0,,0
17430,GF-19-CAM-19,36617.879479765,36617.880687246,36617.914071566,38.3330078125,38.3330078125,0,,0
17432,GF-19-CAM-19,36618.066282651,36618.067656082,36618.102814676,38.3330078125,38.3330078125,0,,0
17434,GF-19-CAM-19,36618.263520549,36618.264274982,36618.300276963,38.3330078125,38.3330078125,0,,0
17436,GF-19-CAM-19,36618.467223434,36618.468214126,36618.523819504,38.3330078125,38.3330078125,0,,0
17438,GF-19-CAM-19,36618.68504443,36618.68590323,36618.731163699,38.3330078125,38.3330078125,0,,0
17440,GF-19-CAM-19,36618.890512666,36618.891438283,36618.939808362,38.3330078125,38.3330078125,0,,0
17442,GF-19-CAM-19,36619.101248338,36619.10176058,36619.156745101,38.3330078125,38.3330078125,0,,0
17444,GF-19-CAM-19,36619.31663172,36619.318526448,36619.36007684,38.3330078125,38.3330078125,0,,0
17446,GF-19-CAM-19,36619.507267121,36619.508130223,36619.549381515,38.3330078125,38.3330078125,0,,0
17448,GF-19-CAM-19,36619.699052015,36619.7002783,36619.757658103,38.3330078125,38.3330078125,0,,0
17450,GF-19-CAM-19,36619.916925087,36619.918294115,36619.956778078,38.3330078125,38.3330078125,0,,0
17452,GF-19-CAM-19,36620.096202229,36620.096818357,36620.141969801,38.3330078125,38.3330078125,0,,0
17454,GF-19-CAM-19,36620.277822906,36620.27930281,36620.336905429,38.3330078125,38.3330078125,0,,0
17456,GF-19-CAM-19,36620.504025521,36620.505300405,36620.563214487,38.3330078125,38.3330078125,0,,0
17458,GF-19-CAM-19,36620.728095515,36620.728627093,36620.781878277,38.3330078125,38.3330078125,0,,0
17460,GF-19-CAM-19,36620.9387362,36620.939711622,36620.97621412,38.3330078125,38.3330078125,0,,0
17462,GF-19-CAM-19,36621.149567313,36621.151570871,36621.211783128,38.3330078125,38.3330078125,0,,0
17464,GF-19-CAM-19,36621.3662744,36621.367667484,36621.412936359,38.3330078125,38.3330078125,0,,0
17466,GF-19-CAM-19,36621.578397482,36621.581911235,36621.625930749,38.3330078125,38.3330078125,0,,0
17468,GF-19-CAM-19,36621.762056515,36621.762654665,36621.810823978,38.3330078125,38.3330078125,0,,0
17470,GF-19-CAM-19,36621.974179406,36621.975090803,36622.018987228,38.3330078125,38.3330078125,0,,0
17472,GF-19-CAM-19,36622.170211878,36622.170975378,36622.211134779,38.3330078125,38.3330078125,0,,0
17474,GF-19-CAM-19,36622.354929572,36622.356159955,36622.401978058,38.3330078125,38.3330078125,0,,0
17476,GF-19-CAM-19,36622.564015498,36622.564712261,36622.601579136,38.3330078125,38.3330078125,0,,0
17478,GF-19-CAM-19,36622.766536627,36622.768738534,36622.813497268,38.3330078125,38.3330078125,0,,0
17480,GF-19-CAM-19,36622.964327996,36622.965156258,36623.011066772,38.3330078125,38.3330078125,0,,0
17482,GF-19-CAM-19,36623.16421559,36623.166793289,36623.202681836,38.3330078125,38.3330078125,0,,0
17484,GF-19-CAM-19,36623.360315292,36623.361393101,36623.407797188,38.3330078125,38.3330078125,0,,0
17486,GF-19-CAM-19,36623.565616619,36623.568627266,36623.620610798,38.3330078125,38.3330078125,0,,0
17488,GF-19-CAM-19,36623.778899198,36623.779880141,36623.826841014,38.3330078125,38.3330078125,0,,0
17490,GF-19-CAM-19,36623.971313351,36623.972636101,36624.037322608,38.3330078125,38.3330078125,0,,0
17492,GF-19-CAM-19,36624.198597529,36624.199763015,36624.23750715,38.3330078125,38.3330078125,0,,0
17494,GF-19-CAM-19,36624.38725372,36624.390148871,36624.442462392,38.3330078125,38.3330078125,0,,0
17496,GF-19-CAM-19,36624.633574789,36624.635389752,36624.69333668,38.3330078125,38.3330078125,0,,0
17498,GF-19-CAM-19,36624.920215165,36624.92121794,36624.967490886,38.3330078125,38.3330078125,0,,0
17500,GF-19-CAM-19,36625.127674696,36625.128757348,36625.171227752,38.3330078125,38.3330078125,0,,0
17502,GF-19-CAM-19,36625.341224392,36625.342169363,36625.383896068,38.3330078125,38.3330078125,0,,0
17504,GF-19-CAM-19,36625.531624209,36625.532085206,36625.575449609,38.3330078125,38.3330078125,0,,0
17506,GF-19-CAM-19,36625.74069289,36625.741448953,36625.793271566,38.3330078125,38.3330078125,0,,0
17508,GF-19-CAM-19,36625.949148465,36625.950412345,36625.994834182,38.3330078125,38.3330078125,0,,0
17510,GF-19-CAM-19,36626.145074619,36626.146356702,36626.184238281,38.3330078125,38.3330078125,0,,0
17512,GF-19-CAM-19,36626.359045758,36626.362132829,36626.399351369,38.3330078125,38.3330078125,0,,0
17514,GF-19-CAM-19,36626.527668184,36626.528641725,36626.571766897,38.3330078125,38.3330078125,0,,0
17516,GF-19-CAM-19,36626.702649403,36626.703263381,36626.736957088,38.3330078125,38.3330078125,0,,0
17518,GF-19-CAM-19,36626.897570038,36626.89858413,36626.938046582,38.3330078125,38.3330078125,0,,0
17520,GF-19-CAM-19,36627.124349985,36627.125091719,36627.160756623,38.3330078125,38.3330078125,0,,0
17522,GF-19-CAM-19,36627.322580817,36627.323059343,36627.366249542,38.3330078125,38.3330078125,0,,0
17524,GF-19-CAM-19,36627.518101371,36627.519029753,36627.581242624,38.3330078125,38.3330078125,0,,0
17526,GF-19-CAM-19,36627.740452001,36627.741091808,36627.783035129,38.3330078125,38.3330078125,0,,0
17528,GF-19-CAM-19,36627.936363637,36627.937103737,36627.999337792,38.3330078125,38.3330078125,0,,0
17530,GF-19-CAM-19,36628.1685283,36628.169342402,36628.216900305,38.3330078125,38.3330078125,0,,0
17532,GF-19-CAM-19,36628.367684769,36628.36827434,36628.411846187,38.3330078125,38.3330078125,0,,0
17534,GF-19-CAM-19,36628.574447364,36628.575440108,36628.612388319,38.3330078125,38.3330078125,0,,0
17536,GF-19-CAM-19,36628.766544535,36628.768015137,36628.81406922,38.3330078125,38.3330078125,0,,0
17538,GF-19-CAM-19,36628.970988992,36628.971612211,36629.013421622,38.3330078125,38.3330078125,0,,0
17540,GF-19-CAM-19,36629.183877181,36629.185220108,36629.224607126,38.3330078125,38.3330078125,0,,0
17542,GF-19-CAM-19,36629.366073033,36629.370332098,36629.406344662,38.3330078125,38.3330078125,0,,0
17544,GF-19-CAM-19,36629.559458055,36629.560311855,36629.613131109,38.3330078125,38.3330078125,0,,0
17546,GF-19-CAM-19,36629.779297765,36629.779876781,36629.819765169,38.3330078125,38.3330078125,0,,0
17548,GF-19-CAM-19,36629.979046474,36629.984197151,36630.021252097,38.3330078125,38.3330078125,0,,0
17550,GF-19-CAM-19,36630.191500702,36630.193748822,36630.232287403,38.3330078125,38.3330078125,0,,0
17552,GF-19-CAM-19,36630.400128341,36630.402831445,36630.443623973,38.3330078125,38.3330078125,0,,0
17554,GF-19-CAM-19,36630.62068207,36630.621459482,36630.655653561,38.3330078125,38.3330078125,0,,0
17556,GF-19-CAM-19,36630.815223518,36630.816233608,36630.857727385,38.3330078125,38.3330078125,0,,0
17558,GF-19-CAM-19,36631.026598075,36631.02797147,36631.072573448,38.3330078125,38.3330078125,0,,0
17560,GF-19-CAM-19,36631.251112802,36631.252129887,36631.295776541,38.3330078125,38.3330078125,0,,0
17562,GF-19-CAM-19,36631.436216779,36631.437354488,36631.49214556,38.3330078125,38.3330078125,0,,0
17564,GF-19-CAM-19,36631.649091703,36631.650286656,36631.691459413,38.3330078125,38.3330078125,0,,0
17566,GF-19-CAM-19,36631.850418414,36631.851574536,36631.886970758,38.3330078125,38.3330078125,0,,0
17568,GF-19-CAM-19,36632.053361489,36632.054899688,36632.113745188,38.3330078125,38.3330078125,0,,0
17570,GF-19-CAM-19,36632.261102539,36632.261938602,36632.314542786,38.3330078125,38.3330078125,0,,0
17572,GF-19-CAM-19,36632.45157229,36632.452284502,36632.49438235,38.3330078125,38.3330078125,0,,0
17574,GF-19-CAM-19,36632.643028131,36632.645422427,36632.699068382,38.3330078125,38.3330078125,0,,0
17576,GF-19-CAM-19,36632.854841546,36632.85575323,36632.892220071,38.3330078125,38.3330078125,0,,0
17578,GF-19-CAM-19,36633.050418769,36633.051352092,36633.090682559,38.3330078125,38.3330078125,0,,0
17580,GF-19-CAM-19,36633.255416503,36633.25661937,36633.328371426,38.3330078125,38.3330078125,0,,0
17582,GF-19-CAM-19,36633.556234109,36633.557174944,36633.597148971,38.3330078125,38.3330078125,0,,0
17584,GF-19-CAM-19,36633.821914199,36633.822718081,36633.868880949,38.3330078125,38.3330078125,0,,0
17586,GF-19-CAM-19,36634.040017777,36634.040477249,36634.082689013,38.3330078125,38.3330078125,0,,0
17588,GF-19-CAM-19,36634.243117118,36634.244343058,36634.284795874,38.3330078125,38.3330078125,0,,0
17590,GF-19-CAM-19,36634.419623139,36634.420651331,36634.463408024,38.3330078125,38.3330078125,0,,0
17592,GF-19-CAM-19,36634.612155906,36634.612852936,36634.646186095,38.3330078125,38.3330078125,0,,0
17594,GF-19-CAM-19,36634.813982393,36634.815566005,36634.85685192,38.3330078125,38.3330078125,0,,0
17596,GF-19-CAM-19,36635.002558835,36635.003289775,36635.054171874,38.3330078125,38.3330078125,0,,0
17598,GF-19-CAM-19,36635.223653074,36635.224362358,36635.269919699,38.3330078125,38.3330078125,0,,0
17600,GF-19-CAM-19,36635.427989146,36635.429280657,36635.470792666,38.3330078125,38.3330078125,0,,0
17602,GF-19-CAM-19,36635.653695091,36635.654531049,36635.692326544,38.3330078125,38.3330078125,0,,0
17604,GF-19-CAM-19,36635.84690107,36635.847429506,36635.890492279,38.3330078125,38.3330078125,0,,0
17606,GF-19-CAM-19,36636.04315748,36636.043934947,36636.086482487,38.3330078125,38.3330078125,0,,0
17608,GF-19-CAM-19,36636.253468719,36636.254283474,36636.291853706,38.3330078125,38.3330078125,0,,0
17610,GF-19-CAM-19,36636.472143368,36636.475359173,36636.526131393,38.3330078125,38.3330078125,0,,0
17612,GF-19-CAM-19,36636.66948948,36636.670144929,36636.708886372,38.3330078125,38.3330078125,0,,0
17614,GF-19-CAM-19,36636.871360231,36636.872530084,36636.907897965,38.3330078125,38.3330078125,0,,0
17616,GF-19-CAM-19,36637.083475067,36637.084552746,36637.120695575,38.3330078125,38.3330078125,0,,0
17618,GF-19-CAM-19,36637.275966542,36637.277658293,36637.318670481,38.3330078125,38.3330078125,0,,0
17620,GF-19-CAM-19,36637.476318904,36637.477090192,36637.519635072,38.3330078125,38.3330078125,0,,0
17622,GF-19-CAM-19,36637.676466176,36637.677181854,36637.715079156,38.3330078125,38.3330078125,0,,0
17624,GF-19-CAM-19,36637.851623733,36637.852304625,36637.896162751,38.3330078125,38.3330078125,0,,0
17626,GF-19-CAM-19,36638.047607751,36638.048429324,36638.099030619,38.3330078125,38.3330078125,0,,0
17628,GF-19-CAM-19,36638.273537862,36638.275781254,36638.314812157,38.3330078125,38.3330078125,0,,0
17630,GF-19-CAM-19,36638.476950394,36638.478093104,36638.550384648,38.3330078125,38.3330078125,0,,0
17632,GF-19-CAM-19,36638.745555661,36638.746503774,36638.79038446,38.3330078125,38.3330078125,0,,0
17634,GF-19-CAM-19,36638.973066411,36638.973579522,36639.015090742,38.3330078125,38.3330078125,0,,0
17636,GF-19-CAM-19,36639.164409171,36639.16698108,36639.216573116,38.3330078125,38.3330078125,0,,0
17638,GF-19-CAM-19,36639.367335484,36639.367914263,36639.405971717,38.3330078125,38.3330078125,0,,0
17640,GF-19-CAM-19,36639.550822626,36639.553074772,36639.620260014,38.3330078125,38.3330078125,0,,0
17642,GF-19-CAM-19,36639.774775334,36639.7759359,36639.835729919,38.3330078125,38.3330078125,0,,0
17644,GF-19-CAM-19,36639.980468741,36639.981330256,36640.016128069,38.3330078125,38.3330078125,0,,0
17646,GF-19-CAM-19,36640.181952884,36640.182909668,36640.226325833,38.3330078125,38.3330078125,0,,0
17648,GF-19-CAM-19,36640.396755338,36640.397989721,36640.437046618,38.3330078125,38.3330078125,0,,0
17650,GF-19-CAM-19,36640.602215564,36640.603353227,36640.653010261,38.3330078125,38.3330078125,0,,0
17652,GF-19-CAM-19,36640.827494453,36640.828426649,36640.864723491,38.3330078125,38.3330078125,0,,0
17654,GF-19-CAM-19,36641.047881229,36641.049707982,36641.107069891,38.3330078125,38.3330078125,0,,0
17656,GF-19-CAM-19,36641.26616397,36641.267536447,36641.327656971,38.3330078125,38.3330078125,0,,0
17658,GF-19-CAM-19,36641.487930866,36641.491209172,36641.560259607,38.3330078125,38.3330078125,0,,0
17660,GF-19-CAM-19,36641.712441323,36641.71313584,36641.742985434,38.3330078125,38.3330078125,0,,0
17662,GF-19-CAM-19,36641.89221539,36641.893763382,36641.927199978,38.3330078125,38.3330078125,0,,0
17664,GF-19-CAM-19,36642.083015647,36642.084893016,36642.135047219,38.3330078125,38.3330078125,0,,0
17666,GF-19-CAM-19,36642.295356044,36642.295924613,36642.349712093,38.3330078125,38.3330078125,0,,0
17668,GF-19-CAM-19,36642.508055442,36642.508803749,36642.548881247,38.3330078125,38.3330078125,0,,0
17670,GF-19-CAM-19,36642.713765085,36642.714167237,36642.749429371,38.3330078125,38.3330078125,0,,0
17672,GF-19-CAM-19,36642.916148894,36642.919378452,36642.97167791,38.3330078125,38.3330078125,0,,0
17674,GF-19-CAM-19,36643.126876087,36643.128963351,36643.162815414,38.3330078125,38.3330078125,0,,0
17676,GF-19-CAM-19,36643.32838738,36643.328979144,36643.366837842,38.3330078125,38.3330078125,0,,0
17678,GF-19-CAM-19,36643.540677065,36643.542904156,36643.572136762,38.3330078125,38.3330078125,0,,0
17680,GF-19-CAM-19,36643.724277794,36643.725557236,36643.774089645,38.3330078125,38.3330078125,0,,0
17682,GF-19-CAM-19,36643.943677607,36643.945288699,36643.988455899,38.3330078125,38.3330078125,0,,0
17684,GF-19-CAM-19,36644.148255039,36644.149230829,36644.188968034,38.3330078125,38.3330078125,0,,0
17686,GF-19-CAM-19,36644.345228703,36644.34587375,36644.385908277,38.3330078125,38.3330078125,0,,0
17688,GF-19-CAM-19,36644.538530275,36644.539407708,36644.586279134,38.3330078125,38.3330078125,0,,0
17690,GF-19-CAM-19,36644.773135093,36644.776597938,36644.82117044,38.3330078125,38.3330078125,0,,0
17692,GF-19-CAM-19,36644.963118352,36644.963922282,36645.004366878,38.3330078125,38.3330078125,0,,0
17694,GF-19-CAM-19,36645.160965419,36645.162566076,36645.223970903,38.3330078125,38.3330078125,0,,0
17696,GF-19-CAM-19,36645.431893267,36645.433317236,36645.474412497,38.3330078125,38.3330078125,0,,0
17698,GF-19-CAM-19,36645.636561591,36645.638938631,36645.670600095,38.3330078125,38.3330078125,0,,0
17700,GF-19-CAM-19,36645.8470243,36645.848683705,36645.878462654,38.3330078125,38.3330078125,0,,0
17702,GF-19-CAM-19,36646.070786525,36646.071792017,36646.112875604,38.3330078125,38.3330078125,0,,0
17704,GF-19-CAM-19,36646.257654142,36646.258864081,36646.303410027,38.3330078125,38.3330078125,0,,0
17706,GF-19-CAM-19,36646.468100629,36646.469493404,36646.517100943,38.3330078125,38.3330078125,0,,0
17708,GF-19-CAM-19,36646.722395333,36646.7236598,36646.775937988,38.3330078125,38.3330078125,0,,0
17710,GF-19-CAM-19,36646.951119551,36646.951923548,36646.984130318,38.3330078125,38.3330078125,0,,0
17712,GF-19-CAM-19,36647.16726072,36647.169116799,36647.206839091,38.3330078125,38.3330078125,0,,0
17714,GF-19-CAM-19,36647.377632889,36647.378400833,36647.444697441,38.3330078125,38.3330078125,0,,0
17716,GF-19-CAM-19,36647.599198533,36647.599999729,36647.655921267,38.3330078125,38.3330078125,0,,0
17718,GF-19-CAM-19,36647.807225286,36647.808617819,36647.858155673,38.3330078125,38.3330078125,0,,0
17720,GF-19-CAM-19,36648.054465305,36648.055621501,36648.100309715,38.3330078125,38.3330078125,0,,0
17722,GF-19-CAM-19,36648.243635909,36648.244289884,36648.292493658,38.3330078125,38.3330078125,0,,0
17724,GF-19-CAM-19,36648.470681898,36648.471335095,36648.513349869,38.3330078125,38.3330078125,0,,0
17726,GF-19-CAM-19,36648.672278149,36648.673086487,36648.719996127,38.3330078125,38.3330078125,0,,0
17728,GF-19-CAM-19,36648.898175657,36648.898782708,36648.951780326,38.3330078125,38.3330078125,0,,0
17730,GF-19-CAM-19,36649.127028929,36649.129302264,36649.167168768,38.3330078125,38.3330078125,0,,0
17732,GF-19-CAM-19,36649.354234594,36649.354924648,36649.427400251,38.3330078125,38.3330078125,0,,0
17734,GF-19-CAM-19,36649.584284315,36649.591901601,36649.628533443,38.3330078125,38.3330078125,0,,0
17736,GF-19-CAM-19,36649.801400268,36649.802115998,36649.841783522,38.3330078125,38.3330078125,0,,0
17738,GF-19-CAM-19,36649.986872621,36649.987894409,36650.037737233,38.3330078125,38.3330078125,0,,0
17740,GF-19-CAM-19,36650.20691369,36650.207734867,36650.266472646,38.3330078125,38.3330078125,0,,0
17742,GF-19-CAM-19,36650.429734892,36650.430818232,36650.49570162,38.3330078125,38.3330078125,0,,0
17744,GF-19-CAM-19,36650.665279976,36650.665758519,36650.717240681,38.3330078125,38.3330078125,0,,0
17746,GF-19-CAM-19,36650.88882546,36650.88942152,36650.932096995,38.3330078125,38.3330078125,0,,0
17748,GF-19-CAM-19,36651.077076446,36651.078276709,36651.122034746,38.3330078125,38.3330078125,0,,0
17750,GF-19-CAM-19,36651.273176118,36651.274059232,36651.312434841,38.3330078125,38.3330078125,0,,0
17752,GF-19-CAM-19,36651.511643091,36651.512492101,36651.553388376,38.3330078125,38.3330078125,0,,0
17754,GF-19-CAM-19,36651.726946095,36651.727929405,36651.775607388,38.3330078125,38.3330078125,0,,0
17756,GF-19-CAM-19,36651.938995747,36651.941929515,36651.992451947,38.3330078125,38.3330078125,0,,0
17758,GF-19-CAM-19,36652.168468005,36652.170982662,36652.216135502,38.3330078125,38.3330078125,0,,0
17760,GF-19-CAM-19,36652.384311428,36652.385374018,36652.429229953,38.3330078125,38.3330078125,0,,0
17762,GF-19-CAM-19,36652.583965011,36652.584699463,36652.641605366,38.3330078125,38.3330078125,0,,0
17764,GF-19-CAM-19,36652.784727656,36652.785716013,36652.848148121,38.3330078125,38.3330078125,0,,0
17766,GF-19-CAM-19,36653.005139,36653.006395152,36653.043055143,38.3330078125,38.3330078125,0,,0
17768,GF-19-CAM-19,36653.218768937,36653.219932206,36653.265415142,38.3330078125,38.3330078125,0,,0
17770,GF-19-CAM-19,36653.465447966,36653.46631366,36653.500441674,38.3330078125,38.3330078125,0,,0
17772,GF-19-CAM-19,36653.671569763,36653.67234107,36653.73024737,38.3330078125,38.3330078125,0,,0
17774,GF-19-CAM-19,36653.896300128,36653.896974554,36653.937475334,38.3330078125,38.3330078125,0,,0
17776,GF-19-CAM-19,36654.177798539,36654.181876219,36654.225953601,38.3330078125,38.3330078125,0,,0
17778,GF-19-CAM-19,36654.376663295,36654.377377687,36654.420221781,38.3330078125,38.3330078125,0,,0
17780,GF-19-CAM-19,36654.606064982,36654.607154172,36654.684702558,38.3330078125,38.3330078125,0,,0
17782,GF-19-CAM-19,36654.833950588,36654.838414976,36654.90009824,38.3330078125,38.3330078125,0,,0
17784,GF-19-CAM-19,36655.064542976,36655.065554714,36655.103632865,38.3330078125,38.3330078125,0,,0
17786,GF-19-CAM-19,36655.258218029,36655.259189095,36655.303190803,38.3330078125,38.3330078125,0,,0
17788,GF-19-CAM-19,36655.500426635,36655.501255394,36655.535655436,38.3330078125,38.3330078125,0,,0
17790,GF-19-CAM-19,36655.706506244,36655.707400781,36655.747435493,38.3330078125,38.3330078125,0,,0
17792,GF-19-CAM-19,36655.931642286,36655.932610926,36655.992782614,38.3330078125,38.3330078125,0,,0
17794,GF-19-CAM-19,36656.167497101,36656.168296739,36656.20678513,38.3330078125,38.3330078125,0,,0
17796,GF-19-CAM-19,36656.348422478,36656.348870535,36656.40234205,38.3330078125,38.3330078125,0,,0
17798,GF-19-CAM-19,36656.58989143,36656.590856911,36656.634175261,38.3330078125,38.3330078125,0,,0
17800,GF-19-CAM-19,36656.787488506,36656.789061572,36656.825064629,38.3330078125,38.3330078125,0,,0
17802,GF-19-CAM-19,36657.000166853,36657.001104501,36657.055333249,38.3330078125,38.3330078125,0,,0
17804,GF-19-CAM-19,36657.228953907,36657.230461593,36657.282141133,38.3330078125,38.3330078125,0,,0
17806,GF-19-CAM-19,36657.430364915,36657.431168325,36657.499983601,38.3330078125,38.3330078125,0,,0
17808,GF-19-CAM-19,36657.655153885,36657.656286718,36657.688396427,38.3330078125,38.3330078125,0,,0
17810,GF-19-CAM-19,36657.866181061,36657.869230361,36657.910786759,38.3330078125,38.3330078125,0,,0
17812,GF-19-CAM-19,36658.076703068,36658.07787156,36658.145598388,38.3330078125,38.3330078125,0,,0
17814,GF-19-CAM-19,36658.313348507,36658.315193531,36658.358978677,38.3330078125,38.3330078125,0,,0
17816,GF-19-CAM-19,36658.570157045,36658.570789037,36658.595981515,38.3330078125,38.3330078125,0,,0
17818,GF-19-CAM-19,36658.768932816,36658.769582951,36658.824282785,38.3330078125,38.3330078125,0,,0
17820,GF-19-CAM-19,36658.992866181,36658.993981243,36659.054811889,38.3330078125,38.3330078125,0,,0
17822,GF-19-CAM-19,36659.206052611,36659.206499099,36659.265390224,38.3330078125,38.3330078125,0,,0
17824,GF-19-CAM-19,36659.420854095,36659.42307159,36659.470518882,38.3330078125,38.3330078125,0,,0
17826,GF-19-CAM-19,36659.646699206,36659.647915309,36659.695350443,38.3330078125,38.3330078125,0,,0
17828,GF-19-CAM-19,36659.844750688,36659.845571461,36659.880309705,38.3330078125,38.3330078125,0,,0
17830,GF-19-CAM-19,36660.032696302,36660.035348524,36660.073718361,38.3330078125,38.3330078125,0,,0
17832,GF-19-CAM-19,36660.229471695,36660.230415235,36660.280173129,38.3330078125,38.3330078125,0,,0
17834,GF-19-CAM-19,36660.438462999,36660.439452508,36660.502701891,38.3330078125,38.3330078125,0,,0
17836,GF-19-CAM-19,36660.650977123,36660.651771478,36660.692868168,38.3330078125,38.3330078125,0,,0
17838,GF-19-CAM-19,36660.85815798,36660.861268833,36660.90047172,38.3330078125,38.3330078125,0,,0
17840,GF-19-CAM-19,36661.059082313,36661.060039947,36661.113958861,38.3330078125,38.3330078125,0,,0
17842,GF-19-CAM-19,36661.271563533,36661.272796119,36661.318845948,38.3330078125,38.3330078125,0,,0
17844,GF-19-CAM-19,36661.474656014,36661.47598561,36661.510548109,38.3330078125,38.3330078125,0,,0
17846,GF-19-CAM-19,36661.684853239,36661.686210136,36661.736112482,38.3330078125,38.3330078125,0,,0
17848,GF-19-CAM-19,36661.891534826,36661.89350894,36661.939119543,38.3330078125,38.3330078125,0,,0
17850,GF-19-CAM-19,36662.098364811,36662.102180328,36662.153481294,38.3330078125,38.3330078125,0,,0
17852,GF-19-CAM-19,36662.327306461,36662.329269434,36662.378992619,38.3330078125,38.3330078125,0,,0
17854,GF-19-CAM-19,36662.556976289,36662.55806318,36662.601702208,38.3330078125,38.3330078125,0,,0
17856,GF-19-CAM-19,36662.777740705,36662.778566402,36662.812444684,38.3330078125,38.3330078125,0,,0
17858,GF-19-CAM-19,36662.968966336,36662.970972359,36663.022883813,38.3330078125,38.3330078125,0,,0
17860,GF-19-CAM-19,36663.190879454,36663.191461876,36663.253848816,38.3330078125,38.3330078125,0,,0
17862,GF-19-CAM-19,36663.382494776,36663.384866146,36663.433882339,38.3330078125,38.3330078125,0,,0
17864,GF-19-CAM-19,36663.598400208,36663.599421457,36663.653118198,38.3330078125,38.3330078125,0,,0
17866,GF-19-CAM-19,36663.850391648,36663.851054863,36663.888807442,38.3330078125,38.3330078125,0,,0
17868,GF-19-CAM-19,36664.043128809,36664.044985318,36664.094358789,38.3330078125,38.3330078125,0,,0
17870,GF-19-CAM-19,36664.262825792,36664.263914409,36664.305716004,38.3330078125,38.3330078125,0,,0
17872,GF-19-CAM-19,36664.482918903,36664.484105967,36664.527687928,38.3330078125,38.3330078125,0,,0
17874,GF-19-CAM-19,36664.69142931,36664.692582296,36664.731764541,38.3330078125,38.3330078125,0,,0
17876,GF-19-CAM-19,36664.914546719,36664.916133536,36664.969382222,38.3330078125,38.3330078125,0,,0
17878,GF-19-CAM-19,36665.129926746,36665.130757127,36665.191304909,38.3330078125,38.3330078125,0,,0
17880,GF-19-CAM-19,36665.364240673,36665.364892856,36665.413963931,38.3330078125,38.3330078125,0,,0
17882,GF-19-CAM-19,36665.59947119,36665.600427763,36665.645073904,38.3330078125,38.3330078125,0,,0
17884,GF-19-CAM-19,36665.805060647,36665.805928998,36665.843082235,38.3330078125,38.3330078125,0,,0
17886,GF-19-CAM-19,36666.004831053,36666.005882957,36666.063320155,38.3330078125,38.3330078125,0,,0
17888,GF-19-CAM-19,36666.254654556,36666.255759085,36666.309338724,38.3330078125,38.3330078125,0,,0
17890,GF-19-CAM-19,36666.479029313,36666.479679869,36666.529756537,38.3330078125,38.3330078125,0,,0
17892,GF-19-CAM-19,36666.68999075,36666.690675946,36666.734618047,38.3330078125,38.3330078125,0,,0
17894,GF-19-CAM-19,36666.923780498,36666.924922127,36666.982642336,38.3330078125,38.3330078125,0,,0
17896,GF-19-CAM-19,36667.183550266,36667.184783165,36667.232530845,38.3330078125,38.3330078125,0,,0
17898,GF-19-CAM-19,36667.399836542,36667.401056961,36667.441871982,38.3330078125,38.3330078125,0,,0
17900,GF-19-CAM-19,36667.604320588,36667.606788283,36667.645422737,38.3330078125,38.3330078125,0,,0
17902,GF-19-CAM-19,36667.827478746,36667.828474718,36667.888577204,38.3330078125,38.3330078125,0,,0
17904,GF-19-CAM-19,36668.053689682,36668.054666562,36668.094601729,38.3330078125,38.3330078125,0,,0
17906,GF-19-CAM-19,36668.24783536,36668.248828426,36668.29758214,38.3330078125,38.3330078125,0,,0
17908,GF-19-CAM-19,36668.455020919,36668.456994116,36668.523191185,38.3330078125,38.3330078125,0,,0
17910,GF-19-CAM-19,36668.675042659,36668.675739872,36668.735571002,38.3330078125,38.3330078125,0,,0
17912,GF-19-CAM-19,36668.894525761,36668.895401894,36668.942102912,38.3330078125,38.3330078125,0,,0
17914,GF-19-CAM-19,36669.09817482,36669.10040487,36669.141923766,38.3330078125,38.3330078125,0,,0
17916,GF-19-CAM-19,36669.321757727,36669.32332775,36669.367055719,38.3330078125,38.3330078125,0,,0
17918,GF-19-CAM-19,36669.547961752,36669.548686545,36669.591063451,38.3330078125,38.3330078125,0,,0
17920,GF-19-CAM-19,36669.766240042,36669.76680224,36669.813262362,38.3330078125,38.3330078125,0,,0
17922,GF-19-CAM-19,36669.97590704,36669.977833014,36670.025836537,38.3330078125,38.3330078125,0,,0
17924,GF-19-CAM-19,36670.190154572,36670.191318866,36670.233632295,38.3330078125,38.3330078125,0,,0
17926,GF-19-CAM-19,36670.390647189,36670.391572696,36670.437022138,38.3330078125,38.3330078125,0,,0
17928,GF-19-CAM-19,36670.614817921,36670.615935626,36670.656435596,38.3330078125,38.3330078125,0,,0
17930,GF-19-CAM-19,36670.82785201,36670.829321316,36670.889763434,38.3330078125,38.3330078125,0,,0
17932,GF-19-CAM-19,36671.07977286,36671.080705409,36671.130660113,38.3330078125,38.3330078125,0,,0
17934,GF-19-CAM-19,36671.303731065,36671.306777627,36671.362628334,38.3330078125,38.3330078125,0,,0
17936,GF-19-CAM-19,36671.54668237,36671.548477787,36671.613739937,38.3330078125,38.3330078125,0,,0
17938,GF-19-CAM-19,36671.806516827,36671.809806101,36671.880196583,38.3330078125,38.3330078125,0,,0
17940,GF-19-CAM-19,36672.040268269,36672.045482828,36672.10268064,38.3330078125,38.3330078125,0,,0
17942,GF-19-CAM-19,36672.318674113,36672.319743473,36672.369763022,38.3330078125,38.3330078125,0,,0
17944,GF-19-CAM-19,36672.554675097,36672.556846687,36672.610272049,38.3330078125,38.3330078125,0,,0
17946,GF-19-CAM-19,36672.781782022,36672.783343606,36672.843840582,38.3330078125,38.3330078125,0,,0
17948,GF-19-CAM-19,36673.022682097,36673.023938493,36673.069538963,38.3330078125,38.3330078125,0,,0
17950,GF-19-CAM-19,36673.282142897,36673.285986286,36673.326398436,38.3330078125,38.3330078125,0,,0
17952,GF-19-CAM-19,36673.495146727,36673.495985028,36673.580839311,38.3330078125,38.3330078125,0,,0
17954,GF-19-CAM-19,36673.758699742,36673.76138713,36673.799768533,38.3330078125,38.3330078125,0,,0
17956,GF-19-CAM-19,36673.992980928,36673.993943663,36674.044528123,38.3330078125,38.3330078125,0,,0
17958,GF-19-CAM-19,36674.219079376,36674.22036052,36674.265863616,38.3330078125,38.3330078125,0,,0
17960,GF-19-CAM-19,36674.451755694,36674.452818468,36674.49766915,38.3330078125,38.3330078125,0,,0
17962,GF-19-CAM-19,36674.66723437,36674.66930463,36674.714865257,38.3330078125,38.3330078125,0,,0
17964,GF-19-CAM-19,36674.866924997,36674.868097823,36674.926041072,38.3330078125,38.3330078125,0,,0
17966,GF-19-CAM-19,36675.117612991,36675.118696688,36675.173657334,38.3330078125,38.3330078125,0,,0
17968,GF-19-CAM-19,36675.345264114,36675.34751627,36675.403813942,38.3330078125,38.3330078125,0,,0
17970,GF-19-CAM-19,36675.573609693,36675.577689301,36675.631562184,38.3330078125,38.3330078125,0,,0
17972,GF-19-CAM-19,36675.805448972,36675.806774434,36675.869409044,38.3330078125,38.3330078125,0,,0
17974,GF-19-CAM-19,36676.004751406,36676.007089506,36676.057418767,38.3330078125,38.3330078125,0,,0
17976,GF-19-CAM-19,36676.225752533,36676.22714595,36676.288055153,38.3330078125,38.3330078125,0,,0
17978,GF-19-CAM-19,36676.472171056,36676.473462045,36676.52569505,38.3330078125,38.3330078125,0,,0
17980,GF-19-CAM-19,36676.705633893,36676.706676711,36676.754453056,38.3330078125,38.3330078125,0,,0
17982,GF-19-CAM-19,36676.92665147,36676.927418777,36676.971111185,38.3330078125,38.3330078125,0,,0
17984,GF-19-CAM-19,36677.166968961,36677.167874467,36677.219014157,38.3330078125,38.3330078125,0,,0
17986,GF-19-CAM-19,36677.406865779,36677.408439433,36677.470376991,38.3330078125,38.3330078125,0,,0
17988,GF-19-CAM-19,36677.63413821,36677.634936178,36677.685854142,38.3330078125,38.3330078125,0,,0
17990,GF-19-CAM-19,36677.855460472,36677.856469281,36677.91164661,38.3330078125,38.3330078125,0,,0
17992,GF-19-CAM-19,36678.108904482,36678.110592208,36678.166424924,38.3330078125,38.3330078125,0,,0
17994,GF-19-CAM-19,36678.312743874,36678.313551158,36678.368417019,38.3330078125,38.3330078125,0,,0
17996,GF-19-CAM-19,36678.527272754,36678.527783179,36678.578507953,38.3330078125,38.3330078125,0,,0
17998,GF-19-CAM-19,36678.749186143,36678.750026436,36678.797306443,38.3330078125,38.3330078125,0,,0
18000,GF-19-CAM-19,36678.954813043,36678.956094537,36678.995199856,38.3330078125,38.3330078125,0,,0
18002,GF-19-CAM-19,36679.187653539,36679.19050758,36679.228840819,38.3330078125,38.3330078125,0,,0
18004,GF-19-CAM-19,36679.398081819,36679.39909974,36679.474087589,38.3330078125,38.3330078125,0,,0
18006,GF-19-CAM-19,36679.657048273,36679.658087265,36679.694417032,38.3330078125,38.3330078125,0,,0
18008,GF-19-CAM-19,36679.871548263,36679.873223564,36679.919028038,38.3330078125,38.3330078125,0,,0
18010,GF-19-CAM-19,36680.089731405,36680.090407965,36680.144829426,38.3330078125,38.3330078125,0,,0
18012,GF-19-CAM-19,36680.327463211,36680.329966155,36680.37605616,38.3330078125,38.3330078125,0,,0
18014,GF-19-CAM-19,36680.551218554,36680.554045657,36680.616438203,38.3330078125,38.3330078125,0,,0
18016,GF-19-CAM-19,36680.800206149,36680.800957306,36680.835523924,38.3330078125,38.3330078125,0,,0
18018,GF-19-CAM-19,36681.01381975,36681.014764065,36681.054019411,38.3330078125,38.3330078125,0,,0
18020,GF-19-CAM-19,36681.235163697,36681.236781827,36681.287768101,38.3330078125,38.3330078125,0,,0
18022,GF-19-CAM-19,36681.446170195,36681.447847849,36681.492989224,38.3330078125,38.3330078125,0,,0
18024,GF-19-CAM-19,36681.666955821,36681.667584634,36681.714435175,38.3330078125,38.3330078125,0,,0
18026,GF-19-CAM-19,36681.894639392,36681.897871429,36681.938517705,38.3330078125,38.3330078125,0,,0
18028,GF-19-CAM-19,36682.101949055,36682.104315858,36682.160982295,38.3330078125,38.3330078125,0,,0
18030,GF-19-CAM-19,36682.337543072,36682.338990326,36682.397539977,38.3330078125,38.3330078125,0,,0
18032,GF-19-CAM-19,36682.594072863,36682.596847033,36682.646350736,38.3330078125,38.3330078125,0,,0
18034,GF-19-CAM-19,36682.818420794,36682.819409805,36682.86482623,38.3330078125,38.3330078125,0,,0
18036,GF-19-CAM-19,36683.034897207,36683.036311903,36683.083323292,38.3330078125,38.3330078125,0,,0
18038,GF-19-CAM-19,36683.262362395,36683.263704967,36683.308376889,38.3330078125,38.3330078125,0,,0
18040,GF-19-CAM-19,36683.494551336,36683.497178551,36683.538764159,38.3330078125,38.3330078125,0,,0
18042,GF-19-CAM-19,36683.71763946,36683.718927429,36683.76804557,38.3330078125,38.3330078125,0,,0
18044,GF-19-CAM-19,36683.946323835,36683.946815388,36684.005880713,38.3330078125,38.3330078125,0,,0
18046,GF-19-CAM-19,36684.181770902,36684.182498627,36684.232560295,38.3330078125,38.3330078125,0,,0
18048,GF-19-CAM-19,36684.39283276,36684.396238132,36684.457462285,38.3330078125,38.3330078125,0,,0
18050,GF-19-CAM-19,36684.646839118,36684.648142615,36684.691730554,38.3330078125,38.3330078125,0,,0
18052,GF-19-CAM-19,36684.839639758,36684.840448341,36684.885155199,38.3330078125,38.3330078125,0,,0
18054,GF-19-CAM-19,36685.0810819,36685.084774306,36685.132691355,38.3330078125,38.3330078125,0,,0
18056,GF-19-CAM-19,36685.293607579,36685.295800531,36685.352679765,38.3330078125,38.3330078125,0,,0
18058,GF-19-CAM-19,36685.52904302,36685.531598818,36685.584981221,38.3330078125,38.3330078125,0,,0
18060,GF-19-CAM-19,36685.736476882,36685.737703788,36685.792252329,38.3330078125,38.3330078125,0,,0
18062,GF-19-CAM-19,36685.989377561,36685.990440714,36686.036427907,38.3330078125,38.3330078125,0,,0
18064,GF-19-CAM-19,36686.212687165,36686.21352868,36686.257949797,38.3330078125,38.3330078125,0,,0
18066,GF-19-CAM-19,36686.428754623,36686.431774045,36686.492808887,38.3330078125,38.3330078125,0,,0
18068,GF-19-CAM-19,36686.675207957,36686.676277605,36686.748487418,38.3330078125,38.3330078125,0,,0
18070,GF-19-CAM-19,36686.902031601,36686.904722514,36686.935713682,38.3330078125,38.3330078125,0,,0
18072,GF-19-CAM-19,36687.107217301,36687.108330392,36687.148839353,38.3330078125,38.3330078125,0,,0
18074,GF-19-CAM-19,36687.325740939,36687.327192199,36687.377119876,38.3330078125,38.3330078125,0,,0
18076,GF-19-CAM-19,36687.545076159,36687.545848681,36687.594750057,38.3330078125,38.3330078125,0,,0
18078,GF-19-CAM-19,36687.735185833,36687.736279225,36687.809070425,38.3330078125,38.3330078125,0,,0
18080,GF-19-CAM-19,36687.976304044,36687.977054104,36688.028493889,38.3330078125,38.3330078125,0,,0
18082,GF-19-CAM-19,36688.185309043,36688.186027313,36688.24522198,38.3330078125,38.3330078125,0,,0
18084,GF-19-CAM-19,36688.416862559,36688.417752727,36688.499293032,38.3330078125,38.3330078125,0,,0
18086,GF-19-CAM-19,36688.69014843,36688.690883238,36688.731527231,38.3330078125,38.3330078125,0,,0
18088,GF-19-CAM-19,36688.907748895,36688.908731208,36688.975090278,38.3330078125,38.3330078125,0,,0
18090,GF-19-CAM-19,36689.166091236,36689.169060173,36689.222841129,38.3330078125,38.3330078125,0,,0
18092,GF-19-CAM-19,36689.372443158,36689.372832115,36689.411817514,38.3330078125,38.3330078125,0,,0
18094,GF-19-CAM-19,36689.588731886,36689.590808087,36689.64381467,38.3330078125,38.3330078125,0,,0
18096,GF-19-CAM-19,36689.832052213,36689.833034888,36689.875882846,38.3330078125,38.3330078125,0,,0
18098,GF-19-CAM-19,36690.014962023,36690.017174412,36690.075646729,38.3330078125,38.3330078125,0,,0
18100,GF-19-CAM-19,36690.292217644,36690.293553563,36690.334759675,38.3330078125,38.3330078125,0,,0
18102,GF-19-CAM-19,36690.504274297,36690.505476244,36690.543904888,38.3330078125,38.3330078125,0,,0
18104,GF-19-CAM-19,36690.694315348,36690.694900929,36690.757530914,38.3330078125,38.3330078125,0,,0
18106,GF-19-CAM-19,36690.94394839,36690.945157226,36690.991974484,38.3330078125,38.3330078125,0,,0
18108,GF-19-CAM-19,36691.176092739,36691.178847378,36691.220665333,38.3330078125,38.3330078125,0,,0
18110,GF-19-CAM-19,36691.40189269,36691.402797269,36691.448249011,38.3330078125,38.3330078125,0,,0
18112,GF-19-CAM-19,36691.611221169,36691.613159799,36691.667295285,38.3330078125,38.3330078125,0,,0
18114,GF-19-CAM-19,36691.830060225,36691.831465798,36691.865656021,38.3330078125,38.3330078125,0,,0
18116,GF-19-CAM-19,36692.033145168,36692.034817107,36692.12136857,38.3330078125,38.3330078125,0,,0
18118,GF-19-CAM-19,36692.287317555,36692.288429396,36692.343462215,38.3330078125,38.3330078125,0,,0
18120,GF-19-CAM-19,36692.501930951,36692.502971655,36692.545369107,38.3330078125,38.3330078125,0,,0
18122,GF-19-CAM-19,36692.717377257,36692.718252981,36692.760655791,38.3330078125,38.3330078125,0,,0
18124,GF-19-CAM-19,36692.954359326,36692.955871015,36693.00263138,38.3330078125,38.3330078125,0,,0
18126,GF-19-CAM-19,36693.156709885,36693.157488372,36693.209652251,38.3330078125,38.3330078125,0,,0
18128,GF-19-CAM-19,36693.361892129,36693.369953063,36693.411470264,38.3330078125,38.3330078125,0,,0
18130,GF-19-CAM-19,36693.600908365,36693.602314353,36693.64368381,38.3330078125,38.3330078125,0,,0
18132,GF-19-CAM-19,36693.808742191,36693.810551702,36693.859622553,38.3330078125,38.3330078125,0,,0
18134,GF-19-CAM-19,36694.02733161,36694.028722742,36694.081696787,38.3330078125,38.3330078125,0,,0
18136,GF-19-CAM-19,36694.249838981,36694.252318305,36694.295885657,38.3330078125,38.3330078125,0,,0
18138,GF-19-CAM-19,36694.458419181,36694.459956163,36694.510805535,38.3330078125,38.3330078125,0,,0
18140,GF-19-CAM-19,36694.692182821,36694.693199851,36694.744398579,38.3330078125,38.3330078125,0,,0
18142,GF-19-CAM-19,36694.913165359,36694.913861787,36694.961602911,38.3330078125,38.3330078125,0,,0
18144,GF-19-CAM-19,36695.106642005,36695.10716513,36695.155963495,38.3330078125,38.3330078125,0,,0
18146,GF-19-CAM-19,36695.317385819,36695.317876724,36695.364882558,38.3330078125,38.3330078125,0,,0
18148,GF-19-CAM-19,36695.534729345,36695.53578696,36695.596925892,38.3330078125,38.3330078125,0,,0
18150,GF-19-CAM-19,36695.777288749,36695.778355338,36695.836366528,38.3330078125,38.3330078125,0,,0
18152,GF-19-CAM-19,36695.999976666,36696.001041809,36696.04759782,38.3330078125,38.3330078125,0,,0
18154,GF-19-CAM-19,36696.234043545,36696.235185295,36696.286671343,38.3330078125,38.3330078125,0,,0
18156,GF-19-CAM-19,36696.447186816,36696.447768523,36696.490698598,38.3330078125,38.3330078125,0,,0
18158,GF-19-CAM-19,36696.671018577,36696.673965351,36696.751624191,38.3330078125,38.3330078125,0,,0
18160,GF-19-CAM-19,36696.921682637,36696.922385217,36696.966296614,38.3330078125,38.3330078125,0,,0
18162,GF-19-CAM-19,36697.140362203,36697.141769856,36697.194365811,38.3330078125,38.3330078125,0,,0
18164,GF-19-CAM-19,36697.386318774,36697.387752623,36697.44339403,38.3330078125,38.3330078125,0,,0
18166,GF-19-CAM-19,36697.606209582,36697.608459655,36697.653613639,38.3330078125,38.3330078125,0,,0
18168,GF-19-CAM-19,36697.824451097,36697.825108061,36697.882546334,38.3330078125,38.3330078125,0,,0
18170,GF-19-CAM-19,36698.082583257,36698.084373582,36698.137355691,38.3330078125,38.3330078125,0,,0
18172,GF-19-CAM-19,36698.306631944,36698.307377902,36698.368487648,38.3330078125,38.3330078125,0,,0
18174,GF-19-CAM-19,36698.622832645,36698.626030176,36698.670592085,38.3330078125,38.3330078125,0,,0
18176,GF-19-CAM-19,36698.858044713,36698.858948449,36698.901915664,38.3330078125,38.3330078125,0,,0
18178,GF-19-CAM-19,36699.079845795,36699.082184259,36699.125225323,38.3330078125,38.3330078125,0,,0
18180,GF-19-CAM-19,36699.31513761,36699.315710705,36699.353103957,38.3330078125,38.3330078125,0,,0
18182,GF-19-CAM-19,36699.549170268,36699.550375668,36699.606214473,38.3330078125,38.3330078125,0,,0
18184,GF-19-CAM-19,36699.786230946,36699.787371993,36699.823394245,38.3330078125,38.3330078125,0,,0
18186,GF-19-CAM-19,36699.999688436,36700.000540745,36700.046561102,38.3330078125,38.3330078125,0,,0
18188,GF-19-CAM-19,36700.194369516,36700.195880264,36700.241846949,38.3330078125,38.3330078125,0,,0
18190,GF-19-CAM-19,36700.402461578,36700.405389467,36700.460382665,38.3330078125,38.3330078125,0,,0
18192,GF-19-CAM-19,36700.608156318,36700.609771287,36700.664151692,38.3330078125,38.3330078125,0,,0
18194,GF-19-CAM-19,36700.810506078,36700.811716408,36700.860490158,38.3330078125,38.3330078125,0,,0
18196,GF-19-CAM-19,36701.027000477,36701.028616395,36701.077498208,38.3330078125,38.3330078125,0,,0
18198,GF-19-CAM-19,36701.226391002,36701.228189747,36701.271250897,38.3330078125,38.3330078125,0,,0
18200,GF-19-CAM-19,36701.431928353,36701.432839559,36701.487062908,38.3330078125,38.3330078125,0,,0
18202,GF-19-CAM-19,36701.680817227,36701.681982708,36701.721880732,38.3330078125,38.3330078125,0,,0
18204,GF-19-CAM-19,36701.890223936,36701.893438106,36701.937718053,38.3330078125,38.3330078125,0,,0
18206,GF-19-CAM-19,36702.116102273,36702.118062673,36702.159552314,38.3330078125,38.3330078125,0,,0
18208,GF-19-CAM-19,36702.326180886,36702.327268189,36702.373293042,38.3330078125,38.3330078125,0,,0
18210,GF-19-CAM-19,36702.519414954,36702.520474806,36702.574222434,38.3330078125,38.3330078125,0,,0
18212,GF-19-CAM-19,36702.743113415,36702.743774627,36702.79584043,38.3330078125,38.3330078125,0,,0
18214,GF-19-CAM-19,36702.973559573,36702.97473637,36703.032706529,38.3330078125,38.3330078125,0,,0
18216,GF-19-CAM-19,36703.177750098,36703.178461883,36703.230488837,38.3330078125,38.3330078125,0,,0
18218,GF-19-CAM-19,36703.402881848,36703.403487844,36703.460941752,38.3330078125,38.3330078125,0,,0
18220,GF-19-CAM-19,36703.638290831,36703.639149698,36703.684328601,38.3330078125,38.3330078125,0,,0
18222,GF-19-CAM-19,36703.845019794,36703.846242383,36703.909481936,38.3330078125,38.3330078125,0,,0
18224,GF-19-CAM-19,36704.094890322,36704.096315943,36704.127776032,38.3330078125,38.3330078125,0,,0
18226,GF-19-CAM-19,36704.331682309,36704.332823146,36704.385303076,38.3330078125,38.3330078125,0,,0
18228,GF-19-CAM-19,36704.535423658,36704.53666491,36704.606766401,38.3330078125,38.3330078125,0,,0
18230,GF-19-CAM-19,36704.776883376,36704.777567645,36704.821393627,38.3330078125,38.3330078125,0,,0
18232,GF-19-CAM-19,36704.971038147,36704.971739871,36705.030353923,38.3330078125,38.3330078125,0,,0
18234,GF-19-CAM-19,36705.193582979,36705.195395877,36705.257954117,38.3330078125,38.3330078125,0,,0
18236,GF-19-CAM-19,36705.418225698,36705.419096041,36705.447153848,38.3330078125,38.3330078125,0,,0
18238,GF-19-CAM-19,36705.618796022,36705.62274106,36705.681498811,38.3330078125,38.3330078125,0,,0
18240,GF-19-CAM-19,36705.864113377,36705.864987002,36705.923430501,38.3330078125,38.3330078125,0,,0
18242,GF-19-CAM-19,36706.111209981,36706.112144925,36706.144574549,38.3330078125,38.3330078125,0,,0
18244,GF-19-CAM-19,36706.342840106,36706.343828421,36706.392103824,38.3330078125,38.3330078125,0,,0
18246,GF-19-CAM-19,36706.565224336,36706.566159255,36706.639260918,38.3330078125,38.3330078125,0,,0
18248,GF-19-CAM-19,36706.801782008,36706.80255756,36706.850395824,38.3330078125,38.3330078125,0,,0
18250,GF-19-CAM-19,36707.005855488,36707.007746056,36707.041918742,38.3330078125,38.3330078125,0,,0
18252,GF-19-CAM-19,36707.234631415,36707.240990494,36707.287754494,38.3330078125,38.3330078125,0,,0
18254,GF-19-CAM-19,36707.464216046,36707.467093955,36707.522430406,38.3330078125,38.3330078125,0,,0
18256,GF-19-CAM-19,36707.702326554,36707.703333272,36707.747167401,38.3330078125,38.3330078125,0,,0
18258,GF-19-CAM-19,36707.890170515,36707.890981984,36707.932987765,38.3330078125,38.3330078125,0,,0
18260,GF-19-CAM-19,36708.09554365,36708.096354397,36708.142552232,38.3330078125,38.3330078125,0,,0
18262,GF-19-CAM-19,36708.314379773,36708.316053481,36708.350743291,38.3330078125,38.3330078125,0,,0
18264,GF-19-CAM-19,36708.532344077,36708.533129585,36708.575681457,38.3330078125,38.3330078125,0,,0
18266,GF-19-CAM-19,36708.74078129,36708.743328931,36708.785877021,38.3330078125,38.3330078125,0,,0
18268,GF-19-CAM-19,36708.94490882,36708.94649201,36709.008131175,38.3330078125,38.3330078125,0,,0
18270,GF-19-CAM-19,36709.18642278,36709.187400437,36709.228724645,38.3330078125,38.3330078125,0,,0
18272,GF-19-CAM-19,36709.431320103,36709.431984494,36709.488960019,38.3330078125,38.3330078125,0,,0
18274,GF-19-CAM-19,36709.652680589,36709.653369659,36709.706166075,38.3330078125,38.3330078125,0,,0
18276,GF-19-CAM-19,36709.868540833,36709.869369534,36709.913956303,38.3330078125,38.3330078125,0,,0
18278,GF-19-CAM-19,36710.088668774,36710.089432091,36710.153462801,38.3330078125,38.3330078125,0,,0
18280,GF-19-CAM-19,36710.330785452,36710.331894102,36710.376763492,38.3330078125,38.3330078125,0,,0
18282,GF-19-CAM-19,36710.532470689,36710.533397495,36710.573824842,38.3330078125,38.3330078125,0,,0
18284,GF-19-CAM-19,36710.732848802,36710.736259709,36710.792584603,38.3330078125,38.3330078125,0,,0
18286,GF-19-CAM-19,36710.959534367,36710.960830001,36711.005855171,38.3330078125,38.3330078125,0,,0
18288,GF-19-CAM-19,36711.176274315,36711.177194065,36711.237668869,38.3330078125,38.3330078125,0,,0
18290,GF-19-CAM-19,36711.4235141,36711.424767236,36711.462131565,38.3330078125,38.3330078125,0,,0
18292,GF-19-CAM-19,36711.627504741,36711.628527506,36711.685721203,38.3330078125,38.3330078125,0,,0
18294,GF-19-CAM-19,36711.858728694,36711.865484548,36711.922843419,38.3330078125,38.3330078125,0,,0
18296,GF-19-CAM-19,36712.096532923,36712.097422407,36712.146556586,38.3330078125,38.3330078125,0,,0
18298,GF-19-CAM-19,36712.336219412,36712.337027571,36712.373850499,38.3330078125,38.3330078125,0,,0
18300,GF-19-CAM-19,36712.555582935,36712.556903011,36712.604140293,38.3330078125,38.3330078125,0,,0
18302,GF-19-CAM-19,36712.771114871,36712.772137603,36712.807566423,38.3330078125,38.3330078125,0,,0
18304,GF-19-CAM-19,36713.000807123,36713.001769059,36713.042298514,38.3330078125,38.3330078125,0,,0
18306,GF-19-CAM-19,36713.202199562,36713.202915913,36713.269888617,38.3330078125,38.3330078125,0,,0
18308,GF-19-CAM-19,36713.446913461,36713.447788533,36713.48368813,38.3330078125,38.3330078125,0,,0
18310,GF-19-CAM-19,36713.680324952,36713.681528843,36713.75732242,38.3330078125,38.3330078125,0,,0
18312,GF-19-CAM-19,36713.951453694,36713.952191003,36713.991682438,38.3330078125,38.3330078125,0,,0
18314,GF-19-CAM-19,36714.189708597,36714.190973718,36714.225501143,38.3330078125,38.3330078125,0,,0
18316,GF-19-CAM-19,36714.413846927,36714.415097844,36714.462111126,38.3330078125,38.3330078125,0,,0
18318,GF-19-CAM-19,36714.642017563,36714.643295274,36714.686140389,38.3330078125,38.3330078125,0,,0
18320,GF-19-CAM-19,36714.834725225,36714.836757098,36714.902673649,38.3330078125,38.3330078125,0,,0
18322,GF-19-CAM-19,36715.051030632,36715.051755981,36715.11594707,38.3330078125,38.3330078125,0,,0
18324,GF-19-CAM-19,36715.27278063,36715.27347339,36715.301699292,38.3330078125,38.3330078125,0,,0
18326,GF-19-CAM-19,36715.486839011,36715.487587774,36715.533271402,38.3330078125,38.3330078125,0,,0
18328,GF-19-CAM-19,36715.704211666,36715.705244369,36715.756373778,38.3330078125,38.3330078125,0,,0
18330,GF-19-CAM-19,36715.911740374,36715.912873365,36715.943866481,38.3330078125,38.3330078125,0,,0
18332,GF-19-CAM-19,36716.123985725,36716.124664853,36716.174574874,38.3330078125,38.3330078125,0,,0
18334,GF-19-CAM-19,36716.395855736,36716.396906378,36716.443488235,38.3330078125,38.3330078125,0,,0
18336,GF-19-CAM-19,36716.619408168,36716.620340499,36716.669848349,38.3330078125,38.3330078125,0,,0
18338,GF-19-CAM-19,36716.832061712,36716.832712009,36716.895200631,38.3330078125,38.3330078125,0,,0
18340,GF-19-CAM-19,36717.047744277,36717.048637153,36717.089732739,38.3330078125,38.3330078125,0,,0
18342,GF-19-CAM-19,36717.252423283,36717.253985806,36717.296821078,38.3330078125,38.3330078125,0,,0
18344,GF-19-CAM-19,36717.473162136,36717.473820418,36717.519454475,38.3330078125,38.3330078125,0,,0
18346,GF-19-CAM-19,36717.689738289,36717.690747529,36717.747380671,38.3330078125,38.3330078125,0,,0
18348,GF-19-CAM-19,36717.913089309,36717.913743538,36717.966221995,38.3330078125,38.3330078125,0,,0
18350,GF-19-CAM-19,36718.131930266,36718.133168653,36718.172105542,38.3330078125,38.3330078125,0,,0
18352,GF-19-CAM-19,36718.35575938,36718.356712144,36718.415943693,38.3330078125,38.3330078125,0,,0
18354,GF-19-CAM-19,36718.572230049,36718.573078117,36718.622880084,38.3330078125,38.3330078125,0,,0
18360,GF-19-CAM-19,36719.220677206,36719.221331677,36719.291895954,38.33349609375,38.3330078125,0,,0
18362,GF-19-CAM-19,36719.458920408,36719.45952609,36719.513739999,38.3330078125,38.3330078125,0,,0
18364,GF-19-CAM-19,36719.675822348,36719.676375165,36719.731397216,38.3330078125,38.3330078125,0,,0
18366,GF-19-CAM-19,36719.892359636,36719.893320802,36719.937324756,38.3330078125,38.3330078125,0,,0
18368,GF-19-CAM-19,36720.104276043,36720.105162077,36720.151224063,38.3330078125,38.3330078125,0,,0
18370,GF-19-CAM-19,36720.292081535,36720.294284023,36720.357701132,38.3330078125,38.3330078125,0,,0
18372,GF-19-CAM-19,36720.536320043,36720.537722845,36720.600154846,38.3330078125,38.3330078125,0,,0
18374,GF-19-CAM-19,36720.732098944,36720.732946774,36720.774152196,38.3330078125,38.3330078125,0,,0
18376,GF-19-CAM-19,36720.921922943,36720.922736685,36720.958531704,38.3330078125,38.3330078125,0,,0
18378,GF-19-CAM-19,36721.135744015,36721.13703818,36721.16614938,38.3330078125,38.3330078125,0,,0
18380,GF-19-CAM-19,36721.332534088,36721.333396338,36721.37682201,38.3330078125,38.3330078125,0,,0
18382,GF-19-CAM-19,36721.564683351,36721.566847663,36721.612097275,38.3330078125,38.3330078125,0,,0
18384,GF-19-CAM-19,36721.781944404,36721.782822491,36721.829493439,38.3330078125,38.3330078125,0,,0
18386,GF-19-CAM-19,36721.993310002,36721.994294227,36722.050498808,38.3330078125,38.3330078125,0,,0
18388,GF-19-CAM-19,36722.207595562,36722.208753742,36722.256118362,38.3330078125,38.3330078125,0,,0
18390,GF-19-CAM-19,36722.427555535,36722.428797974,36722.474226218,38.3330078125,38.3330078125,0,,0
18392,GF-19-CAM-19,36722.646975748,36722.648400648,36722.688853207,38.3330078125,38.3330078125,0,,0
18394,GF-19-CAM-19,36722.898649881,36722.899862564,36722.940422561,38.3330078125,38.3330078125,0,,0
18396,GF-19-CAM-19,36723.110114208,36723.11237301,36723.169515378,38.3330078125,38.3330078125,0,,0
18398,GF-19-CAM-19,36723.339792646,36723.3408412,36723.393543223,38.3330078125,38.3330078125,0,,0
18400,GF-19-CAM-19,36723.562595672,36723.56345076,36723.604800701,38.3330078125,38.3330078125,0,,0
18402,GF-19-CAM-19,36723.768236434,36723.77091824,36723.820669356,38.3330078125,38.3330078125,0,,0
18404,GF-19-CAM-19,36723.986889435,36723.987660332,36724.051722072,38.3330078125,38.3330078125,0,,0
18406,GF-19-CAM-19,36724.220241375,36724.221881725,36724.261061054,38.3330078125,38.3330078125,0,,0
18408,GF-19-CAM-19,36724.441256104,36724.442120668,36724.484176495,38.3330078125,38.3330078125,0,,0
18410,GF-19-CAM-19,36724.645532921,36724.646614744,36724.701661212,38.3330078125,38.3330078125,0,,0
18412,GF-19-CAM-19,36724.859494302,36724.860300402,36724.911714622,38.3330078125,38.3330078125,0,,0
18414,GF-19-CAM-19,36725.075657104,36725.076793795,36725.122036756,38.3330078125,38.3330078125,0,,0
18416,GF-19-CAM-19,36725.294304679,36725.296132929,36725.333353915,38.3330078125,38.3330078125,0,,0
18418,GF-19-CAM-19,36725.517538665,36725.521381588,36725.565256682,38.3330078125,38.3330078125,0,,0
18420,GF-19-CAM-19,36725.73181216,36725.733067527,36725.774362219,38.3330078125,38.3330078125,0,,0
18422,GF-19-CAM-19,36725.94533202,36725.946549024,36725.987747712,38.3330078125,38.3330078125,0,,0
18424,GF-19-CAM-19,36726.175072217,36726.177272579,36726.227375832,38.3330078125,38.3330078125,0,,0
18426,GF-19-CAM-19,36726.413510951,36726.417293658,36726.467953296,38.3330078125,38.3330078125,0,,0
18428,GF-19-CAM-19,36726.643018014,36726.645932939,36726.684680806,38.3330078125,38.3330078125,0,,0
18430,GF-19-CAM-19,36726.844640291,36726.845933205,36726.895628441,38.3330078125,38.3330078125,0,,0
18432,GF-19-CAM-19,36727.057150182,36727.05833305,36727.096368031,38.3330078125,38.3330078125,0,,0
18434,GF-19-CAM-19,36727.260136773,36727.261515292,36727.328125486,38.3330078125,38.3330078125,0,,0
18436,GF-19-CAM-19,36727.488690296,36727.48961982,36727.546241885,38.3330078125,38.3330078125,0,,0
18438,GF-19-CAM-19,36727.713978268,36727.716573352,36727.77242822,38.3330078125,38.3330078125,0,,0
18440,GF-19-CAM-19,36727.954825302,36727.956489723,36728.007754261,38.3330078125,38.3330078125,0,,0
18442,GF-19-CAM-19,36728.183073751,36728.18412384,36728.238705587,38.3330078125,38.3330078125,0,,0
18444,GF-19-CAM-19,36728.394507936,36728.394919805,36728.452887437,38.3330078125,38.3330078125,0,,0
18446,GF-19-CAM-19,36728.654880368,36728.655593511,36728.70051841,38.3330078125,38.3330078125,0,,0
18448,GF-19-CAM-19,36728.863752115,36728.865714251,36728.916501125,38.3330078125,38.3330078125,0,,0
18450,GF-19-CAM-19,36729.086600362,36729.087340596,36729.134394166,38.3330078125,38.3330078125,0,,0
18465,GF-19-CAM-19,36730.391718205,36730.392848032,36730.466144246,38.3330078125,38.3330078125,0,,0
18467,GF-19-CAM-19,36730.621883895,36730.622643254,36730.684569969,38.3330078125,38.3330078125,0,,0
18469,GF-19-CAM-19,36730.892571053,36730.893342051,36730.931675556,38.3330078125,38.3330078125,0,,0
18471,GF-19-CAM-19,36731.11980097,36731.12078429,36731.169943062,38.3330078125,38.3330078125,0,,0
18473,GF-19-CAM-19,36731.356513765,36731.357116657,36731.399173922,38.3330078125,38.3330078125,0,,0
18475,GF-19-CAM-19,36731.565637841,36731.566499438,36731.618495351,38.3330078125,38.3330078125,0,,0
18477,GF-19-CAM-19,36731.833897043,36731.835887105,36731.890531354,38.3330078125,38.3330078125,0,,0
18479,GF-19-CAM-19,36732.099555743,36732.100614277,36732.1602811,38.3330078125,38.3330078125,0,,0
18481,GF-19-CAM-19,36732.328702811,36732.329934504,36732.388377996,38.3330078125,38.3330078125,0,,0
18483,GF-19-CAM-19,36732.566032078,36732.569294583,36732.615566364,38.3330078125,38.3330078125,0,,0
18485,GF-19-CAM-19,36732.787149643,36732.787828935,36732.838249028,38.3330078125,38.3330078125,0,,0
18487,GF-19-CAM-19,36733.051215394,36733.052119387,36733.109488045,38.3330078125,38.3330078125,0,,0
18489,GF-19-CAM-19,36733.278878844,36733.279573238,36733.334811249,38.3330078125,38.3330078125,0,,0
18491,GF-19-CAM-19,36733.537991113,36733.539312245,36733.569629821,38.3330078125,38.3330078125,0,,0
18493,GF-19-CAM-19,36733.767052077,36733.775375484,36733.816547398,38.3330078125,38.3330078125,0,,0
18495,GF-19-CAM-19,36733.966183457,36733.967397295,36734.010353109,38.3330078125,38.3330078125,0,,0
18497,GF-19-CAM-19,36734.165977436,36734.16857386,36734.207656588,38.3330078125,38.3330078125,0,,0
18499,GF-19-CAM-19,36734.396444456,36734.397419409,36734.438800196,38.3330078125,38.3330078125,0,,0
18501,GF-19-CAM-19,36734.643839409,36734.64459681,36734.699077378,38.3330078125,38.3330078125,0,,0
18503,GF-19-CAM-19,36734.864232008,36734.866099962,36734.906701872,38.3330078125,38.3330078125,0,,0
18505,GF-19-CAM-19,36735.065979559,36735.067099883,36735.122133159,38.3330078125,38.3330078125,0,,0
18507,GF-19-CAM-19,36735.327389946,36735.328410927,36735.364018205,38.3330078125,38.3330078125,0,,0
18509,GF-19-CAM-19,36735.578052814,36735.580275218,36735.623178471,38.3330078125,38.3330078125,0,,0
18511,GF-19-CAM-19,36735.795735292,36735.796733256,36735.845776193,38.3330078125,38.3330078125,0,,0
18513,GF-19-CAM-19,36736.079127603,36736.080226406,36736.131190276,38.3330078125,38.3330078125,0,,0
18515,GF-19-CAM-19,36736.313099833,36736.314193703,36736.356262378,38.3330078125,38.3330078125,0,,0
18517,GF-19-CAM-19,36736.565888244,36736.56695843,36736.615584991,38.3330078125,38.3330078125,0,,0
18519,GF-19-CAM-19,36736.788582177,36736.78949466,36736.837958315,38.3330078125,38.3330078125,0,,0
18521,GF-19-CAM-19,36737.005572758,36737.006391446,36737.044962746,38.3330078125,38.3330078125,0,,0
18523,GF-19-CAM-19,36737.236277713,36737.238458532,36737.301584545,38.3330078125,38.3330078125,0,,0
18525,GF-19-CAM-19,36737.448979732,36737.450014291,36737.493479055,38.3330078125,38.3330078125,0,,0
18527,GF-19-CAM-19,36737.651116738,36737.652407185,36737.700364987,38.3330078125,38.3330078125,0,,0
18529,GF-19-CAM-19,36737.888186181,36737.892424315,36737.94171004,38.3330078125,38.3330078125,0,,0
18531,GF-19-CAM-19,36738.132973458,36738.135180457,36738.188032269,38.3330078125,38.3330078125,0,,0
18533,GF-19-CAM-19,36738.35882541,36738.359625763,36738.3973064,38.3330078125,38.3330078125,0,,0
18535,GF-19-CAM-19,36738.591319556,36738.592552021,36738.643657063,38.3330078125,38.3330078125,0,,0
18537,GF-19-CAM-19,36738.828215247,36738.829299772,36738.88197677,38.3330078125,38.3330078125,0,,0
18539,GF-19-CAM-19,36739.047735972,36739.049898733,36739.098199892,38.3330078125,38.3330078125,0,,0
18541,GF-19-CAM-19,36739.296631048,36739.298205081,36739.341349229,38.3330078125,38.3330078125,0,,0
18543,GF-19-CAM-19,36739.498046795,36739.500021501,36739.572753394,38.3330078125,38.3330078125,0,,0
18545,GF-19-CAM-19,36739.747874957,36739.752519952,36739.809379197,38.3330078125,38.3330078125,0,,0
18547,GF-19-CAM-19,36739.995315327,36739.996477693,36740.032368531,38.3330078125,38.3330078125,0,,0
18549,GF-19-CAM-19,36740.216573186,36740.218447952,36740.261208257,38.3330078125,38.3330078125,0,,0
18551,GF-19-CAM-19,36740.432720189,36740.43341176,36740.482161034,38.3330078125,38.3330078125,0,,0
18553,GF-19-CAM-19,36740.642099419,36740.642985992,36740.702029386,38.3330078125,38.3330078125,0,,0
18555,GF-19-CAM-19,36740.888858864,36740.895697662,36740.951493776,38.3330078125,38.3330078125,0,,0
18557,GF-19-CAM-19,36741.122647786,36741.123672389,36741.18558599,38.3330078125,38.3330078125,0,,0
18559,GF-19-CAM-19,36741.421891775,36741.422555114,36741.484777768,38.3330078125,38.3330078125,0,,0
18561,GF-19-CAM-19,36741.752991263,36741.756330485,36741.794847786,38.3330078125,38.3330078125,0,,0
18563,GF-19-CAM-19,36741.973318888,36741.975841106,36742.020588713,38.3330078125,38.3330078125,0,,0
18565,GF-19-CAM-19,36742.241831087,36742.243114554,36742.292523456,38.3330078125,38.3330078125,0,,0
18567,GF-19-CAM-19,36742.46299391,36742.465490642,36742.520805536,38.3330078125,38.3330078125,0,,0
18569,GF-19-CAM-19,36742.708217467,36742.711458747,36742.758960314,38.3330078125,38.3330078125,0,,0
18571,GF-19-CAM-19,36742.920933287,36742.92345687,36742.970808541,38.3330078125,38.3330078125,0,,0
18573,GF-19-CAM-19,36743.199814747,36743.200475172,36743.255627775,38.3330078125,38.3330078125,0,,0
18575,GF-19-CAM-19,36743.491189978,36743.492458948,36743.542161084,38.3330078125,38.3330078125,0,,0
18577,GF-19-CAM-19,36743.71867719,36743.719700807,36743.7569346,38.3330078125,38.3330078125,0,,0
18579,GF-19-CAM-19,36743.996776178,36743.998179589,36744.046048074,38.3330078125,38.3330078125,0,,0
18581,GF-19-CAM-19,36744.22469165,36744.225265755,36744.264922833,38.3330078125,38.3330078125,0,,0
18583,GF-19-CAM-19,36744.440172487,36744.441109548,36744.493310359,38.3330078125,38.3330078125,0,,0
18585,GF-19-CAM-19,36744.669844446,36744.670690713,36744.722223611,38.3330078125,38.3330078125,0,,0
18587,GF-19-CAM-19,36744.903290704,36744.904134429,36744.946644531,38.3330078125,38.3330078125,0,,0
18589,GF-19-CAM-19,36745.152224753,36745.153118181,36745.220976455,38.3330078125,38.3330078125,0,,0
18591,GF-19-CAM-19,36745.442342088,36745.443140298,36745.500907962,38.3330078125,38.3330078125,0,,0
18593,GF-19-CAM-19,36745.707910863,36745.710236088,36745.747933708,38.3330078125,38.3330078125,0,,0
18595,GF-19-CAM-19,36745.924070483,36745.925624397,36745.988680771,38.3330078125,38.3330078125,0,,0
18597,GF-19-CAM-19,36746.169924864,36746.174255525,36746.227829557,38.3330078125,38.3330078125,0,,0
18599,GF-19-CAM-19,36746.401278808,36746.402157514,36746.435281299,38.3330078125,38.3330078125,0,,0
18601,GF-19-CAM-19,36746.673407866,36746.677003861,36746.727143033,38.3330078125,38.3330078125,0,,0
18603,GF-19-CAM-19,36746.926818432,36746.928782834,36746.982861209,38.3330078125,38.3330078125,0,,0
18605,GF-19-CAM-19,36747.144805731,36747.146429165,36747.191197926,38.3330078125,38.3330078125,0,,0
18607,GF-19-CAM-19,36747.388285473,36747.389075118,36747.429188225,38.3330078125,38.3330078125,0,,0
18609,GF-19-CAM-19,36747.598107878,36747.598720848,36747.659375882,38.3330078125,38.3330078125,0,,0
18611,GF-19-CAM-19,36747.857887698,36747.859375444,36747.896616132,38.3330078125,38.3330078125,0,,0
18613,GF-19-CAM-19,36748.10210625,36748.103373835,36748.140589833,38.3330078125,38.3330078125,0,,0
18615,GF-19-CAM-19,36748.363517666,36748.364149732,36748.406090141,38.3330078125,38.3330078125,0,,0
18617,GF-19-CAM-19,36748.582989078,36748.584269845,36748.63317059,38.3330078125,38.3330078125,0,,0
18619,GF-19-CAM-19,36748.831212551,36748.832014993,36748.862605312,38.3330078125,38.3330078125,0,,0
18621,GF-19-CAM-19,36749.040957904,36749.042830858,36749.096878287,38.3330078125,38.3330078125,0,,0
18623,GF-19-CAM-19,36749.252513066,36749.253589813,36749.31115393,38.3330078125,38.3330078125,0,,0
18625,GF-19-CAM-19,36749.526731418,36749.528738892,36749.583472255,38.3330078125,38.3330078125,0,,0
18627,GF-19-CAM-19,36749.784368738,36749.784913475,36749.821664558,38.3330078125,38.3330078125,0,,0
18629,GF-19-CAM-19,36750.023844322,36750.024930491,36750.107222678,38.3330078125,38.3330078125,0,,0
18631,GF-19-CAM-19,36750.302841099,36750.303574372,36750.349191504,38.3330078125,38.3330078125,0,,0
18633,GF-19-CAM-19,36750.542193423,36750.543383779,36750.593442922,38.3330078125,38.3330078125,0,,0
18635,GF-19-CAM-19,36750.743047613,36750.74361818,36750.781552241,38.3330078125,38.3330078125,0,,0
18637,GF-19-CAM-19,36750.978719769,36750.980742642,36751.025565099,38.3330078125,38.3330078125,0,,0
18639,GF-19-CAM-19,36751.189802287,36751.190669369,36751.256073753,38.3330078125,38.3330078125,0,,0
18641,GF-19-CAM-19,36751.462884192,36751.464917469,36751.510512813,38.3330078125,38.3330078125,0,,0
18643,GF-19-CAM-19,36751.715183205,36751.716102369,36751.763844528,38.3330078125,38.3330078125,0,,0
18645,GF-19-CAM-19,36751.926334383,36751.927143722,36751.97508047,38.3330078125,38.3330078125,0,,0
18647,GF-19-CAM-19,36752.144730027,36752.149198529,36752.206778509,38.3330078125,38.3330078125,0,,0
18649,GF-19-CAM-19,36752.387179202,36752.387971734,36752.432672047,38.3330078125,38.3330078125,0,,0
18651,GF-19-CAM-19,36752.618918933,36752.620114902,36752.658264645,38.3330078125,38.3330078125,0,,0
18653,GF-19-CAM-19,36752.821807717,36752.822293857,36752.852814125,38.3330078125,38.3330078125,0,,0
18655,GF-19-CAM-19,36753.041530041,36753.042462829,36753.09546126,38.3330078125,38.3330078125,0,,0
18657,GF-19-CAM-19,36753.259359249,36753.261831022,36753.309524524,38.3330078125,38.3330078125,0,,0
18659,GF-19-CAM-19,36753.49618179,36753.500173287,36753.55238647,38.3330078125,38.3330078125,0,,0
18661,GF-19-CAM-19,36753.755692869,36753.757131282,36753.805063473,38.3330078125,38.3330078125,0,,0
18663,GF-19-CAM-19,36753.986332682,36753.98761864,36754.019407944,38.3330078125,38.3330078125,0,,0
18665,GF-19-CAM-19,36754.190240034,36754.191516482,36754.242354546,38.3330078125,38.3330078125,0,,0
18667,GF-19-CAM-19,36754.436357419,36754.437708443,36754.48759336,38.3330078125,38.3330078125,0,,0
18669,GF-19-CAM-19,36754.681566175,36754.682568717,36754.724217504,38.3330078125,38.3330078125,0,,0
18671,GF-19-CAM-19,36754.929321728,36754.930090955,36754.993908432,38.3330078125,38.3330078125,0,,0
18673,GF-19-CAM-19,36755.153324497,36755.154347267,36755.221689753,38.3330078125,38.3330078125,0,,0
18675,GF-19-CAM-19,36755.418983063,36755.420147812,36755.464124504,38.3330078125,38.3330078125,0,,0
18677,GF-19-CAM-19,36755.64227152,36755.643235524,36755.682430871,38.3330078125,38.3330078125,0,,0
18679,GF-19-CAM-19,36755.845910535,36755.846855863,36755.919343919,38.3330078125,38.3330078125,0,,0
18681,GF-19-CAM-19,36756.083800217,36756.084647406,36756.126737695,38.3330078125,38.3330078125,0,,0
18683,GF-19-CAM-19,36756.338695618,36756.341753237,36756.385079417,38.3330078125,38.3330078125,0,,0
18685,GF-19-CAM-19,36756.567374569,36756.56825953,36756.625178449,38.3330078125,38.3330078125,0,,0
18687,GF-19-CAM-19,36756.847700364,36756.848260316,36756.887778559,38.3330078125,38.3330078125,0,,0
18689,GF-19-CAM-19,36757.107474546,36757.108506215,36757.146199799,38.3330078125,38.3330078125,0,,0
18691,GF-19-CAM-19,36757.323972753,36757.324909715,36757.361361822,38.3330078125,38.3330078125,0,,0
18693,GF-19-CAM-19,36757.531144054,36757.532832849,36757.573755878,38.3330078125,38.3330078125,0,,0
18695,GF-19-CAM-19,36757.75766784,36757.758879699,36757.804516669,38.3330078125,38.3330078125,0,,0
18697,GF-19-CAM-19,36757.969336154,36757.969956369,36758.04342777,38.3330078125,38.3330078125,0,,0
18699,GF-19-CAM-19,36758.221822953,36758.22271743,36758.276663954,38.3330078125,38.3330078125,0,,0
18701,GF-19-CAM-19,36758.456325003,36758.457206401,36758.510843694,38.3330078125,38.3330078125,0,,0
18703,GF-19-CAM-19,36758.719626645,36758.720634365,36758.746979397,38.3330078125,38.3330078125,0,,0
18705,GF-19-CAM-19,36758.933395342,36758.934767889,36758.97799408,38.3330078125,38.3330078125,0,,0
18707,GF-19-CAM-19,36759.14739802,36759.148584868,36759.200749415,38.3330078125,38.3330078125,0,,0
18709,GF-19-CAM-19,36759.366252585,36759.367230864,36759.410086194,38.3330078125,38.3330078125,0,,0
18711,GF-19-CAM-19,36759.603838392,36759.605405587,36759.662096865,38.3330078125,38.3330078125,0,,0
18713,GF-19-CAM-19,36759.819136695,36759.819821216,36759.867377173,38.3330078125,38.3330078125,0,,0
18715,GF-19-CAM-19,36760.040529628,36760.041324197,36760.089070086,38.3330078125,38.3330078125,0,,0
18717,GF-19-CAM-19,36760.263705201,36760.26677212,36760.312296312,38.3330078125,38.3330078125,0,,0
18719,GF-19-CAM-19,36760.470138346,36760.470867345,36760.5065615,38.3330078125,38.3330078125,0,,0
18721,GF-19-CAM-19,36760.728638806,36760.73172498,36760.757022372,38.3330078125,38.3330078125,0,,0
18723,GF-19-CAM-19,36760.955397352,36760.956549902,36761.000372536,38.3330078125,38.3330078125,0,,0
18725,GF-19-CAM-19,36761.171252581,36761.171896047,36761.215134858,38.3330078125,38.3330078125,0,,0
18727,GF-19-CAM-19,36761.38778339,36761.388839649,36761.422122995,38.3330078125,38.3330078125,0,,0
18729,GF-19-CAM-19,36761.610865625,36761.611617715,36761.652958893,38.3330078125,38.3330078125,0,,0
18731,GF-19-CAM-19,36761.801747644,36761.803115008,36761.848753441,38.3330078125,38.3330078125,0,,0
18733,GF-19-CAM-19,36762.062240361,36762.063811944,36762.118849334,38.3330078125,38.3330078125,0,,0
18735,GF-19-CAM-19,36762.281284015,36762.282723889,36762.327814679,38.3330078125,38.3330078125,0,,0
18737,GF-19-CAM-19,36762.51703085,36762.517650259,36762.56576935,38.3330078125,38.3330078125,0,,0
18739,GF-19-CAM-19,36762.745101889,36762.746114019,36762.78815003,38.3330078125,38.3330078125,0,,0
18741,GF-19-CAM-19,36762.946718024,36762.947979466,36763.011125737,38.3330078125,38.3330078125,0,,0
18743,GF-19-CAM-19,36763.191712524,36763.193393508,36763.23926671,38.3330078125,38.3330078125,0,,0
18745,GF-19-CAM-19,36763.413766429,36763.414717384,36763.457697844,38.3330078125,38.3330078125,0,,0
18747,GF-19-CAM-19,36763.670390957,36763.671522003,36763.699872311,38.3330078125,38.3330078125,0,,0
18749,GF-19-CAM-19,36763.859906464,36763.861964975,36763.916015901,38.3330078125,38.3330078125,0,,0
18751,GF-19-CAM-19,36764.068030978,36764.069706916,36764.124365197,38.3330078125,38.3330078125,0,,0
18753,GF-19-CAM-19,36764.30659155,36764.307575939,36764.344893752,38.3330078125,38.3330078125,0,,0
18755,GF-19-CAM-19,36764.508852834,36764.509804917,36764.558710654,38.3330078125,38.3330078125,0,,0
18757,GF-19-CAM-19,36764.741357503,36764.742680656,36764.783604826,38.3330078125,38.3330078125,0,,0
18759,GF-19-CAM-19,36764.980885769,36764.982917837,36765.028237286,38.3330078125,38.3330078125,0,,0
18761,GF-19-CAM-19,36765.184400765,36765.185319293,36765.226361995,38.3330078125,38.3330078125,0,,0
18763,GF-19-CAM-19,36765.423366513,36765.424246099,36765.458596395,38.3330078125,38.3330078125,0,,0
18765,GF-19-CAM-19,36765.62479692,36765.625487469,36765.679155071,38.3330078125,38.3330078125,0,,0
18767,GF-19-CAM-19,36765.84486871,36765.84637272,36765.882641122,38.3330078125,38.3330078125,0,,0
18769,GF-19-CAM-19,36766.066197369,36766.06762237,36766.119437698,38.3330078125,38.3330078125,0,,0
18771,GF-19-CAM-19,36766.31011358,36766.310956951,36766.350831073,38.3330078125,38.3330078125,0,,0
18773,GF-19-CAM-19,36766.513992559,36766.516408755,36766.563127248,38.3330078125,38.3330078125,0,,0
18775,GF-19-CAM-19,36766.714417878,36766.715665537,36766.784234132,38.3330078125,38.3330078125,0,,0
18777,GF-19-CAM-19,36766.968160124,36766.969053713,36767.008414819,38.3330078125,38.3330078125,0,,0
18779,GF-19-CAM-19,36767.163714645,36767.164754187,36767.217496375,38.3330078125,38.3330078125,0,,0
18781,GF-19-CAM-19,36767.423500792,36767.424553485,36767.465872051,38.3330078125,38.3330078125,0,,0
18783,GF-19-CAM-19,36767.623466818,36767.626358987,36767.671109621,38.3330078125,38.3330078125,0,,0
18785,GF-19-CAM-19,36767.880620466,36767.883432997,36767.918971102,38.3330078125,38.3330078125,0,,0
18787,GF-19-CAM-19,36768.124228827,36768.125231938,36768.163411397,38.3330078125,38.3330078125,0,,0
18789,GF-19-CAM-19,36768.305309106,36768.306103879,36768.357068004,38.3330078125,38.3330078125,0,,0
18791,GF-19-CAM-19,36768.518466114,36768.52092748,36768.596351003,38.3330078125,38.3330078125,0,,0
18793,GF-19-CAM-19,36768.780101197,36768.780720635,36768.823536595,38.3330078125,38.3330078125,0,,0
18795,GF-19-CAM-19,36768.997036804,36768.99822367,36769.029050913,38.3330078125,38.3330078125,0,,0
18797,GF-19-CAM-19,36769.199698239,36769.202098382,36769.253946828,38.3330078125,38.3330078125,0,,0
18799,GF-19-CAM-19,36769.403721168,36769.405174211,36769.463375527,38.3330078125,38.3330078125,0,,0
18801,GF-19-CAM-19,36769.642729074,36769.643965743,36769.696164072,38.3330078125,38.3330078125,0,,0
18803,GF-19-CAM-19,36769.8744373,36769.875894511,36769.918423476,38.3330078125,38.3330078125,0,,0
18805,GF-19-CAM-19,36770.083689407,36770.084452213,36770.12576619,38.3330078125,38.3330078125,0,,0
18807,GF-19-CAM-19,36770.322145146,36770.323681691,36770.359393507,38.3330078125,38.3330078125,0,,0
18809,GF-19-CAM-19,36770.532395559,36770.533062656,36770.574652457,38.3330078125,38.3330078125,0,,0
18811,GF-19-CAM-19,36770.731664014,36770.732462278,36770.783978525,38.3330078125,38.3330078125,0,,0
18813,GF-19-CAM-19,36771.011858731,36771.014864274,36771.050780216,38.3330078125,38.3330078125,0,,0
18815,GF-19-CAM-19,36771.230200721,36771.231496392,36771.278817154,38.3330078125,38.3330078125,0,,0
18817,GF-19-CAM-19,36771.486057703,36771.487303491,36771.531827839,38.3330078125,38.3330078125,0,,0
18819,GF-19-CAM-19,36771.699881292,36771.700665825,36771.741453207,38.3330078125,38.3330078125,0,,0
18821,GF-19-CAM-19,36771.909818466,36771.910783951,36771.971187101,38.3330078125,38.3330078125,0,,0
18823,GF-19-CAM-19,36772.138359659,36772.13942046,36772.182300444,38.3330078125,38.3330078125,0,,0
18825,GF-19-CAM-19,36772.375110471,36772.378396187,36772.436616493,38.3330078125,38.3330078125,0,,0
18827,GF-19-CAM-19,36772.610973488,36772.613085275,36772.662646724,38.3330078125,38.3330078125,0,,0
18829,GF-19-CAM-19,36772.836483023,36772.837424515,36772.881055134,38.3330078125,38.3330078125,0,,0
18831,GF-19-CAM-19,36773.035822841,36773.036276375,36773.084128702,38.3330078125,38.3330078125,0,,0
18833,GF-19-CAM-19,36773.26747462,36773.268046325,36773.323526791,38.3330078125,38.3330078125,0,,0
18835,GF-19-CAM-19,36773.476322359,36773.477277346,36773.519660324,38.3330078125,38.3330078125,0,,0
18837,GF-19-CAM-19,36773.72832645,36773.729166819,36773.773829126,38.3330078125,38.3330078125,0,,0
18839,GF-19-CAM-19,36773.935790643,36773.936780634,36773.99495864,38.3330078125,38.3330078125,0,,0
18841,GF-19-CAM-19,36774.176079795,36774.176748809,36774.230199389,38.3330078125,38.3330078125,0,,0
18843,GF-19-CAM-19,36774.417924563,36774.419339108,36774.486063269,38.3330078125,38.3330078125,0,,0
18845,GF-19-CAM-19,36774.648850914,36774.649631009,36774.69093364,38.3330078125,38.3330078125,0,,0
18847,GF-19-CAM-19,36774.903223044,36774.906584795,36774.960138638,38.3330078125,38.3330078125,0,,0
18849,GF-19-CAM-19,36775.1064672,36775.107051834,36775.168661183,38.3330078125,38.3330078125,0,,0
18851,GF-19-CAM-19,36775.30588466,36775.306625464,36775.353362739,38.3330078125,38.3330078125,0,,0
18853,GF-19-CAM-19,36775.522468829,36775.523193305,36775.562306469,38.3330078125,38.3330078125,0,,0
18855,GF-19-CAM-19,36775.709870801,36775.710826985,36775.753544954,38.3330078125,38.3330078125,0,,0
18857,GF-19-CAM-19,36775.923863874,36775.924837883,36775.971242354,38.3330078125,38.3330078125,0,,0
18859,GF-19-CAM-19,36776.14469351,36776.145609193,36776.184104149,38.3330078125,38.3330078125,0,,0
18861,GF-19-CAM-19,36776.36275902,36776.363285145,36776.411725129,38.3330078125,38.3330078125,0,,0
18863,GF-19-CAM-19,36776.62099558,36776.621942505,36776.659722306,38.3330078125,38.3330078125,0,,0
18865,GF-19-CAM-19,36776.830988513,36776.831640779,36776.873690449,38.3330078125,38.3330078125,0,,0
18867,GF-19-CAM-19,36777.014308911,36777.015225737,36777.075540395,38.3330078125,38.3330078125,0,,0
18869,GF-19-CAM-19,36777.237158124,36777.238314779,36777.288039745,38.3330078125,38.3330078125,0,,0
18871,GF-19-CAM-19,36777.445587572,36777.448440988,36777.49269671,38.3330078125,38.3330078125,0,,0
18873,GF-19-CAM-19,36777.653048368,36777.653768857,36777.698756218,38.3330078125,38.3330078125,0,,0
18875,GF-19-CAM-19,36777.890401572,36777.891355036,36777.930670521,38.3330078125,38.3330078125,0,,0
18877,GF-19-CAM-19,36778.09256807,36778.094222925,36778.135471192,38.3330078125,38.3330078125,0,,0
18879,GF-19-CAM-19,36778.311797257,36778.314813271,36778.35926823,38.3330078125,38.3330078125,0,,0
18881,GF-19-CAM-19,36778.497621267,36778.498568543,36778.533033719,38.3330078125,38.3330078125,0,,0
18883,GF-19-CAM-19,36778.689829123,36778.690785454,36778.72833008,38.3330078125,38.3330078125,0,,0
18885,GF-19-CAM-19,36778.90616876,36778.9072675,36778.945860703,38.3330078125,38.3330078125,0,,0
18887,GF-19-CAM-19,36779.125175966,36779.129061501,36779.174909205,38.3330078125,38.3330078125,0,,0
18889,GF-19-CAM-19,36779.342929445,36779.34430768,36779.395354301,38.3330078125,38.3330078125,0,,0
18891,GF-19-CAM-19,36779.543774404,36779.545083956,36779.594865819,38.3330078125,38.3330078125,0,,0
18893,GF-19-CAM-19,36779.737954332,36779.739055022,36779.792867715,38.3330078125,38.3330078125,0,,0
18895,GF-19-CAM-19,36779.939980728,36779.940666244,36779.978554032,38.3330078125,38.3330078125,0,,0
18897,GF-19-CAM-19,36780.140762636,36780.141575259,36780.196581222,38.3330078125,38.3330078125,0,,0
18899,GF-19-CAM-19,36780.372710414,36780.373250428,36780.417052567,38.3330078125,38.3330078125,0,,0
18901,GF-19-CAM-19,36780.569678124,36780.57025021,36780.621040423,38.3330078125,38.3330078125,0,,0
18903,GF-19-CAM-19,36780.812631649,36780.814174221,36780.876252966,38.3330078125,38.3330078125,0,,0
18905,GF-19-CAM-19,36781.052159118,36781.052977007,36781.085126024,38.3330078125,38.3330078125,0,,0
18907,GF-19-CAM-19,36781.286453992,36781.288489681,36781.332676404,38.3330078125,38.3330078125,0,,0
18909,GF-19-CAM-19,36781.487213532,36781.488215689,36781.527224627,38.3330078125,38.3330078125,0,,0
18911,GF-19-CAM-19,36781.690094617,36781.69105006,36781.739985442,38.3330078125,38.3330078125,0,,0
18913,GF-19-CAM-19,36781.89035818,36781.891111357,36781.922726186,38.3330078125,38.3330078125,0,,0
18915,GF-19-CAM-19,36782.119201639,36782.119983258,36782.160308261,38.3330078125,38.3330078125,0,,0
18917,GF-19-CAM-19,36782.344220532,36782.345088729,36782.385935599,38.3330078125,38.3330078125,0,,0
18919,GF-19-CAM-19,36782.548510155,36782.551454123,36782.587731887,38.3330078125,38.3330078125,0,,0
18921,GF-19-CAM-19,36782.756826485,36782.757535551,36782.79057734,38.3330078125,38.3330078125,0,,0
18923,GF-19-CAM-19,36782.953612394,36782.954566199,36783.009275993,38.3330078125,38.3330078125,0,,0
18925,GF-19-CAM-19,36783.180287116,36783.183338307,36783.224622408,38.3330078125,38.3330078125,0,,0
18927,GF-19-CAM-19,36783.356997587,36783.357605003,36783.405957101,38.3330078125,38.3330078125,0,,0
18929,GF-19-CAM-19,36783.585886945,36783.587162274,36783.632641943,38.3330078125,38.3330078125,0,,0
18931,GF-19-CAM-19,36783.819871936,36783.821186972,36783.866859958,38.3330078125,38.3330078125,0,,0
18933,GF-19-CAM-19,36784.024485561,36784.025267465,36784.059447691,38.3330078125,38.3330078125,0,,0
18935,GF-19-CAM-19,36784.222941839,36784.223914964,36784.263839493,38.3330078125,38.3330078125,0,,0
18937,GF-19-CAM-19,36784.448786772,36784.44975524,36784.522710109,38.3330078125,38.3330078125,0,,0
18939,GF-19-CAM-19,36784.694207404,36784.695129488,36784.74194501,38.3330078125,38.3330078125,0,,0
18941,GF-19-CAM-19,36784.921868962,36784.922982978,36784.96138834,38.3330078125,38.3330078125,0,,0
18943,GF-19-CAM-19,36785.118604069,36785.119909037,36785.158588671,38.3330078125,38.3330078125,0,,0
18945,GF-19-CAM-19,36785.366305429,36785.366874103,36785.392501245,38.3330078125,38.3330078125,0,,0
18947,GF-19-CAM-19,36785.591787424,36785.592517365,36785.636092124,38.3330078125,38.3330078125,0,,0
18949,GF-19-CAM-19,36785.80540565,36785.808803443,36785.853484319,38.3330078125,38.3330078125,0,,0
18951,GF-19-CAM-19,36786.038775579,36786.040449471,36786.089831307,38.3330078125,38.3330078125,0,,0
18953,GF-19-CAM-19,36786.273984294,36786.276685603,36786.318759562,38.3330078125,38.3330078125,0,,0
18955,GF-19-CAM-19,36786.486206507,36786.48865758,36786.548640074,38.3330078125,38.3330078125,0,,0
18957,GF-19-CAM-19,36786.69479302,36786.695592343,36786.747776878,38.3330078125,38.3330078125,0,,0
18959,GF-19-CAM-19,36786.904865517,36786.905614079,36786.952716599,38.3330078125,38.3330078125,0,,0
18961,GF-19-CAM-19,36787.116533852,36787.117112732,36787.161116311,38.3330078125,38.3330078125,0,,0
18963,GF-19-CAM-19,36787.324208398,36787.324941798,36787.383077912,38.3330078125,38.3330078125,0,,0
18965,GF-19-CAM-19,36787.537531161,36787.538116232,36787.597514828,38.3330078125,38.3330078125,0,,0
18967,GF-19-CAM-19,36787.739213093,36787.739755404,36787.776846739,38.3330078125,38.3330078125,0,,0
18969,GF-19-CAM-19,36787.947764344,36787.948556924,36787.989621117,38.3330078125,38.3330078125,0,,0
18971,GF-19-CAM-19,36788.156390208,36788.157293795,36788.189321453,38.3330078125,38.3330078125,0,,0
18973,GF-19-CAM-19,36788.347479154,36788.348462035,36788.388554602,38.3330078125,38.3330078125,0,,0
18975,GF-19-CAM-19,36788.559464844,36788.561367531,36788.618457698,38.3330078125,38.3330078125,0,,0
18977,GF-19-CAM-19,36788.782581771,36788.783586875,36788.82545944,38.3330078125,38.3330078125,0,,0
18979,GF-19-CAM-19,36788.993152487,36788.994066472,36789.043034373,38.3330078125,38.3330078125,0,,0
18981,GF-19-CAM-19,36789.2277723,36789.228467835,36789.295070242,38.3330078125,38.3330078125,0,,0
18983,GF-19-CAM-19,36789.425844301,36789.428187234,36789.466927697,38.3330078125,38.3330078125,0,,0
18985,GF-19-CAM-19,36789.652965392,36789.653732781,36789.69653095,38.3330078125,38.3330078125,0,,0
18987,GF-19-CAM-19,36789.833943211,36789.83465847,36789.881032528,38.3330078125,38.3330078125,0,,0
18989,GF-19-CAM-19,36790.061961411,36790.062522666,36790.119769509,38.3330078125,38.3330078125,0,,0
18991,GF-19-CAM-19,36790.271279652,36790.273398672,36790.324107684,38.3330078125,38.3330078125,0,,0
18993,GF-19-CAM-19,36790.491998114,36790.492787986,36790.551507178,38.3330078125,38.3330078125,0,,0
18995,GF-19-CAM-19,36790.702622947,36790.705450737,36790.748175386,38.3330078125,38.3330078125,0,,0
18997,GF-19-CAM-19,36790.877174922,36790.879640879,36790.915263264,38.3330078125,38.3330078125,0,,0
18999,GF-19-CAM-19,36791.124525339,36791.126107767,36791.169550302,38.3330078125,38.3330078125,0,,0
19001,GF-19-CAM-19,36791.318408375,36791.319249271,36791.376057616,38.3330078125,38.3330078125,0,,0
19003,GF-19-CAM-19,36791.539650955,36791.540304338,36791.57805456,38.3330078125,38.3330078125,0,,0
19005,GF-19-CAM-19,36791.726553609,36791.727757144,36791.77786156,38.3330078125,38.3330078125,0,,0
19007,GF-19-CAM-19,36791.965094193,36791.966086192,36792.016564522,38.3330078125,38.3330078125,0,,0
19009,GF-19-CAM-19,36792.210313904,36792.211412084,36792.246562243,38.3330078125,38.3330078125,0,,0
19011,GF-19-CAM-19,36792.410208034,36792.419773536,36792.466242791,38.3330078125,38.3330078125,0,,0
19013,GF-19-CAM-19,36792.679057821,36792.67987062,36792.715815172,38.3330078125,38.3330078125,0,,0
19015,GF-19-CAM-19,36792.869578936,36792.870408508,36792.928160746,38.3330078125,38.3330078125,0,,0
19017,GF-19-CAM-19,36793.090331616,36793.091073331,36793.131821576,38.3330078125,38.3330078125,0,,0
19019,GF-19-CAM-19,36793.310216955,36793.313903915,36793.347303248,38.3330078125,38.3330078125,0,,0
19021,GF-19-CAM-19,36793.515912161,36793.517982492,36793.558526671,38.3330078125,38.3330078125,0,,0
19023,GF-19-CAM-19,36793.716959471,36793.718091483,36793.760488339,38.3330078125,38.3330078125,0,,0
19025,GF-19-CAM-19,36793.909951988,36793.910697114,36793.985061571,38.3330078125,38.3330078125,0,,0
19027,GF-19-CAM-19,36794.128964393,36794.131184265,36794.164928059,38.3330078125,38.3330078125,0,,0
19029,GF-19-CAM-19,36794.322094185,36794.322825487,36794.356629814,38.3330078125,38.3330078125,0,,0
19031,GF-19-CAM-19,36794.514297026,36794.514935003,36794.5605233,38.3330078125,38.3330078125,0,,0
19033,GF-19-CAM-19,36794.712330306,36794.712851898,36794.756425237,38.3330078125,38.3330078125,0,,0
19035,GF-19-CAM-19,36794.922694664,36794.924115613,36794.968774591,38.3330078125,38.3330078125,0,,0
19037,GF-19-CAM-19,36795.133972634,36795.135084704,36795.187080773,38.3330078125,38.3330078125,0,,0
19039,GF-19-CAM-19,36795.376793523,36795.377748124,36795.415622346,38.3330078125,38.3330078125,0,,0
19041,GF-19-CAM-19,36795.570857595,36795.571723384,36795.619220568,38.3330078125,38.3330078125,0,,0
19043,GF-19-CAM-19,36795.79195902,36795.792846152,36795.826794261,38.3330078125,38.3330078125,0,,0
19045,GF-19-CAM-19,36795.973705936,36795.974707488,36796.027579125,38.3330078125,38.3330078125,0,,0
19047,GF-19-CAM-19,36796.160318906,36796.161071343,36796.200983046,38.3330078125,38.3330078125,0,,0
19049,GF-19-CAM-19,36796.367436167,36796.368215796,36796.405994307,38.3330078125,38.3330078125,0,,0
19051,GF-19-CAM-19,36796.599081535,36796.599861584,36796.632730273,38.3330078125,38.3330078125,0,,0
19053,GF-19-CAM-19,36796.796712942,36796.79743649,36796.832155736,38.3330078125,38.3330078125,0,,0
19055,GF-19-CAM-19,36796.999651507,36797.000479951,36797.042413703,38.3330078125,38.3330078125,0,,0
19057,GF-19-CAM-19,36797.208486466,36797.209329931,36797.259850756,38.3330078125,38.3330078125,0,,0
19059,GF-19-CAM-19,36797.406537721,36797.407453509,36797.466112423,38.3330078125,38.3330078125,0,,0
19061,GF-19-CAM-19,36797.627051841,36797.628108488,36797.678875393,38.3330078125,38.3330078125,0,,0
19063,GF-19-CAM-19,36797.870246709,36797.873312757,36797.920395853,38.3330078125,38.3330078125,0,,0
19065,GF-19-CAM-19,36798.062038327,36798.062728762,36798.103335342,38.3330078125,38.3330078125,0,,0
19067,GF-19-CAM-19,36798.294270478,36798.295558686,36798.335703114,38.3330078125,38.3330078125,0,,0
19069,GF-19-CAM-19,36798.487697473,36798.488970796,36798.527238042,38.3330078125,38.3330078125,0,,0
19071,GF-19-CAM-19,36798.676290957,36798.677186309,36798.714312249,38.3330078125,38.3330078125,0,,0
19073,GF-19-CAM-19,36798.883651998,36798.890495244,36798.934233976,38.3330078125,38.3330078125,0,,0
19075,GF-19-CAM-19,36799.084197065,36799.084768976,36799.11829679,38.3330078125,38.3330078125,0,,0
19077,GF-19-CAM-19,36799.2692102,36799.269755652,36799.303802299,38.3330078125,38.3330078125,0,,0
19079,GF-19-CAM-19,36799.450686712,36799.451515886,36799.493566894,38.3330078125,38.3330078125,0,,0
19081,GF-19-CAM-19,36799.651289641,36799.652197669,36799.710040796,38.3330078125,38.3330078125,0,,0
19083,GF-19-CAM-19,36799.886123597,36799.887123459,36799.93109865,38.3330078125,38.3330078125,0,,0
19085,GF-19-CAM-19,36800.090407074,36800.091279074,36800.134535817,38.3330078125,38.3330078125,0,,0
19087,GF-19-CAM-19,36800.284895457,36800.286156386,36800.341724777,38.3330078125,38.3330078125,0,,0
19089,GF-19-CAM-19,36800.504802353,36800.50582335,36800.550138076,38.3330078125,38.3330078125,0,,0
19091,GF-19-CAM-19,36800.716587318,36800.717723262,36800.772720632,38.3330078125,38.3330078125,0,,0
19093,GF-19-CAM-19,36800.921593258,36800.923015686,36800.97897156,38.3330078125,38.3330078125,0,,0
19095,GF-19-CAM-19,36801.132344706,36801.134234896,36801.179219269,38.3330078125,38.3330078125,0,,0
19097,GF-19-CAM-19,36801.362861789,36801.363976661,36801.399724225,38.3330078125,38.3330078125,0,,0
19099,GF-19-CAM-19,36801.544739258,36801.54769813,36801.612624287,38.3330078125,38.3330078125,0,,0
19101,GF-19-CAM-19,36801.747191894,36801.74826981,36801.803860463,38.3330078125,38.3330078125,0,,0
19103,GF-19-CAM-19,36801.958169374,36801.961560027,36802.001479033,38.3330078125,38.3330078125,0,,0
19105,GF-19-CAM-19,36802.162056398,36802.162637478,36802.211971781,38.3330078125,38.3330078125,0,,0
19107,GF-19-CAM-19,36802.357641163,36802.358293668,36802.399819127,38.3330078125,38.3330078125,0,,0
19109,GF-19-CAM-19,36802.549407317,36802.5501931,36802.584802419,38.3330078125,38.3330078125,0,,0
19111,GF-19-CAM-19,36802.766345379,36802.769265804,36802.821591619,38.3330078125,38.3330078125,0,,0
19113,GF-19-CAM-19,36802.976482332,36802.977486015,36803.017091081,38.3330078125,38.3330078125,0,,0
19115,GF-19-CAM-19,36803.173808812,36803.174860469,36803.21140177,38.3330078125,38.3330078125,0,,0
19117,GF-19-CAM-19,36803.370576934,36803.371317284,36803.414603633,38.3330078125,38.3330078125,0,,0
19119,GF-19-CAM-19,36803.571521329,36803.572022092,36803.608633041,38.3330078125,38.3330078125,0,,0
19121,GF-19-CAM-19,36803.76293148,36803.763429155,36803.797545297,38.3330078125,38.3330078125,0,,0
19123,GF-19-CAM-19,36803.926765594,36803.92731927,36803.954933635,38.3330078125,38.3330078125,0,,0
19125,GF-19-CAM-19,36804.125153758,36804.126132141,36804.164756362,38.3330078125,38.3330078125,0,,0
19127,GF-19-CAM-19,36804.325748788,36804.326639978,36804.366952764,38.3330078125,38.3330078125,0,,0
19129,GF-19-CAM-19,36804.512182652,36804.512888477,36804.55751474,38.3330078125,38.3330078125,0,,0
19131,GF-19-CAM-19,36804.700112465,36804.700921346,36804.73948208,38.3330078125,38.3330078125,0,,0
19133,GF-19-CAM-19,36804.870440608,36804.871332524,36804.926439592,38.3330078125,38.3330078125,0,,0
19135,GF-19-CAM-19,36805.084251435,36805.090944485,36805.12169325,38.3330078125,38.3330078125,0,,0
19137,GF-19-CAM-19,36805.266247522,36805.267023248,36805.299218812,38.3330078125,38.3330078125,0,,0
19139,GF-19-CAM-19,36805.457215404,36805.457934396,36805.508162145,38.3330078125,38.3330078125,0,,0
19141,GF-19-CAM-19,36805.63743972,36805.638425557,36805.678138259,38.3330078125,38.3330078125,0,,0
19143,GF-19-CAM-19,36805.831371806,36805.832113619,36805.866462686,38.3330078125,38.3330078125,0,,0
19145,GF-19-CAM-19,36806.033509077,36806.034358258,36806.06980755,38.3330078125,38.3330078125,0,,0
19147,GF-19-CAM-19,36806.216867078,36806.217383282,36806.26207708,38.3330078125,38.3330078125,0,,0
19149,GF-19-CAM-19,36806.420200977,36806.420730575,36806.446750747,38.3330078125,38.3330078125,0,,0
19151,GF-19-CAM-19,36806.597140313,36806.598945298,36806.638264004,38.3330078125,38.3330078125,0,,0
19153,GF-19-CAM-19,36806.815948976,36806.816693605,36806.851990493,38.3330078125,38.3330078125,0,,0
19155,GF-19-CAM-19,36807.035640108,36807.036136853,36807.064377497,38.3330078125,38.3330078125,0,,0
19157,GF-19-CAM-19,36807.236253118,36807.236767375,36807.266526275,38.3330078125,38.3330078125,0,,0
19159,GF-19-CAM-19,36807.435888328,36807.436324838,36807.483559592,38.3330078125,38.3330078125,0,,0
19161,GF-19-CAM-19,36807.614583915,36807.615794415,36807.64686936,38.3330078125,38.3330078125,0,,0
19163,GF-19-CAM-19,36807.785462238,36807.786263443,36807.822803237,38.3330078125,38.3330078125,0,,0
19165,GF-19-CAM-19,36807.988097168,36807.988583785,36808.020143924,38.3330078125,38.3330078125,0,,0
19167,GF-19-CAM-19,36808.165198646,36808.166096496,36808.206169517,38.3330078125,38.3330078125,0,,0
19169,GF-19-CAM-19,36808.39392343,36808.394720657,36808.427671145,38.3330078125,38.3330078125,0,,0
19171,GF-19-CAM-19,36808.583122067,36808.58367569,36808.624952182,38.3330078125,38.3330078125,0,,0
19173,GF-19-CAM-19,36808.77252311,36808.773101892,36808.802474687,38.3330078125,38.3330078125,0,,0
19175,GF-19-CAM-19,36808.972402461,36808.972917969,36809.015498863,38.3330078125,38.3330078125,0,,0
19177,GF-19-CAM-19,36809.149327881,36809.150877502,36809.19180634,38.3330078125,38.3330078125,0,,0
19179,GF-19-CAM-19,36809.317392809,36809.318026926,36809.364099556,38.3330078125,38.3330078125,0,,0
19181,GF-19-CAM-19,36809.517926814,36809.522070297,36809.563414849,38.3330078125,38.3330078125,0,,0
19183,GF-19-CAM-19,36809.705965061,36809.706825457,36809.750406808,38.3330078125,38.3330078125,0,,0
19185,GF-19-CAM-19,36809.902287395,36809.903978093,36809.951635749,38.3330078125,38.3330078125,0,,0
19187,GF-19-CAM-19,36810.094194565,36810.094801266,36810.12883644,38.3330078125,38.3330078125,0,,0
19189,GF-19-CAM-19,36810.268918565,36810.269787075,36810.304136744,38.3330078125,38.3330078125,0,,0
19191,GF-19-CAM-19,36810.452554855,36810.453548663,36810.486555078,38.3330078125,38.3330078125,0,,0
19193,GF-19-CAM-19,36810.626949776,36810.627710557,36810.661758203,38.3330078125,38.3330078125,0,,0
19195,GF-19-CAM-19,36810.80555395,36810.806085887,36810.843148977,38.3330078125,38.3330078125,0,,0
19197,GF-19-CAM-19,36811.020896267,36811.025420448,36811.060320702,38.3330078125,38.3330078125,0,,0
19199,GF-19-CAM-19,36811.205661304,36811.207141158,36811.24392552,38.3330078125,38.3330078125,0,,0
19201,GF-19-CAM-19,36811.365224447,36811.365822909,36811.403193485,38.3330078125,38.3330078125,0,,0
19203,GF-19-CAM-19,36811.559346877,36811.561897143,36811.608242128,38.3330078125,38.3330078125,0,,0
19205,GF-19-CAM-19,36811.759302935,36811.760158024,36811.793824868,38.3330078125,38.3330078125,0,,0
19207,GF-19-CAM-19,36811.918557867,36811.919242055,36811.958027699,38.3330078125,38.3330078125,0,,0
19209,GF-19-CAM-19,36812.096912578,36812.097430304,36812.134571944,38.3330078125,38.3330078125,0,,0
19211,GF-19-CAM-19,36812.285265356,36812.285802486,36812.337611451,38.3330078125,38.3330078125,0,,0
19213,GF-19-CAM-19,36812.488028047,36812.488504005,36812.520095049,38.3330078125,38.3330078125,0,,0
19215,GF-19-CAM-19,36812.686853712,36812.687824295,36812.723261073,38.3330078125,38.3330078125,0,,0
19217,GF-19-CAM-19,36812.888680572,36812.889121427,36812.933578129,38.3330078125,38.3330078125,0,,0
19219,GF-19-CAM-19,36813.08245589,36813.083090891,36813.129769121,38.3330078125,38.3330078125,0,,0
19221,GF-19-CAM-19,36813.290397785,36813.291375732,36813.328979639,38.3330078125,38.3330078125,0,,0
19223,GF-19-CAM-19,36813.48987039,36813.493484508,36813.527315729,38.3330078125,38.3330078125,0,,0
19225,GF-19-CAM-19,36813.69403399,36813.694867386,36813.746084452,38.3330078125,38.3330078125,0,,0
19227,GF-19-CAM-19,36813.885379509,36813.88699273,36813.945117567,38.3330078125,38.3330078125,0,,0
19229,GF-19-CAM-19,36814.098448647,36814.099760651,36814.134790956,38.3330078125,38.3330078125,0,,0
19231,GF-19-CAM-19,36814.316423957,36814.318190639,36814.361234291,38.3330078125,38.3330078125,0,,0
19233,GF-19-CAM-19,36814.489982973,36814.49076331,36814.538237105,38.3330078125,38.3330078125,0,,0
19235,GF-19-CAM-19,36814.713500208,36814.714039139,36814.764795835,38.3330078125,38.3330078125,0,,0
19237,GF-19-CAM-19,36814.948695961,36814.949782406,36815.001563897,38.3330078125,38.3330078125,0,,0
19239,GF-19-CAM-19,36815.166813698,36815.167245242,36815.200831656,38.3330078125,38.3330078125,0,,0
19241,GF-19-CAM-19,36815.37135327,36815.372572242,36815.420073315,38.3330078125,38.3330078125,0,,0
19243,GF-19-CAM-19,36815.578135902,36815.579188509,36815.608803386,38.3330078125,38.3330078125,0,,0
19245,GF-19-CAM-19,36815.79015683,36815.791430149,36815.831015657,38.3330078125,38.3330078125,0,,0
19247,GF-19-CAM-19,36815.976955282,36815.979121286,36816.039289538,38.3330078125,38.3330078125,0,,0
19249,GF-19-CAM-19,36816.198899631,36816.199763041,36816.245294698,38.3330078125,38.3330078125,0,,0
19251,GF-19-CAM-19,36816.403680694,36816.404466448,36816.435927242,38.3330078125,38.3330078125,0,,0
19253,GF-19-CAM-19,36816.590769084,36816.591702172,36816.637042576,38.3330078125,38.3330078125,0,,0
19255,GF-19-CAM-19,36816.815541243,36816.818208444,36816.853210461,38.3330078125,38.3330078125,0,,0
19257,GF-19-CAM-19,36817.005298309,36817.00590908,36817.052510578,38.3330078125,38.3330078125,0,,0
19259,GF-19-CAM-19,36817.211574107,36817.214356998,36817.251400231,38.3330078125,38.3330078125,0,,0
19261,GF-19-CAM-19,36817.40597328,36817.406531366,36817.44421166,38.3330078125,38.3330078125,0,,0
19263,GF-19-CAM-19,36817.624312387,36817.62586026,36817.686438691,38.3330078125,38.3330078125,0,,0
19265,GF-19-CAM-19,36817.832808398,36817.834361608,36817.881482641,38.3330078125,38.3330078125,0,,0
19267,GF-19-CAM-19,36818.073475292,36818.074494819,36818.114050827,38.3330078125,38.3330078125,0,,0
19269,GF-19-CAM-19,36818.283342742,36818.284167537,36818.331715649,38.3330078125,38.3330078125,0,,0
19271,GF-19-CAM-19,36818.503041966,36818.503457991,36818.53460104,38.3330078125,38.3330078125,0,,0
19273,GF-19-CAM-19,36818.69625984,36818.697538379,36818.745373511,38.3330078125,38.3330078125,0,,0
19275,GF-19-CAM-19,36818.899742678,36818.900781788,36818.94733928,38.3330078125,38.3330078125,0,,0
19277,GF-19-CAM-19,36819.131474362,36819.132277417,36819.170410066,38.3330078125,38.3330078125,0,,0
19279,GF-19-CAM-19,36819.359728794,36819.360309112,36819.441431784,38.3330078125,38.3330078125,0,,0
19281,GF-19-CAM-19,36819.587085962,36819.587733065,36819.653042568,38.3330078125,38.3330078125,0,,0
19283,GF-19-CAM-19,36819.818469206,36819.819213751,36819.8786523,38.3330078125,38.3330078125,0,,0
19285,GF-19-CAM-19,36820.021484017,36820.021861128,36820.075243419,38.3330078125,38.3330078125,0,,0
19287,GF-19-CAM-19,36820.227600407,36820.228687557,36820.28238873,38.3330078125,38.3330078125,0,,0
19289,GF-19-CAM-19,36820.462840521,36820.463498773,36820.499978098,38.3330078125,38.3330078125,0,,0
19291,GF-19-CAM-19,36820.655478554,36820.656409035,36820.692028289,38.3330078125,38.3330078125,0,,0
19293,GF-19-CAM-19,36820.872678528,36820.874218086,36820.915837308,38.3330078125,38.3330078125,0,,0
19295,GF-19-CAM-19,36821.075480285,36821.077774995,36821.108083878,38.3330078125,38.3330078125,0,,0
19297,GF-19-CAM-19,36821.270075461,36821.270661645,36821.3012921,38.3330078125,38.3330078125,0,,0
19299,GF-19-CAM-19,36821.443274016,36821.443993757,36821.487412084,38.3330078125,38.3330078125,0,,0
19301,GF-19-CAM-19,36821.66429758,36821.664950287,36821.717836362,38.3330078125,38.3330078125,0,,0
19303,GF-19-CAM-19,36821.946293226,36821.947454034,36821.98181042,38.3330078125,38.3330078125,0,,0
19305,GF-19-CAM-19,36822.138473978,36822.139237287,36822.179934771,38.3330078125,38.3330078125,0,,0
19307,GF-19-CAM-19,36822.331052672,36822.331781596,36822.390093154,38.3330078125,38.3330078125,0,,0
19309,GF-19-CAM-19,36822.555965956,36822.557934958,36822.595280407,38.3330078125,38.3330078125,0,,0
19311,GF-19-CAM-19,36822.736094601,36822.736449292,36822.801507285,38.3330078125,38.3330078125,0,,0
19313,GF-19-CAM-19,36822.96732415,36822.968456192,36823.002721934,38.3330078125,38.3330078125,0,,0
19315,GF-19-CAM-19,36823.157890653,36823.158842535,36823.213200032,38.3330078125,38.3330078125,0,,0
19317,GF-19-CAM-19,36823.358553872,36823.359341204,36823.411311502,38.3330078125,38.3330078125,0,,0
19319,GF-19-CAM-19,36823.626947636,36823.628385128,36823.662265987,38.3330078125,38.3330078125,0,,0
19321,GF-19-CAM-19,36823.824244115,36823.830065916,36823.862596703,38.3330078125,38.3330078125,0,,0
19323,GF-19-CAM-19,36824.019185392,36824.021421107,36824.060777819,38.3330078125,38.3330078125,0,,0
19325,GF-19-CAM-19,36824.243625767,36824.244961382,36824.281445601,38.3330078125,38.3330078125,0,,0
19327,GF-19-CAM-19,36824.434419821,36824.436398191,36824.488227202,38.3330078125,38.3330078125,0,,0
19329,GF-19-CAM-19,36824.651450949,36824.652044112,36824.696409548,38.3330078125,38.3330078125,0,,0
19331,GF-19-CAM-19,36824.830339475,36824.831072457,36824.879410362,38.3330078125,38.3330078125,0,,0
19333,GF-19-CAM-19,36825.069976129,36825.071011393,36825.119514143,38.3330078125,38.3330078125,0,,0
19335,GF-19-CAM-19,36825.272602821,36825.273438049,36825.326838626,38.3330078125,38.3330078125,0,,0
19337,GF-19-CAM-19,36825.51298835,36825.513601697,36825.547615872,38.3330078125,38.3330078125,0,,0
19339,GF-19-CAM-19,36825.689661994,36825.690426534,36825.745387857,38.3330078125,38.3330078125,0,,0
19341,GF-19-CAM-19,36825.91927515,36825.921135149,36825.963629461,38.3330078125,38.3330078125,0,,0
19343,GF-19-CAM-19,36826.131233179,36826.131944412,36826.165604754,38.3330078125,38.3330078125,0,,0
19345,GF-19-CAM-19,36826.320790497,36826.321564433,36826.357673132,38.3330078125,38.3330078125,0,,0
19347,GF-19-CAM-19,36826.514794963,36826.516746743,36826.557951093,38.3330078125,38.3330078125,0,,0
19349,GF-19-CAM-19,36826.696725094,36826.697542027,36826.731507351,38.3330078125,38.3330078125,0,,0
19351,GF-19-CAM-19,36826.908628987,36826.909046524,36826.963346369,38.3330078125,38.3330078125,0,,0
19353,GF-19-CAM-19,36827.120527847,36827.121865203,36827.156873761,38.3330078125,38.3330078125,0,,0
19355,GF-19-CAM-19,36827.290984917,36827.291647589,36827.338062609,38.3330078125,38.3330078125,0,,0
19357,GF-19-CAM-19,36827.473082935,36827.47372993,36827.510952235,38.3330078125,38.3330078125,0,,0
19359,GF-19-CAM-19,36827.651439837,36827.652677528,36827.691273175,38.3330078125,38.3330078125,0,,0
19361,GF-19-CAM-19,36827.834747203,36827.835367553,36827.883739532,38.3330078125,38.3330078125,0,,0
19363,GF-19-CAM-19,36828.054852935,36828.056463565,36828.114643881,38.3330078125,38.3330078125,0,,0
19365,GF-19-CAM-19,36828.317057416,36828.318628823,36828.360505015,38.3330078125,38.3330078125,0,,0
19367,GF-19-CAM-19,36828.522463288,36828.52325193,36828.565206084,38.3330078125,38.3330078125,0,,0
19369,GF-19-CAM-19,36828.731793274,36828.734512629,36828.778530088,38.3330078125,38.3330078125,0,,0
19371,GF-19-CAM-19,36828.938692883,36828.939365272,36828.981818416,38.3330078125,38.3330078125,0,,0
19373,GF-19-CAM-19,36829.125724598,36829.126362004,36829.167110869,38.3330078125,38.3330078125,0,,0
19375,GF-19-CAM-19,36829.353379609,36829.354038424,36829.387449795,38.3330078125,38.3330078125,0,,0
19377,GF-19-CAM-19,36829.560159293,36829.560824588,36829.594197567,38.3330078125,38.3330078125,0,,0
19379,GF-19-CAM-19,36829.737124774,36829.738594438,36829.789659934,38.3330078125,38.3330078125,0,,0
19381,GF-19-CAM-19,36829.92323742,36829.923805778,36829.973271175,38.3330078125,38.3330078125,0,,0
19383,GF-19-CAM-19,36830.13675558,36830.140658813,36830.174035005,38.3330078125,38.3330078125,0,,0
19385,GF-19-CAM-19,36830.345564424,36830.346200709,36830.397328174,38.3330078125,38.3330078125,0,,0
19387,GF-19-CAM-19,36830.527497005,36830.529407062,36830.579961661,38.3330078125,38.3330078125,0,,0
19389,GF-19-CAM-19,36830.743663533,36830.744621666,36830.792714408,38.3330078125,38.3330078125,0,,0
19391,GF-19-CAM-19,36830.939402891,36830.939946182,36830.96995556,38.3330078125,38.3330078125,0,,0
19393,GF-19-CAM-19,36831.148988283,36831.150950946,36831.195072704,38.3330078125,38.3330078125,0,,0
19395,GF-19-CAM-19,36831.344338335,36831.345570076,36831.397817844,38.3330078125,38.3330078125,0,,0
19397,GF-19-CAM-19,36831.569491935,36831.570373411,36831.598517613,38.3330078125,38.3330078125,0,,0
19399,GF-19-CAM-19,36831.729685627,36831.730397386,36831.791794914,38.3330078125,38.3330078125,0,,0
19401,GF-19-CAM-19,36831.938511962,36831.939780216,36831.986218271,38.3330078125,38.3330078125,0,,0
19403,GF-19-CAM-19,36832.152867556,36832.153514067,36832.182463784,38.3330078125,38.3330078125,0,,0
19405,GF-19-CAM-19,36832.393866605,36832.395393774,36832.44491704,38.3330078125,38.3330078125,0,,0
19407,GF-19-CAM-19,36832.619167016,36832.620499597,36832.653805547,38.3330078125,38.3330078125,0,,0
19409,GF-19-CAM-19,36832.82091966,36832.82184548,36832.864183776,38.3330078125,38.3330078125,0,,0
19411,GF-19-CAM-19,36833.017383031,36833.019143773,36833.067093044,38.3330078125,38.3330078125,0,,0
19413,GF-19-CAM-19,36833.22978939,36833.230587065,36833.280730295,38.3330078125,38.3330078125,0,,0
19415,GF-19-CAM-19,36833.438650967,36833.43945167,36833.47759084,38.3330078125,38.3330078125,0,,0
19417,GF-19-CAM-19,36833.647121945,36833.648116676,36833.697686493,38.3330078125,38.3330078125,0,,0
19419,GF-19-CAM-19,36833.868870753,36833.869977228,36833.927685281,38.3330078125,38.3330078125,0,,0
19421,GF-19-CAM-19,36834.079613038,36834.080648232,36834.107731227,38.3330078125,38.3330078125,0,,0
19423,GF-19-CAM-19,36834.266701324,36834.267374952,36834.303064371,38.3330078125,38.3330078125,0,,0
19425,GF-19-CAM-19,36834.479641222,36834.483827798,36834.533929345,38.3330078125,38.3330078125,0,,0
19427,GF-19-CAM-19,36834.675269401,36834.67702744,36834.714860857,38.3330078125,38.3330078125,0,,0
19429,GF-19-CAM-19,36834.887260513,36834.889961154,36834.930769482,38.3330078125,38.3330078125,0,,0
19431,GF-19-CAM-19,36835.083056932,36835.083452013,36835.124619365,38.3330078125,38.3330078125,0,,0
19433,GF-19-CAM-19,36835.283629122,36835.284219961,36835.321535249,38.3330078125,38.3330078125,0,,0
19435,GF-19-CAM-19,36835.467412921,36835.46807619,36835.52063703,38.3330078125,38.3330078125,0,,0
19437,GF-19-CAM-19,36835.711144773,36835.711805322,36835.736104355,38.3330078125,38.3330078125,0,,0
19439,GF-19-CAM-19,36835.871725585,36835.872285988,36835.91386667,38.3330078125,38.3330078125,0,,0
19441,GF-19-CAM-19,36836.056544418,36836.057429198,36836.091434314,38.3330078125,38.3330078125,0,,0
19443,GF-19-CAM-19,36836.274078893,36836.276032844,36836.318113654,38.3330078125,38.3330078125,0,,0
19445,GF-19-CAM-19,36836.464158158,36836.464854654,36836.510256125,38.3330078125,38.3330078125,0,,0
19447,GF-19-CAM-19,36836.655711633,36836.657759081,36836.70274534,38.3330078125,38.3330078125,0,,0
19449,GF-19-CAM-19,36836.896733629,36836.89798731,36836.934684274,38.3330078125,38.3330078125,0,,0
19451,GF-19-CAM-19,36837.084654321,36837.08545427,36837.118767407,38.3330078125,38.3330078125,0,,0
19453,GF-19-CAM-19,36837.276671645,36837.277507624,36837.308168163,38.3330078125,38.3330078125,0,,0
19455,GF-19-CAM-19,36837.455573026,36837.456209215,36837.489501166,38.3330078125,38.3330078125,0,,0
19457,GF-19-CAM-19,36837.660562334,36837.662126638,36837.716909607,38.3330078125,38.3330078125,0,,0
19459,GF-19-CAM-19,36837.864547124,36837.866163504,36837.908734113,38.3330078125,38.3330078125,0,,0
19461,GF-19-CAM-19,36838.082763574,36838.083587308,36838.118887778,38.3330078125,38.3330078125,0,,0
19463,GF-19-CAM-19,36838.280810867,36838.282012394,36838.340095798,38.3330078125,38.3330078125,0,,0
19465,GF-19-CAM-19,36838.516716556,36838.517633234,36838.564592665,38.3330078125,38.3330078125,0,,0
19467,GF-19-CAM-19,36838.719510835,36838.720274054,36838.753271685,38.3330078125,38.3330078125,0,,0
19469,GF-19-CAM-19,36838.9107673,36838.912556727,36838.952623372,38.3330078125,38.3330078125,0,,0
19471,GF-19-CAM-19,36839.100824036,36839.101230646,36839.143657095,38.3330078125,38.3330078125,0,,0
19473,GF-19-CAM-19,36839.293557324,36839.294279885,36839.326793912,38.3330078125,38.3330078125,0,,0
19475,GF-19-CAM-19,36839.488759152,36839.49093319,36839.528995369,38.3330078125,38.3330078125,0,,0
19477,GF-19-CAM-19,36839.702686953,36839.703505422,36839.748221154,38.3330078125,38.3330078125,0,,0
19479,GF-19-CAM-19,36839.905750072,36839.90768223,36839.962891469,38.3330078125,38.3330078125,0,,0
19481,GF-19-CAM-19,36840.118713522,36840.119653435,36840.162335239,38.3330078125,38.3330078125,0,,0
19483,GF-19-CAM-19,36840.3176292,36840.318143913,36840.359279184,38.3330078125,38.3330078125,0,,0
19485,GF-19-CAM-19,36840.523807644,36840.52465621,36840.558183553,38.3330078125,38.3330078125,0,,0
19487,GF-19-CAM-19,36840.722501578,36840.725649766,36840.762794244,38.3330078125,38.3330078125,0,,0
19489,GF-19-CAM-19,36840.900025983,36840.900619175,36840.947883666,38.3330078125,38.3330078125,0,,0
19491,GF-19-CAM-19,36841.135442276,36841.136425169,36841.175310435,38.3330078125,38.3330078125,0,,0
19493,GF-19-CAM-19,36841.344896589,36841.345736697,36841.39223728,38.3330078125,38.3330078125,0,,0
19495,GF-19-CAM-19,36841.559923016,36841.560815735,36841.61540938,38.3330078125,38.3330078125,0,,0
19497,GF-19-CAM-19,36841.761087446,36841.761808257,36841.800692145,38.3330078125,38.3330078125,0,,0
19499,GF-19-CAM-19,36841.929452712,36841.930223798,36841.974413758,38.3330078125,38.3330078125,0,,0
19501,GF-19-CAM-19,36842.149389885,36842.150276223,36842.19751088,38.3330078125,38.3330078125,0,,0
19503,GF-19-CAM-19,36842.356768787,36842.35742591,36842.38436358,38.3330078125,38.3330078125,0,,0
19505,GF-19-CAM-19,36842.558243777,36842.558972076,36842.592199632,38.3330078125,38.3330078125,0,,0
19507,GF-19-CAM-19,36842.754630915,36842.755405872,36842.820619897,38.3330078125,38.3330078125,0,,0
19509,GF-19-CAM-19,36843.008213559,36843.00891167,36843.040543276,38.3330078125,38.3330078125,0,,0
19511,GF-19-CAM-19,36843.18617854,36843.186928953,36843.233992645,38.3330078125,38.3330078125,0,,0
19513,GF-19-CAM-19,36843.385848117,36843.386708543,36843.42224909,38.3330078125,38.3330078125,0,,0
19515,GF-19-CAM-19,36843.591117436,36843.592065486,36843.629306855,38.3330078125,38.3330078125,0,,0
19517,GF-19-CAM-19,36843.793472213,36843.794365717,36843.832929329,38.3330078125,38.3330078125,0,,0
19519,GF-19-CAM-19,36843.958152068,36843.959147652,36844.026711076,38.3330078125,38.3330078125,0,,0
19521,GF-19-CAM-19,36844.197754072,36844.19880258,36844.242233955,38.3330078125,38.3330078125,0,,0
19523,GF-19-CAM-19,36844.420169752,36844.42156001,36844.467803719,38.3330078125,38.3330078125,0,,0
19525,GF-19-CAM-19,36844.625808364,36844.627802924,36844.690769566,38.3330078125,38.3330078125,0,,0
19527,GF-19-CAM-19,36844.868693531,36844.86971236,36844.915514343,38.3330078125,38.3330078125,0,,0
19529,GF-19-CAM-19,36845.083460171,36845.084298844,36845.121842292,38.3330078125,38.3330078125,0,,0
19531,GF-19-CAM-19,36845.286878597,36845.287675478,36845.337546026,38.3330078125,38.3330078125,0,,0
19533,GF-19-CAM-19,36845.502988008,36845.504787933,36845.543527023,38.3330078125,38.3330078125,0,,0
19535,GF-19-CAM-19,36845.6802181,36845.68151364,36845.724174638,38.3330078125,38.3330078125,0,,0
19537,GF-19-CAM-19,36845.888595668,36845.889517354,36845.941671346,38.3330078125,38.3330078125,0,,0
19539,GF-19-CAM-19,36846.081825822,36846.082893841,36846.14195241,38.3330078125,38.3330078125,0,,0
19541,GF-19-CAM-19,36846.283076794,36846.28372252,36846.33688508,38.3330078125,38.3330078125,0,,0
19543,GF-19-CAM-19,36846.49073486,36846.491553982,36846.527928968,38.3330078125,38.3330078125,0,,0
19545,GF-19-CAM-19,36846.719291255,36846.720537054,36846.759114604,38.3330078125,38.3330078125,0,,0
19547,GF-19-CAM-19,36846.921149305,36846.922225005,36846.957465502,38.3330078125,38.3330078125,0,,0
19549,GF-19-CAM-19,36847.111756218,36847.114834215,36847.161164084,38.3330078125,38.3330078125,0,,0
19551,GF-19-CAM-19,36847.334704553,36847.335935609,36847.369138486,38.3330078125,38.3330078125,0,,0
19553,GF-19-CAM-19,36847.510582696,36847.511020806,36847.565272352,38.3330078125,38.3330078125,0,,0
19555,GF-19-CAM-19,36847.71741025,36847.718187448,36847.748995182,38.3330078125,38.3330078125,0,,0
19557,GF-19-CAM-19,36847.92269559,36847.923815064,36847.962741991,38.3330078125,38.3330078125,0,,0
19559,GF-19-CAM-19,36848.147846299,36848.149083666,36848.202899884,38.3330078125,38.3330078125,0,,0
19561,GF-19-CAM-19,36848.385458625,36848.386589063,36848.436352567,38.3330078125,38.3330078125,0,,0
19563,GF-19-CAM-19,36848.59490162,36848.595337915,36848.632495299,38.3330078125,38.3330078125,0,,0
19565,GF-19-CAM-19,36848.782302401,36848.78657066,36848.830346938,38.3330078125,38.3330078125,0,,0
19567,GF-19-CAM-19,36848.96748319,36848.97018589,36849.00469564,38.3330078125,38.3330078125,0,,0
19569,GF-19-CAM-19,36849.167656339,36849.170705565,36849.210928861,38.3330078125,38.3330078125,0,,0
19571,GF-19-CAM-19,36849.360608272,36849.361596957,36849.390493785,38.3330078125,38.3330078125,0,,0
19573,GF-19-CAM-19,36849.561362114,36849.563053997,36849.601895639,38.3330078125,38.3330078125,0,,0
19575,GF-19-CAM-19,36849.747225202,36849.748371919,36849.801446755,38.3330078125,38.3330078125,0,,0
19577,GF-19-CAM-19,36849.961064756,36849.961577904,36850.001761936,38.3330078125,38.3330078125,0,,0
19579,GF-19-CAM-19,36850.135273358,36850.135988076,36850.175351651,38.3330078125,38.3330078125,0,,0
19581,GF-19-CAM-19,36850.348427229,36850.348997556,36850.386292989,38.3330078125,38.3330078125,0,,0
19583,GF-19-CAM-19,36850.571490232,36850.571971995,36850.610439381,38.3330078125,38.3330078125,0,,0
19585,GF-19-CAM-19,36850.793659847,36850.794369253,36850.83043241,38.3330078125,38.3330078125,0,,0
19587,GF-19-CAM-19,36850.995333513,36850.996080834,36851.03589065,38.3330078125,38.3330078125,0,,0
19589,GF-19-CAM-19,36851.226424775,36851.227056391,36851.253064202,38.3330078125,38.3330078125,0,,0
19591,GF-19-CAM-19,36851.449286195,36851.450844963,36851.512194112,38.3330078125,38.3330078125,0,,0
19593,GF-19-CAM-19,36851.648395655,36851.649068391,36851.702661307,38.3330078125,38.3330078125,0,,0
19595,GF-19-CAM-19,36851.857896143,36851.858810347,36851.888646289,38.3330078125,38.3330078125,0,,0
19597,GF-19-CAM-19,36852.063323972,36852.065607871,36852.104589455,38.3330078125,38.3330078125,0,,0
19599,GF-19-CAM-19,36852.265228823,36852.265826942,36852.299603051,38.3330078125,38.3330078125,0,,0
19601,GF-19-CAM-19,36852.483230748,36852.484144457,36852.508639307,38.3330078125,38.3330078125,0,,0
19603,GF-19-CAM-19,36852.650532325,36852.651444264,36852.692328971,38.3330078125,38.3330078125,0,,0
19605,GF-19-CAM-19,36852.851462527,36852.852102252,36852.886977238,38.3330078125,38.3330078125,0,,0
19607,GF-19-CAM-19,36853.040410022,36853.041435308,36853.078030916,38.3330078125,38.3330078125,0,,0
19609,GF-19-CAM-19,36853.239943371,36853.242046492,36853.281470908,38.3330078125,38.3330078125,0,,0
19611,GF-19-CAM-19,36853.401587607,36853.407103392,36853.463762711,38.3330078125,38.3330078125,0,,0
19613,GF-19-CAM-19,36853.611277582,36853.612221234,36853.643433308,38.3330078125,38.3330078125,0,,0
19615,GF-19-CAM-19,36853.807505761,36853.808448113,36853.850898438,38.3330078125,38.3330078125,0,,0
19617,GF-19-CAM-19,36854.018281036,36854.019249473,36854.059951879,38.3330078125,38.3330078125,0,,0
19619,GF-19-CAM-19,36854.196439549,36854.198552995,36854.244388506,38.3330078125,38.3330078125,0,,0
19621,GF-19-CAM-19,36854.384335823,36854.385011152,36854.436456743,38.3330078125,38.3330078125,0,,0
19623,GF-19-CAM-19,36854.57419423,36854.574719961,36854.627495608,38.3330078125,38.3330078125,0,,0
19625,GF-19-CAM-19,36854.798485556,36854.798946872,36854.846527099,38.3330078125,38.3330078125,0,,0
19627,GF-19-CAM-19,36854.996236583,36854.997049927,36855.029626217,38.3330078125,38.3330078125,0,,0
19629,GF-19-CAM-19,36855.173847544,36855.174576232,36855.227799499,38.3330078125,38.3330078125,0,,0
19631,GF-19-CAM-19,36855.394978948,36855.395473048,36855.440668116,38.3330078125,38.3330078125,0,,0
19633,GF-19-CAM-19,36855.595985491,36855.596766729,36855.627728316,38.3330078125,38.3330078125,0,,0
19635,GF-19-CAM-19,36855.771999644,36855.772677533,36855.809099614,38.3330078125,38.3330078125,0,,0
19637,GF-19-CAM-19,36855.958447904,36855.958880517,36856.003849451,38.3330078125,38.3330078125,0,,0
19639,GF-19-CAM-19,36856.144851311,36856.147365746,36856.185225439,38.3330078125,38.3330078125,0,,0
19641,GF-19-CAM-19,36856.352432118,36856.353425321,36856.404732616,38.3330078125,38.3330078125,0,,0
19643,GF-19-CAM-19,36856.536120144,36856.538063347,36856.573934954,38.3330078125,38.3330078125,0,,0
19645,GF-19-CAM-19,36856.722096656,36856.72335314,36856.74666859,38.3330078125,38.3330078125,0,,0
19647,GF-19-CAM-19,36856.892855951,36856.893734223,36856.931327254,38.3330078125,38.3330078125,0,,0
19649,GF-19-CAM-19,36857.097090915,36857.097876445,36857.149139057,38.3330078125,38.3330078125,0,,0
19651,GF-19-CAM-19,36857.285740601,36857.286726727,36857.335822892,38.3330078125,38.3330078125,0,,0
19653,GF-19-CAM-19,36857.45801543,36857.458585346,36857.504830006,38.3330078125,38.3330078125,0,,0
19655,GF-19-CAM-19,36857.675801792,36857.676751118,36857.715827689,38.3330078125,38.3330078125,0,,0
19657,GF-19-CAM-19,36857.933982992,36857.937946289,36857.974982564,38.3330078125,38.3330078125,0,,0
19659,GF-19-CAM-19,36858.101408389,36858.102707551,36858.161670089,38.3330078125,38.3330078125,0,,0
19661,GF-19-CAM-19,36858.328752616,36858.32977474,36858.353307252,38.3330078125,38.3330078125,0,,0
19663,GF-19-CAM-19,36858.48482324,36858.485430252,36858.533092687,38.3330078125,38.3330078125,0,,0
19665,GF-19-CAM-19,36858.655811217,36858.656906194,36858.699561635,38.3330078125,38.3330078125,0,,0
19667,GF-19-CAM-19,36858.849523292,36858.850254737,36858.885436271,38.3330078125,38.3330078125,0,,0
19669,GF-19-CAM-19,36859.053149069,36859.053995423,36859.105063866,38.3330078125,38.3330078125,0,,0
19671,GF-19-CAM-19,36859.216953858,36859.218256462,36859.257513313,38.3330078125,38.3330078125,0,,0
19673,GF-19-CAM-19,36859.420138411,36859.423188087,36859.460331743,38.3330078125,38.3330078125,0,,0
19675,GF-19-CAM-19,36859.621349663,36859.62225492,36859.675709106,38.3330078125,38.3330078125,0,,0
19677,GF-19-CAM-19,36859.825846257,36859.826493607,36859.869125119,38.3330078125,38.3330078125,0,,0
19679,GF-19-CAM-19,36860.017098737,36860.019084196,36860.048634748,38.3330078125,38.3330078125,0,,0
19681,GF-19-CAM-19,36860.189909793,36860.190428013,36860.237313688,38.3330078125,38.3330078125,0,,0
19683,GF-19-CAM-19,36860.379987544,36860.380680554,36860.418305698,38.3330078125,38.3330078125,0,,0
19685,GF-19-CAM-19,36860.603627554,36860.604431761,36860.647630212,38.3330078125,38.3330078125,0,,0
19687,GF-19-CAM-19,36860.785251549,36860.785779613,36860.824328573,38.3330078125,38.3330078125,0,,0
19689,GF-19-CAM-19,36860.99673825,36860.997403435,36861.046711538,38.3330078125,38.3330078125,0,,0
19691,GF-19-CAM-19,36861.186690934,36861.188077766,36861.237213983,38.3330078125,38.3330078125,0,,0
19693,GF-19-CAM-19,36861.401626145,36861.402733617,36861.434445205,38.3330078125,38.3330078125,0,,0
19695,GF-19-CAM-19,36861.563555795,36861.568055206,36861.605032082,38.3330078125,38.3330078125,0,,0
19697,GF-19-CAM-19,36861.774768171,36861.775308221,36861.807579181,38.3330078125,38.3330078125,0,,0
19699,GF-19-CAM-19,36861.961411519,36861.9621894,36861.98530263,38.3330078125,38.3330078125,0,,0
19701,GF-19-CAM-19,36862.116842879,36862.117643067,36862.152304398,38.3330078125,38.3330078125,0,,0
19703,GF-19-CAM-19,36862.301073572,36862.301489634,36862.330161022,38.3330078125,38.3330078125,0,,0
19705,GF-19-CAM-19,36862.47257532,36862.473724644,36862.507734127,38.3330078125,38.3330078125,0,,0
19707,GF-19-CAM-19,36862.649145518,36862.649959716,36862.700549523,38.3330078125,38.3330078125,0,,0
19709,GF-19-CAM-19,36862.867828972,36862.86834838,36862.894374879,38.3330078125,38.3330078125,0,,0
19711,GF-19-CAM-19,36863.038066671,36863.040205,36863.081659126,38.3330078125,38.3330078125,0,,0
19713,GF-19-CAM-19,36863.205192857,36863.205763485,36863.24442212,38.3330078125,38.3330078125,0,,0
19715,GF-19-CAM-19,36863.381327945,36863.384367983,36863.424881161,38.3330078125,38.3330078125,0,,0
19717,GF-19-CAM-19,36863.5896525,36863.590318456,36863.626771141,38.3330078125,38.3330078125,0,,0
19719,GF-19-CAM-19,36863.777217385,36863.778026893,36863.809722039,38.3330078125,38.3330078125,0,,0
19721,GF-19-CAM-19,36863.940735143,36863.94176306,36863.979731172,38.3330078125,38.3330078125,0,,0
19723,GF-19-CAM-19,36864.123673227,36864.124268185,36864.154550088,38.3330078125,38.3330078125,0,,0
19725,GF-19-CAM-19,36864.306349796,36864.307217382,36864.350649399,38.3330078125,38.3330078125,0,,0
19727,GF-19-CAM-19,36864.523966507,36864.525096676,36864.561221534,38.3330078125,38.3330078125,0,,0
19729,GF-19-CAM-19,36864.701446978,36864.701904597,36864.757132896,38.3330078125,38.3330078125,0,,0
19731,GF-19-CAM-19,36864.942720378,36864.943861525,36864.975703091,38.3330078125,38.3330078125,0,,0
19733,GF-19-CAM-19,36865.115300831,36865.115952029,36865.170166099,38.3330078125,38.3330078125,0,,0
19735,GF-19-CAM-19,36865.328315873,36865.329329184,36865.379394499,38.3330078125,38.3330078125,0,,0
19737,GF-19-CAM-19,36865.515549414,36865.516945402,36865.558213703,38.3330078125,38.3330078125,0,,0
19739,GF-19-CAM-19,36865.701543884,36865.702102835,36865.758503208,38.3330078125,38.3330078125,0,,0
19741,GF-19-CAM-19,36865.88681695,36865.88757544,36865.934981179,38.3330078125,38.3330078125,0,,0
19743,GF-19-CAM-19,36866.077677993,36866.078416728,36866.137596578,38.3330078125,38.3330078125,0,,0
19745,GF-19-CAM-19,36866.282967025,36866.283867438,36866.326374668,38.3330078125,38.3330078125,0,,0
19747,GF-19-CAM-19,36866.47077126,36866.471699548,36866.497305662,38.3330078125,38.3330078125,0,,0
19749,GF-19-CAM-19,36866.621699142,36866.62413838,36866.672869089,38.3330078125,38.3330078125,0,,0
19751,GF-19-CAM-19,36866.851174191,36866.851998561,36866.901416187,38.3330078125,38.3330078125,0,,0
19753,GF-19-CAM-19,36867.059493211,36867.060443927,36867.096428083,38.3330078125,38.3330078125,0,,0
19755,GF-19-CAM-19,36867.258783568,36867.259703839,36867.298842997,38.3330078125,38.3330078125,0,,0
19757,GF-19-CAM-19,36867.459517926,36867.460455164,36867.505468882,38.3330078125,38.3330078125,0,,0
19759,GF-19-CAM-19,36867.662854962,36867.663624808,36867.70227108,38.3330078125,38.3330078125,0,,0
19761,GF-19-CAM-19,36867.842846447,36867.843509099,36867.89096589,38.3330078125,38.3330078125,0,,0
19763,GF-19-CAM-19,36868.050558046,36868.051625575,36868.089293446,38.3330078125,38.3330078125,0,,0
19765,GF-19-CAM-19,36868.247989815,36868.248490999,36868.29850293,38.3330078125,38.3330078125,0,,0
19767,GF-19-CAM-19,36868.451959359,36868.454543021,36868.485842263,38.3330078125,38.3330078125,0,,0
19769,GF-19-CAM-19,36868.643572357,36868.644145675,36868.677191722,38.3330078125,38.3330078125,0,,0
19771,GF-19-CAM-19,36868.817463558,36868.819490322,36868.868447265,38.3330078125,38.3330078125,0,,0
19773,GF-19-CAM-19,36869.013910378,36869.014567688,36869.047159302,38.3330078125,38.3330078125,0,,0
19775,GF-19-CAM-19,36869.209872416,36869.210827321,36869.264986896,38.3330078125,38.3330078125,0,,0
19777,GF-19-CAM-19,36869.403372641,36869.409080336,36869.440185361,38.3330078125,38.3330078125,0,,0
19779,GF-19-CAM-19,36869.587942626,36869.588439883,36869.613337289,38.3330078125,38.3330078125,0,,0
19781,GF-19-CAM-19,36869.772968499,36869.774155393,36869.801486965,38.3330078125,38.3330078125,0,,0
19783,GF-19-CAM-19,36869.961389188,36869.962406274,36870.003765536,38.3330078125,38.3330078125,0,,0
19785,GF-19-CAM-19,36870.1504016,36870.151218215,36870.201363373,38.3330078125,38.3330078125,0,,0
19787,GF-19-CAM-19,36870.361402227,36870.362606459,36870.38782844,38.3330078125,38.3330078125,0,,0
19789,GF-19-CAM-19,36870.541577668,36870.54205844,36870.586505005,38.3330078125,38.3330078125,0,,0
19791,GF-19-CAM-19,36870.717622488,36870.718504638,36870.778778134,38.3330078125,38.3330078125,0,,0
19793,GF-19-CAM-19,36870.92329741,36870.924253828,36870.959941189,38.3330078125,38.3330078125,0,,0
19795,GF-19-CAM-19,36871.11266048,36871.113209028,36871.149834739,38.3330078125,38.3330078125,0,,0
19797,GF-19-CAM-19,36871.284527264,36871.285095008,36871.333615824,38.3330078125,38.3330078125,0,,0
19799,GF-19-CAM-19,36871.507878647,36871.508784803,36871.546150723,38.3330078125,38.3330078125,0,,0
19801,GF-19-CAM-19,36871.717180065,36871.719949969,36871.768223973,38.3330078125,38.3330078125,0,,0
19803,GF-19-CAM-19,36871.946169559,36871.946926881,36872.005317751,38.3330078125,38.3330078125,0,,0
19805,GF-19-CAM-19,36872.144246133,36872.145224784,36872.178680942,38.3330078125,38.3330078125,0,,0
19807,GF-19-CAM-19,36872.350689484,36872.351311534,36872.38543373,38.3330078125,38.3330078125,0,,0
19809,GF-19-CAM-19,36872.570640009,36872.571361287,36872.605054899,38.3330078125,38.3330078125,0,,0
19811,GF-19-CAM-19,36872.766536784,36872.767514186,36872.822634296,38.3330078125,38.3330078125,0,,0
19813,GF-19-CAM-19,36872.993610106,36872.994296554,36873.031988388,38.3330078125,38.3330078125,0,,0
19815,GF-19-CAM-19,36873.170587575,36873.171269607,36873.211479109,38.3330078125,38.3330078125,0,,0
19817,GF-19-CAM-19,36873.381493066,36873.38257918,36873.43184255,38.3330078125,38.3330078125,0,,0
19819,GF-19-CAM-19,36873.572380305,36873.574566012,36873.614120878,38.3330078125,38.3330078125,0,,0
19821,GF-19-CAM-19,36873.764275329,36873.76604115,36873.812809302,38.3330078125,38.3330078125,0,,0
19823,GF-19-CAM-19,36873.954677212,36873.955433598,36873.990356971,38.3330078125,38.3330078125,0,,0
19825,GF-19-CAM-19,36874.176271677,36874.177144662,36874.216391127,38.3330078125,38.3330078125,0,,0
19827,GF-19-CAM-19,36874.377099089,36874.377893146,36874.420042321,38.3330078125,38.3330078125,0,,0
19829,GF-19-CAM-19,36874.573875408,36874.574685749,36874.618655398,38.3330078125,38.3330078125,0,,0
19831,GF-19-CAM-19,36874.742180651,36874.74304775,36874.773608467,38.3330078125,38.3330078125,0,,0
19833,GF-19-CAM-19,36874.928348429,36874.929330588,36874.969360456,38.3330078125,38.3330078125,0,,0
19835,GF-19-CAM-19,36875.122180056,36875.122986235,36875.155502198,38.3330078125,38.3330078125,0,,0
19837,GF-19-CAM-19,36875.314564098,36875.315519985,36875.352754895,38.3330078125,38.3330078125,0,,0
19839,GF-19-CAM-19,36875.481381665,36875.483836111,36875.537499788,38.3330078125,38.3330078125,0,,0
19841,GF-19-CAM-19,36875.68027823,36875.681635172,36875.712932364,38.3330078125,38.3330078125,0,,0
19843,GF-19-CAM-19,36875.856805794,36875.85950723,36875.8996826,38.3330078125,38.3330078125,0,,0
19845,GF-19-CAM-19,36876.064863859,36876.066212397,36876.100837458,38.3330078125,38.3330078125,0,,0
19847,GF-19-CAM-19,36876.278528206,36876.280320417,36876.311670788,38.3330078125,38.3330078125,0,,0
19849,GF-19-CAM-19,36876.478692254,36876.479677291,36876.518999908,38.3330078125,38.3330078125,0,,0
19851,GF-19-CAM-19,36876.668101239,36876.668644478,36876.712572722,38.3330078125,38.3330078125,0,,0
19853,GF-19-CAM-19,36876.847014039,36876.847919546,36876.888074881,38.3330078125,38.3330078125,0,,0
19855,GF-19-CAM-19,36877.044752617,36877.04527361,36877.071756314,38.3330078125,38.3330078125,0,,0
19857,GF-19-CAM-19,36877.255938487,36877.256712181,36877.298742566,38.3330078125,38.3330078125,0,,0
19859,GF-19-CAM-19,36877.445903782,36877.44679998,36877.497815796,38.3330078125,38.3330078125,0,,0
19861,GF-19-CAM-19,36877.674225329,36877.674857079,36877.70489573,38.3330078125,38.3330078125,0,,0
19863,GF-19-CAM-19,36877.886141489,36877.886650697,36877.943922153,38.3330078125,38.3330078125,0,,0
19865,GF-19-CAM-19,36878.113520822,36878.114281296,36878.144300359,38.3330078125,38.3330078125,0,,0
19867,GF-19-CAM-19,36878.284456236,36878.285088691,36878.335609543,38.3330078125,38.3330078125,0,,0
19869,GF-19-CAM-19,36878.498843892,36878.499823337,36878.543093975,38.3330078125,38.3330078125,0,,0
19871,GF-19-CAM-19,36878.668843115,36878.669468317,36878.710269145,38.3330078125,38.3330078125,0,,0
19873,GF-19-CAM-19,36878.84020157,36878.840650356,36878.888882133,38.3330078125,38.3330078125,0,,0
19875,GF-19-CAM-19,36879.057990014,36879.05851985,36879.090549058,38.3330078125,38.3330078125,0,,0
19877,GF-19-CAM-19,36879.216324916,36879.21755179,36879.249125631,38.3330078125,38.3330078125,0,,0
19879,GF-19-CAM-19,36879.409098202,36879.409876593,36879.450517077,38.3330078125,38.3330078125,0,,0
19881,GF-19-CAM-19,36879.620119933,36879.620977059,36879.672158573,38.3330078125,38.3330078125,0,,0
19883,GF-19-CAM-19,36879.825762769,36879.826907669,36879.862618201,38.3330078125,38.3330078125,0,,0
19885,GF-19-CAM-19,36879.997594253,36879.998391921,36880.035522315,38.3330078125,38.3330078125,0,,0
19887,GF-19-CAM-19,36880.161370655,36880.161763742,36880.210137141,38.3330078125,38.3330078125,0,,0
19889,GF-19-CAM-19,36880.367574422,36880.368506518,36880.398075624,38.3330078125,38.3330078125,0,,0
19891,GF-19-CAM-19,36880.552756644,36880.553283739,36880.581986185,38.3330078125,38.3330078125,0,,0
19893,GF-19-CAM-19,36880.7246174,36880.725091507,36880.749834694,38.3330078125,38.3330078125,0,,0
19895,GF-19-CAM-19,36880.906087728,36880.906729293,36880.941575686,38.3330078125,38.3330078125,0,,0
19897,GF-19-CAM-19,36881.114120918,36881.114913825,36881.149383761,38.3330078125,38.3330078125,0,,0
19899,GF-19-CAM-19,36881.31816274,36881.319343938,36881.361291411,38.3330078125,38.3330078125,0,,0
19901,GF-19-CAM-19,36881.502937925,36881.50506396,36881.550566345,38.3330078125,38.3330078125,0,,0
19903,GF-19-CAM-19,36881.749145111,36881.749882352,36881.794691173,38.3330078125,38.3330078125,0,,0
19905,GF-19-CAM-19,36881.933069696,36881.933673632,36881.968254784,38.3330078125,38.3330078125,0,,0
19907,GF-19-CAM-19,36882.125192253,36882.125733182,36882.169482362,38.3330078125,38.3330078125,0,,0
19909,GF-19-CAM-19,36882.323368482,36882.323902618,36882.359314476,38.3330078125,38.3330078125,0,,0
19911,GF-19-CAM-19,36882.515207734,36882.51582818,36882.553934299,38.3330078125,38.3330078125,0,,0
19913,GF-19-CAM-19,36882.713378543,36882.713783321,36882.744564599,38.3330078125,38.3330078125,0,,0
19915,GF-19-CAM-19,36882.886959055,36882.888215592,36882.924559012,38.3330078125,38.3330078125,0,,0
19917,GF-19-CAM-19,36883.055809553,36883.056508174,36883.091384407,38.3330078125,38.3330078125,0,,0
19919,GF-19-CAM-19,36883.258371809,36883.25886366,36883.296419756,38.3330078125,38.3330078125,0,,0
19921,GF-19-CAM-19,36883.455570323,36883.456380042,36883.49814975,38.3330078125,38.3330078125,0,,0
19923,GF-19-CAM-19,36883.67749124,36883.678400728,36883.705619676,38.3330078125,38.3330078125,0,,0
19925,GF-19-CAM-19,36883.852490889,36883.853506372,36883.895488738,38.3330078125,38.3330078125,0,,0
19927,GF-19-CAM-19,36884.059950205,36884.060775111,36884.101550876,38.3330078125,38.3330078125,0,,0
19929,GF-19-CAM-19,36884.273748943,36884.274829751,36884.320202628,38.3330078125,38.3330078125,0,,0
19931,GF-19-CAM-19,36884.443711064,36884.445083178,36884.504091535,38.3330078125,38.3330078125,0,,0
19933,GF-19-CAM-19,36884.650858162,36884.651658204,36884.697839868,38.3330078125,38.3330078125,0,,0
19935,GF-19-CAM-19,36884.907892456,36884.908563004,36884.941839385,38.3330078125,38.3330078125,0,,0
19937,GF-19-CAM-19,36885.080858072,36885.082566343,36885.120661325,38.3330078125,38.3330078125,0,,0
19939,GF-19-CAM-19,36885.256843832,36885.258161738,36885.305830433,38.3330078125,38.3330078125,0,,0
19941,GF-19-CAM-19,36885.437435739,36885.438038798,36885.485110955,38.3330078125,38.3330078125,0,,0
19943,GF-19-CAM-19,36885.651915113,36885.652424049,36885.691540029,38.3330078125,38.3330078125,0,,0
19945,GF-19-CAM-19,36885.869312073,36885.869835959,36885.910330434,38.3330078125,38.3330078125,0,,0
19947,GF-19-CAM-19,36886.045348152,36886.048518184,36886.080387331,38.3330078125,38.3330078125,0,,0
19949,GF-19-CAM-19,36886.220301665,36886.220904448,36886.262258755,38.3330078125,38.3330078125,0,,0
19951,GF-19-CAM-19,36886.423385554,36886.423961033,36886.455847274,38.3330078125,38.3330078125,0,,0
19953,GF-19-CAM-19,36886.613313014,36886.614219133,36886.650890238,38.3330078125,38.3330078125,0,,0
19955,GF-19-CAM-19,36886.827704723,36886.828339816,36886.849978554,38.3330078125,38.3330078125,0,,0
19957,GF-19-CAM-19,36886.990842356,36886.991351143,36887.022526155,38.3330078125,38.3330078125,0,,0
19959,GF-19-CAM-19,36887.195234155,36887.19583875,36887.223428118,38.3330078125,38.3330078125,0,,0
19961,GF-19-CAM-19,36887.39728206,36887.397799699,36887.427404715,38.3330078125,38.3330078125,0,,0
19963,GF-19-CAM-19,36887.59567279,36887.598610644,36887.627519119,38.3330078125,38.3330078125,0,,0
19965,GF-19-CAM-19,36887.780270553,36887.781972913,36887.816877979,38.3330078125,38.3330078125,0,,0
19967,GF-19-CAM-19,36887.998454934,36887.999212209,36888.035132244,38.3330078125,38.3330078125,0,,0
19969,GF-19-CAM-19,36888.207736222,36888.208778691,36888.244110882,38.3330078125,38.3330078125,0,,0
19971,GF-19-CAM-19,36888.441696586,36888.442235673,36888.478522351,38.3330078125,38.3330078125,0,,0
19973,GF-19-CAM-19,36888.632633975,36888.633493347,36888.6650928,38.3330078125,38.3330078125,0,,0
19975,GF-19-CAM-19,36888.840282133,36888.840852343,36888.869818896,38.3330078125,38.3330078125,0,,0
19977,GF-19-CAM-19,36889.025280445,36889.029016621,36889.068443402,38.3330078125,38.3330078125,0,,0
19979,GF-19-CAM-19,36889.234261543,36889.235419497,36889.269998004,38.3330078125,38.3330078125,0,,0
19981,GF-19-CAM-19,36889.406104936,36889.407528371,36889.447457742,38.3330078125,38.3330078125,0,,0
19983,GF-19-CAM-19,36889.608046124,36889.610890038,36889.663384054,38.3330078125,38.3330078125,0,,0
19985,GF-19-CAM-19,36889.820695741,36889.821684495,36889.848797324,38.3330078125,38.3330078125,0,,0
19987,GF-19-CAM-19,36889.984711211,36889.985140819,36890.034742113,38.3330078125,38.3330078125,0,,0
19989,GF-19-CAM-19,36890.169508064,36890.170445176,36890.209455842,38.3330078125,38.3330078125,0,,0
19991,GF-19-CAM-19,36890.393421653,36890.394698871,36890.424887378,38.3330078125,38.3330078125,0,,0
19993,GF-19-CAM-19,36890.575623234,36890.576615704,36890.61503614,38.3330078125,38.3330078125,0,,0
19995,GF-19-CAM-19,36890.776011703,36890.777851589,36890.825515251,38.3330078125,38.3330078125,0,,0
19997,GF-19-CAM-19,36890.966740327,36890.967324335,36891.000898665,38.3330078125,38.3330078125,0,,0
19999,GF-19-CAM-19,36891.153636243,36891.155679889,36891.184880912,38.3330078125,38.3330078125,0,,0
20001,GF-19-CAM-19,36891.366054004,36891.366654827,36891.409920279,38.3330078125,38.3330078125,0,,0
20003,GF-19-CAM-19,36891.569430635,36891.570051566,36891.604702013,38.3330078125,38.3330078125,0,,0
20005,GF-19-CAM-19,36891.765098546,36891.766992609,36891.798464737,38.3330078125,38.3330078125,0,,0
20007,GF-19-CAM-19,36891.959593715,36891.961314904,36892.015789306,38.3330078125,38.3330078125,0,,0
20009,GF-19-CAM-19,36892.154932533,36892.155776043,36892.206464865,38.3330078125,38.3330078125,0,,0
20011,GF-19-CAM-19,36892.366638149,36892.367260386,36892.420600376,38.3330078125,38.3330078125,0,,0
20013,GF-19-CAM-19,36892.598305722,36892.598902517,36892.65567545,38.3330078125,38.3330078125,0,,0
20015,GF-19-CAM-19,36892.824092267,36892.82512788,36892.878140544,38.3330078125,38.3330078125,0,,0
20017,GF-19-CAM-19,36893.053931854,36893.054572758,36893.082277057,38.3330078125,38.3330078125,0,,0
20019,GF-19-CAM-19,36893.231695806,36893.232771438,36893.262205046,38.3330078125,38.3330078125,0,,0
20021,GF-19-CAM-19,36893.409966418,36893.410785812,36893.446130849,38.3330078125,38.3330078125,0,,0
20023,GF-19-CAM-19,36893.582638931,36893.583444385,36893.617777928,38.3330078125,38.3330078125,0,,0
20025,GF-19-CAM-19,36893.79229839,36893.792881506,36893.846218843,38.3330078125,38.3330078125,0,,0
20027,GF-19-CAM-19,36893.972171447,36893.972715969,36894.019317271,38.3330078125,38.3330078125,0,,0
20029,GF-19-CAM-19,36894.171083405,36894.171745911,36894.215566737,38.3330078125,38.3330078125,0,,0
20031,GF-19-CAM-19,36894.39475293,36894.3970285,36894.441568879,38.3330078125,38.3330078125,0,,0
20033,GF-19-CAM-19,36894.589499847,36894.590093645,36894.639922079,38.3330078125,38.3330078125,0,,0
20035,GF-19-CAM-19,36894.81313774,36894.813538913,36894.843288478,38.3330078125,38.3330078125,0,,0
20037,GF-19-CAM-19,36894.980636185,36894.981161335,36895.014376424,38.3330078125,38.3330078125,0,,0
20039,GF-19-CAM-19,36895.165219042,36895.16695506,36895.216454249,38.3330078125,38.3330078125,0,,0
20041,GF-19-CAM-19,36895.359321675,36895.362531186,36895.392239868,38.3330078125,38.3330078125,0,,0
20043,GF-19-CAM-19,36895.550780047,36895.551565308,36895.596888455,38.3330078125,38.3330078125,0,,0
20045,GF-19-CAM-19,36895.754525948,36895.756677024,36895.782111764,38.3330078125,38.3330078125,0,,0
20047,GF-19-CAM-19,36895.946089225,36895.946975103,36895.974568873,38.3330078125,38.3330078125,0,,0
20049,GF-19-CAM-19,36896.126566472,36896.127595583,36896.178816075,38.3330078125,38.3330078125,0,,0
20051,GF-19-CAM-19,36896.331750543,36896.332333066,36896.367722582,38.3330078125,38.3330078125,0,,0
20053,GF-19-CAM-19,36896.510398476,36896.511104892,36896.568343311,38.3330078125,38.3330078125,0,,0
20055,GF-19-CAM-19,36896.709358253,36896.710542555,36896.761695105,38.3330078125,38.3330078125,0,,0
20057,GF-19-CAM-19,36896.925880983,36896.926727873,36896.969172412,38.3330078125,38.3330078125,0,,0
20059,GF-19-CAM-19,36897.108940181,36897.109984894,36897.148896778,38.3330078125,38.3330078125,0,,0
20061,GF-19-CAM-19,36897.309137222,36897.31192283,36897.377176915,38.3330078125,38.3330078125,0,,0
20063,GF-19-CAM-19,36897.535490246,36897.536618335,36897.589228955,38.3330078125,38.3330078125,0,,0
20065,GF-19-CAM-19,36897.719090095,36897.719825397,36897.75488508,38.3330078125,38.3330078125,0,,0
20067,GF-19-CAM-19,36897.903111549,36897.908102806,36897.945586285,38.3330078125,38.3330078125,0,,0
20069,GF-19-CAM-19,36898.127313395,36898.127998433,36898.165924414,38.3330078125,38.3330078125,0,,0
20071,GF-19-CAM-19,36898.342574266,36898.345142265,36898.393200566,38.3330078125,38.3330078125,0,,0
20073,GF-19-CAM-19,36898.573575274,36898.57436447,36898.61148111,38.3330078125,38.3330078125,0,,0
20075,GF-19-CAM-19,36898.744461371,36898.744945926,36898.782344821,38.3330078125,38.3330078125,0,,0
20077,GF-19-CAM-19,36898.926844291,36898.928080857,36898.97948848,38.3330078125,38.3330078125,0,,0
20079,GF-19-CAM-19,36899.170169797,36899.171015405,36899.20627897,38.3330078125,38.3330078125,0,,0
20081,GF-19-CAM-19,36899.393463782,36899.395345776,36899.46281944,38.3330078125,38.3330078125,0,,0
20083,GF-19-CAM-19,36899.633593461,36899.634536367,36899.682386768,38.3330078125,38.3330078125,0,,0
20085,GF-19-CAM-19,36899.835872642,36899.836601536,36899.872375738,38.3330078125,38.3330078125,0,,0
20087,GF-19-CAM-19,36900.019729924,36900.020722049,36900.069726019,38.3330078125,38.3330078125,0,,0
20089,GF-19-CAM-19,36900.202835708,36900.203419766,36900.24140338,38.3330078125,38.3330078125,0,,0
20091,GF-19-CAM-19,36900.4054751,36900.407025383,36900.457513399,38.3330078125,38.3330078125,0,,0
20093,GF-19-CAM-19,36900.605241102,36900.60577584,36900.642020706,38.3330078125,38.3330078125,0,,0
20095,GF-19-CAM-19,36900.815444328,36900.816062347,36900.849847687,38.3330078125,38.3330078125,0,,0
20097,GF-19-CAM-19,36901.024068056,36901.027645633,36901.064563446,38.3330078125,38.3330078125,0,,0
20099,GF-19-CAM-19,36901.21545783,36901.216075505,36901.267866308,38.3330078125,38.3330078125,0,,0
20101,GF-19-CAM-19,36901.423106289,36901.424403245,36901.473806561,38.3330078125,38.3330078125,0,,0
20103,GF-19-CAM-19,36901.625391896,36901.626285805,36901.665706091,38.3330078125,38.3330078125,0,,0
20105,GF-19-CAM-19,36901.805512178,36901.806354011,36901.866928657,38.3330078125,38.3330078125,0,,0
20107,GF-19-CAM-19,36902.000593143,36902.001159263,36902.034922262,38.3330078125,38.3330078125,0,,0
20109,GF-19-CAM-19,36902.188462587,36902.189300879,36902.212550647,38.3330078125,38.3330078125,0,,0
20111,GF-19-CAM-19,36902.35930544,36902.360118012,36902.400037934,38.3330078125,38.3330078125,0,,0
20113,GF-19-CAM-19,36902.55813297,36902.55892481,36902.596613644,38.3330078125,38.3330078125,0,,0
20115,GF-19-CAM-19,36902.756362265,36902.757454823,36902.786270304,38.3330078125,38.3330078125,0,,0
20117,GF-19-CAM-19,36902.927790039,36902.92868316,36902.981334732,38.3330078125,38.3330078125,0,,0
20119,GF-19-CAM-19,36903.121366915,36903.122170498,36903.157588041,38.3330078125,38.3330078125,0,,0
20121,GF-19-CAM-19,36903.32154912,36903.322265891,36903.365421812,38.3330078125,38.3330078125,0,,0
20123,GF-19-CAM-19,36903.506617487,36903.507388482,36903.536050174,38.3330078125,38.3330078125,0,,0
20125,GF-19-CAM-19,36903.707491509,36903.707899081,36903.754276532,38.3330078125,38.3330078125,0,,0
20127,GF-19-CAM-19,36903.884883479,36903.885331891,36903.920564586,38.3330078125,38.3330078125,0,,0
20129,GF-19-CAM-19,36904.087515213,36904.089171771,36904.126284712,38.3330078125,38.3330078125,0,,0
20131,GF-19-CAM-19,36904.293333088,36904.293973977,36904.330052616,38.3330078125,38.3330078125,0,,0
20133,GF-19-CAM-19,36904.484344188,36904.484997183,36904.513071563,38.3330078125,38.3330078125,0,,0
20135,GF-19-CAM-19,36904.664313881,36904.66502335,36904.701874024,38.3330078125,38.3330078125,0,,0
20137,GF-19-CAM-19,36904.849453412,36904.851884272,36904.897926152,38.3330078125,38.3330078125,0,,0
20139,GF-19-CAM-19,36905.048906125,36905.049545189,36905.091273122,38.3330078125,38.3330078125,0,,0
20141,GF-19-CAM-19,36905.229503827,36905.230397925,36905.269102523,38.3330078125,38.3330078125,0,,0
20143,GF-19-CAM-19,36905.443705717,36905.445853695,36905.484811009,38.3330078125,38.3330078125,0,,0
20145,GF-19-CAM-19,36905.618948135,36905.619551577,36905.657272729,38.3330078125,38.3330078125,0,,0
20147,GF-19-CAM-19,36905.812594034,36905.813301924,36905.861051416,38.3330078125,38.3330078125,0,,0
20149,GF-19-CAM-19,36906.011413649,36906.01512246,36906.048157713,38.3330078125,38.3330078125,0,,0
20151,GF-19-CAM-19,36906.191915525,36906.194111846,36906.232775541,38.3330078125,38.3330078125,0,,0
20153,GF-19-CAM-19,36906.391594469,36906.392710732,36906.420270426,38.3330078125,38.3330078125,0,,0
20155,GF-19-CAM-19,36906.578978501,36906.579610575,36906.616145371,38.3330078125,38.3330078125,0,,0
20157,GF-19-CAM-19,36906.768024681,36906.768669161,36906.815174598,38.3330078125,38.3330078125,0,,0
20159,GF-19-CAM-19,36906.973103087,36906.9753939,36907.018727809,38.3330078125,38.3330078125,0,,0
20161,GF-19-CAM-19,36907.197841822,36907.198638106,36907.243618396,38.3330078125,38.3330078125,0,,0
20163,GF-19-CAM-19,36907.369688436,36907.370114734,36907.42705999,38.3330078125,38.3330078125,0,,0
20165,GF-19-CAM-19,36907.603682272,36907.60438114,36907.641857448,38.3330078125,38.3330078125,0,,0
20167,GF-19-CAM-19,36907.80595529,36907.806498114,36907.852215693,38.3330078125,38.3330078125,0,,0
20169,GF-19-CAM-19,36907.992328305,36907.993103879,36908.015187593,38.3330078125,38.3330078125,0,,0
20171,GF-19-CAM-19,36908.181410534,36908.183583473,36908.223571078,38.3330078125,38.3330078125,0,,0
20173,GF-19-CAM-19,36908.387234335,36908.388120556,36908.420708709,38.3330078125,38.3330078125,0,,0
20175,GF-19-CAM-19,36908.568195636,36908.568841288,36908.600132269,38.3330078125,38.3330078125,0,,0
20177,GF-19-CAM-19,36908.77603257,36908.776997334,36908.823839059,38.3330078125,38.3330078125,0,,0
20179,GF-19-CAM-19,36908.962576571,36908.964253212,36909.004684073,38.3330078125,38.3330078125,0,,0
20181,GF-19-CAM-19,36909.172862537,36909.173831826,36909.208688854,38.3330078125,38.3330078125,0,,0
20183,GF-19-CAM-19,36909.347907396,36909.348614851,36909.401963732,38.3330078125,38.3330078125,0,,0
20185,GF-19-CAM-19,36909.545344888,36909.546195429,36909.578726944,38.3330078125,38.3330078125,0,,0
20187,GF-19-CAM-19,36909.74390846,36909.745108042,36909.780302011,38.3330078125,38.3330078125,0,,0
20189,GF-19-CAM-19,36909.942293923,36909.942790111,36909.984697093,38.3330078125,38.3330078125,0,,0
20191,GF-19-CAM-19,36910.161743118,36910.166395429,36910.221811569,38.3330078125,38.3330078125,0,,0
20193,GF-19-CAM-19,36910.379343435,36910.382573015,36910.421502405,38.3330078125,38.3330078125,0,,0
20195,GF-19-CAM-19,36910.557070579,36910.557866826,36910.609811228,38.3330078125,38.3330078125,0,,0
20197,GF-19-CAM-19,36910.748451639,36910.75112833,36910.796860212,38.3330078125,38.3330078125,0,,0
20199,GF-19-CAM-19,36910.971348872,36910.972242296,36911.018515691,38.3330078125,38.3330078125,0,,0
20201,GF-19-CAM-19,36911.161646794,36911.162596519,36911.200528578,38.3330078125,38.3330078125,0,,0
20203,GF-19-CAM-19,36911.340559667,36911.342109321,36911.368761981,38.3330078125,38.3330078125,0,,0
20205,GF-19-CAM-19,36911.529390858,36911.530349046,36911.562065725,38.3330078125,38.3330078125,0,,0
20207,GF-19-CAM-19,36911.694936679,36911.695671526,36911.732816961,38.3330078125,38.3330078125,0,,0
20209,GF-19-CAM-19,36911.90671854,36911.909260648,36911.9550398,38.3330078125,38.3330078125,0,,0
20211,GF-19-CAM-19,36912.123536347,36912.12611308,36912.16653619,38.3330078125,38.3330078125,0,,0
20213,GF-19-CAM-19,36912.315556902,36912.316264284,36912.35674435,38.3330078125,38.3330078125,0,,0
20215,GF-19-CAM-19,36912.543507091,36912.543915149,36912.582278111,38.3330078125,38.3330078125,0,,0
20217,GF-19-CAM-19,36912.747924809,36912.748648925,36912.796061343,38.3330078125,38.3330078125,0,,0
20219,GF-19-CAM-19,36912.956727149,36912.959582945,36912.998000277,38.3330078125,38.3330078125,0,,0
20221,GF-19-CAM-19,36913.167920678,36913.171607871,36913.200030476,38.3330078125,38.3330078125,0,,0
20223,GF-19-CAM-19,36913.393514976,36913.394232269,36913.434466566,38.3330078125,38.3330078125,0,,0
20225,GF-19-CAM-19,36913.596121992,36913.596874516,36913.625607463,38.3330078125,38.3330078125,0,,0
20227,GF-19-CAM-19,36913.813338091,36913.813732228,36913.848108796,38.3330078125,38.3330078125,0,,0
20229,GF-19-CAM-19,36914.008411064,36914.008961112,36914.057266841,38.3330078125,38.3330078125,0,,0
20231,GF-19-CAM-19,36914.217144536,36914.2215455,36914.265232548,38.3330078125,38.3330078125,0,,0
20233,GF-19-CAM-19,36914.403812734,36914.407255166,36914.464833667,38.3330078125,38.3330078125,0,,0
20235,GF-19-CAM-19,36914.589594789,36914.590488222,36914.622422549,38.3330078125,38.3330078125,0,,0
20237,GF-19-CAM-19,36914.773715032,36914.774307169,36914.8055495,38.3330078125,38.3330078125,0,,0
20239,GF-19-CAM-19,36914.961989373,36914.962712384,36915.013657747,38.3330078125,38.3330078125,0,,0
20241,GF-19-CAM-19,36915.147428822,36915.150480743,36915.182484632,38.3330078125,38.3330078125,0,,0
20243,GF-19-CAM-19,36915.338812724,36915.339262113,36915.384763246,38.3330078125,38.3330078125,0,,0
20245,GF-19-CAM-19,36915.523637019,36915.525103709,36915.561857446,38.3330078125,38.3330078125,0,,0
20247,GF-19-CAM-19,36915.711068431,36915.711867553,36915.740094377,38.3330078125,38.3330078125,0,,0
20249,GF-19-CAM-19,36915.887860243,36915.888585117,36915.937440252,38.3330078125,38.3330078125,0,,0
20251,GF-19-CAM-19,36916.083441179,36916.084963713,36916.114447127,38.3330078125,38.3330078125,0,,0
20253,GF-19-CAM-19,36916.271420164,36916.278167336,36916.315628399,38.3330078125,38.3330078125,0,,0
20255,GF-19-CAM-19,36916.47521959,36916.476282428,36916.523845243,38.3330078125,38.3330078125,0,,0
20257,GF-19-CAM-19,36916.660376903,36916.661057948,36916.713400073,38.3330078125,38.3330078125,0,,0
20259,GF-19-CAM-19,36916.881660179,36916.882309688,36916.941564899,38.3330078125,38.3330078125,0,,0
20261,GF-19-CAM-19,36917.119150856,36917.119684857,36917.163773264,38.3330078125,38.3330078125,0,,0
20263,GF-19-CAM-19,36917.300661046,36917.301874752,36917.336759426,38.3330078125,38.3330078125,0,,0
20265,GF-19-CAM-19,36917.485979444,36917.486779248,36917.528799512,38.3330078125,38.3330078125,0,,0
20267,GF-19-CAM-19,36917.668424431,36917.669263114,36917.707331299,38.3330078125,38.3330078125,0,,0
20269,GF-19-CAM-19,36917.855642479,36917.85803237,36917.898759709,38.3330078125,38.3330078125,0,,0
20271,GF-19-CAM-19,36918.078304118,36918.078705286,36918.12618593,38.3330078125,38.3330078125,0,,0
20273,GF-19-CAM-19,36918.307473471,36918.308175726,36918.350241501,38.3330078125,38.3330078125,0,,0
20275,GF-19-CAM-19,36918.494059035,36918.494586593,36918.543098633,38.3330078125,38.3330078125,0,,0
20277,GF-19-CAM-19,36918.69690385,36918.697520506,36918.746309146,38.3330078125,38.3330078125,0,,0
20279,GF-19-CAM-19,36918.918431977,36918.919376617,36918.968441453,38.3330078125,38.3330078125,0,,0
20281,GF-19-CAM-19,36919.117190235,36919.117743568,36919.150238159,38.3330078125,38.3330078125,0,,0
20283,GF-19-CAM-19,36919.334618119,36919.335395586,36919.389624067,38.3330078125,38.3330078125,0,,0
20285,GF-19-CAM-19,36919.544884508,36919.545740128,36919.584913787,38.3330078125,38.3330078125,0,,0
20287,GF-19-CAM-19,36919.729884458,36919.730574881,36919.764552092,38.3330078125,38.3330078125,0,,0
20289,GF-19-CAM-19,36919.926568445,36919.928139212,36919.975513902,38.3330078125,38.3330078125,0,,0
20291,GF-19-CAM-19,36920.143141819,36920.144514973,36920.191306088,38.3330078125,38.3330078125,0,,0
20293,GF-19-CAM-19,36920.322381061,36920.323368638,36920.358260066,38.3330078125,38.3330078125,0,,0
20295,GF-19-CAM-19,36920.497494118,36920.500622427,36920.540827689,38.3330078125,38.3330078125,0,,0
20297,GF-19-CAM-19,36920.69244004,36920.693742748,36920.72756701,38.3330078125,38.3330078125,0,,0
20299,GF-19-CAM-19,36920.870357563,36920.8717306,36920.915988365,38.3330078125,38.3330078125,0,,0
20301,GF-19-CAM-19,36921.036617892,36921.037090769,36921.083693149,38.3330078125,38.3330078125,0,,0
20303,GF-19-CAM-19,36921.238645788,36921.239324989,36921.305596667,38.3330078125,38.3330078125,0,,0
20305,GF-19-CAM-19,36921.444199101,36921.444939052,36921.502939944,38.3330078125,38.3330078125,0,,0
20307,GF-19-CAM-19,36921.656095938,36921.65665559,36921.704273692,38.3330078125,38.3330078125,0,,0
20309,GF-19-CAM-19,36921.877104699,36921.878488553,36921.924593197,38.3330078125,38.3330078125,0,,0
20311,GF-19-CAM-19,36922.094881427,36922.095599215,36922.130283453,38.3330078125,38.3330078125,0,,0
20313,GF-19-CAM-19,36922.261644304,36922.262279314,36922.298736236,38.3330078125,38.3330078125,0,,0
20315,GF-19-CAM-19,36922.447135305,36922.447830824,36922.504180299,38.3330078125,38.3330078125,0,,0
20317,GF-19-CAM-19,36922.653420561,36922.654287085,36922.689861866,38.3330078125,38.3330078125,0,,0
20319,GF-19-CAM-19,36922.859416347,36922.860295803,36922.900479135,38.3330078125,38.3330078125,0,,0
20321,GF-19-CAM-19,36923.03789933,36923.038381745,36923.083810566,38.3330078125,38.3330078125,0,,0
20323,GF-19-CAM-19,36923.25655164,36923.257322264,36923.316943048,38.3330078125,38.3330078125,0,,0
20325,GF-19-CAM-19,36923.491251234,36923.491944714,36923.531165811,38.3330078125,38.3330078125,0,,0
20327,GF-19-CAM-19,36923.700934784,36923.702068328,36923.743045344,38.3330078125,38.3330078125,0,,0
20329,GF-19-CAM-19,36923.882403203,36923.883054085,36923.926291911,38.3330078125,38.3330078125,0,,0
20331,GF-19-CAM-19,36924.066916182,36924.067614653,36924.115762809,38.3330078125,38.3330078125,0,,0
20333,GF-19-CAM-19,36924.263270283,36924.263739235,36924.306998283,38.3330078125,38.3330078125,0,,0
20335,GF-19-CAM-19,36924.450639381,36924.452559822,36924.492632058,38.3330078125,38.3330078125,0,,0
