frame_idx,camera_id,t_arrival,t_inference_start,t_inference_end,gpu_mem_before_mb,gpu_mem_after_mb,num_persons,avg_confidence,wrist_keypoints
1,FF-34-CAM-4,33544.145652453,33544.153325301,33571.64681469,47.009765625,38.3330078125,0,,0
3,FF-34-CAM-4,33572.687773764,33572.689630619,33572.945855637,38.3330078125,38.3330078125,0,,0
5,FF-34-CAM-4,33573.988652935,33574.000171299,33574.171424643,38.3330078125,38.3330078125,0,,0
7,FF-34-CAM-4,33574.972322764,33574.975274837,33575.139967729,38.3330078125,38.3330078125,0,,0
9,FF-34-CAM-4,33575.965431918,33575.968349619,33576.12693065,38.3330078125,38.3330078125,0,,0
11,FF-34-CAM-4,33577.153947296,33577.155963448,33577.313832687,38.3330078125,38.3330078125,0,,0
13,FF-34-CAM-4,33578.095326343,33578.097744057,33578.244350569,38.3330078125,38.3330078125,0,,0
15,FF-34-CAM-4,33579.08252663,33579.085331066,33579.295983025,38.3330078125,38.3330078125,0,,0
17,FF-34-CAM-4,33580.213736019,33580.221352895,33580.37872415,38.3330078125,38.3330078125,0,,0
19,FF-34-CAM-4,33581.696357007,33581.702126861,33581.871824992,38.3330078125,38.3330078125,0,,0
21,FF-34-CAM-4,33582.859836916,33582.863276604,33582.99410565,38.3330078125,38.3330078125,0,,0
23,FF-34-CAM-4,33583.851288027,33583.85347592,33584.003881279,38.3330078125,38.3330078125,0,,0
25,FF-34-CAM-4,33584.941473349,33584.944523344,33585.102062102,38.3330078125,38.3330078125,0,,0
27,FF-34-CAM-4,33586.039515125,33586.043441117,33586.19969008,38.3330078125,38.3330078125,0,,0
29,FF-34-CAM-4,33587.078924709,33587.080630966,33587.257908974,38.3330078125,38.3330078125,0,,0
31,FF-34-CAM-4,33588.117038673,33588.122499291,33588.233077961,38.3330078125,38.3330078125,0,,0
33,FF-34-CAM-4,33589.302089591,33589.304400671,33589.471369085,38.3330078125,38.3330078125,0,,0
35,FF-34-CAM-4,33590.582264176,33590.587811017,33590.746271408,38.3330078125,38.3330078125,0,,0
37,FF-34-CAM-4,33591.653212967,33591.655622143,33591.799871685,38.3330078125,38.3330078125,0,,0
39,FF-34-CAM-4,33592.670370664,33592.672159117,33592.79204906,38.3330078125,38.3330078125,0,,0
41,FF-34-CAM-4,33593.816672878,33593.820771542,33593.984487522,38.3330078125,38.3330078125,0,,0
43,FF-34-CAM-4,33594.89159146,33594.893851514,33595.013921944,38.3330078125,38.3330078125,0,,0
45,FF-34-CAM-4,33596.060742372,33596.062523323,33596.210944166,38.3330078125,38.3330078125,0,,0
47,FF-34-CAM-4,33597.060415131,33597.063546286,33597.20986592,38.3330078125,38.3330078125,0,,0
49,FF-34-CAM-4,33598.209666198,33598.223593389,33598.429414692,38.3330078125,38.3330078125,0,,0
51,FF-34-CAM-4,33599.261062888,33599.263046284,33599.398971488,38.3330078125,38.3330078125,0,,0
53,FF-34-CAM-4,33600.289907242,33600.296337286,33600.496392233,38.3330078125,38.3330078125,0,,0
71,FF-34-CAM-4,33615.724265094,33615.730729387,33615.843805777,38.33349609375,38.3330078125,0,,0
73,FF-34-CAM-4,33616.604175443,33616.605673049,33616.727797693,38.3330078125,38.3330078125,0,,0
75,FF-34-CAM-4,33617.560339166,33617.562074322,33617.664991255,38.3330078125,38.3330078125,0,,0
77,FF-34-CAM-4,33618.60557848,33618.608135382,33618.750197012,38.3330078125,38.3330078125,0,,0
79,FF-34-CAM-4,33619.790273205,33619.792679541,33619.927040529,38.3330078125,38.3330078125,0,,0
87,FF-34-CAM-4,33623.665968734,33623.669358603,33623.882836571,38.33349609375,38.3330078125,0,,0
97,FF-34-CAM-4,33628.709415898,33628.711303235,33628.801105431,38.33349609375,38.3330078125,0,,0
99,FF-34-CAM-4,33629.588975238,33629.591720854,33629.697428878,38.3330078125,38.3330078125,0,,0
101,FF-34-CAM-4,33630.620749512,33630.622692091,33630.789972178,38.3330078125,38.3330078125,0,,0
103,FF-34-CAM-4,33631.548352537,33631.553044564,33631.730419005,38.3330078125,38.3330078125,0,,0
107,FF-34-CAM-4,33633.818998922,33633.822686055,33633.969295264,38.33349609375,38.3330078125,0,,0
109,FF-34-CAM-4,33634.860462223,33634.862661738,33635.044769691,38.3330078125,38.3330078125,0,,0
111,FF-34-CAM-4,33636.171186729,33636.172927951,33636.287702644,38.3330078125,38.3330078125,0,,0
113,FF-34-CAM-4,33637.128567659,33637.130275436,33637.2577146,38.3330078125,38.3330078125,0,,0
115,FF-34-CAM-4,33638.200795291,33638.203638034,33638.412564587,38.3330078125,38.3330078125,0,,0
117,FF-34-CAM-4,33639.326542889,33639.328546563,33639.439714029,38.3330078125,38.3330078125,0,,0
119,FF-34-CAM-4,33640.381641126,33640.388598508,33640.577612066,38.3330078125,38.3330078125,0,,0
121,FF-34-CAM-4,33641.470166105,33641.471691453,33641.663538103,38.3330078125,38.3330078125,0,,0
123,FF-34-CAM-4,33642.572359382,33642.574805733,33642.717306977,38.3330078125,38.3330078125,0,,0
125,FF-34-CAM-4,33643.491471488,33643.493523276,33643.611446414,38.3330078125,38.3330078125,0,,0
127,FF-34-CAM-4,33644.459576775,33644.461505213,33644.55831129,38.3330078125,38.3330078125,0,,0
129,FF-34-CAM-4,33645.285752195,33645.287703808,33645.408268077,38.3330078125,38.3330078125,0,,0
131,FF-34-CAM-4,33646.213468424,33646.22127102,33646.333873218,38.3330078125,38.3330078125,0,,0
133,FF-34-CAM-4,33647.171829973,33647.173554749,33647.248096579,38.3330078125,38.3330078125,0,,0
135,FF-34-CAM-4,33648.269483115,33648.272653855,33648.379199726,38.3330078125,38.3330078125,0,,0
137,FF-34-CAM-4,33649.177571769,33649.179606117,33649.462107414,38.3330078125,38.3330078125,0,,0
139,FF-34-CAM-4,33650.287721313,33650.290443581,33650.400619267,38.3330078125,38.3330078125,0,,0
141,FF-34-CAM-4,33651.303814476,33651.309661834,33651.4452142,38.3330078125,38.3330078125,0,,0
143,FF-34-CAM-4,33652.297744036,33652.300400248,33652.438571929,38.3330078125,38.3330078125,0,,0
145,FF-34-CAM-4,33653.195853918,33653.197554341,33653.360945976,38.3330078125,38.3330078125,0,,0
147,FF-34-CAM-4,33654.156310533,33654.159372232,33654.290914168,38.3330078125,38.3330078125,0,,0
149,FF-34-CAM-4,33655.049043002,33655.051347093,33655.190609552,38.3330078125,38.3330078125,0,,0
151,FF-34-CAM-4,33655.932223795,33655.933902987,33656.105773813,38.3330078125,38.3330078125,0,,0
153,FF-34-CAM-4,33656.968211434,33656.971097895,33657.118954534,38.3330078125,38.3330078125,0,,0
155,FF-34-CAM-4,33657.924141942,33657.926594691,33658.084499756,38.3330078125,38.3330078125,0,,0
157,FF-34-CAM-4,33658.915551204,33658.917708771,33659.026322927,38.3330078125,38.3330078125,0,,0
159,FF-34-CAM-4,33659.741459059,33659.744953134,33659.870338615,38.3330078125,38.3330078125,0,,0
161,FF-34-CAM-4,33660.712630795,33660.714681176,33660.831374365,38.3330078125,38.3330078125,0,,0
163,FF-34-CAM-4,33661.990626405,33661.993315745,33662.127781862,38.3330078125,38.3330078125,0,,0
165,FF-34-CAM-4,33662.90743262,33662.909481513,33663.026605484,38.3330078125,38.3330078125,0,,0
167,FF-34-CAM-4,33664.042662551,33664.04464269,33664.159776271,38.3330078125,38.3330078125,0,,0
169,FF-34-CAM-4,33665.062755989,33665.06546145,33665.217543501,38.3330078125,38.3330078125,0,,0
171,FF-34-CAM-4,33665.960080471,33665.962177672,33666.113794184,38.3330078125,38.3330078125,0,,0
173,FF-34-CAM-4,33666.980065334,33666.984111638,33667.106191443,38.3330078125,38.3330078125,0,,0
175,FF-34-CAM-4,33667.926354089,33667.928102624,33668.100268171,38.3330078125,38.3330078125,0,,0
177,FF-34-CAM-4,33668.911478022,33668.913110228,33669.066140667,38.3330078125,38.3330078125,0,,0
179,FF-34-CAM-4,33669.938457664,33669.940108409,33670.080585979,38.3330078125,38.3330078125,0,,0
181,FF-34-CAM-4,33670.940847312,33670.943233762,33671.038240218,38.3330078125,38.3330078125,0,,0
183,FF-34-CAM-4,33671.937506839,33671.941379759,33672.145922572,38.3330078125,38.3330078125,0,,0
185,FF-34-CAM-4,33673.077901567,33673.080095281,33673.223152411,38.3330078125,38.3330078125,0,,0
187,FF-34-CAM-4,33674.152987683,33674.155881147,33674.330022784,38.3330078125,38.3330078125,0,,0
189,FF-34-CAM-4,33675.26457632,33675.26660847,33675.38626361,38.3330078125,38.3330078125,0,,0
191,FF-34-CAM-4,33676.229979783,33676.231537734,33676.402891927,38.3330078125,38.3330078125,0,,0
193,FF-34-CAM-4,33677.287939775,33677.294706677,33677.430310116,38.3330078125,38.3330078125,0,,0
195,FF-34-CAM-4,33678.209850991,33678.213580717,33678.287668535,38.3330078125,38.3330078125,0,,0
197,FF-34-CAM-4,33679.099839636,33679.102682776,33679.250953069,38.3330078125,38.3330078125,0,,0
199,FF-34-CAM-4,33680.1905105,33680.196570819,33680.305578175,38.3330078125,38.3330078125,0,,0
201,FF-34-CAM-4,33681.096937484,33681.099338979,33681.20897752,38.3330078125,38.3330078125,0,,0
203,FF-34-CAM-4,33682.047842659,33682.050503107,33682.234813519,38.3330078125,38.3330078125,0,,0
205,FF-34-CAM-4,33683.022106246,33683.025085135,33683.135227255,38.3330078125,38.3330078125,0,,0
207,FF-34-CAM-4,33683.932912341,33683.934552081,33684.083940039,38.3330078125,38.3330078125,0,,0
209,FF-34-CAM-4,33685.012786546,33685.018051206,33685.28426508,38.3330078125,38.3330078125,0,,0
211,FF-34-CAM-4,33686.295943299,33686.298082769,33686.473668207,38.3330078125,38.3330078125,0,,0
213,FF-34-CAM-4,33687.410449454,33687.412431037,33687.505378815,38.3330078125,38.3330078125,0,,0
215,FF-34-CAM-4,33688.262451762,33688.266787196,33688.402746429,38.3330078125,38.3330078125,0,,0
217,FF-34-CAM-4,33689.413958264,33689.416043913,33689.527643631,38.3330078125,38.3330078125,0,,0
219,FF-34-CAM-4,33690.44631796,33690.448583128,33690.599946525,38.3330078125,38.3330078125,0,,0
221,FF-34-CAM-4,33691.474479364,33691.476533691,33691.656271017,38.3330078125,38.3330078125,0,,0
223,FF-34-CAM-4,33692.58623689,33692.591584245,33692.833308668,38.3330078125,38.3330078125,0,,0
225,FF-34-CAM-4,33693.930890997,33693.936056903,33694.085287993,38.3330078125,38.3330078125,0,,0
227,FF-34-CAM-4,33695.068757571,33695.07287332,33695.255535902,38.3330078125,38.3330078125,0,,0
229,FF-34-CAM-4,33696.173537705,33696.174983013,33696.248186499,38.3330078125,38.3330078125,0,,0
231,FF-34-CAM-4,33697.250497492,33697.253682194,33697.376093806,38.3330078125,38.3330078125,0,,0
233,FF-34-CAM-4,33698.246225481,33698.248905118,33698.395167857,38.3330078125,38.3330078125,0,,0
235,FF-34-CAM-4,33699.264534185,33699.271334539,33699.461024592,38.3330078125,38.3330078125,0,,0
237,FF-34-CAM-4,33700.294823326,33700.297585195,33700.454262255,38.3330078125,38.3330078125,0,,0
239,FF-34-CAM-4,33701.284460824,33701.287509101,33701.433549148,38.3330078125,38.3330078125,0,,0
241,FF-34-CAM-4,33702.426180978,33702.430356972,33702.595142396,38.3330078125,38.3330078125,0,,0
243,FF-34-CAM-4,33703.505806561,33703.50922536,33703.62209489,38.3330078125,38.3330078125,0,,0
245,FF-34-CAM-4,33704.599747893,33704.602669792,33704.748723323,38.3330078125,38.3330078125,0,,0
247,FF-34-CAM-4,33705.648389359,33705.651985434,33705.805308407,38.3330078125,38.3330078125,0,,0
249,FF-34-CAM-4,33706.620763641,33706.623338084,33706.756318186,38.3330078125,38.3330078125,0,,0
251,FF-34-CAM-4,33707.684699054,33707.687828547,33707.792145092,38.3330078125,38.3330078125,0,,0
253,FF-34-CAM-4,33708.445922658,33708.447687513,33708.672375741,38.3330078125,38.3330078125,0,,0
255,FF-34-CAM-4,33709.764776565,33709.773082695,33709.964038876,38.3330078125,38.3330078125,0,,0
257,FF-34-CAM-4,33710.824720429,33710.826887978,33710.967901245,38.3330078125,38.3330078125,0,,0
259,FF-34-CAM-4,33711.825701532,33711.831021101,33712.038826984,38.3330078125,38.3330078125,0,,0
261,FF-34-CAM-4,33713.117558622,33713.119117575,33713.290933179,38.3330078125,38.3330078125,0,,0
263,FF-34-CAM-4,33714.218382754,33714.221193115,33714.320439795,38.3330078125,38.3330078125,0,,0
265,FF-34-CAM-4,33715.112571205,33715.114930061,33715.25539333,38.3330078125,38.3330078125,0,,0
267,FF-34-CAM-4,33716.015806033,33716.018927342,33716.118849731,38.3330078125,38.3330078125,0,,0
269,FF-34-CAM-4,33716.873982466,33716.876940909,33717.047772914,38.3330078125,38.3330078125,0,,0
271,FF-34-CAM-4,33717.844347649,33717.849699577,33718.115109003,38.3330078125,38.3330078125,0,,0
273,FF-34-CAM-4,33718.980667813,33718.98685081,33719.113806404,38.3330078125,38.3330078125,0,,0
275,FF-34-CAM-4,33719.947588995,33719.952150865,33720.168298052,38.3330078125,38.3330078125,0,,0
277,FF-34-CAM-4,33721.15042286,33721.154898249,33721.331625167,38.3330078125,38.3330078125,0,,0
279,FF-34-CAM-4,33722.231296157,33722.240868546,33722.377539608,38.3330078125,38.3330078125,0,,0
281,FF-34-CAM-4,33723.221616384,33723.224629037,33723.396021089,38.3330078125,38.3330078125,0,,0
283,FF-34-CAM-4,33724.299573571,33724.301878129,33724.475947605,38.3330078125,38.3330078125,0,,0
285,FF-34-CAM-4,33725.210534976,33725.211987346,33725.370772081,38.3330078125,38.3330078125,0,,0
287,FF-34-CAM-4,33726.373631517,33726.376936066,33726.550345761,38.3330078125,38.3330078125,0,,0
289,FF-34-CAM-4,33727.444292427,33727.445893274,33727.564284878,38.3330078125,38.3330078125,0,,0
293,FF-34-CAM-4,33729.930358815,33729.934159763,33730.125670118,38.33349609375,38.3330078125,0,,0
295,FF-34-CAM-4,33730.938125633,33730.939858044,33731.084397737,38.3330078125,38.3330078125,0,,0
299,FF-34-CAM-4,33732.967474889,33732.970083996,33733.163088976,38.33349609375,38.3330078125,0,,0
301,FF-34-CAM-4,33733.998410949,33734.001392628,33734.170258808,38.3330078125,38.3330078125,0,,0
303,FF-34-CAM-4,33735.088295642,33735.090397559,33735.236014935,38.3330078125,38.3330078125,0,,0
305,FF-34-CAM-4,33738.000614693,33738.006137926,33738.216504936,38.3330078125,38.3330078125,0,,0
307,FF-34-CAM-4,33739.100162428,33739.103034697,33739.272267028,38.3330078125,38.3330078125,0,,0
309,FF-34-CAM-4,33740.107528207,33740.109669391,33740.353886575,38.3330078125,38.3330078125,0,,0
311,FF-34-CAM-4,33741.410665011,33741.412637421,33741.599328491,38.3330078125,38.3330078125,0,,0
313,FF-34-CAM-4,33742.454056001,33742.457104015,33742.673265695,38.3330078125,38.3330078125,0,,0
315,FF-34-CAM-4,33743.540010573,33743.541982983,33743.653328136,38.3330078125,38.3330078125,0,,0
317,FF-34-CAM-4,33744.562449584,33744.578747506,33744.799170741,38.3330078125,38.3330078125,0,,0
321,FF-34-CAM-4,33746.700274989,33746.705859929,33746.809866988,38.33349609375,38.3330078125,0,,0
323,FF-34-CAM-4,33747.618764775,33747.620849716,33747.823338909,38.3330078125,38.3330078125,0,,0
325,FF-34-CAM-4,33748.853537357,33748.857218483,33749.052747344,38.3330078125,38.3330078125,0,,0
327,FF-34-CAM-4,33750.018080245,33750.020154102,33750.210771088,38.3330078125,38.3330078125,0,,0
329,FF-34-CAM-4,33751.024603412,33751.02749947,33751.143764533,38.3330078125,38.3330078125,0,,0
331,FF-34-CAM-4,33752.383091187,33752.391483989,33752.57794883,38.3330078125,38.3330078125,0,,0
333,FF-34-CAM-4,33753.403730172,33753.40579879,33753.497410684,38.3330078125,38.3330078125,0,,0
335,FF-34-CAM-4,33754.343483859,33754.347096,33754.460969085,38.3330078125,38.3330078125,0,,0
337,FF-34-CAM-4,33755.304438482,33755.307487687,33755.497316519,38.3330078125,38.3330078125,0,,0
339,FF-34-CAM-4,33756.310789099,33756.313164896,33756.472329205,38.3330078125,38.3330078125,0,,0
341,FF-34-CAM-4,33757.36417007,33757.366776877,33757.506297724,38.3330078125,38.3330078125,0,,0
343,FF-34-CAM-4,33758.394750628,33758.397681374,33758.552746613,38.3330078125,38.3330078125,0,,0
345,FF-34-CAM-4,33759.613900132,33759.616843914,33759.790632037,38.3330078125,38.3330078125,0,,0
347,FF-34-CAM-4,33760.789315084,33760.792316479,33760.957053078,38.3330078125,38.3330078125,0,,0
349,FF-34-CAM-4,33761.944108891,33761.945577446,33762.076648702,38.3330078125,38.3330078125,0,,0
351,FF-34-CAM-4,33763.003477544,33763.006198786,33763.139158525,38.3330078125,38.3330078125,0,,0
353,FF-34-CAM-4,33764.00387944,33764.006816502,33764.169470896,38.3330078125,38.3330078125,0,,0
355,FF-34-CAM-4,33765.019353357,33765.020820947,33765.16674614,38.3330078125,38.3330078125,0,,0
357,FF-34-CAM-4,33766.228468827,33766.230965155,33766.366333978,38.3330078125,38.3330078125,0,,0
359,FF-34-CAM-4,33767.253935336,33767.275188258,33767.4193112,38.3330078125,38.3330078125,0,,0
361,FF-34-CAM-4,33768.839588668,33768.846637789,33769.004300683,38.3330078125,38.3330078125,0,,0
363,FF-34-CAM-4,33769.893171675,33769.896911966,33770.075464947,38.3330078125,38.3330078125,0,,0
365,FF-34-CAM-4,33770.958329867,33770.961128132,33771.071056721,38.3330078125,38.3330078125,0,,0
367,FF-34-CAM-4,33771.974154989,33771.976815034,33772.170792987,38.3330078125,38.3330078125,0,,0
369,FF-34-CAM-4,33773.055772124,33773.057510253,33773.204081975,38.3330078125,38.3330078125,0,,0
371,FF-34-CAM-4,33774.179679885,33774.18227807,33774.385825937,38.3330078125,38.3330078125,0,,0
373,FF-34-CAM-4,33775.265452379,33775.267364801,33775.439113645,38.3330078125,38.3330078125,0,,0
375,FF-34-CAM-4,33776.250628322,33776.252291738,33776.431450132,38.3330078125,38.3330078125,0,,0
377,FF-34-CAM-4,33777.31799423,33777.320906658,33777.420539245,38.3330078125,38.3330078125,0,,0
379,FF-34-CAM-4,33778.291783064,33778.308108156,33778.467605652,38.3330078125,38.3330078125,0,,0
381,FF-34-CAM-4,33779.400407173,33779.40361703,33779.521899979,38.3330078125,38.3330078125,0,,0
383,FF-34-CAM-4,33780.372049883,33780.377327858,33780.537609435,38.3330078125,38.3330078125,0,,0
385,FF-34-CAM-4,33781.338120533,33781.341979224,33781.554367414,38.3330078125,38.3330078125,0,,0
387,FF-34-CAM-4,33782.51401327,33782.517385811,33782.669843449,38.3330078125,38.3330078125,0,,0
389,FF-34-CAM-4,33783.63947919,33783.641253013,33783.763849714,38.3330078125,38.3330078125,0,,0
391,FF-34-CAM-4,33784.635509573,33784.637552511,33784.809270227,38.3330078125,38.3330078125,0,,0
393,FF-34-CAM-4,33785.599746856,33785.603137202,33785.730169551,38.3330078125,38.3330078125,0,,0
395,FF-34-CAM-4,33786.550350921,33786.552142153,33786.694394231,38.3330078125,38.3330078125,0,,0
397,FF-34-CAM-4,33787.738486385,33787.742186256,33787.883139821,38.3330078125,38.3330078125,0,,0
399,FF-34-CAM-4,33788.736371508,33788.741516797,33788.868887729,38.3330078125,38.3330078125,0,,0
401,FF-34-CAM-4,33789.773441535,33789.775099435,33789.928347928,38.3330078125,38.3330078125,0,,0
403,FF-34-CAM-4,33790.735418019,33790.73681138,33790.840521839,38.3330078125,38.3330078125,0,,0
405,FF-34-CAM-4,33791.603095183,33791.605162882,33791.78327728,38.3330078125,38.3330078125,0,,0
407,FF-34-CAM-4,33792.740303144,33792.743247771,33792.85751038,38.3330078125,38.3330078125,0,,0
415,FF-34-CAM-4,33797.429094467,33797.431381256,33797.552991173,38.33349609375,38.3330078125,0,,0
417,FF-34-CAM-4,33798.406754971,33798.409489234,33798.609608184,38.3330078125,38.3330078125,0,,0
421,FF-34-CAM-4,33801.072598947,33801.074627265,33801.24229217,38.33349609375,38.3330078125,0,,0
423,FF-34-CAM-4,33802.122888806,33802.125620367,33802.237948227,38.3330078125,38.3330078125,0,,0
425,FF-34-CAM-4,33803.117974316,33803.120919887,33803.237919416,38.3330078125,38.3330078125,0,,0
427,FF-34-CAM-4,33804.123820981,33804.127477554,33804.252487421,38.3330078125,38.3330078125,0,,0
429,FF-34-CAM-4,33805.188166601,33805.190492092,33805.380898263,38.3330078125,38.3330078125,0,,0
431,FF-34-CAM-4,33806.378328239,33806.381362134,33806.495952631,38.3330078125,38.3330078125,0,,0
433,FF-34-CAM-4,33807.5226485,33807.526999743,33807.718466379,38.3330078125,38.3330078125,0,,0
435,FF-34-CAM-4,33808.780716662,33808.783712177,33808.917156934,38.3330078125,38.3330078125,0,,0
437,FF-34-CAM-4,33809.891991336,33809.895183527,33810.045186029,38.3330078125,38.3330078125,0,,0
439,FF-34-CAM-4,33811.004538472,33811.008342093,33811.259771932,38.3330078125,38.3330078125,0,,0
441,FF-34-CAM-4,33812.16056309,33812.168596068,33812.306180081,38.3330078125,38.3330078125,0,,0
443,FF-34-CAM-4,33813.25452609,33813.257989098,33813.447536505,38.3330078125,38.3330078125,0,,0
445,FF-34-CAM-4,33814.44669641,33814.453215679,33814.617507071,38.3330078125,38.3330078125,0,,0
447,FF-34-CAM-4,33815.83592753,33815.843479683,33816.058991136,38.3330078125,38.3330078125,0,,0
449,FF-34-CAM-4,33817.051904627,33817.054054984,33817.174204133,38.3330078125,38.3330078125,0,,0
453,FF-34-CAM-4,33819.027821088,33819.030792171,33819.245518582,38.33349609375,38.3330078125,0,,0
457,FF-34-CAM-4,33821.329121835,33821.332982858,33821.431686876,38.33349609375,38.3330078125,0,,0
459,FF-34-CAM-4,33822.348023181,33822.353484992,33822.617234805,38.3330078125,38.3330078125,0,,0
461,FF-34-CAM-4,33823.408360046,33823.410375474,33823.543360848,38.3330078125,38.3330078125,0,,0
463,FF-34-CAM-4,33824.477375468,33824.481487458,33824.671795444,38.3330078125,38.3330078125,0,,0
465,FF-34-CAM-4,33825.622736689,33825.625532629,33825.801487368,38.3330078125,38.3330078125,0,,0
467,FF-34-CAM-4,33826.738229125,33826.74176543,33826.961883126,38.3330078125,38.3330078125,0,,0
469,FF-34-CAM-4,33827.850391571,33827.852434898,33828.000512252,38.3330078125,38.3330078125,0,,0
471,FF-34-CAM-4,33828.911841128,33828.914199108,33829.027831735,38.3330078125,38.3330078125,0,,0
473,FF-34-CAM-4,33829.954537694,33829.957567536,33830.090256699,38.3330078125,38.3330078125,0,,0
475,FF-34-CAM-4,33831.085682063,33831.087668454,33831.225452967,38.3330078125,38.3330078125,0,,0
477,FF-34-CAM-4,33832.139545708,33832.141282349,33832.303843393,38.3330078125,38.3330078125,0,,0
491,FF-34-CAM-4,33840.148408767,33840.150721474,33840.310532223,38.33349609375,38.3330078125,0,,0
495,FF-34-CAM-4,33842.439621263,33842.44130561,33842.520111997,38.33349609375,38.3330078125,0,,0
497,FF-34-CAM-4,33843.648334271,33843.650262573,33843.771978489,38.3330078125,38.3330078125,0,,0
499,FF-34-CAM-4,33844.679565549,33844.682539166,33844.833521734,38.3330078125,38.3330078125,0,,0
501,FF-34-CAM-4,33845.856881991,33845.862579573,33845.981765068,38.3330078125,38.3330078125,0,,0
503,FF-34-CAM-4,33846.912872712,33846.915151596,33847.104730847,38.3330078125,38.3330078125,0,,0
505,FF-34-CAM-4,33847.878837511,33847.880794444,33848.006057295,38.3330078125,38.3330078125,0,,0
507,FF-34-CAM-4,33848.88944893,33848.893125374,33849.047799103,38.3330078125,38.3330078125,0,,0
509,FF-34-CAM-4,33850.052765966,33850.05535999,33850.215746902,38.3330078125,38.3330078125,0,,0
511,FF-34-CAM-4,33851.232806517,33851.235342435,33851.409486873,38.3330078125,38.3330078125,0,,0
513,FF-34-CAM-4,33852.387921478,33852.390993956,33852.554956467,38.3330078125,38.3330078125,0,,0
515,FF-34-CAM-4,33853.501889569,33853.503298461,33853.698689024,38.3330078125,38.3330078125,0,,0
517,FF-34-CAM-4,33854.796995286,33854.799769856,33854.940804775,38.3330078125,38.3330078125,0,,0
519,FF-34-CAM-4,33856.000317057,33856.009565512,33856.17854033,38.3330078125,38.3330078125,0,,0
521,FF-34-CAM-4,33857.292766153,33857.298013882,33857.630765522,38.3330078125,38.3330078125,0,,0
523,FF-34-CAM-4,33858.488829986,33858.491459713,33858.630499749,38.3330078125,38.3330078125,0,,0
525,FF-34-CAM-4,33859.528148353,33859.536576305,33859.705733166,38.3330078125,38.3330078125,0,,0
527,FF-34-CAM-4,33860.729166603,33860.734745938,33860.8659094,38.3330078125,38.3330078125,0,,0
529,FF-34-CAM-4,33861.878990886,33861.885076298,33862.05907503,38.3330078125,38.3330078125,0,,0
531,FF-34-CAM-4,33863.057088244,33863.059462037,33863.176195296,38.3330078125,38.3330078125,0,,0
533,FF-34-CAM-4,33864.376234287,33864.379856462,33864.532142064,38.3330078125,38.3330078125,0,,0
535,FF-34-CAM-4,33865.337590171,33865.34222954,33865.568241965,38.3330078125,38.3330078125,0,,0
537,FF-34-CAM-4,33866.610586399,33866.613250208,33866.860938315,38.3330078125,38.3330078125,0,,0
539,FF-34-CAM-4,33867.833652228,33867.835486646,33867.963629838,38.3330078125,38.3330078125,0,,0
541,FF-34-CAM-4,33868.763758326,33868.767227622,33868.909674423,38.3330078125,38.3330078125,0,,0
543,FF-34-CAM-4,33869.676965797,33869.68004069,33869.830326175,38.3330078125,38.3330078125,0,,0
545,FF-34-CAM-4,33870.741598823,33870.742919835,33870.93082866,38.3330078125,38.3330078125,0,,0
547,FF-34-CAM-4,33871.969346257,33871.974302402,33872.15533398,38.3330078125,38.3330078125,0,,0
549,FF-34-CAM-4,33873.270729644,33873.27342126,33873.430525295,38.3330078125,38.3330078125,0,,0
551,FF-34-CAM-4,33874.300599838,33874.305388601,33874.437977135,38.3330078125,38.3330078125,0,,0
553,FF-34-CAM-4,33875.349668125,33875.352366492,33875.530295509,38.3330078125,38.3330078125,0,,0
555,FF-34-CAM-4,33876.689069159,33876.692100798,33876.861419571,38.3330078125,38.3330078125,0,,0
557,FF-34-CAM-4,33877.807281352,33877.811023336,33877.94883378,38.3330078125,38.3330078125,0,,0
559,FF-34-CAM-4,33878.933218514,33878.944088679,33879.094625015,38.3330078125,38.3330078125,0,,0
561,FF-34-CAM-4,33880.098771706,33880.101710776,33880.229613407,38.3330078125,38.3330078125,0,,0
563,FF-34-CAM-4,33881.350272705,33881.352105161,33881.433067087,38.3330078125,38.3330078125,0,,0
565,FF-34-CAM-4,33882.282746629,33882.284278984,33882.542591672,38.3330078125,38.3330078125,0,,0
567,FF-34-CAM-4,33883.617643307,33883.622283984,33883.894108562,38.3330078125,38.3330078125,0,,0
569,FF-34-CAM-4,33884.683544308,33884.685180319,33884.887638929,38.3330078125,38.3330078125,0,,0
571,FF-34-CAM-4,33886.035448576,33886.038973332,33886.202766369,38.3330078125,38.3330078125,0,,0
573,FF-34-CAM-4,33887.221550409,33887.238385089,33887.423250311,38.3330078125,38.3330078125,0,,0
575,FF-34-CAM-4,33888.503375548,33888.507107774,33888.770426863,38.3330078125,38.3330078125,0,,0
577,FF-34-CAM-4,33889.673234039,33889.676694164,33889.948995432,38.3330078125,38.3330078125,0,,0
579,FF-34-CAM-4,33890.885468821,33890.886869511,33891.166363933,38.3330078125,38.3330078125,0,,0
581,FF-34-CAM-4,33892.098843199,33892.101962251,33892.265506704,38.3330078125,38.3330078125,0,,0
583,FF-34-CAM-4,33893.393272546,33893.396823624,33893.517215955,38.3330078125,38.3330078125,0,,0
585,FF-34-CAM-4,33894.410327146,33894.413136693,33894.660955953,38.3330078125,38.3330078125,0,,0
587,FF-34-CAM-4,33895.403071163,33895.409880064,33895.588435402,38.3330078125,38.3330078125,0,,0
589,FF-34-CAM-4,33896.384676609,33896.386710677,33896.581156383,38.3330078125,38.3330078125,0,,0
591,FF-34-CAM-4,33897.551879151,33897.554058419,33897.752482441,38.3330078125,38.3330078125,0,,0
593,FF-34-CAM-4,33898.758949676,33898.761330831,33899.042333194,38.3330078125,38.3330078125,0,,0
595,FF-34-CAM-4,33900.050343138,33900.055849335,33900.259650602,38.3330078125,38.3330078125,0,,0
597,FF-34-CAM-4,33901.427949762,33901.432074612,33901.69182521,38.3330078125,38.3330078125,0,,0
599,FF-34-CAM-4,33902.666143617,33902.669712139,33902.868398513,38.3330078125,38.3330078125,0,,0
601,FF-34-CAM-4,33903.641219909,33903.64808946,33903.865874262,38.3330078125,38.3330078125,0,,0
603,FF-34-CAM-4,33904.690259498,33904.692781327,33904.839575799,38.3330078125,38.3330078125,0,,0
605,FF-34-CAM-4,33905.850352988,33905.852680182,33906.076685391,38.3330078125,38.3330078125,0,,0
607,FF-34-CAM-4,33907.346925889,33907.349356675,33907.705325721,38.3330078125,38.3330078125,0,,0
609,FF-34-CAM-4,33908.589372681,33908.592079108,33908.721202113,38.3330078125,38.3330078125,0,,0
611,FF-34-CAM-4,33909.588092206,33909.590731013,33909.700180905,38.3330078125,38.3330078125,0,,0
613,FF-34-CAM-4,33910.553558886,33910.555155865,33910.7328004,38.3330078125,38.3330078125,0,,0
615,FF-34-CAM-4,33911.715055741,33911.717988685,33911.902721364,38.3330078125,38.3330078125,0,,0
617,FF-34-CAM-4,33912.656111653,33912.658355549,33912.798993653,38.3330078125,38.3330078125,0,,0
619,FF-34-CAM-4,33913.660769161,33913.663602149,33913.784671712,38.3330078125,38.3330078125,0,,0
621,FF-34-CAM-4,33914.365693542,33914.367890935,33914.525561007,38.3330078125,38.3330078125,0,,0
623,FF-34-CAM-4,33915.242381036,33915.246515426,33915.380490633,38.3330078125,38.3330078125,0,,0
625,FF-34-CAM-4,33916.273396101,33916.28180509,33916.419782229,38.3330078125,38.3330078125,0,,0
627,FF-34-CAM-4,33917.033433881,33917.035737841,33917.198042914,38.3330078125,38.3330078125,0,,0
629,FF-34-CAM-4,33917.872826782,33917.874178815,33917.96423434,38.3330078125,38.3330078125,0,,0
631,FF-34-CAM-4,33918.579640624,33918.581377326,33918.736550874,38.3330078125,38.3330078125,0,,0
633,FF-34-CAM-4,33919.345443676,33919.346581698,33919.518369186,38.3330078125,38.3330078125,0,,0
635,FF-34-CAM-4,33920.283135922,33920.2855759,33920.389507535,38.3330078125,38.3330078125,0,,0
637,FF-34-CAM-4,33921.437928951,33921.44170528,33921.656935575,38.3330078125,38.3330078125,0,,0
639,FF-34-CAM-4,33922.48156135,33922.486230779,33922.595121706,38.3330078125,38.3330078125,0,,0
641,FF-34-CAM-4,33923.399338362,33923.401859509,33923.558946542,38.3330078125,38.3330078125,0,,0
643,FF-34-CAM-4,33924.527332242,33924.531599831,33924.708603363,38.3330078125,38.3330078125,0,,0
645,FF-34-CAM-4,33925.552850989,33925.554215697,33925.685720154,38.3330078125,38.3330078125,0,,0
647,FF-34-CAM-4,33926.551390889,33926.554091986,33926.638038793,38.3330078125,38.3330078125,0,,0
649,FF-34-CAM-4,33927.375223846,33927.380792096,33927.489605134,38.3330078125,38.3330078125,0,,0
651,FF-34-CAM-4,33928.283243937,33928.28566051,33928.52185696,38.3330078125,38.3330078125,0,,0
653,FF-34-CAM-4,33929.311743004,33929.313248116,33929.47858614,38.3330078125,38.3330078125,0,,0
655,FF-34-CAM-4,33930.394667379,33930.400855856,33930.638947785,38.3330078125,38.3330078125,0,,0
657,FF-34-CAM-4,33931.804761674,33931.807562388,33931.88754604,38.3330078125,38.3330078125,0,,0
659,FF-34-CAM-4,33932.900148085,33932.901460933,33933.184583791,38.3330078125,38.3330078125,0,,0
661,FF-34-CAM-4,33933.915717647,33933.917772076,33934.048690606,38.3330078125,38.3330078125,0,,0
663,FF-34-CAM-4,33934.920877145,33934.922456419,33935.032640448,38.3330078125,38.3330078125,0,,0
665,FF-34-CAM-4,33935.964779829,33935.96757949,33936.093235248,38.3330078125,38.3330078125,0,,0
667,FF-34-CAM-4,33936.877563697,33936.878990566,33937.010973025,38.3330078125,38.3330078125,0,,0
669,FF-34-CAM-4,33937.760655667,33937.767671873,33937.989538455,38.3330078125,38.3330078125,0,,0
671,FF-34-CAM-4,33938.894086421,33938.896323939,33939.069112426,38.3330078125,38.3330078125,0,,0
673,FF-34-CAM-4,33940.025222238,33940.027192941,33940.230724692,38.3330078125,38.3330078125,0,,0
675,FF-34-CAM-4,33941.037394309,33941.038992044,33941.136628767,38.3330078125,38.3330078125,0,,0
677,FF-34-CAM-4,33942.024092837,33942.025483696,33942.143635822,38.3330078125,38.3330078125,0,,0
679,FF-34-CAM-4,33943.047149729,33943.049779379,33943.192065728,38.3330078125,38.3330078125,0,,0
681,FF-34-CAM-4,33943.962356392,33943.965773263,33944.191194399,38.3330078125,38.3330078125,0,,0
683,FF-34-CAM-4,33945.0061501,33945.008189972,33945.102101815,38.3330078125,38.3330078125,0,,0
685,FF-34-CAM-4,33946.05289602,33946.058409201,33946.192162269,38.3330078125,38.3330078125,0,,0
687,FF-34-CAM-4,33947.39494101,33947.400354745,33947.580588376,38.3330078125,38.3330078125,0,,0
689,FF-34-CAM-4,33948.389574161,33948.390979192,33948.547442681,38.3330078125,38.3330078125,0,,0
691,FF-34-CAM-4,33949.476616849,33949.484468916,33949.75045475,38.3330078125,38.3330078125,0,,0
693,FF-34-CAM-4,33950.500119319,33950.502952177,33950.685833848,38.3330078125,38.3330078125,0,,0
695,FF-34-CAM-4,33951.457336199,33951.460246821,33951.600138199,38.3330078125,38.3330078125,0,,0
697,FF-34-CAM-4,33952.440882408,33952.449762727,33952.589726876,38.3330078125,38.3330078125,0,,0
699,FF-34-CAM-4,33953.318105446,33953.319598696,33953.566134506,38.3330078125,38.3330078125,0,,0
701,FF-34-CAM-4,33954.367940847,33954.370639378,33954.539910409,38.3330078125,38.3330078125,0,,0
703,FF-34-CAM-4,33955.254462302,33955.257024225,33955.477609597,38.3330078125,38.3330078125,0,,0
705,FF-34-CAM-4,33956.284548845,33956.286861267,33956.413024514,38.3330078125,38.3330078125,0,,0
707,FF-34-CAM-4,33957.290370197,33957.294434866,33957.46772295,38.3330078125,38.3330078125,0,,0
709,FF-34-CAM-4,33958.402874146,33958.41158708,33958.519974889,38.3330078125,38.3330078125,0,,0
711,FF-34-CAM-4,33959.347018016,33959.363884639,33959.453683141,38.3330078125,38.3330078125,0,,0
713,FF-34-CAM-4,33960.327163244,33960.330854985,33960.519490439,38.3330078125,38.3330078125,0,,0
715,FF-34-CAM-4,33961.395783909,33961.399637114,33961.514836016,38.3330078125,38.3330078125,0,,0
717,FF-34-CAM-4,33962.546358378,33962.547841605,33962.66341748,38.3330078125,38.3330078125,0,,0
719,FF-34-CAM-4,33963.587455608,33963.590405604,33963.790531831,38.3330078125,38.3330078125,0,,0
721,FF-34-CAM-4,33964.607557477,33964.609439775,33964.734052207,38.3330078125,38.3330078125,0,,0
723,FF-34-CAM-4,33965.800603611,33965.802929329,33965.93897286,38.3330078125,38.3330078125,0,,0
725,FF-34-CAM-4,33966.69578251,33966.702629976,33966.852612647,38.3330078125,38.3330078125,0,,0
727,FF-34-CAM-4,33967.614982208,33967.620320499,33967.710190634,38.3330078125,38.3330078125,0,,0
729,FF-34-CAM-4,33968.596191436,33968.597558371,33968.72329384,38.3330078125,38.3330078125,0,,0
731,FF-34-CAM-4,33969.485657964,33969.487391183,33969.702787044,38.3330078125,38.3330078125,0,,0
733,FF-34-CAM-4,33970.588435381,33970.59033974,33970.721386178,38.3330078125,38.3330078125,0,,0
735,FF-34-CAM-4,33971.55961678,33971.561475837,33971.703482124,38.3330078125,38.3330078125,0,,0
737,FF-34-CAM-4,33972.679044213,33972.683139003,33972.957547824,38.3330078125,38.3330078125,0,,0
739,FF-34-CAM-4,33973.893574911,33973.896318728,33974.098064087,38.3330078125,38.3330078125,0,,0
741,FF-34-CAM-4,33975.164330663,33975.167363101,33975.269826441,38.3330078125,38.3330078125,0,,0
743,FF-34-CAM-4,33976.088716896,33976.091251432,33976.260242862,38.3330078125,38.3330078125,0,,0
745,FF-34-CAM-4,33977.090947896,33977.092824678,33977.186013742,38.3330078125,38.3330078125,0,,0
747,FF-34-CAM-4,33978.079137697,33978.081971296,33978.217136732,38.3330078125,38.3330078125,0,,0
749,FF-34-CAM-4,33979.039643814,33979.04211096,33979.144214173,38.3330078125,38.3330078125,0,,0
751,FF-34-CAM-4,33980.014556569,33980.016531677,33980.298890825,38.3330078125,38.3330078125,0,,0
753,FF-34-CAM-4,33981.15827293,33981.159897897,33981.355914647,38.3330078125,38.3330078125,0,,0
755,FF-34-CAM-4,33982.159619062,33982.161238264,33982.255064017,38.3330078125,38.3330078125,0,,0
757,FF-34-CAM-4,33983.055423773,33983.057054999,33983.2232618,38.3330078125,38.3330078125,0,,0
759,FF-34-CAM-4,33984.157997839,33984.161545724,33984.312485156,38.3330078125,38.3330078125,0,,0
761,FF-34-CAM-4,33985.050867801,33985.054700107,33985.159493813,38.3330078125,38.3330078125,0,,0
763,FF-34-CAM-4,33985.979819457,33985.982294273,33986.099477864,38.3330078125,38.3330078125,0,,0
765,FF-34-CAM-4,33986.871896878,33986.875554158,33987.074768857,38.3330078125,38.3330078125,0,,0
767,FF-34-CAM-4,33987.78846906,33987.791860056,33987.912446482,38.3330078125,38.3330078125,0,,0
769,FF-34-CAM-4,33988.799057297,33988.801216917,33988.924064388,38.3330078125,38.3330078125,0,,0
771,FF-34-CAM-4,33990.003850719,33990.010331576,33990.308876741,38.3330078125,38.3330078125,0,,0
773,FF-34-CAM-4,33991.215223783,33991.229643199,33991.3524815,38.3330078125,38.3330078125,0,,0
775,FF-34-CAM-4,33992.148784498,33992.151147864,33992.303458026,38.3330078125,38.3330078125,0,,0
777,FF-34-CAM-4,33993.372495814,33993.374374161,33993.462822522,38.3330078125,38.3330078125,0,,0
779,FF-34-CAM-4,33994.220894803,33994.223128135,33994.381413926,38.3330078125,38.3330078125,0,,0
781,FF-34-CAM-4,33995.113997827,33995.117139815,33995.212971282,38.3330078125,38.3330078125,0,,0
783,FF-34-CAM-4,33996.037350825,33996.040423924,33996.183632717,38.3330078125,38.3330078125,0,,0
785,FF-34-CAM-4,33997.140626624,33997.144703335,33997.311099861,38.3330078125,38.3330078125,0,,0
787,FF-34-CAM-4,33998.265996897,33998.271664074,33998.441066918,38.3330078125,38.3330078125,0,,0
789,FF-34-CAM-4,33999.385975342,33999.387982689,33999.574494566,38.3330078125,38.3330078125,0,,0
791,FF-34-CAM-4,34000.289341214,34000.290405017,34000.414167541,38.3330078125,38.3330078125,0,,0
793,FF-34-CAM-4,34001.197534908,34001.200866949,34001.371854147,38.3330078125,38.3330078125,0,,0
795,FF-34-CAM-4,34002.442850168,34002.446737915,34002.631307992,38.3330078125,38.3330078125,0,,0
797,FF-34-CAM-4,34003.388768292,34003.390841489,34003.521083248,38.3330078125,38.3330078125,0,,0
799,FF-34-CAM-4,34004.471864246,34004.474187807,34004.624560704,38.3330078125,38.3330078125,0,,0
801,FF-34-CAM-4,34005.422841426,34005.4274916,34005.682918752,38.3330078125,38.3330078125,0,,0
803,FF-34-CAM-4,34006.61332248,34006.616187276,34006.690334113,38.3330078125,38.3330078125,0,,0
805,FF-34-CAM-4,34007.4038461,34007.405801454,34007.504321464,38.3330078125,38.3330078125,0,,0
807,FF-34-CAM-4,34008.251767107,34008.255804716,34008.392405071,38.3330078125,38.3330078125,0,,0
809,FF-34-CAM-4,34009.191881481,34009.195063055,34009.38387933,38.3330078125,38.3330078125,0,,0
811,FF-34-CAM-4,34010.175396972,34010.177508146,34010.368281172,38.3330078125,38.3330078125,0,,0
813,FF-34-CAM-4,34011.238517064,34011.24012865,34011.342242652,38.3330078125,38.3330078125,0,,0
815,FF-34-CAM-4,34012.275657173,34012.280715491,34012.419792766,38.3330078125,38.3330078125,0,,0
817,FF-34-CAM-4,34013.47383743,34013.476875641,34013.5651998,38.3330078125,38.3330078125,0,,0
819,FF-34-CAM-4,34014.428947157,34014.431572114,34014.554798639,38.3330078125,38.3330078125,0,,0
821,FF-34-CAM-4,34015.294532742,34015.297181518,34015.451679251,38.3330078125,38.3330078125,0,,0
823,FF-34-CAM-4,34016.23876198,34016.241940803,34016.39656418,38.3330078125,38.3330078125,0,,0
825,FF-34-CAM-4,34017.183057407,34017.185696884,34017.307487565,38.3330078125,38.3330078125,0,,0
827,FF-34-CAM-4,34018.240501204,34018.243452134,34018.381637061,38.3330078125,38.3330078125,0,,0
833,FF-34-CAM-4,34021.659386306,34021.663193644,34021.876539117,38.33349609375,38.3330078125,0,,0
835,FF-34-CAM-4,34022.611403459,34022.622250386,34022.80748176,38.3330078125,38.3330078125,0,,0
837,FF-34-CAM-4,34023.645633827,34023.648493564,34023.844320864,38.3330078125,38.3330078125,0,,0
841,FF-34-CAM-4,34025.600148413,34025.602775702,34025.753770299,38.33349609375,38.3330078125,0,,0
848,FF-34-CAM-4,34028.729506032,34028.731426442,34028.897942827,38.3330078125,38.3330078125,0,,0
854,FF-34-CAM-4,34031.767589862,34031.770497112,34031.904859912,38.33349609375,38.3330078125,0,,0
856,FF-34-CAM-4,34032.664494284,34032.66737316,34032.799721462,38.3330078125,38.3330078125,0,,0
858,FF-34-CAM-4,34033.631691824,34033.633679595,34033.806256223,38.3330078125,38.3330078125,0,,0
860,FF-34-CAM-4,34034.72434407,34034.728017262,34034.92237084,38.3330078125,38.3330078125,0,,0
862,FF-34-CAM-4,34035.838820972,34035.840632681,34036.033391785,38.3330078125,38.3330078125,0,,0
864,FF-34-CAM-4,34037.017884515,34037.019981214,34037.142739864,38.3330078125,38.3330078125,0,,0
866,FF-34-CAM-4,34037.926654837,34037.928836963,34038.236450506,38.3330078125,38.3330078125,0,,0
868,FF-34-CAM-4,34039.051420002,34039.054283377,34039.133862667,38.3330078125,38.3330078125,0,,0
870,FF-34-CAM-4,34040.04794481,34040.054261178,34040.193438551,38.3330078125,38.3330078125,0,,0
872,FF-34-CAM-4,34040.930645115,34040.932691741,34041.10036374,38.3330078125,38.3330078125,0,,0
874,FF-34-CAM-4,34041.953392311,34041.955573546,34042.091724127,38.3330078125,38.3330078125,0,,0
876,FF-34-CAM-4,34043.018218343,34043.021235748,34043.444260838,38.3330078125,38.3330078125,0,,0
878,FF-34-CAM-4,34044.231285257,34044.233775569,34044.351474004,38.3330078125,38.3330078125,0,,0
880,FF-34-CAM-4,34045.082610401,34045.085643645,34045.185171883,38.3330078125,38.3330078125,0,,0
882,FF-34-CAM-4,34046.096327434,34046.103152455,34046.302716952,38.3330078125,38.3330078125,0,,0
884,FF-34-CAM-4,34046.996056423,34047.000536235,34047.123253889,38.3330078125,38.3330078125,0,,0
886,FF-34-CAM-4,34047.952891432,34047.954444119,34048.199079093,38.3330078125,38.3330078125,0,,0
888,FF-34-CAM-4,34049.101922802,34049.105483563,34049.207297388,38.3330078125,38.3330078125,0,,0
890,FF-34-CAM-4,34050.171659675,34050.176513424,34050.376066726,38.3330078125,38.3330078125,0,,0
892,FF-34-CAM-4,34051.255926045,34051.258709877,34051.371783824,38.3330078125,38.3330078125,0,,0
894,FF-34-CAM-4,34052.207542802,34052.211032472,34052.387829833,38.3330078125,38.3330078125,0,,0
896,FF-34-CAM-4,34053.199602387,34053.201242488,34053.419325574,38.3330078125,38.3330078125,0,,0
898,FF-34-CAM-4,34054.179727895,34054.181796469,34054.334052347,38.3330078125,38.3330078125,0,,0
900,FF-34-CAM-4,34055.205308067,34055.207185645,34055.437546222,38.3330078125,38.3330078125,0,,0
902,FF-34-CAM-4,34056.338962301,34056.348541517,34056.500748622,38.3330078125,38.3330078125,0,,0
904,FF-34-CAM-4,34057.319217457,34057.321937727,34057.442076933,38.3330078125,38.3330078125,0,,0
906,FF-34-CAM-4,34058.271548893,34058.274931204,34058.354746204,38.3330078125,38.3330078125,0,,0
908,FF-34-CAM-4,34059.167127657,34059.168767668,34059.251632193,38.3330078125,38.3330078125,0,,0
910,FF-34-CAM-4,34060.107737047,34060.109563702,34060.266638268,38.3330078125,38.3330078125,0,,0
912,FF-34-CAM-4,34061.169245985,34061.171855051,34061.344306246,38.3330078125,38.3330078125,0,,0
914,FF-34-CAM-4,34062.343111145,34062.347063317,34062.42524831,38.3330078125,38.3330078125,0,,0
916,FF-34-CAM-4,34063.232736261,34063.234600532,34063.443177019,38.3330078125,38.3330078125,0,,0
918,FF-34-CAM-4,34064.26704482,34064.269203478,34064.396814741,38.3330078125,38.3330078125,0,,0
920,FF-34-CAM-4,34065.247452248,34065.248641231,34065.419239889,38.3330078125,38.3330078125,0,,0
922,FF-34-CAM-4,34066.262608146,34066.264578702,34066.429038901,38.3330078125,38.3330078125,0,,0
924,FF-34-CAM-4,34067.193884257,34067.197459523,34067.42857754,38.3330078125,38.3330078125,0,,0
926,FF-34-CAM-4,34068.175114589,34068.177501734,34068.393346958,38.3330078125,38.3330078125,0,,0
928,FF-34-CAM-4,34069.259460353,34069.262689506,34069.378619395,38.3330078125,38.3330078125,0,,0
930,FF-34-CAM-4,34070.191301185,34070.193521416,34070.318691311,38.3330078125,38.3330078125,0,,0
932,FF-34-CAM-4,34071.211488286,34071.21352172,34071.354781941,38.3330078125,38.3330078125,0,,0
934,FF-34-CAM-4,34072.239350974,34072.242608047,34072.410950012,38.3330078125,38.3330078125,0,,0
936,FF-34-CAM-4,34073.381842518,34073.385700462,34073.646382235,38.3330078125,38.3330078125,0,,0
938,FF-34-CAM-4,34074.517162347,34074.519246961,34074.717328927,38.3330078125,38.3330078125,0,,0
940,FF-34-CAM-4,34075.524885445,34075.526518953,34075.678248483,38.3330078125,38.3330078125,0,,0
942,FF-34-CAM-4,34076.398138251,34076.401784008,34076.566317325,38.3330078125,38.3330078125,0,,0
944,FF-34-CAM-4,34077.341300972,34077.343534025,34077.570051677,38.3330078125,38.3330078125,0,,0
946,FF-34-CAM-4,34078.425571722,34078.427268295,34078.517174745,38.3330078125,38.3330078125,0,,0
948,FF-34-CAM-4,34079.272359527,34079.274867095,34079.388811024,38.3330078125,38.3330078125,0,,0
950,FF-34-CAM-4,34080.196170833,34080.199187627,34080.367853928,38.3330078125,38.3330078125,0,,0
952,FF-34-CAM-4,34081.338501149,34081.340386862,34081.525167151,38.3330078125,38.3330078125,0,,0
954,FF-34-CAM-4,34082.337871679,34082.344088105,34082.460667663,38.3330078125,38.3330078125,0,,0
956,FF-34-CAM-4,34083.23310586,34083.235641063,34083.538152462,38.3330078125,38.3330078125,0,,0
958,FF-34-CAM-4,34084.350482829,34084.35222592,34084.434934289,38.3330078125,38.3330078125,0,,0
960,FF-34-CAM-4,34085.222091965,34085.223189978,34085.427888732,38.3330078125,38.3330078125,0,,0
962,FF-34-CAM-4,34086.283642873,34086.285854933,34086.467457273,38.3330078125,38.3330078125,0,,0
966,FF-34-CAM-4,34088.209472658,34088.211816427,34088.374664769,38.33349609375,38.3330078125,0,,0
968,FF-34-CAM-4,34089.316288064,34089.318088889,34089.425848938,38.3330078125,38.3330078125,0,,0
970,FF-34-CAM-4,34090.39168526,34090.394728944,34090.637016209,38.3330078125,38.3330078125,0,,0
972,FF-34-CAM-4,34091.756164521,34091.759845072,34091.917099244,38.3330078125,38.3330078125,0,,0
974,FF-34-CAM-4,34092.646295357,34092.65049962,34092.85536005,38.3330078125,38.3330078125,0,,0
976,FF-34-CAM-4,34093.717804754,34093.720607869,34093.873474267,38.3330078125,38.3330078125,0,,0
978,FF-34-CAM-4,34094.589680674,34094.592528364,34094.707816166,38.3330078125,38.3330078125,0,,0
980,FF-34-CAM-4,34095.510351788,34095.513864195,34095.592750823,38.3330078125,38.3330078125,0,,0
982,FF-34-CAM-4,34096.467410068,34096.469743098,34096.583468248,38.3330078125,38.3330078125,0,,0
984,FF-34-CAM-4,34097.369775872,34097.371894495,34097.543323621,38.3330078125,38.3330078125,0,,0
986,FF-34-CAM-4,34098.284596186,34098.286437393,34098.387528464,38.3330078125,38.3330078125,0,,0
988,FF-34-CAM-4,34099.42325784,34099.425555337,34099.590740899,38.3330078125,38.3330078125,0,,0
990,FF-34-CAM-4,34100.407776548,34100.412003613,34100.512925181,38.3330078125,38.3330078125,0,,0
992,FF-34-CAM-4,34101.418077327,34101.421052874,34101.530035316,38.3330078125,38.3330078125,0,,0
994,FF-34-CAM-4,34102.46186958,34102.465984884,34102.60318111,38.3330078125,38.3330078125,0,,0
996,FF-34-CAM-4,34103.392378789,34103.394184188,34103.597874461,38.3330078125,38.3330078125,0,,0
998,FF-34-CAM-4,34104.494397167,34104.496019727,34104.615610362,38.3330078125,38.3330078125,0,,0
1000,FF-34-CAM-4,34105.500439358,34105.502382596,34105.714916986,38.3330078125,38.3330078125,0,,0
1002,FF-34-CAM-4,34106.572708125,34106.576612342,34106.725975172,38.3330078125,38.3330078125,0,,0
1004,FF-34-CAM-4,34107.854655064,34107.857111685,34108.067307142,38.3330078125,38.3330078125,0,,0
1006,FF-34-CAM-4,34109.008526202,34109.010398177,34109.169364479,38.3330078125,38.3330078125,0,,0
1008,FF-34-CAM-4,34110.072638765,34110.075497941,34110.346036543,38.3330078125,38.3330078125,0,,0
1010,FF-34-CAM-4,34111.281320449,34111.284910812,34111.400705104,38.3330078125,38.3330078125,0,,0
1012,FF-34-CAM-4,34112.393288166,34112.395885993,34112.544492485,38.3330078125,38.3330078125,0,,0
1014,FF-34-CAM-4,34113.532633524,34113.53449307,34113.662360134,38.3330078125,38.3330078125,0,,0
1016,FF-34-CAM-4,34114.371324531,34114.373450953,34114.552264969,38.3330078125,38.3330078125,0,,0
1022,FF-34-CAM-4,34117.436961928,34117.438508263,34117.568891726,38.33349609375,38.3330078125,0,,0
1026,FF-34-CAM-4,34119.462424165,34119.469699028,34119.632639917,38.33349609375,38.3330078125,0,,0
1028,FF-34-CAM-4,34120.58204836,34120.583897063,34120.67863163,38.3330078125,38.3330078125,0,,0
1030,FF-34-CAM-4,34121.713374133,34121.715737565,34121.807636429,38.3330078125,38.3330078125,0,,0
1032,FF-34-CAM-4,34122.68648735,34122.690551199,34122.80422354,38.3330078125,38.3330078125,0,,0
1034,FF-34-CAM-4,34123.66143264,34123.665857303,34123.79062354,38.3330078125,38.3330078125,0,,0
1036,FF-34-CAM-4,34124.615981231,34124.617587131,34124.734314214,38.3330078125,38.3330078125,0,,0
1038,FF-34-CAM-4,34125.580201916,34125.58260161,34125.728742687,38.3330078125,38.3330078125,0,,0
1040,FF-34-CAM-4,34126.584740278,34126.587752733,34126.760336561,38.3330078125,38.3330078125,0,,0
1042,FF-34-CAM-4,34127.693804636,34127.696079032,34127.838917651,38.3330078125,38.3330078125,0,,0
1044,FF-34-CAM-4,34128.854828866,34128.85731645,34128.951882961,38.3330078125,38.3330078125,0,,0
1046,FF-34-CAM-4,34129.870662371,34129.872601623,34129.971865327,38.3330078125,38.3330078125,0,,0
1048,FF-34-CAM-4,34130.832645824,34130.835096682,34130.98130846,38.3330078125,38.3330078125,0,,0
1050,FF-34-CAM-4,34132.007518856,34132.009541127,34132.1210249,38.3330078125,38.3330078125,0,,0
1052,FF-34-CAM-4,34132.883885803,34132.885709881,34132.989505312,38.3330078125,38.3330078125,0,,0
1054,FF-34-CAM-4,34133.997254655,34134.001425137,34134.137420191,38.3330078125,38.3330078125,0,,0
1056,FF-34-CAM-4,34134.971038674,34134.973430765,34135.077828593,38.3330078125,38.3330078125,0,,0
1058,FF-34-CAM-4,34135.939232365,34135.941139617,34136.119773937,38.3330078125,38.3330078125,0,,0
1060,FF-34-CAM-4,34136.9639143,34136.967337952,34137.192919517,38.3330078125,38.3330078125,0,,0
1062,FF-34-CAM-4,34138.216718352,34138.219691682,34138.401374706,38.3330078125,38.3330078125,0,,0
1064,FF-34-CAM-4,34139.196537222,34139.199564066,34139.317771875,38.3330078125,38.3330078125,0,,0
1066,FF-34-CAM-4,34140.195652173,34140.199383611,34140.333842438,38.3330078125,38.3330078125,0,,0
1068,FF-34-CAM-4,34141.134637367,34141.14003494,34141.314487865,38.3330078125,38.3330078125,0,,0
1070,FF-34-CAM-4,34142.16592243,34142.170039442,34142.326178978,38.3330078125,38.3330078125,0,,0
1072,FF-34-CAM-4,34143.17021633,34143.172053528,34143.308609488,38.3330078125,38.3330078125,0,,0
1074,FF-34-CAM-4,34144.151243871,34144.153104345,34144.272358705,38.3330078125,38.3330078125,0,,0
1076,FF-34-CAM-4,34145.18307153,34145.18505718,34145.352096717,38.3330078125,38.3330078125,0,,0
1078,FF-34-CAM-4,34146.140274898,34146.1432011,34146.237600936,38.3330078125,38.3330078125,0,,0
1080,FF-34-CAM-4,34147.166065646,34147.168513677,34147.286911318,38.3330078125,38.3330078125,0,,0
1082,FF-34-CAM-4,34148.155630713,34148.157374859,34148.341203264,38.3330078125,38.3330078125,0,,0
1084,FF-34-CAM-4,34149.297360955,34149.30522416,34149.537175328,38.3330078125,38.3330078125,0,,0
1086,FF-34-CAM-4,34150.413411154,34150.416487361,34150.528615279,38.3330078125,38.3330078125,0,,0
1088,FF-34-CAM-4,34151.47931735,34151.489341901,34151.69559895,38.3330078125,38.3330078125,0,,0
1090,FF-34-CAM-4,34152.490601827,34152.492615471,34152.688131405,38.3330078125,38.3330078125,0,,0
1092,FF-34-CAM-4,34153.529556053,34153.531732199,34153.645126665,38.3330078125,38.3330078125,0,,0
1094,FF-34-CAM-4,34154.632711066,34154.635539453,34154.744455933,38.3330078125,38.3330078125,0,,0
1096,FF-34-CAM-4,34155.609920091,34155.612863465,34155.753331519,38.3330078125,38.3330078125,0,,0
1098,FF-34-CAM-4,34156.692600171,34156.694306691,34156.862304269,38.3330078125,38.3330078125,0,,0
1100,FF-34-CAM-4,34157.627269875,34157.630461417,34157.750551183,38.3330078125,38.3330078125,0,,0
1102,FF-34-CAM-4,34158.736772259,34158.742952511,34158.852416519,38.3330078125,38.3330078125,0,,0
1104,FF-34-CAM-4,34159.677910495,34159.680988643,34159.80147713,38.3330078125,38.3330078125,0,,0
1106,FF-34-CAM-4,34160.629748507,34160.631946911,34160.724427083,38.3330078125,38.3330078125,0,,0
1108,FF-34-CAM-4,34163.014831288,34163.017244541,34163.154527681,38.3330078125,38.3330078125,0,,0
1110,FF-34-CAM-4,34163.957951342,34163.959672085,34164.131262472,38.3330078125,38.3330078125,0,,0
1112,FF-34-CAM-4,34164.951789262,34164.953597784,34165.04753972,38.3330078125,38.3330078125,0,,0
1114,FF-34-CAM-4,34165.858777357,34165.861455098,34165.968584536,38.3330078125,38.3330078125,0,,0
1116,FF-34-CAM-4,34166.838440942,34166.841390548,34166.996817913,38.3330078125,38.3330078125,0,,0
1120,FF-34-CAM-4,34168.979684055,34168.982144686,34169.112940969,38.33349609375,38.3330078125,0,,0
1122,FF-34-CAM-4,34169.919255211,34169.921307177,34170.04629205,38.3330078125,38.3330078125,0,,0
1124,FF-34-CAM-4,34170.780716489,34170.782276294,34170.941668649,38.3330078125,38.3330078125,0,,0
1126,FF-34-CAM-4,34171.871430925,34171.873198958,34171.959733681,38.3330078125,38.3330078125,0,,0
1128,FF-34-CAM-4,34172.95119896,34172.954388537,34173.050558264,38.3330078125,38.3330078125,0,,0
1130,FF-34-CAM-4,34174.272142296,34174.278211961,34174.411341402,38.3330078125,38.3330078125,0,,0
1132,FF-34-CAM-4,34175.33451208,34175.336420174,34175.472392518,38.3330078125,38.3330078125,0,,0
1134,FF-34-CAM-4,34176.536786423,34176.539860337,34176.7199762,38.3330078125,38.3330078125,0,,0
1136,FF-34-CAM-4,34177.668440442,34177.67076499,34177.907145139,38.3330078125,38.3330078125,0,,0
1138,FF-34-CAM-4,34178.856386434,34178.858867485,34179.006790118,38.3330078125,38.3330078125,0,,0
1140,FF-34-CAM-4,34179.883926738,34179.88561476,34180.053765089,38.3330078125,38.3330078125,0,,0
1142,FF-34-CAM-4,34180.857142615,34180.86024221,34180.974163812,38.3330078125,38.3330078125,0,,0
1144,FF-34-CAM-4,34181.97962529,34181.981518684,34182.083199452,38.3330078125,38.3330078125,0,,0
1146,FF-34-CAM-4,34182.752379796,34182.75439488,34182.9661016,38.3330078125,38.3330078125,0,,0
1148,FF-34-CAM-4,34183.834055739,34183.836482716,34184.061928982,38.3330078125,38.3330078125,0,,0
1150,FF-34-CAM-4,34185.045658733,34185.048080457,34185.17010345,38.3330078125,38.3330078125,0,,0
1152,FF-34-CAM-4,34186.051836119,34186.053786821,34186.207358015,38.3330078125,38.3330078125,0,,0
1154,FF-34-CAM-4,34187.227418986,34187.23046559,34187.377354212,38.3330078125,38.3330078125,0,,0
1156,FF-34-CAM-4,34188.250608707,34188.25580658,34188.410338569,38.3330078125,38.3330078125,0,,0
1158,FF-34-CAM-4,34189.359804255,34189.365392669,34189.492217603,38.3330078125,38.3330078125,0,,0
1160,FF-34-CAM-4,34190.209101517,34190.210640556,34190.475762858,38.3330078125,38.3330078125,0,,0
1162,FF-34-CAM-4,34191.401072685,34191.402705665,34191.58458439,38.3330078125,38.3330078125,0,,0
1164,FF-34-CAM-4,34192.390533091,34192.393901679,34192.566788802,38.3330078125,38.3330078125,0,,0
1166,FF-34-CAM-4,34193.603531487,34193.605152096,34193.767709735,38.3330078125,38.3330078125,0,,0
1168,FF-34-CAM-4,34194.588157493,34194.591380476,34194.721869404,38.3330078125,38.3330078125,0,,0
1170,FF-34-CAM-4,34195.511875859,34195.520132719,34195.677801828,38.3330078125,38.3330078125,0,,0
1172,FF-34-CAM-4,34196.667166365,34196.668841565,34196.885368155,38.3330078125,38.3330078125,0,,0
1174,FF-34-CAM-4,34197.737748663,34197.745136912,34197.924768547,38.3330078125,38.3330078125,0,,0
1176,FF-34-CAM-4,34198.716441506,34198.718130002,34198.906460175,38.3330078125,38.3330078125,0,,0
1178,FF-34-CAM-4,34199.608510084,34199.610539599,34199.770695031,38.3330078125,38.3330078125,0,,0
1180,FF-34-CAM-4,34200.631747048,34200.633975389,34200.807499837,38.3330078125,38.3330078125,0,,0
1182,FF-34-CAM-4,34201.634563186,34201.637989783,34201.826492621,38.3330078125,38.3330078125,0,,0
1184,FF-34-CAM-4,34202.665953961,34202.667668265,34202.80813999,38.3330078125,38.3330078125,0,,0
1186,FF-34-CAM-4,34203.822333096,34203.824665126,34203.984106421,38.3330078125,38.3330078125,0,,0
1188,FF-34-CAM-4,34204.777812205,34204.780144921,34204.931264686,38.3330078125,38.3330078125,0,,0
1190,FF-34-CAM-4,34205.893414847,34205.895891079,34206.03214916,38.3330078125,38.3330078125,0,,0
1192,FF-34-CAM-4,34206.958517302,34206.960452421,34207.06535892,38.3330078125,38.3330078125,0,,0
1194,FF-34-CAM-4,34208.199374295,34208.202505083,34208.413196459,38.3330078125,38.3330078125,0,,0
1196,FF-34-CAM-4,34209.319699353,34209.321582434,34209.441505869,38.3330078125,38.3330078125,0,,0
1198,FF-34-CAM-4,34210.47111009,34210.475472457,34210.702143069,38.3330078125,38.3330078125,0,,0
1200,FF-34-CAM-4,34211.624802333,34211.626900619,34211.83058054,38.3330078125,38.3330078125,0,,0
1202,FF-34-CAM-4,34212.739830733,34212.741787963,34212.90291516,38.3330078125,38.3330078125,0,,0
1204,FF-34-CAM-4,34213.808603569,34213.811672908,34214.096533094,38.3330078125,38.3330078125,0,,0
1206,FF-34-CAM-4,34214.95170494,34214.953757034,34215.098955648,38.3330078125,38.3330078125,0,,0
1208,FF-34-CAM-4,34215.849927768,34215.853049919,34216.073229328,38.3330078125,38.3330078125,0,,0
1210,FF-34-CAM-4,34216.803594976,34216.804928868,34216.930881792,38.3330078125,38.3330078125,0,,0
1212,FF-34-CAM-4,34217.720373154,34217.722772455,34217.886043115,38.3330078125,38.3330078125,0,,0
1214,FF-34-CAM-4,34218.665689874,34218.668869762,34218.772270168,38.3330078125,38.3330078125,0,,0
1216,FF-34-CAM-4,34219.883746048,34219.8880683,34220.014391803,38.3330078125,38.3330078125,0,,0
1218,FF-34-CAM-4,34220.856411355,34220.86126331,34221.099977301,38.3330078125,38.3330078125,0,,0
1220,FF-34-CAM-4,34222.014764225,34222.016760672,34222.157656716,38.3330078125,38.3330078125,0,,0
1222,FF-34-CAM-4,34222.858964429,34222.860503613,34222.996414341,38.3330078125,38.3330078125,0,,0
1224,FF-34-CAM-4,34223.785654856,34223.787250298,34223.864510497,38.3330078125,38.3330078125,0,,0
1226,FF-34-CAM-4,34224.733919156,34224.73592905,34224.838731689,38.3330078125,38.3330078125,0,,0
1228,FF-34-CAM-4,34225.700313845,34225.704452509,34225.861500304,38.3330078125,38.3330078125,0,,0
1230,FF-34-CAM-4,34226.756573035,34226.758415615,34226.969627396,38.3330078125,38.3330078125,0,,0
1232,FF-34-CAM-4,34227.984086933,34227.992464818,34228.165561271,38.3330078125,38.3330078125,0,,0
1234,FF-34-CAM-4,34229.027865275,34229.03185903,34229.137271644,38.3330078125,38.3330078125,0,,0
1236,FF-34-CAM-4,34229.959678846,34229.961322511,34230.068067875,38.3330078125,38.3330078125,0,,0
1238,FF-34-CAM-4,34230.966279064,34230.968218418,34231.20250921,38.3330078125,38.3330078125,0,,0
1240,FF-34-CAM-4,34232.081756099,34232.084256979,34232.23094304,38.3330078125,38.3330078125,0,,0
1242,FF-34-CAM-4,34233.066244214,34233.068688966,34233.223945244,38.3330078125,38.3330078125,0,,0
1244,FF-34-CAM-4,34234.319957867,34234.322324073,34234.522855407,38.3330078125,38.3330078125,0,,0
1246,FF-34-CAM-4,34235.415393853,34235.418928817,34235.668516219,38.3330078125,38.3330078125,0,,0
1248,FF-34-CAM-4,34236.758159191,34236.760329751,34236.972188895,38.3330078125,38.3330078125,0,,0
1250,FF-34-CAM-4,34237.924043961,34237.929582384,34238.135276089,38.3330078125,38.3330078125,0,,0
1252,FF-34-CAM-4,34239.076385492,34239.078207472,34239.227195117,38.3330078125,38.3330078125,0,,0
1254,FF-34-CAM-4,34240.060467039,34240.063247772,34240.283675136,38.3330078125,38.3330078125,0,,0
1256,FF-34-CAM-4,34241.095482136,34241.099431698,34241.278955558,38.3330078125,38.3330078125,0,,0
1258,FF-34-CAM-4,34242.130331195,34242.133796559,34242.307475699,38.3330078125,38.3330078125,0,,0
1260,FF-34-CAM-4,34243.214584549,34243.21672087,34243.420938737,38.3330078125,38.3330078125,0,,0
1262,FF-34-CAM-4,34244.335321922,34244.338320239,34244.579281183,38.3330078125,38.3330078125,0,,0
1264,FF-34-CAM-4,34245.484168457,34245.488611943,34245.639337663,38.3330078125,38.3330078125,0,,0
1266,FF-34-CAM-4,34246.555861006,34246.560307724,34246.75505784,38.3330078125,38.3330078125,0,,0
1268,FF-34-CAM-4,34247.984659725,34247.987772852,34248.12871244,38.3330078125,38.3330078125,0,,0
1270,FF-34-CAM-4,34248.930992901,34248.935819659,34249.087241861,38.3330078125,38.3330078125,0,,0
1272,FF-34-CAM-4,34249.982566653,34249.987349617,34250.153557198,38.3330078125,38.3330078125,0,,0
1274,FF-34-CAM-4,34251.054741533,34251.058624651,34251.188219914,38.3330078125,38.3330078125,0,,0
1276,FF-34-CAM-4,34252.03085501,34252.043338278,34252.232801004,38.3330078125,38.3330078125,0,,0
1278,FF-34-CAM-4,34253.067389643,34253.070694753,34253.212142984,38.3330078125,38.3330078125,0,,0
1280,FF-34-CAM-4,34254.51738754,34254.521718849,34254.664324987,38.3330078125,38.3330078125,0,,0
1282,FF-34-CAM-4,34255.396906692,34255.399171267,34255.528552937,38.3330078125,38.3330078125,0,,0
1284,FF-34-CAM-4,34256.273362818,34256.276223134,34256.43849508,38.3330078125,38.3330078125,0,,0
1286,FF-34-CAM-4,34257.29502433,34257.296960263,34257.48228835,38.3330078125,38.3330078125,0,,0
1288,FF-34-CAM-4,34258.339325464,34258.341932279,34258.439307768,38.3330078125,38.3330078125,0,,0
1290,FF-34-CAM-4,34259.584380824,34259.587411116,34259.806620916,38.3330078125,38.3330078125,0,,0
1292,FF-34-CAM-4,34260.614636066,34260.6173063,34260.747987754,38.3330078125,38.3330078125,0,,0
1294,FF-34-CAM-4,34261.584369499,34261.599245758,34261.752236151,38.3330078125,38.3330078125,0,,0
1296,FF-34-CAM-4,34262.627134139,34262.628704191,34262.773882841,38.3330078125,38.3330078125,0,,0
1298,FF-34-CAM-4,34263.729841355,34263.731495915,34263.872649087,38.3330078125,38.3330078125,0,,0
1300,FF-34-CAM-4,34264.730871833,34264.73410825,34264.879646744,38.3330078125,38.3330078125,0,,0
1302,FF-34-CAM-4,34265.644341265,34265.647186401,34265.824061297,38.3330078125,38.3330078125,0,,0
1304,FF-34-CAM-4,34266.897774965,34266.903592937,34267.067955879,38.3330078125,38.3330078125,0,,0
1306,FF-34-CAM-4,34267.778236356,34267.779703752,34267.992616814,38.3330078125,38.3330078125,0,,0
1308,FF-34-CAM-4,34268.77790689,34268.781122323,34268.931968611,38.3330078125,38.3330078125,0,,0
1310,FF-34-CAM-4,34270.078820522,34270.080997248,34270.237801908,38.3330078125,38.3330078125,0,,0
1312,FF-34-CAM-4,34271.070174399,34271.073195077,34271.267910888,38.3330078125,38.3330078125,0,,0
1314,FF-34-CAM-4,34272.264126616,34272.266531154,34272.40313373,38.3330078125,38.3330078125,0,,0
1316,FF-34-CAM-4,34273.211286242,34273.212902398,34273.32679505,38.3330078125,38.3330078125,0,,0
1318,FF-34-CAM-4,34274.218717716,34274.222103737,34274.381798219,38.3330078125,38.3330078125,0,,0
1320,FF-34-CAM-4,34275.252346878,34275.256951532,34275.373255958,38.3330078125,38.3330078125,0,,0
1322,FF-34-CAM-4,34276.240315078,34276.242877147,34276.498940501,38.3330078125,38.3330078125,0,,0
1324,FF-34-CAM-4,34277.455893184,34277.458376582,34277.619228168,38.3330078125,38.3330078125,0,,0
1326,FF-34-CAM-4,34278.444288042,34278.445819008,34278.57299303,38.3330078125,38.3330078125,0,,0
1328,FF-34-CAM-4,34279.434546154,34279.437921881,34279.681500855,38.3330078125,38.3330078125,0,,0
1330,FF-34-CAM-4,34280.425870914,34280.427880349,34280.556201612,38.3330078125,38.3330078125,0,,0
1332,FF-34-CAM-4,34281.341107875,34281.342927545,34281.539077266,38.3330078125,38.3330078125,0,,0
1334,FF-34-CAM-4,34282.398585639,34282.400210106,34282.530806273,38.3330078125,38.3330078125,0,,0
1336,FF-34-CAM-4,34283.512489602,34283.525737256,34283.653677543,38.3330078125,38.3330078125,0,,0
1338,FF-34-CAM-4,34284.522126031,34284.526468316,34284.668741794,38.3330078125,38.3330078125,0,,0
1340,FF-34-CAM-4,34285.79155809,34285.793242287,34285.919322771,38.3330078125,38.3330078125,0,,0
1342,FF-34-CAM-4,34286.725169682,34286.727295333,34286.891738729,38.3330078125,38.3330078125,0,,0
1344,FF-34-CAM-4,34287.789325079,34287.79239083,34287.921347499,38.3330078125,38.3330078125,0,,0
1346,FF-34-CAM-4,34288.724097995,34288.726852477,34288.860076407,38.3330078125,38.3330078125,0,,0
1348,FF-34-CAM-4,34289.713257781,34289.718228349,34289.834422229,38.3330078125,38.3330078125,0,,0
1350,FF-34-CAM-4,34290.727331606,34290.729706421,34290.914383646,38.3330078125,38.3330078125,0,,0
1352,FF-34-CAM-4,34291.741271907,34291.74278827,34291.90354722,38.3330078125,38.3330078125,0,,0
1354,FF-34-CAM-4,34292.740252047,34292.742929922,34292.828606599,38.3330078125,38.3330078125,0,,0
1356,FF-34-CAM-4,34293.93603635,34293.945746617,34294.103697939,38.3330078125,38.3330078125,0,,0
1358,FF-34-CAM-4,34294.946199854,34294.951996294,34295.053240869,38.3330078125,38.3330078125,0,,0
1360,FF-34-CAM-4,34295.88306269,34295.886130703,34296.080367299,38.3330078125,38.3330078125,0,,0
1362,FF-34-CAM-4,34297.037991396,34297.040007008,34297.14445815,38.3330078125,38.3330078125,0,,0
1364,FF-34-CAM-4,34297.910113775,34297.915552951,34298.044198874,38.3330078125,38.3330078125,0,,0
1366,FF-34-CAM-4,34298.841089556,34298.844293607,34299.029056886,38.3330078125,38.3330078125,0,,0
1370,FF-34-CAM-4,34300.813240954,34300.816229658,34300.949415405,38.33349609375,38.3330078125,0,,0
1372,FF-34-CAM-4,34301.872419085,34301.877471028,34302.042929442,38.3330078125,38.3330078125,0,,0
1374,FF-34-CAM-4,34302.838343045,34302.84118769,34302.946860659,38.3330078125,38.3330078125,0,,0
1376,FF-34-CAM-4,34303.930981014,34303.933067875,34304.072178548,38.3330078125,38.3330078125,0,,0
1378,FF-34-CAM-4,34304.969098751,34304.971471223,34305.173689012,38.3330078125,38.3330078125,0,,0
1380,FF-34-CAM-4,34306.10240616,34306.10418046,34306.245561338,38.3330078125,38.3330078125,0,,0
1382,FF-34-CAM-4,34307.134266786,34307.136053751,34307.289215412,38.3330078125,38.3330078125,0,,0
1384,FF-34-CAM-4,34308.113190217,34308.116814938,34308.261733062,38.3330078125,38.3330078125,0,,0
1386,FF-34-CAM-4,34308.917787934,34308.92217874,34309.053522806,38.3330078125,38.3330078125,0,,0
1388,FF-34-CAM-4,34309.99411663,34309.996722006,34310.151199878,38.3330078125,38.3330078125,0,,0
1390,FF-34-CAM-4,34310.885340816,34310.886820421,34311.012534722,38.3330078125,38.3330078125,0,,0
1392,FF-34-CAM-4,34311.888706019,34311.891228328,34312.023205028,38.3330078125,38.3330078125,0,,0
1394,FF-34-CAM-4,34312.876355724,34312.878032837,34312.980077034,38.3330078125,38.3330078125,0,,0
1396,FF-34-CAM-4,34313.5596706,34313.561252448,34313.652830494,38.3330078125,38.3330078125,0,,0
1398,FF-34-CAM-4,34314.435469867,34314.444740041,34314.573490395,38.3330078125,38.3330078125,0,,0
1400,FF-34-CAM-4,34315.693047107,34315.695072353,34315.904042988,38.3330078125,38.3330078125,0,,0
1402,FF-34-CAM-4,34316.785476111,34316.788192526,34316.941848272,38.3330078125,38.3330078125,0,,0
1404,FF-34-CAM-4,34317.886999994,34317.89014453,34318.104705206,38.3330078125,38.3330078125,0,,0
1406,FF-34-CAM-4,34318.943198956,34318.944927358,34319.020199563,38.3330078125,38.3330078125,0,,0
1408,FF-34-CAM-4,34319.803163169,34319.804975946,34319.947073665,38.3330078125,38.3330078125,0,,0
1410,FF-34-CAM-4,34320.670459464,34320.673870975,34320.870194738,38.3330078125,38.3330078125,0,,0
1412,FF-34-CAM-4,34321.698177771,34321.699863311,34321.838406634,38.3330078125,38.3330078125,0,,0
1414,FF-34-CAM-4,34322.746812804,34322.749267597,34322.839906726,38.3330078125,38.3330078125,0,,0
1416,FF-34-CAM-4,34323.663514519,34323.668527203,34323.776949905,38.3330078125,38.3330078125,0,,0
1418,FF-34-CAM-4,34324.81110534,34324.8168202,34324.952410293,38.3330078125,38.3330078125,0,,0
1420,FF-34-CAM-4,34325.784739996,34325.788086155,34326.003707311,38.3330078125,38.3330078125,0,,0
1422,FF-34-CAM-4,34327.087081985,34327.090913209,34327.222762485,38.3330078125,38.3330078125,0,,0
1424,FF-34-CAM-4,34328.031341991,34328.032741579,34328.220246538,38.3330078125,38.3330078125,0,,0
1426,FF-34-CAM-4,34329.233074726,34329.235610942,34329.331117816,38.3330078125,38.3330078125,0,,0
1428,FF-34-CAM-4,34330.124861007,34330.127620045,34330.250999961,38.3330078125,38.3330078125,0,,0
1430,FF-34-CAM-4,34331.023758971,34331.026074439,34331.141646067,38.3330078125,38.3330078125,0,,0
1432,FF-34-CAM-4,34331.985189075,34331.98703573,34332.163249651,38.3330078125,38.3330078125,0,,0
1434,FF-34-CAM-4,34332.999674545,34333.00262555,34333.136915785,38.3330078125,38.3330078125,0,,0
1436,FF-34-CAM-4,34333.884325155,34333.888306749,34334.032577913,38.3330078125,38.3330078125,0,,0
1438,FF-34-CAM-4,34334.897810933,34334.899457422,34335.12318583,38.3330078125,38.3330078125,0,,0
1440,FF-34-CAM-4,34335.899890305,34335.903653316,34336.022596829,38.3330078125,38.3330078125,0,,0
1442,FF-34-CAM-4,34336.886088567,34336.887830767,34337.029866876,38.3330078125,38.3330078125,0,,0
1444,FF-34-CAM-4,34337.882154758,34337.883963871,34338.027080454,38.3330078125,38.3330078125,0,,0
1446,FF-34-CAM-4,34339.053804813,34339.057841879,34339.164683019,38.3330078125,38.3330078125,0,,0
1448,FF-34-CAM-4,34340.043418968,34340.048455021,34340.180366324,38.3330078125,38.3330078125,0,,0
1450,FF-34-CAM-4,34341.048365592,34341.050240735,34341.21090245,38.3330078125,38.3330078125,0,,0
1456,FF-34-CAM-4,34343.304246273,34343.306996527,34343.410859312,38.33349609375,38.3330078125,0,,0
1458,FF-34-CAM-4,34344.007504215,34344.009215878,34344.095431946,38.3330078125,38.3330078125,0,,0
1460,FF-34-CAM-4,34344.736618204,34344.738242798,34344.852694603,38.3330078125,38.3330078125,0,,0
1462,FF-34-CAM-4,34345.575339435,34345.577973253,34345.709701013,38.3330078125,38.3330078125,0,,0
1464,FF-34-CAM-4,34346.402899803,34346.406728419,34346.595461461,38.3330078125,38.3330078125,0,,0
1466,FF-34-CAM-4,34347.599527063,34347.602527082,34347.768555235,38.3330078125,38.3330078125,0,,0
1468,FF-34-CAM-4,34348.635280561,34348.637037362,34348.79236092,38.3330078125,38.3330078125,0,,0
1470,FF-34-CAM-4,34349.920066655,34349.921940038,34350.11886275,38.3330078125,38.3330078125,0,,0
1472,FF-34-CAM-4,34350.939298407,34350.941071622,34351.074817568,38.3330078125,38.3330078125,0,,0
1474,FF-34-CAM-4,34351.939249046,34351.941795129,34352.062241088,38.3330078125,38.3330078125,0,,0
1476,FF-34-CAM-4,34354.45693675,34354.460133485,34354.678680685,38.3330078125,38.3330078125,0,,0
1478,FF-34-CAM-4,34355.652185043,34355.6566456,34355.834641376,38.3330078125,38.3330078125,0,,0
1480,FF-34-CAM-4,34356.648023984,34356.655021154,34356.845298174,38.3330078125,38.3330078125,0,,0
1482,FF-34-CAM-4,34357.622133355,34357.626452708,34357.734611717,38.3330078125,38.3330078125,0,,0
1484,FF-34-CAM-4,34358.602722618,34358.606131267,34358.798222503,38.3330078125,38.3330078125,0,,0
1486,FF-34-CAM-4,34359.632124067,34359.635161336,34359.795918068,38.3330078125,38.3330078125,0,,0
1488,FF-34-CAM-4,34360.654622454,34360.657767945,34360.848405169,38.3330078125,38.3330078125,0,,0
1490,FF-34-CAM-4,34361.729880208,34361.732470892,34361.817116659,38.3330078125,38.3330078125,0,,0
1492,FF-34-CAM-4,34362.640172278,34362.643400108,34362.830512292,38.3330078125,38.3330078125,0,,0
1494,FF-34-CAM-4,34363.627670122,34363.629591087,34363.832384058,38.3330078125,38.3330078125,0,,0
1496,FF-34-CAM-4,34364.640599201,34364.645627237,34364.827883985,38.3330078125,38.3330078125,0,,0
1498,FF-34-CAM-4,34365.655057842,34365.658832813,34365.788308188,38.3330078125,38.3330078125,0,,0
1500,FF-34-CAM-4,34366.569030457,34366.571168527,34366.867461636,38.3330078125,38.3330078125,0,,0
1502,FF-34-CAM-4,34367.665182136,34367.668148289,34367.767593066,38.3330078125,38.3330078125,0,,0
1504,FF-34-CAM-4,34368.574420542,34368.578095235,34368.760090517,38.3330078125,38.3330078125,0,,0
1506,FF-34-CAM-4,34369.563533095,34369.565638653,34369.809285606,38.3330078125,38.3330078125,0,,0
1508,FF-34-CAM-4,34370.814543853,34370.816332228,34370.960787866,38.3330078125,38.3330078125,0,,0
1510,FF-34-CAM-4,34371.754190574,34371.758406662,34371.963892748,38.3330078125,38.3330078125,0,,0
1512,FF-34-CAM-4,34372.994770279,34372.996932443,34373.106607102,38.3330078125,38.3330078125,0,,0
1514,FF-34-CAM-4,34373.947388153,34373.950411853,34374.049941703,38.3330078125,38.3330078125,0,,0
1516,FF-34-CAM-4,34374.863530726,34374.865826601,34375.029243113,38.3330078125,38.3330078125,0,,0
1518,FF-34-CAM-4,34375.853590561,34375.856457904,34375.986390161,38.3330078125,38.3330078125,0,,0
1520,FF-34-CAM-4,34376.773424792,34376.774785081,34376.882729294,38.3330078125,38.3330078125,0,,0
1522,FF-34-CAM-4,34377.978989377,34378.009607239,34378.342114782,38.3330078125,38.3330078125,0,,0
1524,FF-34-CAM-4,34379.14666771,34379.148225085,34379.261970628,38.3330078125,38.3330078125,0,,0
1526,FF-34-CAM-4,34380.063832027,34380.065116363,34380.278457851,38.3330078125,38.3330078125,0,,0
1528,FF-34-CAM-4,34381.041972142,34381.043900638,34381.151085824,38.3330078125,38.3330078125,0,,0
1530,FF-34-CAM-4,34381.957147407,34381.959356239,34382.065578599,38.3330078125,38.3330078125,0,,0
1532,FF-34-CAM-4,34382.931981733,34382.935376106,34383.098435342,38.3330078125,38.3330078125,0,,0
1534,FF-34-CAM-4,34383.872954798,34383.875551007,34384.020020203,38.3330078125,38.3330078125,0,,0
1538,FF-34-CAM-4,34385.867520953,34385.874025062,34386.06512168,38.33349609375,38.3330078125,0,,0
1540,FF-34-CAM-4,34387.0713588,34387.072618099,34387.221185232,38.3330078125,38.3330078125,0,,0
1542,FF-34-CAM-4,34388.084807225,34388.093475268,34388.314376008,38.3330078125,38.3330078125,0,,0
1544,FF-34-CAM-4,34389.339675555,34389.344606492,34389.450677642,38.3330078125,38.3330078125,0,,0
1550,FF-34-CAM-4,34392.849298446,34392.852102137,34393.083820574,38.33349609375,38.3330078125,0,,0
1552,FF-34-CAM-4,34393.952090151,34393.955154822,34394.075191727,38.3330078125,38.3330078125,0,,0
1554,FF-34-CAM-4,34394.793896693,34394.798589786,34394.997529228,38.3330078125,38.3330078125,0,,0
1556,FF-34-CAM-4,34395.820115369,34395.82353827,34396.002142052,38.3330078125,38.3330078125,0,,0
1558,FF-34-CAM-4,34396.978598755,34396.980724519,34397.110322178,38.3330078125,38.3330078125,0,,0
1560,FF-34-CAM-4,34397.94120874,34397.944867536,34398.203721097,38.3330078125,38.3330078125,0,,0
1562,FF-34-CAM-4,34399.065529011,34399.067908376,34399.220917046,38.3330078125,38.3330078125,0,,0
1564,FF-34-CAM-4,34400.028893712,34400.030752212,34400.125987504,38.3330078125,38.3330078125,0,,0
1566,FF-34-CAM-4,34400.896904939,34400.899366848,34400.979680511,38.3330078125,38.3330078125,0,,0
1568,FF-34-CAM-4,34401.843389978,34401.845842588,34401.971066061,38.3330078125,38.3330078125,0,,0
1570,FF-34-CAM-4,34402.704143059,34402.705917521,34402.896504203,38.3330078125,38.3330078125,0,,0
1572,FF-34-CAM-4,34403.620967394,34403.622825559,34403.750067093,38.3330078125,38.3330078125,0,,0
1574,FF-34-CAM-4,34404.672242852,34404.688748267,34404.980978216,38.3330078125,38.3330078125,0,,0
1576,FF-34-CAM-4,34405.795205257,34405.797330783,34405.966900002,38.3330078125,38.3330078125,0,,0
1578,FF-34-CAM-4,34406.815412102,34406.821792625,34407.001865496,38.3330078125,38.3330078125,0,,0
1580,FF-34-CAM-4,34407.860153891,34407.862530807,34407.962794955,38.3330078125,38.3330078125,0,,0
1582,FF-34-CAM-4,34408.849966104,34408.851842657,34409.018251178,38.3330078125,38.3330078125,0,,0
1584,FF-34-CAM-4,34409.860455277,34409.862484113,34410.07960963,38.3330078125,38.3330078125,0,,0
1586,FF-34-CAM-4,34410.866061946,34410.867625862,34411.011421872,38.3330078125,38.3330078125,0,,0
1588,FF-34-CAM-4,34411.947820894,34411.95002759,34412.0779427,38.3330078125,38.3330078125,0,,0
1590,FF-34-CAM-4,34413.079670203,34413.081458383,34413.26041002,38.3330078125,38.3330078125,0,,0
1592,FF-34-CAM-4,34414.259231264,34414.261425752,34414.40883775,38.3330078125,38.3330078125,0,,0
1594,FF-34-CAM-4,34415.36277651,34415.365427763,34415.56708739,38.3330078125,38.3330078125,0,,0
1596,FF-34-CAM-4,34416.457311516,34416.459313632,34416.577449385,38.3330078125,38.3330078125,0,,0
1598,FF-34-CAM-4,34417.376829936,34417.379666685,34417.460866801,38.3330078125,38.3330078125,0,,0
1600,FF-34-CAM-4,34418.282028503,34418.284163467,34418.463038884,38.3330078125,38.3330078125,0,,0
1602,FF-34-CAM-4,34419.249225362,34419.255496408,34419.408700607,38.3330078125,38.3330078125,0,,0
1604,FF-34-CAM-4,34420.532186305,34420.544867049,34420.727305164,38.3330078125,38.3330078125,0,,0
1606,FF-34-CAM-4,34421.545325384,34421.554929371,34421.670922462,38.3330078125,38.3330078125,0,,0
1608,FF-34-CAM-4,34422.59296444,34422.595872,34422.849266001,38.3330078125,38.3330078125,0,,0
1610,FF-34-CAM-4,34423.735148209,34423.738711441,34423.902096926,38.3330078125,38.3330078125,0,,0
1612,FF-34-CAM-4,34424.734444021,34424.736688546,34424.931734497,38.3330078125,38.3330078125,0,,0
1614,FF-34-CAM-4,34425.754855081,34425.758318449,34425.891251613,38.3330078125,38.3330078125,0,,0
1616,FF-34-CAM-4,34426.716438806,34426.718305646,34426.982728974,38.3330078125,38.3330078125,0,,0
1618,FF-34-CAM-4,34427.818833341,34427.820367574,34428.016317699,38.3330078125,38.3330078125,0,,0
1620,FF-34-CAM-4,34428.828854905,34428.832871538,34428.9992333,38.3330078125,38.3330078125,0,,0
1622,FF-34-CAM-4,34429.892225485,34429.894424148,34430.08011582,38.3330078125,38.3330078125,0,,0
1624,FF-34-CAM-4,34431.1266777,34431.128272307,34431.289399079,38.3330078125,38.3330078125,0,,0
1626,FF-34-CAM-4,34432.254789671,34432.256527123,34432.425896685,38.3330078125,38.3330078125,0,,0
1628,FF-34-CAM-4,34433.331142304,34433.332775033,34433.466832482,38.3330078125,38.3330078125,0,,0
1630,FF-34-CAM-4,34434.241451218,34434.242928037,34434.32302558,38.3330078125,38.3330078125,0,,0
1632,FF-34-CAM-4,34435.442860779,34435.446631163,34435.571951452,38.3330078125,38.3330078125,0,,0
1634,FF-34-CAM-4,34436.441354532,34436.443325534,34436.60705544,38.3330078125,38.3330078125,0,,0
1636,FF-34-CAM-4,34437.527127497,34437.530536932,34437.814130522,38.3330078125,38.3330078125,0,,0
1638,FF-34-CAM-4,34438.711233517,34438.713125799,34438.894020788,38.3330078125,38.3330078125,0,,0
1640,FF-34-CAM-4,34439.641242269,34439.642626537,34439.743663104,38.3330078125,38.3330078125,0,,0
1642,FF-34-CAM-4,34440.773883453,34440.775483307,34441.036903491,38.3330078125,38.3330078125,0,,0
1644,FF-34-CAM-4,34441.965513609,34441.968264026,34442.137215922,38.3330078125,38.3330078125,0,,0
1646,FF-34-CAM-4,34442.947311884,34442.950114739,34443.11720224,38.3330078125,38.3330078125,0,,0
1648,FF-34-CAM-4,34443.986455082,34443.989529205,34444.188812303,38.3330078125,38.3330078125,0,,0
1650,FF-34-CAM-4,34444.999281266,34445.00167766,34445.113181542,38.3330078125,38.3330078125,0,,0
1652,FF-34-CAM-4,34445.927330415,34445.929402935,34446.181676241,38.3330078125,38.3330078125,0,,0
1654,FF-34-CAM-4,34446.897901587,34446.899964689,34447.018828574,38.3330078125,38.3330078125,0,,0
1656,FF-34-CAM-4,34447.804284534,34447.80824509,34447.917221817,38.3330078125,38.3330078125,0,,0
1658,FF-34-CAM-4,34448.753055242,34448.754800756,34448.911272653,38.3330078125,38.3330078125,0,,0
1660,FF-34-CAM-4,34449.788878154,34449.790895875,34449.90904092,38.3330078125,38.3330078125,0,,0
1662,FF-34-CAM-4,34450.864068679,34450.866673846,34450.989499619,38.3330078125,38.3330078125,0,,0
1664,FF-34-CAM-4,34451.84453388,34451.845962958,34451.99455637,38.3330078125,38.3330078125,0,,0
1666,FF-34-CAM-4,34452.780387089,34452.799600207,34452.915643729,38.3330078125,38.3330078125,0,,0
1668,FF-34-CAM-4,34453.862528215,34453.863870346,34453.999687877,38.3330078125,38.3330078125,0,,0
1670,FF-34-CAM-4,34454.739287936,34454.742382159,34454.93089952,38.3330078125,38.3330078125,0,,0
1672,FF-34-CAM-4,34455.754848284,34455.757262271,34455.881242976,38.3330078125,38.3330078125,0,,0
1674,FF-34-CAM-4,34456.790897012,34456.792754927,34456.894514424,38.3330078125,38.3330078125,0,,0
1676,FF-34-CAM-4,34457.734289274,34457.739770554,34457.91420538,38.3330078125,38.3330078125,0,,0
1678,FF-34-CAM-4,34458.692023786,34458.693735646,34458.867871467,38.3330078125,38.3330078125,0,,0
1680,FF-34-CAM-4,34459.71840303,34459.721851185,34459.842052064,38.3330078125,38.3330078125,0,,0
1682,FF-34-CAM-4,34460.839063013,34460.840691906,34460.960735621,38.3330078125,38.3330078125,0,,0
1684,FF-34-CAM-4,34461.735498541,34461.737489339,34461.841216844,38.3330078125,38.3330078125,0,,0
1686,FF-34-CAM-4,34462.65250846,34462.655357509,34462.852394792,38.3330078125,38.3330078125,0,,0
1688,FF-34-CAM-4,34463.922235524,34463.924213708,34464.069554339,38.3330078125,38.3330078125,0,,0
1690,FF-34-CAM-4,34465.085218042,34465.087813654,34465.251317595,38.3330078125,38.3330078125,0,,0
1692,FF-34-CAM-4,34466.096544286,34466.099904079,34466.351893316,38.3330078125,38.3330078125,0,,0
1694,FF-34-CAM-4,34467.120308492,34467.122596897,34467.290341091,38.3330078125,38.3330078125,0,,0
1696,FF-34-CAM-4,34467.924904188,34467.927597934,34468.180328544,38.3330078125,38.3330078125,0,,0
1698,FF-34-CAM-4,34468.943436895,34468.945131297,34469.050838599,38.3330078125,38.3330078125,0,,0
1700,FF-34-CAM-4,34469.78409453,34469.789070985,34469.967070285,38.3330078125,38.3330078125,0,,0
1702,FF-34-CAM-4,34471.075467912,34471.078730065,34471.193309298,38.3330078125,38.3330078125,0,,0
1704,FF-34-CAM-4,34472.202074933,34472.205393932,34472.344366457,38.3330078125,38.3330078125,0,,0
1706,FF-34-CAM-4,34473.062970613,34473.065617573,34473.312895681,38.3330078125,38.3330078125,0,,0
1708,FF-34-CAM-4,34474.22016956,34474.223433269,34474.426935779,38.3330078125,38.3330078125,0,,0
1710,FF-34-CAM-4,34475.14903634,34475.15092157,34475.320411792,38.3330078125,38.3330078125,0,,0
1712,FF-34-CAM-4,34476.017617874,34476.020641506,34476.176216221,38.3330078125,38.3330078125,0,,0
1714,FF-34-CAM-4,34477.019708592,34477.021865889,34477.124064179,38.3330078125,38.3330078125,0,,0
1716,FF-34-CAM-4,34477.953054256,34477.956110621,34478.100123971,38.3330078125,38.3330078125,0,,0
1718,FF-34-CAM-4,34478.955559252,34478.958344763,34479.160421998,38.3330078125,38.3330078125,0,,0
1720,FF-34-CAM-4,34479.809379913,34479.812057369,34479.946351647,38.3330078125,38.3330078125,0,,0
1722,FF-34-CAM-4,34480.79217805,34480.794216507,34480.935522627,38.3330078125,38.3330078125,0,,0
1724,FF-34-CAM-4,34481.616977913,34481.619663225,34481.686667852,38.3330078125,38.3330078125,0,,0
1726,FF-34-CAM-4,34482.559557916,34482.562452517,34482.814623565,38.3330078125,38.3330078125,0,,0
1728,FF-34-CAM-4,34483.614443667,34483.625628423,34483.711417183,38.3330078125,38.3330078125,0,,0
1730,FF-34-CAM-4,34484.52837488,34484.530051189,34484.653262355,38.3330078125,38.3330078125,0,,0
1732,FF-34-CAM-4,34485.420333734,34485.423693712,34485.553213736,38.3330078125,38.3330078125,0,,0
1734,FF-34-CAM-4,34486.440811002,34486.442568265,34486.599534819,38.3330078125,38.3330078125,0,,0
1736,FF-34-CAM-4,34487.549751991,34487.552986525,34487.718125412,38.3330078125,38.3330078125,0,,0
1738,FF-34-CAM-4,34488.602320207,34488.60408394,34488.733012952,38.3330078125,38.3330078125,0,,0
1740,FF-34-CAM-4,34489.568440291,34489.572874356,34489.771115013,38.3330078125,38.3330078125,0,,0
1742,FF-34-CAM-4,34490.783855114,34490.785727346,34490.905376136,38.3330078125,38.3330078125,0,,0
1744,FF-34-CAM-4,34491.763337527,34491.767971471,34491.967090541,38.3330078125,38.3330078125,0,,0
1746,FF-34-CAM-4,34492.798210022,34492.800033947,34492.933045712,38.3330078125,38.3330078125,0,,0
1748,FF-34-CAM-4,34493.665454257,34493.667580117,34493.799653727,38.3330078125,38.3330078125,0,,0
1750,FF-34-CAM-4,34494.683028939,34494.685477107,34494.849682831,38.3330078125,38.3330078125,0,,0
1752,FF-34-CAM-4,34495.583379598,34495.586570293,34495.766138769,38.3330078125,38.3330078125,0,,0
1754,FF-34-CAM-4,34496.583634764,34496.588376153,34496.748399544,38.3330078125,38.3330078125,0,,0
1756,FF-34-CAM-4,34497.640723162,34497.643316765,34497.76497866,38.3330078125,38.3330078125,0,,0
1758,FF-34-CAM-4,34498.553264557,34498.556446413,34498.676882468,38.3330078125,38.3330078125,0,,0
1760,FF-34-CAM-4,34499.402855726,34499.40559123,34499.526251467,38.3330078125,38.3330078125,0,,0
1762,FF-34-CAM-4,34500.3738326,34500.376061738,34500.510648507,38.3330078125,38.3330078125,0,,0
1764,FF-34-CAM-4,34501.440040803,34501.442253681,34501.624641824,38.3330078125,38.3330078125,0,,0
1766,FF-34-CAM-4,34502.483089762,34502.487212654,34502.611987253,38.3330078125,38.3330078125,0,,0
1768,FF-34-CAM-4,34503.689880506,34503.697911975,34503.937549297,38.3330078125,38.3330078125,0,,0
1770,FF-34-CAM-4,34504.956977434,34504.95982136,34505.128121983,38.3330078125,38.3330078125,0,,0
1772,FF-34-CAM-4,34505.821468981,34505.824144726,34505.930255201,38.3330078125,38.3330078125,0,,0
1774,FF-34-CAM-4,34506.834995384,34506.837041243,34506.962562498,38.3330078125,38.3330078125,0,,0
1776,FF-34-CAM-4,34507.76965311,34507.772625154,34507.976836466,38.3330078125,38.3330078125,0,,0
1778,FF-34-CAM-4,34508.77108876,34508.774337015,34508.939925937,38.3330078125,38.3330078125,0,,0
1780,FF-34-CAM-4,34509.808377092,34509.812175905,34509.913345575,38.3330078125,38.3330078125,0,,0
1784,FF-34-CAM-4,34511.86122759,34511.864793028,34512.065576955,38.33349609375,38.3330078125,0,,0
1786,FF-34-CAM-4,34512.786078088,34512.78794474,34512.920852009,38.3330078125,38.3330078125,0,,0
1788,FF-34-CAM-4,34514.034102962,34514.04166714,34514.131630269,38.3330078125,38.3330078125,0,,0
1790,FF-34-CAM-4,34514.918343806,34514.925013765,34515.045781529,38.3330078125,38.3330078125,0,,0
1792,FF-34-CAM-4,34516.06304822,34516.065338556,34516.220480971,38.3330078125,38.3330078125,0,,0
1794,FF-34-CAM-4,34517.054043331,34517.056214457,34517.203552718,38.3330078125,38.3330078125,0,,0
1796,FF-34-CAM-4,34518.244519946,34518.248980124,34518.414438538,38.3330078125,38.3330078125,0,,0
1798,FF-34-CAM-4,34519.226342866,34519.229605789,34519.367041924,38.3330078125,38.3330078125,0,,0
1800,FF-34-CAM-4,34520.18049865,34520.183527886,34520.308823986,38.3330078125,38.3330078125,0,,0
1802,FF-34-CAM-4,34521.185376397,34521.187949008,34521.315647781,38.3330078125,38.3330078125,0,,0
1804,FF-34-CAM-4,34522.261259306,34522.263187861,34522.468520582,38.3330078125,38.3330078125,0,,0
1806,FF-34-CAM-4,34523.231602893,34523.235288194,34523.399963636,38.3330078125,38.3330078125,0,,0
1808,FF-34-CAM-4,34524.174236488,34524.177022857,34524.300461629,38.3330078125,38.3330078125,0,,0
1810,FF-34-CAM-4,34525.282366354,34525.284867566,34525.438086793,38.3330078125,38.3330078125,0,,0
1812,FF-34-CAM-4,34526.231701813,34526.233839746,34526.424389361,38.3330078125,38.3330078125,0,,0
1814,FF-34-CAM-4,34527.387196694,34527.390704176,34527.586145687,38.3330078125,38.3330078125,0,,0
1816,FF-34-CAM-4,34528.42858026,34528.430211729,34528.599370961,38.3330078125,38.3330078125,0,,0
1818,FF-34-CAM-4,34529.399046089,34529.401804605,34529.516542994,38.3330078125,38.3330078125,0,,0
1820,FF-34-CAM-4,34530.376461864,34530.378992609,34530.527192413,38.3330078125,38.3330078125,0,,0
1822,FF-34-CAM-4,34531.44034711,34531.443225622,34531.567689575,38.3330078125,38.3330078125,0,,0
1824,FF-34-CAM-4,34532.419285808,34532.425336234,34532.616421626,38.3330078125,38.3330078125,0,,0
1826,FF-34-CAM-4,34533.5538025,34533.556883768,34533.715253673,38.3330078125,38.3330078125,0,,0
1828,FF-34-CAM-4,34534.617236069,34534.620021239,34534.735897457,38.3330078125,38.3330078125,0,,0
1830,FF-34-CAM-4,34535.718338643,34535.721698486,34535.892242489,38.3330078125,38.3330078125,0,,0
1832,FF-34-CAM-4,34536.760066321,34536.762491138,34536.992134566,38.3330078125,38.3330078125,0,,0
1834,FF-34-CAM-4,34537.818593508,34537.821039869,34537.98383693,38.3330078125,38.3330078125,0,,0
1836,FF-34-CAM-4,34538.838344405,34538.84230352,34538.992062757,38.3330078125,38.3330078125,0,,0
1838,FF-34-CAM-4,34539.849086349,34539.852737738,34539.960815813,38.3330078125,38.3330078125,0,,0
1842,FF-34-CAM-4,34541.929998687,34541.932737551,34542.093957905,38.33349609375,38.3330078125,0,,0
1844,FF-34-CAM-4,34542.929815286,34542.932568594,34543.334207805,38.3330078125,38.3330078125,0,,0
1846,FF-34-CAM-4,34544.209934719,34544.21152755,34544.401632365,38.3330078125,38.3330078125,0,,0
1848,FF-34-CAM-4,34545.207797016,34545.209562557,34545.314464734,38.3330078125,38.3330078125,0,,0
1850,FF-34-CAM-4,34546.126130988,34546.128058251,34546.309340366,38.3330078125,38.3330078125,0,,0
1852,FF-34-CAM-4,34547.166490776,34547.188758858,34547.321791536,38.3330078125,38.3330078125,0,,0
1854,FF-34-CAM-4,34548.190081625,34548.192601554,34548.327521426,38.3330078125,38.3330078125,0,,0
1856,FF-34-CAM-4,34549.32237044,34549.328690694,34549.461307167,38.3330078125,38.3330078125,0,,0
1858,FF-34-CAM-4,34550.457236251,34550.460143706,34550.674154604,38.3330078125,38.3330078125,0,,0
1860,FF-34-CAM-4,34551.484555167,34551.487096711,34551.587733535,38.3330078125,38.3330078125,0,,0
1862,FF-34-CAM-4,34552.553099919,34552.55598266,34552.723890857,38.3330078125,38.3330078125,0,,0
1864,FF-34-CAM-4,34553.783724148,34553.78654346,34553.901806948,38.3330078125,38.3330078125,0,,0
1874,FF-34-CAM-4,34559.312399743,34559.314149637,34559.432794221,38.33349609375,38.3330078125,0,,0
1876,FF-34-CAM-4,34560.488899773,34560.492061079,34560.609479599,38.3330078125,38.3330078125,0,,0
1880,FF-34-CAM-4,34562.527746331,34562.533220091,34562.679475504,38.33349609375,38.3330078125,0,,0
1886,FF-34-CAM-4,34565.538244283,34565.540154909,34565.728178804,38.33349609375,38.3330078125,0,,0
1888,FF-34-CAM-4,34566.527951411,34566.529954588,34566.683774663,38.3330078125,38.3330078125,0,,0
1890,FF-34-CAM-4,34567.668288575,34567.67554531,34567.801766247,38.3330078125,38.3330078125,0,,0
1894,FF-34-CAM-4,34570.006176089,34570.008783394,34570.160577514,38.33349609375,38.3330078125,0,,0
1896,FF-34-CAM-4,34570.939802975,34570.942123739,34571.06370471,38.3330078125,38.3330078125,0,,0
1898,FF-34-CAM-4,34571.793401815,34571.797603067,34571.995714894,38.3330078125,38.3330078125,0,,0
1902,FF-34-CAM-4,34573.775387873,34573.77742778,34574.017563874,38.33349609375,38.3330078125,0,,0
1904,FF-34-CAM-4,34574.93829525,34574.940737305,34575.069619734,38.3330078125,38.3330078125,0,,0
1906,FF-34-CAM-4,34575.876923204,34575.879292648,34576.010533465,38.3330078125,38.3330078125,0,,0
1910,FF-34-CAM-4,34578.013634409,34578.015682388,34578.214040665,38.33349609375,38.3330078125,0,,0
1912,FF-34-CAM-4,34579.233777387,34579.237729443,34579.413620739,38.3330078125,38.3330078125,0,,0
1914,FF-34-CAM-4,34580.302910144,34580.314713804,34580.461227529,38.3330078125,38.3330078125,0,,0
1916,FF-34-CAM-4,34581.190393356,34581.191987116,34581.262316123,38.3330078125,38.3330078125,0,,0
1918,FF-34-CAM-4,34582.046816258,34582.0496047,34582.190076655,38.3330078125,38.3330078125,0,,0
1920,FF-34-CAM-4,34583.006629071,34583.008198589,34583.204188459,38.3330078125,38.3330078125,0,,0
1922,FF-34-CAM-4,34583.979480235,34583.981042168,34584.088713486,38.3330078125,38.3330078125,0,,0
1924,FF-34-CAM-4,34584.86740709,34584.869663855,34585.027789919,38.3330078125,38.3330078125,0,,0
1926,FF-34-CAM-4,34585.878247495,34585.880343445,34586.035599995,38.3330078125,38.3330078125,0,,0
1928,FF-34-CAM-4,34586.885730324,34586.887322989,34587.033017539,38.3330078125,38.3330078125,0,,0
1930,FF-34-CAM-4,34587.916601456,34587.919223388,34588.07017215,38.3330078125,38.3330078125,0,,0
1932,FF-34-CAM-4,34588.91371979,34588.917177726,34589.051684577,38.3330078125,38.3330078125,0,,0
1934,FF-34-CAM-4,34589.913880272,34589.915256893,34590.169273754,38.3330078125,38.3330078125,0,,0
1936,FF-34-CAM-4,34591.026476906,34591.028989434,34591.150487919,38.3330078125,38.3330078125,0,,0
1938,FF-34-CAM-4,34591.964322476,34591.966067642,34592.075050815,38.3330078125,38.3330078125,0,,0
1940,FF-34-CAM-4,34592.785359495,34592.788757154,34592.953342338,38.3330078125,38.3330078125,0,,0
1942,FF-34-CAM-4,34593.715981319,34593.718355106,34593.907910358,38.3330078125,38.3330078125,0,,0
1944,FF-34-CAM-4,34594.773538967,34594.776444331,34594.948749906,38.3330078125,38.3330078125,0,,0
1946,FF-34-CAM-4,34595.832062796,34595.838194369,34595.956465048,38.3330078125,38.3330078125,0,,0
1948,FF-34-CAM-4,34596.830404581,34596.832799977,34596.987555784,38.3330078125,38.3330078125,0,,0
1950,FF-34-CAM-4,34598.066308326,34598.069409739,34598.291675906,38.3330078125,38.3330078125,0,,0
1952,FF-34-CAM-4,34599.183545075,34599.185661749,34599.330843665,38.3330078125,38.3330078125,0,,0
1954,FF-34-CAM-4,34600.23472396,34600.236320454,34600.414889279,38.3330078125,38.3330078125,0,,0
1956,FF-34-CAM-4,34601.378678372,34601.387279717,34601.636589599,38.3330078125,38.3330078125,0,,0
1958,FF-34-CAM-4,34602.443257109,34602.445973346,34602.574210366,38.3330078125,38.3330078125,0,,0
1960,FF-34-CAM-4,34603.474595476,34603.477315298,34603.674227801,38.3330078125,38.3330078125,0,,0
1962,FF-34-CAM-4,34604.584823043,34604.587538264,34604.695200225,38.3330078125,38.3330078125,0,,0
1964,FF-34-CAM-4,34605.77043695,34605.777122806,34606.001072967,38.3330078125,38.3330078125,0,,0
1966,FF-34-CAM-4,34606.950635227,34606.954307013,34607.116619952,38.3330078125,38.3330078125,0,,0
1968,FF-34-CAM-4,34608.156646244,34608.160678434,34608.269079026,38.3330078125,38.3330078125,0,,0
1970,FF-34-CAM-4,34609.290992959,34609.293246482,34609.379119134,38.3330078125,38.3330078125,0,,0
1972,FF-34-CAM-4,34610.29342962,34610.298737169,34610.391878593,38.3330078125,38.3330078125,0,,0
1974,FF-34-CAM-4,34611.227094621,34611.229724825,34611.355914921,38.3330078125,38.3330078125,0,,0
1976,FF-34-CAM-4,34612.309527983,34612.311885422,34612.506156065,38.3330078125,38.3330078125,0,,0
1978,FF-34-CAM-4,34613.380726344,34613.382834687,34613.546488293,38.3330078125,38.3330078125,0,,0
1980,FF-34-CAM-4,34614.446999283,34614.455740211,34614.600810618,38.3330078125,38.3330078125,0,,0
1982,FF-34-CAM-4,34615.432956687,34615.436191977,34615.603311637,38.3330078125,38.3330078125,0,,0
1984,FF-34-CAM-4,34616.394783182,34616.39621782,34616.627585444,38.3330078125,38.3330078125,0,,0
1986,FF-34-CAM-4,34617.490896155,34617.493142976,34617.628029095,38.3330078125,38.3330078125,0,,0
1988,FF-34-CAM-4,34618.63486907,34618.636689274,34618.77488725,38.3330078125,38.3330078125,0,,0
1990,FF-34-CAM-4,34619.585824768,34619.587552552,34619.853584301,38.3330078125,38.3330078125,0,,0
1992,FF-34-CAM-4,34620.731965432,34620.733780936,34620.889122254,38.3330078125,38.3330078125,0,,0
1994,FF-34-CAM-4,34622.027345414,34622.030875305,34622.199146319,38.3330078125,38.3330078125,0,,0
1996,FF-34-CAM-4,34623.103092234,34623.104638483,34623.366347223,38.3330078125,38.3330078125,0,,0
1998,FF-34-CAM-4,34624.291821987,34624.296315438,34624.443853256,38.3330078125,38.3330078125,0,,0
2000,FF-34-CAM-4,34625.380222409,34625.382074808,34625.531705619,38.3330078125,38.3330078125,0,,0
2002,FF-34-CAM-4,34626.323713739,34626.325698617,34626.503867845,38.3330078125,38.3330078125,0,,0
2004,FF-34-CAM-4,34627.434549234,34627.437859271,34627.593862835,38.3330078125,38.3330078125,0,,0
2006,FF-34-CAM-4,34628.499857028,34628.502181025,34628.699413189,38.3330078125,38.3330078125,0,,0
2008,FF-34-CAM-4,34629.8566416,34629.85910103,34629.949454229,38.3330078125,38.3330078125,0,,0
2010,FF-34-CAM-4,34630.820212401,34630.823416676,34630.952871393,38.3330078125,38.3330078125,0,,0
2012,FF-34-CAM-4,34631.856289801,34631.858869648,34632.13897717,38.3330078125,38.3330078125,0,,0
2014,FF-34-CAM-4,34633.311973964,34633.315505562,34633.45074825,38.3330078125,38.3330078125,0,,0
2016,FF-34-CAM-4,34634.323492572,34634.325815885,34634.468147507,38.3330078125,38.3330078125,0,,0
2018,FF-34-CAM-4,34635.531171099,34635.541510439,34635.68596245,38.3330078125,38.3330078125,0,,0
2020,FF-34-CAM-4,34636.584625979,34636.585936344,34636.698453195,38.3330078125,38.3330078125,0,,0
2022,FF-34-CAM-4,34637.48235413,34637.486207067,34637.604728136,38.3330078125,38.3330078125,0,,0
2024,FF-34-CAM-4,34638.503355099,34638.505557512,34638.607692319,38.3330078125,38.3330078125,0,,0
2026,FF-34-CAM-4,34639.313108871,34639.31484715,34639.454570646,38.3330078125,38.3330078125,0,,0
2028,FF-34-CAM-4,34640.346253898,34640.35016631,34640.503535963,38.3330078125,38.3330078125,0,,0
2030,FF-34-CAM-4,34641.33423329,34641.335901197,34641.568960957,38.3330078125,38.3330078125,0,,0
2032,FF-34-CAM-4,34642.391220802,34642.392719533,34642.499037881,38.3330078125,38.3330078125,0,,0
2034,FF-34-CAM-4,34643.226973229,34643.229271838,34643.433363669,38.3330078125,38.3330078125,0,,0
2036,FF-34-CAM-4,34644.346207205,34644.348170669,34644.479772268,38.3330078125,38.3330078125,0,,0
2038,FF-34-CAM-4,34645.314268374,34645.317483237,34645.456442738,38.3330078125,38.3330078125,0,,0
2040,FF-34-CAM-4,34646.654482584,34646.656661787,34646.776709847,38.3330078125,38.3330078125,0,,0
2042,FF-34-CAM-4,34647.936384733,34647.938991361,34648.062840834,38.3330078125,38.3330078125,0,,0
2044,FF-34-CAM-4,34648.794618657,34648.799352074,34648.897262292,38.3330078125,38.3330078125,0,,0
2046,FF-34-CAM-4,34649.694608013,34649.69798805,34649.943345941,38.3330078125,38.3330078125,0,,0
2048,FF-34-CAM-4,34650.84094346,34650.842802135,34650.967819883,38.3330078125,38.3330078125,0,,0
2050,FF-34-CAM-4,34651.769854132,34651.774059839,34652.043510026,38.3330078125,38.3330078125,0,,0
2052,FF-34-CAM-4,34652.910796349,34652.912686681,34653.002333117,38.3330078125,38.3330078125,0,,0
2054,FF-34-CAM-4,34653.839041062,34653.840394494,34653.984729427,38.3330078125,38.3330078125,0,,0
2056,FF-34-CAM-4,34655.032661983,34655.034444206,34655.234705161,38.3330078125,38.3330078125,0,,0
2058,FF-34-CAM-4,34656.083263166,34656.087314464,34656.21122277,38.3330078125,38.3330078125,0,,0
2060,FF-34-CAM-4,34657.216757503,34657.230253478,34657.370764526,38.3330078125,38.3330078125,0,,0
2062,FF-34-CAM-4,34658.116077663,34658.119314674,34658.27825853,38.3330078125,38.3330078125,0,,0
2064,FF-34-CAM-4,34659.001367005,34659.003276596,34659.191062306,38.3330078125,38.3330078125,0,,0
2066,FF-34-CAM-4,34660.055378393,34660.057545605,34660.163822661,38.3330078125,38.3330078125,0,,0
2068,FF-34-CAM-4,34661.011351605,34661.0132581,34661.144636062,38.3330078125,38.3330078125,0,,0
2070,FF-34-CAM-4,34662.083620512,34662.087693289,34662.256923284,38.3330078125,38.3330078125,0,,0
2072,FF-34-CAM-4,34663.158747001,34663.160425846,34663.267899723,38.3330078125,38.3330078125,0,,0
2074,FF-34-CAM-4,34664.095866946,34664.098253653,34664.217099332,38.3330078125,38.3330078125,0,,0
2076,FF-34-CAM-4,34665.070099385,34665.073543537,34665.253605144,38.3330078125,38.3330078125,0,,0
2078,FF-34-CAM-4,34666.025064128,34666.027513713,34666.157350845,38.3330078125,38.3330078125,0,,0
2080,FF-34-CAM-4,34667.014317274,34667.016654443,34667.184523022,38.3330078125,38.3330078125,0,,0
2082,FF-34-CAM-4,34668.000580482,34668.003813884,34668.207671314,38.3330078125,38.3330078125,0,,0
2084,FF-34-CAM-4,34669.035334208,34669.037899278,34669.223844779,38.3330078125,38.3330078125,0,,0
2086,FF-34-CAM-4,34670.023982042,34670.026025193,34670.217398126,38.3330078125,38.3330078125,0,,0
2088,FF-34-CAM-4,34671.251855926,34671.253348122,34671.402742052,38.3330078125,38.3330078125,0,,0
2090,FF-34-CAM-4,34672.481300624,34672.493053149,34672.743215621,38.3330078125,38.3330078125,0,,0
2092,FF-34-CAM-4,34673.62884159,34673.63099223,34673.749932973,38.3330078125,38.3330078125,0,,0
2094,FF-34-CAM-4,34674.85929189,34674.862673171,34675.042938436,38.3330078125,38.3330078125,0,,0
2096,FF-34-CAM-4,34675.863698176,34675.866108113,34676.009127722,38.3330078125,38.3330078125,0,,0
2098,FF-34-CAM-4,34676.848567528,34676.850813307,34676.969968794,38.3330078125,38.3330078125,0,,0
2100,FF-34-CAM-4,34677.928112618,34677.929841975,34678.218996441,38.3330078125,38.3330078125,0,,0
2102,FF-34-CAM-4,34679.040236015,34679.042265902,34679.156371531,38.3330078125,38.3330078125,0,,0
2104,FF-34-CAM-4,34680.006980421,34680.009763611,34680.221209877,38.3330078125,38.3330078125,0,,0
2106,FF-34-CAM-4,34681.210343156,34681.21313303,34681.337830676,38.3330078125,38.3330078125,0,,0
2108,FF-34-CAM-4,34682.110519785,34682.11299589,34682.239033675,38.3330078125,38.3330078125,0,,0
2110,FF-34-CAM-4,34682.926817789,34682.92886398,34683.016627468,38.3330078125,38.3330078125,0,,0
2114,FF-34-CAM-4,34684.97040413,34684.972304083,34685.124726859,38.33349609375,38.3330078125,0,,0
2116,FF-34-CAM-4,34685.948609246,34685.950619674,34686.233414562,38.3330078125,38.3330078125,0,,0
2118,FF-34-CAM-4,34687.060030989,34687.06175731,34687.299328888,38.3330078125,38.3330078125,0,,0
2120,FF-34-CAM-4,34688.046581327,34688.04969141,34688.319510438,38.3330078125,38.3330078125,0,,0
2122,FF-34-CAM-4,34689.199779849,34689.207939774,34689.329982241,38.3330078125,38.3330078125,0,,0
2124,FF-34-CAM-4,34690.209650779,34690.213130057,34690.353787556,38.3330078125,38.3330078125,0,,0
2126,FF-34-CAM-4,34691.208912675,34691.212170083,34691.419230867,38.3330078125,38.3330078125,0,,0
2128,FF-34-CAM-4,34692.284404437,34692.286304848,34692.425796416,38.3330078125,38.3330078125,0,,0
2130,FF-34-CAM-4,34693.351131208,34693.352744623,34693.462049462,38.3330078125,38.3330078125,0,,0
2132,FF-34-CAM-4,34694.391202971,34694.392672806,34694.63846038,38.3330078125,38.3330078125,0,,0
2134,FF-34-CAM-4,34695.60843733,34695.611878374,34695.779334256,38.3330078125,38.3330078125,0,,0
2136,FF-34-CAM-4,34696.946423874,34696.94864414,34697.070387812,38.3330078125,38.3330078125,0,,0
2138,FF-34-CAM-4,34698.02061206,34698.024955674,34698.209167676,38.3330078125,38.3330078125,0,,0
2140,FF-34-CAM-4,34699.043819223,34699.046207405,34699.226430445,38.3330078125,38.3330078125,0,,0
2142,FF-34-CAM-4,34700.043173057,34700.044844147,34700.291917682,38.3330078125,38.3330078125,0,,0
2144,FF-34-CAM-4,34701.316769889,34701.321315801,34701.503340302,38.3330078125,38.3330078125,0,,0
2146,FF-34-CAM-4,34702.365501615,34702.368123757,34702.511375297,38.3330078125,38.3330078125,0,,0
2148,FF-34-CAM-4,34703.405635357,34703.407765716,34703.532380552,38.3330078125,38.3330078125,0,,0
2150,FF-34-CAM-4,34704.307368871,34704.308983523,34704.529377926,38.3330078125,38.3330078125,0,,0
2152,FF-34-CAM-4,34705.314021304,34705.315716094,34705.47885139,38.3330078125,38.3330078125,0,,0
2154,FF-34-CAM-4,34706.318777256,34706.321198483,34706.42016436,38.3330078125,38.3330078125,0,,0
2156,FF-34-CAM-4,34707.342026627,34707.344777877,34707.541771428,38.3330078125,38.3330078125,0,,0
2158,FF-34-CAM-4,34708.397668354,34708.399770029,34708.5403178,38.3330078125,38.3330078125,0,,0
2160,FF-34-CAM-4,34709.530730284,34709.532935147,34709.735472785,38.3330078125,38.3330078125,0,,0
2162,FF-34-CAM-4,34710.600026053,34710.601369061,34710.719628224,38.3330078125,38.3330078125,0,,0
2164,FF-34-CAM-4,34711.632439465,34711.639176747,34711.754909183,38.3330078125,38.3330078125,0,,0
2166,FF-34-CAM-4,34712.575922808,34712.579414981,34712.746062877,38.3330078125,38.3330078125,0,,0
2168,FF-34-CAM-4,34713.68293541,34713.684720673,34713.771252026,38.3330078125,38.3330078125,0,,0
2170,FF-34-CAM-4,34714.525859469,34714.528481127,34714.72143766,38.3330078125,38.3330078125,0,,0
2172,FF-34-CAM-4,34715.603677325,34715.606333613,34715.730519879,38.3330078125,38.3330078125,0,,0
2174,FF-34-CAM-4,34716.754540713,34716.766361233,34716.90809985,38.3330078125,38.3330078125,0,,0
2176,FF-34-CAM-4,34717.874646292,34717.876795875,34718.049636809,38.3330078125,38.3330078125,0,,0
2178,FF-34-CAM-4,34718.86132895,34718.865502724,34718.951473209,38.3330078125,38.3330078125,0,,0
2180,FF-34-CAM-4,34719.75462746,34719.762696585,34719.874288873,38.3330078125,38.3330078125,0,,0
2182,FF-34-CAM-4,34720.6341358,34720.63576275,34720.735725931,38.3330078125,38.3330078125,0,,0
2184,FF-34-CAM-4,34721.543914084,34721.549830717,34721.655088164,38.3330078125,38.3330078125,0,,0
2186,FF-34-CAM-4,34722.290246963,34722.292145236,34722.440417161,38.3330078125,38.3330078125,0,,0
2188,FF-34-CAM-4,34723.26552745,34723.267917229,34723.356035437,38.3330078125,38.3330078125,0,,0
2190,FF-34-CAM-4,34724.209108288,34724.211090306,34724.417784939,38.3330078125,38.3330078125,0,,0
2192,FF-34-CAM-4,34725.193919375,34725.198597618,34725.452772353,38.3330078125,38.3330078125,0,,0
2194,FF-34-CAM-4,34726.348658073,34726.351306285,34726.48022257,38.3330078125,38.3330078125,0,,0
2196,FF-34-CAM-4,34727.344888808,34727.349529777,34727.54737446,38.3330078125,38.3330078125,0,,0
2198,FF-34-CAM-4,34728.390284624,34728.39266516,34728.587419417,38.3330078125,38.3330078125,0,,0
2200,FF-34-CAM-4,34729.69438998,34729.697930011,34729.799143619,38.3330078125,38.3330078125,0,,0
2202,FF-34-CAM-4,34730.656674011,34730.659754798,34730.840956477,38.3330078125,38.3330078125,0,,0
2204,FF-34-CAM-4,34731.63998437,34731.64194052,34731.763288061,38.3330078125,38.3330078125,0,,0
2206,FF-34-CAM-4,34732.617179359,34732.62021985,34732.698869254,38.3330078125,38.3330078125,0,,0
2208,FF-34-CAM-4,34733.547330442,34733.55015788,34733.695837858,38.3330078125,38.3330078125,0,,0
2210,FF-34-CAM-4,34734.450378003,34734.454182863,34734.588480136,38.3330078125,38.3330078125,0,,0
2212,FF-34-CAM-4,34735.332403739,34735.334591722,34735.473419357,38.3330078125,38.3330078125,0,,0
2214,FF-34-CAM-4,34736.285696191,34736.287277968,34736.41439271,38.3330078125,38.3330078125,0,,0
2216,FF-34-CAM-4,34737.262986595,34737.266519778,34737.380810264,38.3330078125,38.3330078125,0,,0
2218,FF-34-CAM-4,34738.195329917,34738.199551239,34738.305584044,38.3330078125,38.3330078125,0,,0
2220,FF-34-CAM-4,34739.155463553,34739.158294344,34739.383554744,38.3330078125,38.3330078125,0,,0
2222,FF-34-CAM-4,34740.197671298,34740.200997806,34740.344498246,38.3330078125,38.3330078125,0,,0
2224,FF-34-CAM-4,34741.286839749,34741.290254199,34741.399059301,38.3330078125,38.3330078125,0,,0
2226,FF-34-CAM-4,34742.165651394,34742.17463929,34742.374371156,38.3330078125,38.3330078125,0,,0
2228,FF-34-CAM-4,34742.881826215,34742.888574177,34743.005459268,38.3330078125,38.3330078125,0,,0
2230,FF-34-CAM-4,34743.610032381,34743.612593818,34743.752524037,38.3330078125,38.3330078125,0,,0
2232,FF-34-CAM-4,34744.393239115,34744.394417631,34744.481402947,38.3330078125,38.3330078125,0,,0
2234,FF-34-CAM-4,34745.092411484,34745.095186172,34745.258250679,38.3330078125,38.3330078125,0,,0
2236,FF-34-CAM-4,34745.867084794,34745.869295972,34745.951395076,38.3330078125,38.3330078125,0,,0
2238,FF-34-CAM-4,34746.539947909,34746.541863404,34746.727681383,38.3330078125,38.3330078125,0,,0
2240,FF-34-CAM-4,34747.392365709,34747.39348199,34747.523953236,38.3330078125,38.3330078125,0,,0
2242,FF-34-CAM-4,34748.164499633,34748.166126977,34748.244634244,38.3330078125,38.3330078125,0,,0
2244,FF-34-CAM-4,34749.010057442,34749.012231727,34749.143393891,38.3330078125,38.3330078125,0,,0
2246,FF-34-CAM-4,34749.815119437,34749.827297861,34750.009017469,38.3330078125,38.3330078125,0,,0
2248,FF-34-CAM-4,34750.632420072,34750.634833912,34750.732632747,38.3330078125,38.3330078125,0,,0
2250,FF-34-CAM-4,34751.391430398,34751.394255024,34751.542232204,38.3330078125,38.3330078125,0,,0
2252,FF-34-CAM-4,34752.284309796,34752.286688941,34752.384609163,38.3330078125,38.3330078125,0,,0
2254,FF-34-CAM-4,34753.086533216,34753.08805365,34753.191718571,38.3330078125,38.3330078125,0,,0
2256,FF-34-CAM-4,34753.848761904,34753.850259241,34753.945033755,38.3330078125,38.3330078125,0,,0
2258,FF-34-CAM-4,34754.96544551,34754.968936413,34755.147405728,38.3330078125,38.3330078125,0,,0
2260,FF-34-CAM-4,34755.669994806,34755.67162209,34755.739901189,38.3330078125,38.3330078125,0,,0
2262,FF-34-CAM-4,34756.575937196,34756.584821458,34756.753891907,38.3330078125,38.3330078125,0,,0
2264,FF-34-CAM-4,34757.45304036,34757.45581385,34757.694624607,38.3330078125,38.3330078125,0,,0
2266,FF-34-CAM-4,34758.34745099,34758.3487106,34758.494486692,38.3330078125,38.3330078125,0,,0
2268,FF-34-CAM-4,34759.16229752,34759.165653068,34759.278967878,38.3330078125,38.3330078125,0,,0
2270,FF-34-CAM-4,34759.889460276,34759.89233691,34759.97633893,38.3330078125,38.3330078125,0,,0
2272,FF-34-CAM-4,34760.573434355,34760.575819759,34760.679616153,38.3330078125,38.3330078125,0,,0
2274,FF-34-CAM-4,34761.251388951,34761.253228557,34761.335745463,38.3330078125,38.3330078125,0,,0
2276,FF-34-CAM-4,34761.891281543,34761.893152973,34762.018799448,38.3330078125,38.3330078125,0,,0
2278,FF-34-CAM-4,34762.682425026,34762.684558552,34762.79836641,38.3330078125,38.3330078125,0,,0
2280,FF-34-CAM-4,34763.434466091,34763.437112428,34763.559515744,38.3330078125,38.3330078125,0,,0
2282,FF-34-CAM-4,34764.152248074,34764.153892891,34764.254334812,38.3330078125,38.3330078125,0,,0
2284,FF-34-CAM-4,34764.915454411,34764.918780162,34765.010760747,38.3330078125,38.3330078125,0,,0
2286,FF-34-CAM-4,34765.694777031,34765.696458015,34765.80962905,38.3330078125,38.3330078125,0,,0
2288,FF-34-CAM-4,34766.517253525,34766.519862682,34766.613496481,38.3330078125,38.3330078125,0,,0
2290,FF-34-CAM-4,34767.150227168,34767.152323164,34767.296483298,38.3330078125,38.3330078125,0,,0
2292,FF-34-CAM-4,34767.834415302,34767.83640403,34767.922188535,38.3330078125,38.3330078125,0,,0
2294,FF-34-CAM-4,34768.504635418,34768.505984291,34768.576814169,38.3330078125,38.3330078125,0,,0
2296,FF-34-CAM-4,34769.16006686,34769.162758083,34769.318616075,38.3330078125,38.3330078125,0,,0
2298,FF-34-CAM-4,34769.915763183,34769.919499853,34770.03394407,38.3330078125,38.3330078125,0,,0
2300,FF-34-CAM-4,34770.715363222,34770.717364498,34770.835641875,38.3330078125,38.3330078125,0,,0
2302,FF-34-CAM-4,34771.448253673,34771.450457056,34771.614482399,38.3330078125,38.3330078125,0,,0
2304,FF-34-CAM-4,34772.297793046,34772.299661507,34772.37819684,38.3330078125,38.3330078125,0,,0
2306,FF-34-CAM-4,34773.078062701,34773.080139787,34773.229641822,38.3330078125,38.3330078125,0,,0
2308,FF-34-CAM-4,34773.950938704,34773.952868788,34774.04359785,38.3330078125,38.3330078125,0,,0
2310,FF-34-CAM-4,34774.704224998,34774.705789168,34774.783911387,38.3330078125,38.3330078125,0,,0
2312,FF-34-CAM-4,34775.351820452,34775.353614963,34775.424614224,38.3330078125,38.3330078125,0,,0
2314,FF-34-CAM-4,34776.037650685,34776.042489684,34776.209538601,38.3330078125,38.3330078125,0,,0
2316,FF-34-CAM-4,34776.863462664,34776.866172152,34776.980732835,38.3330078125,38.3330078125,0,,0
2318,FF-34-CAM-4,34777.632983832,34777.634821045,34777.76084366,38.3330078125,38.3330078125,0,,0
2320,FF-34-CAM-4,34778.463160668,34778.465026493,34778.567681089,38.3330078125,38.3330078125,0,,0
2322,FF-34-CAM-4,34779.262233886,34779.264457724,34779.40277989,38.3330078125,38.3330078125,0,,0
2324,FF-34-CAM-4,34780.055879372,34780.057121122,34780.150751899,38.3330078125,38.3330078125,0,,0
2326,FF-34-CAM-4,34780.713651514,34780.715474417,34780.818654273,38.3330078125,38.3330078125,0,,0
2328,FF-34-CAM-4,34781.453750206,34781.471401671,34781.639593133,38.3330078125,38.3330078125,0,,0
2330,FF-34-CAM-4,34782.256253328,34782.261074252,34782.358488218,38.3330078125,38.3330078125,0,,0
2332,FF-34-CAM-4,34782.9974739,34782.998934808,34783.133306841,38.3330078125,38.3330078125,0,,0
2334,FF-34-CAM-4,34783.719684627,34783.720946072,34783.838292174,38.3330078125,38.3330078125,0,,0
2336,FF-34-CAM-4,34784.408707219,34784.411098422,34784.51686283,38.3330078125,38.3330078125,0,,0
2338,FF-34-CAM-4,34785.101707821,34785.10344534,34785.189428336,38.3330078125,38.3330078125,0,,0
2340,FF-34-CAM-4,34785.771266875,34785.772831052,34785.851122124,38.3330078125,38.3330078125,0,,0
2342,FF-34-CAM-4,34786.467832335,34786.471070736,34786.660786523,38.3330078125,38.3330078125,0,,0
2344,FF-34-CAM-4,34787.481893177,34787.48331882,34787.676559782,38.3330078125,38.3330078125,0,,0
2346,FF-34-CAM-4,34788.522827932,34788.524850094,34788.629953653,38.3330078125,38.3330078125,0,,0
2348,FF-34-CAM-4,34789.201849611,34789.203202649,34789.270673561,38.3330078125,38.3330078125,0,,0
2350,FF-34-CAM-4,34789.986716969,34789.988114639,34790.107470034,38.3330078125,38.3330078125,0,,0
2352,FF-34-CAM-4,34790.675936247,34790.677491766,34790.768410398,38.3330078125,38.3330078125,0,,0
2354,FF-34-CAM-4,34791.436415611,34791.438506218,34791.65121099,38.3330078125,38.3330078125,0,,0
2356,FF-34-CAM-4,34792.244910792,34792.247322069,34792.324772582,38.3330078125,38.3330078125,0,,0
2358,FF-34-CAM-4,34792.914135344,34792.915581792,34793.014203462,38.3330078125,38.3330078125,0,,0
2360,FF-34-CAM-4,34793.58957894,34793.590966206,34793.667616922,38.3330078125,38.3330078125,0,,0
2362,FF-34-CAM-4,34794.321570832,34794.32441455,34794.450608552,38.3330078125,38.3330078125,0,,0
2364,FF-34-CAM-4,34795.044323646,34795.046680431,34795.151407998,38.3330078125,38.3330078125,0,,0
2366,FF-34-CAM-4,34795.702837539,34795.705468555,34795.852976413,38.3330078125,38.3330078125,0,,0
2368,FF-34-CAM-4,34796.464336935,34796.468845674,34796.549421051,38.3330078125,38.3330078125,0,,0
2370,FF-34-CAM-4,34797.39846787,34797.412822216,34797.480237207,38.3330078125,38.3330078125,0,,0
2372,FF-34-CAM-4,34798.071965037,34798.073409023,34798.210743347,38.3330078125,38.3330078125,0,,0
2374,FF-34-CAM-4,34798.774121431,34798.775719768,34798.838977557,38.3330078125,38.3330078125,0,,0
2376,FF-34-CAM-4,34799.443830302,34799.445575065,34799.55833355,38.3330078125,38.3330078125,0,,0
2378,FF-34-CAM-4,34800.208106043,34800.215699874,34800.323534262,38.3330078125,38.3330078125,0,,0
2380,FF-34-CAM-4,34800.979247011,34800.982074433,34801.097052352,38.3330078125,38.3330078125,0,,0
2382,FF-34-CAM-4,34801.691082394,34801.693684661,34801.766076001,38.3330078125,38.3330078125,0,,0
2384,FF-34-CAM-4,34802.363245512,34802.365401262,34802.524788503,38.3330078125,38.3330078125,0,,0
2386,FF-34-CAM-4,34803.23810095,34803.240211534,34803.307460554,38.3330078125,38.3330078125,0,,0
2388,FF-34-CAM-4,34804.01004413,34804.013332616,34804.098383047,38.3330078125,38.3330078125,0,,0
2390,FF-34-CAM-4,34804.70347693,34804.711824797,34804.873788607,38.3330078125,38.3330078125,0,,0
2392,FF-34-CAM-4,34805.456425305,34805.458463766,34805.584123445,38.3330078125,38.3330078125,0,,0
2394,FF-34-CAM-4,34806.166740912,34806.168252232,34806.256048321,38.3330078125,38.3330078125,0,,0
2396,FF-34-CAM-4,34806.808074399,34806.810297082,34806.965899398,38.3330078125,38.3330078125,0,,0
2398,FF-34-CAM-4,34807.644217451,34807.647523127,34807.812986504,38.3330078125,38.3330078125,0,,0
2400,FF-34-CAM-4,34808.4445567,34808.44609296,34808.541400053,38.3330078125,38.3330078125,0,,0
2402,FF-34-CAM-4,34809.245791763,34809.247620059,34809.381600523,38.3330078125,38.3330078125,0,,0
2404,FF-34-CAM-4,34810.054841366,34810.056712914,34810.14422762,38.3330078125,38.3330078125,0,,0
2406,FF-34-CAM-4,34810.765349674,34810.768238614,34810.868273895,38.3330078125,38.3330078125,0,,0
2408,FF-34-CAM-4,34811.501383757,34811.506331387,34811.733452661,38.3330078125,38.3330078125,0,,0
2410,FF-34-CAM-4,34812.335493071,34812.337500806,34812.436977956,38.3330078125,38.3330078125,0,,0
2412,FF-34-CAM-4,34812.977506879,34812.979775597,34813.090829543,38.3330078125,38.3330078125,0,,0
2414,FF-34-CAM-4,34813.862558497,34813.865419956,34813.960318942,38.3330078125,38.3330078125,0,,0
2416,FF-34-CAM-4,34814.795597735,34814.797547823,34814.971606388,38.3330078125,38.3330078125,0,,0
2418,FF-34-CAM-4,34815.754302739,34815.756141008,34815.915874681,38.3330078125,38.3330078125,0,,0
2420,FF-34-CAM-4,34816.532195354,34816.534050336,34816.635094988,38.3330078125,38.3330078125,0,,0
2422,FF-34-CAM-4,34817.316538314,34817.318340803,34817.413140559,38.3330078125,38.3330078125,0,,0
2424,FF-34-CAM-4,34818.165208787,34818.166683555,34818.260868548,38.3330078125,38.3330078125,0,,0
2426,FF-34-CAM-4,34819.023795529,34819.026516268,34819.153016926,38.3330078125,38.3330078125,0,,0
2428,FF-34-CAM-4,34819.761719381,34819.763587849,34819.864304798,38.3330078125,38.3330078125,0,,0
2430,FF-34-CAM-4,34820.451336525,34820.454264247,34820.537686304,38.3330078125,38.3330078125,0,,0
2432,FF-34-CAM-4,34821.23922708,34821.245586935,34821.384124111,38.3330078125,38.3330078125,0,,0
2434,FF-34-CAM-4,34822.00255656,34822.00458938,34822.083410641,38.3330078125,38.3330078125,0,,0
2436,FF-34-CAM-4,34822.714680003,34822.716256183,34822.816377772,38.3330078125,38.3330078125,0,,0
2438,FF-34-CAM-4,34823.438249389,34823.439576583,34823.523655398,38.3330078125,38.3330078125,0,,0
2440,FF-34-CAM-4,34824.218828973,34824.220350127,34824.330044351,38.3330078125,38.3330078125,0,,0
2442,FF-34-CAM-4,34825.106104995,34825.108717869,34825.237654197,38.3330078125,38.3330078125,0,,0
2444,FF-34-CAM-4,34825.856303693,34825.857995344,34826.018437909,38.3330078125,38.3330078125,0,,0
2446,FF-34-CAM-4,34826.628574188,34826.629815997,34826.724995916,38.3330078125,38.3330078125,0,,0
2448,FF-34-CAM-4,34827.388045535,34827.390388596,34827.474811923,38.3330078125,38.3330078125,0,,0
2450,FF-34-CAM-4,34828.138786768,34828.140666672,34828.245825347,38.3330078125,38.3330078125,0,,0
2452,FF-34-CAM-4,34828.86548881,34828.872929318,34829.016935995,38.3330078125,38.3330078125,0,,0
2454,FF-34-CAM-4,34829.703054228,34829.705909967,34829.796302763,38.3330078125,38.3330078125,0,,0
2456,FF-34-CAM-4,34830.411219522,34830.414118035,34830.608354674,38.3330078125,38.3330078125,0,,0
2458,FF-34-CAM-4,34831.212739711,34831.214924512,34831.382204609,38.3330078125,38.3330078125,0,,0
2460,FF-34-CAM-4,34831.951601709,34831.95347225,34832.076812756,38.3330078125,38.3330078125,0,,0
2462,FF-34-CAM-4,34832.673390338,34832.674437324,34832.80466093,38.3330078125,38.3330078125,0,,0
2464,FF-34-CAM-4,34833.415131039,34833.416634312,34833.567497857,38.3330078125,38.3330078125,0,,0
2466,FF-34-CAM-4,34834.274033571,34834.27555219,34834.384659503,38.3330078125,38.3330078125,0,,0
2468,FF-34-CAM-4,34835.006350331,34835.008100053,34835.113577416,38.3330078125,38.3330078125,0,,0
2470,FF-34-CAM-4,34835.735448749,34835.736958302,34835.855782711,38.3330078125,38.3330078125,0,,0
2472,FF-34-CAM-4,34836.570661236,34836.572354206,34836.751559406,38.3330078125,38.3330078125,0,,0
2474,FF-34-CAM-4,34837.646039981,34837.649302343,34837.751191995,38.3330078125,38.3330078125,0,,0
2476,FF-34-CAM-4,34838.413153891,34838.418041613,34838.598235016,38.3330078125,38.3330078125,0,,0
2480,FF-34-CAM-4,34840.164174137,34840.166085655,34840.25178734,38.33349609375,38.3330078125,0,,0
2482,FF-34-CAM-4,34841.023892012,34841.027677703,34841.169350224,38.3330078125,38.3330078125,0,,0
2484,FF-34-CAM-4,34842.611518468,34842.615103536,34842.707745797,38.3330078125,38.3330078125,0,,0
2486,FF-34-CAM-4,34843.390781749,34843.391897836,34843.521689499,38.3330078125,38.3330078125,0,,0
2488,FF-34-CAM-4,34844.185475905,34844.187172871,34844.323862482,38.3330078125,38.3330078125,0,,0
2492,FF-34-CAM-4,34845.633299751,34845.636026176,34845.738545652,38.33349609375,38.3330078125,0,,0
2496,FF-34-CAM-4,34847.083036528,34847.085466748,34847.176045636,38.33349609375,38.3330078125,0,,0
2498,FF-34-CAM-4,34847.753288074,34847.755727316,34847.842251255,38.3330078125,38.3330078125,0,,0
2500,FF-34-CAM-4,34848.479874116,34848.482706254,34848.624721889,38.3330078125,38.3330078125,0,,0
2502,FF-34-CAM-4,34849.227469956,34849.23101726,34849.346909738,38.3330078125,38.3330078125,0,,0
2504,FF-34-CAM-4,34849.998274119,34850.001331071,34850.073382332,38.3330078125,38.3330078125,0,,0
2506,FF-34-CAM-4,34850.746427968,34850.749092192,34850.854728866,38.3330078125,38.3330078125,0,,0
2508,FF-34-CAM-4,34851.430983237,34851.433730892,34851.535578305,38.3330078125,38.3330078125,0,,0
2512,FF-34-CAM-4,34852.94274432,34852.94429376,34853.008517474,38.33349609375,38.3330078125,0,,0
2514,FF-34-CAM-4,34853.628926534,34853.63720417,34853.70427266,38.3330078125,38.3330078125,0,,0
2516,FF-34-CAM-4,34854.28158408,34854.282856909,34854.387946931,38.3330078125,38.3330078125,0,,0
2522,FF-34-CAM-4,34856.492475623,34856.496261892,34856.604680369,38.33349609375,38.3330078125,0,,0
2524,FF-34-CAM-4,34857.154892646,34857.157108565,34857.291953429,38.3330078125,38.3330078125,0,,0
2526,FF-34-CAM-4,34857.89823622,34857.899407633,34858.007200969,38.3330078125,38.3330078125,0,,0
2528,FF-34-CAM-4,34858.569277469,34858.571149358,34858.746460425,38.3330078125,38.3330078125,0,,0
2530,FF-34-CAM-4,34859.29543534,34859.297272562,34859.419983631,38.3330078125,38.3330078125,0,,0
2532,FF-34-CAM-4,34860.022852541,34860.026990678,34860.095440817,38.3330078125,38.3330078125,0,,0
2534,FF-34-CAM-4,34860.725477207,34860.727428955,34860.823347858,38.3330078125,38.3330078125,0,,0
2536,FF-34-CAM-4,34861.450715536,34861.453121379,34861.55255588,38.3330078125,38.3330078125,0,,0
2538,FF-34-CAM-4,34862.251749524,34862.253207578,34862.387781125,38.3330078125,38.3330078125,0,,0
2540,FF-34-CAM-4,34862.963791154,34862.967871864,34863.046421174,38.3330078125,38.3330078125,0,,0
2542,FF-34-CAM-4,34863.696655507,34863.69754757,34863.812132809,38.3330078125,38.3330078125,0,,0
2544,FF-34-CAM-4,34864.463979218,34864.465847361,34864.540560173,38.3330078125,38.3330078125,0,,0
2546,FF-34-CAM-4,34865.142462954,34865.14777711,34865.271978997,38.3330078125,38.3330078125,0,,0
2548,FF-34-CAM-4,34865.853973928,34865.856287376,34865.962191688,38.3330078125,38.3330078125,0,,0
2550,FF-34-CAM-4,34866.561057841,34866.56809216,34866.723813187,38.3330078125,38.3330078125,0,,0
2552,FF-34-CAM-4,34867.367844074,34867.37004482,34867.471160782,38.3330078125,38.3330078125,0,,0
2554,FF-34-CAM-4,34868.068092016,34868.069464452,34868.131959446,38.3330078125,38.3330078125,0,,0
2556,FF-34-CAM-4,34868.759489005,34868.763772601,34868.884665105,38.3330078125,38.3330078125,0,,0
2558,FF-34-CAM-4,34869.51787705,34869.520103125,34869.611393943,38.3330078125,38.3330078125,0,,0
2560,FF-34-CAM-4,34870.241082939,34870.242214472,34870.366762034,38.3330078125,38.3330078125,0,,0
2562,FF-34-CAM-4,34870.999581745,34871.001249664,34871.063852867,38.3330078125,38.3330078125,0,,0
2564,FF-34-CAM-4,34871.608018326,34871.609801832,34871.691261154,38.3330078125,38.3330078125,0,,0
2566,FF-34-CAM-4,34872.318798631,34872.321142693,34872.415367645,38.3330078125,38.3330078125,0,,0
2568,FF-34-CAM-4,34872.996899903,34873.000956091,34873.117972826,38.3330078125,38.3330078125,0,,0
2570,FF-34-CAM-4,34873.776416802,34873.777981768,34873.861775107,38.3330078125,38.3330078125,0,,0
2572,FF-34-CAM-4,34874.473360399,34874.476746723,34874.582634658,38.3330078125,38.3330078125,0,,0
2585,FF-34-CAM-4,34878.119631982,34878.120553344,34878.219335569,38.3330078125,38.3330078125,0,,0
2587,FF-34-CAM-4,34878.938596719,34878.939603533,34879.021072864,38.3330078125,38.3330078125,0,,0
2596,FF-34-CAM-4,34881.483888725,34881.485128319,34881.586610447,38.3330078125,38.3330078125,0,,0
2598,FF-34-CAM-4,34882.107766056,34882.109329768,34882.232147465,38.3330078125,38.3330078125,0,,0
2600,FF-34-CAM-4,34882.866904375,34882.868502939,34882.97425378,38.3330078125,38.3330078125,0,,0
2602,FF-34-CAM-4,34883.535840651,34883.537871457,34883.637740993,38.3330078125,38.3330078125,0,,0
2604,FF-34-CAM-4,34884.223627142,34884.225989032,34884.316714427,38.3330078125,38.3330078125,0,,0
2606,FF-34-CAM-4,34884.856185728,34884.857735577,34884.919754252,38.3330078125,38.3330078125,0,,0
2608,FF-34-CAM-4,34885.464666995,34885.465576517,34885.581254252,38.3330078125,38.3330078125,0,,0
2610,FF-34-CAM-4,34886.152232069,34886.153832263,34886.226281856,38.3330078125,38.3330078125,0,,0
2612,FF-34-CAM-4,34886.927834603,34886.931375926,34887.073324241,38.3330078125,38.3330078125,0,,0
2614,FF-34-CAM-4,34887.72797584,34887.728980186,34887.836503816,38.3330078125,38.3330078125,0,,0
2616,FF-34-CAM-4,34889.225121813,34889.233690969,34889.319322652,38.3330078125,38.3330078125,0,,0
2618,FF-34-CAM-4,34889.829066151,34889.831843715,34889.907332051,38.3330078125,38.3330078125,0,,0
2620,FF-34-CAM-4,34890.585914801,34890.587187529,34890.685244666,38.3330078125,38.3330078125,0,,0
2622,FF-34-CAM-4,34891.220275235,34891.221712991,34891.262090259,38.3330078125,38.3330078125,0,,0
2630,FF-34-CAM-4,34893.263865029,34893.265184668,34893.314410396,38.3330078125,38.3330078125,0,,0
2632,FF-34-CAM-4,34893.855098115,34893.856229596,34893.923322452,38.3330078125,38.3330078125,0,,0
2634,FF-34-CAM-4,34894.443665969,34894.444766075,34894.496177304,38.3330078125,38.3330078125,0,,0
2673,FF-34-CAM-4,34904.424144285,34904.427349543,34904.498234618,38.3330078125,38.3330078125,0,,0
2675,FF-34-CAM-4,34905.060866473,34905.062207528,34905.154028267,38.3330078125,38.3330078125,0,,0
2677,FF-34-CAM-4,34905.795281459,34905.797387954,34905.894247978,38.3330078125,38.3330078125,0,,0
2679,FF-34-CAM-4,34906.42785298,34906.43264963,34906.569021559,38.3330078125,38.3330078125,0,,0
2681,FF-34-CAM-4,34907.130804609,34907.131917834,34907.232358487,38.3330078125,38.3330078125,0,,0
2683,FF-34-CAM-4,34907.894380225,34907.896417461,34907.999625631,38.3330078125,38.3330078125,0,,0
2685,FF-34-CAM-4,34908.558248464,34908.559888968,34908.616352204,38.3330078125,38.3330078125,0,,0
2687,FF-34-CAM-4,34909.21840167,34909.220429203,34909.324798438,38.3330078125,38.3330078125,0,,0
2689,FF-34-CAM-4,34909.938747848,34909.941110618,34910.080369203,38.3330078125,38.3330078125,0,,0
2691,FF-34-CAM-4,34910.611714626,34910.613934655,34910.778532046,38.3330078125,38.3330078125,0,,0
2693,FF-34-CAM-4,34911.32394781,34911.325581172,34911.3958157,38.3330078125,38.3330078125,0,,0
2695,FF-34-CAM-4,34911.981571845,34911.98310016,34912.052946855,38.3330078125,38.3330078125,0,,0
2697,FF-34-CAM-4,34912.64208261,34912.643998492,34912.702510055,38.3330078125,38.3330078125,0,,0
2705,FF-34-CAM-4,34914.96339213,34914.965464856,34915.053073219,38.3330078125,38.3330078125,0,,0
2707,FF-34-CAM-4,34915.672726822,34915.676537747,34915.741533863,38.3330078125,38.3330078125,0,,0
2709,FF-34-CAM-4,34916.253388068,34916.254588983,34916.396560159,38.3330078125,38.3330078125,0,,0
2711,FF-34-CAM-4,34916.941315111,34916.943273639,34917.046865117,38.3330078125,38.3330078125,0,,0
2713,FF-34-CAM-4,34917.627493188,34917.629703723,34917.704665154,38.3330078125,38.3330078125,0,,0
2715,FF-34-CAM-4,34918.291494819,34918.292945454,34918.376057882,38.3330078125,38.3330078125,0,,0
2717,FF-34-CAM-4,34918.95043608,34918.951310525,34919.027888111,38.3330078125,38.3330078125,0,,0
2719,FF-34-CAM-4,34919.606976962,34919.608466845,34919.692157589,38.3330078125,38.3330078125,0,,0
2721,FF-34-CAM-4,34920.281474413,34920.284770352,34920.353706402,38.3330078125,38.3330078125,0,,0
2723,FF-34-CAM-4,34920.853810308,34920.855989249,34920.92671152,38.3330078125,38.3330078125,0,,0
2725,FF-34-CAM-4,34921.573621501,34921.575021161,34921.656870108,38.3330078125,38.3330078125,0,,0
2727,FF-34-CAM-4,34922.156454783,34922.163295803,34922.229951449,38.3330078125,38.3330078125,0,,0
2729,FF-34-CAM-4,34922.764412207,34922.7664832,34922.835653216,38.3330078125,38.3330078125,0,,0
2731,FF-34-CAM-4,34923.334692452,34923.336709425,34923.471617645,38.3330078125,38.3330078125,0,,0
2733,FF-34-CAM-4,34923.941821472,34923.943144494,34924.027157235,38.3330078125,38.3330078125,0,,0
2735,FF-34-CAM-4,34924.499944581,34924.501070512,34924.578463222,38.3330078125,38.3330078125,0,,0
2737,FF-34-CAM-4,34925.087501221,34925.088478766,34925.167853588,38.3330078125,38.3330078125,0,,0
2739,FF-34-CAM-4,34925.686535464,34925.6878092,34925.771189579,38.3330078125,38.3330078125,0,,0
2741,FF-34-CAM-4,34926.308345473,34926.309622783,34926.36836322,38.3330078125,38.3330078125,0,,0
2743,FF-34-CAM-4,34926.854165864,34926.857764303,34926.95153945,38.3330078125,38.3330078125,0,,0
2745,FF-34-CAM-4,34927.384512917,34927.387025849,34927.468749126,38.3330078125,38.3330078125,0,,0
2747,FF-34-CAM-4,34927.994809632,34927.998468061,34928.102958992,38.3330078125,38.3330078125,0,,0
2749,FF-34-CAM-4,34928.650392458,34928.652075741,34928.732916285,38.3330078125,38.3330078125,0,,0
2751,FF-34-CAM-4,34929.252418872,34929.254969458,34929.329322217,38.3330078125,38.3330078125,0,,0
2753,FF-34-CAM-4,34929.925146797,34929.926047546,34930.01961164,38.3330078125,38.3330078125,0,,0
2755,FF-34-CAM-4,34930.517482438,34930.51935722,34930.605510279,38.3330078125,38.3330078125,0,,0
2757,FF-34-CAM-4,34931.089541062,34931.092106034,34931.206271352,38.3330078125,38.3330078125,0,,0
2759,FF-34-CAM-4,34931.758056184,34931.759323606,34931.885851526,38.3330078125,38.3330078125,0,,0
2761,FF-34-CAM-4,34932.388107291,34932.38956609,34932.490145423,38.3330078125,38.3330078125,0,,0
2763,FF-34-CAM-4,34933.071713127,34933.07299975,34933.186077793,38.3330078125,38.3330078125,0,,0
2790,FF-34-CAM-4,34939.622511173,34939.623802965,34939.740969976,38.3330078125,38.3330078125,0,,0
2792,FF-34-CAM-4,34940.215954074,34940.217684327,34940.315479365,38.3330078125,38.3330078125,0,,0
2794,FF-34-CAM-4,34940.763471297,34940.765140614,34940.881119921,38.3330078125,38.3330078125,0,,0
2796,FF-34-CAM-4,34941.439540219,34941.440953083,34941.503486988,38.3330078125,38.3330078125,0,,0
2798,FF-34-CAM-4,34941.989644194,34941.993148875,34942.093511473,38.3330078125,38.3330078125,0,,0
2800,FF-34-CAM-4,34942.547421337,34942.551049717,34942.624664264,38.3330078125,38.3330078125,0,,0
2802,FF-34-CAM-4,34943.127198347,34943.128165549,34943.238944588,38.3330078125,38.3330078125,0,,0
2804,FF-34-CAM-4,34943.856404002,34943.859566362,34943.944808498,38.3330078125,38.3330078125,0,,0
2806,FF-34-CAM-4,34944.373819879,34944.377015175,34944.490743991,38.3330078125,38.3330078125,0,,0
2808,FF-34-CAM-4,34944.974211047,34944.975523436,34945.095275214,38.3330078125,38.3330078125,0,,0
2810,FF-34-CAM-4,34945.594068666,34945.595628944,34945.722579616,38.3330078125,38.3330078125,0,,0
2812,FF-34-CAM-4,34946.20278739,34946.204029471,34946.305920075,38.3330078125,38.3330078125,0,,0
2814,FF-34-CAM-4,34946.849066453,34946.851859759,34946.929087523,38.3330078125,38.3330078125,0,,0
2816,FF-34-CAM-4,34947.572392427,34947.57403304,34947.662238332,38.3330078125,38.3330078125,0,,0
2818,FF-34-CAM-4,34948.117182925,34948.118646524,34948.265039641,38.3330078125,38.3330078125,0,,0
2820,FF-34-CAM-4,34948.741035512,34948.742815867,34948.817983114,38.3330078125,38.3330078125,0,,0
2822,FF-34-CAM-4,34949.338630752,34949.34008456,34949.419437936,38.3330078125,38.3330078125,0,,0
2824,FF-34-CAM-4,34949.950282944,34949.952219506,34950.027739334,38.3330078125,38.3330078125,0,,0
2826,FF-34-CAM-4,34950.579657107,34950.581531708,34950.650675496,38.3330078125,38.3330078125,0,,0
2828,FF-34-CAM-4,34951.156953726,34951.15895674,34951.234259521,38.3330078125,38.3330078125,0,,0
2830,FF-34-CAM-4,34951.767700484,34951.76887346,34951.851954764,38.3330078125,38.3330078125,0,,0
2832,FF-34-CAM-4,34952.517460447,34952.518521611,34952.591203114,38.3330078125,38.3330078125,0,,0
2834,FF-34-CAM-4,34953.013126475,34953.017572027,34953.094228356,38.3330078125,38.3330078125,0,,0
2836,FF-34-CAM-4,34953.785807827,34953.78738361,34953.84980659,38.3330078125,38.3330078125,0,,0
2838,FF-34-CAM-4,34954.284293893,34954.287946207,34954.382467571,38.3330078125,38.3330078125,0,,0
2840,FF-34-CAM-4,34954.897539498,34954.89888762,34954.942606527,38.3330078125,38.3330078125,0,,0
2842,FF-34-CAM-4,34955.417192886,34955.418643606,34955.501456147,38.3330078125,38.3330078125,0,,0
2844,FF-34-CAM-4,34955.999916489,34956.001468778,34956.082539299,38.3330078125,38.3330078125,0,,0
2846,FF-34-CAM-4,34956.626711595,34956.629891207,34956.677348001,38.3330078125,38.3330078125,0,,0
2848,FF-34-CAM-4,34957.210742471,34957.212084343,34957.323169698,38.3330078125,38.3330078125,0,,0
2850,FF-34-CAM-4,34957.738296322,34957.739699738,34957.80541642,38.3330078125,38.3330078125,0,,0
2852,FF-34-CAM-4,34958.301087502,34958.30357797,34958.370149632,38.3330078125,38.3330078125,0,,0
2854,FF-34-CAM-4,34958.82831731,34958.830166529,34958.931884712,38.3330078125,38.3330078125,0,,0
2856,FF-34-CAM-4,34959.375595904,34959.376646352,34959.448933654,38.3330078125,38.3330078125,0,,0
2858,FF-34-CAM-4,34959.884887296,34959.886389287,34959.982295679,38.3330078125,38.3330078125,0,,0
2860,FF-34-CAM-4,34960.463523535,34960.465446612,34960.532885155,38.3330078125,38.3330078125,0,,0
2862,FF-34-CAM-4,34961.028985079,34961.03053894,34961.088277712,38.3330078125,38.3330078125,0,,0
2864,FF-34-CAM-4,34961.562931419,34961.564929089,34961.660283485,38.3330078125,38.3330078125,0,,0
2866,FF-34-CAM-4,34962.114490896,34962.118729041,34962.202481442,38.3330078125,38.3330078125,0,,0
2868,FF-34-CAM-4,34962.65902493,34962.660518314,34962.7608313,38.3330078125,38.3330078125,0,,0
2870,FF-34-CAM-4,34963.21391807,34963.21535374,34963.289699278,38.3330078125,38.3330078125,0,,0
2872,FF-34-CAM-4,34963.800429673,34963.801766229,34963.901268389,38.3330078125,38.3330078125,0,,0
2874,FF-34-CAM-4,34964.410124455,34964.411703727,34964.493171565,38.3330078125,38.3330078125,0,,0
2876,FF-34-CAM-4,34965.059135264,34965.062596939,34965.16640798,38.3330078125,38.3330078125,0,,0
2878,FF-34-CAM-4,34965.603420971,34965.60493147,34965.709046562,38.3330078125,38.3330078125,0,,0
2880,FF-34-CAM-4,34966.19155841,34966.192848314,34966.304500274,38.3330078125,38.3330078125,0,,0
2882,FF-34-CAM-4,34966.754898251,34966.755828902,34966.848169568,38.3330078125,38.3330078125,0,,0
2884,FF-34-CAM-4,34967.297037503,34967.298745085,34967.382948843,38.3330078125,38.3330078125,0,,0
2886,FF-34-CAM-4,34967.856609642,34967.859596867,34967.92651203,38.3330078125,38.3330078125,0,,0
2888,FF-34-CAM-4,34968.388334066,34968.390648055,34968.492535195,38.3330078125,38.3330078125,0,,0
2890,FF-34-CAM-4,34968.931959499,34968.932904778,34969.012218999,38.3330078125,38.3330078125,0,,0
2892,FF-34-CAM-4,34969.522650597,34969.52409611,34969.58707479,38.3330078125,38.3330078125,0,,0
2894,FF-34-CAM-4,34970.058852991,34970.060621815,34970.151592654,38.3330078125,38.3330078125,0,,0
2896,FF-34-CAM-4,34970.625798055,34970.634406021,34970.742962216,38.3330078125,38.3330078125,0,,0
2898,FF-34-CAM-4,34971.186510011,34971.188563691,34971.267780922,38.3330078125,38.3330078125,0,,0
2900,FF-34-CAM-4,34971.761915821,34971.763387084,34971.822140607,38.3330078125,38.3330078125,0,,0
2902,FF-34-CAM-4,34972.269189393,34972.271322399,34972.328580705,38.3330078125,38.3330078125,0,,0
2904,FF-34-CAM-4,34972.792926687,34972.794676973,34972.852401105,38.3330078125,38.3330078125,0,,0
2906,FF-34-CAM-4,34973.370990814,34973.375919553,34973.444539146,38.3330078125,38.3330078125,0,,0
2908,FF-34-CAM-4,34973.858315461,34973.859477418,34973.948285523,38.3330078125,38.3330078125,0,,0
2910,FF-34-CAM-4,34974.422080784,34974.424186908,34974.490921955,38.3330078125,38.3330078125,0,,0
2912,FF-34-CAM-4,34975.020236168,34975.022151327,34975.12734068,38.3330078125,38.3330078125,0,,0
2914,FF-34-CAM-4,34975.603254773,34975.604419958,34975.684619059,38.3330078125,38.3330078125,0,,0
2916,FF-34-CAM-4,34976.144371016,34976.146217315,34976.224984906,38.3330078125,38.3330078125,0,,0
2918,FF-34-CAM-4,34976.775683246,34976.778211802,34976.865271201,38.3330078125,38.3330078125,0,,0
2920,FF-34-CAM-4,34977.318358802,34977.320024788,34977.401628612,38.3330078125,38.3330078125,0,,0
2922,FF-34-CAM-4,34977.935070277,34977.936166367,34978.043667006,38.3330078125,38.3330078125,0,,0
2924,FF-34-CAM-4,34978.530634136,34978.532243654,34978.585206823,38.3330078125,38.3330078125,0,,0
2926,FF-34-CAM-4,34979.078075067,34979.07923722,34979.121792481,38.3330078125,38.3330078125,0,,0
2928,FF-34-CAM-4,34979.721068932,34979.722123067,34979.796262548,38.3330078125,38.3330078125,0,,0
2930,FF-34-CAM-4,34980.220115036,34980.222088318,34980.342231404,38.3330078125,38.3330078125,0,,0
2932,FF-34-CAM-4,34980.777665129,34980.779127485,34980.856500495,38.3330078125,38.3330078125,0,,0
2934,FF-34-CAM-4,34981.343532458,34981.34538205,34981.410663854,38.3330078125,38.3330078125,0,,0
2936,FF-34-CAM-4,34981.903340212,34981.904513929,34981.954408467,38.3330078125,38.3330078125,0,,0
2938,FF-34-CAM-4,34982.407548812,34982.414139774,34982.539682436,38.3330078125,38.3330078125,0,,0
2940,FF-34-CAM-4,34983.043935766,34983.044946092,34983.137209456,38.3330078125,38.3330078125,0,,0
2942,FF-34-CAM-4,34983.587883864,34983.589239386,34983.659481622,38.3330078125,38.3330078125,0,,0
2944,FF-34-CAM-4,34984.155556542,34984.158384234,34984.215760753,38.3330078125,38.3330078125,0,,0
2946,FF-34-CAM-4,34984.692148832,34984.693480724,34984.788813657,38.3330078125,38.3330078125,0,,0
2948,FF-34-CAM-4,34985.296197276,34985.297553683,34985.377761944,38.3330078125,38.3330078125,0,,0
2950,FF-34-CAM-4,34985.83397834,34985.835272714,34985.896362549,38.3330078125,38.3330078125,0,,0
2952,FF-34-CAM-4,34986.322296996,34986.325145177,34986.421741114,38.3330078125,38.3330078125,0,,0
2956,FF-34-CAM-4,34987.506893541,34987.508058853,34987.569214945,38.33349609375,38.3330078125,0,,0
2958,FF-34-CAM-4,34988.040509449,34988.049919745,34988.163487373,38.3330078125,38.3330078125,0,,0
2960,FF-34-CAM-4,34988.656363658,34988.657730031,34988.734152529,38.3330078125,38.3330078125,0,,0
2962,FF-34-CAM-4,34989.220854161,34989.223132402,34989.284249012,38.3330078125,38.3330078125,0,,0
2964,FF-34-CAM-4,34989.7644389,34989.766408215,34989.875182439,38.3330078125,38.3330078125,0,,0
2966,FF-34-CAM-4,34990.346805117,34990.350183629,34990.486408799,38.3330078125,38.3330078125,0,,0
2968,FF-34-CAM-4,34990.997644347,34990.999853454,34991.065024774,38.3330078125,38.3330078125,0,,0
2970,FF-34-CAM-4,34991.527294979,34991.52844842,34991.64475501,38.3330078125,38.3330078125,0,,0
2972,FF-34-CAM-4,34992.127372988,34992.128473752,34992.173078471,38.3330078125,38.3330078125,0,,0
2974,FF-34-CAM-4,34992.629366656,34992.630639399,34992.712404153,38.3330078125,38.3330078125,0,,0
2976,FF-34-CAM-4,34993.204665579,34993.205952609,34993.278921245,38.3330078125,38.3330078125,0,,0
2978,FF-34-CAM-4,34993.784174085,34993.784907064,34993.889142945,38.3330078125,38.3330078125,0,,0
2980,FF-34-CAM-4,34994.362552898,34994.363508823,34994.444912681,38.3330078125,38.3330078125,0,,0
2982,FF-34-CAM-4,34994.89726318,34994.898401306,34994.972607183,38.3330078125,38.3330078125,0,,0
2984,FF-34-CAM-4,34995.414318614,34995.416743319,34995.529709755,38.3330078125,38.3330078125,0,,0
2986,FF-34-CAM-4,34996.011383388,34996.012436418,34996.079696083,38.3330078125,38.3330078125,0,,0
2988,FF-34-CAM-4,34996.611685074,34996.612893039,34996.687506392,38.3330078125,38.3330078125,0,,0
2990,FF-34-CAM-4,34997.160823872,34997.16220395,34997.261577755,38.3330078125,38.3330078125,0,,0
2992,FF-34-CAM-4,34997.690367171,34997.692362576,34997.749053347,38.3330078125,38.3330078125,0,,0
2994,FF-34-CAM-4,34998.171475714,34998.172678046,34998.230855592,38.3330078125,38.3330078125,0,,0
2996,FF-34-CAM-4,34998.645502136,34998.649100225,34998.722881461,38.3330078125,38.3330078125,0,,0
2998,FF-34-CAM-4,34999.244115582,34999.245984618,34999.304692864,38.3330078125,38.3330078125,0,,0
3000,FF-34-CAM-4,34999.745564767,34999.752111564,34999.86310762,38.3330078125,38.3330078125,0,,0
3002,FF-34-CAM-4,35000.432096441,35000.433320587,35000.551904161,38.3330078125,38.3330078125,0,,0
3004,FF-34-CAM-4,35001.022073974,35001.02356658,35001.083849816,38.3330078125,38.3330078125,0,,0
3006,FF-34-CAM-4,35001.570632346,35001.575745455,35001.657919225,38.3330078125,38.3330078125,0,,0
3008,FF-34-CAM-4,35002.074651529,35002.076167382,35002.159468075,38.3330078125,38.3330078125,0,,0
3010,FF-34-CAM-4,35002.698750783,35002.700081253,35002.787690605,38.3330078125,38.3330078125,0,,0
3012,FF-34-CAM-4,35003.24978016,35003.25111598,35003.315453774,38.3330078125,38.3330078125,0,,0
3014,FF-34-CAM-4,35003.748862982,35003.750549884,35003.803711859,38.3330078125,38.3330078125,0,,0
3016,FF-34-CAM-4,35004.20519536,35004.20756828,35004.282506549,38.3330078125,38.3330078125,0,,0
3018,FF-34-CAM-4,35004.751572342,35004.753914338,35004.818065887,38.3330078125,38.3330078125,0,,0
3020,FF-34-CAM-4,35005.270347114,35005.271883767,35005.392625737,38.3330078125,38.3330078125,0,,0
3022,FF-34-CAM-4,35005.843883156,35005.845337336,35005.916470412,38.3330078125,38.3330078125,0,,0
3024,FF-34-CAM-4,35006.389439107,35006.390533432,35006.482061635,38.3330078125,38.3330078125,0,,0
3026,FF-34-CAM-4,35006.954363599,35006.956302743,35007.030974075,38.3330078125,38.3330078125,0,,0
3028,FF-34-CAM-4,35007.529979863,35007.531849583,35007.608633687,38.3330078125,38.3330078125,0,,0
3030,FF-34-CAM-4,35008.072996194,35008.07417178,35008.154462687,38.3330078125,38.3330078125,0,,0
3032,FF-34-CAM-4,35008.653839156,35008.655336921,35008.715337626,38.3330078125,38.3330078125,0,,0
3034,FF-34-CAM-4,35009.202958538,35009.20417648,35009.263863242,38.3330078125,38.3330078125,0,,0
3036,FF-34-CAM-4,35009.759061974,35009.760707321,35009.815990456,38.3330078125,38.3330078125,0,,0
3038,FF-34-CAM-4,35010.314358983,35010.316036076,35010.411352056,38.3330078125,38.3330078125,0,,0
3040,FF-34-CAM-4,35010.876269579,35010.878639172,35010.967664597,38.3330078125,38.3330078125,0,,0
3042,FF-34-CAM-4,35011.488282945,35011.49474664,35011.547630324,38.3330078125,38.3330078125,0,,0
3044,FF-34-CAM-4,35012.027189305,35012.030250187,35012.185971717,38.3330078125,38.3330078125,0,,0
3046,FF-34-CAM-4,35012.662188289,35012.663148971,35012.707946127,38.3330078125,38.3330078125,0,,0
3048,FF-34-CAM-4,35013.224947509,35013.226445189,35013.289299075,38.3330078125,38.3330078125,0,,0
3050,FF-34-CAM-4,35013.74570256,35013.748557258,35013.864564594,38.3330078125,38.3330078125,0,,0
3052,FF-34-CAM-4,35014.401584644,35014.402410397,35014.48145509,38.3330078125,38.3330078125,0,,0
3054,FF-34-CAM-4,35014.935158796,35014.936446447,35015.022787494,38.3330078125,38.3330078125,0,,0
3056,FF-34-CAM-4,35015.560206227,35015.561910068,35015.648398051,38.3330078125,38.3330078125,0,,0
3058,FF-34-CAM-4,35016.237064613,35016.238658343,35016.311787542,38.3330078125,38.3330078125,0,,0
3060,FF-34-CAM-4,35016.796762742,35016.797742554,35016.861171151,38.3330078125,38.3330078125,0,,0
3062,FF-34-CAM-4,35017.380179739,35017.381358431,35017.461204641,38.3330078125,38.3330078125,0,,0
3064,FF-34-CAM-4,35017.932531196,35017.934306499,35018.044588557,38.3330078125,38.3330078125,0,,0
3066,FF-34-CAM-4,35018.532089194,35018.533210457,35018.629689467,38.3330078125,38.3330078125,0,,0
3068,FF-34-CAM-4,35019.187197959,35019.188855066,35019.335175282,38.3330078125,38.3330078125,0,,0
3070,FF-34-CAM-4,35019.848306024,35019.851783867,35019.912613229,38.3330078125,38.3330078125,0,,0
3072,FF-34-CAM-4,35020.366191504,35020.368324096,35020.442574055,38.3330078125,38.3330078125,0,,0
3074,FF-34-CAM-4,35020.892057579,35020.893555797,35020.969183712,38.3330078125,38.3330078125,0,,0
3076,FF-34-CAM-4,35021.455550006,35021.457243216,35021.55772337,38.3330078125,38.3330078125,0,,0
3078,FF-34-CAM-4,35022.066493307,35022.070384768,35022.147519007,38.3330078125,38.3330078125,0,,0
3080,FF-34-CAM-4,35022.641052549,35022.642008208,35022.752685185,38.3330078125,38.3330078125,0,,0
3082,FF-34-CAM-4,35023.250868852,35023.252098721,35023.319224531,38.3330078125,38.3330078125,0,,0
3084,FF-34-CAM-4,35023.756833167,35023.758630512,35023.861731456,38.3330078125,38.3330078125,0,,0
3086,FF-34-CAM-4,35024.300576868,35024.303445787,35024.384696315,38.3330078125,38.3330078125,0,,0
3088,FF-34-CAM-4,35024.853891351,35024.855206809,35024.937467445,38.3330078125,38.3330078125,0,,0
3090,FF-34-CAM-4,35025.49219818,35025.493725239,35025.578604644,38.3330078125,38.3330078125,0,,0
3092,FF-34-CAM-4,35026.051622766,35026.05301769,35026.212578768,38.3330078125,38.3330078125,0,,0
3094,FF-34-CAM-4,35026.676267474,35026.677617672,35026.741619926,38.3330078125,38.3330078125,0,,0
3096,FF-34-CAM-4,35027.234908037,35027.236298862,35027.299907515,38.3330078125,38.3330078125,0,,0
3098,FF-34-CAM-4,35027.855635853,35027.857600061,35027.947286185,38.3330078125,38.3330078125,0,,0
3100,FF-34-CAM-4,35028.523188268,35028.524907863,35028.595542283,38.3330078125,38.3330078125,0,,0
3102,FF-34-CAM-4,35029.104836352,35029.107000037,35029.175876094,38.3330078125,38.3330078125,0,,0
3108,FF-34-CAM-4,35030.823707437,35030.824716219,35030.941086213,38.33349609375,38.3330078125,0,,0
3110,FF-34-CAM-4,35031.361684598,35031.362806664,35031.472316417,38.3330078125,38.3330078125,0,,0
3112,FF-34-CAM-4,35031.957025879,35031.959884629,35032.010155197,38.3330078125,38.3330078125,0,,0
3114,FF-34-CAM-4,35032.49620249,35032.497748303,35032.59215613,38.3330078125,38.3330078125,0,,0
3116,FF-34-CAM-4,35033.130104765,35033.132470325,35033.224515466,38.3330078125,38.3330078125,0,,0
3118,FF-34-CAM-4,35033.78809799,35033.790641162,35033.876365853,38.3330078125,38.3330078125,0,,0
3120,FF-34-CAM-4,35034.358643617,35034.359761985,35034.445231153,38.3330078125,38.3330078125,0,,0
3122,FF-34-CAM-4,35034.922943355,35034.926734666,35035.061233498,38.3330078125,38.3330078125,0,,0
3124,FF-34-CAM-4,35035.503939295,35035.505278954,35035.598441012,38.3330078125,38.3330078125,0,,0
3126,FF-34-CAM-4,35036.033910111,35036.035283579,35036.118791474,38.3330078125,38.3330078125,0,,0
3128,FF-34-CAM-4,35036.624396759,35036.626026762,35036.721341187,38.3330078125,38.3330078125,0,,0
3130,FF-34-CAM-4,35037.258395785,35037.259366391,35037.396534737,38.3330078125,38.3330078125,0,,0
3132,FF-34-CAM-4,35037.906114603,35037.908398763,35037.981732263,38.3330078125,38.3330078125,0,,0
3134,FF-34-CAM-4,35038.452145848,35038.453489051,35038.610034388,38.3330078125,38.3330078125,0,,0
3136,FF-34-CAM-4,35039.095378189,35039.096681411,35039.178754053,38.3330078125,38.3330078125,0,,0
3138,FF-34-CAM-4,35039.666637881,35039.667446885,35039.74838366,38.3330078125,38.3330078125,0,,0
3140,FF-34-CAM-4,35040.233019041,35040.235175768,35040.312478993,38.3330078125,38.3330078125,0,,0
3142,FF-34-CAM-4,35040.816654551,35040.818599219,35040.883410775,38.3330078125,38.3330078125,0,,0
3144,FF-34-CAM-4,35041.334216873,35041.33561389,35041.400169399,38.3330078125,38.3330078125,0,,0
3146,FF-34-CAM-4,35041.879786307,35041.885752905,35041.944668683,38.3330078125,38.3330078125,0,,0
3148,FF-34-CAM-4,35042.35371266,35042.356391713,35042.415990016,38.3330078125,38.3330078125,0,,0
3150,FF-34-CAM-4,35042.856803688,35042.857987438,35042.934571005,38.3330078125,38.3330078125,0,,0
3152,FF-34-CAM-4,35043.345894389,35043.347114957,35043.40568083,38.3330078125,38.3330078125,0,,0
3154,FF-34-CAM-4,35043.866867355,35043.868758543,35043.957865,38.3330078125,38.3330078125,0,,0
3156,FF-34-CAM-4,35044.483577706,35044.485417493,35044.569502775,38.3330078125,38.3330078125,0,,0
3158,FF-34-CAM-4,35045.061089808,35045.062808133,35045.130235407,38.3330078125,38.3330078125,0,,0
3160,FF-34-CAM-4,35045.602722078,35045.604079691,35045.669843439,38.3330078125,38.3330078125,0,,0
3162,FF-34-CAM-4,35046.142729726,35046.145237147,35046.215549461,38.3330078125,38.3330078125,0,,0
3164,FF-34-CAM-4,35046.687879888,35046.689096119,35046.770290653,38.3330078125,38.3330078125,0,,0
3166,FF-34-CAM-4,35047.358540191,35047.359463087,35047.457981748,38.3330078125,38.3330078125,0,,0
3168,FF-34-CAM-4,35047.984451215,35047.985813393,35048.044751366,38.3330078125,38.3330078125,0,,0
3170,FF-34-CAM-4,35048.603261194,35048.605405094,35048.705901602,38.3330078125,38.3330078125,0,,0
3172,FF-34-CAM-4,35049.216426271,35049.217973298,35049.311132305,38.3330078125,38.3330078125,0,,0
3174,FF-34-CAM-4,35049.771640924,35049.773126557,35049.870822524,38.3330078125,38.3330078125,0,,0
3176,FF-34-CAM-4,35050.43258977,35050.433806555,35050.538704433,38.3330078125,38.3330078125,0,,0
3178,FF-34-CAM-4,35050.985280068,35050.986464019,35051.045143511,38.3330078125,38.3330078125,0,,0
3180,FF-34-CAM-4,35051.542546208,35051.544607145,35051.62671572,38.3330078125,38.3330078125,0,,0
3182,FF-34-CAM-4,35052.099360281,35052.101032606,35052.195622265,38.3330078125,38.3330078125,0,,0
3184,FF-34-CAM-4,35052.674145269,35052.676665792,35052.754448259,38.3330078125,38.3330078125,0,,0
3186,FF-34-CAM-4,35053.221560841,35053.222581572,35053.305902819,38.3330078125,38.3330078125,0,,0
3188,FF-34-CAM-4,35053.834185091,35053.836152244,35053.902025237,38.3330078125,38.3330078125,0,,0
3190,FF-34-CAM-4,35054.415791474,35054.418060171,35054.47996121,38.3330078125,38.3330078125,0,,0
3192,FF-34-CAM-4,35054.937653671,35054.938809527,35055.035389116,38.3330078125,38.3330078125,0,,0
3194,FF-34-CAM-4,35055.522908427,35055.525179623,35055.619123182,38.3330078125,38.3330078125,0,,0
3196,FF-34-CAM-4,35056.223779544,35056.226562919,35056.332630231,38.3330078125,38.3330078125,0,,0
3198,FF-34-CAM-4,35056.829789035,35056.831423714,35056.953385207,38.3330078125,38.3330078125,0,,0
3200,FF-34-CAM-4,35057.406701948,35057.409174098,35057.470930033,38.3330078125,38.3330078125,0,,0
3202,FF-34-CAM-4,35057.879552661,35057.880749111,35057.948235762,38.3330078125,38.3330078125,0,,0
3204,FF-34-CAM-4,35058.415366353,35058.41906013,35058.525140027,38.3330078125,38.3330078125,0,,0
3206,FF-34-CAM-4,35058.991175179,35058.992707794,35059.071375416,38.3330078125,38.3330078125,0,,0
3208,FF-34-CAM-4,35059.544929112,35059.558444177,35059.635818252,38.3330078125,38.3330078125,0,,0
3210,FF-34-CAM-4,35060.053618468,35060.054886474,35060.115354265,38.3330078125,38.3330078125,0,,0
3212,FF-34-CAM-4,35060.631129086,35060.632164195,35060.735615929,38.3330078125,38.3330078125,0,,0
3214,FF-34-CAM-4,35061.193134646,35061.194453367,35061.279097782,38.3330078125,38.3330078125,0,,0
3216,FF-34-CAM-4,35061.733955554,35061.735206656,35061.794128704,38.3330078125,38.3330078125,0,,0
3218,FF-34-CAM-4,35062.292272474,35062.293700865,35062.426884962,38.3330078125,38.3330078125,0,,0
3220,FF-34-CAM-4,35062.890484928,35062.891738236,35062.94707556,38.3330078125,38.3330078125,0,,0
3222,FF-34-CAM-4,35063.39368853,35063.395200785,35063.516049066,38.3330078125,38.3330078125,0,,0
3224,FF-34-CAM-4,35063.947852933,35063.949728438,35064.020522522,38.3330078125,38.3330078125,0,,0
3226,FF-34-CAM-4,35064.447983099,35064.449222042,35064.575609765,38.3330078125,38.3330078125,0,,0
3228,FF-34-CAM-4,35065.036939268,35065.038366712,35065.110993589,38.3330078125,38.3330078125,0,,0
3230,FF-34-CAM-4,35065.565392988,35065.567135701,35065.640941719,38.3330078125,38.3330078125,0,,0
3232,FF-34-CAM-4,35066.10306406,35066.105778833,35066.177750039,38.3330078125,38.3330078125,0,,0
3234,FF-34-CAM-4,35066.578057463,35066.580228006,35066.664706714,38.3330078125,38.3330078125,0,,0
3236,FF-34-CAM-4,35067.100192272,35067.10234622,35067.188493993,38.3330078125,38.3330078125,0,,0
3238,FF-34-CAM-4,35067.629435132,35067.63178596,35067.720629982,38.3330078125,38.3330078125,0,,0
3240,FF-34-CAM-4,35068.148401532,35068.15003699,35068.29915758,38.3330078125,38.3330078125,0,,0
3242,FF-34-CAM-4,35068.715651448,35068.71693209,35068.815690438,38.3330078125,38.3330078125,0,,0
3244,FF-34-CAM-4,35069.231097198,35069.233138573,35069.305019688,38.3330078125,38.3330078125,0,,0
3246,FF-34-CAM-4,35069.847651038,35069.849862125,35069.999326318,38.3330078125,38.3330078125,0,,0
3248,FF-34-CAM-4,35070.438588827,35070.439475629,35070.526205601,38.3330078125,38.3330078125,0,,0
3250,FF-34-CAM-4,35070.940141389,35070.953413733,35071.03844464,38.3330078125,38.3330078125,0,,0
3252,FF-34-CAM-4,35071.459084788,35071.460329555,35071.528061701,38.3330078125,38.3330078125,0,,0
3254,FF-34-CAM-4,35072.000156905,35072.001809376,35072.086587421,38.3330078125,38.3330078125,0,,0
3256,FF-34-CAM-4,35072.527876379,35072.530468892,35072.679713128,38.3330078125,38.3330078125,0,,0
3258,FF-34-CAM-4,35073.085605528,35073.088891068,35073.181919122,38.3330078125,38.3330078125,0,,0
3260,FF-34-CAM-4,35073.612883978,35073.614244256,35073.726857129,38.3330078125,38.3330078125,0,,0
3262,FF-34-CAM-4,35074.192549202,35074.196644218,35074.295113346,38.3330078125,38.3330078125,0,,0
3264,FF-34-CAM-4,35074.842495418,35074.844273624,35074.929899282,38.3330078125,38.3330078125,0,,0
3266,FF-34-CAM-4,35075.385911426,35075.387205084,35075.464089029,38.3330078125,38.3330078125,0,,0
3268,FF-34-CAM-4,35075.999521331,35076.000507061,35076.076472572,38.3330078125,38.3330078125,0,,0
3270,FF-34-CAM-4,35076.55155539,35076.554051579,35076.645058081,38.3330078125,38.3330078125,0,,0
3272,FF-34-CAM-4,35077.087285691,35077.088881282,35077.19191627,38.3330078125,38.3330078125,0,,0
3274,FF-34-CAM-4,35077.646201858,35077.647699927,35077.733237936,38.3330078125,38.3330078125,0,,0
3276,FF-34-CAM-4,35078.1813697,35078.182696049,35078.298533556,38.3330078125,38.3330078125,0,,0
3278,FF-34-CAM-4,35078.778329467,35078.780644155,35078.855974422,38.3330078125,38.3330078125,0,,0
3280,FF-34-CAM-4,35079.348092268,35079.34920047,35079.401299275,38.3330078125,38.3330078125,0,,0
3282,FF-34-CAM-4,35079.854739799,35079.857402932,35079.926767026,38.3330078125,38.3330078125,0,,0
3284,FF-34-CAM-4,35080.394837221,35080.395667712,35080.497399254,38.3330078125,38.3330078125,0,,0
3286,FF-34-CAM-4,35080.95650479,35080.958175182,35081.048202003,38.3330078125,38.3330078125,0,,0
3288,FF-34-CAM-4,35081.501131289,35081.50253519,35081.580628041,38.3330078125,38.3330078125,0,,0
3290,FF-34-CAM-4,35082.042222238,35082.045280276,35082.201076335,38.3330078125,38.3330078125,0,,0
3292,FF-34-CAM-4,35082.651248564,35082.654118264,35082.719511131,38.3330078125,38.3330078125,0,,0
3294,FF-34-CAM-4,35083.195530545,35083.197797584,35083.26750199,38.3330078125,38.3330078125,0,,0
3296,FF-34-CAM-4,35083.761381952,35083.763960251,35083.833897404,38.3330078125,38.3330078125,0,,0
3298,FF-34-CAM-4,35084.29265789,35084.295089674,35084.340700329,38.3330078125,38.3330078125,0,,0
3300,FF-34-CAM-4,35084.816491717,35084.817629459,35084.924238375,38.3330078125,38.3330078125,0,,0
3302,FF-34-CAM-4,35085.359119408,35085.360452006,35085.460302282,38.3330078125,38.3330078125,0,,0
3304,FF-34-CAM-4,35085.929304031,35085.931926859,35086.021545045,38.3330078125,38.3330078125,0,,0
3306,FF-34-CAM-4,35086.497359546,35086.500482168,35086.570471287,38.3330078125,38.3330078125,0,,0
3308,FF-34-CAM-4,35087.102666108,35087.105237278,35087.209731908,38.3330078125,38.3330078125,0,,0
3310,FF-34-CAM-4,35087.865108135,35087.866295916,35087.934591424,38.3330078125,38.3330078125,0,,0
3312,FF-34-CAM-4,35088.423472082,35088.429280299,35088.532983586,38.3330078125,38.3330078125,0,,0
3314,FF-34-CAM-4,35088.999767637,35089.001124277,35089.086767203,38.3330078125,38.3330078125,0,,0
3316,FF-34-CAM-4,35089.560350886,35089.562306502,35089.610619706,38.3330078125,38.3330078125,0,,0
3318,FF-34-CAM-4,35090.088045121,35090.088895926,35090.16798791,38.3330078125,38.3330078125,0,,0
3320,FF-34-CAM-4,35090.679370742,35090.680732708,35090.755964113,38.3330078125,38.3330078125,0,,0
3322,FF-34-CAM-4,35091.212493408,35091.214189886,35091.283016143,38.3330078125,38.3330078125,0,,0
3324,FF-34-CAM-4,35091.760892484,35091.76219338,35091.817205724,38.3330078125,38.3330078125,0,,0
3326,FF-34-CAM-4,35092.247793996,35092.250399742,35092.345133675,38.3330078125,38.3330078125,0,,0
3328,FF-34-CAM-4,35092.821547463,35092.823223002,35092.945236671,38.3330078125,38.3330078125,0,,0
3330,FF-34-CAM-4,35093.398887238,35093.401157973,35093.534929719,38.3330078125,38.3330078125,0,,0
3332,FF-34-CAM-4,35094.056461204,35094.058109578,35094.150065318,38.3330078125,38.3330078125,0,,0
3334,FF-34-CAM-4,35094.596797875,35094.598756109,35094.737229603,38.3330078125,38.3330078125,0,,0
3336,FF-34-CAM-4,35095.170721188,35095.172842463,35095.276613308,38.3330078125,38.3330078125,0,,0
3338,FF-34-CAM-4,35095.678246489,35095.682487675,35095.759844509,38.3330078125,38.3330078125,0,,0
3340,FF-34-CAM-4,35096.230380365,35096.231540633,35096.361993335,38.3330078125,38.3330078125,0,,0
3342,FF-34-CAM-4,35096.831508094,35096.833029431,35096.927074893,38.3330078125,38.3330078125,0,,0
3344,FF-34-CAM-4,35097.376412024,35097.380639742,35097.498048205,38.3330078125,38.3330078125,0,,0
3346,FF-34-CAM-4,35098.018929403,35098.020115351,35098.107521649,38.3330078125,38.3330078125,0,,0
3348,FF-34-CAM-4,35098.596912902,35098.5984737,35098.650882712,38.3330078125,38.3330078125,0,,0
3350,FF-34-CAM-4,35099.072592191,35099.074221384,35099.131675016,38.3330078125,38.3330078125,0,,0
3352,FF-34-CAM-4,35099.567018114,35099.569600559,35099.682026738,38.3330078125,38.3330078125,0,,0
3354,FF-34-CAM-4,35100.155918401,35100.161916307,35100.264496818,38.3330078125,38.3330078125,0,,0
3356,FF-34-CAM-4,35100.723093283,35100.72540228,35100.788547244,38.3330078125,38.3330078125,0,,0
3358,FF-34-CAM-4,35101.279081277,35101.280417285,35101.350918112,38.3330078125,38.3330078125,0,,0
3360,FF-34-CAM-4,35101.81011307,35101.811299768,35101.893366751,38.3330078125,38.3330078125,0,,0
3362,FF-34-CAM-4,35102.364711557,35102.367539834,35102.433797831,38.3330078125,38.3330078125,0,,0
3364,FF-34-CAM-4,35102.890175338,35102.891438253,35102.954088337,38.3330078125,38.3330078125,0,,0
3366,FF-34-CAM-4,35103.45492206,35103.45662382,35103.522840377,38.3330078125,38.3330078125,0,,0
3368,FF-34-CAM-4,35103.992660444,35103.993930699,35104.056756238,38.3330078125,38.3330078125,0,,0
3370,FF-34-CAM-4,35104.532589409,35104.534021863,35104.624109351,38.3330078125,38.3330078125,0,,0
3372,FF-34-CAM-4,35105.16784562,35105.170333641,35105.245234186,38.3330078125,38.3330078125,0,,0
3374,FF-34-CAM-4,35105.665269226,35105.666394695,35105.754677324,38.3330078125,38.3330078125,0,,0
3376,FF-34-CAM-4,35106.169549248,35106.172328962,35106.21155489,38.3330078125,38.3330078125,0,,0
3378,FF-34-CAM-4,35106.727709718,35106.729083593,35106.791640635,38.3330078125,38.3330078125,0,,0
3380,FF-34-CAM-4,35107.242059911,35107.244614836,35107.362041899,38.3330078125,38.3330078125,0,,0
3382,FF-34-CAM-4,35107.84542901,35107.846754612,35107.90125816,38.3330078125,38.3330078125,0,,0
3384,FF-34-CAM-4,35108.2938423,35108.29520022,35108.404195274,38.3330078125,38.3330078125,0,,0
3386,FF-34-CAM-4,35108.901964394,35108.905433598,35109.025581491,38.3330078125,38.3330078125,0,,0
3388,FF-34-CAM-4,35109.485819644,35109.487659318,35109.55834362,38.3330078125,38.3330078125,0,,0
3390,FF-34-CAM-4,35109.961554383,35109.962619947,35110.057712864,38.3330078125,38.3330078125,0,,0
3392,FF-34-CAM-4,35110.456975933,35110.458157312,35110.559991451,38.3330078125,38.3330078125,0,,0
3394,FF-34-CAM-4,35110.979866893,35110.981432987,35111.096762384,38.3330078125,38.3330078125,0,,0
3396,FF-34-CAM-4,35111.568559266,35111.56990632,35111.641764785,38.3330078125,38.3330078125,0,,0
3398,FF-34-CAM-4,35112.109296736,35112.111275039,35112.169689921,38.3330078125,38.3330078125,0,,0
3400,FF-34-CAM-4,35112.698313773,35112.701089815,35112.806398297,38.3330078125,38.3330078125,0,,0
3402,FF-34-CAM-4,35113.234882867,35113.236228757,35113.315116756,38.3330078125,38.3330078125,0,,0
3404,FF-34-CAM-4,35113.792469611,35113.794066762,35113.85724568,38.3330078125,38.3330078125,0,,0
3406,FF-34-CAM-4,35114.320459149,35114.32139833,35114.374252636,38.3330078125,38.3330078125,0,,0
3408,FF-34-CAM-4,35114.837505895,35114.839395558,35114.930475986,38.3330078125,38.3330078125,0,,0
3410,FF-34-CAM-4,35115.389175663,35115.390190701,35115.459992447,38.3330078125,38.3330078125,0,,0
3412,FF-34-CAM-4,35115.913465356,35115.915485726,35116.018249525,38.3330078125,38.3330078125,0,,0
3414,FF-34-CAM-4,35116.45041321,35116.451651101,35116.524428913,38.3330078125,38.3330078125,0,,0
3416,FF-34-CAM-4,35116.954978592,35116.958773699,35117.005830998,38.3330078125,38.3330078125,0,,0
3418,FF-34-CAM-4,35117.453915809,35117.455067707,35117.560254095,38.3330078125,38.3330078125,0,,0
3420,FF-34-CAM-4,35117.939318385,35117.940255673,35118.007253048,38.3330078125,38.3330078125,0,,0
3422,FF-34-CAM-4,35118.466740977,35118.468583686,35118.547436324,38.3330078125,38.3330078125,0,,0
3424,FF-34-CAM-4,35118.97503085,35118.975927777,35119.081933849,38.3330078125,38.3330078125,0,,0
3426,FF-34-CAM-4,35119.544520592,35119.545904883,35119.626566131,38.3330078125,38.3330078125,0,,0
3428,FF-34-CAM-4,35120.050161985,35120.051727132,35120.11462344,38.3330078125,38.3330078125,0,,0
3430,FF-34-CAM-4,35120.602268623,35120.603326969,35120.65391729,38.3330078125,38.3330078125,0,,0
3432,FF-34-CAM-4,35121.158646642,35121.160706644,35121.22332475,38.3330078125,38.3330078125,0,,0
3434,FF-34-CAM-4,35121.658840207,35121.6608281,35121.755816625,38.3330078125,38.3330078125,0,,0
3436,FF-34-CAM-4,35122.205701421,35122.20867425,35122.298975375,38.3330078125,38.3330078125,0,,0
3438,FF-34-CAM-4,35122.751505092,35122.753127141,35122.810540355,38.3330078125,38.3330078125,0,,0
3440,FF-34-CAM-4,35123.252812211,35123.253732073,35123.332449841,38.3330078125,38.3330078125,0,,0
3442,FF-34-CAM-4,35123.804677243,35123.806568851,35123.880836171,38.3330078125,38.3330078125,0,,0
3444,FF-34-CAM-4,35124.312426874,35124.313293614,35124.39203794,38.3330078125,38.3330078125,0,,0
3446,FF-34-CAM-4,35124.865711211,35124.866819751,35124.922486373,38.3330078125,38.3330078125,0,,0
3448,FF-34-CAM-4,35125.455897331,35125.461423095,35125.553920907,38.3330078125,38.3330078125,0,,0
3450,FF-34-CAM-4,35126.020275447,35126.023232163,35126.085880453,38.3330078125,38.3330078125,0,,0
3452,FF-34-CAM-4,35126.510974378,35126.51191061,35126.578613982,38.3330078125,38.3330078125,0,,0
3454,FF-34-CAM-4,35126.997400266,35126.998760864,35127.087073206,38.3330078125,38.3330078125,0,,0
3456,FF-34-CAM-4,35127.579893894,35127.58117158,35127.652098962,38.3330078125,38.3330078125,0,,0
3458,FF-34-CAM-4,35128.076973833,35128.078269239,35128.173480137,38.3330078125,38.3330078125,0,,0
3460,FF-34-CAM-4,35128.628953327,35128.631718994,35128.707136302,38.3330078125,38.3330078125,0,,0
3462,FF-34-CAM-4,35129.154839109,35129.156581657,35129.260951412,38.3330078125,38.3330078125,0,,0
3464,FF-34-CAM-4,35129.702412358,35129.704945396,35129.783861135,38.3330078125,38.3330078125,0,,0
3468,FF-34-CAM-4,35130.792760254,35130.79564854,35130.887533089,38.33349609375,38.3330078125,0,,0
3470,FF-34-CAM-4,35131.470133965,35131.47132695,35131.551383259,38.3330078125,38.3330078125,0,,0
3476,FF-34-CAM-4,35133.158538139,35133.159985083,35133.258062779,38.33349609375,38.3330078125,0,,0
3478,FF-34-CAM-4,35133.71925232,35133.722586142,35133.803859116,38.3330078125,38.3330078125,0,,0
3480,FF-34-CAM-4,35134.229477363,35134.230688834,35134.293845541,38.3330078125,38.3330078125,0,,0
3482,FF-34-CAM-4,35134.762694224,35134.764614005,35134.828721873,38.3330078125,38.3330078125,0,,0
3484,FF-34-CAM-4,35135.266998916,35135.268457123,35135.311798606,38.3330078125,38.3330078125,0,,0
3486,FF-34-CAM-4,35135.815136724,35135.816431517,35135.955385058,38.3330078125,38.3330078125,0,,0
3488,FF-34-CAM-4,35136.375197491,35136.376175214,35136.440836766,38.3330078125,38.3330078125,0,,0
3490,FF-34-CAM-4,35136.892312091,35136.89352149,35137.002310853,38.3330078125,38.3330078125,0,,0
3492,FF-34-CAM-4,35137.429152209,35137.430290508,35137.533662182,38.3330078125,38.3330078125,0,,0
3494,FF-34-CAM-4,35137.985518571,35137.987342031,35138.074201329,38.3330078125,38.3330078125,0,,0
3496,FF-34-CAM-4,35138.512811293,35138.514715826,35138.580908869,38.3330078125,38.3330078125,0,,0
3498,FF-34-CAM-4,35139.086511507,35139.08727873,35139.158232217,38.3330078125,38.3330078125,0,,0
3500,FF-34-CAM-4,35139.677326956,35139.680664769,35139.74654117,38.3330078125,38.3330078125,0,,0
3502,FF-34-CAM-4,35140.211681181,35140.212828352,35140.296822797,38.3330078125,38.3330078125,0,,0
3504,FF-34-CAM-4,35140.862607037,35140.8652301,35140.93336524,38.3330078125,38.3330078125,0,,0
3506,FF-34-CAM-4,35141.372465755,35141.374927397,35141.456589091,38.3330078125,38.3330078125,0,,0
3508,FF-34-CAM-4,35142.026086887,35142.027192032,35142.10744995,38.3330078125,38.3330078125,0,,0
3510,FF-34-CAM-4,35142.568394387,35142.570053667,35142.65719833,38.3330078125,38.3330078125,0,,0
3512,FF-34-CAM-4,35143.117226925,35143.11930972,35143.198973606,38.3330078125,38.3330078125,0,,0
3514,FF-34-CAM-4,35143.617502246,35143.619017897,35143.675589108,38.3330078125,38.3330078125,0,,0
3516,FF-34-CAM-4,35144.154882424,35144.156862535,35144.213882456,38.3330078125,38.3330078125,0,,0
3518,FF-34-CAM-4,35144.739954288,35144.740881401,35144.833214937,38.3330078125,38.3330078125,0,,0
3520,FF-34-CAM-4,35145.471277844,35145.483795082,35145.547893367,38.3330078125,38.3330078125,0,,0
3522,FF-34-CAM-4,35146.019691021,35146.021393176,35146.115570345,38.3330078125,38.3330078125,0,,0
3524,FF-34-CAM-4,35146.60891667,35146.610737214,35146.705593541,38.3330078125,38.3330078125,0,,0
3526,FF-34-CAM-4,35147.198580907,35147.199825181,35147.283028577,38.3330078125,38.3330078125,0,,0
3528,FF-34-CAM-4,35147.78138053,35147.782463436,35147.867053602,38.3330078125,38.3330078125,0,,0
3530,FF-34-CAM-4,35148.310320709,35148.312819028,35148.405060365,38.3330078125,38.3330078125,0,,0
3532,FF-34-CAM-4,35148.876361874,35148.878182641,35148.964851896,38.3330078125,38.3330078125,0,,0
3534,FF-34-CAM-4,35149.446956653,35149.448923074,35149.518533101,38.3330078125,38.3330078125,0,,0
3536,FF-34-CAM-4,35149.993387083,35149.996575783,35150.080731847,38.3330078125,38.3330078125,0,,0
3538,FF-34-CAM-4,35150.559188651,35150.560403402,35150.682047175,38.3330078125,38.3330078125,0,,0
3540,FF-34-CAM-4,35151.153335737,35151.154556941,35151.222540252,38.3330078125,38.3330078125,0,,0
3542,FF-34-CAM-4,35151.654333083,35151.655698174,35151.715408125,38.3330078125,38.3330078125,0,,0
3544,FF-34-CAM-4,35152.178637415,35152.179948495,35152.258955763,38.3330078125,38.3330078125,0,,0
3546,FF-34-CAM-4,35152.669471788,35152.671691112,35152.771687175,38.3330078125,38.3330078125,0,,0
3548,FF-34-CAM-4,35153.231810298,35153.233456876,35153.336605997,38.3330078125,38.3330078125,0,,0
3550,FF-34-CAM-4,35153.738751316,35153.741138858,35153.856565626,38.3330078125,38.3330078125,0,,0
3552,FF-34-CAM-4,35154.30099434,35154.302806341,35154.368029542,38.3330078125,38.3330078125,0,,0
3554,FF-34-CAM-4,35154.825685981,35154.827155188,35154.908135841,38.3330078125,38.3330078125,0,,0
3556,FF-34-CAM-4,35155.336892359,35155.3400862,35155.410127296,38.3330078125,38.3330078125,0,,0
3558,FF-34-CAM-4,35155.864336082,35155.86560775,35155.926436008,38.3330078125,38.3330078125,0,,0
3560,FF-34-CAM-4,35156.388694405,35156.389856477,35156.460701716,38.3330078125,38.3330078125,0,,0
3562,FF-34-CAM-4,35156.925363786,35156.926732983,35157.01060545,38.3330078125,38.3330078125,0,,0
3564,FF-34-CAM-4,35157.463284591,35157.466219908,35157.514809959,38.3330078125,38.3330078125,0,,0
3566,FF-34-CAM-4,35157.941397731,35157.943646133,35158.036359196,38.3330078125,38.3330078125,0,,0
3568,FF-34-CAM-4,35158.467596172,35158.469016378,35158.573032635,38.3330078125,38.3330078125,0,,0
3570,FF-34-CAM-4,35158.990803579,35158.999310073,35159.092216388,38.3330078125,38.3330078125,0,,0
3572,FF-34-CAM-4,35159.555399849,35159.557082442,35159.621371044,38.3330078125,38.3330078125,0,,0
3574,FF-34-CAM-4,35160.206070164,35160.207586327,35160.257596725,38.3330078125,38.3330078125,0,,0
3576,FF-34-CAM-4,35160.719916351,35160.722790561,35160.792599253,38.3330078125,38.3330078125,0,,0
3578,FF-34-CAM-4,35161.266820817,35161.271356162,35161.333218453,38.3330078125,38.3330078125,0,,0
3580,FF-34-CAM-4,35161.840327741,35161.846329181,35161.955395586,38.3330078125,38.3330078125,0,,0
3586,FF-34-CAM-4,35163.504809083,35163.50695149,35163.586250957,38.33349609375,38.3330078125,0,,0
3588,FF-34-CAM-4,35164.058452029,35164.059524374,35164.159048801,38.3330078125,38.3330078125,0,,0
3590,FF-34-CAM-4,35164.630389596,35164.631726239,35164.716218462,38.3330078125,38.3330078125,0,,0
3592,FF-34-CAM-4,35165.148450478,35165.150192395,35165.284836028,38.3330078125,38.3330078125,0,,0
3594,FF-34-CAM-4,35165.780659017,35165.782299058,35165.840998619,38.3330078125,38.3330078125,0,,0
3596,FF-34-CAM-4,35166.284483951,35166.28793536,35166.425930161,38.3330078125,38.3330078125,0,,0
3598,FF-34-CAM-4,35166.858922014,35166.860059809,35166.960825271,38.3330078125,38.3330078125,0,,0
3600,FF-34-CAM-4,35167.444363147,35167.449411981,35167.549297032,38.3330078125,38.3330078125,0,,0
3602,FF-34-CAM-4,35168.04463114,35168.046059767,35168.13844791,38.3330078125,38.3330078125,0,,0
3604,FF-34-CAM-4,35168.570363481,35168.571621967,35168.654328278,38.3330078125,38.3330078125,0,,0
3606,FF-34-CAM-4,35169.067425372,35169.070803746,35169.140794622,38.3330078125,38.3330078125,0,,0
3610,FF-34-CAM-4,35170.140220059,35170.14263039,35170.220974476,38.33349609375,38.3330078125,0,,0
3612,FF-34-CAM-4,35170.674230537,35170.677019326,35170.749568538,38.3330078125,38.3330078125,0,,0
3614,FF-34-CAM-4,35171.201671815,35171.203374616,35171.259227671,38.3330078125,38.3330078125,0,,0
3616,FF-34-CAM-4,35171.678238151,35171.679969173,35171.758619863,38.3330078125,38.3330078125,0,,0
3618,FF-34-CAM-4,35172.229968999,35172.232691323,35172.320896718,38.3330078125,38.3330078125,0,,0
3620,FF-34-CAM-4,35172.799922,35172.801499593,35172.917294749,38.3330078125,38.3330078125,0,,0
3622,FF-34-CAM-4,35173.430011115,35173.431943278,35173.513467652,38.3330078125,38.3330078125,0,,0
3624,FF-34-CAM-4,35173.956954152,35173.962878555,35174.132629589,38.3330078125,38.3330078125,0,,0
3626,FF-34-CAM-4,35174.633120228,35174.635469031,35174.702304177,38.3330078125,38.3330078125,0,,0
3628,FF-34-CAM-4,35175.170821526,35175.172095899,35175.241163147,38.3330078125,38.3330078125,0,,0
3630,FF-34-CAM-4,35175.645528812,35175.647736748,35175.741946366,38.3330078125,38.3330078125,0,,0
3632,FF-34-CAM-4,35176.219595555,35176.221273552,35176.327361384,38.3330078125,38.3330078125,0,,0
3634,FF-34-CAM-4,35176.804429197,35176.807424392,35176.904019976,38.3330078125,38.3330078125,0,,0
3636,FF-34-CAM-4,35177.3574956,35177.359956271,35177.411742764,38.3330078125,38.3330078125,0,,0
3638,FF-34-CAM-4,35177.895455822,35177.897053169,35177.967962004,38.3330078125,38.3330078125,0,,0
3640,FF-34-CAM-4,35178.381811039,35178.383285837,35178.475965275,38.3330078125,38.3330078125,0,,0
3642,FF-34-CAM-4,35178.913034257,35178.914260504,35178.991624008,38.3330078125,38.3330078125,0,,0
3644,FF-34-CAM-4,35179.393069428,35179.394151797,35179.498449394,38.3330078125,38.3330078125,0,,0
3646,FF-34-CAM-4,35179.93084198,35179.93247406,35180.026622459,38.3330078125,38.3330078125,0,,0
3648,FF-34-CAM-4,35180.460616192,35180.463458303,35180.544877999,38.3330078125,38.3330078125,0,,0
3650,FF-34-CAM-4,35181.005183144,35181.00726528,35181.087571798,38.3330078125,38.3330078125,0,,0
3652,FF-34-CAM-4,35181.49014304,35181.491155081,35181.591573521,38.3330078125,38.3330078125,0,,0
3654,FF-34-CAM-4,35182.034917774,35182.036498998,35182.158397024,38.3330078125,38.3330078125,0,,0
3656,FF-34-CAM-4,35182.561171375,35182.562588951,35182.623287917,38.3330078125,38.3330078125,0,,0
3658,FF-34-CAM-4,35183.046072467,35183.050097735,35183.213742392,38.3330078125,38.3330078125,0,,0
3660,FF-34-CAM-4,35183.752672847,35183.754063071,35183.809543906,38.3330078125,38.3330078125,0,,0
3662,FF-34-CAM-4,35184.277963392,35184.279400974,35184.344283746,38.3330078125,38.3330078125,0,,0
3664,FF-34-CAM-4,35184.786530782,35184.789852267,35184.889597642,38.3330078125,38.3330078125,0,,0
3666,FF-34-CAM-4,35185.32422663,35185.327878736,35185.396393097,38.3330078125,38.3330078125,0,,0
3668,FF-34-CAM-4,35185.797647972,35185.800316909,35185.865927545,38.3330078125,38.3330078125,0,,0
3670,FF-34-CAM-4,35186.34283475,35186.34437323,35186.427899391,38.3330078125,38.3330078125,0,,0
3672,FF-34-CAM-4,35186.871201167,35186.872465556,35186.940917696,38.3330078125,38.3330078125,0,,0
3674,FF-34-CAM-4,35187.388458429,35187.390024923,35187.510101133,38.3330078125,38.3330078125,0,,0
3676,FF-34-CAM-4,35187.961643719,35187.965061578,35188.039033302,38.3330078125,38.3330078125,0,,0
3678,FF-34-CAM-4,35188.514198651,35188.515187723,35188.56663838,38.3330078125,38.3330078125,0,,0
3680,FF-34-CAM-4,35189.063921942,35189.065961201,35189.167399354,38.3330078125,38.3330078125,0,,0
3682,FF-34-CAM-4,35189.660203862,35189.663277445,35189.736651629,38.3330078125,38.3330078125,0,,0
3684,FF-34-CAM-4,35190.241256334,35190.242403056,35190.33756428,38.3330078125,38.3330078125,0,,0
3686,FF-34-CAM-4,35190.84622408,35190.848081833,35190.909922015,38.3330078125,38.3330078125,0,,0
3688,FF-34-CAM-4,35191.407009143,35191.408982681,35191.490614367,38.3330078125,38.3330078125,0,,0
3690,FF-34-CAM-4,35191.905929593,35191.907799478,35192.026524321,38.3330078125,38.3330078125,0,,0
3692,FF-34-CAM-4,35192.47098139,35192.472120766,35192.535752154,38.3330078125,38.3330078125,0,,0
3694,FF-34-CAM-4,35192.956560643,35192.957972807,35193.052392443,38.3330078125,38.3330078125,0,,0
3696,FF-34-CAM-4,35193.517267923,35193.519535828,35193.595520544,38.3330078125,38.3330078125,0,,0
3698,FF-34-CAM-4,35194.082775883,35194.084158909,35194.215360051,38.3330078125,38.3330078125,0,,0
3700,FF-34-CAM-4,35194.700461232,35194.702145811,35194.77585439,38.3330078125,38.3330078125,0,,0
3702,FF-34-CAM-4,35195.213856355,35195.214855215,35195.263314928,38.3330078125,38.3330078125,0,,0
3704,FF-34-CAM-4,35195.750219745,35195.751408491,35195.823958528,38.3330078125,38.3330078125,0,,0
3706,FF-34-CAM-4,35196.247950182,35196.251519342,35196.385520955,38.3330078125,38.3330078125,0,,0
3708,FF-34-CAM-4,35196.823099347,35196.825216681,35196.884686873,38.3330078125,38.3330078125,0,,0
3710,FF-34-CAM-4,35197.346215056,35197.347579611,35197.39562413,38.3330078125,38.3330078125,0,,0
3712,FF-34-CAM-4,35197.882327898,35197.883687037,35197.972630262,38.3330078125,38.3330078125,0,,0
3714,FF-34-CAM-4,35198.411461098,35198.414355646,35198.504374685,38.3330078125,38.3330078125,0,,0
3716,FF-34-CAM-4,35199.017691118,35199.019672746,35199.105214836,38.3330078125,38.3330078125,0,,0
3718,FF-34-CAM-4,35199.579615045,35199.581159904,35199.630608736,38.3330078125,38.3330078125,0,,0
3720,FF-34-CAM-4,35200.106534168,35200.107701775,35200.183678096,38.3330078125,38.3330078125,0,,0
3722,FF-34-CAM-4,35200.781707346,35200.784376479,35200.866483833,38.3330078125,38.3330078125,0,,0
3724,FF-34-CAM-4,35201.314555,35201.315980311,35201.402325238,38.3330078125,38.3330078125,0,,0
3726,FF-34-CAM-4,35201.858501921,35201.859943825,35201.907336757,38.3330078125,38.3330078125,0,,0
3728,FF-34-CAM-4,35202.364595576,35202.367964844,35202.432465686,38.3330078125,38.3330078125,0,,0
3730,FF-34-CAM-4,35202.897942979,35202.90115538,35202.954485597,38.3330078125,38.3330078125,0,,0
3732,FF-34-CAM-4,35203.482114139,35203.483362935,35203.569864218,38.3330078125,38.3330078125,0,,0
3734,FF-34-CAM-4,35204.076600748,35204.078086912,35204.167365441,38.3330078125,38.3330078125,0,,0
3736,FF-34-CAM-4,35204.637117552,35204.63838429,35204.72693289,38.3330078125,38.3330078125,0,,0
3738,FF-34-CAM-4,35205.142207004,35205.143468992,35205.256382625,38.3330078125,38.3330078125,0,,0
3740,FF-34-CAM-4,35205.694842295,35205.695880276,35205.793932376,38.3330078125,38.3330078125,0,,0
3742,FF-34-CAM-4,35206.185083206,35206.18942785,35206.270510825,38.3330078125,38.3330078125,0,,0
3744,FF-34-CAM-4,35206.708635868,35206.71021654,35206.830200471,38.3330078125,38.3330078125,0,,0
3746,FF-34-CAM-4,35207.236225176,35207.238423658,35207.301082383,38.3330078125,38.3330078125,0,,0
3748,FF-34-CAM-4,35207.704703451,35207.707095261,35207.787449075,38.3330078125,38.3330078125,0,,0
3750,FF-34-CAM-4,35208.264340331,35208.265382022,35208.357553138,38.3330078125,38.3330078125,0,,0
3752,FF-34-CAM-4,35208.845458116,35208.847382958,35208.936040562,38.3330078125,38.3330078125,0,,0
3754,FF-34-CAM-4,35209.331286777,35209.332482745,35209.467945283,38.3330078125,38.3330078125,0,,0
3756,FF-34-CAM-4,35209.892105513,35209.893188291,35209.945183744,38.3330078125,38.3330078125,0,,0
3758,FF-34-CAM-4,35210.420829143,35210.422332989,35210.512819456,38.3330078125,38.3330078125,0,,0
3760,FF-34-CAM-4,35210.974128161,35210.97684874,35211.043819199,38.3330078125,38.3330078125,0,,0
3762,FF-34-CAM-4,35211.477595748,35211.478429526,35211.616841122,38.3330078125,38.3330078125,0,,0
3764,FF-34-CAM-4,35212.061916042,35212.065115615,35212.147227809,38.3330078125,38.3330078125,0,,0
3766,FF-34-CAM-4,35212.608640735,35212.611160094,35212.668690626,38.3330078125,38.3330078125,0,,0
3768,FF-34-CAM-4,35213.101284035,35213.103956969,35213.191297778,38.3330078125,38.3330078125,0,,0
3770,FF-34-CAM-4,35213.646619373,35213.649042268,35213.771326423,38.3330078125,38.3330078125,0,,0
3772,FF-34-CAM-4,35214.314913185,35214.316991746,35214.379362191,38.3330078125,38.3330078125,0,,0
3774,FF-34-CAM-4,35214.891078047,35214.892122089,35214.970718104,38.3330078125,38.3330078125,0,,0
3776,FF-34-CAM-4,35215.409631731,35215.412029594,35215.497937772,38.3330078125,38.3330078125,0,,0
3778,FF-34-CAM-4,35215.914851108,35215.915966993,35215.990019921,38.3330078125,38.3330078125,0,,0
3780,FF-34-CAM-4,35216.457385874,35216.458282435,35216.538826492,38.3330078125,38.3330078125,0,,0
3782,FF-34-CAM-4,35216.953462557,35216.955181117,35217.022953681,38.3330078125,38.3330078125,0,,0
3784,FF-34-CAM-4,35217.489501748,35217.492485582,35217.624349544,38.3330078125,38.3330078125,0,,0
3786,FF-34-CAM-4,35218.096142439,35218.097712778,35218.165935093,38.3330078125,38.3330078125,0,,0
3788,FF-34-CAM-4,35218.60803508,35218.609727335,35218.655842229,38.3330078125,38.3330078125,0,,0
3790,FF-34-CAM-4,35219.151761511,35219.162490453,35219.235494148,38.3330078125,38.3330078125,0,,0
3792,FF-34-CAM-4,35219.72291139,35219.724117263,35219.787105957,38.3330078125,38.3330078125,0,,0
3794,FF-34-CAM-4,35220.243051018,35220.24563351,35220.347150502,38.3330078125,38.3330078125,0,,0
3796,FF-34-CAM-4,35220.798206885,35220.798977531,35220.865497401,38.3330078125,38.3330078125,0,,0
3798,FF-34-CAM-4,35221.246696936,35221.248215575,35221.375771938,38.3330078125,38.3330078125,0,,0
3800,FF-34-CAM-4,35221.832579136,35221.834162911,35221.898604877,38.3330078125,38.3330078125,0,,0
3802,FF-34-CAM-4,35222.30222824,35222.305323126,35222.401451594,38.3330078125,38.3330078125,0,,0
3804,FF-34-CAM-4,35222.758472656,35222.759374328,35222.834247131,38.3330078125,38.3330078125,0,,0
3806,FF-34-CAM-4,35223.258129147,35223.260119992,35223.315594487,38.3330078125,38.3330078125,0,,0
3808,FF-34-CAM-4,35223.716777056,35223.717962206,35223.783428459,38.3330078125,38.3330078125,0,,0
3810,FF-34-CAM-4,35224.192618514,35224.193580167,35224.25610677,38.3330078125,38.3330078125,0,,0
3812,FF-34-CAM-4,35224.595703795,35224.596797957,35224.646296364,38.3330078125,38.3330078125,0,,0
3814,FF-34-CAM-4,35225.074487953,35225.075695531,35225.143547105,38.3330078125,38.3330078125,0,,0
3816,FF-34-CAM-4,35225.518295652,35225.519868336,35225.580712084,38.3330078125,38.3330078125,0,,0
3818,FF-34-CAM-4,35225.962233057,35225.96395626,35226.033302234,38.3330078125,38.3330078125,0,,0
3820,FF-34-CAM-4,35226.373761105,35226.375035968,35226.434956855,38.3330078125,38.3330078125,0,,0
3822,FF-34-CAM-4,35226.805304791,35226.807961288,35226.926993406,38.3330078125,38.3330078125,0,,0
3824,FF-34-CAM-4,35227.299730411,35227.300986122,35227.353233814,38.3330078125,38.3330078125,0,,0
3826,FF-34-CAM-4,35227.68346043,35227.686058967,35227.74925406,38.3330078125,38.3330078125,0,,0
3828,FF-34-CAM-4,35228.088647166,35228.089971724,35228.160714322,38.3330078125,38.3330078125,0,,0
3830,FF-34-CAM-4,35228.489793234,35228.491859711,35228.553307903,38.3330078125,38.3330078125,0,,0
3832,FF-34-CAM-4,35228.94996574,35228.952035115,35229.005213011,38.3330078125,38.3330078125,0,,0
3834,FF-34-CAM-4,35229.369895059,35229.37089549,35229.450074515,38.3330078125,38.3330078125,0,,0
3836,FF-34-CAM-4,35229.846930265,35229.847772392,35229.93696465,38.3330078125,38.3330078125,0,,0
3838,FF-34-CAM-4,35230.316299619,35230.317451602,35230.390924047,38.3330078125,38.3330078125,0,,0
3840,FF-34-CAM-4,35230.779444859,35230.780618051,35230.880629577,38.3330078125,38.3330078125,0,,0
3842,FF-34-CAM-4,35231.355532532,35231.356881109,35231.447071301,38.3330078125,38.3330078125,0,,0
3844,FF-34-CAM-4,35231.836016639,35231.836795693,35231.904694962,38.3330078125,38.3330078125,0,,0
3846,FF-34-CAM-4,35232.274352874,35232.275567574,35232.330828302,38.3330078125,38.3330078125,0,,0
3848,FF-34-CAM-4,35232.658699087,35232.659833762,35232.726995439,38.3330078125,38.3330078125,0,,0
3850,FF-34-CAM-4,35233.227081327,35233.228057831,35233.286543888,38.3330078125,38.3330078125,0,,0
3852,FF-34-CAM-4,35233.675722202,35233.6811977,35233.731949389,38.3330078125,38.3330078125,0,,0
3854,FF-34-CAM-4,35234.161239885,35234.163475221,35234.230689678,38.3330078125,38.3330078125,0,,0
3856,FF-34-CAM-4,35234.612067471,35234.613502946,35234.696597356,38.3330078125,38.3330078125,0,,0
3858,FF-34-CAM-4,35235.126533255,35235.128316703,35235.176670187,38.3330078125,38.3330078125,0,,0
3860,FF-34-CAM-4,35235.590428081,35235.591460358,35235.649898011,38.3330078125,38.3330078125,0,,0
3862,FF-34-CAM-4,35236.021744825,35236.022511933,35236.086661942,38.3330078125,38.3330078125,0,,0
3864,FF-34-CAM-4,35236.492651862,35236.4939949,35236.561929667,38.3330078125,38.3330078125,0,,0
3866,FF-34-CAM-4,35236.917432935,35236.918570622,35236.98675661,38.3330078125,38.3330078125,0,,0
3868,FF-34-CAM-4,35237.354377689,35237.356057605,35237.457521313,38.3330078125,38.3330078125,0,,0
3870,FF-34-CAM-4,35237.810270784,35237.811687422,35237.882865874,38.3330078125,38.3330078125,0,,0
3872,FF-34-CAM-4,35238.249776791,35238.252268923,35238.341025926,38.3330078125,38.3330078125,0,,0
3874,FF-34-CAM-4,35238.701817964,35238.704490577,35238.760194351,38.3330078125,38.3330078125,0,,0
3876,FF-34-CAM-4,35239.108125869,35239.109710485,35239.164832152,38.3330078125,38.3330078125,0,,0
3878,FF-34-CAM-4,35239.551562947,35239.553543494,35239.609752158,38.3330078125,38.3330078125,0,,0
3880,FF-34-CAM-4,35240.076885305,35240.08056033,35240.135127454,38.3330078125,38.3330078125,0,,0
3882,FF-34-CAM-4,35240.527691619,35240.528988311,35240.600402871,38.3330078125,38.3330078125,0,,0
3884,FF-34-CAM-4,35240.96214436,35240.963357659,35241.044900488,38.3330078125,38.3330078125,0,,0
3886,FF-34-CAM-4,35241.406189147,35241.407097583,35241.472222296,38.3330078125,38.3330078125,0,,0
3888,FF-34-CAM-4,35241.891736802,35241.893788349,35241.942327868,38.3330078125,38.3330078125,0,,0
3890,FF-34-CAM-4,35242.382647987,35242.386098545,35242.519810324,38.3330078125,38.3330078125,0,,0
3892,FF-34-CAM-4,35242.883987621,35242.885582233,35242.977024838,38.3330078125,38.3330078125,0,,0
3894,FF-34-CAM-4,35243.576942893,35243.578645514,35243.679144679,38.3330078125,38.3330078125,0,,0
3896,FF-34-CAM-4,35244.100905473,35244.102053226,35244.179024236,38.3330078125,38.3330078125,0,,0
3898,FF-34-CAM-4,35244.614878068,35244.615870472,35244.734549159,38.3330078125,38.3330078125,0,,0
3900,FF-34-CAM-4,35245.139045796,35245.140475529,35245.199985837,38.3330078125,38.3330078125,0,,0
3902,FF-34-CAM-4,35245.605973061,35245.607756508,35245.694714953,38.3330078125,38.3330078125,0,,0
3904,FF-34-CAM-4,35246.114284059,35246.117258123,35246.185875516,38.3330078125,38.3330078125,0,,0
3906,FF-34-CAM-4,35246.550511764,35246.551890678,35246.658419716,38.3330078125,38.3330078125,0,,0
3908,FF-34-CAM-4,35247.076727678,35247.078723768,35247.147757172,38.3330078125,38.3330078125,0,,0
3910,FF-34-CAM-4,35247.559947234,35247.561525298,35247.672206656,38.3330078125,38.3330078125,0,,0
3912,FF-34-CAM-4,35248.097210278,35248.098370859,35248.159808834,38.3330078125,38.3330078125,0,,0
3914,FF-34-CAM-4,35248.53814642,35248.541897324,35248.620163322,38.3330078125,38.3330078125,0,,0
3916,FF-34-CAM-4,35249.040612715,35249.042302751,35249.105234793,38.3330078125,38.3330078125,0,,0
3918,FF-34-CAM-4,35249.473461477,35249.47501936,35249.54395634,38.3330078125,38.3330078125,0,,0
3920,FF-34-CAM-4,35249.924613547,35249.927101067,35249.988016578,38.3330078125,38.3330078125,0,,0
3922,FF-34-CAM-4,35250.398296392,35250.39959007,35250.523032416,38.3330078125,38.3330078125,0,,0
3924,FF-34-CAM-4,35250.942539971,35250.944247739,35251.01446667,38.3330078125,38.3330078125,0,,0
3926,FF-34-CAM-4,35251.448301454,35251.44934606,35251.50899347,38.3330078125,38.3330078125,0,,0
3928,FF-34-CAM-4,35251.91341583,35251.91633785,35251.971063632,38.3330078125,38.3330078125,0,,0
3930,FF-34-CAM-4,35252.359063793,35252.359730248,35252.480265699,38.3330078125,38.3330078125,0,,0
3932,FF-34-CAM-4,35252.887709754,35252.888636216,35252.940215784,38.3330078125,38.3330078125,0,,0
3934,FF-34-CAM-4,35253.363076551,35253.365698549,35253.423549691,38.3330078125,38.3330078125,0,,0
3936,FF-34-CAM-4,35253.8011556,35253.802296533,35253.881225806,38.3330078125,38.3330078125,0,,0
3938,FF-34-CAM-4,35254.271883233,35254.273113508,35254.322399729,38.3330078125,38.3330078125,0,,0
3940,FF-34-CAM-4,35254.724888739,35254.726056251,35254.792618665,38.3330078125,38.3330078125,0,,0
3942,FF-34-CAM-4,35255.172914111,35255.174507766,35255.283379674,38.3330078125,38.3330078125,0,,0
3944,FF-34-CAM-4,35255.714784653,35255.716276768,35255.779921589,38.3330078125,38.3330078125,0,,0
3946,FF-34-CAM-4,35256.182902948,35256.184031594,35256.240928826,38.3330078125,38.3330078125,0,,0
3948,FF-34-CAM-4,35256.648136607,35256.649328024,35256.740161726,38.3330078125,38.3330078125,0,,0
3950,FF-34-CAM-4,35257.174237342,35257.179023127,35257.223966696,38.3330078125,38.3330078125,0,,0
3952,FF-34-CAM-4,35257.612998514,35257.614102785,35257.671795318,38.3330078125,38.3330078125,0,,0
3954,FF-34-CAM-4,35258.082430569,35258.088223743,35258.152431296,38.3330078125,38.3330078125,0,,0
3956,FF-34-CAM-4,35258.557042677,35258.56271239,35258.621533505,38.3330078125,38.3330078125,0,,0
3958,FF-34-CAM-4,35259.032795535,35259.034923917,35259.112705442,38.3330078125,38.3330078125,0,,0
3960,FF-34-CAM-4,35259.522327138,35259.524578132,35259.613119675,38.3330078125,38.3330078125,0,,0
3962,FF-34-CAM-4,35259.986404183,35259.987384703,35260.068495317,38.3330078125,38.3330078125,0,,0
3964,FF-34-CAM-4,35260.421128941,35260.423069604,35260.482393598,38.3330078125,38.3330078125,0,,0
3966,FF-34-CAM-4,35260.885299312,35260.886961841,35260.966539152,38.3330078125,38.3330078125,0,,0
3968,FF-34-CAM-4,35261.325452224,35261.327871917,35261.390266806,38.3330078125,38.3330078125,0,,0
3970,FF-34-CAM-4,35261.77204101,35261.773199309,35261.864093894,38.3330078125,38.3330078125,0,,0
3972,FF-34-CAM-4,35262.231511873,35262.232890215,35262.346231652,38.3330078125,38.3330078125,0,,0
3974,FF-34-CAM-4,35262.78447086,35262.78557283,35262.856738229,38.3330078125,38.3330078125,0,,0
3976,FF-34-CAM-4,35263.272814055,35263.274199472,35263.339442201,38.3330078125,38.3330078125,0,,0
3978,FF-34-CAM-4,35263.771884293,35263.772855875,35263.835297858,38.3330078125,38.3330078125,0,,0
3980,FF-34-CAM-4,35264.224967844,35264.226396772,35264.299800388,38.3330078125,38.3330078125,0,,0
3982,FF-34-CAM-4,35264.728766306,35264.730347722,35264.818236287,38.3330078125,38.3330078125,0,,0
3984,FF-34-CAM-4,35265.206618662,35265.207524319,35265.322092279,38.3330078125,38.3330078125,0,,0
3986,FF-34-CAM-4,35265.839870522,35265.841338121,35265.918718195,38.3330078125,38.3330078125,0,,0
3988,FF-34-CAM-4,35266.353179572,35266.354409847,35266.416990767,38.3330078125,38.3330078125,0,,0
3990,FF-34-CAM-4,35266.866614131,35266.868096962,35266.924107698,38.3330078125,38.3330078125,0,,0
3992,FF-34-CAM-4,35267.417034157,35267.418552176,35267.511528102,38.3330078125,38.3330078125,0,,0
3994,FF-34-CAM-4,35267.908431686,35267.909418684,35267.987922434,38.3330078125,38.3330078125,0,,0
3996,FF-34-CAM-4,35268.37060593,35268.372304346,35268.437649938,38.3330078125,38.3330078125,0,,0
3998,FF-34-CAM-4,35268.814987421,35268.816421766,35268.900153744,38.3330078125,38.3330078125,0,,0
4000,FF-34-CAM-4,35269.30809754,35269.309419141,35269.37822498,38.3330078125,38.3330078125,0,,0
4002,FF-34-CAM-4,35269.779423924,35269.781038529,35269.89650561,38.3330078125,38.3330078125,0,,0
4004,FF-34-CAM-4,35270.325594388,35270.327444646,35270.392499328,38.3330078125,38.3330078125,0,,0
4006,FF-34-CAM-4,35270.7810341,35270.78303926,35270.86144562,38.3330078125,38.3330078125,0,,0
4008,FF-34-CAM-4,35271.267564228,35271.268798623,35271.334373407,38.3330078125,38.3330078125,0,,0
4010,FF-34-CAM-4,35271.747998336,35271.749764564,35271.816963369,38.3330078125,38.3330078125,0,,0
4012,FF-34-CAM-4,35272.274087913,35272.276327635,35272.359894205,38.3330078125,38.3330078125,0,,0
4014,FF-34-CAM-4,35272.845484826,35272.847517814,35272.922284608,38.3330078125,38.3330078125,0,,0
4016,FF-34-CAM-4,35273.440206807,35273.441175203,35273.519220559,38.3330078125,38.3330078125,0,,0
4018,FF-34-CAM-4,35273.952967691,35273.95822808,35274.019949125,38.3330078125,38.3330078125,0,,0
4020,FF-34-CAM-4,35274.446969084,35274.448078813,35274.540873504,38.3330078125,38.3330078125,0,,0
4022,FF-34-CAM-4,35274.945607749,35274.947729729,35275.027276049,38.3330078125,38.3330078125,0,,0
4024,FF-34-CAM-4,35275.467351623,35275.468574491,35275.593584454,38.3330078125,38.3330078125,0,,0
4026,FF-34-CAM-4,35275.954599592,35275.956998318,35276.021917321,38.3330078125,38.3330078125,0,,0
4028,FF-34-CAM-4,35276.394318647,35276.395316138,35276.502321002,38.3330078125,38.3330078125,0,,0
4030,FF-34-CAM-4,35276.900262033,35276.901790396,35276.964570172,38.3330078125,38.3330078125,0,,0
4032,FF-34-CAM-4,35277.349648991,35277.351323802,35277.415475013,38.3330078125,38.3330078125,0,,0
4034,FF-34-CAM-4,35277.839068156,35277.840375217,35277.911428109,38.3330078125,38.3330078125,0,,0
4036,FF-34-CAM-4,35278.297335649,35278.298217292,35278.358406089,38.3330078125,38.3330078125,0,,0
4038,FF-34-CAM-4,35278.781274971,35278.782771169,35278.85868403,38.3330078125,38.3330078125,0,,0
4040,FF-34-CAM-4,35279.227825859,35279.229217162,35279.329954743,38.3330078125,38.3330078125,0,,0
4042,FF-34-CAM-4,35279.709543386,35279.711023443,35279.765638329,38.3330078125,38.3330078125,0,,0
4044,FF-34-CAM-4,35280.1582137,35280.159716381,35280.235533365,38.3330078125,38.3330078125,0,,0
4046,FF-34-CAM-4,35280.672478917,35280.673541354,35280.726284238,38.3330078125,38.3330078125,0,,0
4048,FF-34-CAM-4,35281.208769575,35281.210895844,35281.311594444,38.3330078125,38.3330078125,0,,0
4050,FF-34-CAM-4,35281.742337276,35281.748442479,35281.808951041,38.3330078125,38.3330078125,0,,0
4052,FF-34-CAM-4,35282.250935932,35282.253652646,35282.313718067,38.3330078125,38.3330078125,0,,0
4054,FF-34-CAM-4,35282.890547004,35282.89234667,35282.966898548,38.3330078125,38.3330078125,0,,0
4056,FF-34-CAM-4,35283.371366536,35283.373947156,35283.454194208,38.3330078125,38.3330078125,0,,0
4058,FF-34-CAM-4,35283.872649562,35283.873634435,35283.944933663,38.3330078125,38.3330078125,0,,0
4060,FF-34-CAM-4,35284.440817054,35284.452987263,35284.522102603,38.3330078125,38.3330078125,0,,0
4062,FF-34-CAM-4,35284.93442471,35284.936210306,35284.993158725,38.3330078125,38.3330078125,0,,0
4064,FF-34-CAM-4,35285.408209853,35285.411988932,35285.468951569,38.3330078125,38.3330078125,0,,0
4066,FF-34-CAM-4,35285.854625366,35285.855627711,35285.951881478,38.3330078125,38.3330078125,0,,0
4068,FF-34-CAM-4,35286.356943586,35286.358019785,35286.43024053,38.3330078125,38.3330078125,0,,0
4070,FF-34-CAM-4,35286.96603217,35286.96782636,35287.027964895,38.3330078125,38.3330078125,0,,0
4072,FF-34-CAM-4,35287.436567847,35287.438040483,35287.516044808,38.3330078125,38.3330078125,0,,0
4074,FF-34-CAM-4,35287.879582805,35287.882538564,35287.947188546,38.3330078125,38.3330078125,0,,0
4076,FF-34-CAM-4,35288.374867466,35288.377891781,35288.430363739,38.3330078125,38.3330078125,0,,0
4078,FF-34-CAM-4,35288.808472206,35288.809638305,35288.90772645,38.3330078125,38.3330078125,0,,0
4080,FF-34-CAM-4,35289.319367435,35289.321541453,35289.396562063,38.3330078125,38.3330078125,0,,0
4082,FF-34-CAM-4,35289.802526703,35289.804109681,35289.906029014,38.3330078125,38.3330078125,0,,0
4084,FF-34-CAM-4,35290.322345671,35290.323798303,35290.38150451,38.3330078125,38.3330078125,0,,0
4086,FF-34-CAM-4,35290.812881655,35290.814594753,35290.89301138,38.3330078125,38.3330078125,0,,0
4088,FF-34-CAM-4,35291.331729439,35291.333552303,35291.410869441,38.3330078125,38.3330078125,0,,0
4090,FF-34-CAM-4,35291.812907405,35291.814168934,35291.865610519,38.3330078125,38.3330078125,0,,0
4092,FF-34-CAM-4,35292.354282368,35292.357264716,35292.42467144,38.3330078125,38.3330078125,0,,0
4094,FF-34-CAM-4,35292.861204575,35292.863171195,35292.921381999,38.3330078125,38.3330078125,0,,0
4096,FF-34-CAM-4,35293.427342589,35293.428818697,35293.513728916,38.3330078125,38.3330078125,0,,0
4098,FF-34-CAM-4,35293.979284973,35293.980803476,35294.089374695,38.3330078125,38.3330078125,0,,0
4100,FF-34-CAM-4,35294.592560707,35294.593724062,35294.662120866,38.3330078125,38.3330078125,0,,0
4102,FF-34-CAM-4,35295.099320658,35295.100708193,35295.172991155,38.3330078125,38.3330078125,0,,0
4104,FF-34-CAM-4,35295.831588999,35295.833094692,35295.892768075,38.3330078125,38.3330078125,0,,0
4106,FF-34-CAM-4,35296.403017819,35296.404641024,35296.470326103,38.3330078125,38.3330078125,0,,0
4108,FF-34-CAM-4,35296.936509391,35296.937839099,35297.003946847,38.3330078125,38.3330078125,0,,0
4110,FF-34-CAM-4,35297.448895581,35297.452617635,35297.521077733,38.3330078125,38.3330078125,0,,0
4112,FF-34-CAM-4,35297.96293311,35297.965630806,35298.016779156,38.3330078125,38.3330078125,0,,0
4114,FF-34-CAM-4,35298.423890569,35298.42483051,35298.490617762,38.3330078125,38.3330078125,0,,0
4116,FF-34-CAM-4,35298.873472209,35298.874835494,35298.927021407,38.3330078125,38.3330078125,0,,0
4118,FF-34-CAM-4,35299.322630154,35299.323995492,35299.439677534,38.3330078125,38.3330078125,0,,0
4120,FF-34-CAM-4,35299.975116217,35299.975870374,35300.033954357,38.3330078125,38.3330078125,0,,0
4122,FF-34-CAM-4,35300.436185586,35300.440290785,35300.488548652,38.3330078125,38.3330078125,0,,0
4124,FF-34-CAM-4,35300.98072941,35300.982867078,35301.052352038,38.3330078125,38.3330078125,0,,0
4126,FF-34-CAM-4,35301.521368837,35301.522052732,35301.60815294,38.3330078125,38.3330078125,0,,0
4128,FF-34-CAM-4,35301.940750577,35301.941476427,35302.036322029,38.3330078125,38.3330078125,0,,0
4130,FF-34-CAM-4,35302.411793431,35302.413775451,35302.474624633,38.3330078125,38.3330078125,0,,0
4132,FF-34-CAM-4,35302.899902427,35302.901326772,35302.969413363,38.3330078125,38.3330078125,0,,0
4134,FF-34-CAM-4,35303.331998824,35303.333814985,35303.419843929,38.3330078125,38.3330078125,0,,0
4136,FF-34-CAM-4,35303.807076384,35303.810109979,35303.861672471,38.3330078125,38.3330078125,0,,0
4138,FF-34-CAM-4,35304.27752643,35304.279700884,35304.346362738,38.3330078125,38.3330078125,0,,0
4140,FF-34-CAM-4,35304.819783378,35304.823511826,35304.943195248,38.3330078125,38.3330078125,0,,0
4142,FF-34-CAM-4,35305.50834042,35305.509555977,35305.579540296,38.3330078125,38.3330078125,0,,0
4144,FF-34-CAM-4,35305.952662633,35305.953514438,35306.055846531,38.3330078125,38.3330078125,0,,0
4146,FF-34-CAM-4,35306.448347175,35306.45005343,35306.509545838,38.3330078125,38.3330078125,0,,0
4148,FF-34-CAM-4,35306.878235495,35306.879889989,35306.94479229,38.3330078125,38.3330078125,0,,0
4150,FF-34-CAM-4,35307.318512773,35307.321797488,35307.424417341,38.3330078125,38.3330078125,0,,0
4152,FF-34-CAM-4,35307.882486705,35307.88425832,35307.959160538,38.3330078125,38.3330078125,0,,0
4154,FF-34-CAM-4,35308.313711775,35308.314927689,35308.468108831,38.3330078125,38.3330078125,0,,0
4156,FF-34-CAM-4,35308.878410763,35308.880499927,35308.951485319,38.3330078125,38.3330078125,0,,0
4158,FF-34-CAM-4,35309.293395776,35309.294791947,35309.358089926,38.3330078125,38.3330078125,0,,0
4160,FF-34-CAM-4,35309.72778371,35309.729175122,35309.7853206,38.3330078125,38.3330078125,0,,0
4162,FF-34-CAM-4,35310.15167605,35310.153334509,35310.227392119,38.3330078125,38.3330078125,0,,0
4164,FF-34-CAM-4,35310.601433772,35310.602995959,35310.734115611,38.3330078125,38.3330078125,0,,0
4166,FF-34-CAM-4,35311.166249391,35311.169020035,35311.235418759,38.3330078125,38.3330078125,0,,0
4168,FF-34-CAM-4,35311.672923446,35311.674294884,35311.737730419,38.3330078125,38.3330078125,0,,0
4170,FF-34-CAM-4,35312.066125302,35312.066681763,35312.185525029,38.3330078125,38.3330078125,0,,0
4172,FF-34-CAM-4,35312.562291772,35312.563918217,35312.630749746,38.3330078125,38.3330078125,0,,0
4174,FF-34-CAM-4,35313.035019822,35313.036326142,35313.124983813,38.3330078125,38.3330078125,0,,0
4176,FF-34-CAM-4,35313.539305341,35313.540093527,35313.599063497,38.3330078125,38.3330078125,0,,0
4178,FF-34-CAM-4,35313.927035124,35313.928780022,35314.015953152,38.3330078125,38.3330078125,0,,0
4180,FF-34-CAM-4,35314.440348172,35314.441719242,35314.501275304,38.3330078125,38.3330078125,0,,0
4182,FF-34-CAM-4,35314.912114429,35314.9138007,35314.962605666,38.3330078125,38.3330078125,0,,0
4184,FF-34-CAM-4,35315.365358717,35315.370831543,35315.442711956,38.3330078125,38.3330078125,0,,0
4186,FF-34-CAM-4,35315.833698656,35315.834841163,35315.928967446,38.3330078125,38.3330078125,0,,0
4188,FF-34-CAM-4,35316.342480054,35316.345167077,35316.406369177,38.3330078125,38.3330078125,0,,0
4190,FF-34-CAM-4,35316.890859246,35316.892034362,35316.964378269,38.3330078125,38.3330078125,0,,0
4192,FF-34-CAM-4,35317.363868734,35317.365355007,35317.452990429,38.3330078125,38.3330078125,0,,0
4194,FF-34-CAM-4,35317.840958056,35317.842068561,35317.903090098,38.3330078125,38.3330078125,0,,0
4196,FF-34-CAM-4,35318.294183529,35318.296038145,35318.474810822,38.3330078125,38.3330078125,0,,0
4198,FF-34-CAM-4,35318.872760964,35318.876301834,35318.941223317,38.3330078125,38.3330078125,0,,0
4200,FF-34-CAM-4,35319.337652285,35319.33862391,35319.4009573,38.3330078125,38.3330078125,0,,0
4202,FF-34-CAM-4,35319.837978516,35319.838986769,35319.882744263,38.3330078125,38.3330078125,0,,0
4204,FF-34-CAM-4,35320.267371197,35320.268536902,35320.375583075,38.3330078125,38.3330078125,0,,0
4206,FF-34-CAM-4,35320.896997468,35320.900037565,35320.980567184,38.3330078125,38.3330078125,0,,0
4208,FF-34-CAM-4,35321.38849063,35321.389300157,35321.454891452,38.3330078125,38.3330078125,0,,0
4210,FF-34-CAM-4,35321.867707059,35321.868926289,35321.937734434,38.3330078125,38.3330078125,0,,0
4212,FF-34-CAM-4,35322.305234878,35322.306366241,35322.363894193,38.3330078125,38.3330078125,0,,0
4214,FF-34-CAM-4,35322.786242055,35322.788347829,35322.855481178,38.3330078125,38.3330078125,0,,0
4216,FF-34-CAM-4,35323.228156014,35323.229338287,35323.316504529,38.3330078125,38.3330078125,0,,0
4218,FF-34-CAM-4,35323.716599511,35323.718045365,35323.773364627,38.3330078125,38.3330078125,0,,0
4220,FF-34-CAM-4,35324.140267366,35324.141780849,35324.287422289,38.3330078125,38.3330078125,0,,0
4222,FF-34-CAM-4,35324.641405978,35324.644432696,35324.735062038,38.3330078125,38.3330078125,0,,0
4224,FF-34-CAM-4,35325.111020898,35325.111998007,35325.177915488,38.3330078125,38.3330078125,0,,0
4226,FF-34-CAM-4,35325.537654076,35325.541933263,35325.656926386,38.3330078125,38.3330078125,0,,0
4228,FF-34-CAM-4,35326.05614547,35326.056970858,35326.111341735,38.3330078125,38.3330078125,0,,0
4230,FF-34-CAM-4,35326.541038262,35326.542562778,35326.625680678,38.3330078125,38.3330078125,0,,0
4232,FF-34-CAM-4,35327.029900145,35327.031320587,35327.091163363,38.3330078125,38.3330078125,0,,0
4234,FF-34-CAM-4,35327.450054419,35327.451168694,35327.498245239,38.3330078125,38.3330078125,0,,0
4236,FF-34-CAM-4,35327.946486127,35327.948860088,35328.010844024,38.3330078125,38.3330078125,0,,0
4238,FF-34-CAM-4,35328.405952191,35328.407061063,35328.453874415,38.3330078125,38.3330078125,0,,0
4240,FF-34-CAM-4,35328.819143322,35328.820102833,35328.868570506,38.3330078125,38.3330078125,0,,0
4242,FF-34-CAM-4,35329.29103629,35329.29327425,35329.344889779,38.3330078125,38.3330078125,0,,0
4244,FF-34-CAM-4,35329.749172706,35329.750579555,35329.81328715,38.3330078125,38.3330078125,0,,0
4246,FF-34-CAM-4,35330.16664738,35330.174733368,35330.230317237,38.3330078125,38.3330078125,0,,0
4248,FF-34-CAM-4,35330.653154804,35330.655096176,35330.704437654,38.3330078125,38.3330078125,0,,0
4250,FF-34-CAM-4,35331.090534737,35331.09349959,35331.234643019,38.3330078125,38.3330078125,0,,0
4252,FF-34-CAM-4,35331.556426195,35331.558206282,35331.632564014,38.3330078125,38.3330078125,0,,0
4254,FF-34-CAM-4,35332.027109225,35332.028681731,35332.135207337,38.3330078125,38.3330078125,0,,0
4256,FF-34-CAM-4,35332.515870179,35332.518038961,35332.569464952,38.3330078125,38.3330078125,0,,0
4258,FF-34-CAM-4,35332.977930941,35332.978767835,35333.025759338,38.3330078125,38.3330078125,0,,0
4260,FF-34-CAM-4,35333.390166215,35333.39140433,35333.475674521,38.3330078125,38.3330078125,0,,0
4262,FF-34-CAM-4,35333.852726998,35333.855599883,35333.926049715,38.3330078125,38.3330078125,0,,0
4264,FF-34-CAM-4,35334.305629723,35334.30712338,35334.353600387,38.3330078125,38.3330078125,0,,0
4266,FF-34-CAM-4,35334.795460066,35334.797046994,35334.856649741,38.3330078125,38.3330078125,0,,0
4268,FF-34-CAM-4,35335.295271542,35335.297423762,35335.391994186,38.3330078125,38.3330078125,0,,0
4270,FF-34-CAM-4,35335.742985805,35335.743987129,35335.789319492,38.3330078125,38.3330078125,0,,0
4272,FF-34-CAM-4,35336.22502081,35336.226295394,35336.270369946,38.3330078125,38.3330078125,0,,0
4274,FF-34-CAM-4,35336.659113768,35336.66017162,35336.729143755,38.3330078125,38.3330078125,0,,0
4278,FF-34-CAM-4,35337.716571368,35337.717841308,35337.823375149,38.33349609375,38.3330078125,0,,0
4282,FF-34-CAM-4,35338.675717744,35338.678423126,35338.80350717,38.33349609375,38.3330078125,0,,0
4284,FF-34-CAM-4,35339.232843477,35339.233872479,35339.33698971,38.3330078125,38.3330078125,0,,0
4286,FF-34-CAM-4,35339.725756078,35339.727141728,35339.783756558,38.3330078125,38.3330078125,0,,0
4288,FF-34-CAM-4,35340.163830751,35340.167315376,35340.244556943,38.3330078125,38.3330078125,0,,0
4290,FF-34-CAM-4,35340.617727411,35340.618765295,35340.685809567,38.3330078125,38.3330078125,0,,0
4292,FF-34-CAM-4,35341.100910952,35341.101897307,35341.181519874,38.3330078125,38.3330078125,0,,0
4294,FF-34-CAM-4,35341.558211842,35341.559270948,35341.643407166,38.3330078125,38.3330078125,0,,0
4296,FF-34-CAM-4,35342.012617025,35342.014074875,35342.071587964,38.3330078125,38.3330078125,0,,0
4298,FF-34-CAM-4,35342.510102681,35342.511404514,35342.572491601,38.3330078125,38.3330078125,0,,0
4300,FF-34-CAM-4,35343.003152718,35343.005618934,35343.064842769,38.3330078125,38.3330078125,0,,0
4302,FF-34-CAM-4,35343.521325376,35343.522873974,35343.604269288,38.3330078125,38.3330078125,0,,0
4304,FF-34-CAM-4,35343.958293768,35343.959292466,35344.010959255,38.3330078125,38.3330078125,0,,0
4306,FF-34-CAM-4,35344.547625804,35344.549418592,35344.609099757,38.3330078125,38.3330078125,0,,0
4308,FF-34-CAM-4,35344.966246656,35344.974470383,35345.040231303,38.3330078125,38.3330078125,0,,0
4310,FF-34-CAM-4,35345.411042938,35345.412428759,35345.489907109,38.3330078125,38.3330078125,0,,0
4312,FF-34-CAM-4,35345.90838692,35345.909564185,35345.974384888,38.3330078125,38.3330078125,0,,0
4314,FF-34-CAM-4,35346.375583175,35346.376693918,35346.434959136,38.3330078125,38.3330078125,0,,0
4316,FF-34-CAM-4,35346.82819814,35346.830559891,35346.879451658,38.3330078125,38.3330078125,0,,0
4318,FF-34-CAM-4,35347.334114503,35347.335715633,35347.463254682,38.3330078125,38.3330078125,0,,0
4320,FF-34-CAM-4,35347.877715797,35347.880676819,35347.941635089,38.3330078125,38.3330078125,0,,0
4322,FF-34-CAM-4,35348.307759029,35348.309699736,35348.393021535,38.3330078125,38.3330078125,0,,0
4324,FF-34-CAM-4,35348.782482407,35348.784058206,35348.856417158,38.3330078125,38.3330078125,0,,0
4326,FF-34-CAM-4,35349.257465783,35349.258296511,35349.297151088,38.3330078125,38.3330078125,0,,0
4328,FF-34-CAM-4,35349.673174624,35349.674139003,35349.799454586,38.3330078125,38.3330078125,0,,0
4330,FF-34-CAM-4,35350.135274984,35350.136178817,35350.21976706,38.3330078125,38.3330078125,0,,0
4332,FF-34-CAM-4,35350.607579443,35350.610751708,35350.680693966,38.3330078125,38.3330078125,0,,0
4334,FF-34-CAM-4,35351.070608572,35351.071828383,35351.134086073,38.3330078125,38.3330078125,0,,0
4336,FF-34-CAM-4,35351.554934528,35351.558567805,35351.627890039,38.3330078125,38.3330078125,0,,0
4338,FF-34-CAM-4,35352.076604679,35352.07793059,35352.1209001,38.3330078125,38.3330078125,0,,0
4340,FF-34-CAM-4,35352.514816056,35352.515604364,35352.59064552,38.3330078125,38.3330078125,0,,0
4342,FF-34-CAM-4,35352.954176906,35352.955297654,35353.001514086,38.3330078125,38.3330078125,0,,0
4344,FF-34-CAM-4,35353.336860005,35353.338043051,35353.394254431,38.3330078125,38.3330078125,0,,0
4346,FF-34-CAM-4,35353.781818619,35353.783761818,35353.846072585,38.3330078125,38.3330078125,0,,0
4348,FF-34-CAM-4,35354.248364059,35354.249875901,35354.326355971,38.3330078125,38.3330078125,0,,0
4350,FF-34-CAM-4,35354.717078722,35354.718635707,35354.773353182,38.3330078125,38.3330078125,0,,0
4352,FF-34-CAM-4,35355.122462299,35355.123318678,35355.200678607,38.3330078125,38.3330078125,0,,0
4354,FF-34-CAM-4,35355.600144181,35355.601271771,35355.683464294,38.3330078125,38.3330078125,0,,0
4356,FF-34-CAM-4,35356.04567934,35356.047113167,35356.11105748,38.3330078125,38.3330078125,0,,0
4358,FF-34-CAM-4,35356.499866663,35356.501750062,35356.561060666,38.3330078125,38.3330078125,0,,0
4360,FF-34-CAM-4,35356.944461109,35356.945390175,35357.009100859,38.3330078125,38.3330078125,0,,0
4362,FF-34-CAM-4,35357.33633699,35357.339150642,35357.39444578,38.3330078125,38.3330078125,0,,0
4364,FF-34-CAM-4,35357.796847357,35357.797690925,35357.837356767,38.3330078125,38.3330078125,0,,0
4366,FF-34-CAM-4,35358.210834935,35358.211920454,35358.289133877,38.3330078125,38.3330078125,0,,0
4368,FF-34-CAM-4,35358.683795105,35358.685162378,35358.750806705,38.3330078125,38.3330078125,0,,0
4370,FF-34-CAM-4,35359.119233387,35359.129461039,35359.201504135,38.3330078125,38.3330078125,0,,0
4372,FF-34-CAM-4,35359.602315592,35359.603879703,35359.65405504,38.3330078125,38.3330078125,0,,0
4374,FF-34-CAM-4,35360.04513526,35360.046160285,35360.085138097,38.3330078125,38.3330078125,0,,0
4376,FF-34-CAM-4,35360.434572327,35360.436234273,35360.566345369,38.3330078125,38.3330078125,0,,0
4378,FF-34-CAM-4,35360.932263914,35360.933220175,35361.02572856,38.3330078125,38.3330078125,0,,0
4380,FF-34-CAM-4,35361.363811894,35361.365070222,35361.433412698,38.3330078125,38.3330078125,0,,0
4382,FF-34-CAM-4,35361.81034114,35361.811646107,35361.875892132,38.3330078125,38.3330078125,0,,0
4384,FF-34-CAM-4,35362.260041009,35362.264224801,35362.310408724,38.3330078125,38.3330078125,0,,0
4386,FF-34-CAM-4,35362.654167155,35362.656608746,35362.714592836,38.3330078125,38.3330078125,0,,0
4388,FF-34-CAM-4,35363.078877215,35363.079939279,35363.145830463,38.3330078125,38.3330078125,0,,0
4390,FF-34-CAM-4,35363.522981261,35363.523932216,35363.587707839,38.3330078125,38.3330078125,0,,0
4392,FF-34-CAM-4,35363.988763771,35363.989816329,35364.035142433,38.3330078125,38.3330078125,0,,0
4394,FF-34-CAM-4,35364.386521548,35364.38862191,35364.454066814,38.3330078125,38.3330078125,0,,0
4396,FF-34-CAM-4,35364.804954109,35364.805979036,35364.869235247,38.3330078125,38.3330078125,0,,0
4398,FF-34-CAM-4,35365.260768187,35365.262163814,35365.32134591,38.3330078125,38.3330078125,0,,0
4400,FF-34-CAM-4,35365.730854588,35365.732230285,35365.81995401,38.3330078125,38.3330078125,0,,0
4402,FF-34-CAM-4,35366.202641096,35366.205705603,35366.26631461,38.3330078125,38.3330078125,0,,0
4404,FF-34-CAM-4,35366.662461646,35366.663774601,35366.792563828,38.3330078125,38.3330078125,0,,0
4406,FF-34-CAM-4,35367.310897243,35367.315056696,35367.404615193,38.3330078125,38.3330078125,0,,0
4408,FF-34-CAM-4,35367.78428545,35367.785717144,35367.865090756,38.3330078125,38.3330078125,0,,0
4410,FF-34-CAM-4,35368.324185759,35368.326711811,35368.384951238,38.3330078125,38.3330078125,0,,0
4412,FF-34-CAM-4,35368.734721888,35368.738100722,35368.806626045,38.3330078125,38.3330078125,0,,0
4414,FF-34-CAM-4,35369.20423022,35369.20635872,35369.301484132,38.3330078125,38.3330078125,0,,0
4416,FF-34-CAM-4,35369.689210762,35369.691139735,35369.747221162,38.3330078125,38.3330078125,0,,0
4418,FF-34-CAM-4,35370.090758663,35370.091863975,35370.14423566,38.3330078125,38.3330078125,0,,0
4420,FF-34-CAM-4,35370.515227231,35370.516533773,35370.583508671,38.3330078125,38.3330078125,0,,0
4422,FF-34-CAM-4,35370.982861161,35370.984720006,35371.043460118,38.3330078125,38.3330078125,0,,0
4424,FF-34-CAM-4,35371.370187868,35371.371075075,35371.476280137,38.3330078125,38.3330078125,0,,0
4426,FF-34-CAM-4,35371.851116387,35371.85340202,35371.91746118,38.3330078125,38.3330078125,0,,0
4428,FF-34-CAM-4,35372.312922977,35372.314098826,35372.374142371,38.3330078125,38.3330078125,0,,0
4430,FF-34-CAM-4,35372.794109807,35372.796188163,35372.852013228,38.3330078125,38.3330078125,0,,0
4432,FF-34-CAM-4,35373.196101745,35373.19727423,35373.313571388,38.3330078125,38.3330078125,0,,0
4434,FF-34-CAM-4,35373.730018218,35373.731264859,35373.784828529,38.3330078125,38.3330078125,0,,0
4436,FF-34-CAM-4,35374.108731304,35374.110494931,35374.191508685,38.3330078125,38.3330078125,0,,0
4438,FF-34-CAM-4,35374.547675201,35374.548572135,35374.638891628,38.3330078125,38.3330078125,0,,0
4440,FF-34-CAM-4,35375.059475771,35375.060662347,35375.112605811,38.3330078125,38.3330078125,0,,0
4442,FF-34-CAM-4,35375.440635367,35375.442835184,35375.495331372,38.3330078125,38.3330078125,0,,0
4444,FF-34-CAM-4,35375.837924239,35375.83915651,35375.885789718,38.3330078125,38.3330078125,0,,0
4446,FF-34-CAM-4,35376.352013842,35376.353956032,35376.432734455,38.3330078125,38.3330078125,0,,0
4448,FF-34-CAM-4,35376.824767327,35376.828975766,35376.928151882,38.3330078125,38.3330078125,0,,0
4450,FF-34-CAM-4,35377.407629174,35377.409607817,35377.471894646,38.3330078125,38.3330078125,0,,0
4452,FF-34-CAM-4,35377.83950196,35377.84056024,35377.937740358,38.3330078125,38.3330078125,0,,0
4454,FF-34-CAM-4,35378.3174593,35378.31812897,35378.371822704,38.3330078125,38.3330078125,0,,0
4456,FF-34-CAM-4,35378.765347164,35378.766607598,35378.814556547,38.3330078125,38.3330078125,0,,0
4458,FF-34-CAM-4,35379.224771232,35379.226543576,35379.28283443,38.3330078125,38.3330078125,0,,0
4460,FF-34-CAM-4,35379.653559669,35379.654589271,35379.717485545,38.3330078125,38.3330078125,0,,0
4462,FF-34-CAM-4,35380.123663129,35380.124523247,35380.229135481,38.3330078125,38.3330078125,0,,0
4464,FF-34-CAM-4,35380.590966804,35380.593389338,35380.654719285,38.3330078125,38.3330078125,0,,0
4466,FF-34-CAM-4,35380.977850043,35380.978708195,35381.058771764,38.3330078125,38.3330078125,0,,0
4468,FF-34-CAM-4,35381.430660933,35381.431516967,35381.487316636,38.3330078125,38.3330078125,0,,0
4470,FF-34-CAM-4,35381.853069966,35381.854201288,35381.901919099,38.3330078125,38.3330078125,0,,0
4472,FF-34-CAM-4,35382.308718409,35382.311103188,35382.384828793,38.3330078125,38.3330078125,0,,0
4474,FF-34-CAM-4,35382.76071185,35382.764284829,35382.82261068,38.3330078125,38.3330078125,0,,0
4476,FF-34-CAM-4,35383.22191613,35383.223147311,35383.278750492,38.3330078125,38.3330078125,0,,0
4478,FF-34-CAM-4,35383.62777283,35383.629083495,35383.676081058,38.3330078125,38.3330078125,0,,0
4480,FF-34-CAM-4,35384.044804825,35384.046016998,35384.109445112,38.3330078125,38.3330078125,0,,0
4482,FF-34-CAM-4,35384.481747132,35384.483571193,35384.55223253,38.3330078125,38.3330078125,0,,0
4484,FF-34-CAM-4,35384.916239867,35384.917462604,35385.008833686,38.3330078125,38.3330078125,0,,0
4486,FF-34-CAM-4,35385.398327887,35385.399710294,35385.462631476,38.3330078125,38.3330078125,0,,0
4488,FF-34-CAM-4,35385.826475048,35385.827536722,35385.902767599,38.3330078125,38.3330078125,0,,0
4490,FF-34-CAM-4,35386.310201094,35386.312060568,35386.3761904,38.3330078125,38.3330078125,0,,0
4492,FF-34-CAM-4,35386.77113166,35386.772125134,35386.878206821,38.3330078125,38.3330078125,0,,0
4494,FF-34-CAM-4,35387.261993272,35387.263575603,35387.326470145,38.3330078125,38.3330078125,0,,0
4496,FF-34-CAM-4,35387.680966843,35387.682795218,35387.745043481,38.3330078125,38.3330078125,0,,0
4498,FF-34-CAM-4,35388.061228614,35388.062692723,35388.136475874,38.3330078125,38.3330078125,0,,0
4500,FF-34-CAM-4,35388.455843101,35388.457647005,35388.537132337,38.3330078125,38.3330078125,0,,0
4502,FF-34-CAM-4,35388.885296264,35388.887198787,35388.985123873,38.3330078125,38.3330078125,0,,0
4504,FF-34-CAM-4,35389.409156737,35389.410959474,35389.466827235,38.3330078125,38.3330078125,0,,0
4506,FF-34-CAM-4,35389.80647773,35389.80817494,35389.879981664,38.3330078125,38.3330078125,0,,0
4508,FF-34-CAM-4,35390.256870013,35390.259444304,35390.379743453,38.3330078125,38.3330078125,0,,0
4510,FF-34-CAM-4,35390.733298787,35390.735966547,35390.803988747,38.3330078125,38.3330078125,0,,0
4512,FF-34-CAM-4,35391.152130121,35391.153367753,35391.216574701,38.3330078125,38.3330078125,0,,0
4514,FF-34-CAM-4,35391.578729789,35391.579974334,35391.635760783,38.3330078125,38.3330078125,0,,0
4516,FF-34-CAM-4,35391.998538652,35392.000254598,35392.049820589,38.3330078125,38.3330078125,0,,0
4518,FF-34-CAM-4,35392.465356975,35392.466999843,35392.549304995,38.3330078125,38.3330078125,0,,0
4520,FF-34-CAM-4,35392.93456047,35392.935676468,35393.078559998,38.3330078125,38.3330078125,0,,0
4522,FF-34-CAM-4,35393.442150062,35393.443400496,35393.516592296,38.3330078125,38.3330078125,0,,0
4524,FF-34-CAM-4,35393.822070696,35393.823621418,35393.893223503,38.3330078125,38.3330078125,0,,0
4526,FF-34-CAM-4,35394.299309266,35394.301198931,35394.363432786,38.3330078125,38.3330078125,0,,0
4528,FF-34-CAM-4,35394.723126912,35394.724712425,35394.797351878,38.3330078125,38.3330078125,0,,0
4530,FF-34-CAM-4,35395.157119944,35395.15876397,35395.227626952,38.3330078125,38.3330078125,0,,0
4532,FF-34-CAM-4,35395.567545632,35395.568966027,35395.614470772,38.3330078125,38.3330078125,0,,0
4534,FF-34-CAM-4,35395.994162174,35395.995112615,35396.055386624,38.3330078125,38.3330078125,0,,0
4536,FF-34-CAM-4,35396.42341125,35396.430677885,35396.498599305,38.3330078125,38.3330078125,0,,0
4538,FF-34-CAM-4,35396.825898352,35396.829469908,35396.910757232,38.3330078125,38.3330078125,0,,0
4540,FF-34-CAM-4,35397.292342137,35397.293910162,35397.339921407,38.3330078125,38.3330078125,0,,0
4542,FF-34-CAM-4,35397.69767179,35397.699739789,35397.758882213,38.3330078125,38.3330078125,0,,0
4544,FF-34-CAM-4,35398.131687456,35398.133707577,35398.194671145,38.3330078125,38.3330078125,0,,0
4546,FF-34-CAM-4,35398.571140464,35398.572441893,35398.628197012,38.3330078125,38.3330078125,0,,0
4548,FF-34-CAM-4,35398.97491604,35398.976157157,35399.039211226,38.3330078125,38.3330078125,0,,0
4550,FF-34-CAM-4,35399.460216425,35399.461430665,35399.514703282,38.3330078125,38.3330078125,0,,0
4552,FF-34-CAM-4,35399.887359777,35399.888487661,35399.924700636,38.3330078125,38.3330078125,0,,0
4554,FF-34-CAM-4,35400.296542979,35400.297215888,35400.393974655,38.3330078125,38.3330078125,0,,0
4556,FF-34-CAM-4,35400.776298137,35400.778841028,35400.844909302,38.3330078125,38.3330078125,0,,0
4558,FF-34-CAM-4,35401.225521143,35401.226687045,35401.298044718,38.3330078125,38.3330078125,0,,0
4560,FF-34-CAM-4,35401.684898014,35401.688386021,35401.772369493,38.3330078125,38.3330078125,0,,0
4562,FF-34-CAM-4,35402.141839336,35402.143408657,35402.189069762,38.3330078125,38.3330078125,0,,0
4564,FF-34-CAM-4,35402.614601864,35402.616467841,35402.688700255,38.3330078125,38.3330078125,0,,0
4566,FF-34-CAM-4,35403.041269672,35403.04410142,35403.107519125,38.3330078125,38.3330078125,0,,0
4568,FF-34-CAM-4,35403.494111686,35403.495021511,35403.570676997,38.3330078125,38.3330078125,0,,0
4570,FF-34-CAM-4,35403.957834481,35403.960685536,35404.007797107,38.3330078125,38.3330078125,0,,0
4572,FF-34-CAM-4,35404.375295591,35404.377830016,35404.445412542,38.3330078125,38.3330078125,0,,0
4574,FF-34-CAM-4,35404.845482549,35404.846279421,35404.916899382,38.3330078125,38.3330078125,0,,0
4576,FF-34-CAM-4,35405.263489913,35405.264862717,35405.325056905,38.3330078125,38.3330078125,0,,0
4578,FF-34-CAM-4,35405.692614624,35405.693831947,35405.768363254,38.3330078125,38.3330078125,0,,0
4580,FF-34-CAM-4,35406.135106445,35406.136733703,35406.194170439,38.3330078125,38.3330078125,0,,0
4582,FF-34-CAM-4,35406.60061782,35406.601749362,35406.666450716,38.3330078125,38.3330078125,0,,0
4584,FF-34-CAM-4,35407.015484032,35407.018212688,35407.072393782,38.3330078125,38.3330078125,0,,0
4586,FF-34-CAM-4,35407.45516914,35407.456813181,35407.539067652,38.3330078125,38.3330078125,0,,0
4588,FF-34-CAM-4,35407.945369733,35407.946978116,35408.02234498,38.3330078125,38.3330078125,0,,0
4590,FF-34-CAM-4,35408.465877168,35408.469393669,35408.523972857,38.3330078125,38.3330078125,0,,0
4592,FF-34-CAM-4,35408.945367564,35408.947125943,35409.007693287,38.3330078125,38.3330078125,0,,0
4594,FF-34-CAM-4,35409.399997383,35409.401119831,35409.454902575,38.3330078125,38.3330078125,0,,0
4596,FF-34-CAM-4,35409.839923168,35409.84122436,35409.973031177,38.3330078125,38.3330078125,0,,0
4598,FF-34-CAM-4,35410.41792622,35410.422373338,35410.488134897,38.3330078125,38.3330078125,0,,0
4600,FF-34-CAM-4,35410.893496986,35410.894561087,35410.954525696,38.3330078125,38.3330078125,0,,0
4602,FF-34-CAM-4,35411.329901005,35411.330730494,35411.411814246,38.3330078125,38.3330078125,0,,0
4604,FF-34-CAM-4,35411.75893867,35411.76125313,35411.835262687,38.3330078125,38.3330078125,0,,0
4606,FF-34-CAM-4,35412.201762645,35412.203335971,35412.290030212,38.3330078125,38.3330078125,0,,0
4608,FF-34-CAM-4,35412.677155635,35412.679051566,35412.772681759,38.3330078125,38.3330078125,0,,0
4610,FF-34-CAM-4,35413.18095248,35413.18168114,35413.242940097,38.3330078125,38.3330078125,0,,0
4612,FF-34-CAM-4,35413.63641358,35413.637348467,35413.739894471,38.3330078125,38.3330078125,0,,0
4614,FF-34-CAM-4,35414.102208639,35414.103474956,35414.170081661,38.3330078125,38.3330078125,0,,0
4616,FF-34-CAM-4,35414.58429444,35414.585450834,35414.710326544,38.3330078125,38.3330078125,0,,0
4618,FF-34-CAM-4,35415.126378858,35415.127507721,35415.187486688,38.3330078125,38.3330078125,0,,0
4620,FF-34-CAM-4,35415.558956234,35415.561347583,35415.681268555,38.3330078125,38.3330078125,0,,0
4622,FF-34-CAM-4,35416.103304768,35416.104433704,35416.154056398,38.3330078125,38.3330078125,0,,0
4624,FF-34-CAM-4,35416.596181294,35416.598172084,35416.669518882,38.3330078125,38.3330078125,0,,0
4626,FF-34-CAM-4,35417.101982905,35417.103411435,35417.237930114,38.3330078125,38.3330078125,0,,0
4628,FF-34-CAM-4,35417.679990147,35417.681574731,35417.764510204,38.3330078125,38.3330078125,0,,0
4630,FF-34-CAM-4,35418.231120336,35418.232323089,35418.327900913,38.3330078125,38.3330078125,0,,0
4632,FF-34-CAM-4,35418.759492872,35418.760951265,35418.822817405,38.3330078125,38.3330078125,0,,0
4634,FF-34-CAM-4,35419.273085507,35419.274674634,35419.410438095,38.3330078125,38.3330078125,0,,0
4636,FF-34-CAM-4,35419.861967771,35419.863141463,35419.927020343,38.3330078125,38.3330078125,0,,0
4638,FF-34-CAM-4,35420.329277769,35420.3318402,35420.438843663,38.3330078125,38.3330078125,0,,0
4640,FF-34-CAM-4,35420.855188358,35420.856057028,35420.943786843,38.3330078125,38.3330078125,0,,0
4642,FF-34-CAM-4,35421.392546557,35421.394296677,35421.452375139,38.3330078125,38.3330078125,0,,0
4644,FF-34-CAM-4,35421.840704355,35421.841986649,35421.946730815,38.3330078125,38.3330078125,0,,0
4646,FF-34-CAM-4,35422.398469514,35422.400635213,35422.521257793,38.3330078125,38.3330078125,0,,0
4648,FF-34-CAM-4,35422.979430282,35422.981498499,35423.034153027,38.3330078125,38.3330078125,0,,0
4650,FF-34-CAM-4,35423.444425387,35423.445266074,35423.511382885,38.3330078125,38.3330078125,0,,0
4652,FF-34-CAM-4,35423.967694972,35423.969058548,35424.079774026,38.3330078125,38.3330078125,0,,0
4654,FF-34-CAM-4,35424.492149924,35424.493055245,35424.554055605,38.3330078125,38.3330078125,0,,0
4656,FF-34-CAM-4,35425.005990053,35425.006796056,35425.06918919,38.3330078125,38.3330078125,0,,0
4658,FF-34-CAM-4,35425.490935907,35425.49247385,35425.571578686,38.3330078125,38.3330078125,0,,0
4660,FF-34-CAM-4,35425.9659723,35425.970800781,35426.019542637,38.3330078125,38.3330078125,0,,0
4662,FF-34-CAM-4,35426.413554822,35426.416396643,35426.468977185,38.3330078125,38.3330078125,0,,0
4664,FF-34-CAM-4,35426.895165752,35426.897842331,35426.965124316,38.3330078125,38.3330078125,0,,0
4666,FF-34-CAM-4,35427.342705843,35427.343721615,35427.4415546,38.3330078125,38.3330078125,0,,0
4668,FF-34-CAM-4,35427.827708128,35427.829078789,35427.896296615,38.3330078125,38.3330078125,0,,0
4670,FF-34-CAM-4,35428.253568632,35428.256760991,35428.371264538,38.3330078125,38.3330078125,0,,0
4672,FF-34-CAM-4,35428.706099361,35428.70724386,35428.782324032,38.3330078125,38.3330078125,0,,0
4674,FF-34-CAM-4,35429.142766889,35429.143995278,35429.214601107,38.3330078125,38.3330078125,0,,0
4676,FF-34-CAM-4,35429.625877723,35429.630035874,35429.691874571,38.3330078125,38.3330078125,0,,0
4678,FF-34-CAM-4,35430.00977382,35430.011200749,35430.114879593,38.3330078125,38.3330078125,0,,0
4680,FF-34-CAM-4,35430.528468687,35430.529728902,35430.604525522,38.3330078125,38.3330078125,0,,0
4682,FF-34-CAM-4,35431.005228923,35431.007420604,35431.058429678,38.3330078125,38.3330078125,0,,0
4684,FF-34-CAM-4,35431.346633115,35431.347790844,35431.432726198,38.3330078125,38.3330078125,0,,0
4686,FF-34-CAM-4,35431.796538764,35431.797683481,35431.848593584,38.3330078125,38.3330078125,0,,0
4688,FF-34-CAM-4,35432.200960371,35432.20352471,35432.25131495,38.3330078125,38.3330078125,0,,0
4690,FF-34-CAM-4,35432.598245654,35432.600167817,35432.70707861,38.3330078125,38.3330078125,0,,0
4692,FF-34-CAM-4,35433.102168279,35433.104828527,35433.17363876,38.3330078125,38.3330078125,0,,0
4694,FF-34-CAM-4,35433.487153739,35433.490949835,35433.556131856,38.3330078125,38.3330078125,0,,0
4696,FF-34-CAM-4,35433.940922521,35433.942617407,35434.028220337,38.3330078125,38.3330078125,0,,0
4698,FF-34-CAM-4,35434.458895112,35434.459864991,35434.507023847,38.3330078125,38.3330078125,0,,0
4700,FF-34-CAM-4,35434.877731166,35434.879035161,35434.95728364,38.3330078125,38.3330078125,0,,0
4702,FF-34-CAM-4,35435.266073537,35435.267468643,35435.322798498,38.3330078125,38.3330078125,0,,0
4704,FF-34-CAM-4,35435.663737065,35435.664731486,35435.750222481,38.3330078125,38.3330078125,0,,0
4706,FF-34-CAM-4,35436.123648371,35436.124804765,35436.187785848,38.3330078125,38.3330078125,0,,0
4708,FF-34-CAM-4,35436.529900246,35436.531308093,35436.640286786,38.3330078125,38.3330078125,0,,0
4710,FF-34-CAM-4,35436.973423889,35436.975155575,35437.05317542,38.3330078125,38.3330078125,0,,0
4712,FF-34-CAM-4,35437.477632389,35437.478357465,35437.525906265,38.3330078125,38.3330078125,0,,0
4714,FF-34-CAM-4,35437.821894265,35437.823546656,35437.977139847,38.3330078125,38.3330078125,0,,0
4716,FF-34-CAM-4,35438.349606767,35438.35169603,35438.416555516,38.3330078125,38.3330078125,0,,0
4718,FF-34-CAM-4,35438.749399822,35438.750419772,35438.809182286,38.3330078125,38.3330078125,0,,0
4720,FF-34-CAM-4,35439.309077971,35439.311398044,35439.395375355,38.3330078125,38.3330078125,0,,0
4722,FF-34-CAM-4,35439.728723958,35439.733138265,35439.826553954,38.3330078125,38.3330078125,0,,0
4724,FF-34-CAM-4,35440.194477365,35440.195749588,35440.255731579,38.3330078125,38.3330078125,0,,0
4726,FF-34-CAM-4,35440.583234682,35440.584685997,35440.672704613,38.3330078125,38.3330078125,0,,0
4728,FF-34-CAM-4,35441.125104951,35441.126125414,35441.179866222,38.3330078125,38.3330078125,0,,0
4730,FF-34-CAM-4,35441.548285934,35441.550942144,35441.598054197,38.3330078125,38.3330078125,0,,0
4732,FF-34-CAM-4,35441.982167617,35441.983171336,35442.052992731,38.3330078125,38.3330078125,0,,0
4734,FF-34-CAM-4,35442.435802675,35442.437943469,35442.488908218,38.3330078125,38.3330078125,0,,0
4736,FF-34-CAM-4,35442.831124896,35442.832299301,35442.87930476,38.3330078125,38.3330078125,0,,0
4738,FF-34-CAM-4,35443.25477937,35443.255683965,35443.350692512,38.3330078125,38.3330078125,0,,0
4740,FF-34-CAM-4,35443.739711737,35443.740914594,35443.792732814,38.3330078125,38.3330078125,0,,0
4742,FF-34-CAM-4,35444.194189877,35444.195485597,35444.356286707,38.3330078125,38.3330078125,0,,0
4744,FF-34-CAM-4,35444.750028023,35444.751290115,35444.805405537,38.3330078125,38.3330078125,0,,0
4746,FF-34-CAM-4,35445.202169566,35445.203115603,35445.280429183,38.3330078125,38.3330078125,0,,0
4748,FF-34-CAM-4,35445.68061282,35445.683114177,35445.755644918,38.3330078125,38.3330078125,0,,0
4750,FF-34-CAM-4,35446.164059339,35446.164947351,35446.270332585,38.3330078125,38.3330078125,0,,0
4752,FF-34-CAM-4,35446.680547928,35446.682271075,35446.769107991,38.3330078125,38.3330078125,0,,0
4754,FF-34-CAM-4,35447.102821015,35447.104110172,35447.213747124,38.3330078125,38.3330078125,0,,0
4756,FF-34-CAM-4,35447.549592782,35447.550401701,35447.63663923,38.3330078125,38.3330078125,0,,0
4758,FF-34-CAM-4,35448.033984602,35448.035694327,35448.090264209,38.3330078125,38.3330078125,0,,0
4760,FF-34-CAM-4,35448.5507466,35448.551691318,35448.633558605,38.3330078125,38.3330078125,0,,0
4762,FF-34-CAM-4,35449.014142928,35449.015604512,35449.12097565,38.3330078125,38.3330078125,0,,0
4766,FF-34-CAM-4,35450.018737544,35450.020423253,35450.074123459,38.33349609375,38.3330078125,0,,0
4768,FF-34-CAM-4,35450.473792487,35450.474957187,35450.534228126,38.3330078125,38.3330078125,0,,0
4770,FF-34-CAM-4,35450.902421218,35450.905150802,35450.964091684,38.3330078125,38.3330078125,0,,0
4772,FF-34-CAM-4,35451.408293705,35451.40961097,35451.521664543,38.3330078125,38.3330078125,0,,0
4774,FF-34-CAM-4,35451.902117752,35451.904604647,35451.954094869,38.3330078125,38.3330078125,0,,0
4776,FF-34-CAM-4,35452.397676068,35452.39853577,35452.453762889,38.3330078125,38.3330078125,0,,0
4778,FF-34-CAM-4,35452.858857934,35452.859873263,35452.943712213,38.3330078125,38.3330078125,0,,0
4780,FF-34-CAM-4,35453.282312868,35453.283370549,35453.391663565,38.3330078125,38.3330078125,0,,0
4782,FF-34-CAM-4,35453.707777345,35453.708757448,35453.752243498,38.3330078125,38.3330078125,0,,0
4784,FF-34-CAM-4,35454.140817822,35454.15642583,35454.204396234,38.3330078125,38.3330078125,0,,0
4786,FF-34-CAM-4,35454.593157396,35454.594195803,35454.658527897,38.3330078125,38.3330078125,0,,0
4788,FF-34-CAM-4,35455.048237705,35455.049213112,35455.162525434,38.3330078125,38.3330078125,0,,0
4790,FF-34-CAM-4,35455.536200317,35455.537743084,35455.611557466,38.3330078125,38.3330078125,0,,0
4792,FF-34-CAM-4,35456.035032789,35456.037092244,35456.123363783,38.3330078125,38.3330078125,0,,0
4794,FF-34-CAM-4,35456.570141991,35456.570972828,35456.627510069,38.3330078125,38.3330078125,0,,0
4796,FF-34-CAM-4,35457.000278003,35457.002257549,35457.119287485,38.3330078125,38.3330078125,0,,0
4798,FF-34-CAM-4,35457.549389662,35457.550720103,35457.606402063,38.3330078125,38.3330078125,0,,0
4800,FF-34-CAM-4,35457.988536144,35457.990754793,35458.058714893,38.3330078125,38.3330078125,0,,0
4802,FF-34-CAM-4,35458.51186375,35458.5146522,35458.593429835,38.3330078125,38.3330078125,0,,0
4804,FF-34-CAM-4,35459.015162121,35459.016503166,35459.094537587,38.3330078125,38.3330078125,0,,0
4806,FF-34-CAM-4,35459.546833966,35459.548314334,35459.636680305,38.3330078125,38.3330078125,0,,0
4808,FF-34-CAM-4,35460.085494378,35460.087382699,35460.165015506,38.3330078125,38.3330078125,0,,0
4810,FF-34-CAM-4,35460.617741639,35460.619030023,35460.73276904,38.3330078125,38.3330078125,0,,0
4812,FF-34-CAM-4,35461.150110011,35461.151301019,35461.207964341,38.3330078125,38.3330078125,0,,0
4814,FF-34-CAM-4,35461.639117685,35461.640477026,35461.717517242,38.3330078125,38.3330078125,0,,0
4816,FF-34-CAM-4,35462.156358958,35462.158490939,35462.21760557,38.3330078125,38.3330078125,0,,0
4818,FF-34-CAM-4,35462.615320093,35462.6171194,35462.692853108,38.3330078125,38.3330078125,0,,0
4820,FF-34-CAM-4,35463.063940353,35463.065984587,35463.156957669,38.3330078125,38.3330078125,0,,0
4822,FF-34-CAM-4,35463.541737721,35463.544427769,35463.612273598,38.3330078125,38.3330078125,0,,0
4824,FF-34-CAM-4,35464.038606708,35464.039690961,35464.097423336,38.3330078125,38.3330078125,0,,0
4826,FF-34-CAM-4,35464.48534883,35464.491479018,35464.558501828,38.3330078125,38.3330078125,0,,0
4828,FF-34-CAM-4,35464.925720528,35464.926768118,35465.071671538,38.3330078125,38.3330078125,0,,0
4830,FF-34-CAM-4,35465.514809502,35465.516045085,35465.583940861,38.3330078125,38.3330078125,0,,0
4832,FF-34-CAM-4,35465.978862143,35465.980946381,35466.062826545,38.3330078125,38.3330078125,0,,0
4834,FF-34-CAM-4,35466.502942878,35466.504570447,35466.568696224,38.3330078125,38.3330078125,0,,0
4836,FF-34-CAM-4,35467.024539811,35467.025609171,35467.112045505,38.3330078125,38.3330078125,0,,0
4838,FF-34-CAM-4,35467.658680392,35467.66004115,35467.711190913,38.3330078125,38.3330078125,0,,0
4840,FF-34-CAM-4,35468.136246402,35468.137525999,35468.19338362,38.3330078125,38.3330078125,0,,0
4842,FF-34-CAM-4,35468.617975902,35468.618953113,35468.716597248,38.3330078125,38.3330078125,0,,0
4844,FF-34-CAM-4,35469.113589601,35469.11638985,35469.199650104,38.3330078125,38.3330078125,0,,0
4846,FF-34-CAM-4,35469.576132628,35469.579639538,35469.679484603,38.3330078125,38.3330078125,0,,0
4848,FF-34-CAM-4,35470.124745594,35470.127414502,35470.193368744,38.3330078125,38.3330078125,0,,0
4850,FF-34-CAM-4,35470.638201509,35470.639403063,35470.706730832,38.3330078125,38.3330078125,0,,0
4852,FF-34-CAM-4,35471.142277468,35471.144049751,35471.202504363,38.3330078125,38.3330078125,0,,0
4854,FF-34-CAM-4,35471.5900338,35471.591185667,35471.663724922,38.3330078125,38.3330078125,0,,0
4856,FF-34-CAM-4,35472.041891973,35472.043215138,35472.101978962,38.3330078125,38.3330078125,0,,0
4858,FF-34-CAM-4,35472.522775897,35472.524527385,35472.669691659,38.3330078125,38.3330078125,0,,0
4860,FF-34-CAM-4,35473.115962053,35473.120524816,35473.201962281,38.3330078125,38.3330078125,0,,0
4862,FF-34-CAM-4,35473.561702668,35473.563091627,35473.660790702,38.3330078125,38.3330078125,0,,0
4864,FF-34-CAM-4,35474.066750615,35474.068022511,35474.115026404,38.3330078125,38.3330078125,0,,0
4866,FF-34-CAM-4,35474.514054829,35474.516657557,35474.592438121,38.3330078125,38.3330078125,0,,0
4868,FF-34-CAM-4,35474.987177491,35474.988370005,35475.06541539,38.3330078125,38.3330078125,0,,0
4870,FF-34-CAM-4,35475.457397148,35475.458994223,35475.542777958,38.3330078125,38.3330078125,0,,0
4872,FF-34-CAM-4,35475.979089365,35475.981572698,35476.068269541,38.3330078125,38.3330078125,0,,0
4874,FF-34-CAM-4,35476.50140958,35476.502689763,35476.570838958,38.3330078125,38.3330078125,0,,0
4876,FF-34-CAM-4,35477.009881073,35477.01097378,35477.058520984,38.3330078125,38.3330078125,0,,0
4878,FF-34-CAM-4,35477.488189342,35477.48954136,35477.576980816,38.3330078125,38.3330078125,0,,0
4880,FF-34-CAM-4,35478.034130475,35478.035877595,35478.097378506,38.3330078125,38.3330078125,0,,0
4882,FF-34-CAM-4,35478.535964142,35478.537405866,35478.674373325,38.3330078125,38.3330078125,0,,0
4884,FF-34-CAM-4,35479.057414015,35479.059015163,35479.122019417,38.3330078125,38.3330078125,0,,0
4886,FF-34-CAM-4,35479.580732429,35479.582054211,35479.647240203,38.3330078125,38.3330078125,0,,0
4888,FF-34-CAM-4,35480.107855445,35480.114504663,35480.206084073,38.3330078125,38.3330078125,0,,0
4890,FF-34-CAM-4,35480.647066216,35480.648088991,35480.701513694,38.3330078125,38.3330078125,0,,0
4892,FF-34-CAM-4,35481.104251552,35481.10622324,35481.184038777,38.3330078125,38.3330078125,0,,0
4894,FF-34-CAM-4,35481.614454335,35481.617640581,35481.68823154,38.3330078125,38.3330078125,0,,0
4896,FF-34-CAM-4,35482.077847801,35482.079188287,35482.173161909,38.3330078125,38.3330078125,0,,0
4898,FF-34-CAM-4,35482.634496866,35482.636153523,35482.709821407,38.3330078125,38.3330078125,0,,0
4900,FF-34-CAM-4,35483.148629382,35483.150359729,35483.218679311,38.3330078125,38.3330078125,0,,0
4902,FF-34-CAM-4,35483.621738359,35483.62284833,35483.689237649,38.3330078125,38.3330078125,0,,0
4904,FF-34-CAM-4,35484.119363272,35484.120948023,35484.169520449,38.3330078125,38.3330078125,0,,0
4906,FF-34-CAM-4,35484.547631228,35484.551726315,35484.614804746,38.3330078125,38.3330078125,0,,0
4908,FF-34-CAM-4,35485.025503857,35485.026403154,35485.095807486,38.3330078125,38.3330078125,0,,0
4910,FF-34-CAM-4,35485.602389462,35485.603583532,35485.654901773,38.3330078125,38.3330078125,0,,0
4912,FF-34-CAM-4,35486.041383621,35486.043045079,35486.1179066,38.3330078125,38.3330078125,0,,0
4914,FF-34-CAM-4,35486.515223909,35486.516534903,35486.577504597,38.3330078125,38.3330078125,0,,0
4916,FF-34-CAM-4,35486.961868005,35486.964341573,35487.023565019,38.3330078125,38.3330078125,0,,0
4918,FF-34-CAM-4,35487.395572429,35487.397339005,35487.511350116,38.3330078125,38.3330078125,0,,0
4920,FF-34-CAM-4,35487.932920191,35487.934568542,35488.022841449,38.3330078125,38.3330078125,0,,0
4922,FF-34-CAM-4,35488.45174443,35488.454336552,35488.52873132,38.3330078125,38.3330078125,0,,0
4924,FF-34-CAM-4,35488.95548556,35488.956805842,35489.03754596,38.3330078125,38.3330078125,0,,0
4926,FF-34-CAM-4,35489.473950737,35489.475884514,35489.551835498,38.3330078125,38.3330078125,0,,0
4928,FF-34-CAM-4,35489.98961649,35489.990627369,35490.051239952,38.3330078125,38.3330078125,0,,0
4930,FF-34-CAM-4,35490.544240021,35490.546311722,35490.60388444,38.3330078125,38.3330078125,0,,0
4932,FF-34-CAM-4,35491.079186977,35491.080518922,35491.199463681,38.3330078125,38.3330078125,0,,0
4934,FF-34-CAM-4,35491.591809846,35491.593834877,35491.68638824,38.3330078125,38.3330078125,0,,0
4936,FF-34-CAM-4,35492.122974629,35492.124134795,35492.239264504,38.3330078125,38.3330078125,0,,0
4938,FF-34-CAM-4,35492.732559887,35492.733922767,35492.790176616,38.3330078125,38.3330078125,0,,0
4940,FF-34-CAM-4,35493.226423726,35493.228396576,35493.322942405,38.3330078125,38.3330078125,0,,0
4942,FF-34-CAM-4,35493.75874485,35493.759819444,35493.818979764,38.3330078125,38.3330078125,0,,0
4944,FF-34-CAM-4,35494.201560422,35494.203573307,35494.28437373,38.3330078125,38.3330078125,0,,0
4946,FF-34-CAM-4,35494.723403687,35494.726167552,35494.794880307,38.3330078125,38.3330078125,0,,0
4948,FF-34-CAM-4,35495.160756459,35495.161535505,35495.22285678,38.3330078125,38.3330078125,0,,0
4950,FF-34-CAM-4,35495.628714736,35495.630247841,35495.778700658,38.3330078125,38.3330078125,0,,0
4952,FF-34-CAM-4,35496.248199259,35496.249349976,35496.320748937,38.3330078125,38.3330078125,0,,0
4954,FF-34-CAM-4,35496.718529955,35496.720024329,35496.798055576,38.3330078125,38.3330078125,0,,0
4956,FF-34-CAM-4,35497.224420691,35497.225669243,35497.288176365,38.3330078125,38.3330078125,0,,0
4958,FF-34-CAM-4,35497.71465066,35497.716277521,35497.783879767,38.3330078125,38.3330078125,0,,0
4960,FF-34-CAM-4,35498.291340998,35498.292306502,35498.35472114,38.3330078125,38.3330078125,0,,0
4962,FF-34-CAM-4,35498.868221187,35498.869657135,35498.944212595,38.3330078125,38.3330078125,0,,0
4964,FF-34-CAM-4,35499.410552812,35499.412127039,35499.458467793,38.3330078125,38.3330078125,0,,0
4968,FF-34-CAM-4,35500.376977249,35500.379392109,35500.46363982,38.33349609375,38.3330078125,0,,0
4970,FF-34-CAM-4,35500.967932117,35500.968928454,35501.041030326,38.3330078125,38.3330078125,0,,0
4972,FF-34-CAM-4,35501.467986486,35501.469821735,35501.608180316,38.3330078125,38.3330078125,0,,0
4974,FF-34-CAM-4,35502.025549335,35502.027999304,35502.104148354,38.3330078125,38.3330078125,0,,0
4976,FF-34-CAM-4,35502.530723878,35502.532786558,35502.606575996,38.3330078125,38.3330078125,0,,0
4978,FF-34-CAM-4,35503.049421892,35503.050842713,35503.143409931,38.3330078125,38.3330078125,0,,0
4980,FF-34-CAM-4,35503.549717105,35503.551266529,35503.642226279,38.3330078125,38.3330078125,0,,0
4982,FF-34-CAM-4,35504.02490965,35504.02780277,35504.151546289,38.3330078125,38.3330078125,0,,0
4984,FF-34-CAM-4,35504.625967081,35504.628183839,35504.675973454,38.3330078125,38.3330078125,0,,0
4986,FF-34-CAM-4,35505.112987545,35505.114107376,35505.19175837,38.3330078125,38.3330078125,0,,0
4988,FF-34-CAM-4,35505.637677776,35505.639309208,35505.740721446,38.3330078125,38.3330078125,0,,0
4990,FF-34-CAM-4,35506.238264901,35506.239683216,35506.336534586,38.3330078125,38.3330078125,0,,0
4992,FF-34-CAM-4,35506.869679749,35506.882244727,35506.951073442,38.3330078125,38.3330078125,0,,0
4994,FF-34-CAM-4,35507.410661166,35507.411876403,35507.489164513,38.3330078125,38.3330078125,0,,0
4996,FF-34-CAM-4,35507.993332154,35507.99435584,35508.05549798,38.3330078125,38.3330078125,0,,0
4998,FF-34-CAM-4,35508.470757798,35508.474037525,35508.54387253,38.3330078125,38.3330078125,0,,0
5000,FF-34-CAM-4,35508.992403087,35508.994182017,35509.098912968,38.3330078125,38.3330078125,0,,0
5002,FF-34-CAM-4,35509.528803279,35509.531732535,35509.606110457,38.3330078125,38.3330078125,0,,0
5004,FF-34-CAM-4,35509.993732886,35509.994974365,35510.065729617,38.3330078125,38.3330078125,0,,0
5006,FF-34-CAM-4,35510.444884904,35510.452525607,35510.56145698,38.3330078125,38.3330078125,0,,0
5008,FF-34-CAM-4,35510.963734733,35510.966099,35511.044124834,38.3330078125,38.3330078125,0,,0
5010,FF-34-CAM-4,35511.432025186,35511.434216737,35511.502077827,38.3330078125,38.3330078125,0,,0
5012,FF-34-CAM-4,35511.969897963,35511.971160634,35512.058722432,38.3330078125,38.3330078125,0,,0
5014,FF-34-CAM-4,35512.578603876,35512.579821744,35512.639960214,38.3330078125,38.3330078125,0,,0
5016,FF-34-CAM-4,35513.047085865,35513.048113092,35513.189495833,38.3330078125,38.3330078125,0,,0
5018,FF-34-CAM-4,35513.543515256,35513.544870126,35513.604255634,38.3330078125,38.3330078125,0,,0
5020,FF-34-CAM-4,35513.971374622,35513.972311581,35514.077190253,38.3330078125,38.3330078125,0,,0
5022,FF-34-CAM-4,35514.474122798,35514.47628701,35514.56051951,38.3330078125,38.3330078125,0,,0
5024,FF-34-CAM-4,35514.931830146,35514.932769668,35515.000537274,38.3330078125,38.3330078125,0,,0
5026,FF-34-CAM-4,35515.405283343,35515.406618762,35515.46929756,38.3330078125,38.3330078125,0,,0
5028,FF-34-CAM-4,35515.889889342,35515.890908929,35515.937575197,38.3330078125,38.3330078125,0,,0
5030,FF-34-CAM-4,35516.307347867,35516.308338396,35516.378019535,38.3330078125,38.3330078125,0,,0
5032,FF-34-CAM-4,35516.80333413,35516.805066408,35516.859890215,38.3330078125,38.3330078125,0,,0
5034,FF-34-CAM-4,35517.26737622,35517.268867949,35517.37746872,38.3330078125,38.3330078125,0,,0
5036,FF-34-CAM-4,35517.760393211,35517.761141192,35517.832531926,38.3330078125,38.3330078125,0,,0
5038,FF-34-CAM-4,35518.240905467,35518.242698476,35518.351341082,38.3330078125,38.3330078125,0,,0
5040,FF-34-CAM-4,35518.714037864,35518.717291005,35518.761562091,38.3330078125,38.3330078125,0,,0
5042,FF-34-CAM-4,35519.138488433,35519.140162733,35519.234679157,38.3330078125,38.3330078125,0,,0
5044,FF-34-CAM-4,35519.620378868,35519.623168105,35519.704331875,38.3330078125,38.3330078125,0,,0
5046,FF-34-CAM-4,35520.091874515,35520.092910084,35520.147907061,38.3330078125,38.3330078125,0,,0
5048,FF-34-CAM-4,35520.475838664,35520.47676448,35520.525600117,38.3330078125,38.3330078125,0,,0
5050,FF-34-CAM-4,35520.886103616,35520.887304935,35520.954419817,38.3330078125,38.3330078125,0,,0
5052,FF-34-CAM-4,35521.307665966,35521.308571845,35521.364184633,38.3330078125,38.3330078125,0,,0
5054,FF-34-CAM-4,35521.719377801,35521.722573725,35521.84052003,38.3330078125,38.3330078125,0,,0
5056,FF-34-CAM-4,35522.178341857,35522.179220489,35522.263876068,38.3330078125,38.3330078125,0,,0
5058,FF-34-CAM-4,35522.598536701,35522.600076092,35522.670084495,38.3330078125,38.3330078125,0,,0
5060,FF-34-CAM-4,35523.056289142,35523.057263169,35523.11788019,38.3330078125,38.3330078125,0,,0
5062,FF-34-CAM-4,35523.52141525,35523.522675893,35523.641982606,38.3330078125,38.3330078125,0,,0
5064,FF-34-CAM-4,35524.073777852,35524.075990462,35524.147870578,38.3330078125,38.3330078125,0,,0
5066,FF-34-CAM-4,35524.55674963,35524.558108794,35524.620206662,38.3330078125,38.3330078125,0,,0
5068,FF-34-CAM-4,35524.978268657,35524.980609958,35525.072232577,38.3330078125,38.3330078125,0,,0
5070,FF-34-CAM-4,35525.430751683,35525.431799205,35525.485571031,38.3330078125,38.3330078125,0,,0
5076,FF-34-CAM-4,35526.859575616,35526.86116894,35526.911754462,38.33349609375,38.3330078125,0,,0
5078,FF-34-CAM-4,35527.283522751,35527.286593982,35527.330186606,38.3330078125,38.3330078125,0,,0
5080,FF-34-CAM-4,35527.695456042,35527.697182602,35527.746337159,38.3330078125,38.3330078125,0,,0
5082,FF-34-CAM-4,35528.135910706,35528.137409794,35528.18839015,38.3330078125,38.3330078125,0,,0
5084,FF-34-CAM-4,35528.598525626,35528.599643621,35528.644458384,38.3330078125,38.3330078125,0,,0
5086,FF-34-CAM-4,35529.036999683,35529.037979376,35529.099772145,38.3330078125,38.3330078125,0,,0
5088,FF-34-CAM-4,35529.455101819,35529.456170594,35529.514314065,38.3330078125,38.3330078125,0,,0
5090,FF-34-CAM-4,35529.917386396,35529.919900153,35529.960620234,38.3330078125,38.3330078125,0,,0
5098,FF-34-CAM-4,35531.694496348,35531.695454778,35531.757987334,38.33349609375,38.3330078125,0,,0
5100,FF-34-CAM-4,35532.079483936,35532.081081737,35532.129412305,38.3330078125,38.3330078125,0,,0
5102,FF-34-CAM-4,35532.497939641,35532.498792872,35532.550193377,38.3330078125,38.3330078125,0,,0
5104,FF-34-CAM-4,35532.92349648,35532.924756032,35532.971060166,38.3330078125,38.3330078125,0,,0
5106,FF-34-CAM-4,35533.304841997,35533.305749711,35533.349719661,38.3330078125,38.3330078125,0,,0
5108,FF-34-CAM-4,35533.770102631,35533.770998556,35533.825815133,38.3330078125,38.3330078125,0,,0
5110,FF-34-CAM-4,35534.195063783,35534.196144157,35534.258220254,38.3330078125,38.3330078125,0,,0
5112,FF-34-CAM-4,35534.635863566,35534.637375859,35534.694994677,38.3330078125,38.3330078125,0,,0
5114,FF-34-CAM-4,35535.078700309,35535.080356388,35535.151225779,38.3330078125,38.3330078125,0,,0
5116,FF-34-CAM-4,35535.556729279,35535.558774357,35535.615952086,38.3330078125,38.3330078125,0,,0
5118,FF-34-CAM-4,35536.020997006,35536.022468237,35536.084702236,38.3330078125,38.3330078125,0,,0
5120,FF-34-CAM-4,35536.488831886,35536.490144753,35536.546029551,38.3330078125,38.3330078125,0,,0
5122,FF-34-CAM-4,35536.975245409,35536.97656929,35537.030066353,38.3330078125,38.3330078125,0,,0
5124,FF-34-CAM-4,35537.431976378,35537.434768519,35537.50758924,38.3330078125,38.3330078125,0,,0
5126,FF-34-CAM-4,35537.862757676,35537.864590946,35537.935940144,38.3330078125,38.3330078125,0,,0
5128,FF-34-CAM-4,35538.263241535,35538.266179633,35538.354997662,38.3330078125,38.3330078125,0,,0
5130,FF-34-CAM-4,35538.725081448,35538.727619198,35538.793518679,38.3330078125,38.3330078125,0,,0
5132,FF-34-CAM-4,35539.146574418,35539.148277247,35539.203117606,38.3330078125,38.3330078125,0,,0
5134,FF-34-CAM-4,35539.633667762,35539.635578614,35539.729773061,38.3330078125,38.3330078125,0,,0
5136,FF-34-CAM-4,35540.110751709,35540.114805243,35540.172155845,38.3330078125,38.3330078125,0,,0
5138,FF-34-CAM-4,35540.538243139,35540.538905692,35540.574874305,38.3330078125,38.3330078125,0,,0
5140,FF-34-CAM-4,35540.952571843,35540.955592313,35541.024276689,38.3330078125,38.3330078125,0,,0
5142,FF-34-CAM-4,35541.358584837,35541.361314972,35541.419661136,38.3330078125,38.3330078125,0,,0
5144,FF-34-CAM-4,35541.772050004,35541.773395617,35541.859770154,38.3330078125,38.3330078125,0,,0
5146,FF-34-CAM-4,35542.200120368,35542.201132385,35542.288769849,38.3330078125,38.3330078125,0,,0
5148,FF-34-CAM-4,35542.644858378,35542.646245905,35542.753200789,38.3330078125,38.3330078125,0,,0
5150,FF-34-CAM-4,35543.114462745,35543.11715749,35543.169560351,38.3330078125,38.3330078125,0,,0
5152,FF-34-CAM-4,35543.517350481,35543.518057121,35543.572397117,38.3330078125,38.3330078125,0,,0
5154,FF-34-CAM-4,35543.98571271,35543.986906228,35544.045694616,38.3330078125,38.3330078125,0,,0
5156,FF-34-CAM-4,35544.359590351,35544.360672049,35544.427667172,38.3330078125,38.3330078125,0,,0
5158,FF-34-CAM-4,35544.784094096,35544.785715042,35544.851562172,38.3330078125,38.3330078125,0,,0
5160,FF-34-CAM-4,35545.24701424,35545.24779903,35545.290854662,38.3330078125,38.3330078125,0,,0
5162,FF-34-CAM-4,35545.627328943,35545.629267387,35545.691577368,38.3330078125,38.3330078125,0,,0
5164,FF-34-CAM-4,35546.047128341,35546.049873035,35546.139664193,38.3330078125,38.3330078125,0,,0
5166,FF-34-CAM-4,35546.491932655,35546.493305585,35546.561826933,38.3330078125,38.3330078125,0,,0
5168,FF-34-CAM-4,35546.93723638,35546.939272549,35546.982763901,38.3330078125,38.3330078125,0,,0
5170,FF-34-CAM-4,35547.266967733,35547.268067118,35547.310780602,38.3330078125,38.3330078125,0,,0
5172,FF-34-CAM-4,35547.717321147,35547.71963416,35547.800818429,38.3330078125,38.3330078125,0,,0
5174,FF-34-CAM-4,35548.136204087,35548.137383188,35548.208883805,38.3330078125,38.3330078125,0,,0
5176,FF-34-CAM-4,35548.563416323,35548.564771005,35548.614728898,38.3330078125,38.3330078125,0,,0
5178,FF-34-CAM-4,35549.007921129,35549.009353819,35549.058595547,38.3330078125,38.3330078125,0,,0
5180,FF-34-CAM-4,35549.447938536,35549.449278429,35549.490540051,38.3330078125,38.3330078125,0,,0
5182,FF-34-CAM-4,35549.858473941,35549.859476223,35549.943813887,38.3330078125,38.3330078125,0,,0
5184,FF-34-CAM-4,35550.304929637,35550.305999069,35550.356486677,38.3330078125,38.3330078125,0,,0
5186,FF-34-CAM-4,35550.684339278,35550.685667883,35550.792977105,38.3330078125,38.3330078125,0,,0
5188,FF-34-CAM-4,35551.159968932,35551.161835313,35551.227640341,38.3330078125,38.3330078125,0,,0
5190,FF-34-CAM-4,35551.550802793,35551.552296613,35551.617425004,38.3330078125,38.3330078125,0,,0
5192,FF-34-CAM-4,35551.971452507,35551.973330005,35552.032909482,38.3330078125,38.3330078125,0,,0
5194,FF-34-CAM-4,35552.426566628,35552.427887857,35552.509696755,38.3330078125,38.3330078125,0,,0
5196,FF-34-CAM-4,35552.891633569,35552.892772706,35552.966881056,38.3330078125,38.3330078125,0,,0
5198,FF-34-CAM-4,35553.338578707,35553.340445055,35553.458089526,38.3330078125,38.3330078125,0,,0
5200,FF-34-CAM-4,35553.804265998,35553.805347819,35553.877369747,38.3330078125,38.3330078125,0,,0
5202,FF-34-CAM-4,35554.24175875,35554.243319336,35554.292912023,38.3330078125,38.3330078125,0,,0
5204,FF-34-CAM-4,35554.684664546,35554.68568343,35554.740407254,38.3330078125,38.3330078125,0,,0
5206,FF-34-CAM-4,35555.119227212,35555.119706805,35555.187783655,38.3330078125,38.3330078125,0,,0
5208,FF-34-CAM-4,35555.520079842,35555.521138396,35555.577802353,38.3330078125,38.3330078125,0,,0
5210,FF-34-CAM-4,35555.94617456,35555.947812354,35556.031151726,38.3330078125,38.3330078125,0,,0
5212,FF-34-CAM-4,35556.419130386,35556.421135404,35556.482941209,38.3330078125,38.3330078125,0,,0
5214,FF-34-CAM-4,35556.916009065,35556.919384372,35556.976726055,38.3330078125,38.3330078125,0,,0
5216,FF-34-CAM-4,35557.357362459,35557.357983659,35557.423415713,38.3330078125,38.3330078125,0,,0
5218,FF-34-CAM-4,35557.805049029,35557.806328969,35557.859404472,38.3330078125,38.3330078125,0,,0
5220,FF-34-CAM-4,35558.322134366,35558.324020745,35558.401415534,38.3330078125,38.3330078125,0,,0
5222,FF-34-CAM-4,35558.740889875,35558.741816063,35558.799689538,38.3330078125,38.3330078125,0,,0
5224,FF-34-CAM-4,35559.172869489,35559.174244185,35559.233529865,38.3330078125,38.3330078125,0,,0
5226,FF-34-CAM-4,35559.607137175,35559.608049454,35559.652627471,38.3330078125,38.3330078125,0,,0
5228,FF-34-CAM-4,35560.01746679,35560.024258991,35560.092623558,38.3330078125,38.3330078125,0,,0
5230,FF-34-CAM-4,35560.472027217,35560.473034914,35560.558212035,38.3330078125,38.3330078125,0,,0
5232,FF-34-CAM-4,35560.939095015,35560.940181157,35561.004381213,38.3330078125,38.3330078125,0,,0
5234,FF-34-CAM-4,35561.411619526,35561.41276595,35561.490800606,38.3330078125,38.3330078125,0,,0
5236,FF-34-CAM-4,35561.925200982,35561.928814283,35561.99546359,38.3330078125,38.3330078125,0,,0
5238,FF-34-CAM-4,35562.408908069,35562.410148651,35562.459185357,38.3330078125,38.3330078125,0,,0
5240,FF-34-CAM-4,35562.848682307,35562.852599648,35562.912299501,38.3330078125,38.3330078125,0,,0
5242,FF-34-CAM-4,35563.257801529,35563.25875382,35563.328112504,38.3330078125,38.3330078125,0,,0
5244,FF-34-CAM-4,35563.678482084,35563.679424265,35563.727983991,38.3330078125,38.3330078125,0,,0
5246,FF-34-CAM-4,35564.096329671,35564.097087046,35564.148991137,38.3330078125,38.3330078125,0,,0
5248,FF-34-CAM-4,35564.525892399,35564.526933416,35564.593426226,38.3330078125,38.3330078125,0,,0
5250,FF-34-CAM-4,35564.961860452,35564.962859443,35565.036259431,38.3330078125,38.3330078125,0,,0
5252,FF-34-CAM-4,35565.416934108,35565.419893442,35565.530626587,38.3330078125,38.3330078125,0,,0
5254,FF-34-CAM-4,35565.886756417,35565.889249182,35565.954650387,38.3330078125,38.3330078125,0,,0
5256,FF-34-CAM-4,35566.295263095,35566.296583501,35566.350139846,38.3330078125,38.3330078125,0,,0
5258,FF-34-CAM-4,35566.735090001,35566.736109793,35566.807669716,38.3330078125,38.3330078125,0,,0
5260,FF-34-CAM-4,35567.144508717,35567.146562162,35567.203496671,38.3330078125,38.3330078125,0,,0
5262,FF-34-CAM-4,35567.569443974,35567.571392105,35567.618135824,38.3330078125,38.3330078125,0,,0
5264,FF-34-CAM-4,35567.98467263,35567.986434389,35568.052719972,38.3330078125,38.3330078125,0,,0
5266,FF-34-CAM-4,35568.423433268,35568.424724961,35568.474802161,38.3330078125,38.3330078125,0,,0
5268,FF-34-CAM-4,35568.83638842,35568.837381666,35568.90622377,38.3330078125,38.3330078125,0,,0
5270,FF-34-CAM-4,35569.262828946,35569.265381138,35569.343370717,38.3330078125,38.3330078125,0,,0
5272,FF-34-CAM-4,35569.72387531,35569.726363401,35569.825494496,38.3330078125,38.3330078125,0,,0
5274,FF-34-CAM-4,35570.159523538,35570.160475935,35570.218663801,38.3330078125,38.3330078125,0,,0
5276,FF-34-CAM-4,35570.577933342,35570.579064624,35570.648617583,38.3330078125,38.3330078125,0,,0
5278,FF-34-CAM-4,35570.99121637,35570.992083605,35571.098090223,38.3330078125,38.3330078125,0,,0
5280,FF-34-CAM-4,35571.432247871,35571.43353741,35571.493828812,38.3330078125,38.3330078125,0,,0
5282,FF-34-CAM-4,35571.840193987,35571.841819072,35571.902612932,38.3330078125,38.3330078125,0,,0
5284,FF-34-CAM-4,35572.247239131,35572.248476921,35572.309902102,38.3330078125,38.3330078125,0,,0
5286,FF-34-CAM-4,35572.666508635,35572.668144215,35572.754186654,38.3330078125,38.3330078125,0,,0
5288,FF-34-CAM-4,35573.134171112,35573.138758975,35573.196772844,38.3330078125,38.3330078125,0,,0
5290,FF-34-CAM-4,35573.543608111,35573.544464506,35573.616041815,38.3330078125,38.3330078125,0,,0
5292,FF-34-CAM-4,35574.003758633,35574.005216061,35574.065520471,38.3330078125,38.3330078125,0,,0
5294,FF-34-CAM-4,35574.4497526,35574.450670899,35574.545971836,38.3330078125,38.3330078125,0,,0
5298,FF-34-CAM-4,35575.306049787,35575.307235289,35575.446553425,38.33349609375,38.3330078125,0,,0
5300,FF-34-CAM-4,35575.867187728,35575.870148854,35575.950195179,38.3330078125,38.3330078125,0,,0
5302,FF-34-CAM-4,35576.268406396,35576.275979298,35576.323437477,38.3330078125,38.3330078125,0,,0
5304,FF-34-CAM-4,35576.714996683,35576.716315829,35576.782853357,38.3330078125,38.3330078125,0,,0
5306,FF-34-CAM-4,35577.205395271,35577.207392289,35577.264816964,38.3330078125,38.3330078125,0,,0
5308,FF-34-CAM-4,35577.648481588,35577.649884477,35577.715569389,38.3330078125,38.3330078125,0,,0
5310,FF-34-CAM-4,35578.069444535,35578.071613913,35578.128078108,38.3330078125,38.3330078125,0,,0
5312,FF-34-CAM-4,35578.521307304,35578.522655221,35578.601095893,38.3330078125,38.3330078125,0,,0
5314,FF-34-CAM-4,35578.940621262,35578.943805098,35579.027196095,38.3330078125,38.3330078125,0,,0
5316,FF-34-CAM-4,35579.443888211,35579.44666157,35579.511614074,38.3330078125,38.3330078125,0,,0
5318,FF-34-CAM-4,35579.81160081,35579.813324374,35579.872545524,38.3330078125,38.3330078125,0,,0
5320,FF-34-CAM-4,35580.212721857,35580.214112561,35580.263735592,38.3330078125,38.3330078125,0,,0
5322,FF-34-CAM-4,35580.610934875,35580.611984339,35580.69117774,38.3330078125,38.3330078125,0,,0
5324,FF-34-CAM-4,35581.062619773,35581.064139462,35581.140530786,38.3330078125,38.3330078125,0,,0
5326,FF-34-CAM-4,35581.49670898,35581.500177962,35581.58484843,38.3330078125,38.3330078125,0,,0
5328,FF-34-CAM-4,35581.954063406,35581.955350647,35582.022098741,38.3330078125,38.3330078125,0,,0
5330,FF-34-CAM-4,35582.360720074,35582.362585858,35582.434224195,38.3330078125,38.3330078125,0,,0
5332,FF-34-CAM-4,35582.843545155,35582.845968919,35582.896463566,38.3330078125,38.3330078125,0,,0
5334,FF-34-CAM-4,35583.237029072,35583.239285392,35583.301256081,38.3330078125,38.3330078125,0,,0
5336,FF-34-CAM-4,35583.655116353,35583.659686735,35583.709693848,38.3330078125,38.3330078125,0,,0
5338,FF-34-CAM-4,35584.047973069,35584.050349261,35584.146771137,38.3330078125,38.3330078125,0,,0
5340,FF-34-CAM-4,35584.489815471,35584.496781455,35584.547109524,38.3330078125,38.3330078125,0,,0
5342,FF-34-CAM-4,35584.896299938,35584.898258744,35584.961364581,38.3330078125,38.3330078125,0,,0
5344,FF-34-CAM-4,35585.310285705,35585.315262393,35585.37990499,38.3330078125,38.3330078125,0,,0
5346,FF-34-CAM-4,35585.763599534,35585.766020223,35585.812056325,38.3330078125,38.3330078125,0,,0
5348,FF-34-CAM-4,35586.135162097,35586.137180671,35586.18009942,38.3330078125,38.3330078125,0,,0
5350,FF-34-CAM-4,35586.547335785,35586.549365849,35586.6095311,38.3330078125,38.3330078125,0,,0
5352,FF-34-CAM-4,35586.905400239,35586.907582871,35586.981157339,38.3330078125,38.3330078125,0,,0
5354,FF-34-CAM-4,35587.301237814,35587.302211904,35587.371609066,38.3330078125,38.3330078125,0,,0
5356,FF-34-CAM-4,35587.744602449,35587.745601361,35587.791441156,38.3330078125,38.3330078125,0,,0
5358,FF-34-CAM-4,35588.169402801,35588.170437007,35588.227781247,38.3330078125,38.3330078125,0,,0
5360,FF-34-CAM-4,35588.630668201,35588.632871474,35588.676557064,38.3330078125,38.3330078125,0,,0
5362,FF-34-CAM-4,35589.053883641,35589.055051079,35589.12562412,38.3330078125,38.3330078125,0,,0
5364,FF-34-CAM-4,35589.487497564,35589.48891405,35589.553306322,38.3330078125,38.3330078125,0,,0
5366,FF-34-CAM-4,35589.91170232,35589.912800955,35590.013718061,38.3330078125,38.3330078125,0,,0
5368,FF-34-CAM-4,35590.353947364,35590.355387729,35590.407134402,38.3330078125,38.3330078125,0,,0
5370,FF-34-CAM-4,35590.751378353,35590.753395456,35590.853159641,38.3330078125,38.3330078125,0,,0
5372,FF-34-CAM-4,35591.166130847,35591.167100247,35591.221767435,38.3330078125,38.3330078125,0,,0
5374,FF-34-CAM-4,35591.586631509,35591.589418686,35591.687132797,38.3330078125,38.3330078125,0,,0
5376,FF-34-CAM-4,35592.02257037,35592.024148335,35592.093870339,38.3330078125,38.3330078125,0,,0
5378,FF-34-CAM-4,35592.467705579,35592.469390954,35592.522672704,38.3330078125,38.3330078125,0,,0
5380,FF-34-CAM-4,35592.931257246,35592.932405433,35593.000896455,38.3330078125,38.3330078125,0,,0
5382,FF-34-CAM-4,35593.368168692,35593.369425153,35593.416347606,38.3330078125,38.3330078125,0,,0
5384,FF-34-CAM-4,35593.7438083,35593.74457662,35593.794834964,38.3330078125,38.3330078125,0,,0
5386,FF-34-CAM-4,35594.1103208,35594.11151841,35594.192771159,38.3330078125,38.3330078125,0,,0
5388,FF-34-CAM-4,35594.528319887,35594.530589123,35594.58322964,38.3330078125,38.3330078125,0,,0
5390,FF-34-CAM-4,35594.902988439,35594.904626119,35594.99061895,38.3330078125,38.3330078125,0,,0
5392,FF-34-CAM-4,35595.350690954,35595.352038129,35595.402134028,38.3330078125,38.3330078125,0,,0
5394,FF-34-CAM-4,35595.740139744,35595.742645372,35595.853332744,38.3330078125,38.3330078125,0,,0
5396,FF-34-CAM-4,35596.211602934,35596.212495418,35596.26884202,38.3330078125,38.3330078125,0,,0
5398,FF-34-CAM-4,35596.612612494,35596.613807354,35596.668241799,38.3330078125,38.3330078125,0,,0
5400,FF-34-CAM-4,35597.045017442,35597.046306658,35597.151518204,38.3330078125,38.3330078125,0,,0
5402,FF-34-CAM-4,35597.48154021,35597.482407899,35597.524614721,38.3330078125,38.3330078125,0,,0
5404,FF-34-CAM-4,35597.910573874,35597.9144166,35597.962999076,38.3330078125,38.3330078125,0,,0
5406,FF-34-CAM-4,35598.329755934,35598.333403437,35598.395349273,38.3330078125,38.3330078125,0,,0
5408,FF-34-CAM-4,35598.72948539,35598.730990075,35598.786706263,38.3330078125,38.3330078125,0,,0
5410,FF-34-CAM-4,35599.144224748,35599.146097165,35599.19921054,38.3330078125,38.3330078125,0,,0
5412,FF-34-CAM-4,35599.59010706,35599.592820472,35599.670817783,38.3330078125,38.3330078125,0,,0
5414,FF-34-CAM-4,35600.034392723,35600.035989797,35600.089727832,38.3330078125,38.3330078125,0,,0
5416,FF-34-CAM-4,35600.416930844,35600.41830138,35600.525734839,38.3330078125,38.3330078125,0,,0
5418,FF-34-CAM-4,35600.88227594,35600.883430778,35600.945639711,38.3330078125,38.3330078125,0,,0
5420,FF-34-CAM-4,35601.286295532,35601.289347374,35601.351151708,38.3330078125,38.3330078125,0,,0
5422,FF-34-CAM-4,35601.724774746,35601.726082534,35601.817349415,38.3330078125,38.3330078125,0,,0
5424,FF-34-CAM-4,35602.19502995,35602.19748316,35602.248398307,38.3330078125,38.3330078125,0,,0
5426,FF-34-CAM-4,35602.642544801,35602.643594977,35602.761924159,38.3330078125,38.3330078125,0,,0
5428,FF-34-CAM-4,35603.089217225,35603.090284078,35603.164227781,38.3330078125,38.3330078125,0,,0
5430,FF-34-CAM-4,35603.531375491,35603.532523345,35603.577883946,38.3330078125,38.3330078125,0,,0
5432,FF-34-CAM-4,35603.951736766,35603.952700462,35604.001293885,38.3330078125,38.3330078125,0,,0
5434,FF-34-CAM-4,35604.385169274,35604.386646989,35604.447368114,38.3330078125,38.3330078125,0,,0
5436,FF-34-CAM-4,35604.824213246,35604.825228341,35604.885749096,38.3330078125,38.3330078125,0,,0
5438,FF-34-CAM-4,35605.390279736,35605.392287317,35605.490784075,38.3330078125,38.3330078125,0,,0
5440,FF-34-CAM-4,35605.830020573,35605.832210397,35605.881564433,38.3330078125,38.3330078125,0,,0
5442,FF-34-CAM-4,35606.502282941,35606.503474039,35606.567687471,38.3330078125,38.3330078125,0,,0
5444,FF-34-CAM-4,35606.94184552,35606.942780085,35607.117277968,38.3330078125,38.3330078125,0,,0
5446,FF-34-CAM-4,35607.513931534,35607.515243992,35607.556134133,38.3330078125,38.3330078125,0,,0
5448,FF-34-CAM-4,35608.017565051,35608.018551855,35608.098948579,38.3330078125,38.3330078125,0,,0
5450,FF-34-CAM-4,35608.475296375,35608.47654866,35608.532315847,38.3330078125,38.3330078125,0,,0
5452,FF-34-CAM-4,35608.958746203,35608.959568968,35609.020243711,38.3330078125,38.3330078125,0,,0
5454,FF-34-CAM-4,35609.501742898,35609.502737699,35609.575881064,38.3330078125,38.3330078125,0,,0
5456,FF-34-CAM-4,35609.946602826,35609.947679245,35610.0178757,38.3330078125,38.3330078125,0,,0
5458,FF-34-CAM-4,35610.385247585,35610.388026741,35610.465196105,38.3330078125,38.3330078125,0,,0
5460,FF-34-CAM-4,35610.835757035,35610.837878931,35610.925240157,38.3330078125,38.3330078125,0,,0
5462,FF-34-CAM-4,35611.273614174,35611.274667451,35611.333315569,38.3330078125,38.3330078125,0,,0
5464,FF-34-CAM-4,35611.711132117,35611.712027742,35611.77702714,38.3330078125,38.3330078125,0,,0
5466,FF-34-CAM-4,35612.12792333,35612.128707603,35612.173541574,38.3330078125,38.3330078125,0,,0
5468,FF-34-CAM-4,35612.565460325,35612.569054766,35612.633047316,38.3330078125,38.3330078125,0,,0
5470,FF-34-CAM-4,35612.976164023,35612.978551492,35613.070229082,38.3330078125,38.3330078125,0,,0
5472,FF-34-CAM-4,35613.412020996,35613.413056535,35613.484697034,38.3330078125,38.3330078125,0,,0
5474,FF-34-CAM-4,35613.824728963,35613.825394688,35613.878305081,38.3330078125,38.3330078125,0,,0
5476,FF-34-CAM-4,35614.3318497,35614.334090038,35614.392036101,38.3330078125,38.3330078125,0,,0
5478,FF-34-CAM-4,35614.762483127,35614.764383736,35614.824189657,38.3330078125,38.3330078125,0,,0
5480,FF-34-CAM-4,35615.200751231,35615.204936703,35615.276387857,38.3330078125,38.3330078125,0,,0
5482,FF-34-CAM-4,35615.652812203,35615.653560916,35615.71626452,38.3330078125,38.3330078125,0,,0
5484,FF-34-CAM-4,35616.095170283,35616.096673237,35616.173902655,38.3330078125,38.3330078125,0,,0
5486,FF-34-CAM-4,35616.552626189,35616.55365458,35616.617539692,38.3330078125,38.3330078125,0,,0
5488,FF-34-CAM-4,35616.997122341,35616.998283461,35617.067643471,38.3330078125,38.3330078125,0,,0
5490,FF-34-CAM-4,35617.435176355,35617.437658783,35617.493450505,38.3330078125,38.3330078125,0,,0
5492,FF-34-CAM-4,35617.916448475,35617.917512624,35617.978124726,38.3330078125,38.3330078125,0,,0
5494,FF-34-CAM-4,35618.318731844,35618.319490158,35618.387716122,38.3330078125,38.3330078125,0,,0
5496,FF-34-CAM-4,35618.798230767,35618.799138837,35618.829989982,38.3330078125,38.3330078125,0,,0
5498,FF-34-CAM-4,35619.203345773,35619.205322044,35619.263658411,38.3330078125,38.3330078125,0,,0
5500,FF-34-CAM-4,35619.697839435,35619.699170783,35619.762954228,38.3330078125,38.3330078125,0,,0
5502,FF-34-CAM-4,35620.158919243,35620.161806958,35620.244521873,38.3330078125,38.3330078125,0,,0
5504,FF-34-CAM-4,35620.613660051,35620.614664768,35620.66968102,38.3330078125,38.3330078125,0,,0
5506,FF-34-CAM-4,35621.068705985,35621.06959661,35621.125353997,38.3330078125,38.3330078125,0,,0
5508,FF-34-CAM-4,35621.459226028,35621.459988553,35621.516175832,38.3330078125,38.3330078125,0,,0
5510,FF-34-CAM-4,35621.900134663,35621.902644464,35621.966717762,38.3330078125,38.3330078125,0,,0
5512,FF-34-CAM-4,35622.355082753,35622.356396285,35622.442195506,38.3330078125,38.3330078125,0,,0
5514,FF-34-CAM-4,35622.823100112,35622.823913175,35622.88367583,38.3330078125,38.3330078125,0,,0
5516,FF-34-CAM-4,35623.235309262,35623.235864534,35623.32297248,38.3330078125,38.3330078125,0,,0
5518,FF-34-CAM-4,35623.679439446,35623.681378002,35623.734607206,38.3330078125,38.3330078125,0,,0
5520,FF-34-CAM-4,35624.10675012,35624.108181925,35624.15775767,38.3330078125,38.3330078125,0,,0
5522,FF-34-CAM-4,35624.499334194,35624.500523765,35624.551588712,38.3330078125,38.3330078125,0,,0
5524,FF-34-CAM-4,35624.949276923,35624.950579487,35625.024969066,38.3330078125,38.3330078125,0,,0
5526,FF-34-CAM-4,35625.444848686,35625.447229376,35625.52628178,38.3330078125,38.3330078125,0,,0
5528,FF-34-CAM-4,35625.947272986,35625.948362435,35626.026104708,38.3330078125,38.3330078125,0,,0
5530,FF-34-CAM-4,35626.387366596,35626.393153815,35626.503808063,38.3330078125,38.3330078125,0,,0
5532,FF-34-CAM-4,35626.910751318,35626.912327288,35626.97115737,38.3330078125,38.3330078125,0,,0
5534,FF-34-CAM-4,35627.371941845,35627.373543158,35627.486975983,38.3330078125,38.3330078125,0,,0
5536,FF-34-CAM-4,35627.889492033,35627.890956945,35627.96314376,38.3330078125,38.3330078125,0,,0
5538,FF-34-CAM-4,35628.366356745,35628.368088944,35628.441144857,38.3330078125,38.3330078125,0,,0
5540,FF-34-CAM-4,35628.854330758,35628.855088502,35628.908736675,38.3330078125,38.3330078125,0,,0
5542,FF-34-CAM-4,35629.315721144,35629.317596655,35629.437281608,38.3330078125,38.3330078125,0,,0
5544,FF-34-CAM-4,35629.823704556,35629.824897093,35629.893379409,38.3330078125,38.3330078125,0,,0
5546,FF-34-CAM-4,35630.27432001,35630.275365201,35630.330450414,38.3330078125,38.3330078125,0,,0
5548,FF-34-CAM-4,35630.661199003,35630.662963694,35630.726585715,38.3330078125,38.3330078125,0,,0
5550,FF-34-CAM-4,35631.203064484,35631.204252692,35631.310395485,38.3330078125,38.3330078125,0,,0
5552,FF-34-CAM-4,35631.679439038,35631.681551377,35631.734290628,38.3330078125,38.3330078125,0,,0
5554,FF-34-CAM-4,35632.104723101,35632.105764364,35632.22406434,38.3330078125,38.3330078125,0,,0
5556,FF-34-CAM-4,35632.624783188,35632.625478108,35632.721885105,38.3330078125,38.3330078125,0,,0
5558,FF-34-CAM-4,35633.128186559,35633.129158634,35633.197426045,38.3330078125,38.3330078125,0,,0
5560,FF-34-CAM-4,35633.693652444,35633.696359375,35633.769425285,38.3330078125,38.3330078125,0,,0
5562,FF-34-CAM-4,35634.112676215,35634.113607369,35634.177941012,38.3330078125,38.3330078125,0,,0
5564,FF-34-CAM-4,35634.62535023,35634.626884307,35634.698443537,38.3330078125,38.3330078125,0,,0
5566,FF-34-CAM-4,35635.091807417,35635.09308125,35635.180937869,38.3330078125,38.3330078125,0,,0
5568,FF-34-CAM-4,35635.606144181,35635.609225276,35635.667030329,38.3330078125,38.3330078125,0,,0
5570,FF-34-CAM-4,35636.098896333,35636.100033233,35636.218258858,38.3330078125,38.3330078125,0,,0
5572,FF-34-CAM-4,35636.682544281,35636.683698047,35636.73314797,38.3330078125,38.3330078125,0,,0
5574,FF-34-CAM-4,35637.083931201,35637.084546046,35637.160163402,38.3330078125,38.3330078125,0,,0
5576,FF-34-CAM-4,35637.499928499,35637.501910898,35637.567613681,38.3330078125,38.3330078125,0,,0
5578,FF-34-CAM-4,35637.939989677,35637.94276033,35637.994628691,38.3330078125,38.3330078125,0,,0
5582,FF-34-CAM-4,35638.876688555,35638.878040104,35638.950134481,38.33349609375,38.3330078125,0,,0
5586,FF-34-CAM-4,35639.737378482,35639.738251286,35639.794990124,38.33349609375,38.3330078125,0,,0
5588,FF-34-CAM-4,35640.115730391,35640.116651964,35640.174993637,38.3330078125,38.3330078125,0,,0
5590,FF-34-CAM-4,35640.59221164,35640.593449318,35640.674111892,38.3330078125,38.3330078125,0,,0
5592,FF-34-CAM-4,35641.026028085,35641.034130478,35641.089865152,38.3330078125,38.3330078125,0,,0
5594,FF-34-CAM-4,35641.449559113,35641.451923412,35641.515353437,38.3330078125,38.3330078125,0,,0
5596,FF-34-CAM-4,35641.885815991,35641.886707254,35641.950658588,38.3330078125,38.3330078125,0,,0
5598,FF-34-CAM-4,35642.329835999,35642.332358524,35642.398481985,38.3330078125,38.3330078125,0,,0
5600,FF-34-CAM-4,35642.789539289,35642.790896593,35642.876205632,38.3330078125,38.3330078125,0,,0
5602,FF-34-CAM-4,35643.284976642,35643.288311696,35643.366927324,38.3330078125,38.3330078125,0,,0
5604,FF-34-CAM-4,35643.738722291,35643.739586237,35643.804684614,38.3330078125,38.3330078125,0,,0
5606,FF-34-CAM-4,35644.200120444,35644.202423775,35644.24713754,38.3330078125,38.3330078125,0,,0
5608,FF-34-CAM-4,35644.642406615,35644.643214602,35644.71021875,38.3330078125,38.3330078125,0,,0
5610,FF-34-CAM-4,35645.102709595,35645.103578864,35645.156609411,38.3330078125,38.3330078125,0,,0
5612,FF-34-CAM-4,35645.495952761,35645.498222149,35645.575302849,38.3330078125,38.3330078125,0,,0
5614,FF-34-CAM-4,35645.917052096,35645.919903702,35645.994440612,38.3330078125,38.3330078125,0,,0
5616,FF-34-CAM-4,35646.333762096,35646.334792193,35646.382568586,38.3330078125,38.3330078125,0,,0
5618,FF-34-CAM-4,35646.717248978,35646.718773813,35646.771718221,38.3330078125,38.3330078125,0,,0
5620,FF-34-CAM-4,35647.087326846,35647.088480598,35647.178060993,38.3330078125,38.3330078125,0,,0
5622,FF-34-CAM-4,35647.525956002,35647.52666891,35647.588482334,38.3330078125,38.3330078125,0,,0
5626,FF-34-CAM-4,35648.416803987,35648.418217188,35648.4741484,38.33349609375,38.3330078125,0,,0
5628,FF-34-CAM-4,35648.819462428,35648.820859733,35648.881655793,38.3330078125,38.3330078125,0,,0
5630,FF-34-CAM-4,35649.243592722,35649.245029049,35649.352761739,38.3330078125,38.3330078125,0,,0
5632,FF-34-CAM-4,35649.695699489,35649.69680467,35649.747994444,38.3330078125,38.3330078125,0,,0
5634,FF-34-CAM-4,35650.149199447,35650.158086901,35650.218045703,38.3330078125,38.3330078125,0,,0
5636,FF-34-CAM-4,35650.572073223,35650.573369871,35650.622063609,38.3330078125,38.3330078125,0,,0
5638,FF-34-CAM-4,35650.985571613,35650.988050634,35651.051954674,38.3330078125,38.3330078125,0,,0
5640,FF-34-CAM-4,35651.434530919,35651.435348156,35651.498875012,38.3330078125,38.3330078125,0,,0
5642,FF-34-CAM-4,35651.879634307,35651.881861542,35651.927699335,38.3330078125,38.3330078125,0,,0
5644,FF-34-CAM-4,35652.266159073,35652.267452501,35652.377269923,38.3330078125,38.3330078125,0,,0
5646,FF-34-CAM-4,35652.764996404,35652.768128752,35652.826027913,38.3330078125,38.3330078125,0,,0
5648,FF-34-CAM-4,35653.172094096,35653.172910437,35653.266429922,38.3330078125,38.3330078125,0,,0
5650,FF-34-CAM-4,35653.629418054,35653.630873461,35653.690695825,38.3330078125,38.3330078125,0,,0
5652,FF-34-CAM-4,35654.057223945,35654.059353059,35654.123618889,38.3330078125,38.3330078125,0,,0
5654,FF-34-CAM-4,35654.575072916,35654.576768627,35654.660144688,38.3330078125,38.3330078125,0,,0
5656,FF-34-CAM-4,35655.038325765,35655.040197479,35655.085641106,38.3330078125,38.3330078125,0,,0
5658,FF-34-CAM-4,35655.465308429,35655.466628629,35655.52428326,38.3330078125,38.3330078125,0,,0
5660,FF-34-CAM-4,35655.861080269,35655.862853204,35655.955593611,38.3330078125,38.3330078125,0,,0
5662,FF-34-CAM-4,35656.323146667,35656.324309264,35656.378345476,38.3330078125,38.3330078125,0,,0
5664,FF-34-CAM-4,35656.731690194,35656.732730317,35656.788069896,38.3330078125,38.3330078125,0,,0
5666,FF-34-CAM-4,35657.170483289,35657.171745074,35657.236019353,38.3330078125,38.3330078125,0,,0
5668,FF-34-CAM-4,35657.641911276,35657.643402405,35657.699330269,38.3330078125,38.3330078125,0,,0
5670,FF-34-CAM-4,35658.087979858,35658.089100638,35658.155962627,38.3330078125,38.3330078125,0,,0
5672,FF-34-CAM-4,35658.515377656,35658.516584094,35658.554988896,38.3330078125,38.3330078125,0,,0
5674,FF-34-CAM-4,35658.936058076,35658.9369709,35659.01573783,38.3330078125,38.3330078125,0,,0
5676,FF-34-CAM-4,35659.376244484,35659.377167352,35659.44963778,38.3330078125,38.3330078125,0,,0
5678,FF-34-CAM-4,35659.805326974,35659.806500533,35659.863355371,38.3330078125,38.3330078125,0,,0
5680,FF-34-CAM-4,35660.218122909,35660.219143327,35660.277578154,38.3330078125,38.3330078125,0,,0
5682,FF-34-CAM-4,35660.616481411,35660.617589933,35660.730747942,38.3330078125,38.3330078125,0,,0
5684,FF-34-CAM-4,35661.101137777,35661.101844477,35661.157244359,38.3330078125,38.3330078125,0,,0
5686,FF-34-CAM-4,35661.527582998,35661.529539118,35661.580813921,38.3330078125,38.3330078125,0,,0
5688,FF-34-CAM-4,35661.96903481,35661.971803314,35662.045476586,38.3330078125,38.3330078125,0,,0
5690,FF-34-CAM-4,35662.433555314,35662.434810399,35662.495593713,38.3330078125,38.3330078125,0,,0
5692,FF-34-CAM-4,35662.883096908,35662.885277716,35662.961723394,38.3330078125,38.3330078125,0,,0
5694,FF-34-CAM-4,35663.42305186,35663.425218355,35663.470514106,38.3330078125,38.3330078125,0,,0
5696,FF-34-CAM-4,35663.840128412,35663.845054244,35663.907890458,38.3330078125,38.3330078125,0,,0
5698,FF-34-CAM-4,35664.230910579,35664.231991806,35664.317543469,38.3330078125,38.3330078125,0,,0
5700,FF-34-CAM-4,35664.674855314,35664.676144718,35664.7670885,38.3330078125,38.3330078125,0,,0
5702,FF-34-CAM-4,35665.108483779,35665.109755912,35665.168728457,38.3330078125,38.3330078125,0,,0
5704,FF-34-CAM-4,35665.545439959,35665.546547082,35665.611833601,38.3330078125,38.3330078125,0,,0
5706,FF-34-CAM-4,35666.007165219,35666.008108634,35666.056298773,38.3330078125,38.3330078125,0,,0
5708,FF-34-CAM-4,35666.405062914,35666.410154181,35666.478134376,38.3330078125,38.3330078125,0,,0
5710,FF-34-CAM-4,35666.85830581,35666.859755717,35666.921196389,38.3330078125,38.3330078125,0,,0
5712,FF-34-CAM-4,35667.331226574,35667.332309884,35667.383926809,38.3330078125,38.3330078125,0,,0
5714,FF-34-CAM-4,35667.715980606,35667.716963091,35667.793275919,38.3330078125,38.3330078125,0,,0
5716,FF-34-CAM-4,35668.121326006,35668.122294655,35668.195286722,38.3330078125,38.3330078125,0,,0
5718,FF-34-CAM-4,35668.540679276,35668.543971095,35668.596899695,38.3330078125,38.3330078125,0,,0
5720,FF-34-CAM-4,35668.988283968,35668.989140432,35669.03295253,38.3330078125,38.3330078125,0,,0
5722,FF-34-CAM-4,35669.354700926,35669.355498153,35669.426818245,38.3330078125,38.3330078125,0,,0
5724,FF-34-CAM-4,35669.785494064,35669.787397033,35669.838469031,38.3330078125,38.3330078125,0,,0
5726,FF-34-CAM-4,35670.159072266,35670.161759548,35670.211905434,38.3330078125,38.3330078125,0,,0
5728,FF-34-CAM-4,35670.53469207,35670.535740308,35670.593893609,38.3330078125,38.3330078125,0,,0
5730,FF-34-CAM-4,35670.94592346,35670.947191533,35671.003834912,38.3330078125,38.3330078125,0,,0
5732,FF-34-CAM-4,35671.327050565,35671.328019427,35671.419981729,38.3330078125,38.3330078125,0,,0
5734,FF-34-CAM-4,35671.779143795,35671.780637791,35671.838653166,38.3330078125,38.3330078125,0,,0
5736,FF-34-CAM-4,35672.15911422,35672.159895438,35672.217684144,38.3330078125,38.3330078125,0,,0
5738,FF-34-CAM-4,35672.588635755,35672.589467663,35672.653667203,38.3330078125,38.3330078125,0,,0
5740,FF-34-CAM-4,35672.976972318,35672.979581247,35673.045209958,38.3330078125,38.3330078125,0,,0
5742,FF-34-CAM-4,35673.399304873,35673.400899796,35673.47995552,38.3330078125,38.3330078125,0,,0
5744,FF-34-CAM-4,35673.85256717,35673.854446522,35673.937818422,38.3330078125,38.3330078125,0,,0
5746,FF-34-CAM-4,35674.3000277,35674.303462977,35674.363733256,38.3330078125,38.3330078125,0,,0
5748,FF-34-CAM-4,35674.727430437,35674.730713188,35674.791520431,38.3330078125,38.3330078125,0,,0
5750,FF-34-CAM-4,35675.180836675,35675.181597814,35675.263160502,38.3330078125,38.3330078125,0,,0
5752,FF-34-CAM-4,35675.699098601,35675.700089752,35675.7561504,38.3330078125,38.3330078125,0,,0
5754,FF-34-CAM-4,35676.073126532,35676.075094664,35676.174749094,38.3330078125,38.3330078125,0,,0
5756,FF-34-CAM-4,35676.553560069,35676.55533654,35676.611409568,38.3330078125,38.3330078125,0,,0
5758,FF-34-CAM-4,35676.966099807,35676.967073895,35677.034247499,38.3330078125,38.3330078125,0,,0
5760,FF-34-CAM-4,35677.319174427,35677.321150147,35677.376040239,38.3330078125,38.3330078125,0,,0
5762,FF-34-CAM-4,35677.722121775,35677.723017258,35677.80023616,38.3330078125,38.3330078125,0,,0
5764,FF-34-CAM-4,35678.141920513,35678.143177078,35678.202031078,38.3330078125,38.3330078125,0,,0
5766,FF-34-CAM-4,35678.619259757,35678.620541984,35678.713772657,38.3330078125,38.3330078125,0,,0
5768,FF-34-CAM-4,35679.058476998,35679.059674775,35679.130526929,38.3330078125,38.3330078125,0,,0
5770,FF-34-CAM-4,35679.473950895,35679.475257587,35679.577509262,38.3330078125,38.3330078125,0,,0
5772,FF-34-CAM-4,35679.936139258,35679.936961922,35679.989099717,38.3330078125,38.3330078125,0,,0
5774,FF-34-CAM-4,35680.408992261,35680.409887749,35680.472112566,38.3330078125,38.3330078125,0,,0
5776,FF-34-CAM-4,35680.789816666,35680.790660301,35680.843196427,38.3330078125,38.3330078125,0,,0
5778,FF-34-CAM-4,35681.244687251,35681.245912238,35681.301490675,38.3330078125,38.3330078125,0,,0
5780,FF-34-CAM-4,35681.652203147,35681.652862394,35681.691918614,38.3330078125,38.3330078125,0,,0
5782,FF-34-CAM-4,35682.084071231,35682.084990954,35682.131588611,38.3330078125,38.3330078125,0,,0
5784,FF-34-CAM-4,35682.496229743,35682.497363127,35682.544288362,38.3330078125,38.3330078125,0,,0
5786,FF-34-CAM-4,35682.904589293,35682.905808086,35682.981452986,38.3330078125,38.3330078125,0,,0
5788,FF-34-CAM-4,35683.459157371,35683.460937512,35683.549779422,38.3330078125,38.3330078125,0,,0
5790,FF-34-CAM-4,35683.875941599,35683.877725354,35683.977215058,38.3330078125,38.3330078125,0,,0
5792,FF-34-CAM-4,35684.352308331,35684.353254708,35684.413358453,38.3330078125,38.3330078125,0,,0
5794,FF-34-CAM-4,35684.791541766,35684.793399643,35684.855529237,38.3330078125,38.3330078125,0,,0
5796,FF-34-CAM-4,35685.187010524,35685.189063325,35685.258439914,38.3330078125,38.3330078125,0,,0
5798,FF-34-CAM-4,35685.680109339,35685.681387461,35685.716984132,38.3330078125,38.3330078125,0,,0
5800,FF-34-CAM-4,35686.083141262,35686.088721647,35686.150132378,38.3330078125,38.3330078125,0,,0
5802,FF-34-CAM-4,35686.494768078,35686.496079978,35686.581273918,38.3330078125,38.3330078125,0,,0
5804,FF-34-CAM-4,35686.950289866,35686.95252338,35686.997931856,38.3330078125,38.3330078125,0,,0
5806,FF-34-CAM-4,35687.32064525,35687.322821307,35687.372620445,38.3330078125,38.3330078125,0,,0
5808,FF-34-CAM-4,35687.729207621,35687.730396407,35687.784577981,38.3330078125,38.3330078125,0,,0
5810,FF-34-CAM-4,35688.134619896,35688.137081941,35688.199603259,38.3330078125,38.3330078125,0,,0
5812,FF-34-CAM-4,35688.564869583,35688.566055159,35688.646679323,38.3330078125,38.3330078125,0,,0
5814,FF-34-CAM-4,35688.987599208,35688.988668196,35689.062252537,38.3330078125,38.3330078125,0,,0
5816,FF-34-CAM-4,35689.418224132,35689.419252407,35689.516962372,38.3330078125,38.3330078125,0,,0
5818,FF-34-CAM-4,35689.851768795,35689.852969964,35689.91481782,38.3330078125,38.3330078125,0,,0
5820,FF-34-CAM-4,35690.252419655,35690.253383803,35690.322535137,38.3330078125,38.3330078125,0,,0
5822,FF-34-CAM-4,35690.745659079,35690.746775821,35690.79758647,38.3330078125,38.3330078125,0,,0
5824,FF-34-CAM-4,35691.421102389,35691.422878296,35691.50291457,38.3330078125,38.3330078125,0,,0
5826,FF-34-CAM-4,35691.895748184,35691.897153946,35691.978235488,38.3330078125,38.3330078125,0,,0
5828,FF-34-CAM-4,35692.356919163,35692.360114734,35692.465949202,38.3330078125,38.3330078125,0,,0
5830,FF-34-CAM-4,35692.843215003,35692.846037304,35692.943865739,38.3330078125,38.3330078125,0,,0
5832,FF-34-CAM-4,35693.332763913,35693.333783106,35693.399105039,38.3330078125,38.3330078125,0,,0
5834,FF-34-CAM-4,35693.713170132,35693.714466599,35693.773600318,38.3330078125,38.3330078125,0,,0
5836,FF-34-CAM-4,35694.107235651,35694.110367524,35694.191671305,38.3330078125,38.3330078125,0,,0
5838,FF-34-CAM-4,35694.557055621,35694.558330468,35694.644745166,38.3330078125,38.3330078125,0,,0
5840,FF-34-CAM-4,35695.000281571,35695.002211223,35695.079424793,38.3330078125,38.3330078125,0,,0
5842,FF-34-CAM-4,35695.523694936,35695.524817719,35695.583322341,38.3330078125,38.3330078125,0,,0
5844,FF-34-CAM-4,35695.896851043,35695.897706287,35695.979774418,38.3330078125,38.3330078125,0,,0
5846,FF-34-CAM-4,35696.306179673,35696.307206811,35696.368813559,38.3330078125,38.3330078125,0,,0
5848,FF-34-CAM-4,35696.713231263,35696.715952103,35696.790716499,38.3330078125,38.3330078125,0,,0
5850,FF-34-CAM-4,35697.217153042,35697.218450553,35697.276784274,38.3330078125,38.3330078125,0,,0
5852,FF-34-CAM-4,35697.614393114,35697.615363458,35697.669282899,38.3330078125,38.3330078125,0,,0
5854,FF-34-CAM-4,35698.069308193,35698.070424111,35698.119229377,38.3330078125,38.3330078125,0,,0
5856,FF-34-CAM-4,35698.506406232,35698.507732123,35698.553668872,38.3330078125,38.3330078125,0,,0
5858,FF-34-CAM-4,35698.873221116,35698.874157626,35698.925497901,38.3330078125,38.3330078125,0,,0
5860,FF-34-CAM-4,35699.296723401,35699.298041582,35699.351720861,38.3330078125,38.3330078125,0,,0
5862,FF-34-CAM-4,35699.69661348,35699.704202246,35699.762312101,38.3330078125,38.3330078125,0,,0
5864,FF-34-CAM-4,35700.122111128,35700.123817979,35700.160546735,38.3330078125,38.3330078125,0,,0
5866,FF-34-CAM-4,35700.464322299,35700.466612854,35700.554273462,38.3330078125,38.3330078125,0,,0
5868,FF-34-CAM-4,35700.884655776,35700.886526222,35700.959333607,38.3330078125,38.3330078125,0,,0
5870,FF-34-CAM-4,35701.29276265,35701.295748274,35701.362708051,38.3330078125,38.3330078125,0,,0
5872,FF-34-CAM-4,35701.728098645,35701.729274038,35701.811686646,38.3330078125,38.3330078125,0,,0
5874,FF-34-CAM-4,35702.173265579,35702.174897152,35702.248239224,38.3330078125,38.3330078125,0,,0
5876,FF-34-CAM-4,35702.707428001,35702.709156714,35702.771781001,38.3330078125,38.3330078125,0,,0
5878,FF-34-CAM-4,35703.067763482,35703.069441557,35703.171744303,38.3330078125,38.3330078125,0,,0
5880,FF-34-CAM-4,35703.541540773,35703.54314276,35703.622280424,38.3330078125,38.3330078125,0,,0
5882,FF-34-CAM-4,35704.007340434,35704.008633633,35704.110495483,38.3330078125,38.3330078125,0,,0
5884,FF-34-CAM-4,35704.464450731,35704.465353247,35704.526092952,38.3330078125,38.3330078125,0,,0
5886,FF-34-CAM-4,35704.859598517,35704.860642602,35704.912203129,38.3330078125,38.3330078125,0,,0
5888,FF-34-CAM-4,35705.321552678,35705.322955879,35705.37143053,38.3330078125,38.3330078125,0,,0
5890,FF-34-CAM-4,35705.726894286,35705.72798669,35705.851146152,38.3330078125,38.3330078125,0,,0
5892,FF-34-CAM-4,35706.198058963,35706.20034545,35706.270587818,38.3330078125,38.3330078125,0,,0
5894,FF-34-CAM-4,35706.64302239,35706.645611622,35706.717325841,38.3330078125,38.3330078125,0,,0
5896,FF-34-CAM-4,35707.063843206,35707.065117027,35707.130715738,38.3330078125,38.3330078125,0,,0
5898,FF-34-CAM-4,35707.475071402,35707.477519536,35707.52896667,38.3330078125,38.3330078125,0,,0
5900,FF-34-CAM-4,35707.863307512,35707.867369614,35707.923107066,38.3330078125,38.3330078125,0,,0
5902,FF-34-CAM-4,35708.304211893,35708.306966781,35708.386881787,38.3330078125,38.3330078125,0,,0
5904,FF-34-CAM-4,35708.752199114,35708.764666052,35708.828667298,38.3330078125,38.3330078125,0,,0
5906,FF-34-CAM-4,35709.196029124,35709.197476056,35709.255057533,38.3330078125,38.3330078125,0,,0
5908,FF-34-CAM-4,35709.704421374,35709.705877676,35709.763728027,38.3330078125,38.3330078125,0,,0
5910,FF-34-CAM-4,35710.137511046,35710.139263469,35710.197970306,38.3330078125,38.3330078125,0,,0
5912,FF-34-CAM-4,35710.629565181,35710.63462712,35710.677873032,38.3330078125,38.3330078125,0,,0
5914,FF-34-CAM-4,35711.036861439,35711.038264189,35711.086175876,38.3330078125,38.3330078125,0,,0
5916,FF-34-CAM-4,35711.474577578,35711.475484221,35711.534221155,38.3330078125,38.3330078125,0,,0
5918,FF-34-CAM-4,35711.924061925,35711.925117962,35711.971374542,38.3330078125,38.3330078125,0,,0
5920,FF-34-CAM-4,35712.32496125,35712.325907949,35712.422168114,38.3330078125,38.3330078125,0,,0
5922,FF-34-CAM-4,35712.761365105,35712.762549522,35712.863771725,38.3330078125,38.3330078125,0,,0
5924,FF-34-CAM-4,35713.227186309,35713.22811175,35713.277989417,38.3330078125,38.3330078125,0,,0
5926,FF-34-CAM-4,35713.649867301,35713.651387703,35713.739129111,38.3330078125,38.3330078125,0,,0
5928,FF-34-CAM-4,35714.145895201,35714.147292425,35714.195434269,38.3330078125,38.3330078125,0,,0
5930,FF-34-CAM-4,35714.536236703,35714.538683533,35714.606702167,38.3330078125,38.3330078125,0,,0
5932,FF-34-CAM-4,35714.959414231,35714.960534396,35715.014334938,38.3330078125,38.3330078125,0,,0
5934,FF-34-CAM-4,35715.43927953,35715.440359366,35715.491861505,38.3330078125,38.3330078125,0,,0
5936,FF-34-CAM-4,35715.830664561,35715.832197865,35715.892560644,38.3330078125,38.3330078125,0,,0
5938,FF-34-CAM-4,35716.227685375,35716.229163744,35716.308694249,38.3330078125,38.3330078125,0,,0
5940,FF-34-CAM-4,35716.675018199,35716.676050464,35716.757863489,38.3330078125,38.3330078125,0,,0
5942,FF-34-CAM-4,35717.161973535,35717.163772668,35717.219578954,38.3330078125,38.3330078125,0,,0
5944,FF-34-CAM-4,35717.600563311,35717.602044457,35717.7076114,38.3330078125,38.3330078125,0,,0
5946,FF-34-CAM-4,35718.11102449,35718.112627343,35718.188512534,38.3330078125,38.3330078125,0,,0
5948,FF-34-CAM-4,35718.499096241,35718.502247248,35718.589977883,38.3330078125,38.3330078125,0,,0
5950,FF-34-CAM-4,35718.950421524,35718.95268194,35719.056661654,38.3330078125,38.3330078125,0,,0
5952,FF-34-CAM-4,35719.414346655,35719.416325951,35719.460419194,38.3330078125,38.3330078125,0,,0
5954,FF-34-CAM-4,35719.806735584,35719.80768312,35719.889752185,38.3330078125,38.3330078125,0,,0
5956,FF-34-CAM-4,35720.346438467,35720.34759614,35720.401904242,38.3330078125,38.3330078125,0,,0
5958,FF-34-CAM-4,35720.745266074,35720.74783038,35720.801268126,38.3330078125,38.3330078125,0,,0
5960,FF-34-CAM-4,35721.209740915,35721.210660326,35721.289164106,38.3330078125,38.3330078125,0,,0
5962,FF-34-CAM-4,35721.648482524,35721.649783086,35721.696813159,38.3330078125,38.3330078125,0,,0
5964,FF-34-CAM-4,35722.077596073,35722.080454939,35722.132063969,38.3330078125,38.3330078125,0,,0
5966,FF-34-CAM-4,35722.538499357,35722.544532283,35722.606924368,38.3330078125,38.3330078125,0,,0
5968,FF-34-CAM-4,35722.938909702,35722.940305943,35723.014856575,38.3330078125,38.3330078125,0,,0
5970,FF-34-CAM-4,35723.32175243,35723.322860996,35723.369855477,38.3330078125,38.3330078125,0,,0
5972,FF-34-CAM-4,35723.856997642,35723.85833207,35723.925484387,38.3330078125,38.3330078125,0,,0
5974,FF-34-CAM-4,35724.337030688,35724.338315446,35724.411378438,38.3330078125,38.3330078125,0,,0
5976,FF-34-CAM-4,35724.766788155,35724.768146472,35724.882851008,38.3330078125,38.3330078125,0,,0
5978,FF-34-CAM-4,35725.267382916,35725.269691515,35725.318484995,38.3330078125,38.3330078125,0,,0
5980,FF-34-CAM-4,35725.695123019,35725.696568737,35725.778207987,38.3330078125,38.3330078125,0,,0
5982,FF-34-CAM-4,35726.100867519,35726.101823062,35726.228344636,38.3330078125,38.3330078125,0,,0
5984,FF-34-CAM-4,35726.631374954,35726.632319627,35726.697465204,38.3330078125,38.3330078125,0,,0
5986,FF-34-CAM-4,35727.037253909,35727.038619798,35727.15455942,38.3330078125,38.3330078125,0,,0
5988,FF-34-CAM-4,35727.482195499,35727.485147819,35727.535156611,38.3330078125,38.3330078125,0,,0
5990,FF-34-CAM-4,35727.905373125,35727.905925959,35727.977481485,38.3330078125,38.3330078125,0,,0
5992,FF-34-CAM-4,35728.331597823,35728.333131291,35728.394885895,38.3330078125,38.3330078125,0,,0
5994,FF-34-CAM-4,35728.821854225,35728.822786989,35728.881938283,38.3330078125,38.3330078125,0,,0
5996,FF-34-CAM-4,35729.228182414,35729.229689421,35729.287744809,38.3330078125,38.3330078125,0,,0
5998,FF-34-CAM-4,35729.662578652,35729.663676881,35729.722376979,38.3330078125,38.3330078125,0,,0
6000,FF-34-CAM-4,35730.213302215,35730.216427332,35730.26476755,38.3330078125,38.3330078125,0,,0
6002,FF-34-CAM-4,35730.619893854,35730.621621583,35730.702536792,38.3330078125,38.3330078125,0,,0
6004,FF-34-CAM-4,35731.04886933,35731.05225303,35731.159222842,38.3330078125,38.3330078125,0,,0
6006,FF-34-CAM-4,35731.572607357,35731.574287556,35731.632981152,38.3330078125,38.3330078125,0,,0
6008,FF-34-CAM-4,35731.969189666,35731.970360791,35732.011524841,38.3330078125,38.3330078125,0,,0
6010,FF-34-CAM-4,35732.437986073,35732.439821742,35732.547929109,38.3330078125,38.3330078125,0,,0
6012,FF-34-CAM-4,35732.882429287,35732.884021959,35732.952183483,38.3330078125,38.3330078125,0,,0
6014,FF-34-CAM-4,35733.259198356,35733.26082464,35733.32543306,38.3330078125,38.3330078125,0,,0
6016,FF-34-CAM-4,35733.672441973,35733.673533576,35733.765964369,38.3330078125,38.3330078125,0,,0
6018,FF-34-CAM-4,35734.123382144,35734.124476385,35734.222028662,38.3330078125,38.3330078125,0,,0
6020,FF-34-CAM-4,35734.594458705,35734.595599583,35734.655692153,38.3330078125,38.3330078125,0,,0
6022,FF-34-CAM-4,35735.022263242,35735.023587651,35735.136221362,38.3330078125,38.3330078125,0,,0
6024,FF-34-CAM-4,35735.505621932,35735.507092526,35735.586736869,38.3330078125,38.3330078125,0,,0
6026,FF-34-CAM-4,35735.963498348,35735.964653063,35736.01405908,38.3330078125,38.3330078125,0,,0
6028,FF-34-CAM-4,35736.388413145,35736.390056877,35736.468615332,38.3330078125,38.3330078125,0,,0
6030,FF-34-CAM-4,35736.811234063,35736.812390526,35736.879566892,38.3330078125,38.3330078125,0,,0
6032,FF-34-CAM-4,35737.203092089,35737.204650639,35737.308037163,38.3330078125,38.3330078125,0,,0
6034,FF-34-CAM-4,35737.690827566,35737.692112032,35737.758818598,38.3330078125,38.3330078125,0,,0
6036,FF-34-CAM-4,35738.110425902,35738.113365684,35738.16163746,38.3330078125,38.3330078125,0,,0
6038,FF-34-CAM-4,35738.554515348,35738.556166787,35738.642205065,38.3330078125,38.3330078125,0,,0
6040,FF-34-CAM-4,35738.994995611,35738.996619515,35739.08235213,38.3330078125,38.3330078125,0,,0
6042,FF-34-CAM-4,35739.504490372,35739.509516945,35739.575939017,38.3330078125,38.3330078125,0,,0
6044,FF-34-CAM-4,35739.952335878,35739.953574707,35740.001832605,38.3330078125,38.3330078125,0,,0
6046,FF-34-CAM-4,35740.429407178,35740.430822748,35740.48434521,38.3330078125,38.3330078125,0,,0
6048,FF-34-CAM-4,35740.867289055,35740.868645144,35740.982729645,38.3330078125,38.3330078125,0,,0
6050,FF-34-CAM-4,35741.388552072,35741.389876013,35741.453947572,38.3330078125,38.3330078125,0,,0
6052,FF-34-CAM-4,35741.819153703,35741.820314635,35741.900778868,38.3330078125,38.3330078125,0,,0
6054,FF-34-CAM-4,35742.276622606,35742.278395481,35742.35836709,38.3330078125,38.3330078125,0,,0
6056,FF-34-CAM-4,35742.747347131,35742.748988778,35742.803276622,38.3330078125,38.3330078125,0,,0
6058,FF-34-CAM-4,35743.203543496,35743.206065869,35743.278298948,38.3330078125,38.3330078125,0,,0
6060,FF-34-CAM-4,35743.639175833,35743.640198846,35743.772566926,38.3330078125,38.3330078125,0,,0
6062,FF-34-CAM-4,35744.129819438,35744.131306011,35744.202859383,38.3330078125,38.3330078125,0,,0
6064,FF-34-CAM-4,35744.559542542,35744.561479488,35744.706762055,38.3330078125,38.3330078125,0,,0
6066,FF-34-CAM-4,35745.148390863,35745.149468823,35745.220301393,38.3330078125,38.3330078125,0,,0
6068,FF-34-CAM-4,35745.609547118,35745.611473306,35745.703978124,38.3330078125,38.3330078125,0,,0
6070,FF-34-CAM-4,35746.028859135,35746.03395111,35746.104566359,38.3330078125,38.3330078125,0,,0
6072,FF-34-CAM-4,35746.472970692,35746.47796428,35746.550233878,38.3330078125,38.3330078125,0,,0
6074,FF-34-CAM-4,35746.922918781,35746.924919391,35746.976216,38.3330078125,38.3330078125,0,,0
6076,FF-34-CAM-4,35747.366664636,35747.368126706,35747.468906729,38.3330078125,38.3330078125,0,,0
6078,FF-34-CAM-4,35747.857638797,35747.859084441,35747.913695779,38.3330078125,38.3330078125,0,,0
6080,FF-34-CAM-4,35748.293627045,35748.295034866,35748.363737636,38.3330078125,38.3330078125,0,,0
6082,FF-34-CAM-4,35748.793192181,35748.795662022,35748.863029965,38.3330078125,38.3330078125,0,,0
6084,FF-34-CAM-4,35749.257156858,35749.258337945,35749.358116926,38.3330078125,38.3330078125,0,,0
6086,FF-34-CAM-4,35749.70058858,35749.701798789,35749.769269946,38.3330078125,38.3330078125,0,,0
6088,FF-34-CAM-4,35750.134536417,35750.135320503,35750.196561888,38.3330078125,38.3330078125,0,,0
6090,FF-34-CAM-4,35750.552373465,35750.553506774,35750.620951557,38.3330078125,38.3330078125,0,,0
6092,FF-34-CAM-4,35750.999725371,35751.00197599,35751.092806951,38.3330078125,38.3330078125,0,,0
6094,FF-34-CAM-4,35751.438963575,35751.444791206,35751.490016981,38.3330078125,38.3330078125,0,,0
6096,FF-34-CAM-4,35751.858934066,35751.860193214,35751.921679294,38.3330078125,38.3330078125,0,,0
6098,FF-34-CAM-4,35752.269405109,35752.271690516,35752.325991344,38.3330078125,38.3330078125,0,,0
6100,FF-34-CAM-4,35752.699096079,35752.699946932,35752.746451109,38.3330078125,38.3330078125,0,,0
6102,FF-34-CAM-4,35753.161322719,35753.166855368,35753.240117634,38.3330078125,38.3330078125,0,,0
6104,FF-34-CAM-4,35753.662337271,35753.663395599,35753.732725387,38.3330078125,38.3330078125,0,,0
6106,FF-34-CAM-4,35754.120147401,35754.120962844,35754.215303303,38.3330078125,38.3330078125,0,,0
6108,FF-34-CAM-4,35754.552574438,35754.553727651,35754.603467764,38.3330078125,38.3330078125,0,,0
6110,FF-34-CAM-4,35754.95344114,35754.954610081,35755.014348074,38.3330078125,38.3330078125,0,,0
6112,FF-34-CAM-4,35755.406174797,35755.408165417,35755.467169779,38.3330078125,38.3330078125,0,,0
6114,FF-34-CAM-4,35755.787651698,35755.788370172,35755.857422155,38.3330078125,38.3330078125,0,,0
6116,FF-34-CAM-4,35756.226168634,35756.227214009,35756.289981067,38.3330078125,38.3330078125,0,,0
6118,FF-34-CAM-4,35756.648754925,35756.649993676,35756.72543987,38.3330078125,38.3330078125,0,,0
6120,FF-34-CAM-4,35757.083899677,35757.085285313,35757.138603845,38.3330078125,38.3330078125,0,,0
6122,FF-34-CAM-4,35757.558403282,35757.559238438,35757.604842022,38.3330078125,38.3330078125,0,,0
6124,FF-34-CAM-4,35757.935809428,35757.936878134,35758.004521839,38.3330078125,38.3330078125,0,,0
6126,FF-34-CAM-4,35758.45207368,35758.453602593,35758.563025759,38.3330078125,38.3330078125,0,,0
6128,FF-34-CAM-4,35758.978361505,35758.979602848,35759.054228053,38.3330078125,38.3330078125,0,,0
6130,FF-34-CAM-4,35759.397129325,35759.398269183,35759.448982091,38.3330078125,38.3330078125,0,,0
6132,FF-34-CAM-4,35759.914549982,35759.91982654,35760.000327071,38.3330078125,38.3330078125,0,,0
6134,FF-34-CAM-4,35760.389270246,35760.389893992,35760.481926672,38.3330078125,38.3330078125,0,,0
6136,FF-34-CAM-4,35760.813708744,35760.816240457,35760.868424578,38.3330078125,38.3330078125,0,,0
6138,FF-34-CAM-4,35761.250961968,35761.252308045,35761.319897701,38.3330078125,38.3330078125,0,,0
6140,FF-34-CAM-4,35761.710260829,35761.711755482,35761.772810478,38.3330078125,38.3330078125,0,,0
6142,FF-34-CAM-4,35762.157752062,35762.158945492,35762.200626686,38.3330078125,38.3330078125,0,,0
6144,FF-34-CAM-4,35762.53581997,35762.538076957,35762.594754768,38.3330078125,38.3330078125,0,,0
6146,FF-34-CAM-4,35762.923423955,35762.924261095,35762.980112047,38.3330078125,38.3330078125,0,,0
6148,FF-34-CAM-4,35763.356818225,35763.357896555,35763.448951473,38.3330078125,38.3330078125,0,,0
6150,FF-34-CAM-4,35763.819633129,35763.820610738,35763.874250208,38.3330078125,38.3330078125,0,,0
6152,FF-34-CAM-4,35764.27470865,35764.275510968,35764.336500329,38.3330078125,38.3330078125,0,,0
6154,FF-34-CAM-4,35764.839596071,35764.842208094,35764.933638731,38.3330078125,38.3330078125,0,,0
6156,FF-34-CAM-4,35765.318386441,35765.319921567,35765.369163524,38.3330078125,38.3330078125,0,,0
6158,FF-34-CAM-4,35765.752319681,35765.75367953,35765.808132115,38.3330078125,38.3330078125,0,,0
6160,FF-34-CAM-4,35766.17716578,35766.177998378,35766.247894021,38.3330078125,38.3330078125,0,,0
6162,FF-34-CAM-4,35766.674680373,35766.675895655,35766.742173906,38.3330078125,38.3330078125,0,,0
6164,FF-34-CAM-4,35767.152148975,35767.153336156,35767.248785657,38.3330078125,38.3330078125,0,,0
6166,FF-34-CAM-4,35767.629528109,35767.630473939,35767.682643693,38.3330078125,38.3330078125,0,,0
6168,FF-34-CAM-4,35768.008933725,35768.010251145,35768.063807262,38.3330078125,38.3330078125,0,,0
6170,FF-34-CAM-4,35768.417795094,35768.419341836,35768.482546585,38.3330078125,38.3330078125,0,,0
6172,FF-34-CAM-4,35768.825963397,35768.828257802,35768.888662105,38.3330078125,38.3330078125,0,,0
6174,FF-34-CAM-4,35769.232074947,35769.239799612,35769.347825601,38.3330078125,38.3330078125,0,,0
6176,FF-34-CAM-4,35769.75295576,35769.754668345,35769.814885371,38.3330078125,38.3330078125,0,,0
6178,FF-34-CAM-4,35770.196536167,35770.197976094,35770.251628144,38.3330078125,38.3330078125,0,,0
6180,FF-34-CAM-4,35770.680592362,35770.68334757,35770.756825833,38.3330078125,38.3330078125,0,,0
6182,FF-34-CAM-4,35771.115800407,35771.118093873,35771.168592716,38.3330078125,38.3330078125,0,,0
6184,FF-34-CAM-4,35771.548876579,35771.549739593,35771.595123128,38.3330078125,38.3330078125,0,,0
6186,FF-34-CAM-4,35771.903255059,35771.90566858,35771.977821162,38.3330078125,38.3330078125,0,,0
6188,FF-34-CAM-4,35772.349799332,35772.35094496,35772.421326192,38.3330078125,38.3330078125,0,,0
6190,FF-34-CAM-4,35772.861360794,35772.862647937,35772.964635823,38.3330078125,38.3330078125,0,,0
6192,FF-34-CAM-4,35773.350207687,35773.351220164,35773.398716489,38.3330078125,38.3330078125,0,,0
6194,FF-34-CAM-4,35773.80117145,35773.802431565,35773.888521735,38.3330078125,38.3330078125,0,,0
6196,FF-34-CAM-4,35774.276967287,35774.27838199,35774.355949634,38.3330078125,38.3330078125,0,,0
6208,FF-34-CAM-4,35777.137895774,35777.140569408,35777.27041636,38.33349609375,38.3330078125,0,,0
6210,FF-34-CAM-4,35777.623410454,35777.625102563,35777.670746854,38.3330078125,38.3330078125,0,,0
6212,FF-34-CAM-4,35778.057561616,35778.059839966,35778.114979014,38.3330078125,38.3330078125,0,,0
6214,FF-34-CAM-4,35778.514961287,35778.516290223,35778.64748089,38.3330078125,38.3330078125,0,,0
6216,FF-34-CAM-4,35778.973658082,35778.974858314,35779.046531089,38.3330078125,38.3330078125,0,,0
6218,FF-34-CAM-4,35779.385324916,35779.386779781,35779.458037272,38.3330078125,38.3330078125,0,,0
6220,FF-34-CAM-4,35779.777064167,35779.778730425,35779.882839894,38.3330078125,38.3330078125,0,,0
6222,FF-34-CAM-4,35780.255619005,35780.256310354,35780.30736985,38.3330078125,38.3330078125,0,,0
6224,FF-34-CAM-4,35780.651502225,35780.652482744,35780.721822302,38.3330078125,38.3330078125,0,,0
6226,FF-34-CAM-4,35781.055371978,35781.056230732,35781.106238627,38.3330078125,38.3330078125,0,,0
6228,FF-34-CAM-4,35781.406270104,35781.409143589,35781.462924134,38.3330078125,38.3330078125,0,,0
6230,FF-34-CAM-4,35781.847748517,35781.84966585,35781.919084193,38.3330078125,38.3330078125,0,,0
6232,FF-34-CAM-4,35782.269105718,35782.270148306,35782.308803797,38.3330078125,38.3330078125,0,,0
6234,FF-34-CAM-4,35782.6819056,35782.682759984,35782.749853757,38.3330078125,38.3330078125,0,,0
6236,FF-34-CAM-4,35783.104010369,35783.104957933,35783.169839499,38.3330078125,38.3330078125,0,,0
6238,FF-34-CAM-4,35783.550640523,35783.552046085,35783.620222588,38.3330078125,38.3330078125,0,,0
6240,FF-34-CAM-4,35783.974729006,35783.975505859,35784.068359843,38.3330078125,38.3330078125,0,,0
6242,FF-34-CAM-4,35784.454050847,35784.454863053,35784.512878131,38.3330078125,38.3330078125,0,,0
6244,FF-34-CAM-4,35784.896552251,35784.897724171,35785.013706345,38.3330078125,38.3330078125,0,,0
6246,FF-34-CAM-4,35785.356273005,35785.357266415,35785.402802546,38.3330078125,38.3330078125,0,,0
6248,FF-34-CAM-4,35785.768852163,35785.771280769,35785.83779358,38.3330078125,38.3330078125,0,,0
6250,FF-34-CAM-4,35786.213254758,35786.214279802,35786.265589681,38.3330078125,38.3330078125,0,,0
6252,FF-34-CAM-4,35786.711775018,35786.713039223,35786.794548759,38.3330078125,38.3330078125,0,,0
6254,FF-34-CAM-4,35787.201534808,35787.202485572,35787.26239493,38.3330078125,38.3330078125,0,,0
6256,FF-34-CAM-4,35787.649363467,35787.655817106,35787.72917224,38.3330078125,38.3330078125,0,,0
6258,FF-34-CAM-4,35788.058775029,35788.060419455,35788.15062073,38.3330078125,38.3330078125,0,,0
6260,FF-34-CAM-4,35788.542209846,35788.54408202,35788.599118779,38.3330078125,38.3330078125,0,,0
6262,FF-34-CAM-4,35789.006556809,35789.007418209,35789.129228948,38.3330078125,38.3330078125,0,,0
6264,FF-34-CAM-4,35789.444187934,35789.44565948,35789.518330787,38.3330078125,38.3330078125,0,,0
6266,FF-34-CAM-4,35789.900804503,35789.901778088,35789.996057826,38.3330078125,38.3330078125,0,,0
6268,FF-34-CAM-4,35790.345208426,35790.346877757,35790.401328994,38.3330078125,38.3330078125,0,,0
6270,FF-34-CAM-4,35790.774262442,35790.775398221,35790.826643731,38.3330078125,38.3330078125,0,,0
6272,FF-34-CAM-4,35791.239194282,35791.240564117,35791.312032379,38.3330078125,38.3330078125,0,,0
6274,FF-34-CAM-4,35791.6809824,35791.681755247,35791.726120643,38.3330078125,38.3330078125,0,,0
6276,FF-34-CAM-4,35792.092072009,35792.09323684,35792.188879433,38.3330078125,38.3330078125,0,,0
6278,FF-34-CAM-4,35792.520164172,35792.520951733,35792.569814033,38.3330078125,38.3330078125,0,,0
6280,FF-34-CAM-4,35792.985834825,35792.986833339,35793.052685117,38.3330078125,38.3330078125,0,,0
6282,FF-34-CAM-4,35793.41362587,35793.415973067,35793.456089511,38.3330078125,38.3330078125,0,,0
6284,FF-34-CAM-4,35793.783491284,35793.784622015,35793.836448574,38.3330078125,38.3330078125,0,,0
6286,FF-34-CAM-4,35794.199901318,35794.203047649,35794.26308807,38.3330078125,38.3330078125,0,,0
6288,FF-34-CAM-4,35794.679161359,35794.679773104,35794.723723231,38.3330078125,38.3330078125,0,,0
6290,FF-34-CAM-4,35795.099814281,35795.102213227,35795.167847268,38.3330078125,38.3330078125,0,,0
6292,FF-34-CAM-4,35795.518948814,35795.520467778,35795.571673414,38.3330078125,38.3330078125,0,,0
6294,FF-34-CAM-4,35795.947652329,35795.948650518,35796.007088754,38.3330078125,38.3330078125,0,,0
6296,FF-34-CAM-4,35796.35528009,35796.356495567,35796.402433396,38.3330078125,38.3330078125,0,,0
6298,FF-34-CAM-4,35796.763172138,35796.767825489,35796.81212736,38.3330078125,38.3330078125,0,,0
6300,FF-34-CAM-4,35797.37826002,35797.379165212,35797.50963892,38.3330078125,38.3330078125,0,,0
6302,FF-34-CAM-4,35797.848050249,35797.848776702,35797.920603448,38.3330078125,38.3330078125,0,,0
6304,FF-34-CAM-4,35798.282436437,35798.283601191,35798.346367744,38.3330078125,38.3330078125,0,,0
6306,FF-34-CAM-4,35798.676350076,35798.677683391,35798.746489405,38.3330078125,38.3330078125,0,,0
6308,FF-34-CAM-4,35799.066207277,35799.068083889,35799.127782809,38.3330078125,38.3330078125,0,,0
6310,FF-34-CAM-4,35799.472665553,35799.47358579,35799.541582126,38.3330078125,38.3330078125,0,,0
6312,FF-34-CAM-4,35799.870940558,35799.872354959,35799.94466812,38.3330078125,38.3330078125,0,,0
6314,FF-34-CAM-4,35800.32331515,35800.324742627,35800.376602028,38.3330078125,38.3330078125,0,,0
6316,FF-34-CAM-4,35800.771673482,35800.772973676,35800.84015719,38.3330078125,38.3330078125,0,,0
6318,FF-34-CAM-4,35801.162586524,35801.164313667,35801.218243891,38.3330078125,38.3330078125,0,,0
6320,FF-34-CAM-4,35801.595936708,35801.597020357,35801.664115548,38.3330078125,38.3330078125,0,,0
6322,FF-34-CAM-4,35801.996863236,35801.998527197,35802.051498968,38.3330078125,38.3330078125,0,,0
6324,FF-34-CAM-4,35802.416536032,35802.417942028,35802.487639429,38.3330078125,38.3330078125,0,,0
6326,FF-34-CAM-4,35802.821891521,35802.823199105,35802.881591437,38.3330078125,38.3330078125,0,,0
6328,FF-34-CAM-4,35803.371950791,35803.374026391,35803.428754579,38.3330078125,38.3330078125,0,,0
6330,FF-34-CAM-4,35803.753188804,35803.754295299,35803.823722609,38.3330078125,38.3330078125,0,,0
6332,FF-34-CAM-4,35804.171940875,35804.174074268,35804.2208283,38.3330078125,38.3330078125,0,,0
6334,FF-34-CAM-4,35804.589341488,35804.590028339,35804.711578266,38.3330078125,38.3330078125,0,,0
6336,FF-34-CAM-4,35805.044041369,35805.046171999,35805.110328555,38.3330078125,38.3330078125,0,,0
6338,FF-34-CAM-4,35805.413886297,35805.416980862,35805.488991285,38.3330078125,38.3330078125,0,,0
6340,FF-34-CAM-4,35805.889900992,35805.890872121,35805.950856986,38.3330078125,38.3330078125,0,,0
6342,FF-34-CAM-4,35806.278868506,35806.281311895,35806.334297804,38.3330078125,38.3330078125,0,,0
6344,FF-34-CAM-4,35806.726401065,35806.728151849,35806.851443277,38.3330078125,38.3330078125,0,,0
6346,FF-34-CAM-4,35807.163104507,35807.166358128,35807.250120151,38.3330078125,38.3330078125,0,,0
6348,FF-34-CAM-4,35807.542283014,35807.543393919,35807.607403463,38.3330078125,38.3330078125,0,,0
6350,FF-34-CAM-4,35807.96817528,35807.970026153,35808.048662781,38.3330078125,38.3330078125,0,,0
6352,FF-34-CAM-4,35808.428564955,35808.430203261,35808.497691532,38.3330078125,38.3330078125,0,,0
6354,FF-34-CAM-4,35808.895656394,35808.896745163,35809.02756735,38.3330078125,38.3330078125,0,,0
6356,FF-34-CAM-4,35809.392214144,35809.39347703,35809.45782492,38.3330078125,38.3330078125,0,,0
6358,FF-34-CAM-4,35809.868554081,35809.870243796,35809.938948005,38.3330078125,38.3330078125,0,,0
6360,FF-34-CAM-4,35810.348251524,35810.351576388,35810.398786843,38.3330078125,38.3330078125,0,,0
6362,FF-34-CAM-4,35810.784456201,35810.785358703,35810.841037684,38.3330078125,38.3330078125,0,,0
6364,FF-34-CAM-4,35811.225895676,35811.226990954,35811.285467704,38.3330078125,38.3330078125,0,,0
6366,FF-34-CAM-4,35811.664994379,35811.667184052,35811.739680631,38.3330078125,38.3330078125,0,,0
6368,FF-34-CAM-4,35812.091948417,35812.094228069,35812.15896718,38.3330078125,38.3330078125,0,,0
6370,FF-34-CAM-4,35812.517721397,35812.519584852,35812.563713845,38.3330078125,38.3330078125,0,,0
6372,FF-34-CAM-4,35812.877063645,35812.878838222,35812.99450548,38.3330078125,38.3330078125,0,,0
6374,FF-34-CAM-4,35813.291963299,35813.293026542,35813.356802167,38.3330078125,38.3330078125,0,,0
6376,FF-34-CAM-4,35813.69890617,35813.705119174,35813.760949166,38.3330078125,38.3330078125,0,,0
6378,FF-34-CAM-4,35814.11794091,35814.119507066,35814.186623782,38.3330078125,38.3330078125,0,,0
6380,FF-34-CAM-4,35814.522706834,35814.524153343,35814.608322302,38.3330078125,38.3330078125,0,,0
6382,FF-34-CAM-4,35814.976051263,35814.976669149,35815.03831608,38.3330078125,38.3330078125,0,,0
6384,FF-34-CAM-4,35815.387074332,35815.388456209,35815.442395624,38.3330078125,38.3330078125,0,,0
6386,FF-34-CAM-4,35815.852778769,35815.854297091,35815.898324787,38.3330078125,38.3330078125,0,,0
6388,FF-34-CAM-4,35816.237184528,35816.239221466,35816.33501088,38.3330078125,38.3330078125,0,,0
6390,FF-34-CAM-4,35816.681839479,35816.682752808,35816.73637528,38.3330078125,38.3330078125,0,,0
6392,FF-34-CAM-4,35817.089309445,35817.090224539,35817.202464371,38.3330078125,38.3330078125,0,,0
6394,FF-34-CAM-4,35817.542494383,35817.544785208,35817.609450129,38.3330078125,38.3330078125,0,,0
6396,FF-34-CAM-4,35817.978905611,35817.980054966,35818.055979503,38.3330078125,38.3330078125,0,,0
6398,FF-34-CAM-4,35818.364237832,35818.365080315,35818.42162203,38.3330078125,38.3330078125,0,,0
6400,FF-34-CAM-4,35818.773753082,35818.774576338,35818.821353399,38.3330078125,38.3330078125,0,,0
6402,FF-34-CAM-4,35819.208194841,35819.209215968,35819.251562574,38.3330078125,38.3330078125,0,,0
6404,FF-34-CAM-4,35819.635133773,35819.635771981,35819.722986671,38.3330078125,38.3330078125,0,,0
6406,FF-34-CAM-4,35820.126786695,35820.129210754,35820.201404612,38.3330078125,38.3330078125,0,,0
6408,FF-34-CAM-4,35820.570156102,35820.571038938,35820.629467853,38.3330078125,38.3330078125,0,,0
6410,FF-34-CAM-4,35820.949701371,35820.95038387,35821.020881921,38.3330078125,38.3330078125,0,,0
6412,FF-34-CAM-4,35821.406197383,35821.407540537,35821.4975726,38.3330078125,38.3330078125,0,,0
6414,FF-34-CAM-4,35821.857985393,35821.859179447,35821.912777387,38.3330078125,38.3330078125,0,,0
6416,FF-34-CAM-4,35822.24592801,35822.247826747,35822.336940708,38.3330078125,38.3330078125,0,,0
6418,FF-34-CAM-4,35822.699493428,35822.700742258,35822.766671217,38.3330078125,38.3330078125,0,,0
6420,FF-34-CAM-4,35823.156402407,35823.157839658,35823.247435812,38.3330078125,38.3330078125,0,,0
6422,FF-34-CAM-4,35823.627903873,35823.632741172,35823.685034189,38.3330078125,38.3330078125,0,,0
6424,FF-34-CAM-4,35824.046291138,35824.04729065,35824.122116499,38.3330078125,38.3330078125,0,,0
6426,FF-34-CAM-4,35824.462577706,35824.466099035,35824.546182374,38.3330078125,38.3330078125,0,,0
6428,FF-34-CAM-4,35824.86667755,35824.869744236,35824.916851114,38.3330078125,38.3330078125,0,,0
6430,FF-34-CAM-4,35825.286227268,35825.287200254,35825.348319378,38.3330078125,38.3330078125,0,,0
6432,FF-34-CAM-4,35825.699287337,35825.700393015,35825.748110178,38.3330078125,38.3330078125,0,,0
6434,FF-34-CAM-4,35826.142857941,35826.144889368,35826.239567888,38.3330078125,38.3330078125,0,,0
6436,FF-34-CAM-4,35826.636199616,35826.637608745,35826.710681613,38.3330078125,38.3330078125,0,,0
6438,FF-34-CAM-4,35827.06046253,35827.061927166,35827.176345226,38.3330078125,38.3330078125,0,,0
6440,FF-34-CAM-4,35827.528719324,35827.529929979,35827.592875116,38.3330078125,38.3330078125,0,,0
6442,FF-34-CAM-4,35827.933011333,35827.934193771,35827.995585867,38.3330078125,38.3330078125,0,,0
6444,FF-34-CAM-4,35828.385325625,35828.386454226,35828.439068155,38.3330078125,38.3330078125,0,,0
6446,FF-34-CAM-4,35828.864919828,35828.866560989,35828.925019355,38.3330078125,38.3330078125,0,,0
6450,FF-34-CAM-4,35829.793079811,35829.795778358,35829.881545093,38.33349609375,38.3330078125,0,,0
6452,FF-34-CAM-4,35830.248664539,35830.250109091,35830.301181491,38.3330078125,38.3330078125,0,,0
6454,FF-34-CAM-4,35830.714083441,35830.715378715,35830.759637361,38.3330078125,38.3330078125,0,,0
6456,FF-34-CAM-4,35831.134028792,35831.13485488,35831.205607998,38.3330078125,38.3330078125,0,,0
6458,FF-34-CAM-4,35831.605415458,35831.606450715,35831.660840487,38.3330078125,38.3330078125,0,,0
6460,FF-34-CAM-4,35832.031368178,35832.032633062,35832.104859097,38.3330078125,38.3330078125,0,,0
6462,FF-34-CAM-4,35832.483640136,35832.487756316,35832.544899055,38.3330078125,38.3330078125,0,,0
6464,FF-34-CAM-4,35832.880864059,35832.885049866,35832.941895556,38.3330078125,38.3330078125,0,,0
6466,FF-34-CAM-4,35833.283573947,35833.284859922,35833.391132872,38.3330078125,38.3330078125,0,,0
6468,FF-34-CAM-4,35833.6909282,35833.692291523,35833.743317367,38.3330078125,38.3330078125,0,,0
6470,FF-34-CAM-4,35834.089019138,35834.090184437,35834.166945962,38.3330078125,38.3330078125,0,,0
6472,FF-34-CAM-4,35834.562368571,35834.564121646,35834.628577799,38.3330078125,38.3330078125,0,,0
6474,FF-34-CAM-4,35835.012877227,35835.014398727,35835.081069468,38.3330078125,38.3330078125,0,,0
6476,FF-34-CAM-4,35835.47778864,35835.479609589,35835.541842202,38.3330078125,38.3330078125,0,,0
6478,FF-34-CAM-4,35835.883157229,35835.886089159,35836.002574961,38.3330078125,38.3330078125,0,,0
6480,FF-34-CAM-4,35836.355559781,35836.357515876,35836.414553209,38.3330078125,38.3330078125,0,,0
6482,FF-34-CAM-4,35836.747179786,35836.748153977,35836.805349583,38.3330078125,38.3330078125,0,,0
6484,FF-34-CAM-4,35837.152186627,35837.153479274,35837.235684118,38.3330078125,38.3330078125,0,,0
6486,FF-34-CAM-4,35837.703952414,35837.704929136,35837.749613831,38.3330078125,38.3330078125,0,,0
6488,FF-34-CAM-4,35838.166166192,35838.167551187,35838.22278969,38.3330078125,38.3330078125,0,,0
6490,FF-34-CAM-4,35838.565919744,35838.567250035,35838.61531167,38.3330078125,38.3330078125,0,,0
6492,FF-34-CAM-4,35838.987416666,35838.988220112,35839.060280501,38.3330078125,38.3330078125,0,,0
6494,FF-34-CAM-4,35839.413288259,35839.414222619,35839.460359926,38.3330078125,38.3330078125,0,,0
6496,FF-34-CAM-4,35840.013863462,35840.015082586,35840.057649201,38.3330078125,38.3330078125,0,,0
6498,FF-34-CAM-4,35840.424239835,35840.425335168,35840.542575911,38.3330078125,38.3330078125,0,,0
6500,FF-34-CAM-4,35840.842085878,35840.843509882,35840.907066071,38.3330078125,38.3330078125,0,,0
6502,FF-34-CAM-4,35841.249819132,35841.251262881,35841.322050433,38.3330078125,38.3330078125,0,,0
6504,FF-34-CAM-4,35841.659746111,35841.661413972,35841.721234326,38.3330078125,38.3330078125,0,,0
6506,FF-34-CAM-4,35842.058583879,35842.059798336,35842.137601223,38.3330078125,38.3330078125,0,,0
6508,FF-34-CAM-4,35842.475776469,35842.477041958,35842.576373605,38.3330078125,38.3330078125,0,,0
6510,FF-34-CAM-4,35842.885477026,35842.887249011,35842.964531494,38.3330078125,38.3330078125,0,,0
6512,FF-34-CAM-4,35843.295797094,35843.297221894,35843.379782566,38.3330078125,38.3330078125,0,,0
6514,FF-34-CAM-4,35843.769473479,35843.770564968,35843.825860727,38.3330078125,38.3330078125,0,,0
6516,FF-34-CAM-4,35844.219086046,35844.220776354,35844.280741333,38.3330078125,38.3330078125,0,,0
6518,FF-34-CAM-4,35844.592499955,35844.593450328,35844.645388267,38.3330078125,38.3330078125,0,,0
6520,FF-34-CAM-4,35845.013608196,35845.016106683,35845.063511582,38.3330078125,38.3330078125,0,,0
6522,FF-34-CAM-4,35845.395385189,35845.396092531,35845.434532216,38.3330078125,38.3330078125,0,,0
6524,FF-34-CAM-4,35845.779150069,35845.780054685,35845.845718995,38.3330078125,38.3330078125,0,,0
6526,FF-34-CAM-4,35846.258904564,35846.263904074,35846.326121638,38.3330078125,38.3330078125,0,,0
6528,FF-34-CAM-4,35846.795521512,35846.796400278,35846.848134315,38.3330078125,38.3330078125,0,,0
6530,FF-34-CAM-4,35847.177771177,35847.178933183,35847.270807097,38.3330078125,38.3330078125,0,,0
6532,FF-34-CAM-4,35847.618329026,35847.62185633,35847.682271307,38.3330078125,38.3330078125,0,,0
6534,FF-34-CAM-4,35848.023364191,35848.025500462,35848.087222949,38.3330078125,38.3330078125,0,,0
6536,FF-34-CAM-4,35848.420311953,35848.421039318,35848.472526129,38.3330078125,38.3330078125,0,,0
6538,FF-34-CAM-4,35848.80529353,35848.806202393,35848.876127535,38.3330078125,38.3330078125,0,,0
6540,FF-34-CAM-4,35849.217151694,35849.218089805,35849.292914927,38.3330078125,38.3330078125,0,,0
6542,FF-34-CAM-4,35849.665428783,35849.666697621,35849.711653059,38.3330078125,38.3330078125,0,,0
6544,FF-34-CAM-4,35850.03559369,35850.038112409,35850.094781903,38.3330078125,38.3330078125,0,,0
6546,FF-34-CAM-4,35850.434171843,35850.436957733,35850.521487084,38.3330078125,38.3330078125,0,,0
6548,FF-34-CAM-4,35850.807256773,35850.808432656,35850.91214192,38.3330078125,38.3330078125,0,,0
6550,FF-34-CAM-4,35851.235475616,35851.237402272,35851.277915006,38.3330078125,38.3330078125,0,,0
6552,FF-34-CAM-4,35851.572225026,35851.573319403,35851.645308131,38.3330078125,38.3330078125,0,,0
6554,FF-34-CAM-4,35851.931301665,35851.932109917,35851.995092338,38.3330078125,38.3330078125,0,,0
6556,FF-34-CAM-4,35852.317236918,35852.318379655,35852.380861868,38.3330078125,38.3330078125,0,,0
6558,FF-34-CAM-4,35852.693814182,35852.696694349,35852.7568112,38.3330078125,38.3330078125,0,,0
6560,FF-34-CAM-4,35853.098763305,35853.100051148,35853.147337516,38.3330078125,38.3330078125,0,,0
6562,FF-34-CAM-4,35853.441149903,35853.443339078,35853.53502256,38.3330078125,38.3330078125,0,,0
6564,FF-34-CAM-4,35853.864170244,35853.867154939,35853.934302067,38.3330078125,38.3330078125,0,,0
6566,FF-34-CAM-4,35854.358194759,35854.360813264,35854.427596919,38.3330078125,38.3330078125,0,,0
6568,FF-34-CAM-4,35854.9278666,35854.929023324,35855.005251934,38.3330078125,38.3330078125,0,,0
6570,FF-34-CAM-4,35855.404084832,35855.405521037,35855.449135212,38.3330078125,38.3330078125,0,,0
6572,FF-34-CAM-4,35855.795927194,35855.797292914,35855.868567682,38.3330078125,38.3330078125,0,,0
6574,FF-34-CAM-4,35856.204482489,35856.207108241,35856.283662818,38.3330078125,38.3330078125,0,,0
6576,FF-34-CAM-4,35856.679015911,35856.679968088,35856.732471469,38.3330078125,38.3330078125,0,,0
6578,FF-34-CAM-4,35857.076058188,35857.076879271,35857.13098105,38.3330078125,38.3330078125,0,,0
6580,FF-34-CAM-4,35857.482890646,35857.483811471,35857.5586732,38.3330078125,38.3330078125,0,,0
6582,FF-34-CAM-4,35857.878553842,35857.880371164,35857.943472113,38.3330078125,38.3330078125,0,,0
6584,FF-34-CAM-4,35858.26344386,35858.264461932,35858.311798072,38.3330078125,38.3330078125,0,,0
6586,FF-34-CAM-4,35858.627506336,35858.629553086,35858.728968559,38.3330078125,38.3330078125,0,,0
6588,FF-34-CAM-4,35859.070423075,35859.074067354,35859.118089368,38.3330078125,38.3330078125,0,,0
6590,FF-34-CAM-4,35859.459552949,35859.460918015,35859.513614299,38.3330078125,38.3330078125,0,,0
6592,FF-34-CAM-4,35859.841257445,35859.843772992,35859.95212925,38.3330078125,38.3330078125,0,,0
6594,FF-34-CAM-4,35860.258211648,35860.259688254,35860.32506632,38.3330078125,38.3330078125,0,,0
6596,FF-34-CAM-4,35860.633969457,35860.635502107,35860.708269194,38.3330078125,38.3330078125,0,,0
6598,FF-34-CAM-4,35861.028976446,35861.030385297,35861.077547164,38.3330078125,38.3330078125,0,,0
6600,FF-34-CAM-4,35861.430219398,35861.4312706,35861.505487167,38.3330078125,38.3330078125,0,,0
6602,FF-34-CAM-4,35861.839844281,35861.840712304,35861.89365094,38.3330078125,38.3330078125,0,,0
6604,FF-34-CAM-4,35862.176152975,35862.177056749,35862.237402697,38.3330078125,38.3330078125,0,,0
6606,FF-34-CAM-4,35862.605376618,35862.606751347,35862.717826065,38.3330078125,38.3330078125,0,,0
6608,FF-34-CAM-4,35863.012912328,35863.013901232,35863.077168369,38.3330078125,38.3330078125,0,,0
6610,FF-34-CAM-4,35863.424462184,35863.425719253,35863.481755466,38.3330078125,38.3330078125,0,,0
6612,FF-34-CAM-4,35863.818327579,35863.81958975,35863.876758929,38.3330078125,38.3330078125,0,,0
6614,FF-34-CAM-4,35864.173769359,35864.175911079,35864.229110195,38.3330078125,38.3330078125,0,,0
6616,FF-34-CAM-4,35864.580553085,35864.581308178,35864.623650988,38.3330078125,38.3330078125,0,,0
6618,FF-34-CAM-4,35864.992447255,35864.993777368,35865.044541857,38.3330078125,38.3330078125,0,,0
6620,FF-34-CAM-4,35865.481329392,35865.482656997,35865.584107322,38.3330078125,38.3330078125,0,,0
6622,FF-34-CAM-4,35865.872422305,35865.874949567,35865.93563427,38.3330078125,38.3330078125,0,,0
6624,FF-34-CAM-4,35866.250601969,35866.251415542,35866.304241897,38.3330078125,38.3330078125,0,,0
6626,FF-34-CAM-4,35866.628439544,35866.629607507,35866.689859723,38.3330078125,38.3330078125,0,,0
6628,FF-34-CAM-4,35867.176878379,35867.177999178,35867.237694066,38.3330078125,38.3330078125,0,,0
6630,FF-34-CAM-4,35867.577072847,35867.577892858,35867.62152333,38.3330078125,38.3330078125,0,,0
6632,FF-34-CAM-4,35868.034818044,35868.036170937,35868.100495336,38.3330078125,38.3330078125,0,,0
6634,FF-34-CAM-4,35868.416345735,35868.41821836,35868.493289555,38.3330078125,38.3330078125,0,,0
6636,FF-34-CAM-4,35868.862792154,35868.864576956,35868.928048589,38.3330078125,38.3330078125,0,,0
6638,FF-34-CAM-4,35869.292190305,35869.29346621,35869.407361627,38.3330078125,38.3330078125,0,,0
6640,FF-34-CAM-4,35869.801243624,35869.802702052,35869.854475084,38.3330078125,38.3330078125,0,,0
6642,FF-34-CAM-4,35870.228580805,35870.229343112,35870.314293719,38.3330078125,38.3330078125,0,,0
6644,FF-34-CAM-4,35870.666687813,35870.670668009,35870.716497781,38.3330078125,38.3330078125,0,,0
6646,FF-34-CAM-4,35871.129406662,35871.131378357,35871.190414471,38.3330078125,38.3330078125,0,,0
6648,FF-34-CAM-4,35871.527029128,35871.52835804,35871.572347044,38.3330078125,38.3330078125,0,,0
6650,FF-34-CAM-4,35871.938369264,35871.944318765,35872.000619599,38.3330078125,38.3330078125,0,,0
6652,FF-34-CAM-4,35872.365334742,35872.366634184,35872.427753295,38.3330078125,38.3330078125,0,,0
6654,FF-34-CAM-4,35872.791206906,35872.792365479,35872.855654567,38.3330078125,38.3330078125,0,,0
6656,FF-34-CAM-4,35873.229361972,35873.233732286,35873.356762811,38.3330078125,38.3330078125,0,,0
6658,FF-34-CAM-4,35873.743454551,35873.744969954,35873.810331015,38.3330078125,38.3330078125,0,,0
6660,FF-34-CAM-4,35874.159197802,35874.160800487,35874.216114752,38.3330078125,38.3330078125,0,,0
6662,FF-34-CAM-4,35874.612087628,35874.613582559,35874.673648133,38.3330078125,38.3330078125,0,,0
6664,FF-34-CAM-4,35875.056157396,35875.058035781,35875.180069025,38.3330078125,38.3330078125,0,,0
6666,FF-34-CAM-4,35875.521651519,35875.522361623,35875.580907938,38.3330078125,38.3330078125,0,,0
6668,FF-34-CAM-4,35875.991049636,35875.993561547,35876.029233066,38.3330078125,38.3330078125,0,,0
6670,FF-34-CAM-4,35876.409730314,35876.410614222,35876.483851818,38.3330078125,38.3330078125,0,,0
6672,FF-34-CAM-4,35876.869347072,35876.870946875,35876.931128257,38.3330078125,38.3330078125,0,,0
6674,FF-34-CAM-4,35877.306694766,35877.307849066,35877.36826772,38.3330078125,38.3330078125,0,,0
6676,FF-34-CAM-4,35877.772759844,35877.775235167,35877.870058274,38.3330078125,38.3330078125,0,,0
6678,FF-34-CAM-4,35878.212334968,35878.213069306,35878.266271209,38.3330078125,38.3330078125,0,,0
6680,FF-34-CAM-4,35878.64427861,35878.645646327,35878.712115481,38.3330078125,38.3330078125,0,,0
6682,FF-34-CAM-4,35879.08433095,35879.085472728,35879.154421502,38.3330078125,38.3330078125,0,,0
6684,FF-34-CAM-4,35879.587528856,35879.589965167,35879.662278915,38.3330078125,38.3330078125,0,,0
6686,FF-34-CAM-4,35879.977756707,35879.978794945,35880.03260537,38.3330078125,38.3330078125,0,,0
6688,FF-34-CAM-4,35880.400299135,35880.401555678,35880.503995822,38.3330078125,38.3330078125,0,,0
6690,FF-34-CAM-4,35880.853476387,35880.854329136,35880.897748577,38.3330078125,38.3330078125,0,,0
6692,FF-34-CAM-4,35881.270776691,35881.271702015,35881.33077589,38.3330078125,38.3330078125,0,,0
6694,FF-34-CAM-4,35881.679410453,35881.680779022,35881.723523147,38.3330078125,38.3330078125,0,,0
6696,FF-34-CAM-4,35882.068039052,35882.069224597,35882.123491337,38.3330078125,38.3330078125,0,,0
6698,FF-34-CAM-4,35882.508735597,35882.510028689,35882.590262966,38.3330078125,38.3330078125,0,,0
6700,FF-34-CAM-4,35882.924201846,35882.925154997,35882.984230476,38.3330078125,38.3330078125,0,,0
6702,FF-34-CAM-4,35883.316694421,35883.318419984,35883.391575238,38.3330078125,38.3330078125,0,,0
6704,FF-34-CAM-4,35883.803196224,35883.805489754,35883.847336995,38.3330078125,38.3330078125,0,,0
6706,FF-34-CAM-4,35884.177413392,35884.178889881,35884.239654413,38.3330078125,38.3330078125,0,,0
6708,FF-34-CAM-4,35884.566495832,35884.567585126,35884.626265621,38.3330078125,38.3330078125,0,,0
6710,FF-34-CAM-4,35885.014831954,35885.016313205,35885.06168942,38.3330078125,38.3330078125,0,,0
6712,FF-34-CAM-4,35885.405157941,35885.406590336,35885.465377142,38.3330078125,38.3330078125,0,,0
6714,FF-34-CAM-4,35885.789032464,35885.79034886,35885.851255557,38.3330078125,38.3330078125,0,,0
6716,FF-34-CAM-4,35886.167435614,35886.168252116,35886.263566321,38.3330078125,38.3330078125,0,,0
6718,FF-34-CAM-4,35886.618227785,35886.619245882,35886.6791249,38.3330078125,38.3330078125,0,,0
6720,FF-34-CAM-4,35887.066436682,35887.067086007,35887.138090342,38.3330078125,38.3330078125,0,,0
6722,FF-34-CAM-4,35887.548406786,35887.550091259,35887.621626686,38.3330078125,38.3330078125,0,,0
6724,FF-34-CAM-4,35887.998693561,35887.99983024,35888.056986104,38.3330078125,38.3330078125,0,,0
6726,FF-34-CAM-4,35888.429026579,35888.43028529,35888.490212792,38.3330078125,38.3330078125,0,,0
6728,FF-34-CAM-4,35888.818487647,35888.821226488,35888.87423552,38.3330078125,38.3330078125,0,,0
6730,FF-34-CAM-4,35889.219953788,35889.220735225,35889.310755273,38.3330078125,38.3330078125,0,,0
6732,FF-34-CAM-4,35889.691682529,35889.692825867,35889.747588406,38.3330078125,38.3330078125,0,,0
6734,FF-34-CAM-4,35890.085919604,35890.087372123,35890.140604945,38.3330078125,38.3330078125,0,,0
6736,FF-34-CAM-4,35890.508172917,35890.509628524,35890.640139019,38.3330078125,38.3330078125,0,,0
6738,FF-34-CAM-4,35890.97752329,35890.979825921,35891.042606869,38.3330078125,38.3330078125,0,,0
6740,FF-34-CAM-4,35891.391350503,35891.39246957,35891.453491472,38.3330078125,38.3330078125,0,,0
6742,FF-34-CAM-4,35891.831929434,35891.833381295,35891.895569183,38.3330078125,38.3330078125,0,,0
6744,FF-34-CAM-4,35892.214343816,35892.215876703,35892.303456606,38.3330078125,38.3330078125,0,,0
6746,FF-34-CAM-4,35892.704016258,35892.705307284,35892.759802392,38.3330078125,38.3330078125,0,,0
6748,FF-34-CAM-4,35893.175899396,35893.176945395,35893.215859561,38.3330078125,38.3330078125,0,,0
6750,FF-34-CAM-4,35893.571943355,35893.573574128,35893.630587478,38.3330078125,38.3330078125,0,,0
6752,FF-34-CAM-4,35894.010639806,35894.011750984,35894.077068857,38.3330078125,38.3330078125,0,,0
6754,FF-34-CAM-4,35894.421253615,35894.425525429,35894.53347662,38.3330078125,38.3330078125,0,,0
6756,FF-34-CAM-4,35894.904237068,35894.905082359,35894.9858507,38.3330078125,38.3330078125,0,,0
6758,FF-34-CAM-4,35895.296577641,35895.297929255,35895.373117842,38.3330078125,38.3330078125,0,,0
6760,FF-34-CAM-4,35895.706136188,35895.70923819,35895.795860052,38.3330078125,38.3330078125,0,,0
6762,FF-34-CAM-4,35896.200864832,35896.201823232,35896.252502977,38.3330078125,38.3330078125,0,,0
6764,FF-34-CAM-4,35896.639690998,35896.641951262,35896.711794204,38.3330078125,38.3330078125,0,,0
6766,FF-34-CAM-4,35897.040354212,35897.042393978,35897.096228156,38.3330078125,38.3330078125,0,,0
6768,FF-34-CAM-4,35897.503555986,35897.504205821,35897.550088587,38.3330078125,38.3330078125,0,,0
6770,FF-34-CAM-4,35897.911129935,35897.9130646,35898.032473788,38.3330078125,38.3330078125,0,,0
6772,FF-34-CAM-4,35898.476275421,35898.478962914,35898.538230964,38.3330078125,38.3330078125,0,,0
6774,FF-34-CAM-4,35898.894936792,35898.896062715,35898.998382114,38.3330078125,38.3330078125,0,,0
6776,FF-34-CAM-4,35899.364073185,35899.365238694,35899.428440766,38.3330078125,38.3330078125,0,,0
6778,FF-34-CAM-4,35899.779597583,35899.780552025,35899.833693378,38.3330078125,38.3330078125,0,,0
6780,FF-34-CAM-4,35900.278636315,35900.281370819,35900.342158124,38.3330078125,38.3330078125,0,,0
6782,FF-34-CAM-4,35900.721818516,35900.727304735,35900.795926787,38.3330078125,38.3330078125,0,,0
6784,FF-34-CAM-4,35901.190038669,35901.190997818,35901.261657978,38.3330078125,38.3330078125,0,,0
6786,FF-34-CAM-4,35901.590270298,35901.591246814,35901.654031184,38.3330078125,38.3330078125,0,,0
6788,FF-34-CAM-4,35902.044657373,35902.04904139,35902.161191375,38.3330078125,38.3330078125,0,,0
6790,FF-34-CAM-4,35902.542134706,35902.543738279,35902.601329142,38.3330078125,38.3330078125,0,,0
6792,FF-34-CAM-4,35902.993410311,35902.995113828,35903.073321987,38.3330078125,38.3330078125,0,,0
6794,FF-34-CAM-4,35903.438193857,35903.439620172,35903.49953305,38.3330078125,38.3330078125,0,,0
6796,FF-34-CAM-4,35903.889130741,35903.89160494,35903.989626547,38.3330078125,38.3330078125,0,,0
6798,FF-34-CAM-4,35904.340587838,35904.342192817,35904.397190016,38.3330078125,38.3330078125,0,,0
6800,FF-34-CAM-4,35904.78611398,35904.787261209,35904.839650058,38.3330078125,38.3330078125,0,,0
6802,FF-34-CAM-4,35905.216888551,35905.218258485,35905.317524382,38.3330078125,38.3330078125,0,,0
6804,FF-34-CAM-4,35905.736751219,35905.737989931,35905.801529069,38.3330078125,38.3330078125,0,,0
6806,FF-34-CAM-4,35906.174734206,35906.175916865,35906.24396569,38.3330078125,38.3330078125,0,,0
6808,FF-34-CAM-4,35906.586241663,35906.587566408,35906.65367822,38.3330078125,38.3330078125,0,,0
6810,FF-34-CAM-4,35907.027097328,35907.028248917,35907.09040232,38.3330078125,38.3330078125,0,,0
6812,FF-34-CAM-4,35907.424509544,35907.430394651,35907.49081218,38.3330078125,38.3330078125,0,,0
6814,FF-34-CAM-4,35907.876269891,35907.877081878,35907.918513917,38.3330078125,38.3330078125,0,,0
6816,FF-34-CAM-4,35908.248857132,35908.256430885,35908.312611727,38.3330078125,38.3330078125,0,,0
6818,FF-34-CAM-4,35908.689035782,35908.689946192,35908.788727335,38.3330078125,38.3330078125,0,,0
6820,FF-34-CAM-4,35909.136472348,35909.137735166,35909.191392222,38.3330078125,38.3330078125,0,,0
6822,FF-34-CAM-4,35909.517353298,35909.518578181,35909.5666836,38.3330078125,38.3330078125,0,,0
6824,FF-34-CAM-4,35909.960776707,35909.962310072,35910.019670268,38.3330078125,38.3330078125,0,,0
6826,FF-34-CAM-4,35910.345851943,35910.346980477,35910.460284014,38.3330078125,38.3330078125,0,,0
6828,FF-34-CAM-4,35910.842160032,35910.843955021,35910.899371323,38.3330078125,38.3330078125,0,,0
6830,FF-34-CAM-4,35911.248407468,35911.249602679,35911.303993543,38.3330078125,38.3330078125,0,,0
6832,FF-34-CAM-4,35911.664904692,35911.666623523,35911.727595354,38.3330078125,38.3330078125,0,,0
6834,FF-34-CAM-4,35912.130145223,35912.131384186,35912.210977582,38.3330078125,38.3330078125,0,,0
6836,FF-34-CAM-4,35912.585367545,35912.586323577,35912.639762166,38.3330078125,38.3330078125,0,,0
6838,FF-34-CAM-4,35912.962246271,35912.964784055,35913.016045831,38.3330078125,38.3330078125,0,,0
6840,FF-34-CAM-4,35913.397813444,35913.398930729,35913.492801665,38.3330078125,38.3330078125,0,,0
6842,FF-34-CAM-4,35913.791913079,35913.792621837,35913.838705879,38.3330078125,38.3330078125,0,,0
6844,FF-34-CAM-4,35914.180555412,35914.181570234,35914.217855554,38.3330078125,38.3330078125,0,,0
6846,FF-34-CAM-4,35914.539748006,35914.541656224,35914.596985365,38.3330078125,38.3330078125,0,,0
6848,FF-34-CAM-4,35914.938353977,35914.93952657,35914.990471406,38.3330078125,38.3330078125,0,,0
6850,FF-34-CAM-4,35915.302579923,35915.303636067,35915.353563545,38.3330078125,38.3330078125,0,,0
6852,FF-34-CAM-4,35915.713092363,35915.716170904,35915.765820221,38.3330078125,38.3330078125,0,,0
6854,FF-34-CAM-4,35916.067692849,35916.069688369,35916.116764378,38.3330078125,38.3330078125,0,,0
6856,FF-34-CAM-4,35916.464451451,35916.465594177,35916.516239729,38.3330078125,38.3330078125,0,,0
6858,FF-34-CAM-4,35916.820711209,35916.823919518,35916.875476351,38.3330078125,38.3330078125,0,,0
6860,FF-34-CAM-4,35917.224441142,35917.225906119,35917.288021069,38.3330078125,38.3330078125,0,,0
6862,FF-34-CAM-4,35917.581558265,35917.583771727,35917.632407862,38.3330078125,38.3330078125,0,,0
6864,FF-34-CAM-4,35917.996200148,35917.997075751,35918.066049813,38.3330078125,38.3330078125,0,,0
6866,FF-34-CAM-4,35918.373611801,35918.375066644,35918.422804253,38.3330078125,38.3330078125,0,,0
6868,FF-34-CAM-4,35918.691520762,35918.692369945,35918.731877669,38.3330078125,38.3330078125,0,,0
6870,FF-34-CAM-4,35919.069736753,35919.072430104,35919.136046589,38.3330078125,38.3330078125,0,,0
6872,FF-34-CAM-4,35919.51252374,35919.513452368,35919.57376127,38.3330078125,38.3330078125,0,,0
6874,FF-34-CAM-4,35919.912738977,35919.915102261,35919.954150421,38.3330078125,38.3330078125,0,,0
6876,FF-34-CAM-4,35920.304431669,35920.306980932,35920.371498088,38.3330078125,38.3330078125,0,,0
6878,FF-34-CAM-4,35920.653654958,35920.654458474,35920.718522467,38.3330078125,38.3330078125,0,,0
6880,FF-34-CAM-4,35921.037047604,35921.038606125,35921.09683907,38.3330078125,38.3330078125,0,,0
6882,FF-34-CAM-4,35921.401362462,35921.402212318,35921.458391578,38.3330078125,38.3330078125,0,,0
6884,FF-34-CAM-4,35921.811193808,35921.815885857,35921.873317312,38.3330078125,38.3330078125,0,,0
6886,FF-34-CAM-4,35922.151985057,35922.152810908,35922.220259648,38.3330078125,38.3330078125,0,,0
6888,FF-34-CAM-4,35922.560304963,35922.564324016,35922.603810976,38.3330078125,38.3330078125,0,,0
6890,FF-34-CAM-4,35922.934184603,35922.935382259,35922.992239712,38.3330078125,38.3330078125,0,,0
6892,FF-34-CAM-4,35923.316651653,35923.317592361,35923.400039833,38.3330078125,38.3330078125,0,,0
6894,FF-34-CAM-4,35923.706981012,35923.708275659,35923.777453553,38.3330078125,38.3330078125,0,,0
6896,FF-34-CAM-4,35924.134494334,35924.135494816,35924.203885018,38.3330078125,38.3330078125,0,,0
6898,FF-34-CAM-4,35924.516987009,35924.520286253,35924.56445291,38.3330078125,38.3330078125,0,,0
6900,FF-34-CAM-4,35924.846710034,35924.849810007,35924.919422336,38.3330078125,38.3330078125,0,,0
6902,FF-34-CAM-4,35925.21735184,35925.217932651,35925.269853162,38.3330078125,38.3330078125,0,,0
6904,FF-34-CAM-4,35925.578303846,35925.579395724,35925.616553472,38.3330078125,38.3330078125,0,,0
6906,FF-34-CAM-4,35925.888324344,35925.88926358,35925.978292091,38.3330078125,38.3330078125,0,,0
6908,FF-34-CAM-4,35926.256637934,35926.257479661,35926.308750296,38.3330078125,38.3330078125,0,,0
6910,FF-34-CAM-4,35926.645502284,35926.646530269,35926.703158446,38.3330078125,38.3330078125,0,,0
6912,FF-34-CAM-4,35927.055436262,35927.056605759,35927.087925611,38.3330078125,38.3330078125,0,,0
6914,FF-34-CAM-4,35927.419311429,35927.420200814,35927.468865074,38.3330078125,38.3330078125,0,,0
6916,FF-34-CAM-4,35927.793873215,35927.794704756,35927.85574649,38.3330078125,38.3330078125,0,,0
6918,FF-34-CAM-4,35928.225210198,35928.226576566,35928.321865531,38.3330078125,38.3330078125,0,,0
6920,FF-34-CAM-4,35928.658356432,35928.661381622,35928.718070299,38.3330078125,38.3330078125,0,,0
6922,FF-34-CAM-4,35929.090781764,35929.0918225,35929.130724746,38.3330078125,38.3330078125,0,,0
6924,FF-34-CAM-4,35929.490644018,35929.492413656,35929.549102638,38.3330078125,38.3330078125,0,,0
6926,FF-34-CAM-4,35929.927976713,35929.931772237,35929.992179121,38.3330078125,38.3330078125,0,,0
6928,FF-34-CAM-4,35930.295116651,35930.296175562,35930.337450215,38.3330078125,38.3330078125,0,,0
6930,FF-34-CAM-4,35930.637580719,35930.63988225,35930.708868689,38.3330078125,38.3330078125,0,,0
6932,FF-34-CAM-4,35931.019663048,35931.020747231,35931.068711161,38.3330078125,38.3330078125,0,,0
6934,FF-34-CAM-4,35931.373216427,35931.376974671,35931.426030254,38.3330078125,38.3330078125,0,,0
6936,FF-34-CAM-4,35931.768340045,35931.769100473,35931.850371974,38.3330078125,38.3330078125,0,,0
6938,FF-34-CAM-4,35932.168159145,35932.169519377,35932.209432207,38.3330078125,38.3330078125,0,,0
6940,FF-34-CAM-4,35932.520208225,35932.521842763,35932.597110048,38.3330078125,38.3330078125,0,,0
6942,FF-34-CAM-4,35932.936155436,35932.93749603,35932.989944463,38.3330078125,38.3330078125,0,,0
6944,FF-34-CAM-4,35933.273529813,35933.274554198,35933.319977201,38.3330078125,38.3330078125,0,,0
6946,FF-34-CAM-4,35933.633303799,35933.634242555,35933.699447641,38.3330078125,38.3330078125,0,,0
6948,FF-34-CAM-4,35933.988337267,35933.991810274,35934.042748765,38.3330078125,38.3330078125,0,,0
6950,FF-34-CAM-4,35934.336922994,35934.337886583,35934.394140868,38.3330078125,38.3330078125,0,,0
6952,FF-34-CAM-4,35934.632252464,35934.633366656,35934.708107854,38.3330078125,38.3330078125,0,,0
6954,FF-34-CAM-4,35934.999699831,35935.000990658,35935.082023127,38.3330078125,38.3330078125,0,,0
6956,FF-34-CAM-4,35935.403364327,35935.404049949,35935.455036332,38.3330078125,38.3330078125,0,,0
6958,FF-34-CAM-4,35935.762265823,35935.763629809,35935.806534699,38.3330078125,38.3330078125,0,,0
6960,FF-34-CAM-4,35936.144469757,35936.145468317,35936.208022449,38.3330078125,38.3330078125,0,,0
6962,FF-34-CAM-4,35936.528628241,35936.530267057,35936.581414845,38.3330078125,38.3330078125,0,,0
6964,FF-34-CAM-4,35936.867560684,35936.869456032,35936.924926116,38.3330078125,38.3330078125,0,,0
6966,FF-34-CAM-4,35937.208808608,35937.209692821,35937.265097349,38.3330078125,38.3330078125,0,,0
6968,FF-34-CAM-4,35937.554579936,35937.555348607,35937.621580347,38.3330078125,38.3330078125,0,,0
6970,FF-34-CAM-4,35937.941742594,35937.942942149,35938.005148779,38.3330078125,38.3330078125,0,,0
6972,FF-34-CAM-4,35938.282226215,35938.283084492,35938.345251983,38.3330078125,38.3330078125,0,,0
6974,FF-34-CAM-4,35938.774577928,35938.775372849,35938.814615535,38.3330078125,38.3330078125,0,,0
6976,FF-34-CAM-4,35939.138968239,35939.140062626,35939.215643196,38.3330078125,38.3330078125,0,,0
6978,FF-34-CAM-4,35939.498795772,35939.499572371,35939.539646599,38.3330078125,38.3330078125,0,,0
6980,FF-34-CAM-4,35939.769358555,35939.770413122,35939.809292549,38.3330078125,38.3330078125,0,,0
6982,FF-34-CAM-4,35940.082898443,35940.089089778,35940.152778679,38.3330078125,38.3330078125,0,,0
6984,FF-34-CAM-4,35940.438092515,35940.438972406,35940.479987797,38.3330078125,38.3330078125,0,,0
6986,FF-34-CAM-4,35940.818161006,35940.819379927,35940.877761084,38.3330078125,38.3330078125,0,,0
6988,FF-34-CAM-4,35941.205963297,35941.207126257,35941.248564307,38.3330078125,38.3330078125,0,,0
6990,FF-34-CAM-4,35941.574134791,35941.574955961,35941.628405568,38.3330078125,38.3330078125,0,,0
6992,FF-34-CAM-4,35941.920760596,35941.92262731,35941.975054609,38.3330078125,38.3330078125,0,,0
6994,FF-34-CAM-4,35942.269400783,35942.270357723,35942.322674847,38.3330078125,38.3330078125,0,,0
6996,FF-34-CAM-4,35942.615543566,35942.617457028,35942.734614081,38.3330078125,38.3330078125,0,,0
6998,FF-34-CAM-4,35943.044979684,35943.045890528,35943.092158886,38.3330078125,38.3330078125,0,,0
7000,FF-34-CAM-4,35943.379035092,35943.381872569,35943.474432078,38.3330078125,38.3330078125,0,,0
7002,FF-34-CAM-4,35943.807806083,35943.809517129,35943.871912658,38.3330078125,38.3330078125,0,,0
7004,FF-34-CAM-4,35944.123548431,35944.124837097,35944.172145842,38.3330078125,38.3330078125,0,,0
7006,FF-34-CAM-4,35944.463146643,35944.464099261,35944.564439046,38.3330078125,38.3330078125,0,,0
7008,FF-34-CAM-4,35944.869470501,35944.872034667,35944.928139752,38.3330078125,38.3330078125,0,,0
7010,FF-34-CAM-4,35945.229798616,35945.230911719,35945.271126002,38.3330078125,38.3330078125,0,,0
7012,FF-34-CAM-4,35945.62688713,35945.628042759,35945.699436127,38.3330078125,38.3330078125,0,,0
7014,FF-34-CAM-4,35945.983767601,35945.984706468,35946.033355723,38.3330078125,38.3330078125,0,,0
7016,FF-34-CAM-4,35946.275410744,35946.276684817,35946.320021585,38.3330078125,38.3330078125,0,,0
7018,FF-34-CAM-4,35946.6314036,35946.632214797,35946.678333919,38.3330078125,38.3330078125,0,,0
7020,FF-34-CAM-4,35946.95675607,35946.957967787,35947.01344251,38.3330078125,38.3330078125,0,,0
7022,FF-34-CAM-4,35947.344633159,35947.345614907,35947.386424197,38.3330078125,38.3330078125,0,,0
7024,FF-34-CAM-4,35947.751507491,35947.754984243,35947.80283044,38.3330078125,38.3330078125,0,,0
7026,FF-34-CAM-4,35948.114321995,35948.115295807,35948.201605951,38.3330078125,38.3330078125,0,,0
7028,FF-34-CAM-4,35948.568543526,35948.569498842,35948.625438815,38.3330078125,38.3330078125,0,,0
7030,FF-34-CAM-4,35948.963945761,35948.965718153,35949.012412198,38.3330078125,38.3330078125,0,,0
7032,FF-34-CAM-4,35949.364081563,35949.364869744,35949.428298201,38.3330078125,38.3330078125,0,,0
7034,FF-34-CAM-4,35949.700596067,35949.701659139,35949.7484736,38.3330078125,38.3330078125,0,,0
7036,FF-34-CAM-4,35950.042662317,35950.043315483,35950.080110866,38.3330078125,38.3330078125,0,,0
7038,FF-34-CAM-4,35950.450420147,35950.451484623,35950.528894488,38.3330078125,38.3330078125,0,,0
7040,FF-34-CAM-4,35950.834762305,35950.835765547,35950.880799409,38.3330078125,38.3330078125,0,,0
7042,FF-34-CAM-4,35951.190603689,35951.191482277,35951.229169883,38.3330078125,38.3330078125,0,,0
7044,FF-34-CAM-4,35951.547495667,35951.548312329,35951.597552408,38.3330078125,38.3330078125,0,,0
7046,FF-34-CAM-4,35951.938683522,35951.939806431,35952.002954247,38.3330078125,38.3330078125,0,,0
7048,FF-34-CAM-4,35952.297319919,35952.298133938,35952.353388778,38.3330078125,38.3330078125,0,,0
7050,FF-34-CAM-4,35952.616047705,35952.616829896,35952.687979108,38.3330078125,38.3330078125,0,,0
7052,FF-34-CAM-4,35952.954073416,35952.955301394,35953.007944665,38.3330078125,38.3330078125,0,,0
7054,FF-34-CAM-4,35953.315968311,35953.317356782,35953.411630991,38.3330078125,38.3330078125,0,,0
7056,FF-34-CAM-4,35953.745720049,35953.749433982,35953.820949607,38.3330078125,38.3330078125,0,,0
7058,FF-34-CAM-4,35954.133033106,35954.1354488,35954.20849256,38.3330078125,38.3330078125,0,,0
7060,FF-34-CAM-4,35954.522955967,35954.525792206,35954.594303222,38.3330078125,38.3330078125,0,,0
7062,FF-34-CAM-4,35954.97551403,35954.977253649,35955.021494671,38.3330078125,38.3330078125,0,,0
7064,FF-34-CAM-4,35955.310684526,35955.312428342,35955.37820388,38.3330078125,38.3330078125,0,,0
7066,FF-34-CAM-4,35955.718070413,35955.718891915,35955.785140446,38.3330078125,38.3330078125,0,,0
7068,FF-34-CAM-4,35956.11687638,35956.118125665,35956.165808068,38.3330078125,38.3330078125,0,,0
7070,FF-34-CAM-4,35956.497110068,35956.498742047,35956.568924929,38.3330078125,38.3330078125,0,,0
7072,FF-34-CAM-4,35956.908058842,35956.908956984,35956.959302745,38.3330078125,38.3330078125,0,,0
7074,FF-34-CAM-4,35957.247158466,35957.249307062,35957.287384332,38.3330078125,38.3330078125,0,,0
7076,FF-34-CAM-4,35957.675628799,35957.676700431,35957.75524009,38.3330078125,38.3330078125,0,,0
7078,FF-34-CAM-4,35958.116211334,35958.119288655,35958.194145309,38.3330078125,38.3330078125,0,,0
7080,FF-34-CAM-4,35958.556186981,35958.55708956,35958.616873683,38.3330078125,38.3330078125,0,,0
7082,FF-34-CAM-4,35958.995915427,35958.997472156,35959.058401696,38.3330078125,38.3330078125,0,,0
7084,FF-34-CAM-4,35959.415887107,35959.417182095,35959.479800915,38.3330078125,38.3330078125,0,,0
7086,FF-34-CAM-4,35959.864943477,35959.870741036,35959.915214712,38.3330078125,38.3330078125,0,,0
7088,FF-34-CAM-4,35960.279634863,35960.280433032,35960.340136042,38.3330078125,38.3330078125,0,,0
7090,FF-34-CAM-4,35960.671344935,35960.672506851,35960.754785983,38.3330078125,38.3330078125,0,,0
7092,FF-34-CAM-4,35961.089585008,35961.090659605,35961.14578806,38.3330078125,38.3330078125,0,,0
7094,FF-34-CAM-4,35961.486488341,35961.488264292,35961.663238382,38.3330078125,38.3330078125,0,,0
7096,FF-34-CAM-4,35962.112774215,35962.114049447,35962.163637988,38.3330078125,38.3330078125,0,,0
7098,FF-34-CAM-4,35962.572729228,35962.573846454,35962.640316047,38.3330078125,38.3330078125,0,,0
7100,FF-34-CAM-4,35962.982863815,35962.983711671,35963.06904342,38.3330078125,38.3330078125,0,,0
7102,FF-34-CAM-4,35963.450265184,35963.452097911,35963.526788305,38.3330078125,38.3330078125,0,,0
7104,FF-34-CAM-4,35963.83368931,35963.834415662,35963.904441608,38.3330078125,38.3330078125,0,,0
7106,FF-34-CAM-4,35964.258694499,35964.259956571,35964.345268298,38.3330078125,38.3330078125,0,,0
7108,FF-34-CAM-4,35964.75510101,35964.756611869,35964.82022065,38.3330078125,38.3330078125,0,,0
7110,FF-34-CAM-4,35965.150866849,35965.151931491,35965.190203172,38.3330078125,38.3330078125,0,,0
7112,FF-34-CAM-4,35965.497170368,35965.498169623,35965.552638339,38.3330078125,38.3330078125,0,,0
7114,FF-34-CAM-4,35965.925662002,35965.927744546,35965.966452675,38.3330078125,38.3330078125,0,,0
7116,FF-34-CAM-4,35966.291947273,35966.292901756,35966.333716059,38.3330078125,38.3330078125,0,,0
7118,FF-34-CAM-4,35966.761596158,35966.76297328,35966.816880465,38.3330078125,38.3330078125,0,,0
7120,FF-34-CAM-4,35967.147318418,35967.148323629,35967.207635038,38.3330078125,38.3330078125,0,,0
7122,FF-34-CAM-4,35967.548759621,35967.550890102,35967.59696215,38.3330078125,38.3330078125,0,,0
7124,FF-34-CAM-4,35967.926895605,35967.928459277,35967.982029959,38.3330078125,38.3330078125,0,,0
7126,FF-34-CAM-4,35968.298136162,35968.299488774,35968.344590742,38.3330078125,38.3330078125,0,,0
7128,FF-34-CAM-4,35968.692150022,35968.692976593,35968.746301317,38.3330078125,38.3330078125,0,,0
7130,FF-34-CAM-4,35969.109906817,35969.111405419,35969.144476666,38.3330078125,38.3330078125,0,,0
7132,FF-34-CAM-4,35969.482491947,35969.483280755,35969.566828683,38.3330078125,38.3330078125,0,,0
7134,FF-34-CAM-4,35969.906024272,35969.907825658,35969.97358959,38.3330078125,38.3330078125,0,,0
7136,FF-34-CAM-4,35970.305091537,35970.306267926,35970.403266493,38.3330078125,38.3330078125,0,,0
7138,FF-34-CAM-4,35970.700246857,35970.701660557,35970.766348764,38.3330078125,38.3330078125,0,,0
7140,FF-34-CAM-4,35971.115824396,35971.118244049,35971.179891228,38.3330078125,38.3330078125,0,,0
7142,FF-34-CAM-4,35971.443658519,35971.44441954,35971.51983503,38.3330078125,38.3330078125,0,,0
7144,FF-34-CAM-4,35971.899319633,35971.901799757,35971.959949255,38.3330078125,38.3330078125,0,,0
7146,FF-34-CAM-4,35972.27666875,35972.278213899,35972.338029191,38.3330078125,38.3330078125,0,,0
7148,FF-34-CAM-4,35972.648042847,35972.653442255,35972.734126068,38.3330078125,38.3330078125,0,,0
7150,FF-34-CAM-4,35973.09456909,35973.096357226,35973.159912057,38.3330078125,38.3330078125,0,,0
7152,FF-34-CAM-4,35973.438120474,35973.438826581,35973.507315008,38.3330078125,38.3330078125,0,,0
7154,FF-34-CAM-4,35973.884761909,35973.886156723,35973.942072435,38.3330078125,38.3330078125,0,,0
7156,FF-34-CAM-4,35974.344813167,35974.347829996,35974.429794738,38.3330078125,38.3330078125,0,,0
7158,FF-34-CAM-4,35974.772820918,35974.773693562,35974.83459467,38.3330078125,38.3330078125,0,,0
7160,FF-34-CAM-4,35975.13677047,35975.138693265,35975.201757449,38.3330078125,38.3330078125,0,,0
7162,FF-34-CAM-4,35975.564507182,35975.566149845,35975.627942796,38.3330078125,38.3330078125,0,,0
7164,FF-34-CAM-4,35975.973818255,35975.974848074,35976.02755542,38.3330078125,38.3330078125,0,,0
7166,FF-34-CAM-4,35976.329691522,35976.334596112,35976.389169601,38.3330078125,38.3330078125,0,,0
7168,FF-34-CAM-4,35976.697353225,35976.698889139,35976.757377974,38.3330078125,38.3330078125,0,,0
7170,FF-34-CAM-4,35977.098419372,35977.107411816,35977.182380881,38.3330078125,38.3330078125,0,,0
7172,FF-34-CAM-4,35977.532343903,35977.533774969,35977.587713513,38.3330078125,38.3330078125,0,,0
7174,FF-34-CAM-4,35977.949683512,35977.951384223,35978.004202307,38.3330078125,38.3330078125,0,,0
7176,FF-34-CAM-4,35978.367935648,35978.369168258,35978.426892208,38.3330078125,38.3330078125,0,,0
7178,FF-34-CAM-4,35978.78304905,35978.784206388,35978.825871431,38.3330078125,38.3330078125,0,,0
7180,FF-34-CAM-4,35979.124405046,35979.125867927,35979.218566442,38.3330078125,38.3330078125,0,,0
7182,FF-34-CAM-4,35979.557240302,35979.559201216,35979.593196823,38.3330078125,38.3330078125,0,,0
7184,FF-34-CAM-4,35979.918913476,35979.920589632,35980.026757213,38.3330078125,38.3330078125,0,,0
7186,FF-34-CAM-4,35980.372610383,35980.373794397,35980.436946751,38.3330078125,38.3330078125,0,,0
7188,FF-34-CAM-4,35980.7367597,35980.737730248,35980.787428531,38.3330078125,38.3330078125,0,,0
7190,FF-34-CAM-4,35981.117516045,35981.122043167,35981.20373791,38.3330078125,38.3330078125,0,,0
7192,FF-34-CAM-4,35981.525386144,35981.526590582,35981.583724029,38.3330078125,38.3330078125,0,,0
7194,FF-34-CAM-4,35981.910932329,35981.912310694,35981.982397372,38.3330078125,38.3330078125,0,,0
7196,FF-34-CAM-4,35982.301118527,35982.302301328,35982.343138797,38.3330078125,38.3330078125,0,,0
7198,FF-34-CAM-4,35982.664898099,35982.665929222,35982.720578782,38.3330078125,38.3330078125,0,,0
7200,FF-34-CAM-4,35983.065620976,35983.067057079,35983.115292025,38.3330078125,38.3330078125,0,,0
7202,FF-34-CAM-4,35983.448016423,35983.449285353,35983.503734841,38.3330078125,38.3330078125,0,,0
7204,FF-34-CAM-4,35983.775245584,35983.777620829,35983.839279195,38.3330078125,38.3330078125,0,,0
7206,FF-34-CAM-4,35984.239689877,35984.24113262,35984.31133466,38.3330078125,38.3330078125,0,,0
7208,FF-34-CAM-4,35984.622787112,35984.623649998,35984.664794478,38.3330078125,38.3330078125,0,,0
7210,FF-34-CAM-4,35984.972468281,35984.975159005,35985.032461654,38.3330078125,38.3330078125,0,,0
7212,FF-34-CAM-4,35985.407237794,35985.407955687,35985.46915881,38.3330078125,38.3330078125,0,,0
7214,FF-34-CAM-4,35985.816381745,35985.817315592,35985.900460982,38.3330078125,38.3330078125,0,,0
7216,FF-34-CAM-4,35986.226902036,35986.22976264,35986.288892584,38.3330078125,38.3330078125,0,,0
7218,FF-34-CAM-4,35986.636648483,35986.639027245,35986.691636226,38.3330078125,38.3330078125,0,,0
7220,FF-34-CAM-4,35987.023120806,35987.023777876,35987.114688514,38.3330078125,38.3330078125,0,,0
7222,FF-34-CAM-4,35987.479074476,35987.480242779,35987.528039339,38.3330078125,38.3330078125,0,,0
7224,FF-34-CAM-4,35987.873054227,35987.87480045,35987.921526194,38.3330078125,38.3330078125,0,,0
7226,FF-34-CAM-4,35988.243139976,35988.244251441,35988.33790208,38.3330078125,38.3330078125,0,,0
7228,FF-34-CAM-4,35988.655541113,35988.656600747,35988.715842773,38.3330078125,38.3330078125,0,,0
7230,FF-34-CAM-4,35989.062991059,35989.063740073,35989.151755015,38.3330078125,38.3330078125,0,,0
7232,FF-34-CAM-4,35989.487676891,35989.493451523,35989.568426836,38.3330078125,38.3330078125,0,,0
7234,FF-34-CAM-4,35989.908048159,35989.910966036,35989.99823508,38.3330078125,38.3330078125,0,,0
7236,FF-34-CAM-4,35990.355679971,35990.35662443,35990.42295036,38.3330078125,38.3330078125,0,,0
7238,FF-34-CAM-4,35990.747587611,35990.749049042,35990.802547008,38.3330078125,38.3330078125,0,,0
7240,FF-34-CAM-4,35991.156908971,35991.158204279,35991.229204881,38.3330078125,38.3330078125,0,,0
7242,FF-34-CAM-4,35991.522068964,35991.524799486,35991.57996962,38.3330078125,38.3330078125,0,,0
7244,FF-34-CAM-4,35991.95777659,35991.958651284,35991.998937602,38.3330078125,38.3330078125,0,,0
7246,FF-34-CAM-4,35992.298592714,35992.301376642,35992.351069805,38.3330078125,38.3330078125,0,,0
7248,FF-34-CAM-4,35992.698446082,35992.699219202,35992.750416514,38.3330078125,38.3330078125,0,,0
7250,FF-34-CAM-4,35993.069372194,35993.070552398,35993.160074716,38.3330078125,38.3330078125,0,,0
7252,FF-34-CAM-4,35993.65056447,35993.653897666,35993.723192843,38.3330078125,38.3330078125,0,,0
7254,FF-34-CAM-4,35994.077433781,35994.078873204,35994.181118551,38.3330078125,38.3330078125,0,,0
7256,FF-34-CAM-4,35994.511878628,35994.512866401,35994.575376357,38.3330078125,38.3330078125,0,,0
7258,FF-34-CAM-4,35994.940942573,35994.94204017,35994.997863484,38.3330078125,38.3330078125,0,,0
7260,FF-34-CAM-4,35995.302669323,35995.30364008,35995.343645675,38.3330078125,38.3330078125,0,,0
7262,FF-34-CAM-4,35995.680652045,35995.681419566,35995.745865064,38.3330078125,38.3330078125,0,,0
7264,FF-34-CAM-4,35996.122746373,35996.124694829,35996.187707476,38.3330078125,38.3330078125,0,,0
7266,FF-34-CAM-4,35996.510081519,35996.511366135,35996.612479833,38.3330078125,38.3330078125,0,,0
7268,FF-34-CAM-4,35996.953021824,35996.954142731,35997.019473629,38.3330078125,38.3330078125,0,,0
7270,FF-34-CAM-4,35997.349189185,35997.350370581,35997.420072492,38.3330078125,38.3330078125,0,,0
7272,FF-34-CAM-4,35997.781842664,35997.782985805,35997.847103997,38.3330078125,38.3330078125,0,,0
7274,FF-34-CAM-4,35998.189404339,35998.192614489,35998.27632428,38.3330078125,38.3330078125,0,,0
7276,FF-34-CAM-4,35998.605506117,35998.607700221,35998.668765225,38.3330078125,38.3330078125,0,,0
7278,FF-34-CAM-4,35999.024665051,35999.026653622,35999.077595972,38.3330078125,38.3330078125,0,,0
7280,FF-34-CAM-4,35999.409784105,35999.41071518,35999.47287787,38.3330078125,38.3330078125,0,,0
7282,FF-34-CAM-4,35999.797712603,35999.799014596,35999.851807714,38.3330078125,38.3330078125,0,,0
7284,FF-34-CAM-4,36000.22741289,36000.228666007,36000.298755341,38.3330078125,38.3330078125,0,,0
7286,FF-34-CAM-4,36000.646148624,36000.648551469,36000.758580184,38.3330078125,38.3330078125,0,,0
7288,FF-34-CAM-4,36001.121885921,36001.123138782,36001.164724949,38.3330078125,38.3330078125,0,,0
7290,FF-34-CAM-4,36001.581615069,36001.582617503,36001.641458677,38.3330078125,38.3330078125,0,,0
7292,FF-34-CAM-4,36002.036929122,36002.037569203,36002.108919752,38.3330078125,38.3330078125,0,,0
7294,FF-34-CAM-4,36002.480599988,36002.484290215,36002.541817991,38.3330078125,38.3330078125,0,,0
7296,FF-34-CAM-4,36002.942242192,36002.943114204,36003.002174905,38.3330078125,38.3330078125,0,,0
7298,FF-34-CAM-4,36003.394134909,36003.3952136,36003.444425909,38.3330078125,38.3330078125,0,,0
7300,FF-34-CAM-4,36003.780360572,36003.781530009,36003.843440929,38.3330078125,38.3330078125,0,,0
7302,FF-34-CAM-4,36004.224917357,36004.230685241,36004.31412661,38.3330078125,38.3330078125,0,,0
7304,FF-34-CAM-4,36004.706564266,36004.711954609,36004.761118242,38.3330078125,38.3330078125,0,,0
7306,FF-34-CAM-4,36005.132648409,36005.134768232,36005.203809168,38.3330078125,38.3330078125,0,,0
7308,FF-34-CAM-4,36005.547350425,36005.548527783,36005.657730039,38.3330078125,38.3330078125,0,,0
7310,FF-34-CAM-4,36005.997141751,36005.998367725,36006.083181448,38.3330078125,38.3330078125,0,,0
7312,FF-34-CAM-4,36006.411561883,36006.412898886,36006.493157397,38.3330078125,38.3330078125,0,,0
7314,FF-34-CAM-4,36006.854268211,36006.855268101,36006.92945319,38.3330078125,38.3330078125,0,,0
7316,FF-34-CAM-4,36007.296212682,36007.297590827,36007.367058313,38.3330078125,38.3330078125,0,,0
7318,FF-34-CAM-4,36007.694234179,36007.695108399,36007.759691454,38.3330078125,38.3330078125,0,,0
7320,FF-34-CAM-4,36008.127911819,36008.128746021,36008.216058425,38.3330078125,38.3330078125,0,,0
7322,FF-34-CAM-4,36008.521077805,36008.522109731,36008.600979258,38.3330078125,38.3330078125,0,,0
7324,FF-34-CAM-4,36008.969279839,36008.97114501,36009.018703991,38.3330078125,38.3330078125,0,,0
7326,FF-34-CAM-4,36009.369003147,36009.371185078,36009.447960308,38.3330078125,38.3330078125,0,,0
7328,FF-34-CAM-4,36009.80704428,36009.808138317,36009.870255733,38.3330078125,38.3330078125,0,,0
7330,FF-34-CAM-4,36010.257347294,36010.260269291,36010.322455664,38.3330078125,38.3330078125,0,,0
7332,FF-34-CAM-4,36010.672974481,36010.674229145,36010.749886658,38.3330078125,38.3330078125,0,,0
7334,FF-34-CAM-4,36011.067513035,36011.068861403,36011.14980758,38.3330078125,38.3330078125,0,,0
7336,FF-34-CAM-4,36011.552827623,36011.557273915,36011.610226853,38.3330078125,38.3330078125,0,,0
7338,FF-34-CAM-4,36011.94746323,36011.94894185,36012.013792084,38.3330078125,38.3330078125,0,,0
7340,FF-34-CAM-4,36012.37581212,36012.376820393,36012.43693595,38.3330078125,38.3330078125,0,,0
7342,FF-34-CAM-4,36012.902231521,36012.904308726,36013.010972652,38.3330078125,38.3330078125,0,,0
7344,FF-34-CAM-4,36013.377724993,36013.378777717,36013.445351377,38.3330078125,38.3330078125,0,,0
7346,FF-34-CAM-4,36013.795118615,36013.796518906,36013.895064758,38.3330078125,38.3330078125,0,,0
7348,FF-34-CAM-4,36014.219287348,36014.220467123,36014.295793654,38.3330078125,38.3330078125,0,,0
7350,FF-34-CAM-4,36014.657771632,36014.660346247,36014.731835527,38.3330078125,38.3330078125,0,,0
7352,FF-34-CAM-4,36015.053772272,36015.057803975,36015.127421917,38.3330078125,38.3330078125,0,,0
7354,FF-34-CAM-4,36015.487766228,36015.489015635,36015.552742937,38.3330078125,38.3330078125,0,,0
7356,FF-34-CAM-4,36015.871098496,36015.880539015,36015.954352645,38.3330078125,38.3330078125,0,,0
7358,FF-34-CAM-4,36016.300543089,36016.301461132,36016.349606937,38.3330078125,38.3330078125,0,,0
7360,FF-34-CAM-4,36016.776510183,36016.778562557,36016.830515174,38.3330078125,38.3330078125,0,,0
7362,FF-34-CAM-4,36017.323117829,36017.32422979,36017.398210745,38.3330078125,38.3330078125,0,,0
7364,FF-34-CAM-4,36017.741123547,36017.742693222,36017.827491786,38.3330078125,38.3330078125,0,,0
7366,FF-34-CAM-4,36018.177304258,36018.180153714,36018.25512516,38.3330078125,38.3330078125,0,,0
7368,FF-34-CAM-4,36018.665954742,36018.667581002,36018.743445553,38.3330078125,38.3330078125,0,,0
7370,FF-34-CAM-4,36019.102475658,36019.103436529,36019.169968684,38.3330078125,38.3330078125,0,,0
7372,FF-34-CAM-4,36019.522210202,36019.523042559,36019.595327866,38.3330078125,38.3330078125,0,,0
7374,FF-34-CAM-4,36019.963818571,36019.964972283,36020.023730977,38.3330078125,38.3330078125,0,,0
7376,FF-34-CAM-4,36020.412051355,36020.412615562,36020.467628362,38.3330078125,38.3330078125,0,,0
7378,FF-34-CAM-4,36020.825949988,36020.827199849,36020.905663706,38.3330078125,38.3330078125,0,,0
7380,FF-34-CAM-4,36021.250146555,36021.252864972,36021.310588765,38.3330078125,38.3330078125,0,,0
7382,FF-34-CAM-4,36021.63209066,36021.633383133,36021.711340634,38.3330078125,38.3330078125,0,,0
7384,FF-34-CAM-4,36022.088559465,36022.089587135,36022.137127064,38.3330078125,38.3330078125,0,,0
7386,FF-34-CAM-4,36022.50695776,36022.508202216,36022.566747571,38.3330078125,38.3330078125,0,,0
7388,FF-34-CAM-4,36022.960429138,36022.962459644,36023.060429702,38.3330078125,38.3330078125,0,,0
7390,FF-34-CAM-4,36023.403270772,36023.405728265,36023.463605937,38.3330078125,38.3330078125,0,,0
7392,FF-34-CAM-4,36023.888966864,36023.890118567,36023.941789462,38.3330078125,38.3330078125,0,,0
7394,FF-34-CAM-4,36024.315812934,36024.318022257,36024.43285002,38.3330078125,38.3330078125,0,,0
7396,FF-34-CAM-4,36024.851388792,36024.854259297,36024.90966993,38.3330078125,38.3330078125,0,,0
7398,FF-34-CAM-4,36025.281129755,36025.283181013,36025.348728197,38.3330078125,38.3330078125,0,,0
7400,FF-34-CAM-4,36025.88443152,36025.890288133,36025.94331557,38.3330078125,38.3330078125,0,,0
7402,FF-34-CAM-4,36026.321100158,36026.323814622,36026.377891911,38.3330078125,38.3330078125,0,,0
7404,FF-34-CAM-4,36026.717704226,36026.718585897,36026.802320903,38.3330078125,38.3330078125,0,,0
7406,FF-34-CAM-4,36027.198472296,36027.200297989,36027.244135618,38.3330078125,38.3330078125,0,,0
7408,FF-34-CAM-4,36027.59812846,36027.599119267,36027.667217041,38.3330078125,38.3330078125,0,,0
7410,FF-34-CAM-4,36028.038235967,36028.040069975,36028.095566615,38.3330078125,38.3330078125,0,,0
7412,FF-34-CAM-4,36028.52644111,36028.527370535,36028.569410458,38.3330078125,38.3330078125,0,,0
7414,FF-34-CAM-4,36028.935018378,36028.935599162,36029.004246366,38.3330078125,38.3330078125,0,,0
7416,FF-34-CAM-4,36029.320633784,36029.32405883,36029.398248387,38.3330078125,38.3330078125,0,,0
7418,FF-34-CAM-4,36029.745776689,36029.749315283,36029.850777649,38.3330078125,38.3330078125,0,,0
7420,FF-34-CAM-4,36030.227708539,36030.228660879,36030.292819799,38.3330078125,38.3330078125,0,,0
7422,FF-34-CAM-4,36030.664527255,36030.665222833,36030.717262185,38.3330078125,38.3330078125,0,,0
7424,FF-34-CAM-4,36031.042488846,36031.043587109,36031.125710045,38.3330078125,38.3330078125,0,,0
7426,FF-34-CAM-4,36031.527358674,36031.530018835,36031.581104867,38.3330078125,38.3330078125,0,,0
7428,FF-34-CAM-4,36031.950579771,36031.952407685,36032.012969667,38.3330078125,38.3330078125,0,,0
7430,FF-34-CAM-4,36032.401039525,36032.402959388,36032.476941893,38.3330078125,38.3330078125,0,,0
7432,FF-34-CAM-4,36032.813556396,36032.815120499,36032.861362268,38.3330078125,38.3330078125,0,,0
7434,FF-34-CAM-4,36033.203855843,36033.204753741,36033.292515194,38.3330078125,38.3330078125,0,,0
7436,FF-34-CAM-4,36033.647377962,36033.6485677,36033.706997894,38.3330078125,38.3330078125,0,,0
7438,FF-34-CAM-4,36034.041055612,36034.044673845,36034.095309028,38.3330078125,38.3330078125,0,,0
7440,FF-34-CAM-4,36034.475207779,36034.476085758,36034.543929887,38.3330078125,38.3330078125,0,,0
7442,FF-34-CAM-4,36034.893434496,36034.895506306,36034.942807395,38.3330078125,38.3330078125,0,,0
7444,FF-34-CAM-4,36035.257830413,36035.259248705,36035.323476533,38.3330078125,38.3330078125,0,,0
7446,FF-34-CAM-4,36035.711171652,36035.711887713,36035.761320649,38.3330078125,38.3330078125,0,,0
7448,FF-34-CAM-4,36036.122871294,36036.131081714,36036.210234948,38.3330078125,38.3330078125,0,,0
7450,FF-34-CAM-4,36036.583964283,36036.585342912,36036.64698508,38.3330078125,38.3330078125,0,,0
7452,FF-34-CAM-4,36037.000135689,36037.001832319,36037.044166796,38.3330078125,38.3330078125,0,,0
7454,FF-34-CAM-4,36037.401661334,36037.402303622,36037.50606414,38.3330078125,38.3330078125,0,,0
7456,FF-34-CAM-4,36037.862639723,36037.863714583,36037.930779344,38.3330078125,38.3330078125,0,,0
7458,FF-34-CAM-4,36038.295363026,36038.297946106,36038.369911231,38.3330078125,38.3330078125,0,,0
7460,FF-34-CAM-4,36038.76041337,36038.763427733,36038.817862032,38.3330078125,38.3330078125,0,,0
7462,FF-34-CAM-4,36039.20651531,36039.21040244,36039.284455002,38.3330078125,38.3330078125,0,,0
7464,FF-34-CAM-4,36039.713953108,36039.715558675,36039.768738861,38.3330078125,38.3330078125,0,,0
7466,FF-34-CAM-4,36040.176561585,36040.178328694,36040.239764104,38.3330078125,38.3330078125,0,,0
7468,FF-34-CAM-4,36040.651944682,36040.653079015,36040.722720472,38.3330078125,38.3330078125,0,,0
7470,FF-34-CAM-4,36041.130532748,36041.13270409,36041.174499354,38.3330078125,38.3330078125,0,,0
7472,FF-34-CAM-4,36041.52656033,36041.52832928,36041.59248824,38.3330078125,38.3330078125,0,,0
7474,FF-34-CAM-4,36041.939326564,36041.940545149,36042.046719259,38.3330078125,38.3330078125,0,,0
7476,FF-34-CAM-4,36042.444299229,36042.449136948,36042.515184156,38.3330078125,38.3330078125,0,,0
7478,FF-34-CAM-4,36042.901479779,36042.902231743,36042.987417577,38.3330078125,38.3330078125,0,,0
7480,FF-34-CAM-4,36043.34909062,36043.349924727,36043.42113421,38.3330078125,38.3330078125,0,,0
7482,FF-34-CAM-4,36043.800594878,36043.801951948,36043.922233145,38.3330078125,38.3330078125,0,,0
7484,FF-34-CAM-4,36044.282238127,36044.283186716,36044.327331038,38.3330078125,38.3330078125,0,,0
7486,FF-34-CAM-4,36044.736210848,36044.737328211,36044.828014416,38.3330078125,38.3330078125,0,,0
7488,FF-34-CAM-4,36045.214558007,36045.215785397,36045.270841875,38.3330078125,38.3330078125,0,,0
7490,FF-34-CAM-4,36045.60895465,36045.61003639,36045.676767697,38.3330078125,38.3330078125,0,,0
7492,FF-34-CAM-4,36046.078421754,36046.079722189,36046.160814846,38.3330078125,38.3330078125,0,,0
7494,FF-34-CAM-4,36046.517234781,36046.518530269,36046.564649391,38.3330078125,38.3330078125,0,,0
7496,FF-34-CAM-4,36046.919959248,36046.921722396,36046.981226149,38.3330078125,38.3330078125,0,,0
7498,FF-34-CAM-4,36047.41959539,36047.42047075,36047.479317728,38.3330078125,38.3330078125,0,,0
7500,FF-34-CAM-4,36047.808957501,36047.810032444,36047.882320474,38.3330078125,38.3330078125,0,,0
7502,FF-34-CAM-4,36048.280949717,36048.282430624,36048.343241469,38.3330078125,38.3330078125,0,,0
7504,FF-34-CAM-4,36048.706072753,36048.708027589,36048.809095561,38.3330078125,38.3330078125,0,,0
7506,FF-34-CAM-4,36049.193639304,36049.194686627,36049.259443023,38.3330078125,38.3330078125,0,,0
7508,FF-34-CAM-4,36049.637900192,36049.639216643,36049.694602418,38.3330078125,38.3330078125,0,,0
7510,FF-34-CAM-4,36050.067598211,36050.068769462,36050.125425711,38.3330078125,38.3330078125,0,,0
7512,FF-34-CAM-4,36050.503830427,36050.506097497,36050.583389453,38.3330078125,38.3330078125,0,,0
7514,FF-34-CAM-4,36050.943278151,36050.944238521,36051.004766099,38.3330078125,38.3330078125,0,,0
7516,FF-34-CAM-4,36051.402399705,36051.404967211,36051.467815569,38.3330078125,38.3330078125,0,,0
7518,FF-34-CAM-4,36051.812201077,36051.815401612,36051.878141749,38.3330078125,38.3330078125,0,,0
7520,FF-34-CAM-4,36052.25973787,36052.261774702,36052.35574551,38.3330078125,38.3330078125,0,,0
7522,FF-34-CAM-4,36052.700999872,36052.707082069,36052.756413389,38.3330078125,38.3330078125,0,,0
7524,FF-34-CAM-4,36053.140317102,36053.143631987,36053.200357107,38.3330078125,38.3330078125,0,,0
7526,FF-34-CAM-4,36053.578328635,36053.579035665,36053.623071589,38.3330078125,38.3330078125,0,,0
7530,FF-34-CAM-4,36054.567492809,36054.568612619,36054.625417365,38.33349609375,38.3330078125,0,,0
7532,FF-34-CAM-4,36054.999160957,36055.00191527,36055.098357163,38.3330078125,38.3330078125,0,,0
7534,FF-34-CAM-4,36055.47772273,36055.478828846,36055.540769879,38.3330078125,38.3330078125,0,,0
7536,FF-34-CAM-4,36055.874231759,36055.87577237,36055.937231657,38.3330078125,38.3330078125,0,,0
7538,FF-34-CAM-4,36056.315467031,36056.316836905,36056.369141907,38.3330078125,38.3330078125,0,,0
7540,FF-34-CAM-4,36056.709251489,36056.710281949,36056.795499458,38.3330078125,38.3330078125,0,,0
7542,FF-34-CAM-4,36057.167789404,36057.169354489,36057.252744245,38.3330078125,38.3330078125,0,,0
7544,FF-34-CAM-4,36057.71007675,36057.712709093,36057.765930737,38.3330078125,38.3330078125,0,,0
7546,FF-34-CAM-4,36058.140147805,36058.14286662,36058.194168842,38.3330078125,38.3330078125,0,,0
7548,FF-34-CAM-4,36058.529189156,36058.530334503,36058.583758063,38.3330078125,38.3330078125,0,,0
7550,FF-34-CAM-4,36058.997049806,36058.99812052,36059.041084627,38.3330078125,38.3330078125,0,,0
7552,FF-34-CAM-4,36059.465515732,36059.466782141,36059.521447654,38.3330078125,38.3330078125,0,,0
7554,FF-34-CAM-4,36059.88454285,36059.8864249,36059.938232142,38.3330078125,38.3330078125,0,,0
7556,FF-34-CAM-4,36060.321997793,36060.323454481,36060.379926689,38.3330078125,38.3330078125,0,,0
7558,FF-34-CAM-4,36060.720549358,36060.72179817,36060.857323303,38.3330078125,38.3330078125,0,,0
7560,FF-34-CAM-4,36061.227595158,36061.22899848,36061.28228686,38.3330078125,38.3330078125,0,,0
7562,FF-34-CAM-4,36061.652877209,36061.653814419,36061.73191312,38.3330078125,38.3330078125,0,,0
7564,FF-34-CAM-4,36062.095980744,36062.096935747,36062.159312635,38.3330078125,38.3330078125,0,,0
7566,FF-34-CAM-4,36062.532598259,36062.534148366,36062.583842086,38.3330078125,38.3330078125,0,,0
7568,FF-34-CAM-4,36062.908768203,36062.91401732,36062.987233849,38.3330078125,38.3330078125,0,,0
7570,FF-34-CAM-4,36063.371950219,36063.373680846,36063.419896028,38.3330078125,38.3330078125,0,,0
7572,FF-34-CAM-4,36063.7527639,36063.753682934,36063.848515744,38.3330078125,38.3330078125,0,,0
7574,FF-34-CAM-4,36064.189256574,36064.190814583,36064.256693052,38.3330078125,38.3330078125,0,,0
7576,FF-34-CAM-4,36064.586987298,36064.588330495,36064.636739258,38.3330078125,38.3330078125,0,,0
7578,FF-34-CAM-4,36065.051034224,36065.053321202,36065.13548357,38.3330078125,38.3330078125,0,,0
7580,FF-34-CAM-4,36065.4635335,36065.464419851,36065.519217665,38.3330078125,38.3330078125,0,,0
7582,FF-34-CAM-4,36065.928055774,36065.929839278,36065.997721234,38.3330078125,38.3330078125,0,,0
7584,FF-34-CAM-4,36066.352291613,36066.359725273,36066.419980725,38.3330078125,38.3330078125,0,,0
7586,FF-34-CAM-4,36066.776391777,36066.777428949,36066.840452833,38.3330078125,38.3330078125,0,,0
7588,FF-34-CAM-4,36067.175682483,36067.177057376,36067.282298021,38.3330078125,38.3330078125,0,,0
7590,FF-34-CAM-4,36067.623832957,36067.62756036,36067.687173566,38.3330078125,38.3330078125,0,,0
7592,FF-34-CAM-4,36068.048422635,36068.051146979,36068.124896568,38.3330078125,38.3330078125,0,,0
7594,FF-34-CAM-4,36068.502669718,36068.505788114,36068.576272254,38.3330078125,38.3330078125,0,,0
7596,FF-34-CAM-4,36068.934499898,36068.936032183,36069.001939965,38.3330078125,38.3330078125,0,,0
7598,FF-34-CAM-4,36069.382049817,36069.383624254,36069.473215676,38.3330078125,38.3330078125,0,,0
7600,FF-34-CAM-4,36069.817197783,36069.819192354,36069.87497569,38.3330078125,38.3330078125,0,,0
7602,FF-34-CAM-4,36070.241245544,36070.242247165,36070.328339251,38.3330078125,38.3330078125,0,,0
7604,FF-34-CAM-4,36070.708974081,36070.709936172,36070.790427994,38.3330078125,38.3330078125,0,,0
7606,FF-34-CAM-4,36071.141837287,36071.144693711,36071.193163509,38.3330078125,38.3330078125,0,,0
7608,FF-34-CAM-4,36071.502205552,36071.504301296,36071.546120024,38.3330078125,38.3330078125,0,,0
7610,FF-34-CAM-4,36071.894080368,36071.895442123,36071.948652104,38.3330078125,38.3330078125,0,,0
7612,FF-34-CAM-4,36072.360543233,36072.364155205,36072.442313489,38.3330078125,38.3330078125,0,,0
7614,FF-34-CAM-4,36072.788605177,36072.790520716,36072.904166861,38.3330078125,38.3330078125,0,,0
7616,FF-34-CAM-4,36073.217075674,36073.219670717,36073.302635496,38.3330078125,38.3330078125,0,,0
7618,FF-34-CAM-4,36073.657488828,36073.658666259,36073.710840837,38.3330078125,38.3330078125,0,,0
7620,FF-34-CAM-4,36074.030043196,36074.032476985,36074.101761906,38.3330078125,38.3330078125,0,,0
7622,FF-34-CAM-4,36074.440134045,36074.441822917,36074.508953797,38.3330078125,38.3330078125,0,,0
7624,FF-34-CAM-4,36074.861922083,36074.862830702,36074.946937076,38.3330078125,38.3330078125,0,,0
7626,FF-34-CAM-4,36075.322714438,36075.323580789,36075.41230974,38.3330078125,38.3330078125,0,,0
7628,FF-34-CAM-4,36075.784452919,36075.787306995,36075.851775763,38.3330078125,38.3330078125,0,,0
7630,FF-34-CAM-4,36076.191875603,36076.195517839,36076.258380697,38.3330078125,38.3330078125,0,,0
7632,FF-34-CAM-4,36076.602241749,36076.603301149,36076.705838627,38.3330078125,38.3330078125,0,,0
7634,FF-34-CAM-4,36077.037618058,36077.038902451,36077.087213809,38.3330078125,38.3330078125,0,,0
7636,FF-34-CAM-4,36077.451079764,36077.452519693,36077.52350223,38.3330078125,38.3330078125,0,,0
7638,FF-34-CAM-4,36077.968815794,36077.972288231,36078.042533961,38.3330078125,38.3330078125,0,,0
7640,FF-34-CAM-4,36078.362562032,36078.363424153,36078.420550366,38.3330078125,38.3330078125,0,,0
7642,FF-34-CAM-4,36078.717699551,36078.720199482,36078.805834131,38.3330078125,38.3330078125,0,,0
7644,FF-34-CAM-4,36079.162803907,36079.165661413,36079.243951366,38.3330078125,38.3330078125,0,,0
7646,FF-34-CAM-4,36079.610711578,36079.614545342,36079.667610368,38.3330078125,38.3330078125,0,,0
7648,FF-34-CAM-4,36080.043523721,36080.045751158,36080.123177124,38.3330078125,38.3330078125,0,,0
7650,FF-34-CAM-4,36080.45011431,36080.451213163,36080.496949758,38.3330078125,38.3330078125,0,,0
7652,FF-34-CAM-4,36080.812274817,36080.813575519,36080.878085791,38.3330078125,38.3330078125,0,,0
7654,FF-34-CAM-4,36081.28326871,36081.28504954,36081.391958835,38.3330078125,38.3330078125,0,,0
7656,FF-34-CAM-4,36081.746495447,36081.747703323,36081.808710453,38.3330078125,38.3330078125,0,,0
7658,FF-34-CAM-4,36082.151780235,36082.153328189,36082.201969068,38.3330078125,38.3330078125,0,,0
7660,FF-34-CAM-4,36082.588935428,36082.58975999,36082.643177697,38.3330078125,38.3330078125,0,,0
7662,FF-34-CAM-4,36083.072189944,36083.073287995,36083.117809136,38.3330078125,38.3330078125,0,,0
7664,FF-34-CAM-4,36083.437555986,36083.438749044,36083.538670426,38.3330078125,38.3330078125,0,,0
7666,FF-34-CAM-4,36083.88529303,36083.886315166,36083.934856057,38.3330078125,38.3330078125,0,,0
7668,FF-34-CAM-4,36084.291278938,36084.292206387,36084.373211686,38.3330078125,38.3330078125,0,,0
7670,FF-34-CAM-4,36084.742966772,36084.743975693,36084.817573368,38.3330078125,38.3330078125,0,,0
7672,FF-34-CAM-4,36085.209131154,36085.211386866,36085.281792933,38.3330078125,38.3330078125,0,,0
7674,FF-34-CAM-4,36085.731484363,36085.734213588,36085.803658165,38.3330078125,38.3330078125,0,,0
7676,FF-34-CAM-4,36086.258711797,36086.259631851,36086.336904914,38.3330078125,38.3330078125,0,,0
7678,FF-34-CAM-4,36086.667173435,36086.670617605,36086.750722432,38.3330078125,38.3330078125,0,,0
7680,FF-34-CAM-4,36087.136837018,36087.13854327,36087.196266916,38.3330078125,38.3330078125,0,,0
7682,FF-34-CAM-4,36087.606308296,36087.607751626,36087.674034151,38.3330078125,38.3330078125,0,,0
7684,FF-34-CAM-4,36088.089189694,36088.09018955,36088.198118992,38.3330078125,38.3330078125,0,,0
7686,FF-34-CAM-4,36088.632322743,36088.635558093,36088.715996449,38.3330078125,38.3330078125,0,,0
7688,FF-34-CAM-4,36089.14584012,36089.147586611,36089.268496707,38.3330078125,38.3330078125,0,,0
7690,FF-34-CAM-4,36089.648417938,36089.649625317,36089.713876714,38.3330078125,38.3330078125,0,,0
7692,FF-34-CAM-4,36090.131480029,36090.133255427,36090.222189715,38.3330078125,38.3330078125,0,,0
7694,FF-34-CAM-4,36090.626157988,36090.627591297,36090.678215958,38.3330078125,38.3330078125,0,,0
7696,FF-34-CAM-4,36091.010080268,36091.011422864,36091.082071836,38.3330078125,38.3330078125,0,,0
7698,FF-34-CAM-4,36091.387148923,36091.389642887,36091.461552783,38.3330078125,38.3330078125,0,,0
7700,FF-34-CAM-4,36091.816192833,36091.819136796,36091.85936729,38.3330078125,38.3330078125,0,,0
7702,FF-34-CAM-4,36092.2781517,36092.279525001,36092.350436881,38.3330078125,38.3330078125,0,,0
7704,FF-34-CAM-4,36092.755130391,36092.755932822,36092.820462365,38.3330078125,38.3330078125,0,,0
7706,FF-34-CAM-4,36093.162230703,36093.163255017,36093.205655773,38.3330078125,38.3330078125,0,,0
7708,FF-34-CAM-4,36093.558079319,36093.56174065,36093.652345307,38.3330078125,38.3330078125,0,,0
7710,FF-34-CAM-4,36094.000360809,36094.00244164,36094.050815599,38.3330078125,38.3330078125,0,,0
7712,FF-34-CAM-4,36094.386253994,36094.387106475,36094.44381349,38.3330078125,38.3330078125,0,,0
7714,FF-34-CAM-4,36094.822562266,36094.825491639,36094.908173901,38.3330078125,38.3330078125,0,,0
7716,FF-34-CAM-4,36095.226364049,36095.229288235,36095.278947387,38.3330078125,38.3330078125,0,,0
7718,FF-34-CAM-4,36095.664067592,36095.664918495,36095.721327432,38.3330078125,38.3330078125,0,,0
7720,FF-34-CAM-4,36096.054406626,36096.055291248,36096.096253898,38.3330078125,38.3330078125,0,,0
7722,FF-34-CAM-4,36096.445766437,36096.446769828,36096.522514666,38.3330078125,38.3330078125,0,,0
7724,FF-34-CAM-4,36096.855646027,36096.856888674,36096.904249205,38.3330078125,38.3330078125,0,,0
7726,FF-34-CAM-4,36097.263908754,36097.264660716,36097.33127695,38.3330078125,38.3330078125,0,,0
7728,FF-34-CAM-4,36097.678307718,36097.679578465,36097.750882017,38.3330078125,38.3330078125,0,,0
7730,FF-34-CAM-4,36098.107420949,36098.108399849,36098.192689922,38.3330078125,38.3330078125,0,,0
7732,FF-34-CAM-4,36098.558048665,36098.560108478,36098.616091394,38.3330078125,38.3330078125,0,,0
7734,FF-34-CAM-4,36098.939818609,36098.940859161,36099.055900948,38.3330078125,38.3330078125,0,,0
7736,FF-34-CAM-4,36099.366065987,36099.367234559,36099.422153407,38.3330078125,38.3330078125,0,,0
7738,FF-34-CAM-4,36099.780084236,36099.781163054,36099.834601576,38.3330078125,38.3330078125,0,,0
7740,FF-34-CAM-4,36100.168139158,36100.169415681,36100.274205251,38.3330078125,38.3330078125,0,,0
7742,FF-34-CAM-4,36100.60490527,36100.605893375,36100.661413351,38.3330078125,38.3330078125,0,,0
7744,FF-34-CAM-4,36101.014319971,36101.015572047,36101.07498866,38.3330078125,38.3330078125,0,,0
7746,FF-34-CAM-4,36101.418389523,36101.419515789,36101.488448195,38.3330078125,38.3330078125,0,,0
7748,FF-34-CAM-4,36101.858803399,36101.860393323,36101.911997913,38.3330078125,38.3330078125,0,,0
7750,FF-34-CAM-4,36102.285381996,36102.291124769,36102.341079673,38.3330078125,38.3330078125,0,,0
7752,FF-34-CAM-4,36102.655713494,36102.657046991,36102.746088114,38.3330078125,38.3330078125,0,,0
7754,FF-34-CAM-4,36103.200227644,36103.20181163,36103.260808524,38.3330078125,38.3330078125,0,,0
7756,FF-34-CAM-4,36103.624954975,36103.626323472,36103.681817239,38.3330078125,38.3330078125,0,,0
7758,FF-34-CAM-4,36104.00748932,36104.010394788,36104.057145237,38.3330078125,38.3330078125,0,,0
7760,FF-34-CAM-4,36104.421119571,36104.423484305,36104.51296107,38.3330078125,38.3330078125,0,,0
7762,FF-34-CAM-4,36104.860793054,36104.861955211,36104.915316921,38.3330078125,38.3330078125,0,,0
7764,FF-34-CAM-4,36105.265304722,36105.266665425,36105.383708063,38.3330078125,38.3330078125,0,,0
7766,FF-34-CAM-4,36105.726736517,36105.727755877,36105.806268091,38.3330078125,38.3330078125,0,,0
7768,FF-34-CAM-4,36106.117985283,36106.119281301,36106.169724286,38.3330078125,38.3330078125,0,,0
7770,FF-34-CAM-4,36106.541538625,36106.542741689,36106.598938984,38.3330078125,38.3330078125,0,,0
7772,FF-34-CAM-4,36106.964034278,36106.965254366,36107.010872868,38.3330078125,38.3330078125,0,,0
7774,FF-34-CAM-4,36107.364270533,36107.365212286,36107.432626328,38.3330078125,38.3330078125,0,,0
7776,FF-34-CAM-4,36107.761182225,36107.762328079,36107.825025354,38.3330078125,38.3330078125,0,,0
7778,FF-34-CAM-4,36108.127936592,36108.129222239,36108.177565831,38.3330078125,38.3330078125,0,,0
7780,FF-34-CAM-4,36108.505738944,36108.507405939,36108.625573426,38.3330078125,38.3330078125,0,,0
7782,FF-34-CAM-4,36108.980737289,36108.981631991,36109.041288647,38.3330078125,38.3330078125,0,,0
7784,FF-34-CAM-4,36109.377827079,36109.378767281,36109.482932287,38.3330078125,38.3330078125,0,,0
7786,FF-34-CAM-4,36109.82453791,36109.825389844,36109.891323854,38.3330078125,38.3330078125,0,,0
7788,FF-34-CAM-4,36110.266792389,36110.268187323,36110.313800217,38.3330078125,38.3330078125,0,,0
7790,FF-34-CAM-4,36110.65109956,36110.652330646,36110.758692107,38.3330078125,38.3330078125,0,,0
7792,FF-34-CAM-4,36111.108877233,36111.110747966,36111.160233486,38.3330078125,38.3330078125,0,,0
7794,FF-34-CAM-4,36111.53432561,36111.536022894,36111.599978268,38.3330078125,38.3330078125,0,,0
7796,FF-34-CAM-4,36111.958047782,36111.959333111,36112.004396372,38.3330078125,38.3330078125,0,,0
7798,FF-34-CAM-4,36112.356696532,36112.359128919,36112.421856716,38.3330078125,38.3330078125,0,,0
7800,FF-34-CAM-4,36112.77467437,36112.775700878,36112.834806557,38.3330078125,38.3330078125,0,,0
7802,FF-34-CAM-4,36113.209399916,36113.210552138,36113.287815408,38.3330078125,38.3330078125,0,,0
7804,FF-34-CAM-4,36113.60487327,36113.608666709,36113.661877828,38.3330078125,38.3330078125,0,,0
7806,FF-34-CAM-4,36114.002678061,36114.003442319,36114.088335251,38.3330078125,38.3330078125,0,,0
7808,FF-34-CAM-4,36114.421735839,36114.422835643,36114.489392826,38.3330078125,38.3330078125,0,,0
7810,FF-34-CAM-4,36114.864422434,36114.86525693,36114.911084752,38.3330078125,38.3330078125,0,,0
7812,FF-34-CAM-4,36115.31257567,36115.317626199,36115.374669251,38.3330078125,38.3330078125,0,,0
7814,FF-34-CAM-4,36115.71944155,36115.720588143,36115.777720368,38.3330078125,38.3330078125,0,,0
7816,FF-34-CAM-4,36116.110559071,36116.113345718,36116.178422466,38.3330078125,38.3330078125,0,,0
7818,FF-34-CAM-4,36116.541411771,36116.542608029,36116.59142978,38.3330078125,38.3330078125,0,,0
7820,FF-34-CAM-4,36116.899100745,36116.900106452,36116.97663247,38.3330078125,38.3330078125,0,,0
7822,FF-34-CAM-4,36117.361338427,36117.362458997,36117.436013861,38.3330078125,38.3330078125,0,,0
7824,FF-34-CAM-4,36117.756855711,36117.758085448,36117.81062241,38.3330078125,38.3330078125,0,,0
7826,FF-34-CAM-4,36118.193921822,36118.195120502,36118.249683057,38.3330078125,38.3330078125,0,,0
7828,FF-34-CAM-4,36118.563488351,36118.56440475,36118.645022717,38.3330078125,38.3330078125,0,,0
7830,FF-34-CAM-4,36118.985645532,36118.986813178,36119.053602263,38.3330078125,38.3330078125,0,,0
7832,FF-34-CAM-4,36119.38653289,36119.387360509,36119.438973228,38.3330078125,38.3330078125,0,,0
7834,FF-34-CAM-4,36119.782088043,36119.783148451,36119.83848766,38.3330078125,38.3330078125,0,,0
7836,FF-34-CAM-4,36120.160561713,36120.161885539,36120.224174151,38.3330078125,38.3330078125,0,,0
7838,FF-34-CAM-4,36120.670959105,36120.673327734,36120.726542194,38.3330078125,38.3330078125,0,,0
7840,FF-34-CAM-4,36121.098282094,36121.100494012,36121.153519402,38.3330078125,38.3330078125,0,,0
7842,FF-34-CAM-4,36121.484886288,36121.486389197,36121.54129979,38.3330078125,38.3330078125,0,,0
7844,FF-34-CAM-4,36121.859977318,36121.863378038,36121.930506909,38.3330078125,38.3330078125,0,,0
7846,FF-34-CAM-4,36122.268072815,36122.268961829,36122.316351561,38.3330078125,38.3330078125,0,,0
7848,FF-34-CAM-4,36122.629175851,36122.631356638,36122.678987198,38.3330078125,38.3330078125,0,,0
7850,FF-34-CAM-4,36123.056788053,36123.058290916,36123.148265092,38.3330078125,38.3330078125,0,,0
7852,FF-34-CAM-4,36123.489590433,36123.490869343,36123.545840914,38.3330078125,38.3330078125,0,,0
7854,FF-34-CAM-4,36123.908408207,36123.909826123,36123.998403144,38.3330078125,38.3330078125,0,,0
7856,FF-34-CAM-4,36124.358198571,36124.359644864,36124.423219968,38.3330078125,38.3330078125,0,,0
7858,FF-34-CAM-4,36124.788954731,36124.790331209,36124.878180019,38.3330078125,38.3330078125,0,,0
7860,FF-34-CAM-4,36125.200300608,36125.202826639,36125.250624406,38.3330078125,38.3330078125,0,,0
7862,FF-34-CAM-4,36125.569868205,36125.577076111,36125.633176761,38.3330078125,38.3330078125,0,,0
7864,FF-34-CAM-4,36125.97802253,36125.980046327,36126.039346574,38.3330078125,38.3330078125,0,,0
7866,FF-34-CAM-4,36126.37917051,36126.381412743,36126.442438111,38.3330078125,38.3330078125,0,,0
7868,FF-34-CAM-4,36126.771260343,36126.772577776,36126.814968226,38.3330078125,38.3330078125,0,,0
7870,FF-34-CAM-4,36127.144097604,36127.145077138,36127.211714065,38.3330078125,38.3330078125,0,,0
7872,FF-34-CAM-4,36127.585055605,36127.586438587,36127.68577027,38.3330078125,38.3330078125,0,,0
7874,FF-34-CAM-4,36128.022693303,36128.023921722,36128.088534623,38.3330078125,38.3330078125,0,,0
7876,FF-34-CAM-4,36128.37688108,36128.377983406,36128.45072261,38.3330078125,38.3330078125,0,,0
7878,FF-34-CAM-4,36128.801241585,36128.802014727,36128.848126896,38.3330078125,38.3330078125,0,,0
7880,FF-34-CAM-4,36129.165539454,36129.167046392,36129.214084952,38.3330078125,38.3330078125,0,,0
7882,FF-34-CAM-4,36129.569972683,36129.573313498,36129.674531227,38.3330078125,38.3330078125,0,,0
7884,FF-34-CAM-4,36130.000642782,36130.001750321,36130.057139909,38.3330078125,38.3330078125,0,,0
7886,FF-34-CAM-4,36130.424217206,36130.425059474,36130.464928481,38.3330078125,38.3330078125,0,,0
7888,FF-34-CAM-4,36130.793307518,36130.794435657,36130.851290626,38.3330078125,38.3330078125,0,,0
7890,FF-34-CAM-4,36131.189099366,36131.190533308,36131.255249754,38.3330078125,38.3330078125,0,,0
7892,FF-34-CAM-4,36131.640043902,36131.641085178,36131.68807874,38.3330078125,38.3330078125,0,,0
7894,FF-34-CAM-4,36132.009037244,36132.010189571,36132.075823965,38.3330078125,38.3330078125,0,,0
7896,FF-34-CAM-4,36132.487420079,36132.491639715,36132.553587184,38.3330078125,38.3330078125,0,,0
7898,FF-34-CAM-4,36132.881499411,36132.882763789,36132.939613216,38.3330078125,38.3330078125,0,,0
7900,FF-34-CAM-4,36133.255172595,36133.257378814,36133.314985466,38.3330078125,38.3330078125,0,,0
7902,FF-34-CAM-4,36133.615861904,36133.617297918,36133.69441325,38.3330078125,38.3330078125,0,,0
7904,FF-34-CAM-4,36134.051692957,36134.052686239,36134.102272679,38.3330078125,38.3330078125,0,,0
7906,FF-34-CAM-4,36134.431134636,36134.432307589,36134.487368482,38.3330078125,38.3330078125,0,,0
7908,FF-34-CAM-4,36134.811132397,36134.812665674,36134.873967446,38.3330078125,38.3330078125,0,,0
7910,FF-34-CAM-4,36135.206184289,36135.208235417,36135.251511923,38.3330078125,38.3330078125,0,,0
7912,FF-34-CAM-4,36135.563660997,36135.564779731,36135.658126985,38.3330078125,38.3330078125,0,,0
7914,FF-34-CAM-4,36135.986281132,36135.988940218,36136.03510271,38.3330078125,38.3330078125,0,,0
7916,FF-34-CAM-4,36136.379759498,36136.387461295,36136.467771371,38.3330078125,38.3330078125,0,,0
7918,FF-34-CAM-4,36136.788735411,36136.789560374,36136.827730554,38.3330078125,38.3330078125,0,,0
7920,FF-34-CAM-4,36137.189284421,36137.191759518,36137.266282844,38.3330078125,38.3330078125,0,,0
7922,FF-34-CAM-4,36137.598310996,36137.599322016,36137.657905265,38.3330078125,38.3330078125,0,,0
7924,FF-34-CAM-4,36138.061137276,36138.063437069,36138.10682008,38.3330078125,38.3330078125,0,,0
7926,FF-34-CAM-4,36138.433042343,36138.435635393,36138.49665414,38.3330078125,38.3330078125,0,,0
7928,FF-34-CAM-4,36138.817642823,36138.818380554,36138.873269472,38.3330078125,38.3330078125,0,,0
7930,FF-34-CAM-4,36139.190091707,36139.19195413,36139.25602813,38.3330078125,38.3330078125,0,,0
7932,FF-34-CAM-4,36139.641457935,36139.642350209,36139.751085203,38.3330078125,38.3330078125,0,,0
7934,FF-34-CAM-4,36140.16151568,36140.162515956,36140.228559193,38.3330078125,38.3330078125,0,,0
7936,FF-34-CAM-4,36140.556380354,36140.557280556,36140.654269747,38.3330078125,38.3330078125,0,,0
7938,FF-34-CAM-4,36140.978714823,36140.979524012,36141.050334791,38.3330078125,38.3330078125,0,,0
7940,FF-34-CAM-4,36141.557362746,36141.560200711,36141.672433436,38.3330078125,38.3330078125,0,,0
7942,FF-34-CAM-4,36142.004142394,36142.005537174,36142.06635282,38.3330078125,38.3330078125,0,,0
7944,FF-34-CAM-4,36142.408058078,36142.40919833,36142.495924552,38.3330078125,38.3330078125,0,,0
7946,FF-34-CAM-4,36142.885137427,36142.887332218,36142.947034807,38.3330078125,38.3330078125,0,,0
7948,FF-34-CAM-4,36143.297424354,36143.298610433,36143.416112129,38.3330078125,38.3330078125,0,,0
7950,FF-34-CAM-4,36143.730824306,36143.733849998,36143.781046756,38.3330078125,38.3330078125,0,,0
7952,FF-34-CAM-4,36144.126501517,36144.12791757,36144.20835986,38.3330078125,38.3330078125,0,,0
7954,FF-34-CAM-4,36144.579413758,36144.580615023,36144.641788207,38.3330078125,38.3330078125,0,,0
7956,FF-34-CAM-4,36144.996326925,36144.997715008,36145.092918201,38.3330078125,38.3330078125,0,,0
7958,FF-34-CAM-4,36145.483352228,36145.485262942,36145.555793016,38.3330078125,38.3330078125,0,,0
7960,FF-34-CAM-4,36145.904394498,36145.906300549,36145.968715382,38.3330078125,38.3330078125,0,,0
7962,FF-34-CAM-4,36146.318031087,36146.319274518,36146.396413338,38.3330078125,38.3330078125,0,,0
7964,FF-34-CAM-4,36146.731085714,36146.732117714,36146.794099903,38.3330078125,38.3330078125,0,,0
7966,FF-34-CAM-4,36147.145884068,36147.14904656,36147.206604636,38.3330078125,38.3330078125,0,,0
7968,FF-34-CAM-4,36147.561492207,36147.562661075,36147.625074672,38.3330078125,38.3330078125,0,,0
7970,FF-34-CAM-4,36147.952689382,36147.953869925,36148.010697284,38.3330078125,38.3330078125,0,,0
7972,FF-34-CAM-4,36148.350184424,36148.350959908,36148.426387156,38.3330078125,38.3330078125,0,,0
7974,FF-34-CAM-4,36148.744502321,36148.745577212,36148.815199911,38.3330078125,38.3330078125,0,,0
7976,FF-34-CAM-4,36149.183308404,36149.184734721,36149.229375226,38.3330078125,38.3330078125,0,,0
7978,FF-34-CAM-4,36149.567698851,36149.572441094,36149.627329797,38.3330078125,38.3330078125,0,,0
7980,FF-34-CAM-4,36149.96240793,36149.963629275,36150.081317906,38.3330078125,38.3330078125,0,,0
7982,FF-34-CAM-4,36150.410086013,36150.411421405,36150.474916106,38.3330078125,38.3330078125,0,,0
7984,FF-34-CAM-4,36150.89703695,36150.899633437,36150.946719561,38.3330078125,38.3330078125,0,,0
7986,FF-34-CAM-4,36151.275786532,36151.276803035,36151.331151881,38.3330078125,38.3330078125,0,,0
7988,FF-34-CAM-4,36151.670285957,36151.672815286,36151.718801025,38.3330078125,38.3330078125,0,,0
7990,FF-34-CAM-4,36152.072329983,36152.073385295,36152.134168379,38.3330078125,38.3330078125,0,,0
7992,FF-34-CAM-4,36152.456296796,36152.457371445,36152.569839776,38.3330078125,38.3330078125,0,,0
7994,FF-34-CAM-4,36152.902734813,36152.903658434,36152.954727134,38.3330078125,38.3330078125,0,,0
7996,FF-34-CAM-4,36153.270308648,36153.27170962,36153.336262411,38.3330078125,38.3330078125,0,,0
7998,FF-34-CAM-4,36153.664559415,36153.665683668,36153.770414954,38.3330078125,38.3330078125,0,,0
8000,FF-34-CAM-4,36154.069804763,36154.070944864,36154.120204805,38.3330078125,38.3330078125,0,,0
8002,FF-34-CAM-4,36154.470142817,36154.47099166,36154.512092459,38.3330078125,38.3330078125,0,,0
8004,FF-34-CAM-4,36154.860542733,36154.861696944,36154.92553671,38.3330078125,38.3330078125,0,,0
8006,FF-34-CAM-4,36155.2168636,36155.218253497,36155.331399881,38.3330078125,38.3330078125,0,,0
8008,FF-34-CAM-4,36155.658396374,36155.65988233,36155.718980405,38.3330078125,38.3330078125,0,,0
8010,FF-34-CAM-4,36156.064037165,36156.065467638,36156.122413435,38.3330078125,38.3330078125,0,,0
8012,FF-34-CAM-4,36156.484607184,36156.487605044,36156.539951195,38.3330078125,38.3330078125,0,,0
8014,FF-34-CAM-4,36156.955596918,36156.9584021,36157.014656363,38.3330078125,38.3330078125,0,,0
8016,FF-34-CAM-4,36157.347485339,36157.348201739,36157.398265657,38.3330078125,38.3330078125,0,,0
8018,FF-34-CAM-4,36157.767746981,36157.770495183,36157.824535245,38.3330078125,38.3330078125,0,,0
8020,FF-34-CAM-4,36158.140042194,36158.144102181,36158.203185456,38.3330078125,38.3330078125,0,,0
8022,FF-34-CAM-4,36158.585965321,36158.58812604,36158.658193183,38.3330078125,38.3330078125,0,,0
8024,FF-34-CAM-4,36158.970331773,36158.973202956,36159.043225991,38.3330078125,38.3330078125,0,,0
8026,FF-34-CAM-4,36159.384612004,36159.386816821,36159.529691173,38.3330078125,38.3330078125,0,,0
8028,FF-34-CAM-4,36159.908052733,36159.908842924,36159.952631208,38.3330078125,38.3330078125,0,,0
8030,FF-34-CAM-4,36160.333089948,36160.334135599,36160.379348724,38.3330078125,38.3330078125,0,,0
8032,FF-34-CAM-4,36160.741442027,36160.742440854,36160.807068183,38.3330078125,38.3330078125,0,,0
8034,FF-34-CAM-4,36161.15233824,36161.153905516,36161.210759987,38.3330078125,38.3330078125,0,,0
8036,FF-34-CAM-4,36161.57020882,36161.571890271,36161.629748309,38.3330078125,38.3330078125,0,,0
8038,FF-34-CAM-4,36161.969725204,36161.973990987,36162.022945945,38.3330078125,38.3330078125,0,,0
8040,FF-34-CAM-4,36162.425732286,36162.426958514,36162.490127077,38.3330078125,38.3330078125,0,,0
8042,FF-34-CAM-4,36162.819727236,36162.821106885,36162.872270022,38.3330078125,38.3330078125,0,,0
8044,FF-34-CAM-4,36163.25813963,36163.260780605,36163.3015736,38.3330078125,38.3330078125,0,,0
8046,FF-34-CAM-4,36163.643812171,36163.644594419,36163.706347342,38.3330078125,38.3330078125,0,,0
8048,FF-34-CAM-4,36164.035501521,36164.036328255,36164.103732423,38.3330078125,38.3330078125,0,,0
8050,FF-34-CAM-4,36164.416787491,36164.417828135,36164.482942857,38.3330078125,38.3330078125,0,,0
8052,FF-34-CAM-4,36164.817454353,36164.818327657,36164.90062035,38.3330078125,38.3330078125,0,,0
8054,FF-34-CAM-4,36165.246428979,36165.247958089,36165.337769263,38.3330078125,38.3330078125,0,,0
8056,FF-34-CAM-4,36165.675037683,36165.676056458,36165.729809704,38.3330078125,38.3330078125,0,,0
8058,FF-34-CAM-4,36166.071788889,36166.072797588,36166.183649875,38.3330078125,38.3330078125,0,,0
8060,FF-34-CAM-4,36166.527817034,36166.528644494,36166.589684719,38.3330078125,38.3330078125,0,,0
8062,FF-34-CAM-4,36166.930581357,36166.931371284,36167.050657954,38.3330078125,38.3330078125,0,,0
8064,FF-34-CAM-4,36167.412649644,36167.422709071,36167.482720799,38.3330078125,38.3330078125,0,,0
8066,FF-34-CAM-4,36167.821030616,36167.825363506,36167.889647099,38.3330078125,38.3330078125,0,,0
8068,FF-34-CAM-4,36168.20761341,36168.209233956,36168.275421186,38.3330078125,38.3330078125,0,,0
8070,FF-34-CAM-4,36168.627892215,36168.630356447,36168.693957037,38.3330078125,38.3330078125,0,,0
8072,FF-34-CAM-4,36169.053044801,36169.054648996,36169.092166939,38.3330078125,38.3330078125,0,,0
8074,FF-34-CAM-4,36169.49226751,36169.494410592,36169.560334044,38.3330078125,38.3330078125,0,,0
8076,FF-34-CAM-4,36169.915498659,36169.916208168,36169.9584237,38.3330078125,38.3330078125,0,,0
8078,FF-34-CAM-4,36170.29677062,36170.29827681,36170.340315395,38.3330078125,38.3330078125,0,,0
8080,FF-34-CAM-4,36170.670110159,36170.670820656,36170.739245343,38.3330078125,38.3330078125,0,,0
8082,FF-34-CAM-4,36171.069611607,36171.076754684,36171.130548071,38.3330078125,38.3330078125,0,,0
8084,FF-34-CAM-4,36171.490746154,36171.491795595,36171.534713165,38.3330078125,38.3330078125,0,,0
8086,FF-34-CAM-4,36171.874040398,36171.875292314,36171.941645704,38.3330078125,38.3330078125,0,,0
8088,FF-34-CAM-4,36172.291305877,36172.292441354,36172.356482147,38.3330078125,38.3330078125,0,,0
8090,FF-34-CAM-4,36172.710048854,36172.712541405,36172.779654185,38.3330078125,38.3330078125,0,,0
8092,FF-34-CAM-4,36173.133473116,36173.135345835,36173.179142187,38.3330078125,38.3330078125,0,,0
8094,FF-34-CAM-4,36173.520402574,36173.52242574,36173.586997766,38.3330078125,38.3330078125,0,,0
8096,FF-34-CAM-4,36173.913359551,36173.914680358,36173.98159788,38.3330078125,38.3330078125,0,,0
8098,FF-34-CAM-4,36174.331059262,36174.333380241,36174.401656766,38.3330078125,38.3330078125,0,,0
8100,FF-34-CAM-4,36174.770099445,36174.77229124,36174.880756983,38.3330078125,38.3330078125,0,,0
8102,FF-34-CAM-4,36175.269482448,36175.27037256,36175.342792012,38.3330078125,38.3330078125,0,,0
8104,FF-34-CAM-4,36175.674708703,36175.67552604,36175.785364173,38.3330078125,38.3330078125,0,,0
8106,FF-34-CAM-4,36176.190421341,36176.192585891,36176.248422379,38.3330078125,38.3330078125,0,,0
8108,FF-34-CAM-4,36176.63144374,36176.63233105,36176.699722395,38.3330078125,38.3330078125,0,,0
8110,FF-34-CAM-4,36177.07190497,36177.073034549,36177.121873746,38.3330078125,38.3330078125,0,,0
8112,FF-34-CAM-4,36177.453548631,36177.454305083,36177.513331471,38.3330078125,38.3330078125,0,,0
8114,FF-34-CAM-4,36177.906601037,36177.907981381,36177.960962606,38.3330078125,38.3330078125,0,,0
8116,FF-34-CAM-4,36178.304059191,36178.304861898,36178.387444538,38.3330078125,38.3330078125,0,,0
8118,FF-34-CAM-4,36178.750015511,36178.751657612,36178.836977784,38.3330078125,38.3330078125,0,,0
8120,FF-34-CAM-4,36179.188369517,36179.189769114,36179.257779313,38.3330078125,38.3330078125,0,,0
8122,FF-34-CAM-4,36179.629788536,36179.630830724,36179.681312793,38.3330078125,38.3330078125,0,,0
8124,FF-34-CAM-4,36180.023713175,36180.024865744,36180.092402756,38.3330078125,38.3330078125,0,,0
8126,FF-34-CAM-4,36180.444775687,36180.446238372,36180.520953139,38.3330078125,38.3330078125,0,,0
8128,FF-34-CAM-4,36180.934544407,36180.936083655,36180.998464613,38.3330078125,38.3330078125,0,,0
8130,FF-34-CAM-4,36181.321780047,36181.323188895,36181.391711987,38.3330078125,38.3330078125,0,,0
8132,FF-34-CAM-4,36181.7727622,36181.774335129,36181.855156921,38.3330078125,38.3330078125,0,,0
8134,FF-34-CAM-4,36182.175828343,36182.17737176,36182.217423377,38.3330078125,38.3330078125,0,,0
8136,FF-34-CAM-4,36182.586470344,36182.587471895,36182.668461879,38.3330078125,38.3330078125,0,,0
8138,FF-34-CAM-4,36183.016017939,36183.017726719,36183.077266855,38.3330078125,38.3330078125,0,,0
8140,FF-34-CAM-4,36183.450954781,36183.452376645,36183.520310467,38.3330078125,38.3330078125,0,,0
8142,FF-34-CAM-4,36183.893780333,36183.895427862,36183.972152313,38.3330078125,38.3330078125,0,,0
8144,FF-34-CAM-4,36184.332059047,36184.337857246,36184.392267882,38.3330078125,38.3330078125,0,,0
8146,FF-34-CAM-4,36184.758074234,36184.759519106,36184.811423077,38.3330078125,38.3330078125,0,,0
8148,FF-34-CAM-4,36185.147620542,36185.150456667,36185.219340617,38.3330078125,38.3330078125,0,,0
8150,FF-34-CAM-4,36185.53667911,36185.537734969,36185.638455346,38.3330078125,38.3330078125,0,,0
8152,FF-34-CAM-4,36185.996187687,36185.997917365,36186.056921809,38.3330078125,38.3330078125,0,,0
8154,FF-34-CAM-4,36186.39895256,36186.399643676,36186.4816087,38.3330078125,38.3330078125,0,,0
8156,FF-34-CAM-4,36186.798730147,36186.801462126,36186.854129764,38.3330078125,38.3330078125,0,,0
8158,FF-34-CAM-4,36187.266695405,36187.268048948,36187.344675292,38.3330078125,38.3330078125,0,,0
8160,FF-34-CAM-4,36187.741837473,36187.743313102,36187.803206896,38.3330078125,38.3330078125,0,,0
8162,FF-34-CAM-4,36188.171953324,36188.17328351,36188.236081239,38.3330078125,38.3330078125,0,,0
8164,FF-34-CAM-4,36188.634828484,36188.636461149,36188.707881956,38.3330078125,38.3330078125,0,,0
8166,FF-34-CAM-4,36189.104040488,36189.105527253,36189.170579909,38.3330078125,38.3330078125,0,,0
8168,FF-34-CAM-4,36189.58158544,36189.583611984,36189.649314084,38.3330078125,38.3330078125,0,,0
8170,FF-34-CAM-4,36190.050862731,36190.052143003,36190.113240511,38.3330078125,38.3330078125,0,,0
8172,FF-34-CAM-4,36190.542240856,36190.543095669,36190.647571166,38.3330078125,38.3330078125,0,,0
8174,FF-34-CAM-4,36191.089653823,36191.090648886,36191.142322934,38.3330078125,38.3330078125,0,,0
8176,FF-34-CAM-4,36191.582194825,36191.58296771,36191.630785054,38.3330078125,38.3330078125,0,,0
8178,FF-34-CAM-4,36191.982493582,36191.984147884,36192.043422321,38.3330078125,38.3330078125,0,,0
8180,FF-34-CAM-4,36192.427615626,36192.428615493,36192.482716152,38.3330078125,38.3330078125,0,,0
8182,FF-34-CAM-4,36192.85943753,36192.86010935,36192.914547516,38.3330078125,38.3330078125,0,,0
8184,FF-34-CAM-4,36193.347242141,36193.348288956,36193.415662773,38.3330078125,38.3330078125,0,,0
8186,FF-34-CAM-4,36193.84474463,36193.85505049,36193.932393573,38.3330078125,38.3330078125,0,,0
8188,FF-34-CAM-4,36194.280074717,36194.282410551,36194.345826226,38.3330078125,38.3330078125,0,,0
8190,FF-34-CAM-4,36194.720662398,36194.723224015,36194.780344231,38.3330078125,38.3330078125,0,,0
8192,FF-34-CAM-4,36195.163770139,36195.164760216,36195.213704346,38.3330078125,38.3330078125,0,,0
8194,FF-34-CAM-4,36195.570070545,36195.572614246,36195.632954744,38.3330078125,38.3330078125,0,,0
8196,FF-34-CAM-4,36196.02602324,36196.027775682,36196.090707668,38.3330078125,38.3330078125,0,,0
8198,FF-34-CAM-4,36196.450414214,36196.452653339,36196.54312714,38.3330078125,38.3330078125,0,,0
8200,FF-34-CAM-4,36196.936155238,36196.937720416,36196.988795202,38.3330078125,38.3330078125,0,,0
8202,FF-34-CAM-4,36197.365781526,36197.366752654,36197.455741538,38.3330078125,38.3330078125,0,,0
8204,FF-34-CAM-4,36197.826684722,36197.82876653,36197.875340239,38.3330078125,38.3330078125,0,,0
8206,FF-34-CAM-4,36198.252949275,36198.254043054,36198.317794901,38.3330078125,38.3330078125,0,,0
8208,FF-34-CAM-4,36198.682526473,36198.683616014,36198.740175921,38.3330078125,38.3330078125,0,,0
8210,FF-34-CAM-4,36199.12143723,36199.123212173,36199.17710545,38.3330078125,38.3330078125,0,,0
8212,FF-34-CAM-4,36199.488453084,36199.489476827,36199.55942534,38.3330078125,38.3330078125,0,,0
8214,FF-34-CAM-4,36199.879260422,36199.880541549,36199.94559631,38.3330078125,38.3330078125,0,,0
8216,FF-34-CAM-4,36200.265263446,36200.265945715,36200.337397002,38.3330078125,38.3330078125,0,,0
8218,FF-34-CAM-4,36200.671664513,36200.673105631,36200.729960113,38.3330078125,38.3330078125,0,,0
8220,FF-34-CAM-4,36201.096116193,36201.097631973,36201.157508348,38.3330078125,38.3330078125,0,,0
8222,FF-34-CAM-4,36201.478997583,36201.482774901,36201.537963016,38.3330078125,38.3330078125,0,,0
8224,FF-34-CAM-4,36201.898553853,36201.899663518,36201.983667244,38.3330078125,38.3330078125,0,,0
8226,FF-34-CAM-4,36202.356653404,36202.358800407,36202.43421638,38.3330078125,38.3330078125,0,,0
8228,FF-34-CAM-4,36202.859547295,36202.861209448,36202.963873378,38.3330078125,38.3330078125,0,,0
8230,FF-34-CAM-4,36203.355921092,36203.3601034,36203.440352191,38.3330078125,38.3330078125,0,,0
8232,FF-34-CAM-4,36203.788320472,36203.789309213,36203.867175655,38.3330078125,38.3330078125,0,,0
8234,FF-34-CAM-4,36204.193834361,36204.197042169,36204.244171263,38.3330078125,38.3330078125,0,,0
8236,FF-34-CAM-4,36204.599936036,36204.602373917,36204.636806865,38.3330078125,38.3330078125,0,,0
8238,FF-34-CAM-4,36205.106857909,36205.107628638,36205.169326182,38.3330078125,38.3330078125,0,,0
8240,FF-34-CAM-4,36205.45872504,36205.460434038,36205.557300841,38.3330078125,38.3330078125,0,,0
8242,FF-34-CAM-4,36205.89563035,36205.896819744,36205.942608115,38.3330078125,38.3330078125,0,,0
8244,FF-34-CAM-4,36206.28039879,36206.282606109,36206.381057541,38.3330078125,38.3330078125,0,,0
8248,FF-34-CAM-4,36207.135390358,36207.138502894,36207.199540812,38.33349609375,38.3330078125,0,,0
8252,FF-34-CAM-4,36207.955023297,36207.956143437,36208.021284032,38.33349609375,38.3330078125,0,,0
8254,FF-34-CAM-4,36208.403180804,36208.404084911,36208.454625435,38.3330078125,38.3330078125,0,,0
8256,FF-34-CAM-4,36208.777291152,36208.7781414,36208.831405298,38.3330078125,38.3330078125,0,,0
8258,FF-34-CAM-4,36209.231222285,36209.232486658,36209.319485123,38.3330078125,38.3330078125,0,,0
8260,FF-34-CAM-4,36209.654676445,36209.655426064,36209.732228577,38.3330078125,38.3330078125,0,,0
8262,FF-34-CAM-4,36210.110120971,36210.111140694,36210.195661191,38.3330078125,38.3330078125,0,,0
8264,FF-34-CAM-4,36210.513228954,36210.514346406,36210.572104158,38.3330078125,38.3330078125,0,,0
8266,FF-34-CAM-4,36210.894894611,36210.89606677,36210.960156883,38.3330078125,38.3330078125,0,,0
8268,FF-34-CAM-4,36211.358798333,36211.359403568,36211.419411147,38.3330078125,38.3330078125,0,,0
8270,FF-34-CAM-4,36211.758234056,36211.759524214,36211.85044979,38.3330078125,38.3330078125,0,,0
8272,FF-34-CAM-4,36212.179644803,36212.180603315,36212.225108125,38.3330078125,38.3330078125,0,,0
8274,FF-34-CAM-4,36212.529354571,36212.530950231,36212.610429906,38.3330078125,38.3330078125,0,,0
8276,FF-34-CAM-4,36212.946121837,36212.946994466,36213.058302672,38.3330078125,38.3330078125,0,,0
8278,FF-34-CAM-4,36213.500159405,36213.501498023,36213.547602494,38.3330078125,38.3330078125,0,,0
8280,FF-34-CAM-4,36213.888702872,36213.890122997,36213.949803815,38.3330078125,38.3330078125,0,,0
8282,FF-34-CAM-4,36214.262715495,36214.263938631,36214.331607664,38.3330078125,38.3330078125,0,,0
8284,FF-34-CAM-4,36214.7179889,36214.719906518,36214.783434405,38.3330078125,38.3330078125,0,,0
8286,FF-34-CAM-4,36215.140838776,36215.141373962,36215.170123415,38.3330078125,38.3330078125,0,,0
8288,FF-34-CAM-4,36215.542021445,36215.543150456,36215.59230889,38.3330078125,38.3330078125,0,,0
8290,FF-34-CAM-4,36215.92237239,36215.923296516,36216.012511857,38.3330078125,38.3330078125,0,,0
8292,FF-34-CAM-4,36216.355970919,36216.358461771,36216.428202022,38.3330078125,38.3330078125,0,,0
8294,FF-34-CAM-4,36216.752198339,36216.753511046,36216.800359279,38.3330078125,38.3330078125,0,,0
8296,FF-34-CAM-4,36217.142564061,36217.143653037,36217.198771172,38.3330078125,38.3330078125,0,,0
8298,FF-34-CAM-4,36217.543259986,36217.544676141,36217.611560952,38.3330078125,38.3330078125,0,,0
8300,FF-34-CAM-4,36217.937028981,36217.938267997,36217.989959385,38.3330078125,38.3330078125,0,,0
8302,FF-34-CAM-4,36218.340809415,36218.341732782,36218.397463042,38.3330078125,38.3330078125,0,,0
8304,FF-34-CAM-4,36218.715210132,36218.716035812,36218.826722815,38.3330078125,38.3330078125,0,,0
8306,FF-34-CAM-4,36219.16789965,36219.168595997,36219.221592751,38.3330078125,38.3330078125,0,,0
8308,FF-34-CAM-4,36219.575857996,36219.577595061,36219.63322331,38.3330078125,38.3330078125,0,,0
8310,FF-34-CAM-4,36219.953986852,36219.95568818,36220.011627325,38.3330078125,38.3330078125,0,,0
8312,FF-34-CAM-4,36220.34625095,36220.350085145,36220.462458546,38.3330078125,38.3330078125,0,,0
8314,FF-34-CAM-4,36220.834435051,36220.835984997,36220.901429956,38.3330078125,38.3330078125,0,,0
8316,FF-34-CAM-4,36221.296735375,36221.297665662,36221.394161878,38.3330078125,38.3330078125,0,,0
8318,FF-34-CAM-4,36221.755664606,36221.756707231,36221.817022352,38.3330078125,38.3330078125,0,,0
8320,FF-34-CAM-4,36222.186147513,36222.187706009,36222.249885208,38.3330078125,38.3330078125,0,,0
8322,FF-34-CAM-4,36222.591772094,36222.59313735,36222.683044245,38.3330078125,38.3330078125,0,,0
8324,FF-34-CAM-4,36223.034379882,36223.035357732,36223.076059797,38.3330078125,38.3330078125,0,,0
8326,FF-34-CAM-4,36223.455386267,36223.45634168,36223.523476661,38.3330078125,38.3330078125,0,,0
8328,FF-34-CAM-4,36223.821254298,36223.822483919,36223.915975086,38.3330078125,38.3330078125,0,,0
8330,FF-34-CAM-4,36224.305899619,36224.307054687,36224.355053642,38.3330078125,38.3330078125,0,,0
8332,FF-34-CAM-4,36224.723099521,36224.725924197,36224.773468874,38.3330078125,38.3330078125,0,,0
8334,FF-34-CAM-4,36225.12086558,36225.123553422,36225.170828976,38.3330078125,38.3330078125,0,,0
8336,FF-34-CAM-4,36225.51572517,36225.518639191,36225.60917498,38.3330078125,38.3330078125,0,,0
8338,FF-34-CAM-4,36225.931780415,36225.933129061,36225.975945407,38.3330078125,38.3330078125,0,,0
8340,FF-34-CAM-4,36226.333097556,36226.334252391,36226.404170987,38.3330078125,38.3330078125,0,,0
8342,FF-34-CAM-4,36226.759287342,36226.762176794,36226.824767609,38.3330078125,38.3330078125,0,,0
8344,FF-34-CAM-4,36227.177587031,36227.178631785,36227.263945391,38.3330078125,38.3330078125,0,,0
8346,FF-34-CAM-4,36227.605351374,36227.609107835,36227.666194896,38.3330078125,38.3330078125,0,,0
8348,FF-34-CAM-4,36228.034762048,36228.03760137,36228.096848147,38.3330078125,38.3330078125,0,,0
8350,FF-34-CAM-4,36228.481286578,36228.482482103,36228.533117298,38.3330078125,38.3330078125,0,,0
8352,FF-34-CAM-4,36228.863577872,36228.870285389,36228.950971239,38.3330078125,38.3330078125,0,,0
8354,FF-34-CAM-4,36229.310949843,36229.312295616,36229.362089368,38.3330078125,38.3330078125,0,,0
8356,FF-34-CAM-4,36229.721963963,36229.722778886,36229.789866689,38.3330078125,38.3330078125,0,,0
8358,FF-34-CAM-4,36230.176535425,36230.17797072,36230.227643235,38.3330078125,38.3330078125,0,,0
8360,FF-34-CAM-4,36230.616515025,36230.618913951,36230.670557401,38.3330078125,38.3330078125,0,,0
8362,FF-34-CAM-4,36231.079429556,36231.080567891,36231.149292865,38.3330078125,38.3330078125,0,,0
8364,FF-34-CAM-4,36231.494447114,36231.497608411,36231.556610323,38.3330078125,38.3330078125,0,,0
8366,FF-34-CAM-4,36231.871323924,36231.874225938,36231.939201828,38.3330078125,38.3330078125,0,,0
8368,FF-34-CAM-4,36232.305992834,36232.307622063,36232.408100437,38.3330078125,38.3330078125,0,,0
8370,FF-34-CAM-4,36232.777859775,36232.778817279,36232.8272051,38.3330078125,38.3330078125,0,,0
8372,FF-34-CAM-4,36233.201707344,36233.202324134,36233.248843452,38.3330078125,38.3330078125,0,,0
8374,FF-34-CAM-4,36233.580326417,36233.58089883,36233.665518663,38.3330078125,38.3330078125,0,,0
8376,FF-34-CAM-4,36234.040563052,36234.041784109,36234.103398909,38.3330078125,38.3330078125,0,,0
8378,FF-34-CAM-4,36234.447280026,36234.449770679,36234.500449433,38.3330078125,38.3330078125,0,,0
8380,FF-34-CAM-4,36234.937114484,36234.938677528,36234.993533424,38.3330078125,38.3330078125,0,,0
8382,FF-34-CAM-4,36235.288023847,36235.289274535,36235.342348271,38.3330078125,38.3330078125,0,,0
8384,FF-34-CAM-4,36235.718646569,36235.720019549,36235.776748259,38.3330078125,38.3330078125,0,,0
8386,FF-34-CAM-4,36236.101736996,36236.103380075,36236.155211148,38.3330078125,38.3330078125,0,,0
8388,FF-34-CAM-4,36236.485529368,36236.486890403,36236.580391844,38.3330078125,38.3330078125,0,,0
8390,FF-34-CAM-4,36236.946378046,36236.947767412,36237.005756231,38.3330078125,38.3330078125,0,,0
8392,FF-34-CAM-4,36237.342540952,36237.343417367,36237.397178441,38.3330078125,38.3330078125,0,,0
8394,FF-34-CAM-4,36237.896644936,36237.898875093,36237.989360835,38.3330078125,38.3330078125,0,,0
8396,FF-34-CAM-4,36238.337395429,36238.33824339,36238.386061065,38.3330078125,38.3330078125,0,,0
8398,FF-34-CAM-4,36238.79850646,36238.801453405,36238.847436955,38.3330078125,38.3330078125,0,,0
8400,FF-34-CAM-4,36239.245207504,36239.246431603,36239.308943316,38.3330078125,38.3330078125,0,,0
8402,FF-34-CAM-4,36239.701104376,36239.703442075,36239.745637636,38.3330078125,38.3330078125,0,,0
8404,FF-34-CAM-4,36240.120566435,36240.12199388,36240.175693218,38.3330078125,38.3330078125,0,,0
8406,FF-34-CAM-4,36240.548414117,36240.550504614,36240.637019362,38.3330078125,38.3330078125,0,,0
8408,FF-34-CAM-4,36240.964588423,36240.965405197,36241.043387508,38.3330078125,38.3330078125,0,,0
8410,FF-34-CAM-4,36241.391680849,36241.393673319,36241.462867664,38.3330078125,38.3330078125,0,,0
8412,FF-34-CAM-4,36241.861285894,36241.862830078,36241.966743736,38.3330078125,38.3330078125,0,,0
8414,FF-34-CAM-4,36242.378199808,36242.388036547,36242.445949101,38.3330078125,38.3330078125,0,,0
8416,FF-34-CAM-4,36242.815986258,36242.817081544,36242.863780982,38.3330078125,38.3330078125,0,,0
8418,FF-34-CAM-4,36243.30619399,36243.307418866,36243.355249578,38.3330078125,38.3330078125,0,,0
8420,FF-34-CAM-4,36243.725095689,36243.726260559,36243.794771837,38.3330078125,38.3330078125,0,,0
8422,FF-34-CAM-4,36244.169522876,36244.17123077,36244.226313998,38.3330078125,38.3330078125,0,,0
8424,FF-34-CAM-4,36244.57933197,36244.580124109,36244.640681512,38.3330078125,38.3330078125,0,,0
8426,FF-34-CAM-4,36244.966609751,36244.967239204,36245.072850589,38.3330078125,38.3330078125,0,,0
8428,FF-34-CAM-4,36245.457638848,36245.459262091,36245.517110888,38.3330078125,38.3330078125,0,,0
8430,FF-34-CAM-4,36245.823588858,36245.825303794,36245.890646252,38.3330078125,38.3330078125,0,,0
8432,FF-34-CAM-4,36246.228041775,36246.229329623,36246.329103632,38.3330078125,38.3330078125,0,,0
8434,FF-34-CAM-4,36246.613612817,36246.614715038,36246.682260421,38.3330078125,38.3330078125,0,,0
8436,FF-34-CAM-4,36247.043356485,36247.044651632,36247.087501794,38.3330078125,38.3330078125,0,,0
8438,FF-34-CAM-4,36247.396199856,36247.398365588,36247.51730768,38.3330078125,38.3330078125,0,,0
8440,FF-34-CAM-4,36247.84337998,36247.844877581,36247.914699002,38.3330078125,38.3330078125,0,,0
8442,FF-34-CAM-4,36248.205839341,36248.207120602,36248.287428971,38.3330078125,38.3330078125,0,,0
8444,FF-34-CAM-4,36248.623555891,36248.624689257,36248.703635572,38.3330078125,38.3330078125,0,,0
8446,FF-34-CAM-4,36248.966515639,36248.967676133,36249.023312333,38.3330078125,38.3330078125,0,,0
8448,FF-34-CAM-4,36249.461307191,36249.463162154,36249.535921353,38.3330078125,38.3330078125,0,,0
8450,FF-34-CAM-4,36249.927215716,36249.928753025,36249.998753506,38.3330078125,38.3330078125,0,,0
8452,FF-34-CAM-4,36250.335423262,36250.336455475,36250.398092838,38.3330078125,38.3330078125,0,,0
8454,FF-34-CAM-4,36250.706900391,36250.708767528,36250.762824439,38.3330078125,38.3330078125,0,,0
8456,FF-34-CAM-4,36251.098298766,36251.104489704,36251.173839919,38.3330078125,38.3330078125,0,,0
8458,FF-34-CAM-4,36251.527863948,36251.529984126,36251.592619175,38.3330078125,38.3330078125,0,,0
8460,FF-34-CAM-4,36251.901597586,36251.902613659,36252.005107087,38.3330078125,38.3330078125,0,,0
8462,FF-34-CAM-4,36252.319248132,36252.321155196,36252.370877981,38.3330078125,38.3330078125,0,,0
8464,FF-34-CAM-4,36252.737783258,36252.739688151,36252.803821358,38.3330078125,38.3330078125,0,,0
8466,FF-34-CAM-4,36253.180632454,36253.181859012,36253.254520125,38.3330078125,38.3330078125,0,,0
8468,FF-34-CAM-4,36253.752168618,36253.753471752,36253.835684553,38.3330078125,38.3330078125,0,,0
8470,FF-34-CAM-4,36254.172298814,36254.173859128,36254.237963628,38.3330078125,38.3330078125,0,,0
8472,FF-34-CAM-4,36254.592873187,36254.593516045,36254.642521484,38.3330078125,38.3330078125,0,,0
8474,FF-34-CAM-4,36255.048354071,36255.049643266,36255.11927575,38.3330078125,38.3330078125,0,,0
8476,FF-34-CAM-4,36255.428476633,36255.429088422,36255.511739521,38.3330078125,38.3330078125,0,,0
8478,FF-34-CAM-4,36255.824876136,36255.825845998,36255.883242031,38.3330078125,38.3330078125,0,,0
8480,FF-34-CAM-4,36256.268556315,36256.269636627,36256.359929149,38.3330078125,38.3330078125,0,,0
8482,FF-34-CAM-4,36256.727023133,36256.729450485,36256.778585986,38.3330078125,38.3330078125,0,,0
8484,FF-34-CAM-4,36257.100647075,36257.102384104,36257.164203871,38.3330078125,38.3330078125,0,,0
8486,FF-34-CAM-4,36257.490272271,36257.491244343,36257.551903532,38.3330078125,38.3330078125,0,,0
8488,FF-34-CAM-4,36257.909569393,36257.911449545,36257.983428918,38.3330078125,38.3330078125,0,,0
8490,FF-34-CAM-4,36258.3339403,36258.335844599,36258.416890563,38.3330078125,38.3330078125,0,,0
8492,FF-34-CAM-4,36258.817055468,36258.818368792,36258.872409748,38.3330078125,38.3330078125,0,,0
8494,FF-34-CAM-4,36259.205999628,36259.206982302,36259.258720944,38.3330078125,38.3330078125,0,,0
8496,FF-34-CAM-4,36259.673045809,36259.674149913,36259.736896402,38.3330078125,38.3330078125,0,,0
8498,FF-34-CAM-4,36260.155544159,36260.15682765,36260.235164537,38.3330078125,38.3330078125,0,,0
8500,FF-34-CAM-4,36260.559352169,36260.560572872,36260.631370736,38.3330078125,38.3330078125,0,,0
8502,FF-34-CAM-4,36261.06457202,36261.067167356,36261.129887387,38.3330078125,38.3330078125,0,,0
8504,FF-34-CAM-4,36261.434975472,36261.436094005,36261.498734644,38.3330078125,38.3330078125,0,,0
8506,FF-34-CAM-4,36261.855401712,36261.857600309,36261.895586723,38.3330078125,38.3330078125,0,,0
8508,FF-34-CAM-4,36262.193868845,36262.19613143,36262.254244241,38.3330078125,38.3330078125,0,,0
8510,FF-34-CAM-4,36262.656075137,36262.657977006,36262.70617171,38.3330078125,38.3330078125,0,,0
8512,FF-34-CAM-4,36263.047378267,36263.047992951,36263.104846517,38.3330078125,38.3330078125,0,,0
8514,FF-34-CAM-4,36263.488967703,36263.490170075,36263.590402467,38.3330078125,38.3330078125,0,,0
8516,FF-34-CAM-4,36263.947921547,36263.948676753,36263.994316442,38.3330078125,38.3330078125,0,,0
8518,FF-34-CAM-4,36264.355890124,36264.361791356,36264.407496657,38.3330078125,38.3330078125,0,,0
8520,FF-34-CAM-4,36264.72024073,36264.72118634,36264.769712075,38.3330078125,38.3330078125,0,,0
8522,FF-34-CAM-4,36265.07532404,36265.077381224,36265.121840376,38.3330078125,38.3330078125,0,,0
8524,FF-34-CAM-4,36265.501293296,36265.502610033,36265.549944701,38.3330078125,38.3330078125,0,,0
8526,FF-34-CAM-4,36265.897743204,36265.898450859,36265.965968567,38.3330078125,38.3330078125,0,,0
8528,FF-34-CAM-4,36266.333544025,36266.334452391,36266.3848975,38.3330078125,38.3330078125,0,,0
8530,FF-34-CAM-4,36266.687131779,36266.688272421,36266.740083597,38.3330078125,38.3330078125,0,,0
8532,FF-34-CAM-4,36267.067721555,36267.068531884,36267.117298839,38.3330078125,38.3330078125,0,,0
8534,FF-34-CAM-4,36267.42239687,36267.423633342,36267.476372526,38.3330078125,38.3330078125,0,,0
8536,FF-34-CAM-4,36267.78869173,36267.789901796,36267.835644708,38.3330078125,38.3330078125,0,,0
8538,FF-34-CAM-4,36268.134018426,36268.134965487,36268.188387348,38.3330078125,38.3330078125,0,,0
8540,FF-34-CAM-4,36268.497696762,36268.499247468,36268.548321823,38.3330078125,38.3330078125,0,,0
8542,FF-34-CAM-4,36268.860256284,36268.860920977,36268.906545406,38.3330078125,38.3330078125,0,,0
8544,FF-34-CAM-4,36269.231103368,36269.231801169,36269.299037338,38.3330078125,38.3330078125,0,,0
8546,FF-34-CAM-4,36269.616922439,36269.618187268,36269.679063018,38.3330078125,38.3330078125,0,,0
8548,FF-34-CAM-4,36270.019600997,36270.020644281,36270.067286713,38.3330078125,38.3330078125,0,,0
8550,FF-34-CAM-4,36270.36735165,36270.368416385,36270.414271102,38.3330078125,38.3330078125,0,,0
8552,FF-34-CAM-4,36270.725613966,36270.726412859,36270.778588123,38.3330078125,38.3330078125,0,,0
8554,FF-34-CAM-4,36271.035312321,36271.036219645,36271.133543373,38.3330078125,38.3330078125,0,,0
8556,FF-34-CAM-4,36271.450583817,36271.452536687,36271.507380815,38.3330078125,38.3330078125,0,,0
8558,FF-34-CAM-4,36271.789481174,36271.790536214,36271.827782862,38.3330078125,38.3330078125,0,,0
8560,FF-34-CAM-4,36272.133069421,36272.135914348,36272.175811415,38.3330078125,38.3330078125,0,,0
8562,FF-34-CAM-4,36272.520726287,36272.521634511,36272.631158582,38.3330078125,38.3330078125,0,,0
8564,FF-34-CAM-4,36272.854757076,36272.855786445,36272.927077581,38.3330078125,38.3330078125,0,,0
8566,FF-34-CAM-4,36273.266719836,36273.26754816,36273.30556803,38.3330078125,38.3330078125,0,,0
8568,FF-34-CAM-4,36273.636696601,36273.637791952,36273.690617152,38.3330078125,38.3330078125,0,,0
8570,FF-34-CAM-4,36273.991248504,36273.993680572,36274.042095506,38.3330078125,38.3330078125,0,,0
8572,FF-34-CAM-4,36274.334479511,36274.335575255,36274.375883705,38.3330078125,38.3330078125,0,,0
8574,FF-34-CAM-4,36274.707643301,36274.710670438,36274.773603461,38.3330078125,38.3330078125,0,,0
8576,FF-34-CAM-4,36275.063162161,36275.064179003,36275.114944377,38.3330078125,38.3330078125,0,,0
8578,FF-34-CAM-4,36275.371933414,36275.373111341,36275.418064815,38.3330078125,38.3330078125,0,,0
8580,FF-34-CAM-4,36275.790120216,36275.796494287,36275.844111344,38.3330078125,38.3330078125,0,,0
8582,FF-34-CAM-4,36276.137756554,36276.13832393,36276.202397931,38.3330078125,38.3330078125,0,,0
8584,FF-34-CAM-4,36276.515898202,36276.516934213,36276.5713893,38.3330078125,38.3330078125,0,,0
8586,FF-34-CAM-4,36276.904947843,36276.905769283,36276.977562971,38.3330078125,38.3330078125,0,,0
8588,FF-34-CAM-4,36277.274910227,36277.275823933,36277.330158562,38.3330078125,38.3330078125,0,,0
8590,FF-34-CAM-4,36277.632876686,36277.634057659,36277.684377976,38.3330078125,38.3330078125,0,,0
8592,FF-34-CAM-4,36277.997625476,36277.999468708,36278.050054182,38.3330078125,38.3330078125,0,,0
8594,FF-34-CAM-4,36278.353034293,36278.354019675,36278.468975405,38.3330078125,38.3330078125,0,,0
8596,FF-34-CAM-4,36278.739175146,36278.740259986,36278.84071121,38.3330078125,38.3330078125,0,,0
8600,FF-34-CAM-4,36279.475209894,36279.477817702,36279.523729443,38.33349609375,38.3330078125,0,,0
8602,FF-34-CAM-4,36279.838852385,36279.843729741,36279.898827592,38.3330078125,38.3330078125,0,,0
8604,FF-34-CAM-4,36280.182022628,36280.183100822,36280.228583586,38.3330078125,38.3330078125,0,,0
8606,FF-34-CAM-4,36280.530047512,36280.530955814,36280.572932762,38.3330078125,38.3330078125,0,,0
8608,FF-34-CAM-4,36280.917369957,36280.918236388,36280.979741055,38.3330078125,38.3330078125,0,,0
8610,FF-34-CAM-4,36281.248794356,36281.249710896,36281.305470072,38.3330078125,38.3330078125,0,,0
8612,FF-34-CAM-4,36281.6200455,36281.621216684,36281.664342082,38.3330078125,38.3330078125,0,,0
8614,FF-34-CAM-4,36282.002950108,36282.003867402,36282.092990579,38.3330078125,38.3330078125,0,,0
8616,FF-34-CAM-4,36282.418915777,36282.420233207,36282.475676409,38.3330078125,38.3330078125,0,,0
8618,FF-34-CAM-4,36282.79086877,36282.792133285,36282.861713601,38.3330078125,38.3330078125,0,,0
8620,FF-34-CAM-4,36283.261502682,36283.262470475,36283.322442767,38.3330078125,38.3330078125,0,,0
8622,FF-34-CAM-4,36283.640373751,36283.644916975,36283.702915304,38.3330078125,38.3330078125,0,,0
8624,FF-34-CAM-4,36284.021161377,36284.02212246,36284.072758255,38.3330078125,38.3330078125,0,,0
8626,FF-34-CAM-4,36284.4243124,36284.42573425,36284.500319284,38.3330078125,38.3330078125,0,,0
8628,FF-34-CAM-4,36284.818421978,36284.819604516,36284.87221318,38.3330078125,38.3330078125,0,,0
8630,FF-34-CAM-4,36285.220686214,36285.222320306,36285.277419895,38.3330078125,38.3330078125,0,,0
8632,FF-34-CAM-4,36285.706211217,36285.707376205,36285.760800022,38.3330078125,38.3330078125,0,,0
8634,FF-34-CAM-4,36286.108623737,36286.109302091,36286.191340224,38.3330078125,38.3330078125,0,,0
8636,FF-34-CAM-4,36286.558028377,36286.558961252,36286.619655511,38.3330078125,38.3330078125,0,,0
8638,FF-34-CAM-4,36287.00203465,36287.003306085,36287.073096641,38.3330078125,38.3330078125,0,,0
8640,FF-34-CAM-4,36287.360773922,36287.361819485,36287.414603081,38.3330078125,38.3330078125,0,,0
8642,FF-34-CAM-4,36287.716137214,36287.717169757,36287.780228534,38.3330078125,38.3330078125,0,,0
8644,FF-34-CAM-4,36288.099105637,36288.101557135,36288.214814609,38.3330078125,38.3330078125,0,,0
8646,FF-34-CAM-4,36288.503333076,36288.504564989,36288.561659774,38.3330078125,38.3330078125,0,,0
8648,FF-34-CAM-4,36288.878233034,36288.879536991,36288.921962769,38.3330078125,38.3330078125,0,,0
8650,FF-34-CAM-4,36289.322299638,36289.323837426,36289.39556314,38.3330078125,38.3330078125,0,,0
8652,FF-34-CAM-4,36289.710037409,36289.712569898,36289.796642106,38.3330078125,38.3330078125,0,,0
8654,FF-34-CAM-4,36290.117968277,36290.123179984,36290.208275294,38.3330078125,38.3330078125,0,,0
8656,FF-34-CAM-4,36290.527420986,36290.52959715,36290.580674631,38.3330078125,38.3330078125,0,,0
8658,FF-34-CAM-4,36290.901457684,36290.904521023,36290.963534183,38.3330078125,38.3330078125,0,,0
8660,FF-34-CAM-4,36291.275340934,36291.276519548,36291.350344888,38.3330078125,38.3330078125,0,,0
8662,FF-34-CAM-4,36291.697538555,36291.698243987,36291.790827685,38.3330078125,38.3330078125,0,,0
8664,FF-34-CAM-4,36292.12225205,36292.123587833,36292.182600819,38.3330078125,38.3330078125,0,,0
8666,FF-34-CAM-4,36292.502921623,36292.505100231,36292.572978214,38.3330078125,38.3330078125,0,,0
8668,FF-34-CAM-4,36292.889626317,36292.890782167,36293.009391539,38.3330078125,38.3330078125,0,,0
8670,FF-34-CAM-4,36293.359335703,36293.360202757,36293.405382745,38.3330078125,38.3330078125,0,,0
8672,FF-34-CAM-4,36293.767696565,36293.768644725,36293.829799161,38.3330078125,38.3330078125,0,,0
8674,FF-34-CAM-4,36294.166565166,36294.167489835,36294.25686208,38.3330078125,38.3330078125,0,,0
8676,FF-34-CAM-4,36294.583947947,36294.585012787,36294.65306427,38.3330078125,38.3330078125,0,,0
8678,FF-34-CAM-4,36295.010171703,36295.011826192,36295.093993967,38.3330078125,38.3330078125,0,,0
8680,FF-34-CAM-4,36295.435904084,36295.437232753,36295.498867497,38.3330078125,38.3330078125,0,,0
8682,FF-34-CAM-4,36295.853977631,36295.855822,36295.909333676,38.3330078125,38.3330078125,0,,0
8684,FF-34-CAM-4,36296.272425057,36296.279431604,36296.346562411,38.3330078125,38.3330078125,0,,0
8686,FF-34-CAM-4,36296.760062106,36296.760972673,36296.831721038,38.3330078125,38.3330078125,0,,0
8688,FF-34-CAM-4,36297.266046355,36297.268393508,36297.325429901,38.3330078125,38.3330078125,0,,0
8690,FF-34-CAM-4,36297.69918335,36297.701951744,36297.763195667,38.3330078125,38.3330078125,0,,0
8692,FF-34-CAM-4,36298.074932873,36298.076294932,36298.124325597,38.3330078125,38.3330078125,0,,0
8694,FF-34-CAM-4,36298.470530512,36298.47168464,36298.522862119,38.3330078125,38.3330078125,0,,0
8696,FF-34-CAM-4,36298.871707335,36298.873387809,36298.932389128,38.3330078125,38.3330078125,0,,0
8698,FF-34-CAM-4,36299.305618579,36299.308097674,36299.366693253,38.3330078125,38.3330078125,0,,0
8700,FF-34-CAM-4,36299.705870754,36299.706592215,36299.780601026,38.3330078125,38.3330078125,0,,0
8702,FF-34-CAM-4,36300.119382776,36300.120691155,36300.183132904,38.3330078125,38.3330078125,0,,0
8704,FF-34-CAM-4,36300.492588634,36300.49330979,36300.552346554,38.3330078125,38.3330078125,0,,0
8706,FF-34-CAM-4,36300.876105823,36300.877354267,36300.927133229,38.3330078125,38.3330078125,0,,0
8708,FF-34-CAM-4,36301.24756471,36301.248868881,36301.2898594,38.3330078125,38.3330078125,0,,0
8710,FF-34-CAM-4,36301.643185804,36301.644862298,36301.723730596,38.3330078125,38.3330078125,0,,0
8712,FF-34-CAM-4,36302.073292951,36302.074317633,36302.179229975,38.3330078125,38.3330078125,0,,0
8714,FF-34-CAM-4,36302.483590868,36302.485041551,36302.539458371,38.3330078125,38.3330078125,0,,0
8716,FF-34-CAM-4,36302.879745089,36302.883423509,36302.925745072,38.3330078125,38.3330078125,0,,0
8718,FF-34-CAM-4,36303.235358663,36303.236274277,36303.29716365,38.3330078125,38.3330078125,0,,0
8720,FF-34-CAM-4,36303.607907354,36303.609582086,36303.675286545,38.3330078125,38.3330078125,0,,0
8722,FF-34-CAM-4,36304.010914154,36304.012560805,36304.083442333,38.3330078125,38.3330078125,0,,0
8724,FF-34-CAM-4,36304.424948398,36304.427861495,36304.481202083,38.3330078125,38.3330078125,0,,0
8726,FF-34-CAM-4,36304.796633218,36304.797821675,36304.847451659,38.3330078125,38.3330078125,0,,0
8728,FF-34-CAM-4,36305.182890886,36305.184034499,36305.234125993,38.3330078125,38.3330078125,0,,0
8730,FF-34-CAM-4,36305.543450184,36305.546245415,36305.610704214,38.3330078125,38.3330078125,0,,0
8732,FF-34-CAM-4,36305.928535651,36305.930039453,36305.989311398,38.3330078125,38.3330078125,0,,0
8734,FF-34-CAM-4,36306.308170338,36306.30916399,36306.394726128,38.3330078125,38.3330078125,0,,0
8736,FF-34-CAM-4,36306.718028295,36306.719087122,36306.774578116,38.3330078125,38.3330078125,0,,0
8738,FF-34-CAM-4,36307.090865154,36307.091932925,36307.14407782,38.3330078125,38.3330078125,0,,0
8740,FF-34-CAM-4,36307.481896179,36307.48524325,36307.590636014,38.3330078125,38.3330078125,0,,0
8742,FF-34-CAM-4,36307.905061645,36307.906212667,36307.972120601,38.3330078125,38.3330078125,0,,0
8744,FF-34-CAM-4,36308.29637072,36308.298033747,36308.393677265,38.3330078125,38.3330078125,0,,0
8746,FF-34-CAM-4,36308.738398498,36308.742145766,36308.791607752,38.3330078125,38.3330078125,0,,0
8748,FF-34-CAM-4,36309.103364867,36309.104402922,36309.144541938,38.3330078125,38.3330078125,0,,0
8750,FF-34-CAM-4,36309.48055486,36309.481760366,36309.575688347,38.3330078125,38.3330078125,0,,0
8752,FF-34-CAM-4,36309.908418318,36309.910198464,36309.946231688,38.3330078125,38.3330078125,0,,0
8754,FF-34-CAM-4,36310.295351095,36310.297699566,36310.347824242,38.3330078125,38.3330078125,0,,0
8756,FF-34-CAM-4,36310.624250121,36310.625168028,36310.700516862,38.3330078125,38.3330078125,0,,0
8758,FF-34-CAM-4,36310.992451895,36310.993904291,36311.046466346,38.3330078125,38.3330078125,0,,0
8760,FF-34-CAM-4,36311.443469869,36311.445849169,36311.53274162,38.3330078125,38.3330078125,0,,0
8762,FF-34-CAM-4,36311.853873755,36311.85545748,36311.917154342,38.3330078125,38.3330078125,0,,0
8764,FF-34-CAM-4,36312.216202412,36312.216928629,36312.271469702,38.3330078125,38.3330078125,0,,0
8766,FF-34-CAM-4,36312.601261706,36312.603576186,36312.655587254,38.3330078125,38.3330078125,0,,0
8768,FF-34-CAM-4,36312.977695596,36312.981946188,36313.057814039,38.3330078125,38.3330078125,0,,0
8770,FF-34-CAM-4,36313.405789024,36313.408432397,36313.477737019,38.3330078125,38.3330078125,0,,0
8772,FF-34-CAM-4,36313.805866989,36313.806755319,36313.882485096,38.3330078125,38.3330078125,0,,0
8774,FF-34-CAM-4,36314.213368052,36314.2165069,36314.294855502,38.3330078125,38.3330078125,0,,0
8776,FF-34-CAM-4,36314.645211474,36314.647618291,36314.68890153,38.3330078125,38.3330078125,0,,0
8778,FF-34-CAM-4,36314.986882926,36314.987877973,36315.039164608,38.3330078125,38.3330078125,0,,0
8780,FF-34-CAM-4,36315.337557078,36315.340945745,36315.423651132,38.3330078125,38.3330078125,0,,0
8782,FF-34-CAM-4,36315.731030631,36315.732447125,36315.799290286,38.3330078125,38.3330078125,0,,0
8784,FF-34-CAM-4,36316.113578483,36316.115897619,36316.208081296,38.3330078125,38.3330078125,0,,0
8786,FF-34-CAM-4,36316.560085889,36316.56130578,36316.6026777,38.3330078125,38.3330078125,0,,0
8788,FF-34-CAM-4,36316.925789518,36316.931097643,36316.983629613,38.3330078125,38.3330078125,0,,0
8790,FF-34-CAM-4,36317.308990237,36317.310009679,36317.359933104,38.3330078125,38.3330078125,0,,0
8792,FF-34-CAM-4,36317.675121379,36317.676679656,36317.71924113,38.3330078125,38.3330078125,0,,0
8794,FF-34-CAM-4,36318.07779007,36318.079772019,36318.168201939,38.3330078125,38.3330078125,0,,0
8796,FF-34-CAM-4,36318.489254291,36318.490225576,36318.560316398,38.3330078125,38.3330078125,0,,0
8798,FF-34-CAM-4,36318.88504471,36318.886567042,36318.940252925,38.3330078125,38.3330078125,0,,0
8800,FF-34-CAM-4,36319.271297699,36319.273189652,36319.324337735,38.3330078125,38.3330078125,0,,0
8802,FF-34-CAM-4,36319.649508975,36319.650525382,36319.713876056,38.3330078125,38.3330078125,0,,0
8804,FF-34-CAM-4,36320.063409845,36320.06499531,36320.114575752,38.3330078125,38.3330078125,0,,0
8806,FF-34-CAM-4,36320.438166086,36320.440629757,36320.4920138,38.3330078125,38.3330078125,0,,0
8808,FF-34-CAM-4,36320.799310767,36320.800338317,36320.910652277,38.3330078125,38.3330078125,0,,0
8810,FF-34-CAM-4,36321.205159511,36321.206513785,36321.270250773,38.3330078125,38.3330078125,0,,0
8812,FF-34-CAM-4,36321.64021529,36321.641447229,36321.710724883,38.3330078125,38.3330078125,0,,0
8814,FF-34-CAM-4,36322.016622029,36322.017818995,36322.063011759,38.3330078125,38.3330078125,0,,0
8816,FF-34-CAM-4,36322.394553098,36322.395598587,36322.487205447,38.3330078125,38.3330078125,0,,0
8818,FF-34-CAM-4,36322.810227602,36322.812843271,36322.852767322,38.3330078125,38.3330078125,0,,0
8820,FF-34-CAM-4,36323.153805715,36323.155034945,36323.208978661,38.3330078125,38.3330078125,0,,0
8822,FF-34-CAM-4,36323.524670604,36323.526128641,36323.583138698,38.3330078125,38.3330078125,0,,0
8824,FF-34-CAM-4,36323.909206158,36323.910747952,36323.9852951,38.3330078125,38.3330078125,0,,0
8826,FF-34-CAM-4,36324.365232637,36324.366436706,36324.417844497,38.3330078125,38.3330078125,0,,0
8828,FF-34-CAM-4,36324.807900489,36324.809023201,36324.866970532,38.3330078125,38.3330078125,0,,0
8830,FF-34-CAM-4,36325.240329238,36325.243478266,36325.303043504,38.3330078125,38.3330078125,0,,0
8832,FF-34-CAM-4,36325.632777217,36325.633686966,36325.70268745,38.3330078125,38.3330078125,0,,0
8834,FF-34-CAM-4,36326.082479508,36326.083846736,36326.127354481,38.3330078125,38.3330078125,0,,0
8836,FF-34-CAM-4,36326.488510497,36326.489280444,36326.547421521,38.3330078125,38.3330078125,0,,0
8838,FF-34-CAM-4,36326.872916072,36326.874528627,36326.930712963,38.3330078125,38.3330078125,0,,0
8840,FF-34-CAM-4,36327.270375934,36327.271438396,36327.314404996,38.3330078125,38.3330078125,0,,0
8842,FF-34-CAM-4,36327.681505093,36327.682422298,36327.754445847,38.3330078125,38.3330078125,0,,0
8844,FF-34-CAM-4,36328.106788017,36328.109122042,36328.166931892,38.3330078125,38.3330078125,0,,0
8846,FF-34-CAM-4,36328.512382681,36328.513199184,36328.562682372,38.3330078125,38.3330078125,0,,0
8848,FF-34-CAM-4,36328.951646119,36328.952534456,36329.014400478,38.3330078125,38.3330078125,0,,0
8850,FF-34-CAM-4,36329.371962815,36329.377362158,36329.419355726,38.3330078125,38.3330078125,0,,0
8852,FF-34-CAM-4,36329.762062503,36329.762881149,36329.813973862,38.3330078125,38.3330078125,0,,0
8854,FF-34-CAM-4,36330.1358803,36330.136886847,36330.214144353,38.3330078125,38.3330078125,0,,0
8856,FF-34-CAM-4,36330.495208984,36330.496589178,36330.555275387,38.3330078125,38.3330078125,0,,0
8858,FF-34-CAM-4,36330.880626814,36330.881401447,36330.949811684,38.3330078125,38.3330078125,0,,0
8860,FF-34-CAM-4,36331.257824743,36331.259624631,36331.30431035,38.3330078125,38.3330078125,0,,0
8862,FF-34-CAM-4,36331.603784008,36331.605270996,36331.66583687,38.3330078125,38.3330078125,0,,0
8864,FF-34-CAM-4,36332.026026231,36332.027087759,36332.058655222,38.3330078125,38.3330078125,0,,0
8866,FF-34-CAM-4,36332.425175853,36332.426836119,36332.48621602,38.3330078125,38.3330078125,0,,0
8868,FF-34-CAM-4,36332.857363037,36332.857938257,36332.921526112,38.3330078125,38.3330078125,0,,0
8870,FF-34-CAM-4,36333.229552291,36333.230161635,36333.280358211,38.3330078125,38.3330078125,0,,0
8872,FF-34-CAM-4,36333.62485065,36333.626047601,36333.678451975,38.3330078125,38.3330078125,0,,0
8874,FF-34-CAM-4,36334.03709434,36334.037892281,36334.086915662,38.3330078125,38.3330078125,0,,0
8876,FF-34-CAM-4,36334.410704483,36334.413132622,36334.461166259,38.3330078125,38.3330078125,0,,0
8878,FF-34-CAM-4,36334.772450739,36334.773249124,36334.857339817,38.3330078125,38.3330078125,0,,0
8880,FF-34-CAM-4,36335.185925368,36335.187179328,36335.22931516,38.3330078125,38.3330078125,0,,0
8882,FF-34-CAM-4,36335.572949757,36335.573819487,36335.628758578,38.3330078125,38.3330078125,0,,0
8884,FF-34-CAM-4,36335.92561531,36335.926829835,36335.980064293,38.3330078125,38.3330078125,0,,0
8886,FF-34-CAM-4,36336.313352452,36336.31428421,36336.365149012,38.3330078125,38.3330078125,0,,0
8888,FF-34-CAM-4,36336.738978986,36336.740582236,36336.785962752,38.3330078125,38.3330078125,0,,0
8890,FF-34-CAM-4,36337.126404079,36337.12817011,36337.201562,38.3330078125,38.3330078125,0,,0
8892,FF-34-CAM-4,36337.540415758,36337.541419654,36337.601045196,38.3330078125,38.3330078125,0,,0
8894,FF-34-CAM-4,36337.929111456,36337.930099923,36338.030166304,38.3330078125,38.3330078125,0,,0
8896,FF-34-CAM-4,36338.405554538,36338.406742574,36338.469786363,38.3330078125,38.3330078125,0,,0
8898,FF-34-CAM-4,36338.798502349,36338.799453859,36338.854254504,38.3330078125,38.3330078125,0,,0
8900,FF-34-CAM-4,36339.267677117,36339.270678093,36339.372060557,38.3330078125,38.3330078125,0,,0
8902,FF-34-CAM-4,36339.716165381,36339.717263329,36339.779805785,38.3330078125,38.3330078125,0,,0
8904,FF-34-CAM-4,36340.114547334,36340.115697488,36340.190834614,38.3330078125,38.3330078125,0,,0
8906,FF-34-CAM-4,36340.535197775,36340.538226195,36340.59514031,38.3330078125,38.3330078125,0,,0
8908,FF-34-CAM-4,36340.961593757,36340.962954479,36341.055632768,38.3330078125,38.3330078125,0,,0
8910,FF-34-CAM-4,36341.442188696,36341.443088182,36341.489958432,38.3330078125,38.3330078125,0,,0
8912,FF-34-CAM-4,36341.850421427,36341.85269087,36341.915351665,38.3330078125,38.3330078125,0,,0
8914,FF-34-CAM-4,36342.270666378,36342.271694573,36342.33045938,38.3330078125,38.3330078125,0,,0
8916,FF-34-CAM-4,36342.800074956,36342.802040553,36342.871929376,38.3330078125,38.3330078125,0,,0
8918,FF-34-CAM-4,36343.187196999,36343.188069319,36343.286856335,38.3330078125,38.3330078125,0,,0
8920,FF-34-CAM-4,36343.604176901,36343.605380249,36343.663448479,38.3330078125,38.3330078125,0,,0
8922,FF-34-CAM-4,36343.9723927,36343.973364757,36344.050948834,38.3330078125,38.3330078125,0,,0
8924,FF-34-CAM-4,36344.388870164,36344.390208205,36344.465427872,38.3330078125,38.3330078125,0,,0
8926,FF-34-CAM-4,36344.806381239,36344.807967132,36344.85527093,38.3330078125,38.3330078125,0,,0
8928,FF-34-CAM-4,36345.197476787,36345.199233873,36345.255604492,38.3330078125,38.3330078125,0,,0
8930,FF-34-CAM-4,36345.618582381,36345.620979151,36345.667525064,38.3330078125,38.3330078125,0,,0
8932,FF-34-CAM-4,36345.994054894,36345.994875704,36346.08613866,38.3330078125,38.3330078125,0,,0
8934,FF-34-CAM-4,36346.415620701,36346.41679031,36346.476792668,38.3330078125,38.3330078125,0,,0
8936,FF-34-CAM-4,36346.788714562,36346.789885647,36346.859511729,38.3330078125,38.3330078125,0,,0
8938,FF-34-CAM-4,36347.173750066,36347.176451966,36347.223218439,38.3330078125,38.3330078125,0,,0
8940,FF-34-CAM-4,36347.552116449,36347.553523007,36347.598758789,38.3330078125,38.3330078125,0,,0
8942,FF-34-CAM-4,36347.896665277,36347.897823785,36347.941707935,38.3330078125,38.3330078125,0,,0
8944,FF-34-CAM-4,36348.275150057,36348.276582378,36348.319500237,38.3330078125,38.3330078125,0,,0
8946,FF-34-CAM-4,36348.614139396,36348.617599322,36348.682256921,38.3330078125,38.3330078125,0,,0
8948,FF-34-CAM-4,36348.961500259,36348.962317456,36349.009513396,38.3330078125,38.3330078125,0,,0
8950,FF-34-CAM-4,36349.349695234,36349.35086318,36349.404970053,38.3330078125,38.3330078125,0,,0
8952,FF-34-CAM-4,36349.715398851,36349.71629574,36349.800306113,38.3330078125,38.3330078125,0,,0
8954,FF-34-CAM-4,36350.152412941,36350.158628267,36350.204529241,38.3330078125,38.3330078125,0,,0
8956,FF-34-CAM-4,36350.511344224,36350.512467039,36350.573968038,38.3330078125,38.3330078125,0,,0
8958,FF-34-CAM-4,36350.88229907,36350.88344928,36350.962854773,38.3330078125,38.3330078125,0,,0
8960,FF-34-CAM-4,36351.295463751,36351.29694937,36351.346185963,38.3330078125,38.3330078125,0,,0
8962,FF-34-CAM-4,36351.667728739,36351.672614613,36351.766933168,38.3330078125,38.3330078125,0,,0
8964,FF-34-CAM-4,36352.089536597,36352.090473071,36352.145476989,38.3330078125,38.3330078125,0,,0
8966,FF-34-CAM-4,36352.485484199,36352.486905968,36352.567224279,38.3330078125,38.3330078125,0,,0
8968,FF-34-CAM-4,36352.893334109,36352.896238872,36352.942615823,38.3330078125,38.3330078125,0,,0
8970,FF-34-CAM-4,36353.229033213,36353.230245956,36353.278245301,38.3330078125,38.3330078125,0,,0
8972,FF-34-CAM-4,36353.556678057,36353.558583268,36353.642627851,38.3330078125,38.3330078125,0,,0
8974,FF-34-CAM-4,36353.958913587,36353.959787166,36354.018587861,38.3330078125,38.3330078125,0,,0
8976,FF-34-CAM-4,36354.321178011,36354.323034711,36354.408802053,38.3330078125,38.3330078125,0,,0
8978,FF-34-CAM-4,36354.720118325,36354.722817464,36354.768053978,38.3330078125,38.3330078125,0,,0
8980,FF-34-CAM-4,36355.065466645,36355.066931465,36355.15508886,38.3330078125,38.3330078125,0,,0
8982,FF-34-CAM-4,36355.483208604,36355.484201158,36355.543160395,38.3330078125,38.3330078125,0,,0
8984,FF-34-CAM-4,36355.884718261,36355.886872626,36355.941856958,38.3330078125,38.3330078125,0,,0
8986,FF-34-CAM-4,36356.309887027,36356.312536626,36356.36923756,38.3330078125,38.3330078125,0,,0
8988,FF-34-CAM-4,36356.651900997,36356.654374454,36356.704675032,38.3330078125,38.3330078125,0,,0
8990,FF-34-CAM-4,36357.014712848,36357.016061449,36357.07367904,38.3330078125,38.3330078125,0,,0
8992,FF-34-CAM-4,36357.368940533,36357.369668055,36357.470269911,38.3330078125,38.3330078125,0,,0
8994,FF-34-CAM-4,36357.779697801,36357.782082085,36357.842449557,38.3330078125,38.3330078125,0,,0
8996,FF-34-CAM-4,36358.16804892,36358.169351834,36358.21857077,38.3330078125,38.3330078125,0,,0
8998,FF-34-CAM-4,36358.522037031,36358.523181112,36358.577619065,38.3330078125,38.3330078125,0,,0
9000,FF-34-CAM-4,36358.924119793,36358.925160409,36358.983202639,38.3330078125,38.3330078125,0,,0
9002,FF-34-CAM-4,36359.295410606,36359.296239676,36359.332424719,38.3330078125,38.3330078125,0,,0
9004,FF-34-CAM-4,36359.666801137,36359.66835395,36359.71403438,38.3330078125,38.3330078125,0,,0
9006,FF-34-CAM-4,36360.030590158,36360.03149979,36360.066204065,38.3330078125,38.3330078125,0,,0
9008,FF-34-CAM-4,36360.402945386,36360.405149761,36360.452605332,38.3330078125,38.3330078125,0,,0
9010,FF-34-CAM-4,36360.752086985,36360.752794499,36360.809438186,38.3330078125,38.3330078125,0,,0
9012,FF-34-CAM-4,36361.103255664,36361.104409828,36361.168275606,38.3330078125,38.3330078125,0,,0
9014,FF-34-CAM-4,36361.483735299,36361.484872812,36361.540964329,38.3330078125,38.3330078125,0,,0
9016,FF-34-CAM-4,36361.852520897,36361.856506016,36361.904991747,38.3330078125,38.3330078125,0,,0
9018,FF-34-CAM-4,36362.256687576,36362.257655462,36362.307898954,38.3330078125,38.3330078125,0,,0
9020,FF-34-CAM-4,36362.617825096,36362.619059018,36362.677702096,38.3330078125,38.3330078125,0,,0
9022,FF-34-CAM-4,36362.965025003,36362.966141606,36363.021089128,38.3330078125,38.3330078125,0,,0
9024,FF-34-CAM-4,36363.343088104,36363.344087129,36363.427711211,38.3330078125,38.3330078125,0,,0
9026,FF-34-CAM-4,36363.73233077,36363.733131877,36363.780922635,38.3330078125,38.3330078125,0,,0
9028,FF-34-CAM-4,36364.066344128,36364.066983594,36364.112694476,38.3330078125,38.3330078125,0,,0
9030,FF-34-CAM-4,36364.40426764,36364.405517531,36364.471426929,38.3330078125,38.3330078125,0,,0
9032,FF-34-CAM-4,36364.78840758,36364.789267587,36364.855241263,38.3330078125,38.3330078125,0,,0
9034,FF-34-CAM-4,36365.165923471,36365.166705367,36365.275705052,38.3330078125,38.3330078125,0,,0
9036,FF-34-CAM-4,36365.57803839,36365.579011529,36365.647454861,38.3330078125,38.3330078125,0,,0
9038,FF-34-CAM-4,36365.950443993,36365.95245313,36366.010115254,38.3330078125,38.3330078125,0,,0
9040,FF-34-CAM-4,36366.348380865,36366.351536165,36366.391511748,38.3330078125,38.3330078125,0,,0
9042,FF-34-CAM-4,36366.767305404,36366.770404453,36366.803258876,38.3330078125,38.3330078125,0,,0
9044,FF-34-CAM-4,36367.139586203,36367.140622555,36367.205534246,38.3330078125,38.3330078125,0,,0
9046,FF-34-CAM-4,36367.511346619,36367.51291312,36367.55643633,38.3330078125,38.3330078125,0,,0
9048,FF-34-CAM-4,36367.8748482,36367.876063653,36367.946439396,38.3330078125,38.3330078125,0,,0
9050,FF-34-CAM-4,36368.292749992,36368.293890387,36368.344483481,38.3330078125,38.3330078125,0,,0
9052,FF-34-CAM-4,36368.663416598,36368.665225594,36368.771645101,38.3330078125,38.3330078125,0,,0
9054,FF-34-CAM-4,36369.089998566,36369.091195727,36369.143887154,38.3330078125,38.3330078125,0,,0
9056,FF-34-CAM-4,36369.445701846,36369.446804805,36369.501111434,38.3330078125,38.3330078125,0,,0
9058,FF-34-CAM-4,36369.82974955,36369.837211119,36369.874738964,38.3330078125,38.3330078125,0,,0
9060,FF-34-CAM-4,36370.205980863,36370.206893538,36370.245427401,38.3330078125,38.3330078125,0,,0
9062,FF-34-CAM-4,36370.561067717,36370.562240021,36370.616415306,38.3330078125,38.3330078125,0,,0
9064,FF-34-CAM-4,36370.939915308,36370.940878054,36371.023188499,38.3330078125,38.3330078125,0,,0
9066,FF-34-CAM-4,36371.3117923,36371.313677987,36371.35670111,38.3330078125,38.3330078125,0,,0
9068,FF-34-CAM-4,36371.67907492,36371.680026787,36371.731049093,38.3330078125,38.3330078125,0,,0
9070,FF-34-CAM-4,36372.034077173,36372.035386831,36372.086375923,38.3330078125,38.3330078125,0,,0
9072,FF-34-CAM-4,36372.443763159,36372.447392909,36372.501065213,38.3330078125,38.3330078125,0,,0
9074,FF-34-CAM-4,36372.852738086,36372.853739471,36372.894502146,38.3330078125,38.3330078125,0,,0
9076,FF-34-CAM-4,36373.182348522,36373.184040681,36373.231237084,38.3330078125,38.3330078125,0,,0
9078,FF-34-CAM-4,36373.591306456,36373.592516372,36373.645034835,38.3330078125,38.3330078125,0,,0
9080,FF-34-CAM-4,36373.969847757,36373.970781326,36374.016355274,38.3330078125,38.3330078125,0,,0
9082,FF-34-CAM-4,36374.326695283,36374.328937863,36374.386893614,38.3330078125,38.3330078125,0,,0
9084,FF-34-CAM-4,36374.717709712,36374.718758814,36374.78141182,38.3330078125,38.3330078125,0,,0
9086,FF-34-CAM-4,36375.107491286,36375.10846932,36375.157887037,38.3330078125,38.3330078125,0,,0
9088,FF-34-CAM-4,36375.478246577,36375.479563982,36375.568583426,38.3330078125,38.3330078125,0,,0
9090,FF-34-CAM-4,36375.839237621,36375.842140115,36375.890287985,38.3330078125,38.3330078125,0,,0
9092,FF-34-CAM-4,36376.214302876,36376.21525928,36376.257314119,38.3330078125,38.3330078125,0,,0
9094,FF-34-CAM-4,36376.619276089,36376.620429615,36376.695682765,38.3330078125,38.3330078125,0,,0
9096,FF-34-CAM-4,36376.97132357,36376.972514634,36377.023513427,38.3330078125,38.3330078125,0,,0
9098,FF-34-CAM-4,36377.31262078,36377.313593836,36377.350741069,38.3330078125,38.3330078125,0,,0
9100,FF-34-CAM-4,36377.67506466,36377.675540453,36377.801726596,38.3330078125,38.3330078125,0,,0
9102,FF-34-CAM-4,36378.107765911,36378.108706632,36378.161428128,38.3330078125,38.3330078125,0,,0
9104,FF-34-CAM-4,36378.476866108,36378.477849813,36378.519306384,38.3330078125,38.3330078125,0,,0
9106,FF-34-CAM-4,36378.82823083,36378.82913772,36378.882275363,38.3330078125,38.3330078125,0,,0
9108,FF-34-CAM-4,36379.219923855,36379.221542478,36379.277190658,38.3330078125,38.3330078125,0,,0
9110,FF-34-CAM-4,36379.577202765,36379.579450375,36379.625212375,38.3330078125,38.3330078125,0,,0
9112,FF-34-CAM-4,36379.929335935,36379.930370909,36380.025728282,38.3330078125,38.3330078125,0,,0
9114,FF-34-CAM-4,36380.361077596,36380.36230019,36380.420998976,38.3330078125,38.3330078125,0,,0
9116,FF-34-CAM-4,36380.732200915,36380.73355674,36380.799308889,38.3330078125,38.3330078125,0,,0
9118,FF-34-CAM-4,36381.153518498,36381.156701825,36381.201303803,38.3330078125,38.3330078125,0,,0
9120,FF-34-CAM-4,36381.514414472,36381.520409872,36381.576846966,38.3330078125,38.3330078125,0,,0
9122,FF-34-CAM-4,36381.876266895,36381.878905966,36381.960645789,38.3330078125,38.3330078125,0,,0
9124,FF-34-CAM-4,36382.267563249,36382.268642553,36382.358722722,38.3330078125,38.3330078125,0,,0
9126,FF-34-CAM-4,36382.669480929,36382.670761054,36382.731847505,38.3330078125,38.3330078125,0,,0
9128,FF-34-CAM-4,36383.046661443,36383.047719538,36383.109859274,38.3330078125,38.3330078125,0,,0
9130,FF-34-CAM-4,36383.435713156,36383.436707934,36383.538576704,38.3330078125,38.3330078125,0,,0
9132,FF-34-CAM-4,36383.858370921,36383.860692761,36383.920879131,38.3330078125,38.3330078125,0,,0
9134,FF-34-CAM-4,36384.231152994,36384.232067195,36384.28083462,38.3330078125,38.3330078125,0,,0
9136,FF-34-CAM-4,36384.579721676,36384.580495318,36384.683273152,38.3330078125,38.3330078125,0,,0
9138,FF-34-CAM-4,36384.9837828,36384.9850166,36385.051974822,38.3330078125,38.3330078125,0,,0
9140,FF-34-CAM-4,36385.373128399,36385.374031252,36385.420592803,38.3330078125,38.3330078125,0,,0
9142,FF-34-CAM-4,36385.7678058,36385.770258363,36385.820988953,38.3330078125,38.3330078125,0,,0
9144,FF-34-CAM-4,36386.133742871,36386.134567876,36386.182532052,38.3330078125,38.3330078125,0,,0
9146,FF-34-CAM-4,36386.483904276,36386.485138868,36386.555593522,38.3330078125,38.3330078125,0,,0
9148,FF-34-CAM-4,36386.840456907,36386.841766255,36386.94895435,38.3330078125,38.3330078125,0,,0
9150,FF-34-CAM-4,36387.266511705,36387.26890798,36387.325047423,38.3330078125,38.3330078125,0,,0
9152,FF-34-CAM-4,36387.629965665,36387.632894285,36387.680607001,38.3330078125,38.3330078125,0,,0
9154,FF-34-CAM-4,36387.965657544,36387.966873938,36388.021406955,38.3330078125,38.3330078125,0,,0
9156,FF-34-CAM-4,36388.300927933,36388.301989592,36388.364786549,38.3330078125,38.3330078125,0,,0
9158,FF-34-CAM-4,36388.696338129,36388.697680976,36388.797390411,38.3330078125,38.3330078125,0,,0
9160,FF-34-CAM-4,36389.144924304,36389.146695111,36389.194422358,38.3330078125,38.3330078125,0,,0
9162,FF-34-CAM-4,36389.488819154,36389.491439041,36389.552907004,38.3330078125,38.3330078125,0,,0
9164,FF-34-CAM-4,36389.841115651,36389.84211931,36389.933333011,38.3330078125,38.3330078125,0,,0
9166,FF-34-CAM-4,36390.215666322,36390.216453132,36390.257603103,38.3330078125,38.3330078125,0,,0
9168,FF-34-CAM-4,36390.564873445,36390.56647462,36390.602548442,38.3330078125,38.3330078125,0,,0
9170,FF-34-CAM-4,36390.896474795,36390.898438272,36390.951271373,38.3330078125,38.3330078125,0,,0
9172,FF-34-CAM-4,36391.302601179,36391.304248595,36391.362411528,38.3330078125,38.3330078125,0,,0
9174,FF-34-CAM-4,36391.695345749,36391.696938589,36391.745713874,38.3330078125,38.3330078125,0,,0
9176,FF-34-CAM-4,36392.043293615,36392.044213959,36392.129357,38.3330078125,38.3330078125,0,,0
9178,FF-34-CAM-4,36392.427693522,36392.428381706,36392.490066949,38.3330078125,38.3330078125,0,,0
9180,FF-34-CAM-4,36392.821815881,36392.822504616,36392.863385429,38.3330078125,38.3330078125,0,,0
9182,FF-34-CAM-4,36393.182237724,36393.185975528,36393.221108404,38.3330078125,38.3330078125,0,,0
9184,FF-34-CAM-4,36393.557703402,36393.558688061,36393.603242832,38.3330078125,38.3330078125,0,,0
9186,FF-34-CAM-4,36393.922628448,36393.92336516,36393.96856764,38.3330078125,38.3330078125,0,,0
9188,FF-34-CAM-4,36394.265945538,36394.266929081,36394.325601414,38.3330078125,38.3330078125,0,,0
9190,FF-34-CAM-4,36394.621886834,36394.624224443,36394.693536905,38.3330078125,38.3330078125,0,,0
9192,FF-34-CAM-4,36394.994395818,36394.995530869,36395.052512526,38.3330078125,38.3330078125,0,,0
9194,FF-34-CAM-4,36395.320305942,36395.322972818,36395.374754884,38.3330078125,38.3330078125,0,,0
9196,FF-34-CAM-4,36395.703538383,36395.705813923,36395.745889774,38.3330078125,38.3330078125,0,,0
9198,FF-34-CAM-4,36396.050531377,36396.051488918,36396.100528295,38.3330078125,38.3330078125,0,,0
9200,FF-34-CAM-4,36396.437025368,36396.438369264,36396.516462017,38.3330078125,38.3330078125,0,,0
9202,FF-34-CAM-4,36396.826562412,36396.827934906,36396.89339643,38.3330078125,38.3330078125,0,,0
9204,FF-34-CAM-4,36397.130423345,36397.131245387,36397.224315706,38.3330078125,38.3330078125,0,,0
9206,FF-34-CAM-4,36397.519157571,36397.520327497,36397.576085083,38.3330078125,38.3330078125,0,,0
9208,FF-34-CAM-4,36397.829793197,36397.831220333,36397.87789624,38.3330078125,38.3330078125,0,,0
9210,FF-34-CAM-4,36398.196512877,36398.197618893,36398.260348703,38.3330078125,38.3330078125,0,,0
9212,FF-34-CAM-4,36398.544787222,36398.545599331,36398.61226577,38.3330078125,38.3330078125,0,,0
9214,FF-34-CAM-4,36398.921726864,36398.922671924,36398.97462888,38.3330078125,38.3330078125,0,,0
9216,FF-34-CAM-4,36399.294190693,36399.295269832,36399.342627354,38.3330078125,38.3330078125,0,,0
9218,FF-34-CAM-4,36399.634277714,36399.637154402,36399.740773996,38.3330078125,38.3330078125,0,,0
9220,FF-34-CAM-4,36400.033958939,36400.0354579,36400.092389054,38.3330078125,38.3330078125,0,,0
9222,FF-34-CAM-4,36400.402143034,36400.402771401,36400.450059353,38.3330078125,38.3330078125,0,,0
9224,FF-34-CAM-4,36400.748658475,36400.755169919,36400.835771899,38.3330078125,38.3330078125,0,,0
9226,FF-34-CAM-4,36401.178201057,36401.180365165,36401.2278943,38.3330078125,38.3330078125,0,,0
9228,FF-34-CAM-4,36401.484942349,36401.485756504,36401.543509398,38.3330078125,38.3330078125,0,,0
9230,FF-34-CAM-4,36401.873439928,36401.874410672,36401.918703381,38.3330078125,38.3330078125,0,,0
9232,FF-34-CAM-4,36402.209427602,36402.21048644,36402.31529117,38.3330078125,38.3330078125,0,,0
9234,FF-34-CAM-4,36402.574750013,36402.575803646,36402.634660585,38.3330078125,38.3330078125,0,,0
9236,FF-34-CAM-4,36402.923423281,36402.924224439,36402.975525121,38.3330078125,38.3330078125,0,,0
9238,FF-34-CAM-4,36403.313934005,36403.315044029,36403.368181539,38.3330078125,38.3330078125,0,,0
9240,FF-34-CAM-4,36403.635304756,36403.636725294,36403.701220977,38.3330078125,38.3330078125,0,,0
9242,FF-34-CAM-4,36404.001703694,36404.002812211,36404.063732006,38.3330078125,38.3330078125,0,,0
9244,FF-34-CAM-4,36404.369855081,36404.370370371,36404.411458108,38.3330078125,38.3330078125,0,,0
9246,FF-34-CAM-4,36404.705680483,36404.706488116,36404.753795712,38.3330078125,38.3330078125,0,,0
9248,FF-34-CAM-4,36405.094108481,36405.095178947,36405.1647379,38.3330078125,38.3330078125,0,,0
9250,FF-34-CAM-4,36405.458553909,36405.459597741,36405.50569133,38.3330078125,38.3330078125,0,,0
9252,FF-34-CAM-4,36405.81959374,36405.822041805,36405.860565095,38.3330078125,38.3330078125,0,,0
9254,FF-34-CAM-4,36406.136968264,36406.139203343,36406.188534517,38.3330078125,38.3330078125,0,,0
9256,FF-34-CAM-4,36406.503074186,36406.504092138,36406.54939471,38.3330078125,38.3330078125,0,,0
9258,FF-34-CAM-4,36406.851870989,36406.852396814,36406.911292129,38.3330078125,38.3330078125,0,,0
9260,FF-34-CAM-4,36407.224974112,36407.226507681,36407.267379796,38.3330078125,38.3330078125,0,,0
9262,FF-34-CAM-4,36407.547165996,36407.548894217,36407.631216521,38.3330078125,38.3330078125,0,,0
9264,FF-34-CAM-4,36407.921544628,36407.92244975,36407.962864722,38.3330078125,38.3330078125,0,,0
9266,FF-34-CAM-4,36408.270721136,36408.271417045,36408.336208911,38.3330078125,38.3330078125,0,,0
9268,FF-34-CAM-4,36408.616297394,36408.61857726,36408.678193334,38.3330078125,38.3330078125,0,,0
9270,FF-34-CAM-4,36408.998564205,36409.000919993,36409.039211882,38.3330078125,38.3330078125,0,,0
9272,FF-34-CAM-4,36409.364488922,36409.365363465,36409.415143584,38.3330078125,38.3330078125,0,,0
9274,FF-34-CAM-4,36409.750842924,36409.752582191,36409.804154189,38.3330078125,38.3330078125,0,,0
9276,FF-34-CAM-4,36410.080111902,36410.080919666,36410.134185307,38.3330078125,38.3330078125,0,,0
9278,FF-34-CAM-4,36410.452133549,36410.453013289,36410.510703317,38.3330078125,38.3330078125,0,,0
9280,FF-34-CAM-4,36410.864342001,36410.867368367,36410.929662866,38.3330078125,38.3330078125,0,,0
9282,FF-34-CAM-4,36411.25105448,36411.253228098,36411.300919298,38.3330078125,38.3330078125,0,,0
9284,FF-34-CAM-4,36411.599454653,36411.601031358,36411.651824723,38.3330078125,38.3330078125,0,,0
9286,FF-34-CAM-4,36411.966846882,36411.970749011,36412.022803082,38.3330078125,38.3330078125,0,,0
9288,FF-34-CAM-4,36412.319948737,36412.321026195,36412.404503293,38.3330078125,38.3330078125,0,,0
9290,FF-34-CAM-4,36412.735699497,36412.7370829,36412.785789025,38.3330078125,38.3330078125,0,,0
9292,FF-34-CAM-4,36413.064940412,36413.066348495,36413.1196375,38.3330078125,38.3330078125,0,,0
9294,FF-34-CAM-4,36413.471818568,36413.473027133,36413.52732014,38.3330078125,38.3330078125,0,,0
9296,FF-34-CAM-4,36413.823983034,36413.824876377,36413.877327355,38.3330078125,38.3330078125,0,,0
9298,FF-34-CAM-4,36414.165313207,36414.166334351,36414.223756776,38.3330078125,38.3330078125,0,,0
9300,FF-34-CAM-4,36414.530070898,36414.534703672,36414.619815501,38.3330078125,38.3330078125,0,,0
9302,FF-34-CAM-4,36414.908985666,36414.910169322,36414.965590425,38.3330078125,38.3330078125,0,,0
9304,FF-34-CAM-4,36415.255767859,36415.258271278,36415.294160807,38.3330078125,38.3330078125,0,,0
9306,FF-34-CAM-4,36415.631180918,36415.632092801,36415.709696384,38.3330078125,38.3330078125,0,,0
9308,FF-34-CAM-4,36416.028060563,36416.028802078,36416.075585634,38.3330078125,38.3330078125,0,,0
9310,FF-34-CAM-4,36416.39609813,36416.397022964,36416.441861108,38.3330078125,38.3330078125,0,,0
9312,FF-34-CAM-4,36416.72863003,36416.731482797,36416.806245239,38.3330078125,38.3330078125,0,,0
9314,FF-34-CAM-4,36417.122630977,36417.123656322,36417.173125929,38.3330078125,38.3330078125,0,,0
9316,FF-34-CAM-4,36417.456594247,36417.459093861,36417.510214271,38.3330078125,38.3330078125,0,,0
9322,FF-34-CAM-4,36418.543072599,36418.544804601,36418.594993198,38.33349609375,38.3330078125,0,,0
9324,FF-34-CAM-4,36418.88481407,36418.885508009,36418.915366334,38.3330078125,38.3330078125,0,,0
9326,FF-34-CAM-4,36419.223090948,36419.224070933,36419.274416722,38.3330078125,38.3330078125,0,,0
9328,FF-34-CAM-4,36419.577773067,36419.578437357,36419.6359456,38.3330078125,38.3330078125,0,,0
9330,FF-34-CAM-4,36419.907177637,36419.90790642,36419.992895454,38.3330078125,38.3330078125,0,,0
9332,FF-34-CAM-4,36420.278357059,36420.279766086,36420.317775449,38.3330078125,38.3330078125,0,,0
9334,FF-34-CAM-4,36420.60517211,36420.606264417,36420.69486801,38.3330078125,38.3330078125,0,,0
9336,FF-34-CAM-4,36421.165500383,36421.166723268,36421.220378547,38.3330078125,38.3330078125,0,,0
9338,FF-34-CAM-4,36421.514092187,36421.515937026,36421.560599312,38.3330078125,38.3330078125,0,,0
9340,FF-34-CAM-4,36421.845297505,36421.848078576,36421.923183239,38.3330078125,38.3330078125,0,,0
9342,FF-34-CAM-4,36422.22881625,36422.229737731,36422.285361663,38.3330078125,38.3330078125,0,,0
9344,FF-34-CAM-4,36422.608948586,36422.610066736,36422.675049919,38.3330078125,38.3330078125,0,,0
9346,FF-34-CAM-4,36422.952360301,36422.953205176,36422.994828828,38.3330078125,38.3330078125,0,,0
9348,FF-34-CAM-4,36423.287321157,36423.296572811,36423.346461063,38.3330078125,38.3330078125,0,,0
9350,FF-34-CAM-4,36423.599859954,36423.601491169,36423.646526287,38.3330078125,38.3330078125,0,,0
9352,FF-34-CAM-4,36423.927896129,36423.928369694,36423.987793871,38.3330078125,38.3330078125,0,,0
9354,FF-34-CAM-4,36424.300213692,36424.301102899,36424.346039593,38.3330078125,38.3330078125,0,,0
9356,FF-34-CAM-4,36424.630047827,36424.632495427,36424.675991592,38.3330078125,38.3330078125,0,,0
9358,FF-34-CAM-4,36424.974788214,36424.977475733,36425.056656915,38.3330078125,38.3330078125,0,,0
9360,FF-34-CAM-4,36425.348473873,36425.349308028,36425.38535216,38.3330078125,38.3330078125,0,,0
9362,FF-34-CAM-4,36425.710131648,36425.711131233,36425.769720888,38.3330078125,38.3330078125,0,,0
9364,FF-34-CAM-4,36426.09437133,36426.096358896,36426.144657518,38.3330078125,38.3330078125,0,,0
9366,FF-34-CAM-4,36426.415607729,36426.416627419,36426.480387268,38.3330078125,38.3330078125,0,,0
9368,FF-34-CAM-4,36426.798672167,36426.799515221,36426.884851455,38.3330078125,38.3330078125,0,,0
9370,FF-34-CAM-4,36427.145231141,36427.148685542,36427.230161384,38.3330078125,38.3330078125,0,,0
9372,FF-34-CAM-4,36427.53698416,36427.538862101,36427.597927707,38.3330078125,38.3330078125,0,,0
9374,FF-34-CAM-4,36427.899008889,36427.900259726,36427.976792085,38.3330078125,38.3330078125,0,,0
9376,FF-34-CAM-4,36428.34323757,36428.344417919,36428.412961463,38.3330078125,38.3330078125,0,,0
9378,FF-34-CAM-4,36428.683959083,36428.684869315,36428.726451169,38.3330078125,38.3330078125,0,,0
9380,FF-34-CAM-4,36429.04031606,36429.041162262,36429.093621712,38.3330078125,38.3330078125,0,,0
9382,FF-34-CAM-4,36429.375025436,36429.377131314,36429.432118415,38.3330078125,38.3330078125,0,,0
9384,FF-34-CAM-4,36429.731546542,36429.73220818,36429.779481942,38.3330078125,38.3330078125,0,,0
9386,FF-34-CAM-4,36430.107850134,36430.108730296,36430.160208499,38.3330078125,38.3330078125,0,,0
9388,FF-34-CAM-4,36430.450900663,36430.451881062,36430.50520846,38.3330078125,38.3330078125,0,,0
9390,FF-34-CAM-4,36430.770450875,36430.779905483,36430.82625902,38.3330078125,38.3330078125,0,,0
9392,FF-34-CAM-4,36431.139227833,36431.140221047,36431.191660877,38.3330078125,38.3330078125,0,,0
9394,FF-34-CAM-4,36431.446086658,36431.446749471,36431.498814636,38.3330078125,38.3330078125,0,,0
9396,FF-34-CAM-4,36431.798374143,36431.800114831,36431.851463004,38.3330078125,38.3330078125,0,,0
9398,FF-34-CAM-4,36432.137394415,36432.139299481,36432.179212289,38.3330078125,38.3330078125,0,,0
9400,FF-34-CAM-4,36432.48882089,36432.489714673,36432.548821383,38.3330078125,38.3330078125,0,,0
9402,FF-34-CAM-4,36432.824790078,36432.825885309,36432.883440484,38.3330078125,38.3330078125,0,,0
9404,FF-34-CAM-4,36433.181196851,36433.182484836,36433.240953092,38.3330078125,38.3330078125,0,,0
9406,FF-34-CAM-4,36433.517515291,36433.519227904,36433.561701198,38.3330078125,38.3330078125,0,,0
9408,FF-34-CAM-4,36433.888833101,36433.890553069,36433.932606536,38.3330078125,38.3330078125,0,,0
9410,FF-34-CAM-4,36434.252155143,36434.253081763,36434.308700075,38.3330078125,38.3330078125,0,,0
9412,FF-34-CAM-4,36434.632376402,36434.633870725,36434.685925128,38.3330078125,38.3330078125,0,,0
9414,FF-34-CAM-4,36434.984915815,36434.986181528,36435.028742597,38.3330078125,38.3330078125,0,,0
9416,FF-34-CAM-4,36435.321174842,36435.32209414,36435.385395713,38.3330078125,38.3330078125,0,,0
9418,FF-34-CAM-4,36435.808587906,36435.810404129,36435.857507366,38.3330078125,38.3330078125,0,,0
9420,FF-34-CAM-4,36436.142329235,36436.144697253,36436.188465523,38.3330078125,38.3330078125,0,,0
9422,FF-34-CAM-4,36436.528052331,36436.530404674,36436.590214574,38.3330078125,38.3330078125,0,,0
9424,FF-34-CAM-4,36436.854934764,36436.855529264,36436.897250225,38.3330078125,38.3330078125,0,,0
9426,FF-34-CAM-4,36437.20167015,36437.2023994,36437.27855845,38.3330078125,38.3330078125,0,,0
9428,FF-34-CAM-4,36437.582016205,36437.582590067,36437.627221713,38.3330078125,38.3330078125,0,,0
9430,FF-34-CAM-4,36437.87177781,36437.874440483,36437.935758285,38.3330078125,38.3330078125,0,,0
9432,FF-34-CAM-4,36438.297575081,36438.298460413,36438.345794751,38.3330078125,38.3330078125,0,,0
9434,FF-34-CAM-4,36438.653829711,36438.654762698,36438.710798305,38.3330078125,38.3330078125,0,,0
9436,FF-34-CAM-4,36439.014411578,36439.015599944,36439.069156664,38.3330078125,38.3330078125,0,,0
9438,FF-34-CAM-4,36439.36323782,36439.365032226,36439.428507804,38.3330078125,38.3330078125,0,,0
9440,FF-34-CAM-4,36439.764906802,36439.765647176,36439.815034457,38.3330078125,38.3330078125,0,,0
9442,FF-34-CAM-4,36440.120520001,36440.121387322,36440.172872066,38.3330078125,38.3330078125,0,,0
9444,FF-34-CAM-4,36440.447910002,36440.448796714,36440.514347725,38.3330078125,38.3330078125,0,,0
9446,FF-34-CAM-4,36440.764825055,36440.765937917,36440.845262972,38.3330078125,38.3330078125,0,,0
9448,FF-34-CAM-4,36441.089831134,36441.090633089,36441.135905765,38.3330078125,38.3330078125,0,,0
9450,FF-34-CAM-4,36441.42479022,36441.425797361,36441.489038326,38.3330078125,38.3330078125,0,,0
9452,FF-34-CAM-4,36441.780476386,36441.784043653,36441.829825876,38.3330078125,38.3330078125,0,,0
9454,FF-34-CAM-4,36442.14923714,36442.151621792,36442.195310592,38.3330078125,38.3330078125,0,,0
9456,FF-34-CAM-4,36442.47171289,36442.472474361,36442.525654329,38.3330078125,38.3330078125,0,,0
9458,FF-34-CAM-4,36442.869962836,36442.871311685,36442.96226539,38.3330078125,38.3330078125,0,,0
9460,FF-34-CAM-4,36443.362255228,36443.363421951,36443.404680919,38.3330078125,38.3330078125,0,,0
9462,FF-34-CAM-4,36443.6953759,36443.697981183,36443.768036761,38.3330078125,38.3330078125,0,,0
9464,FF-34-CAM-4,36444.112506015,36444.114889205,36444.160579487,38.3330078125,38.3330078125,0,,0
9466,FF-34-CAM-4,36444.441248509,36444.442078598,36444.49896824,38.3330078125,38.3330078125,0,,0
9468,FF-34-CAM-4,36444.795519367,36444.79633368,36444.849437183,38.3330078125,38.3330078125,0,,0
9470,FF-34-CAM-4,36445.168099707,36445.169222778,36445.210302839,38.3330078125,38.3330078125,0,,0
9472,FF-34-CAM-4,36445.492551589,36445.494396809,36445.545294446,38.3330078125,38.3330078125,0,,0
9474,FF-34-CAM-4,36445.811951753,36445.814032532,36445.867903253,38.3330078125,38.3330078125,0,,0
9476,FF-34-CAM-4,36446.158619128,36446.159850691,36446.233921038,38.3330078125,38.3330078125,0,,0
9478,FF-34-CAM-4,36446.564719217,36446.566051736,36446.609227609,38.3330078125,38.3330078125,0,,0
9480,FF-34-CAM-4,36446.932830699,36446.933787177,36446.981219778,38.3330078125,38.3330078125,0,,0
9482,FF-34-CAM-4,36447.283208859,36447.283844187,36447.331180424,38.3330078125,38.3330078125,0,,0
9484,FF-34-CAM-4,36447.633204158,36447.634885884,36447.689904975,38.3330078125,38.3330078125,0,,0
9486,FF-34-CAM-4,36448.025310187,36448.027058326,36448.080169468,38.3330078125,38.3330078125,0,,0
9488,FF-34-CAM-4,36448.386296464,36448.387240749,36448.460915733,38.3330078125,38.3330078125,0,,0
9490,FF-34-CAM-4,36448.790904115,36448.793597626,36448.878685966,38.3330078125,38.3330078125,0,,0
9492,FF-34-CAM-4,36449.206315494,36449.207360841,36449.259479635,38.3330078125,38.3330078125,0,,0
9494,FF-34-CAM-4,36449.535997284,36449.537984721,36449.597909234,38.3330078125,38.3330078125,0,,0
9496,FF-34-CAM-4,36449.916574214,36449.917513204,36449.972764859,38.3330078125,38.3330078125,0,,0
9498,FF-34-CAM-4,36450.244929303,36450.247642938,36450.314090349,38.3330078125,38.3330078125,0,,0
9500,FF-34-CAM-4,36450.618663001,36450.620296144,36450.676842545,38.3330078125,38.3330078125,0,,0
9502,FF-34-CAM-4,36450.961115386,36450.962190661,36451.017929703,38.3330078125,38.3330078125,0,,0
9504,FF-34-CAM-4,36451.321278256,36451.322258448,36451.388957703,38.3330078125,38.3330078125,0,,0
9506,FF-34-CAM-4,36451.677413903,36451.678775431,36451.736696129,38.3330078125,38.3330078125,0,,0
9508,FF-34-CAM-4,36452.027768855,36452.028550483,36452.089233513,38.3330078125,38.3330078125,0,,0
9510,FF-34-CAM-4,36452.403738066,36452.404516354,36452.454108535,38.3330078125,38.3330078125,0,,0
9512,FF-34-CAM-4,36452.756374977,36452.757124275,36452.802834358,38.3330078125,38.3330078125,0,,0
9514,FF-34-CAM-4,36453.135124599,36453.140719521,36453.196583308,38.3330078125,38.3330078125,0,,0
9516,FF-34-CAM-4,36453.512877666,36453.513683737,36453.559258591,38.3330078125,38.3330078125,0,,0
9518,FF-34-CAM-4,36453.844273808,36453.845252771,36453.908294502,38.3330078125,38.3330078125,0,,0
9520,FF-34-CAM-4,36454.183472199,36454.184474383,36454.253665865,38.3330078125,38.3330078125,0,,0
9522,FF-34-CAM-4,36454.574796441,36454.575925642,36454.646170634,38.3330078125,38.3330078125,0,,0
9524,FF-34-CAM-4,36454.959704001,36454.960466124,36454.990698828,38.3330078125,38.3330078125,0,,0
9526,FF-34-CAM-4,36455.295041414,36455.298232504,36455.386548665,38.3330078125,38.3330078125,0,,0
9528,FF-34-CAM-4,36455.674584849,36455.67571451,36455.722568655,38.3330078125,38.3330078125,0,,0
9530,FF-34-CAM-4,36456.014431458,36456.015638517,36456.069036828,38.3330078125,38.3330078125,0,,0
9532,FF-34-CAM-4,36456.364666212,36456.365456454,36456.406015912,38.3330078125,38.3330078125,0,,0
9534,FF-34-CAM-4,36456.727064418,36456.728257565,36456.794663812,38.3330078125,38.3330078125,0,,0
9536,FF-34-CAM-4,36457.148800087,36457.150140855,36457.194761323,38.3330078125,38.3330078125,0,,0
9538,FF-34-CAM-4,36457.485307827,36457.487919679,36457.573461806,38.3330078125,38.3330078125,0,,0
9540,FF-34-CAM-4,36457.830967911,36457.832840994,36457.883726834,38.3330078125,38.3330078125,0,,0
9542,FF-34-CAM-4,36458.184113292,36458.185214024,36458.232569572,38.3330078125,38.3330078125,0,,0
9544,FF-34-CAM-4,36458.539680955,36458.540656811,36458.595884636,38.3330078125,38.3330078125,0,,0
9546,FF-34-CAM-4,36458.892468095,36458.893904529,36458.947859372,38.3330078125,38.3330078125,0,,0
9548,FF-34-CAM-4,36459.246049834,36459.246982675,36459.327742064,38.3330078125,38.3330078125,0,,0
9550,FF-34-CAM-4,36459.653169226,36459.65603696,36459.718942841,38.3330078125,38.3330078125,0,,0
9552,FF-34-CAM-4,36460.048610786,36460.049175649,36460.076963605,38.3330078125,38.3330078125,0,,0
9554,FF-34-CAM-4,36460.423598434,36460.426402891,36460.485358423,38.3330078125,38.3330078125,0,,0
9556,FF-34-CAM-4,36460.79158617,36460.793971506,36460.843726095,38.3330078125,38.3330078125,0,,0
9558,FF-34-CAM-4,36461.153422255,36461.154449963,36461.246375165,38.3330078125,38.3330078125,0,,0
9560,FF-34-CAM-4,36461.527487991,36461.528610148,36461.584853528,38.3330078125,38.3330078125,0,,0
9562,FF-34-CAM-4,36461.880182364,36461.881178667,36461.949586114,38.3330078125,38.3330078125,0,,0
9564,FF-34-CAM-4,36462.254573986,36462.257622648,36462.308231536,38.3330078125,38.3330078125,0,,0
9566,FF-34-CAM-4,36462.600835418,36462.601858214,36462.658905218,38.3330078125,38.3330078125,0,,0
9568,FF-34-CAM-4,36462.956415041,36462.957378776,36463.02628262,38.3330078125,38.3330078125,0,,0
9570,FF-34-CAM-4,36463.334754014,36463.336118782,36463.394637724,38.3330078125,38.3330078125,0,,0
9572,FF-34-CAM-4,36463.692440825,36463.693306222,36463.767210382,38.3330078125,38.3330078125,0,,0
9574,FF-34-CAM-4,36464.096337905,36464.099728169,36464.159914263,38.3330078125,38.3330078125,0,,0
9576,FF-34-CAM-4,36464.444019383,36464.444545921,36464.524986739,38.3330078125,38.3330078125,0,,0
9578,FF-34-CAM-4,36464.87845006,36464.879489837,36464.961092055,38.3330078125,38.3330078125,0,,0
9580,FF-34-CAM-4,36465.260560423,36465.262638997,36465.354335771,38.3330078125,38.3330078125,0,,0
9582,FF-34-CAM-4,36465.690427642,36465.691842896,36465.750039009,38.3330078125,38.3330078125,0,,0
9584,FF-34-CAM-4,36466.068640697,36466.070534442,36466.128449326,38.3330078125,38.3330078125,0,,0
9586,FF-34-CAM-4,36466.526376313,36466.528509328,36466.596091292,38.3330078125,38.3330078125,0,,0
9588,FF-34-CAM-4,36466.913023359,36466.915675999,36466.977056507,38.3330078125,38.3330078125,0,,0
9590,FF-34-CAM-4,36467.299625195,36467.302600823,36467.392843227,38.3330078125,38.3330078125,0,,0
9592,FF-34-CAM-4,36467.686692067,36467.687755454,36467.748447299,38.3330078125,38.3330078125,0,,0
9594,FF-34-CAM-4,36468.152357164,36468.154259207,36468.204374207,38.3330078125,38.3330078125,0,,0
9596,FF-34-CAM-4,36468.520308777,36468.521477613,36468.572138287,38.3330078125,38.3330078125,0,,0
9598,FF-34-CAM-4,36468.855860146,36468.856719972,36468.936265364,38.3330078125,38.3330078125,0,,0
9600,FF-34-CAM-4,36469.300997059,36469.302055141,36469.342551372,38.3330078125,38.3330078125,0,,0
9602,FF-34-CAM-4,36469.625290773,36469.62652231,36469.684691737,38.3330078125,38.3330078125,0,,0
9604,FF-34-CAM-4,36469.969471648,36469.97054685,36470.019995516,38.3330078125,38.3330078125,0,,0
9606,FF-34-CAM-4,36470.32732975,36470.328231408,36470.369532909,38.3330078125,38.3330078125,0,,0
9608,FF-34-CAM-4,36470.676086825,36470.677148473,36470.744097907,38.3330078125,38.3330078125,0,,0
9610,FF-34-CAM-4,36471.043488732,36471.044766105,36471.088834889,38.3330078125,38.3330078125,0,,0
9612,FF-34-CAM-4,36471.403187946,36471.405488502,36471.482893718,38.3330078125,38.3330078125,0,,0
9614,FF-34-CAM-4,36471.77513228,36471.776474209,36471.824140184,38.3330078125,38.3330078125,0,,0
9616,FF-34-CAM-4,36472.12622539,36472.126905053,36472.194269603,38.3330078125,38.3330078125,0,,0
9618,FF-34-CAM-4,36472.570767103,36472.578951602,36472.626566984,38.3330078125,38.3330078125,0,,0
9620,FF-34-CAM-4,36472.90419198,36472.904743861,36472.997643968,38.3330078125,38.3330078125,0,,0
9622,FF-34-CAM-4,36473.284496174,36473.28539982,36473.355665683,38.3330078125,38.3330078125,0,,0
9624,FF-34-CAM-4,36473.657298211,36473.65826482,36473.739946394,38.3330078125,38.3330078125,0,,0
9626,FF-34-CAM-4,36474.002152392,36474.003302922,36474.062935497,38.3330078125,38.3330078125,0,,0
9628,FF-34-CAM-4,36474.347523522,36474.348845566,36474.399288147,38.3330078125,38.3330078125,0,,0
9630,FF-34-CAM-4,36474.719218942,36474.720530372,36474.787442039,38.3330078125,38.3330078125,0,,0
9632,FF-34-CAM-4,36475.093835579,36475.094901554,36475.153586597,38.3330078125,38.3330078125,0,,0
9634,FF-34-CAM-4,36475.468514927,36475.46931402,36475.518782285,38.3330078125,38.3330078125,0,,0
9636,FF-34-CAM-4,36475.853898438,36475.855066333,36475.906180161,38.3330078125,38.3330078125,0,,0
9638,FF-34-CAM-4,36476.213168991,36476.216711472,36476.281822917,38.3330078125,38.3330078125,0,,0
9640,FF-34-CAM-4,36476.575059118,36476.57595687,36476.629781821,38.3330078125,38.3330078125,0,,0
9642,FF-34-CAM-4,36476.948150478,36476.949040999,36476.998331865,38.3330078125,38.3330078125,0,,0
9644,FF-34-CAM-4,36477.314073876,36477.315661879,36477.40107458,38.3330078125,38.3330078125,0,,0
9646,FF-34-CAM-4,36477.685714216,36477.686693355,36477.753101939,38.3330078125,38.3330078125,0,,0
9648,FF-34-CAM-4,36478.067805705,36478.068867796,36478.098316773,38.3330078125,38.3330078125,0,,0
9650,FF-34-CAM-4,36478.406207816,36478.407349235,36478.494575636,38.3330078125,38.3330078125,0,,0
9652,FF-34-CAM-4,36478.779978765,36478.780742381,36478.834248047,38.3330078125,38.3330078125,0,,0
9654,FF-34-CAM-4,36479.11738886,36479.118370354,36479.217926668,38.3330078125,38.3330078125,0,,0
9656,FF-34-CAM-4,36479.508120769,36479.508943077,36479.564873339,38.3330078125,38.3330078125,0,,0
9658,FF-34-CAM-4,36479.856430591,36479.859111108,36479.909743215,38.3330078125,38.3330078125,0,,0
9660,FF-34-CAM-4,36480.216859242,36480.217721594,36480.273580673,38.3330078125,38.3330078125,0,,0
9662,FF-34-CAM-4,36480.573971231,36480.575427647,36480.672431645,38.3330078125,38.3330078125,0,,0
9664,FF-34-CAM-4,36480.970262371,36480.971207442,36481.028746676,38.3330078125,38.3330078125,0,,0
9666,FF-34-CAM-4,36481.352946287,36481.354137024,36481.418732467,38.3330078125,38.3330078125,0,,0
9668,FF-34-CAM-4,36481.706682214,36481.707577647,36481.767582919,38.3330078125,38.3330078125,0,,0
9670,FF-34-CAM-4,36482.041932474,36482.043706998,36482.11232163,38.3330078125,38.3330078125,0,,0
9672,FF-34-CAM-4,36482.44034429,36482.441206794,36482.504759244,38.3330078125,38.3330078125,0,,0
9674,FF-34-CAM-4,36482.842419386,36482.843334354,36482.882416486,38.3330078125,38.3330078125,0,,0
9676,FF-34-CAM-4,36483.200223952,36483.202621218,36483.269650287,38.3330078125,38.3330078125,0,,0
9678,FF-34-CAM-4,36483.591776742,36483.593089812,36483.632498651,38.3330078125,38.3330078125,0,,0
9680,FF-34-CAM-4,36483.947436254,36483.955456612,36484.000385271,38.3330078125,38.3330078125,0,,0
9682,FF-34-CAM-4,36484.352545349,36484.353320365,36484.413770858,38.3330078125,38.3330078125,0,,0
9684,FF-34-CAM-4,36484.722626734,36484.723638531,36484.77267581,38.3330078125,38.3330078125,0,,0
9686,FF-34-CAM-4,36485.101081053,36485.102746496,36485.14503303,38.3330078125,38.3330078125,0,,0
9688,FF-34-CAM-4,36485.523554189,36485.524480979,36485.58933379,38.3330078125,38.3330078125,0,,0
9690,FF-34-CAM-4,36485.885296535,36485.886710496,36485.946129984,38.3330078125,38.3330078125,0,,0
9692,FF-34-CAM-4,36486.276071546,36486.27715903,36486.329474562,38.3330078125,38.3330078125,0,,0
9694,FF-34-CAM-4,36486.667168257,36486.668158088,36486.745798935,38.3330078125,38.3330078125,0,,0
9696,FF-34-CAM-4,36487.026327782,36487.028985637,36487.079347824,38.3330078125,38.3330078125,0,,0
9698,FF-34-CAM-4,36487.400529564,36487.401223453,36487.466945173,38.3330078125,38.3330078125,0,,0
9700,FF-34-CAM-4,36487.768674517,36487.771375153,36487.861450148,38.3330078125,38.3330078125,0,,0
9702,FF-34-CAM-4,36488.156694598,36488.15845927,36488.218150838,38.3330078125,38.3330078125,0,,0
9704,FF-34-CAM-4,36488.510496412,36488.511665449,36488.570839836,38.3330078125,38.3330078125,0,,0
9706,FF-34-CAM-4,36488.922336306,36488.92372044,36488.967242239,38.3330078125,38.3330078125,0,,0
9708,FF-34-CAM-4,36489.260791906,36489.261614742,36489.314321548,38.3330078125,38.3330078125,0,,0
9710,FF-34-CAM-4,36489.624928645,36489.626760641,36489.690972394,38.3330078125,38.3330078125,0,,0
9712,FF-34-CAM-4,36489.989920132,36489.994775223,36490.036954169,38.3330078125,38.3330078125,0,,0
9714,FF-34-CAM-4,36490.353829262,36490.354819029,36490.406203219,38.3330078125,38.3330078125,0,,0
9716,FF-34-CAM-4,36490.72961516,36490.731203834,36490.780100775,38.3330078125,38.3330078125,0,,0
9718,FF-34-CAM-4,36491.109197745,36491.111851203,36491.169063021,38.3330078125,38.3330078125,0,,0
9720,FF-34-CAM-4,36491.491524512,36491.492473095,36491.559832977,38.3330078125,38.3330078125,0,,0
9722,FF-34-CAM-4,36491.872458055,36491.876664077,36491.929682106,38.3330078125,38.3330078125,0,,0
9724,FF-34-CAM-4,36492.238729237,36492.240280944,36492.292904211,38.3330078125,38.3330078125,0,,0
9726,FF-34-CAM-4,36492.61987446,36492.621061074,36492.671205552,38.3330078125,38.3330078125,0,,0
9728,FF-34-CAM-4,36492.989460178,36492.992033397,36493.045407278,38.3330078125,38.3330078125,0,,0
9730,FF-34-CAM-4,36493.352839064,36493.353827277,36493.40343468,38.3330078125,38.3330078125,0,,0
9732,FF-34-CAM-4,36493.689391599,36493.690760981,36493.799272025,38.3330078125,38.3330078125,0,,0
9734,FF-34-CAM-4,36494.082035897,36494.082902597,36494.13766255,38.3330078125,38.3330078125,0,,0
9736,FF-34-CAM-4,36494.467501346,36494.471222775,36494.530466478,38.3330078125,38.3330078125,0,,0
9738,FF-34-CAM-4,36494.852598756,36494.854268164,36494.9129561,38.3330078125,38.3330078125,0,,0
9740,FF-34-CAM-4,36495.221483165,36495.223803178,36495.306213309,38.3330078125,38.3330078125,0,,0
9742,FF-34-CAM-4,36495.650315353,36495.651234579,36495.720712251,38.3330078125,38.3330078125,0,,0
9744,FF-34-CAM-4,36496.085310589,36496.086131978,36496.164401972,38.3330078125,38.3330078125,0,,0
9746,FF-34-CAM-4,36496.481617339,36496.484159394,36496.549762511,38.3330078125,38.3330078125,0,,0
9748,FF-34-CAM-4,36496.895031459,36496.897274665,36496.950550459,38.3330078125,38.3330078125,0,,0
9750,FF-34-CAM-4,36497.298250363,36497.300037454,36497.402307378,38.3330078125,38.3330078125,0,,0
9752,FF-34-CAM-4,36497.74006918,36497.741680741,36497.799571471,38.3330078125,38.3330078125,0,,0
9754,FF-34-CAM-4,36498.148548744,36498.150194468,36498.236692394,38.3330078125,38.3330078125,0,,0
9756,FF-34-CAM-4,36498.550714125,36498.5520582,36498.61325098,38.3330078125,38.3330078125,0,,0
9758,FF-34-CAM-4,36498.915689166,36498.917037175,36498.977618745,38.3330078125,38.3330078125,0,,0
9760,FF-34-CAM-4,36499.2516007,36499.252591527,36499.308914682,38.3330078125,38.3330078125,0,,0
9762,FF-34-CAM-4,36499.614164187,36499.6152371,36499.698699328,38.3330078125,38.3330078125,0,,0
9764,FF-34-CAM-4,36500.020081882,36500.022235054,36500.076249594,38.3330078125,38.3330078125,0,,0
9766,FF-34-CAM-4,36500.397797171,36500.398662811,36500.443165396,38.3330078125,38.3330078125,0,,0
9768,FF-34-CAM-4,36500.745349614,36500.746458777,36500.807601957,38.3330078125,38.3330078125,0,,0
9770,FF-34-CAM-4,36501.098375552,36501.100289281,36501.157226464,38.3330078125,38.3330078125,0,,0
9772,FF-34-CAM-4,36501.469859434,36501.470627425,36501.525611023,38.3330078125,38.3330078125,0,,0
9774,FF-34-CAM-4,36501.827945175,36501.82880565,36501.883669754,38.3330078125,38.3330078125,0,,0
9776,FF-34-CAM-4,36502.185959162,36502.186889436,36502.242449066,38.3330078125,38.3330078125,0,,0
9778,FF-34-CAM-4,36502.529765707,36502.530779276,36502.59807727,38.3330078125,38.3330078125,0,,0
9780,FF-34-CAM-4,36502.863241772,36502.863795179,36502.925375772,38.3330078125,38.3330078125,0,,0
9782,FF-34-CAM-4,36503.228014784,36503.230654649,36503.277498769,38.3330078125,38.3330078125,0,,0
9784,FF-34-CAM-4,36503.567385525,36503.573514014,36503.643662149,38.3330078125,38.3330078125,0,,0
9786,FF-34-CAM-4,36503.964666554,36503.966233514,36504.018977061,38.3330078125,38.3330078125,0,,0
9788,FF-34-CAM-4,36504.352553174,36504.353447147,36504.417966397,38.3330078125,38.3330078125,0,,0
9790,FF-34-CAM-4,36504.708221249,36504.708930592,36504.756751152,38.3330078125,38.3330078125,0,,0
9792,FF-34-CAM-4,36505.09125909,36505.092823313,36505.164594882,38.3330078125,38.3330078125,0,,0
9794,FF-34-CAM-4,36505.515667798,36505.516254949,36505.575984103,38.3330078125,38.3330078125,0,,0
9796,FF-34-CAM-4,36505.875624469,36505.877814275,36506.024867039,38.3330078125,38.3330078125,0,,0
9798,FF-34-CAM-4,36506.348292065,36506.349479714,36506.392939085,38.3330078125,38.3330078125,0,,0
9800,FF-34-CAM-4,36506.688319136,36506.689721705,36506.741365217,38.3330078125,38.3330078125,0,,0
9802,FF-34-CAM-4,36507.023526441,36507.024973877,36507.073737641,38.3330078125,38.3330078125,0,,0
9804,FF-34-CAM-4,36507.409433214,36507.411884662,36507.474149277,38.3330078125,38.3330078125,0,,0
9806,FF-34-CAM-4,36507.822335745,36507.825218912,36507.872862855,38.3330078125,38.3330078125,0,,0
9808,FF-34-CAM-4,36508.182249364,36508.182887715,36508.228157757,38.3330078125,38.3330078125,0,,0
9810,FF-34-CAM-4,36508.55959479,36508.560219798,36508.6419491,38.3330078125,38.3330078125,0,,0
9812,FF-34-CAM-4,36508.93582778,36508.936850599,36509.002214415,38.3330078125,38.3330078125,0,,0
9814,FF-34-CAM-4,36509.30371239,36509.304228923,36509.374699578,38.3330078125,38.3330078125,0,,0
9816,FF-34-CAM-4,36509.674850214,36509.676058633,36509.715320211,38.3330078125,38.3330078125,0,,0
9818,FF-34-CAM-4,36510.044304056,36510.046790489,36510.083201964,38.3330078125,38.3330078125,0,,0
9820,FF-34-CAM-4,36510.388401685,36510.38936595,36510.441288447,38.3330078125,38.3330078125,0,,0
9822,FF-34-CAM-4,36510.743608154,36510.744502673,36510.796345448,38.3330078125,38.3330078125,0,,0
9824,FF-34-CAM-4,36511.082562445,36511.083612251,36511.146682061,38.3330078125,38.3330078125,0,,0
9826,FF-34-CAM-4,36511.429212538,36511.429833177,36511.484345536,38.3330078125,38.3330078125,0,,0
9828,FF-34-CAM-4,36511.789702373,36511.790939289,36511.842349611,38.3330078125,38.3330078125,0,,0
9830,FF-34-CAM-4,36512.135978425,36512.136636219,36512.23528489,38.3330078125,38.3330078125,0,,0
9832,FF-34-CAM-4,36512.526291533,36512.527505232,36512.573085676,38.3330078125,38.3330078125,0,,0
9834,FF-34-CAM-4,36512.905088057,36512.906424155,36512.95017258,38.3330078125,38.3330078125,0,,0
9836,FF-34-CAM-4,36513.230112369,36513.231177523,36513.271134178,38.3330078125,38.3330078125,0,,0
9838,FF-34-CAM-4,36513.601751495,36513.602670143,36513.637938343,38.3330078125,38.3330078125,0,,0
9840,FF-34-CAM-4,36513.925816457,36513.926514852,36513.998285825,38.3330078125,38.3330078125,0,,0
9842,FF-34-CAM-4,36514.319907399,36514.320822535,36514.366029786,38.3330078125,38.3330078125,0,,0
9844,FF-34-CAM-4,36514.682351096,36514.683819563,36514.751968018,38.3330078125,38.3330078125,0,,0
9846,FF-34-CAM-4,36515.131215023,36515.133710079,36515.210132268,38.3330078125,38.3330078125,0,,0
9848,FF-34-CAM-4,36515.491821471,36515.492767608,36515.544917863,38.3330078125,38.3330078125,0,,0
9850,FF-34-CAM-4,36515.839308558,36515.840032365,36515.895412155,38.3330078125,38.3330078125,0,,0
9852,FF-34-CAM-4,36516.205614055,36516.206962502,36516.245360923,38.3330078125,38.3330078125,0,,0
9854,FF-34-CAM-4,36516.523780362,36516.52488675,36516.587636283,38.3330078125,38.3330078125,0,,0
9856,FF-34-CAM-4,36516.872727427,36516.873806566,36516.936165356,38.3330078125,38.3330078125,0,,0
9858,FF-34-CAM-4,36517.242756815,36517.243443452,36517.285885476,38.3330078125,38.3330078125,0,,0
9860,FF-34-CAM-4,36517.587908526,36517.589126803,36517.672686978,38.3330078125,38.3330078125,0,,0
9862,FF-34-CAM-4,36517.93258897,36517.933589181,36517.983110684,38.3330078125,38.3330078125,0,,0
9864,FF-34-CAM-4,36518.29338556,36518.294101705,36518.333407808,38.3330078125,38.3330078125,0,,0
9866,FF-34-CAM-4,36518.607025678,36518.607704192,36518.678860484,38.3330078125,38.3330078125,0,,0
9868,FF-34-CAM-4,36518.94828763,36518.949566784,36518.993932735,38.3330078125,38.3330078125,0,,0
9870,FF-34-CAM-4,36519.276442792,36519.27738924,36519.351364916,38.3330078125,38.3330078125,0,,0
9872,FF-34-CAM-4,36519.672119674,36519.672832941,36519.727654017,38.3330078125,38.3330078125,0,,0
9874,FF-34-CAM-4,36519.985552295,36519.988739608,36520.060594821,38.3330078125,38.3330078125,0,,0
9876,FF-34-CAM-4,36520.341813828,36520.343204834,36520.410531907,38.3330078125,38.3330078125,0,,0
9878,FF-34-CAM-4,36520.690944254,36520.691971661,36520.726377297,38.3330078125,38.3330078125,0,,0
9880,FF-34-CAM-4,36521.047863563,36521.048862049,36521.142094875,38.3330078125,38.3330078125,0,,0
9882,FF-34-CAM-4,36521.478492381,36521.479277005,36521.513173824,38.3330078125,38.3330078125,0,,0
9884,FF-34-CAM-4,36521.792982801,36521.793888806,36521.856918742,38.3330078125,38.3330078125,0,,0
9886,FF-34-CAM-4,36522.164560284,36522.165787064,36522.20502897,38.3330078125,38.3330078125,0,,0
9888,FF-34-CAM-4,36522.47966497,36522.480523351,36522.575261125,38.3330078125,38.3330078125,0,,0
9890,FF-34-CAM-4,36522.836298114,36522.841023405,36522.878950019,38.3330078125,38.3330078125,0,,0
9892,FF-34-CAM-4,36523.127754214,36523.128450062,36523.232305232,38.3330078125,38.3330078125,0,,0
9894,FF-34-CAM-4,36523.482012922,36523.483254312,36523.538388421,38.3330078125,38.3330078125,0,,0
9896,FF-34-CAM-4,36523.826515444,36523.827472971,36523.875514974,38.3330078125,38.3330078125,0,,0
9898,FF-34-CAM-4,36524.205147153,36524.206200439,36524.280563465,38.3330078125,38.3330078125,0,,0
9900,FF-34-CAM-4,36524.566046522,36524.56692644,36524.613147275,38.3330078125,38.3330078125,0,,0
9902,FF-34-CAM-4,36524.888456499,36524.89046229,36524.941233868,38.3330078125,38.3330078125,0,,0
9904,FF-34-CAM-4,36525.270015933,36525.27101808,36525.311875216,38.3330078125,38.3330078125,0,,0
9906,FF-34-CAM-4,36525.582391056,36525.583315303,36525.632544594,38.3330078125,38.3330078125,0,,0
9908,FF-34-CAM-4,36525.928455297,36525.933717704,36525.994935147,38.3330078125,38.3330078125,0,,0
9910,FF-34-CAM-4,36526.32434749,36526.325436631,36526.387880157,38.3330078125,38.3330078125,0,,0
9912,FF-34-CAM-4,36526.673472957,36526.674338442,36526.726144412,38.3330078125,38.3330078125,0,,0
9914,FF-34-CAM-4,36527.027371239,36527.028357477,36527.076437263,38.3330078125,38.3330078125,0,,0
9916,FF-34-CAM-4,36527.382854115,36527.386803204,36527.43385301,38.3330078125,38.3330078125,0,,0
9918,FF-34-CAM-4,36527.723621013,36527.724721298,36527.774208908,38.3330078125,38.3330078125,0,,0
9920,FF-34-CAM-4,36528.089452451,36528.089996839,36528.130385561,38.3330078125,38.3330078125,0,,0
9922,FF-34-CAM-4,36528.451924374,36528.452982842,36528.4938907,38.3330078125,38.3330078125,0,,0
9924,FF-34-CAM-4,36528.762660097,36528.763317714,36528.809317733,38.3330078125,38.3330078125,0,,0
9926,FF-34-CAM-4,36529.119636752,36529.120961457,36529.183966873,38.3330078125,38.3330078125,0,,0
9928,FF-34-CAM-4,36529.525389231,36529.526758111,36529.598618967,38.3330078125,38.3330078125,0,,0
9930,FF-34-CAM-4,36529.906339633,36529.907593657,36529.98679764,38.3330078125,38.3330078125,0,,0
9932,FF-34-CAM-4,36530.265554937,36530.266458653,36530.308901482,38.3330078125,38.3330078125,0,,0
9934,FF-34-CAM-4,36530.62351185,36530.624457759,36530.731858096,38.3330078125,38.3330078125,0,,0
9936,FF-34-CAM-4,36531.059807048,36531.060846512,36531.107044283,38.3330078125,38.3330078125,0,,0
9938,FF-34-CAM-4,36531.417848791,36531.418643497,36531.476000048,38.3330078125,38.3330078125,0,,0
9940,FF-34-CAM-4,36531.785728799,36531.78649927,36531.825496399,38.3330078125,38.3330078125,0,,0
9942,FF-34-CAM-4,36532.107134147,36532.107811329,36532.168782872,38.3330078125,38.3330078125,0,,0
9944,FF-34-CAM-4,36532.503546628,36532.508510722,36532.554596911,38.3330078125,38.3330078125,0,,0
9946,FF-34-CAM-4,36532.848109416,36532.848728405,36532.936322892,38.3330078125,38.3330078125,0,,0
9948,FF-34-CAM-4,36533.236938724,36533.237678685,36533.290080286,38.3330078125,38.3330078125,0,,0
9950,FF-34-CAM-4,36533.589094321,36533.591053312,36533.653401546,38.3330078125,38.3330078125,0,,0
9952,FF-34-CAM-4,36533.948611512,36533.951786352,36534.005126767,38.3330078125,38.3330078125,0,,0
9954,FF-34-CAM-4,36534.390929466,36534.39259231,36534.432738949,38.3330078125,38.3330078125,0,,0
9956,FF-34-CAM-4,36534.719779397,36534.720887758,36534.76143391,38.3330078125,38.3330078125,0,,0
9958,FF-34-CAM-4,36535.049962545,36535.050809091,36535.133199464,38.3330078125,38.3330078125,0,,0
9960,FF-34-CAM-4,36535.41138909,36535.412280498,36535.481511647,38.3330078125,38.3330078125,0,,0
9962,FF-34-CAM-4,36535.779659282,36535.781674556,36535.828102565,38.3330078125,38.3330078125,0,,0
9964,FF-34-CAM-4,36536.127572209,36536.129918408,36536.184477132,38.3330078125,38.3330078125,0,,0
9966,FF-34-CAM-4,36536.468315935,36536.46905112,36536.517754996,38.3330078125,38.3330078125,0,,0
9968,FF-34-CAM-4,36536.791939597,36536.794096391,36536.841580347,38.3330078125,38.3330078125,0,,0
9970,FF-34-CAM-4,36537.145074471,36537.153218676,36537.24491348,38.3330078125,38.3330078125,0,,0
9972,FF-34-CAM-4,36537.577311682,36537.578239712,36537.619343281,38.3330078125,38.3330078125,0,,0
9974,FF-34-CAM-4,36537.875493571,36537.876100267,36537.92262007,38.3330078125,38.3330078125,0,,0
9976,FF-34-CAM-4,36538.227781916,36538.230153483,36538.29422904,38.3330078125,38.3330078125,0,,0
9978,FF-34-CAM-4,36538.578428397,36538.579116529,36538.628478372,38.3330078125,38.3330078125,0,,0
9980,FF-34-CAM-4,36538.948214534,36538.949553798,36538.995284891,38.3330078125,38.3330078125,0,,0
9982,FF-34-CAM-4,36539.311440585,36539.311917216,36539.377071952,38.3330078125,38.3330078125,0,,0
9984,FF-34-CAM-4,36539.670328478,36539.67292602,36539.723935961,38.3330078125,38.3330078125,0,,0
9986,FF-34-CAM-4,36539.992567596,36539.995632125,36540.039606841,38.3330078125,38.3330078125,0,,0
9988,FF-34-CAM-4,36540.35106684,36540.353932267,36540.449571788,38.3330078125,38.3330078125,0,,0
9990,FF-34-CAM-4,36540.715173939,36540.717217141,36540.766671672,38.3330078125,38.3330078125,0,,0
9992,FF-34-CAM-4,36541.047754919,36541.048650661,36541.103631104,38.3330078125,38.3330078125,0,,0
9994,FF-34-CAM-4,36541.416993133,36541.417812977,36541.490270862,38.3330078125,38.3330078125,0,,0
9996,FF-34-CAM-4,36541.755834398,36541.756617396,36541.807448323,38.3330078125,38.3330078125,0,,0
9998,FF-34-CAM-4,36542.079863231,36542.08055742,36542.142818031,38.3330078125,38.3330078125,0,,0
10000,FF-34-CAM-4,36542.462928678,36542.464349154,36542.518697704,38.3330078125,38.3330078125,0,,0
10002,FF-34-CAM-4,36542.818663227,36542.820339595,36542.874218463,38.3330078125,38.3330078125,0,,0
10004,FF-34-CAM-4,36543.233489823,36543.234798314,36543.277606863,38.3330078125,38.3330078125,0,,0
10006,FF-34-CAM-4,36543.568653968,36543.569888505,36543.618126077,38.3330078125,38.3330078125,0,,0
10008,FF-34-CAM-4,36543.929279222,36543.930064118,36543.973983379,38.3330078125,38.3330078125,0,,0
10010,FF-34-CAM-4,36544.327422167,36544.329540912,36544.371233275,38.3330078125,38.3330078125,0,,0
10012,FF-34-CAM-4,36544.65990589,36544.66068039,36544.726113076,38.3330078125,38.3330078125,0,,0
10014,FF-34-CAM-4,36545.045565912,36545.04808439,36545.091492188,38.3330078125,38.3330078125,0,,0
10016,FF-34-CAM-4,36545.400014765,36545.400919656,36545.450913379,38.3330078125,38.3330078125,0,,0
10018,FF-34-CAM-4,36545.79434244,36545.795672774,36545.90076672,38.3330078125,38.3330078125,0,,0
10020,FF-34-CAM-4,36546.220163357,36546.221623637,36546.298072512,38.3330078125,38.3330078125,0,,0
10022,FF-34-CAM-4,36546.600313495,36546.601424222,36546.645725159,38.3330078125,38.3330078125,0,,0
10024,FF-34-CAM-4,36546.967788857,36546.96985163,36547.022046559,38.3330078125,38.3330078125,0,,0
10026,FF-34-CAM-4,36547.356100325,36547.357062302,36547.433031198,38.3330078125,38.3330078125,0,,0
10028,FF-34-CAM-4,36547.757185759,36547.757940867,36547.806521773,38.3330078125,38.3330078125,0,,0
10030,FF-34-CAM-4,36548.089336941,36548.090094745,36548.152747632,38.3330078125,38.3330078125,0,,0
10032,FF-34-CAM-4,36548.450276487,36548.45757385,36548.515786034,38.3330078125,38.3330078125,0,,0
10034,FF-34-CAM-4,36548.850719994,36548.851835395,36548.903286959,38.3330078125,38.3330078125,0,,0
10036,FF-34-CAM-4,36549.216631858,36549.218733343,36549.277724322,38.3330078125,38.3330078125,0,,0
10038,FF-34-CAM-4,36549.584526735,36549.586084508,36549.639844904,38.3330078125,38.3330078125,0,,0
10040,FF-34-CAM-4,36549.945514499,36549.946453744,36549.991318237,38.3330078125,38.3330078125,0,,0
10042,FF-34-CAM-4,36550.302655301,36550.303556972,36550.347244788,38.3330078125,38.3330078125,0,,0
10044,FF-34-CAM-4,36550.602615933,36550.603588072,36550.660037643,38.3330078125,38.3330078125,0,,0
10046,FF-34-CAM-4,36551.013530811,36551.014126068,36551.054854283,38.3330078125,38.3330078125,0,,0
10048,FF-34-CAM-4,36551.368723875,36551.369714064,36551.428754241,38.3330078125,38.3330078125,0,,0
10050,FF-34-CAM-4,36551.785109024,36551.785863529,36551.855721712,38.3330078125,38.3330078125,0,,0
10052,FF-34-CAM-4,36552.134272608,36552.134769248,36552.184597048,38.3330078125,38.3330078125,0,,0
10054,FF-34-CAM-4,36552.497940114,36552.49858468,36552.586204297,38.3330078125,38.3330078125,0,,0
10056,FF-34-CAM-4,36552.870121686,36552.870819187,36552.915658299,38.3330078125,38.3330078125,0,,0
10058,FF-34-CAM-4,36553.201376096,36553.203674189,36553.257605255,38.3330078125,38.3330078125,0,,0
10060,FF-34-CAM-4,36553.571549333,36553.572392821,36553.661248237,38.3330078125,38.3330078125,0,,0
10062,FF-34-CAM-4,36553.972862732,36553.97375967,36554.01618657,38.3330078125,38.3330078125,0,,0
10064,FF-34-CAM-4,36554.309731461,36554.310744994,36554.375150982,38.3330078125,38.3330078125,0,,0
10066,FF-34-CAM-4,36554.677327658,36554.678355895,36554.736189226,38.3330078125,38.3330078125,0,,0
10068,FF-34-CAM-4,36555.032626673,36555.03535189,36555.13974704,38.3330078125,38.3330078125,0,,0
10070,FF-34-CAM-4,36555.406956799,36555.407832602,36555.473880289,38.3330078125,38.3330078125,0,,0
10072,FF-34-CAM-4,36555.788225292,36555.790200625,36555.85071806,38.3330078125,38.3330078125,0,,0
10074,FF-34-CAM-4,36556.150892448,36556.155378383,36556.263538293,38.3330078125,38.3330078125,0,,0
10076,FF-34-CAM-4,36556.592236465,36556.5929106,36556.642385816,38.3330078125,38.3330078125,0,,0
10078,FF-34-CAM-4,36556.933438198,36556.934089004,36557.014797109,38.3330078125,38.3330078125,0,,0
10080,FF-34-CAM-4,36557.353867708,36557.35463464,36557.396304992,38.3330078125,38.3330078125,0,,0
10082,FF-34-CAM-4,36557.719767044,36557.720911302,36557.807051887,38.3330078125,38.3330078125,0,,0
10084,FF-34-CAM-4,36558.09554657,36558.096589476,36558.150835233,38.3330078125,38.3330078125,0,,0
10086,FF-34-CAM-4,36558.480175115,36558.482063295,36558.570566529,38.3330078125,38.3330078125,0,,0
10088,FF-34-CAM-4,36558.892932959,36558.896050277,36558.965978658,38.3330078125,38.3330078125,0,,0
10090,FF-34-CAM-4,36559.269626577,36559.271713273,36559.357182251,38.3330078125,38.3330078125,0,,0
10092,FF-34-CAM-4,36559.646522378,36559.64713443,36559.701625043,38.3330078125,38.3330078125,0,,0
10094,FF-34-CAM-4,36560.004522781,36560.006834603,36560.068412995,38.3330078125,38.3330078125,0,,0
10096,FF-34-CAM-4,36560.391636428,36560.39333601,36560.462401397,38.3330078125,38.3330078125,0,,0
10098,FF-34-CAM-4,36560.79262848,36560.793765833,36560.840739172,38.3330078125,38.3330078125,0,,0
10100,FF-34-CAM-4,36561.116709354,36561.117805778,36561.190991943,38.3330078125,38.3330078125,0,,0
10102,FF-34-CAM-4,36561.481881002,36561.482909385,36561.526901553,38.3330078125,38.3330078125,0,,0
10104,FF-34-CAM-4,36561.826128356,36561.826887525,36561.877707209,38.3330078125,38.3330078125,0,,0
10106,FF-34-CAM-4,36562.146974095,36562.149063635,36562.226093379,38.3330078125,38.3330078125,0,,0
10108,FF-34-CAM-4,36562.521857991,36562.522786318,36562.566738296,38.3330078125,38.3330078125,0,,0
10110,FF-34-CAM-4,36562.834936924,36562.83632493,36562.896640409,38.3330078125,38.3330078125,0,,0
10112,FF-34-CAM-4,36563.195507694,36563.197775211,36563.237736783,38.3330078125,38.3330078125,0,,0
10114,FF-34-CAM-4,36563.537549883,36563.539537142,36563.617919289,38.3330078125,38.3330078125,0,,0
10116,FF-34-CAM-4,36563.901617296,36563.90291117,36563.95229727,38.3330078125,38.3330078125,0,,0
10118,FF-34-CAM-4,36564.248136694,36564.248768277,36564.302238211,38.3330078125,38.3330078125,0,,0
10120,FF-34-CAM-4,36564.623869512,36564.625254041,36564.671849365,38.3330078125,38.3330078125,0,,0
10122,FF-34-CAM-4,36564.973586804,36564.975099199,36565.00656214,38.3330078125,38.3330078125,0,,0
10124,FF-34-CAM-4,36565.470601142,36565.471373711,36565.527872977,38.3330078125,38.3330078125,0,,0
10126,FF-34-CAM-4,36565.878838681,36565.879595325,36565.933302253,38.3330078125,38.3330078125,0,,0
10128,FF-34-CAM-4,36566.219693167,36566.220793731,36566.27655697,38.3330078125,38.3330078125,0,,0
10130,FF-34-CAM-4,36566.547315722,36566.548313001,36566.626169537,38.3330078125,38.3330078125,0,,0
10132,FF-34-CAM-4,36566.915436799,36566.916044277,36566.975615359,38.3330078125,38.3330078125,0,,0
10134,FF-34-CAM-4,36567.25285025,36567.253763609,36567.292147864,38.3330078125,38.3330078125,0,,0
10136,FF-34-CAM-4,36567.579327173,36567.581877845,36567.67964346,38.3330078125,38.3330078125,0,,0
10138,FF-34-CAM-4,36567.959392283,36567.960091937,36568.018922324,38.3330078125,38.3330078125,0,,0
10140,FF-34-CAM-4,36568.291484063,36568.293556535,36568.353264302,38.3330078125,38.3330078125,0,,0
10142,FF-34-CAM-4,36568.647456913,36568.649893016,36568.709717455,38.3330078125,38.3330078125,0,,0
10144,FF-34-CAM-4,36568.948853757,36568.951139291,36569.002190882,38.3330078125,38.3330078125,0,,0
10146,FF-34-CAM-4,36569.261062036,36569.262403965,36569.314301486,38.3330078125,38.3330078125,0,,0
10148,FF-34-CAM-4,36569.573953689,36569.575379536,36569.620942068,38.3330078125,38.3330078125,0,,0
10150,FF-34-CAM-4,36569.884528,36569.885552849,36569.9330144,38.3330078125,38.3330078125,0,,0
10152,FF-34-CAM-4,36570.21540852,36570.216203712,36570.291067642,38.3330078125,38.3330078125,0,,0
10154,FF-34-CAM-4,36570.568472208,36570.569897647,36570.619434231,38.3330078125,38.3330078125,0,,0
10156,FF-34-CAM-4,36570.910121282,36570.910941507,36571.005336568,38.3330078125,38.3330078125,0,,0
10158,FF-34-CAM-4,36571.292306943,36571.293134197,36571.348064109,38.3330078125,38.3330078125,0,,0
10160,FF-34-CAM-4,36571.689119382,36571.689880841,36571.75368833,38.3330078125,38.3330078125,0,,0
10162,FF-34-CAM-4,36572.012404392,36572.013665942,36572.116953036,38.3330078125,38.3330078125,0,,0
10164,FF-34-CAM-4,36572.381273971,36572.382139278,36572.433199496,38.3330078125,38.3330078125,0,,0
10166,FF-34-CAM-4,36572.725845678,36572.727158491,36572.817101835,38.3330078125,38.3330078125,0,,0
10168,FF-34-CAM-4,36573.092841929,36573.094161705,36573.143656942,38.3330078125,38.3330078125,0,,0
10170,FF-34-CAM-4,36573.445435568,36573.446463523,36573.493678674,38.3330078125,38.3330078125,0,,0
10172,FF-34-CAM-4,36573.825661829,36573.827155864,36573.883739245,38.3330078125,38.3330078125,0,,0
10174,FF-34-CAM-4,36574.129734712,36574.130558912,36574.195423616,38.3330078125,38.3330078125,0,,0
10176,FF-34-CAM-4,36574.464606472,36574.465638851,36574.506082007,38.3330078125,38.3330078125,0,,0
10178,FF-34-CAM-4,36574.76154355,36574.762146226,36574.831157914,38.3330078125,38.3330078125,0,,0
10180,FF-34-CAM-4,36575.224749226,36575.227498394,36575.309783666,38.3330078125,38.3330078125,0,,0
10182,FF-34-CAM-4,36575.558799089,36575.559461374,36575.607868223,38.3330078125,38.3330078125,0,,0
10184,FF-34-CAM-4,36575.87926942,36575.881163742,36575.916585094,38.3330078125,38.3330078125,0,,0
10186,FF-34-CAM-4,36576.195728343,36576.197184862,36576.280302936,38.3330078125,38.3330078125,0,,0
10188,FF-34-CAM-4,36576.539891978,36576.541738887,36576.590102832,38.3330078125,38.3330078125,0,,0
10190,FF-34-CAM-4,36576.877050608,36576.87765422,36576.918812615,38.3330078125,38.3330078125,0,,0
10192,FF-34-CAM-4,36577.207678491,36577.208603627,36577.263021968,38.3330078125,38.3330078125,0,,0
10194,FF-34-CAM-4,36577.535157719,36577.536070044,36577.566382082,38.3330078125,38.3330078125,0,,0
10196,FF-34-CAM-4,36577.837912635,36577.840240571,36577.909140308,38.3330078125,38.3330078125,0,,0
10198,FF-34-CAM-4,36578.168313539,36578.175342603,36578.2105994,38.3330078125,38.3330078125,0,,0
10200,FF-34-CAM-4,36578.465167446,36578.466172256,36578.533016973,38.3330078125,38.3330078125,0,,0
10202,FF-34-CAM-4,36578.769716161,36578.770241975,36578.806991724,38.3330078125,38.3330078125,0,,0
10204,FF-34-CAM-4,36579.062618534,36579.063887705,36579.103297961,38.3330078125,38.3330078125,0,,0
10206,FF-34-CAM-4,36579.361919712,36579.362584206,36579.436131114,38.3330078125,38.3330078125,0,,0
10208,FF-34-CAM-4,36579.788741548,36579.790327136,36579.840411139,38.3330078125,38.3330078125,0,,0
10210,FF-34-CAM-4,36580.126603673,36580.127680757,36580.172617557,38.3330078125,38.3330078125,0,,0
10212,FF-34-CAM-4,36580.447510871,36580.450624211,36580.500712029,38.3330078125,38.3330078125,0,,0
10214,FF-34-CAM-4,36580.766155196,36580.766902929,36580.83350862,38.3330078125,38.3330078125,0,,0
10216,FF-34-CAM-4,36581.086451728,36581.088226244,36581.123069617,38.3330078125,38.3330078125,0,,0
10218,FF-34-CAM-4,36581.391510661,36581.392486525,36581.449545085,38.3330078125,38.3330078125,0,,0
10220,FF-34-CAM-4,36581.705278492,36581.708732574,36581.745955555,38.3330078125,38.3330078125,0,,0
10222,FF-34-CAM-4,36582.045857432,36582.048949844,36582.08931446,38.3330078125,38.3330078125,0,,0
10224,FF-34-CAM-4,36582.340214143,36582.34142046,36582.406575336,38.3330078125,38.3330078125,0,,0
10226,FF-34-CAM-4,36582.702691122,36582.703534315,36582.763380871,38.3330078125,38.3330078125,0,,0
10228,FF-34-CAM-4,36583.031751938,36583.035456445,36583.071283791,38.3330078125,38.3330078125,0,,0
10230,FF-34-CAM-4,36583.310603267,36583.311364714,36583.373347862,38.3330078125,38.3330078125,0,,0
10232,FF-34-CAM-4,36583.662556347,36583.663646454,36583.704664523,38.3330078125,38.3330078125,0,,0
10234,FF-34-CAM-4,36584.006054557,36584.007347747,36584.054439552,38.3330078125,38.3330078125,0,,0
10236,FF-34-CAM-4,36584.377446201,36584.378499855,36584.420753116,38.3330078125,38.3330078125,0,,0
10238,FF-34-CAM-4,36584.690815848,36584.69325115,36584.734718609,38.3330078125,38.3330078125,0,,0
10240,FF-34-CAM-4,36584.983050575,36584.988433487,36585.041953205,38.3330078125,38.3330078125,0,,0
10242,FF-34-CAM-4,36585.279852451,36585.280456706,36585.322584034,38.3330078125,38.3330078125,0,,0
10244,FF-34-CAM-4,36585.608695303,36585.609973028,36585.661380432,38.3330078125,38.3330078125,0,,0
10246,FF-34-CAM-4,36585.972796987,36585.973870766,36586.046396589,38.3330078125,38.3330078125,0,,0
10248,FF-34-CAM-4,36586.320299049,36586.321636044,36586.354600163,38.3330078125,38.3330078125,0,,0
10250,FF-34-CAM-4,36586.662138302,36586.663077999,36586.713585574,38.3330078125,38.3330078125,0,,0
10252,FF-34-CAM-4,36586.970033602,36586.970800639,36587.020456188,38.3330078125,38.3330078125,0,,0
10254,FF-34-CAM-4,36587.282804074,36587.284065725,36587.356131974,38.3330078125,38.3330078125,0,,0
10256,FF-34-CAM-4,36587.643984832,36587.644920234,36587.682363761,38.3330078125,38.3330078125,0,,0
10258,FF-34-CAM-4,36587.962572545,36587.963385946,36588.007741645,38.3330078125,38.3330078125,0,,0
10260,FF-34-CAM-4,36588.301114202,36588.301800037,36588.346998859,38.3330078125,38.3330078125,0,,0
10262,FF-34-CAM-4,36588.62796899,36588.628552948,36588.67559925,38.3330078125,38.3330078125,0,,0
10264,FF-34-CAM-4,36588.944236635,36588.944784367,36589.003305221,38.3330078125,38.3330078125,0,,0
10266,FF-34-CAM-4,36589.282288201,36589.283577274,36589.35254964,38.3330078125,38.3330078125,0,,0
10268,FF-34-CAM-4,36589.620186412,36589.622565074,36589.666090657,38.3330078125,38.3330078125,0,,0
10270,FF-34-CAM-4,36589.948042669,36589.949565128,36590.004412743,38.3330078125,38.3330078125,0,,0
10272,FF-34-CAM-4,36590.281264881,36590.282610495,36590.329288094,38.3330078125,38.3330078125,0,,0
10274,FF-34-CAM-4,36590.564751592,36590.567717952,36590.62789156,38.3330078125,38.3330078125,0,,0
10276,FF-34-CAM-4,36590.929689415,36590.930359358,36590.98669288,38.3330078125,38.3330078125,0,,0
10278,FF-34-CAM-4,36591.260910503,36591.261474965,36591.307188033,38.3330078125,38.3330078125,0,,0
10280,FF-34-CAM-4,36591.596800865,36591.597624657,36591.640212619,38.3330078125,38.3330078125,0,,0
10282,FF-34-CAM-4,36591.906214338,36591.907206874,36591.999582336,38.3330078125,38.3330078125,0,,0
10284,FF-34-CAM-4,36592.261176533,36592.261993137,36592.30724525,38.3330078125,38.3330078125,0,,0
10286,FF-34-CAM-4,36592.601061775,36592.601991003,36592.650354852,38.3330078125,38.3330078125,0,,0
10288,FF-34-CAM-4,36592.922734664,36592.923549582,36593.005002472,38.3330078125,38.3330078125,0,,0
10290,FF-34-CAM-4,36593.274217503,36593.275301699,36593.325708578,38.3330078125,38.3330078125,0,,0
10292,FF-34-CAM-4,36593.600463575,36593.601642276,36593.652124634,38.3330078125,38.3330078125,0,,0
10294,FF-34-CAM-4,36593.91457064,36593.915380412,36593.999204003,38.3330078125,38.3330078125,0,,0
10296,FF-34-CAM-4,36594.240138114,36594.240972965,36594.284419156,38.3330078125,38.3330078125,0,,0
10298,FF-34-CAM-4,36594.587635067,36594.588486082,36594.624765458,38.3330078125,38.3330078125,0,,0
10300,FF-34-CAM-4,36594.925154306,36594.926509198,36595.005090509,38.3330078125,38.3330078125,0,,0
10302,FF-34-CAM-4,36595.244650093,36595.249834158,36595.288701596,38.3330078125,38.3330078125,0,,0
10304,FF-34-CAM-4,36595.560176211,36595.56106643,36595.606902659,38.3330078125,38.3330078125,0,,0
10306,FF-34-CAM-4,36595.879460777,36595.880170855,36595.919590217,38.3330078125,38.3330078125,0,,0
10308,FF-34-CAM-4,36596.186229078,36596.187176115,36596.224578294,38.3330078125,38.3330078125,0,,0
10310,FF-34-CAM-4,36596.492473039,36596.493587421,36596.534540142,38.3330078125,38.3330078125,0,,0
10312,FF-34-CAM-4,36596.823136621,36596.824552377,36596.882944614,38.3330078125,38.3330078125,0,,0
10314,FF-34-CAM-4,36597.158993119,36597.159729039,36597.227698958,38.3330078125,38.3330078125,0,,0
10316,FF-34-CAM-4,36597.499066822,36597.500384898,36597.563238291,38.3330078125,38.3330078125,0,,0
10318,FF-34-CAM-4,36597.845503798,36597.846769552,36597.901740596,38.3330078125,38.3330078125,0,,0
10320,FF-34-CAM-4,36598.169758664,36598.170583723,36598.220472499,38.3330078125,38.3330078125,0,,0
10322,FF-34-CAM-4,36598.477905507,36598.478496989,36598.537119141,38.3330078125,38.3330078125,0,,0
10324,FF-34-CAM-4,36598.8090933,36598.810276811,36598.853029593,38.3330078125,38.3330078125,0,,0
10326,FF-34-CAM-4,36599.137586291,36599.138537727,36599.189159015,38.3330078125,38.3330078125,0,,0
10328,FF-34-CAM-4,36599.452815138,36599.458100985,36599.512372733,38.3330078125,38.3330078125,0,,0
10330,FF-34-CAM-4,36599.78068401,36599.782113597,36599.826263774,38.3330078125,38.3330078125,0,,0
10332,FF-34-CAM-4,36600.108071293,36600.108961892,36600.198820346,38.3330078125,38.3330078125,0,,0
10334,FF-34-CAM-4,36600.473772579,36600.474597119,36600.51122999,38.3330078125,38.3330078125,0,,0
10336,FF-34-CAM-4,36600.807356749,36600.808360083,36600.858397973,38.3330078125,38.3330078125,0,,0
10338,FF-34-CAM-4,36601.095322703,36601.096477825,36601.141837092,38.3330078125,38.3330078125,0,,0
10340,FF-34-CAM-4,36601.454239085,36601.454927475,36601.495009882,38.3330078125,38.3330078125,0,,0
10342,FF-34-CAM-4,36601.751767817,36601.752579148,36601.803717807,38.3330078125,38.3330078125,0,,0
10344,FF-34-CAM-4,36602.045780658,36602.046641264,36602.109625793,38.3330078125,38.3330078125,0,,0
10346,FF-34-CAM-4,36602.412350835,36602.414212904,36602.456936308,38.3330078125,38.3330078125,0,,0
10348,FF-34-CAM-4,36602.746523636,36602.748547264,36602.792834813,38.3330078125,38.3330078125,0,,0
10350,FF-34-CAM-4,36603.058499059,36603.059410173,36603.092445364,38.3330078125,38.3330078125,0,,0
10352,FF-34-CAM-4,36603.360967828,36603.361788453,36603.466734633,38.3330078125,38.3330078125,0,,0
10354,FF-34-CAM-4,36603.783234909,36603.784386272,36603.834300384,38.3330078125,38.3330078125,0,,0
10356,FF-34-CAM-4,36604.097276785,36604.098527841,36604.148293238,38.3330078125,38.3330078125,0,,0
10358,FF-34-CAM-4,36604.442296411,36604.442966021,36604.492657344,38.3330078125,38.3330078125,0,,0
10360,FF-34-CAM-4,36604.737923799,36604.738476033,36604.791419365,38.3330078125,38.3330078125,0,,0
10362,FF-34-CAM-4,36605.037672693,36605.038300978,36605.099213433,38.3330078125,38.3330078125,0,,0
10364,FF-34-CAM-4,36605.361355358,36605.364400216,36605.440603984,38.3330078125,38.3330078125,0,,0
10366,FF-34-CAM-4,36605.717773554,36605.718877492,36605.773405456,38.3330078125,38.3330078125,0,,0
10368,FF-34-CAM-4,36606.023026021,36606.025170071,36606.071106429,38.3330078125,38.3330078125,0,,0
10370,FF-34-CAM-4,36606.350751652,36606.351870747,36606.400177456,38.3330078125,38.3330078125,0,,0
10372,FF-34-CAM-4,36606.655170049,36606.656434882,36606.710612661,38.3330078125,38.3330078125,0,,0
10374,FF-34-CAM-4,36606.980841212,36606.981678416,36607.037431614,38.3330078125,38.3330078125,0,,0
10376,FF-34-CAM-4,36607.3052656,36607.306730712,36607.356055266,38.3330078125,38.3330078125,0,,0
10378,FF-34-CAM-4,36607.610149139,36607.611180084,36607.69913207,38.3330078125,38.3330078125,0,,0
10380,FF-34-CAM-4,36607.961508622,36607.962083752,36608.000615938,38.3330078125,38.3330078125,0,,0
10382,FF-34-CAM-4,36608.240740842,36608.241517533,36608.294331681,38.3330078125,38.3330078125,0,,0
10384,FF-34-CAM-4,36608.551817686,36608.552805338,36608.589295108,38.3330078125,38.3330078125,0,,0
10386,FF-34-CAM-4,36608.860360233,36608.866908539,36608.904292567,38.3330078125,38.3330078125,0,,0
10388,FF-34-CAM-4,36609.158172408,36609.159080343,36609.210695911,38.3330078125,38.3330078125,0,,0
10390,FF-34-CAM-4,36609.494043113,36609.494636951,36609.534499707,38.3330078125,38.3330078125,0,,0
10392,FF-34-CAM-4,36609.775337698,36609.77620892,36609.820808002,38.3330078125,38.3330078125,0,,0
10394,FF-34-CAM-4,36610.073780395,36610.074880161,36610.138544768,38.3330078125,38.3330078125,0,,0
10396,FF-34-CAM-4,36610.396347632,36610.398569008,36610.437101259,38.3330078125,38.3330078125,0,,0
10398,FF-34-CAM-4,36610.678984149,36610.680121562,36610.72388892,38.3330078125,38.3330078125,0,,0
10400,FF-34-CAM-4,36610.965788555,36610.96652983,36611.021769683,38.3330078125,38.3330078125,0,,0
10402,FF-34-CAM-4,36611.28455998,36611.285160868,36611.331560498,38.3330078125,38.3330078125,0,,0
10404,FF-34-CAM-4,36611.585170035,36611.587712624,36611.633565375,38.3330078125,38.3330078125,0,,0
10406,FF-34-CAM-4,36611.891735041,36611.896940482,36611.938580325,38.3330078125,38.3330078125,0,,0
10408,FF-34-CAM-4,36612.1907315,36612.192066975,36612.235196851,38.3330078125,38.3330078125,0,,0
10410,FF-34-CAM-4,36612.493688563,36612.494284059,36612.577702114,38.3330078125,38.3330078125,0,,0
10412,FF-34-CAM-4,36612.828143628,36612.829313168,36612.875305035,38.3330078125,38.3330078125,0,,0
10414,FF-34-CAM-4,36613.147878143,36613.148553065,36613.19967949,38.3330078125,38.3330078125,0,,0
10416,FF-34-CAM-4,36613.428763945,36613.429702966,36613.524498033,38.3330078125,38.3330078125,0,,0
10418,FF-34-CAM-4,36613.777126697,36613.777817316,36613.838241055,38.3330078125,38.3330078125,0,,0
10420,FF-34-CAM-4,36614.072559898,36614.073203355,36614.114700695,38.3330078125,38.3330078125,0,,0
10422,FF-34-CAM-4,36614.361900823,36614.362893532,36614.415152657,38.3330078125,38.3330078125,0,,0
10424,FF-34-CAM-4,36614.651658537,36614.652433667,36614.695058662,38.3330078125,38.3330078125,0,,0
10426,FF-34-CAM-4,36614.950805539,36614.952054871,36615.026560618,38.3330078125,38.3330078125,0,,0
10428,FF-34-CAM-4,36615.262778029,36615.263702137,36615.319728057,38.3330078125,38.3330078125,0,,0
10430,FF-34-CAM-4,36615.584101291,36615.584726751,36615.629938407,38.3330078125,38.3330078125,0,,0
10432,FF-34-CAM-4,36615.91287926,36615.915152026,36615.952695222,38.3330078125,38.3330078125,0,,0
10434,FF-34-CAM-4,36616.212468123,36616.21346084,36616.290320908,38.3330078125,38.3330078125,0,,0
10436,FF-34-CAM-4,36616.554032751,36616.558765159,36616.615076912,38.3330078125,38.3330078125,0,,0
10438,FF-34-CAM-4,36616.870398315,36616.872426463,36616.916795305,38.3330078125,38.3330078125,0,,0
10440,FF-34-CAM-4,36617.184595717,36617.186389396,36617.246211996,38.3330078125,38.3330078125,0,,0
10442,FF-34-CAM-4,36617.485800034,36617.486520783,36617.523865703,38.3330078125,38.3330078125,0,,0
10444,FF-34-CAM-4,36617.814157645,36617.814961533,36617.865639758,38.3330078125,38.3330078125,0,,0
10446,FF-34-CAM-4,36618.088917138,36618.089510715,36618.157671023,38.3330078125,38.3330078125,0,,0
10448,FF-34-CAM-4,36618.413441313,36618.414554886,36618.459625918,38.3330078125,38.3330078125,0,,0
10450,FF-34-CAM-4,36618.731274445,36618.731958845,36618.778346523,38.3330078125,38.3330078125,0,,0
10452,FF-34-CAM-4,36619.015331895,36619.016078158,36619.069969408,38.3330078125,38.3330078125,0,,0
10454,FF-34-CAM-4,36619.340818262,36619.341795909,36619.387276001,38.3330078125,38.3330078125,0,,0
10456,FF-34-CAM-4,36619.632656127,36619.633441874,36619.680257353,38.3330078125,38.3330078125,0,,0
10458,FF-34-CAM-4,36619.948099457,36619.949043979,36620.007108436,38.3330078125,38.3330078125,0,,0
10460,FF-34-CAM-4,36620.259150041,36620.25990782,36620.301399664,38.3330078125,38.3330078125,0,,0
10462,FF-34-CAM-4,36620.575017336,36620.576065286,36620.624885221,38.3330078125,38.3330078125,0,,0
10464,FF-34-CAM-4,36620.876338185,36620.878377525,36620.946225264,38.3330078125,38.3330078125,0,,0
10466,FF-34-CAM-4,36621.207726465,36621.208386168,36621.251032717,38.3330078125,38.3330078125,0,,0
10468,FF-34-CAM-4,36621.509184562,36621.510212879,36621.570067602,38.3330078125,38.3330078125,0,,0
10470,FF-34-CAM-4,36621.796175436,36621.796841429,36621.864959086,38.3330078125,38.3330078125,0,,0
10472,FF-34-CAM-4,36622.141869662,36622.142667408,36622.189408857,38.3330078125,38.3330078125,0,,0
10474,FF-34-CAM-4,36622.44663726,36622.447174663,36622.492372391,38.3330078125,38.3330078125,0,,0
10476,FF-34-CAM-4,36622.760078686,36622.760967407,36622.852905821,38.3330078125,38.3330078125,0,,0
10478,FF-34-CAM-4,36623.068029768,36623.069324958,36623.119258873,38.3330078125,38.3330078125,0,,0
10480,FF-34-CAM-4,36623.363808711,36623.36472371,36623.414064728,38.3330078125,38.3330078125,0,,0
10482,FF-34-CAM-4,36623.696217053,36623.69763024,36623.790659939,38.3330078125,38.3330078125,0,,0
10484,FF-34-CAM-4,36624.045507824,36624.046265104,36624.085200961,38.3330078125,38.3330078125,0,,0
10486,FF-34-CAM-4,36624.333834523,36624.335424411,36624.393740972,38.3330078125,38.3330078125,0,,0
10488,FF-34-CAM-4,36624.639891829,36624.643514461,36624.693427199,38.3330078125,38.3330078125,0,,0
10490,FF-34-CAM-4,36624.938757833,36624.939684312,36624.990732499,38.3330078125,38.3330078125,0,,0
10492,FF-34-CAM-4,36625.235544127,36625.236221205,36625.288981722,38.3330078125,38.3330078125,0,,0
10494,FF-34-CAM-4,36625.519850797,36625.520554447,36625.562077846,38.3330078125,38.3330078125,0,,0
10496,FF-34-CAM-4,36625.833613468,36625.83472753,36625.891367824,38.3330078125,38.3330078125,0,,0
10498,FF-34-CAM-4,36626.130910865,36626.131988485,36626.184675623,38.3330078125,38.3330078125,0,,0
10500,FF-34-CAM-4,36626.428033829,36626.431627345,36626.499883869,38.3330078125,38.3330078125,0,,0
10502,FF-34-CAM-4,36626.712080879,36626.713143617,36626.751429973,38.3330078125,38.3330078125,0,,0
10504,FF-34-CAM-4,36626.995548565,36626.996447957,36627.036861564,38.3330078125,38.3330078125,0,,0
10506,FF-34-CAM-4,36627.283631034,36627.284835203,36627.331181257,38.3330078125,38.3330078125,0,,0
10508,FF-34-CAM-4,36627.612136788,36627.61595635,36627.657870287,38.3330078125,38.3330078125,0,,0
10510,FF-34-CAM-4,36627.900354729,36627.901320104,36627.928229313,38.3330078125,38.3330078125,0,,0
10512,FF-34-CAM-4,36628.183762124,36628.184597244,36628.254441061,38.3330078125,38.3330078125,0,,0
10514,FF-34-CAM-4,36628.520525537,36628.521479014,36628.568284667,38.3330078125,38.3330078125,0,,0
10516,FF-34-CAM-4,36628.800616652,36628.801766282,36628.866103843,38.3330078125,38.3330078125,0,,0
10518,FF-34-CAM-4,36629.105358168,36629.106251445,36629.165270673,38.3330078125,38.3330078125,0,,0
10520,FF-34-CAM-4,36629.416461618,36629.417397101,36629.458938853,38.3330078125,38.3330078125,0,,0
10522,FF-34-CAM-4,36629.730339941,36629.732271748,36629.798506003,38.3330078125,38.3330078125,0,,0
10524,FF-34-CAM-4,36630.061670536,36630.063159505,36630.103676109,38.3330078125,38.3330078125,0,,0
10526,FF-34-CAM-4,36630.366425692,36630.367058389,36630.410920755,38.3330078125,38.3330078125,0,,0
10528,FF-34-CAM-4,36630.643442587,36630.644680641,36630.692201583,38.3330078125,38.3330078125,0,,0
10530,FF-34-CAM-4,36630.964047413,36630.965171336,36631.004916382,38.3330078125,38.3330078125,0,,0
10532,FF-34-CAM-4,36631.267612596,36631.268362779,36631.307789004,38.3330078125,38.3330078125,0,,0
10534,FF-34-CAM-4,36631.542832491,36631.545661007,36631.589746059,38.3330078125,38.3330078125,0,,0
10536,FF-34-CAM-4,36631.873601448,36631.8743894,36631.91580986,38.3330078125,38.3330078125,0,,0
10538,FF-34-CAM-4,36632.17845311,36632.180584748,36632.248171041,38.3330078125,38.3330078125,0,,0
10540,FF-34-CAM-4,36632.473916,36632.475785105,36632.520893122,38.3330078125,38.3330078125,0,,0
10542,FF-34-CAM-4,36632.764790112,36632.765478054,36632.812207864,38.3330078125,38.3330078125,0,,0
10544,FF-34-CAM-4,36633.087647452,36633.088203388,36633.143815461,38.3330078125,38.3330078125,0,,0
10546,FF-34-CAM-4,36633.384178833,36633.386339048,36633.438849873,38.3330078125,38.3330078125,0,,0
10548,FF-34-CAM-4,36633.677215864,36633.677819422,36633.724953016,38.3330078125,38.3330078125,0,,0
10550,FF-34-CAM-4,36633.982287486,36633.986398087,36634.040425022,38.3330078125,38.3330078125,0,,0
10552,FF-34-CAM-4,36634.29099378,36634.291913203,36634.353975839,38.3330078125,38.3330078125,0,,0
10554,FF-34-CAM-4,36634.578353701,36634.580252685,36634.65377876,38.3330078125,38.3330078125,0,,0
10556,FF-34-CAM-4,36634.932908959,36634.933885553,36634.981600279,38.3330078125,38.3330078125,0,,0
10558,FF-34-CAM-4,36635.229325248,36635.230448573,36635.277772119,38.3330078125,38.3330078125,0,,0
10560,FF-34-CAM-4,36635.523823735,36635.525097596,36635.569202881,38.3330078125,38.3330078125,0,,0
10562,FF-34-CAM-4,36635.828032843,36635.828520268,36635.868060176,38.3330078125,38.3330078125,0,,0
10564,FF-34-CAM-4,36636.124562406,36636.125642363,36636.168501068,38.3330078125,38.3330078125,0,,0
10566,FF-34-CAM-4,36636.418434836,36636.420815185,36636.466037157,38.3330078125,38.3330078125,0,,0
10568,FF-34-CAM-4,36636.701365592,36636.703840824,36636.753188337,38.3330078125,38.3330078125,0,,0
10570,FF-34-CAM-4,36636.978062256,36636.978992516,36637.036398624,38.3330078125,38.3330078125,0,,0
10572,FF-34-CAM-4,36637.285560345,36637.286668871,36637.376605985,38.3330078125,38.3330078125,0,,0
10574,FF-34-CAM-4,36637.647673346,36637.648920453,36637.703917396,38.3330078125,38.3330078125,0,,0
10576,FF-34-CAM-4,36637.930702507,36637.931745732,36637.988246616,38.3330078125,38.3330078125,0,,0
10578,FF-34-CAM-4,36638.224137187,36638.225811778,36638.273211181,38.3330078125,38.3330078125,0,,0
10580,FF-34-CAM-4,36638.507143381,36638.507834539,36638.551073783,38.3330078125,38.3330078125,0,,0
10582,FF-34-CAM-4,36638.788633128,36638.789334109,36638.827274348,38.3330078125,38.3330078125,0,,0
10584,FF-34-CAM-4,36639.090842099,36639.092997769,36639.169451744,38.3330078125,38.3330078125,0,,0
10586,FF-34-CAM-4,36639.417609634,36639.419292351,36639.463989971,38.3330078125,38.3330078125,0,,0
10588,FF-34-CAM-4,36639.697187618,36639.698209059,36639.74178203,38.3330078125,38.3330078125,0,,0
10590,FF-34-CAM-4,36640.011590328,36640.012294679,36640.059578382,38.3330078125,38.3330078125,0,,0
10592,FF-34-CAM-4,36640.337531689,36640.338232515,36640.425468123,38.3330078125,38.3330078125,0,,0
10594,FF-34-CAM-4,36640.704913363,36640.705626235,36640.758710341,38.3330078125,38.3330078125,0,,0
10596,FF-34-CAM-4,36641.009754487,36641.01033413,36641.090034495,38.3330078125,38.3330078125,0,,0
10598,FF-34-CAM-4,36641.371545288,36641.373871824,36641.422277406,38.3330078125,38.3330078125,0,,0
10600,FF-34-CAM-4,36641.691221253,36641.693367927,36641.745968041,38.3330078125,38.3330078125,0,,0
10602,FF-34-CAM-4,36641.982857083,36641.984348615,36642.028270444,38.3330078125,38.3330078125,0,,0
10604,FF-34-CAM-4,36642.350918511,36642.351742885,36642.413183986,38.3330078125,38.3330078125,0,,0
10606,FF-34-CAM-4,36642.660285968,36642.661246612,36642.703305262,38.3330078125,38.3330078125,0,,0
10608,FF-34-CAM-4,36642.978915468,36642.98064724,36643.023564082,38.3330078125,38.3330078125,0,,0
10610,FF-34-CAM-4,36643.274346901,36643.275467429,36643.315639189,38.3330078125,38.3330078125,0,,0
10612,FF-34-CAM-4,36643.610652384,36643.613351148,36643.669778791,38.3330078125,38.3330078125,0,,0
10614,FF-34-CAM-4,36643.91364169,36643.914383982,36643.964728499,38.3330078125,38.3330078125,0,,0
10616,FF-34-CAM-4,36644.2217009,36644.223611609,36644.267310881,38.3330078125,38.3330078125,0,,0
10618,FF-34-CAM-4,36644.656494541,36644.658327198,36644.744434971,38.3330078125,38.3330078125,0,,0
10620,FF-34-CAM-4,36644.972338451,36644.973047839,36645.010621816,38.3330078125,38.3330078125,0,,0
10622,FF-34-CAM-4,36645.29960796,36645.30077147,36645.335979489,38.3330078125,38.3330078125,0,,0
10624,FF-34-CAM-4,36645.615081368,36645.615960958,36645.662254261,38.3330078125,38.3330078125,0,,0
10626,FF-34-CAM-4,36645.906634236,36645.907836879,36645.963562355,38.3330078125,38.3330078125,0,,0
10628,FF-34-CAM-4,36646.235030644,36646.235835335,36646.285229712,38.3330078125,38.3330078125,0,,0
10630,FF-34-CAM-4,36646.582921085,36646.584152033,36646.629257228,38.3330078125,38.3330078125,0,,0
10632,FF-34-CAM-4,36646.910960746,36646.911574469,36646.956909358,38.3330078125,38.3330078125,0,,0
10634,FF-34-CAM-4,36647.2125043,36647.213351033,36647.27289756,38.3330078125,38.3330078125,0,,0
10636,FF-34-CAM-4,36647.552961471,36647.555347862,36647.586299571,38.3330078125,38.3330078125,0,,0
10638,FF-34-CAM-4,36647.870219474,36647.870975309,36647.951382957,38.3330078125,38.3330078125,0,,0
10640,FF-34-CAM-4,36648.275716954,36648.277118723,36648.332784164,38.3330078125,38.3330078125,0,,0
10642,FF-34-CAM-4,36648.612813241,36648.616497734,36648.657379438,38.3330078125,38.3330078125,0,,0
10644,FF-34-CAM-4,36648.939919537,36648.942919786,36649.01656708,38.3330078125,38.3330078125,0,,0
10646,FF-34-CAM-4,36649.293593853,36649.295550698,36649.348371623,38.3330078125,38.3330078125,0,,0
10648,FF-34-CAM-4,36649.623549038,36649.625809438,36649.680286797,38.3330078125,38.3330078125,0,,0
10650,FF-34-CAM-4,36649.931778458,36649.932986511,36649.973410382,38.3330078125,38.3330078125,0,,0
10652,FF-34-CAM-4,36650.227556651,36650.228239801,36650.269782116,38.3330078125,38.3330078125,0,,0
10654,FF-34-CAM-4,36650.532575115,36650.533959127,36650.588822555,38.3330078125,38.3330078125,0,,0
10656,FF-34-CAM-4,36650.81368544,36650.815289344,36650.861174679,38.3330078125,38.3330078125,0,,0
10658,FF-34-CAM-4,36651.178561821,36651.179421721,36651.230264587,38.3330078125,38.3330078125,0,,0
10660,FF-34-CAM-4,36651.483406752,36651.48428214,36651.529102719,38.3330078125,38.3330078125,0,,0
10662,FF-34-CAM-4,36651.781459801,36651.78246214,36651.842495958,38.3330078125,38.3330078125,0,,0
10664,FF-34-CAM-4,36652.104835334,36652.105993797,36652.163803561,38.3330078125,38.3330078125,0,,0
10666,FF-34-CAM-4,36652.42829319,36652.429125771,36652.480604352,38.3330078125,38.3330078125,0,,0
10668,FF-34-CAM-4,36652.73261231,36652.733333389,36652.784659224,38.3330078125,38.3330078125,0,,0
10670,FF-34-CAM-4,36653.045285634,36653.046341919,36653.102543676,38.3330078125,38.3330078125,0,,0
10672,FF-34-CAM-4,36653.410140458,36653.413322426,36653.472044648,38.3330078125,38.3330078125,0,,0
10674,FF-34-CAM-4,36653.728450898,36653.731616892,36653.781668715,38.3330078125,38.3330078125,0,,0
10676,FF-34-CAM-4,36654.053991314,36654.054833048,36654.108539894,38.3330078125,38.3330078125,0,,0
10678,FF-34-CAM-4,36654.37597493,36654.376566525,36654.417492093,38.3330078125,38.3330078125,0,,0
10680,FF-34-CAM-4,36654.752249218,36654.753615668,36654.798724509,38.3330078125,38.3330078125,0,,0
10682,FF-34-CAM-4,36655.074139651,36655.076274587,36655.129752654,38.3330078125,38.3330078125,0,,0
10684,FF-34-CAM-4,36655.379429495,36655.380131748,36655.432139705,38.3330078125,38.3330078125,0,,0
10686,FF-34-CAM-4,36655.70790088,36655.710082614,36655.748240948,38.3330078125,38.3330078125,0,,0
10688,FF-34-CAM-4,36656.055063546,36656.05746409,36656.105977455,38.3330078125,38.3330078125,0,,0
10690,FF-34-CAM-4,36656.350910776,36656.351685378,36656.40127022,38.3330078125,38.3330078125,0,,0
10692,FF-34-CAM-4,36656.646872709,36656.648064915,36656.68985054,38.3330078125,38.3330078125,0,,0
10694,FF-34-CAM-4,36656.972579626,36656.973326868,36657.028436876,38.3330078125,38.3330078125,0,,0
10696,FF-34-CAM-4,36657.327339341,36657.328082244,36657.39834357,38.3330078125,38.3330078125,0,,0
10698,FF-34-CAM-4,36657.663122023,36657.664209544,36657.698611631,38.3330078125,38.3330078125,0,,0
10700,FF-34-CAM-4,36657.973216739,36657.975534997,36658.033772966,38.3330078125,38.3330078125,0,,0
10702,FF-34-CAM-4,36658.326563133,36658.328558408,36658.363731136,38.3330078125,38.3330078125,0,,0
10704,FF-34-CAM-4,36658.605490455,36658.606351369,36658.659557149,38.3330078125,38.3330078125,0,,0
10706,FF-34-CAM-4,36658.956502424,36658.957120632,36658.994180269,38.3330078125,38.3330078125,0,,0
10708,FF-34-CAM-4,36659.27102342,36659.273061579,36659.318383726,38.3330078125,38.3330078125,0,,0
10710,FF-34-CAM-4,36659.603322177,36659.604293845,36659.637974408,38.3330078125,38.3330078125,0,,0
10712,FF-34-CAM-4,36659.890403296,36659.892839952,36659.92994392,38.3330078125,38.3330078125,0,,0
10714,FF-34-CAM-4,36660.239198973,36660.241640059,36660.289233278,38.3330078125,38.3330078125,0,,0
10716,FF-34-CAM-4,36660.567899451,36660.568671376,36660.63163457,38.3330078125,38.3330078125,0,,0
10718,FF-34-CAM-4,36660.87104227,36660.872015386,36660.956222285,38.3330078125,38.3330078125,0,,0
10720,FF-34-CAM-4,36661.184057354,36661.184854195,36661.228547592,38.3330078125,38.3330078125,0,,0
10722,FF-34-CAM-4,36661.498055213,36661.4986116,36661.541899531,38.3330078125,38.3330078125,0,,0
10724,FF-34-CAM-4,36661.822254627,36661.822927729,36661.879018638,38.3330078125,38.3330078125,0,,0
10726,FF-34-CAM-4,36662.146562204,36662.14836287,36662.20603939,38.3330078125,38.3330078125,0,,0
10728,FF-34-CAM-4,36662.475924942,36662.477274787,36662.523302333,38.3330078125,38.3330078125,0,,0
10730,FF-34-CAM-4,36662.785079357,36662.785836279,36662.821343702,38.3330078125,38.3330078125,0,,0
10732,FF-34-CAM-4,36663.12868533,36663.129359154,36663.186629125,38.3330078125,38.3330078125,0,,0
10734,FF-34-CAM-4,36663.443156589,36663.444479565,36663.474758842,38.3330078125,38.3330078125,0,,0
10736,FF-34-CAM-4,36663.783527213,36663.786592177,36663.849929411,38.3330078125,38.3330078125,0,,0
10738,FF-34-CAM-4,36664.089420521,36664.091226237,36664.132123715,38.3330078125,38.3330078125,0,,0
10740,FF-34-CAM-4,36664.410309678,36664.411253168,36664.491610985,38.3330078125,38.3330078125,0,,0
10742,FF-34-CAM-4,36664.761832209,36664.762934651,36664.803640526,38.3330078125,38.3330078125,0,,0
10744,FF-34-CAM-4,36665.094475171,36665.095290615,36665.137106948,38.3330078125,38.3330078125,0,,0
10746,FF-34-CAM-4,36665.389495453,36665.390107095,36665.436297302,38.3330078125,38.3330078125,0,,0
10748,FF-34-CAM-4,36665.704886928,36665.705648297,36665.759693231,38.3330078125,38.3330078125,0,,0
10750,FF-34-CAM-4,36666.005030236,36666.006051765,36666.083367958,38.3330078125,38.3330078125,0,,0
10752,FF-34-CAM-4,36666.35524427,36666.355748997,36666.41575607,38.3330078125,38.3330078125,0,,0
10754,FF-34-CAM-4,36666.675407596,36666.676089409,36666.715397587,38.3330078125,38.3330078125,0,,0
10756,FF-34-CAM-4,36666.995646714,36666.996537832,36667.042509916,38.3330078125,38.3330078125,0,,0
10758,FF-34-CAM-4,36667.421457785,36667.422742865,36667.482725451,38.3330078125,38.3330078125,0,,0
10760,FF-34-CAM-4,36667.79629698,36667.797325948,36667.844887314,38.3330078125,38.3330078125,0,,0
10762,FF-34-CAM-4,36668.079671111,36668.080350301,36668.121875849,38.3330078125,38.3330078125,0,,0
10764,FF-34-CAM-4,36668.384982753,36668.386102605,36668.455356047,38.3330078125,38.3330078125,0,,0
10766,FF-34-CAM-4,36668.74134295,36668.743605709,36668.798568671,38.3330078125,38.3330078125,0,,0
10768,FF-34-CAM-4,36669.063547875,36669.064399113,36669.105872922,38.3330078125,38.3330078125,0,,0
10770,FF-34-CAM-4,36669.391942585,36669.394102245,36669.438893777,38.3330078125,38.3330078125,0,,0
10772,FF-34-CAM-4,36669.741658215,36669.743274724,36669.792853657,38.3330078125,38.3330078125,0,,0
10774,FF-34-CAM-4,36670.095889202,36670.096957152,36670.146748464,38.3330078125,38.3330078125,0,,0
10776,FF-34-CAM-4,36670.42288549,36670.423588069,36670.47118078,38.3330078125,38.3330078125,0,,0
10778,FF-34-CAM-4,36670.747673638,36670.749546891,36670.805571462,38.3330078125,38.3330078125,0,,0
10780,FF-34-CAM-4,36671.078066083,36671.079134259,36671.119724195,38.3330078125,38.3330078125,0,,0
10782,FF-34-CAM-4,36671.391894375,36671.393149412,36671.451340027,38.3330078125,38.3330078125,0,,0
10784,FF-34-CAM-4,36671.720821409,36671.722287174,36671.771114116,38.3330078125,38.3330078125,0,,0
10786,FF-34-CAM-4,36672.07769895,36672.079371361,36672.129168824,38.3330078125,38.3330078125,0,,0
10788,FF-34-CAM-4,36672.41063227,36672.411856231,36672.452715518,38.3330078125,38.3330078125,0,,0
10790,FF-34-CAM-4,36672.747284642,36672.747981995,36672.793247005,38.3330078125,38.3330078125,0,,0
10792,FF-34-CAM-4,36673.121212834,36673.123278559,36673.174155439,38.3330078125,38.3330078125,0,,0
10794,FF-34-CAM-4,36673.503269222,36673.504459986,36673.556388254,38.3330078125,38.3330078125,0,,0
10796,FF-34-CAM-4,36673.832901496,36673.834168639,36673.886435023,38.3330078125,38.3330078125,0,,0
10798,FF-34-CAM-4,36674.228115991,36674.229037133,36674.280033404,38.3330078125,38.3330078125,0,,0
10800,FF-34-CAM-4,36674.625441053,36674.626342912,36674.669659464,38.3330078125,38.3330078125,0,,0
10802,FF-34-CAM-4,36674.957746382,36674.960586039,36675.004296344,38.3330078125,38.3330078125,0,,0
10804,FF-34-CAM-4,36675.305792973,36675.308746984,36675.353890925,38.3330078125,38.3330078125,0,,0
10806,FF-34-CAM-4,36675.657248521,36675.658199952,36675.703775883,38.3330078125,38.3330078125,0,,0
10808,FF-34-CAM-4,36675.944278454,36675.945167265,36676.015761553,38.3330078125,38.3330078125,0,,0
10810,FF-34-CAM-4,36676.35350094,36676.354658068,36676.394165733,38.3330078125,38.3330078125,0,,0
10812,FF-34-CAM-4,36676.693485527,36676.69453119,36676.791941663,38.3330078125,38.3330078125,0,,0
10814,FF-34-CAM-4,36677.11623987,36677.117050723,36677.166508052,38.3330078125,38.3330078125,0,,0
10816,FF-34-CAM-4,36677.472949661,36677.473694597,36677.526851662,38.3330078125,38.3330078125,0,,0
10818,FF-34-CAM-4,36677.800193163,36677.804359489,36677.847121368,38.3330078125,38.3330078125,0,,0
10820,FF-34-CAM-4,36678.150382869,36678.151589374,36678.18820102,38.3330078125,38.3330078125,0,,0
10822,FF-34-CAM-4,36678.481719488,36678.482794429,36678.528171519,38.3330078125,38.3330078125,0,,0
10824,FF-34-CAM-4,36678.857039574,36678.857935728,36678.899793339,38.3330078125,38.3330078125,0,,0
10826,FF-34-CAM-4,36679.204087099,36679.204772035,36679.251601897,38.3330078125,38.3330078125,0,,0
10828,FF-34-CAM-4,36679.527024629,36679.528052746,36679.574897029,38.3330078125,38.3330078125,0,,0
10830,FF-34-CAM-4,36679.826651724,36679.827354113,36679.890230641,38.3330078125,38.3330078125,0,,0
10832,FF-34-CAM-4,36680.169377943,36680.17169092,36680.231999178,38.3330078125,38.3330078125,0,,0
10834,FF-34-CAM-4,36680.534260833,36680.535312168,36680.590645124,38.3330078125,38.3330078125,0,,0
10836,FF-34-CAM-4,36680.87318031,36680.874572409,36680.911370931,38.3330078125,38.3330078125,0,,0
10838,FF-34-CAM-4,36681.219118128,36681.220627697,36681.328460064,38.3330078125,38.3330078125,0,,0
10840,FF-34-CAM-4,36681.622437899,36681.62377563,36681.669754268,38.3330078125,38.3330078125,0,,0
10842,FF-34-CAM-4,36681.957568693,36681.958737412,36682.001412792,38.3330078125,38.3330078125,0,,0
10844,FF-34-CAM-4,36682.310206023,36682.310970584,36682.359709387,38.3330078125,38.3330078125,0,,0
10846,FF-34-CAM-4,36682.688319475,36682.689071268,36682.742477968,38.3330078125,38.3330078125,0,,0
10848,FF-34-CAM-4,36683.025695873,36683.026359736,36683.07429808,38.3330078125,38.3330078125,0,,0
10850,FF-34-CAM-4,36683.354659964,36683.356759754,36683.442562388,38.3330078125,38.3330078125,0,,0
10852,FF-34-CAM-4,36683.798882131,36683.799617477,36683.839356867,38.3330078125,38.3330078125,0,,0
10854,FF-34-CAM-4,36684.161707601,36684.162788995,36684.230991812,38.3330078125,38.3330078125,0,,0
10856,FF-34-CAM-4,36684.532152652,36684.532846665,36684.56948322,38.3330078125,38.3330078125,0,,0
10858,FF-34-CAM-4,36684.865959826,36684.866656265,36684.934482132,38.3330078125,38.3330078125,0,,0
10860,FF-34-CAM-4,36685.229850134,36685.230458488,36685.280234328,38.3330078125,38.3330078125,0,,0
10862,FF-34-CAM-4,36685.589632546,36685.590313983,36685.643786225,38.3330078125,38.3330078125,0,,0
10864,FF-34-CAM-4,36685.919629219,36685.920749106,36685.970964405,38.3330078125,38.3330078125,0,,0
10866,FF-34-CAM-4,36686.274889768,36686.275747219,36686.329083991,38.3330078125,38.3330078125,0,,0
10868,FF-34-CAM-4,36686.608342468,36686.611110344,36686.655021183,38.3330078125,38.3330078125,0,,0
10870,FF-34-CAM-4,36686.956201058,36686.957027394,36687.008135052,38.3330078125,38.3330078125,0,,0
10872,FF-34-CAM-4,36687.284690811,36687.286296948,36687.350216782,38.3330078125,38.3330078125,0,,0
10874,FF-34-CAM-4,36687.637486311,36687.638169669,36687.696960235,38.3330078125,38.3330078125,0,,0
10876,FF-34-CAM-4,36687.979987043,36687.980920828,36688.031878098,38.3330078125,38.3330078125,0,,0
10878,FF-34-CAM-4,36688.299063339,36688.299706629,36688.352188567,38.3330078125,38.3330078125,0,,0
10880,FF-34-CAM-4,36688.670182348,36688.673155623,36688.741764144,38.3330078125,38.3330078125,0,,0
10882,FF-34-CAM-4,36689.025909831,36689.026600844,36689.094016124,38.3330078125,38.3330078125,0,,0
10884,FF-34-CAM-4,36689.363248265,36689.364337305,36689.40366704,38.3330078125,38.3330078125,0,,0
10886,FF-34-CAM-4,36689.692698624,36689.69534961,36689.763375016,38.3330078125,38.3330078125,0,,0
10888,FF-34-CAM-4,36690.038379689,36690.03930353,36690.080389377,38.3330078125,38.3330078125,0,,0
10890,FF-34-CAM-4,36690.398274227,36690.399114388,36690.452540418,38.3330078125,38.3330078125,0,,0
10892,FF-34-CAM-4,36690.697658602,36690.699985236,36690.75455603,38.3330078125,38.3330078125,0,,0
10894,FF-34-CAM-4,36691.061874623,36691.06252834,36691.139498529,38.3330078125,38.3330078125,0,,0
10896,FF-34-CAM-4,36691.462881872,36691.46418612,36691.512793639,38.3330078125,38.3330078125,0,,0
10900,FF-34-CAM-4,36692.112389024,36692.115659481,36692.164468096,38.33349609375,38.3330078125,0,,0
10902,FF-34-CAM-4,36692.416162682,36692.417155862,36692.469550642,38.3330078125,38.3330078125,0,,0
10904,FF-34-CAM-4,36692.773812647,36692.774860627,36692.832213816,38.3330078125,38.3330078125,0,,0
10906,FF-34-CAM-4,36693.11125783,36693.112212494,36693.155313498,38.3330078125,38.3330078125,0,,0
10908,FF-34-CAM-4,36693.420386995,36693.420993266,36693.481049793,38.3330078125,38.3330078125,0,,0
10910,FF-34-CAM-4,36693.772369556,36693.773385332,36693.850518557,38.3330078125,38.3330078125,0,,0
10912,FF-34-CAM-4,36694.130111071,36694.130697413,36694.179203939,38.3330078125,38.3330078125,0,,0
10914,FF-34-CAM-4,36694.453370496,36694.454545942,36694.535113602,38.3330078125,38.3330078125,0,,0
10916,FF-34-CAM-4,36694.804810851,36694.80594222,36694.866423651,38.3330078125,38.3330078125,0,,0
10918,FF-34-CAM-4,36695.128971959,36695.130325224,36695.177509078,38.3330078125,38.3330078125,0,,0
10920,FF-34-CAM-4,36695.466639467,36695.469443591,36695.522057889,38.3330078125,38.3330078125,0,,0
10922,FF-34-CAM-4,36695.787705445,36695.788752313,36695.876808724,38.3330078125,38.3330078125,0,,0
10924,FF-34-CAM-4,36696.164539964,36696.165839123,36696.214187448,38.3330078125,38.3330078125,0,,0
10926,FF-34-CAM-4,36696.574202991,36696.575473814,36696.62689187,38.3330078125,38.3330078125,0,,0
10928,FF-34-CAM-4,36696.92935491,36696.930665552,36696.972241788,38.3330078125,38.3330078125,0,,0
10930,FF-34-CAM-4,36697.31138591,36697.313815027,36697.350395249,38.3330078125,38.3330078125,0,,0
10932,FF-34-CAM-4,36697.65612428,36697.656889624,36697.714818978,38.3330078125,38.3330078125,0,,0
10934,FF-34-CAM-4,36698.003800652,36698.005320821,36698.057407161,38.3330078125,38.3330078125,0,,0
10936,FF-34-CAM-4,36698.359841479,36698.360775637,36698.409772651,38.3330078125,38.3330078125,0,,0
10938,FF-34-CAM-4,36698.697812306,36698.69876086,36698.783030563,38.3330078125,38.3330078125,0,,0
10940,FF-34-CAM-4,36699.05777044,36699.05903515,36699.09309096,38.3330078125,38.3330078125,0,,0
10942,FF-34-CAM-4,36699.348406307,36699.351089494,36699.416206214,38.3330078125,38.3330078125,0,,0
10944,FF-34-CAM-4,36699.687403599,36699.688325388,36699.738637773,38.3330078125,38.3330078125,0,,0
10946,FF-34-CAM-4,36700.022931114,36700.025438921,36700.072784891,38.3330078125,38.3330078125,0,,0
10948,FF-34-CAM-4,36700.365771782,36700.366380551,36700.417477185,38.3330078125,38.3330078125,0,,0
10950,FF-34-CAM-4,36700.711436924,36700.713479919,36700.78597212,38.3330078125,38.3330078125,0,,0
10952,FF-34-CAM-4,36701.084781564,36701.086047189,36701.139789817,38.3330078125,38.3330078125,0,,0
10954,FF-34-CAM-4,36701.396563082,36701.397850751,36701.450336002,38.3330078125,38.3330078125,0,,0
10956,FF-34-CAM-4,36701.758526218,36701.759138108,36701.797514583,38.3330078125,38.3330078125,0,,0
10958,FF-34-CAM-4,36702.074688019,36702.075608349,36702.139038606,38.3330078125,38.3330078125,0,,0
10960,FF-34-CAM-4,36702.411889172,36702.412936548,36702.480548545,38.3330078125,38.3330078125,0,,0
10962,FF-34-CAM-4,36702.758854977,36702.760366649,36702.808178629,38.3330078125,38.3330078125,0,,0
10964,FF-34-CAM-4,36703.095075913,36703.095752765,36703.135766319,38.3330078125,38.3330078125,0,,0
10966,FF-34-CAM-4,36703.407656257,36703.408456576,36703.466732677,38.3330078125,38.3330078125,0,,0
10968,FF-34-CAM-4,36703.780662606,36703.78154778,36703.833213368,38.3330078125,38.3330078125,0,,0
10970,FF-34-CAM-4,36704.125524353,36704.126446413,36704.182252249,38.3330078125,38.3330078125,0,,0
10972,FF-34-CAM-4,36704.480568061,36704.481654319,36704.544363927,38.3330078125,38.3330078125,0,,0
10974,FF-34-CAM-4,36704.839950912,36704.840882111,36704.88754488,38.3330078125,38.3330078125,0,,0
10976,FF-34-CAM-4,36705.148929244,36705.149731102,36705.197477981,38.3330078125,38.3330078125,0,,0
10978,FF-34-CAM-4,36705.50191374,36705.50260354,36705.560886031,38.3330078125,38.3330078125,0,,0
10980,FF-34-CAM-4,36705.87381116,36705.874767862,36705.920746306,38.3330078125,38.3330078125,0,,0
10982,FF-34-CAM-4,36706.18662038,36706.187632308,36706.23510568,38.3330078125,38.3330078125,0,,0
10984,FF-34-CAM-4,36706.537523415,36706.541148599,36706.622231331,38.3330078125,38.3330078125,0,,0
10986,FF-34-CAM-4,36706.919388852,36706.923321899,36706.961056524,38.3330078125,38.3330078125,0,,0
10988,FF-34-CAM-4,36707.291923079,36707.292586939,36707.36372093,38.3330078125,38.3330078125,0,,0
10990,FF-34-CAM-4,36707.640470668,36707.643283337,36707.681433979,38.3330078125,38.3330078125,0,,0
10992,FF-34-CAM-4,36707.942414573,36707.943183359,36707.983914581,38.3330078125,38.3330078125,0,,0
10994,FF-34-CAM-4,36708.246892723,36708.249424639,36708.315481008,38.3330078125,38.3330078125,0,,0
10996,FF-34-CAM-4,36708.57687184,36708.577712358,36708.629240541,38.3330078125,38.3330078125,0,,0
10998,FF-34-CAM-4,36708.910644866,36708.911084814,36708.969271013,38.3330078125,38.3330078125,0,,0
11000,FF-34-CAM-4,36709.252597559,36709.255413863,36709.314413548,38.3330078125,38.3330078125,0,,0
11002,FF-34-CAM-4,36709.586949983,36709.588320875,36709.673301649,38.3330078125,38.3330078125,0,,0
11004,FF-34-CAM-4,36709.959487966,36709.9612347,36710.009568435,38.3330078125,38.3330078125,0,,0
11006,FF-34-CAM-4,36710.302583799,36710.303697496,36710.339633622,38.3330078125,38.3330078125,0,,0
11008,FF-34-CAM-4,36710.60509362,36710.606492963,36710.67957254,38.3330078125,38.3330078125,0,,0
11010,FF-34-CAM-4,36710.956376294,36710.957092807,36711.005516746,38.3330078125,38.3330078125,0,,0
11012,FF-34-CAM-4,36711.331578134,36711.335295919,36711.375688482,38.3330078125,38.3330078125,0,,0
11014,FF-34-CAM-4,36711.682408248,36711.684624697,36711.722063396,38.3330078125,38.3330078125,0,,0
11016,FF-34-CAM-4,36712.020913386,36712.02199481,36712.074368187,38.3330078125,38.3330078125,0,,0
11018,FF-34-CAM-4,36712.345984619,36712.346789668,36712.385841252,38.3330078125,38.3330078125,0,,0
11020,FF-34-CAM-4,36712.691881031,36712.694323791,36712.749688594,38.3330078125,38.3330078125,0,,0
11022,FF-34-CAM-4,36713.011445585,36713.012191455,36713.059583788,38.3330078125,38.3330078125,0,,0
11024,FF-34-CAM-4,36713.346568338,36713.3487916,36713.408673384,38.3330078125,38.3330078125,0,,0
11026,FF-34-CAM-4,36713.66540172,36713.666291825,36713.727030482,38.3330078125,38.3330078125,0,,0
11028,FF-34-CAM-4,36714.041503758,36714.042196858,36714.103613847,38.3330078125,38.3330078125,0,,0
11030,FF-34-CAM-4,36714.407012463,36714.408107827,36714.456331277,38.3330078125,38.3330078125,0,,0
11032,FF-34-CAM-4,36714.744245823,36714.745280679,36714.82755012,38.3330078125,38.3330078125,0,,0
11034,FF-34-CAM-4,36715.118555144,36715.119206404,36715.154693493,38.3330078125,38.3330078125,0,,0
11036,FF-34-CAM-4,36715.439873568,36715.440733531,36715.492983959,38.3330078125,38.3330078125,0,,0
11038,FF-34-CAM-4,36715.779379531,36715.780539342,36715.833184287,38.3330078125,38.3330078125,0,,0
11040,FF-34-CAM-4,36716.111976801,36716.113314118,36716.160733425,38.3330078125,38.3330078125,0,,0
11042,FF-34-CAM-4,36716.450367274,36716.451429149,36716.497148176,38.3330078125,38.3330078125,0,,0
11044,FF-34-CAM-4,36716.773482186,36716.775868113,36716.809304128,38.3330078125,38.3330078125,0,,0
11046,FF-34-CAM-4,36717.123770997,36717.126773521,36717.168824634,38.3330078125,38.3330078125,0,,0
11048,FF-34-CAM-4,36717.432676953,36717.433485045,36717.500450803,38.3330078125,38.3330078125,0,,0
11050,FF-34-CAM-4,36717.787219782,36717.788062746,36717.837954378,38.3330078125,38.3330078125,0,,0
11052,FF-34-CAM-4,36718.114292961,36718.116026496,36718.161716348,38.3330078125,38.3330078125,0,,0
11054,FF-34-CAM-4,36718.440397944,36718.441529213,36718.535979329,38.3330078125,38.3330078125,0,,0
11056,FF-34-CAM-4,36718.810372668,36718.811112867,36718.856762275,38.3330078125,38.3330078125,0,,0
11058,FF-34-CAM-4,36719.124554806,36719.125568263,36719.188674456,38.3330078125,38.3330078125,0,,0
11060,FF-34-CAM-4,36719.46950362,36719.470300894,36719.52539686,38.3330078125,38.3330078125,0,,0
11062,FF-34-CAM-4,36719.835993912,36719.837486423,36719.884079091,38.3330078125,38.3330078125,0,,0
11064,FF-34-CAM-4,36720.153346664,36720.154060855,36720.197383513,38.3330078125,38.3330078125,0,,0
11066,FF-34-CAM-4,36720.502040158,36720.502755096,36720.548168276,38.3330078125,38.3330078125,0,,0
11068,FF-34-CAM-4,36720.81108201,36720.811732044,36720.880943319,38.3330078125,38.3330078125,0,,0
11070,FF-34-CAM-4,36721.153215811,36721.153812251,36721.206550627,38.3330078125,38.3330078125,0,,0
11072,FF-34-CAM-4,36721.467056392,36721.467753379,36721.50913244,38.3330078125,38.3330078125,0,,0
11074,FF-34-CAM-4,36721.836991072,36721.838350179,36721.909961265,38.3330078125,38.3330078125,0,,0
11076,FF-34-CAM-4,36722.194295204,36722.195632214,36722.240954886,38.3330078125,38.3330078125,0,,0
11078,FF-34-CAM-4,36722.502077991,36722.503220082,36722.545617233,38.3330078125,38.3330078125,0,,0
11080,FF-34-CAM-4,36722.857051561,36722.858411201,36722.910635277,38.3330078125,38.3330078125,0,,0
11082,FF-34-CAM-4,36723.171764089,36723.173372786,36723.259075696,38.3330078125,38.3330078125,0,,0
11084,FF-34-CAM-4,36723.521810095,36723.522447153,36723.574250737,38.3330078125,38.3330078125,0,,0
11086,FF-34-CAM-4,36723.854409676,36723.855601079,36723.898773446,38.3330078125,38.3330078125,0,,0
11088,FF-34-CAM-4,36724.196305901,36724.197024065,36724.24001454,38.3330078125,38.3330078125,0,,0
11090,FF-34-CAM-4,36724.512342473,36724.513602939,36724.588015716,38.3330078125,38.3330078125,0,,0
11092,FF-34-CAM-4,36724.873918789,36724.874656965,36724.939765454,38.3330078125,38.3330078125,0,,0
11094,FF-34-CAM-4,36725.186229174,36725.186930114,36725.270017536,38.3330078125,38.3330078125,0,,0
11096,FF-34-CAM-4,36725.564227492,36725.565166533,36725.604708467,38.3330078125,38.3330078125,0,,0
11098,FF-34-CAM-4,36725.887602447,36725.888696467,36725.987286454,38.3330078125,38.3330078125,0,,0
11100,FF-34-CAM-4,36726.28360233,36726.284551424,36726.338682969,38.3330078125,38.3330078125,0,,0
11102,FF-34-CAM-4,36726.623596354,36726.624668567,36726.669884489,38.3330078125,38.3330078125,0,,0
11104,FF-34-CAM-4,36726.945174782,36726.946677371,36727.006967837,38.3330078125,38.3330078125,0,,0
11106,FF-34-CAM-4,36727.30557709,36727.306531662,36727.357271713,38.3330078125,38.3330078125,0,,0
11108,FF-34-CAM-4,36727.644305821,36727.648125744,36727.703343331,38.3330078125,38.3330078125,0,,0
11110,FF-34-CAM-4,36728.002862693,36728.003668116,36728.050478884,38.3330078125,38.3330078125,0,,0
11112,FF-34-CAM-4,36728.353299788,36728.354059503,36728.397085514,38.3330078125,38.3330078125,0,,0
11114,FF-34-CAM-4,36728.754377062,36728.756622317,36728.806194449,38.3330078125,38.3330078125,0,,0
11116,FF-34-CAM-4,36729.10279123,36729.105118923,36729.163506363,38.3330078125,38.3330078125,0,,0
11118,FF-34-CAM-4,36729.487123661,36729.48840773,36729.551667601,38.3330078125,38.3330078125,0,,0
11120,FF-34-CAM-4,36729.906078147,36729.907054893,36729.96909501,38.3330078125,38.3330078125,0,,0
11122,FF-34-CAM-4,36730.242964541,36730.243717322,36730.291395467,38.3330078125,38.3330078125,0,,0
11124,FF-34-CAM-4,36730.630985912,36730.631743815,36730.699778378,38.3330078125,38.3330078125,0,,0
11126,FF-34-CAM-4,36731.038397166,36731.040830414,36731.096155755,38.3330078125,38.3330078125,0,,0
11128,FF-34-CAM-4,36731.401056473,36731.401854529,36731.439011753,38.3330078125,38.3330078125,0,,0
11130,FF-34-CAM-4,36731.776318115,36731.785274998,36731.833760024,38.3330078125,38.3330078125,0,,0
11132,FF-34-CAM-4,36732.109716598,36732.110570961,36732.166624151,38.3330078125,38.3330078125,0,,0
11134,FF-34-CAM-4,36732.490178658,36732.491230034,36732.554721739,38.3330078125,38.3330078125,0,,0
11136,FF-34-CAM-4,36732.886196415,36732.888409669,36732.944675549,38.3330078125,38.3330078125,0,,0
11138,FF-34-CAM-4,36733.250146699,36733.250721644,36733.294087728,38.3330078125,38.3330078125,0,,0
11140,FF-34-CAM-4,36733.564678481,36733.565251792,36733.620468693,38.3330078125,38.3330078125,0,,0
11142,FF-34-CAM-4,36733.958680029,36733.959471778,36734.01001343,38.3330078125,38.3330078125,0,,0
11144,FF-34-CAM-4,36734.277080868,36734.278081595,36734.340457145,38.3330078125,38.3330078125,0,,0
11146,FF-34-CAM-4,36734.636139205,36734.636973215,36734.696107949,38.3330078125,38.3330078125,0,,0
11148,FF-34-CAM-4,36734.972169913,36734.972705406,36735.02012347,38.3330078125,38.3330078125,0,,0
11150,FF-34-CAM-4,36735.335552802,36735.340273442,36735.43509363,38.3330078125,38.3330078125,0,,0
11152,FF-34-CAM-4,36735.736222911,36735.737291483,36735.792091867,38.3330078125,38.3330078125,0,,0
11154,FF-34-CAM-4,36736.090761779,36736.09182719,36736.135261888,38.3330078125,38.3330078125,0,,0
11156,FF-34-CAM-4,36736.455998633,36736.456916327,36736.509642791,38.3330078125,38.3330078125,0,,0
11158,FF-34-CAM-4,36736.795964116,36736.797313475,36736.890603493,38.3330078125,38.3330078125,0,,0
11160,FF-34-CAM-4,36737.169700618,36737.172339016,36737.257952007,38.3330078125,38.3330078125,0,,0
11162,FF-34-CAM-4,36737.533801346,36737.534612477,36737.577336896,38.3330078125,38.3330078125,0,,0
11164,FF-34-CAM-4,36737.908539046,36737.909657159,36737.967206382,38.3330078125,38.3330078125,0,,0
11166,FF-34-CAM-4,36738.251588883,36738.252472141,36738.327339767,38.3330078125,38.3330078125,0,,0
11168,FF-34-CAM-4,36738.618179709,36738.619396713,36738.667114204,38.3330078125,38.3330078125,0,,0
11170,FF-34-CAM-4,36738.956089565,36738.958883166,36739.017996128,38.3330078125,38.3330078125,0,,0
11172,FF-34-CAM-4,36739.313555256,36739.315023671,36739.412387232,38.3330078125,38.3330078125,0,,0
11174,FF-34-CAM-4,36739.722867421,36739.723440625,36739.778260562,38.3330078125,38.3330078125,0,,0
11176,FF-34-CAM-4,36740.073182914,36740.075145962,36740.112280701,38.3330078125,38.3330078125,0,,0
11178,FF-34-CAM-4,36740.398065818,36740.399188125,36740.441033242,38.3330078125,38.3330078125,0,,0
11180,FF-34-CAM-4,36740.799535334,36740.801024539,36740.855382397,38.3330078125,38.3330078125,0,,0
11182,FF-34-CAM-4,36741.148184323,36741.148926098,36741.248239912,38.3330078125,38.3330078125,0,,0
11184,FF-34-CAM-4,36741.600668066,36741.601411932,36741.667192287,38.3330078125,38.3330078125,0,,0
11186,FF-34-CAM-4,36741.995194725,36741.995968538,36742.041791653,38.3330078125,38.3330078125,0,,0
11188,FF-34-CAM-4,36742.353872984,36742.354580435,36742.413888904,38.3330078125,38.3330078125,0,,0
11190,FF-34-CAM-4,36742.764236726,36742.764994617,36742.805355518,38.3330078125,38.3330078125,0,,0
11192,FF-34-CAM-4,36743.146208045,36743.16200112,36743.196098485,38.3330078125,38.3330078125,0,,0
11194,FF-34-CAM-4,36743.543712187,36743.544588091,36743.589892328,38.3330078125,38.3330078125,0,,0
11196,FF-34-CAM-4,36743.907830572,36743.908717976,36743.976459706,38.3330078125,38.3330078125,0,,0
11198,FF-34-CAM-4,36744.270193254,36744.271768767,36744.318267425,38.3330078125,38.3330078125,0,,0
11200,FF-34-CAM-4,36744.643617002,36744.644272806,36744.72049638,38.3330078125,38.3330078125,0,,0
11202,FF-34-CAM-4,36745.083777654,36745.085079034,36745.136658216,38.3330078125,38.3330078125,0,,0
11204,FF-34-CAM-4,36745.460204401,36745.463089278,36745.522261502,38.3330078125,38.3330078125,0,,0
11206,FF-34-CAM-4,36745.812746504,36745.813639042,36745.910058704,38.3330078125,38.3330078125,0,,0
11208,FF-34-CAM-4,36746.239508965,36746.240378093,36746.308193266,38.3330078125,38.3330078125,0,,0
11210,FF-34-CAM-4,36746.639964276,36746.640960279,36746.739878967,38.3330078125,38.3330078125,0,,0
11212,FF-34-CAM-4,36747.025753404,36747.026371828,36747.097052911,38.3330078125,38.3330078125,0,,0
11214,FF-34-CAM-4,36747.409449435,36747.412411051,36747.467185557,38.3330078125,38.3330078125,0,,0
11216,FF-34-CAM-4,36747.773165365,36747.774983223,36747.837539272,38.3330078125,38.3330078125,0,,0
11218,FF-34-CAM-4,36748.135829357,36748.137062933,36748.18862146,38.3330078125,38.3330078125,0,,0
11220,FF-34-CAM-4,36748.532241385,36748.533692863,36748.615161162,38.3330078125,38.3330078125,0,,0
11222,FF-34-CAM-4,36748.909904085,36748.911028131,36748.964405315,38.3330078125,38.3330078125,0,,0
11224,FF-34-CAM-4,36749.265323853,36749.267887848,36749.317530902,38.3330078125,38.3330078125,0,,0
11226,FF-34-CAM-4,36749.626159816,36749.626946259,36749.659193733,38.3330078125,38.3330078125,0,,0
11228,FF-34-CAM-4,36749.961293393,36749.962135402,36750.04562773,38.3330078125,38.3330078125,0,,0
11230,FF-34-CAM-4,36750.345515856,36750.346431608,36750.385807926,38.3330078125,38.3330078125,0,,0
11232,FF-34-CAM-4,36750.684312948,36750.685304256,36750.745200778,38.3330078125,38.3330078125,0,,0
11234,FF-34-CAM-4,36751.083025064,36751.084110889,36751.131390487,38.3330078125,38.3330078125,0,,0
11236,FF-34-CAM-4,36751.463085668,36751.465299129,36751.510686722,38.3330078125,38.3330078125,0,,0
11238,FF-34-CAM-4,36751.844590412,36751.846462747,36751.941159289,38.3330078125,38.3330078125,0,,0
11240,FF-34-CAM-4,36752.343548379,36752.346537854,36752.399873048,38.3330078125,38.3330078125,0,,0
11242,FF-34-CAM-4,36752.685279968,36752.686489876,36752.740297964,38.3330078125,38.3330078125,0,,0
11244,FF-34-CAM-4,36753.079476882,36753.081051532,36753.122265676,38.3330078125,38.3330078125,0,,0
11246,FF-34-CAM-4,36753.460224678,36753.461571088,36753.505472173,38.3330078125,38.3330078125,0,,0
11248,FF-34-CAM-4,36753.811901485,36753.812891676,36753.868586811,38.3330078125,38.3330078125,0,,0
11250,FF-34-CAM-4,36754.185958088,36754.187058615,36754.240365555,38.3330078125,38.3330078125,0,,0
11252,FF-34-CAM-4,36754.561611021,36754.563085308,36754.638459368,38.3330078125,38.3330078125,0,,0
11254,FF-34-CAM-4,36754.930053533,36754.93302755,36754.997158322,38.3330078125,38.3330078125,0,,0
11256,FF-34-CAM-4,36755.308027793,36755.308772545,36755.354984664,38.3330078125,38.3330078125,0,,0
11258,FF-34-CAM-4,36755.649412825,36755.650296002,36755.705898253,38.3330078125,38.3330078125,0,,0
11260,FF-34-CAM-4,36756.034507198,36756.03538295,36756.08119056,38.3330078125,38.3330078125,0,,0
11262,FF-34-CAM-4,36756.378901654,36756.381865467,36756.487713445,38.3330078125,38.3330078125,0,,0
11264,FF-34-CAM-4,36756.80824172,36756.80898852,36756.855335606,38.3330078125,38.3330078125,0,,0
11266,FF-34-CAM-4,36757.222475295,36757.22349203,36757.271629372,38.3330078125,38.3330078125,0,,0
11268,FF-34-CAM-4,36757.554139242,36757.555367368,36757.62712092,38.3330078125,38.3330078125,0,,0
11270,FF-34-CAM-4,36757.934938041,36757.935486831,36757.968136619,38.3330078125,38.3330078125,0,,0
11272,FF-34-CAM-4,36758.315204085,36758.316387554,36758.41580669,38.3330078125,38.3330078125,0,,0
11274,FF-34-CAM-4,36758.731975049,36758.732608144,36758.78417437,38.3330078125,38.3330078125,0,,0
11276,FF-34-CAM-4,36759.058419521,36759.059026978,36759.107848204,38.3330078125,38.3330078125,0,,0
11278,FF-34-CAM-4,36759.40423169,36759.405143812,36759.447908186,38.3330078125,38.3330078125,0,,0
11280,FF-34-CAM-4,36759.767863267,36759.768805628,36759.809809971,38.3330078125,38.3330078125,0,,0
11282,FF-34-CAM-4,36760.089347853,36760.090180588,36760.162897633,38.3330078125,38.3330078125,0,,0
11284,FF-34-CAM-4,36760.464966141,36760.46640051,36760.505215621,38.3330078125,38.3330078125,0,,0
11286,FF-34-CAM-4,36760.799382169,36760.800673055,36760.85465994,38.3330078125,38.3330078125,0,,0
11288,FF-34-CAM-4,36761.167330504,36761.168401497,36761.215918521,38.3330078125,38.3330078125,0,,0
11290,FF-34-CAM-4,36761.577947936,36761.579577594,36761.624790625,38.3330078125,38.3330078125,0,,0
11292,FF-34-CAM-4,36761.920186929,36761.921170097,36761.955439772,38.3330078125,38.3330078125,0,,0
11294,FF-34-CAM-4,36762.198790123,36762.199862961,36762.24426473,38.3330078125,38.3330078125,0,,0
11296,FF-34-CAM-4,36762.568495263,36762.579434975,36762.639825368,38.3330078125,38.3330078125,0,,0
11298,FF-34-CAM-4,36762.93289718,36762.933546755,36762.987774982,38.3330078125,38.3330078125,0,,0
11300,FF-34-CAM-4,36763.257659399,36763.258647251,36763.304554408,38.3330078125,38.3330078125,0,,0
11302,FF-34-CAM-4,36763.624303903,36763.627567643,36763.71349301,38.3330078125,38.3330078125,0,,0
11304,FF-34-CAM-4,36763.994172274,36763.994690278,36764.034097856,38.3330078125,38.3330078125,0,,0
11306,FF-34-CAM-4,36764.3344769,36764.335048866,36764.378355781,38.3330078125,38.3330078125,0,,0
11308,FF-34-CAM-4,36764.656615515,36764.657410586,36764.724577989,38.3330078125,38.3330078125,0,,0
11310,FF-34-CAM-4,36765.005872637,36765.006530736,36765.052657182,38.3330078125,38.3330078125,0,,0
11312,FF-34-CAM-4,36765.319531706,36765.32035531,36765.383634038,38.3330078125,38.3330078125,0,,0
11314,FF-34-CAM-4,36765.679876164,36765.680660791,36765.730387011,38.3330078125,38.3330078125,0,,0
11316,FF-34-CAM-4,36766.047453785,36766.048416975,36766.087017083,38.3330078125,38.3330078125,0,,0
11318,FF-34-CAM-4,36766.360010874,36766.360727662,36766.463924749,38.3330078125,38.3330078125,0,,0
11320,FF-34-CAM-4,36766.77612708,36766.777243059,36766.817569396,38.3330078125,38.3330078125,0,,0
11322,FF-34-CAM-4,36767.072493688,36767.073410468,36767.127236883,38.3330078125,38.3330078125,0,,0
11324,FF-34-CAM-4,36767.434750495,36767.435522068,36767.494583039,38.3330078125,38.3330078125,0,,0
11326,FF-34-CAM-4,36767.758259943,36767.75977127,36767.826511571,38.3330078125,38.3330078125,0,,0
11328,FF-34-CAM-4,36768.13316832,36768.133979078,36768.180671082,38.3330078125,38.3330078125,0,,0
11330,FF-34-CAM-4,36768.46267017,36768.465614208,36768.50767616,38.3330078125,38.3330078125,0,,0
11332,FF-34-CAM-4,36768.80343689,36768.804674044,36768.860143036,38.3330078125,38.3330078125,0,,0
11334,FF-34-CAM-4,36769.153262041,36769.153983165,36769.220689065,38.3330078125,38.3330078125,0,,0
11336,FF-34-CAM-4,36769.541343094,36769.544294206,36769.588346276,38.3330078125,38.3330078125,0,,0
11338,FF-34-CAM-4,36769.912408176,36769.914330972,36769.967904366,38.3330078125,38.3330078125,0,,0
11340,FF-34-CAM-4,36770.309153599,36770.311066742,36770.352457641,38.3330078125,38.3330078125,0,,0
11342,FF-34-CAM-4,36770.664597187,36770.665946479,36770.717269989,38.3330078125,38.3330078125,0,,0
11344,FF-34-CAM-4,36770.995600674,36770.99665611,36771.04147598,38.3330078125,38.3330078125,0,,0
11346,FF-34-CAM-4,36771.343177437,36771.344011701,36771.392091075,38.3330078125,38.3330078125,0,,0
11348,FF-34-CAM-4,36771.683078298,36771.684210574,36771.730908149,38.3330078125,38.3330078125,0,,0
11350,FF-34-CAM-4,36772.026153614,36772.028175173,36772.087605393,38.3330078125,38.3330078125,0,,0
11352,FF-34-CAM-4,36772.356805474,36772.35766984,36772.399112865,38.3330078125,38.3330078125,0,,0
11354,FF-34-CAM-4,36772.693073401,36772.693725069,36772.737263947,38.3330078125,38.3330078125,0,,0
11356,FF-34-CAM-4,36773.052770548,36773.055230622,36773.105942383,38.3330078125,38.3330078125,0,,0
11358,FF-34-CAM-4,36773.402138263,36773.407179186,36773.45919381,38.3330078125,38.3330078125,0,,0
11360,FF-34-CAM-4,36773.744777259,36773.746329711,36773.799024774,38.3330078125,38.3330078125,0,,0
11362,FF-34-CAM-4,36774.073199655,36774.074031203,36774.119326318,38.3330078125,38.3330078125,0,,0
11385,FF-34-CAM-4,36777.034642899,36777.035873642,36777.087647359,38.3330078125,38.3330078125,0,,0
11387,FF-34-CAM-4,36777.343253223,36777.344222538,36777.412718555,38.3330078125,38.3330078125,0,,0
11389,FF-34-CAM-4,36777.678851509,36777.679937135,36777.720476608,38.3330078125,38.3330078125,0,,0
11391,FF-34-CAM-4,36777.973348444,36777.974434876,36778.014942946,38.3330078125,38.3330078125,0,,0
11393,FF-34-CAM-4,36778.273680839,36778.27465891,36778.319103501,38.3330078125,38.3330078125,0,,0
11395,FF-34-CAM-4,36778.606372498,36778.607411918,36778.644342703,38.3330078125,38.3330078125,0,,0
11397,FF-34-CAM-4,36778.892179265,36778.893041242,36778.971730697,38.3330078125,38.3330078125,0,,0
11399,FF-34-CAM-4,36779.252880378,36779.253519142,36779.300053197,38.3330078125,38.3330078125,0,,0
11401,FF-34-CAM-4,36779.555440956,36779.557047287,36779.601496548,38.3330078125,38.3330078125,0,,0
11403,FF-34-CAM-4,36779.854628356,36779.85553639,36779.898541794,38.3330078125,38.3330078125,0,,0
11405,FF-34-CAM-4,36780.151890896,36780.152832628,36780.265694936,38.3330078125,38.3330078125,0,,0
11407,FF-34-CAM-4,36780.531557416,36780.532247102,36780.570217889,38.3330078125,38.3330078125,0,,0
11409,FF-34-CAM-4,36780.836592916,36780.837279603,36780.885106779,38.3330078125,38.3330078125,0,,0
11411,FF-34-CAM-4,36781.139707247,36781.140578691,36781.19341019,38.3330078125,38.3330078125,0,,0
11413,FF-34-CAM-4,36781.492113269,36781.494628403,36781.542546112,38.3330078125,38.3330078125,0,,0
11415,FF-34-CAM-4,36781.798859026,36781.799525404,36781.875961663,38.3330078125,38.3330078125,0,,0
11417,FF-34-CAM-4,36782.128205457,36782.130032716,36782.197018243,38.3330078125,38.3330078125,0,,0
11419,FF-34-CAM-4,36782.464971708,36782.465812928,36782.503391866,38.3330078125,38.3330078125,0,,0
11421,FF-34-CAM-4,36782.790481217,36782.791596765,36782.84349942,38.3330078125,38.3330078125,0,,0
11423,FF-34-CAM-4,36783.110849225,36783.11223138,36783.156779711,38.3330078125,38.3330078125,0,,0
11425,FF-34-CAM-4,36783.406093533,36783.406990467,36783.471657158,38.3330078125,38.3330078125,0,,0
11427,FF-34-CAM-4,36783.753791787,36783.754897266,36783.795144966,38.3330078125,38.3330078125,0,,0
11429,FF-34-CAM-4,36784.057580285,36784.058342976,36784.116212596,38.3330078125,38.3330078125,0,,0
11431,FF-34-CAM-4,36784.387921791,36784.389677812,36784.431783491,38.3330078125,38.3330078125,0,,0
11433,FF-34-CAM-4,36784.708241219,36784.70894182,36784.756454172,38.3330078125,38.3330078125,0,,0
11435,FF-34-CAM-4,36785.033236439,36785.034456598,36785.090443571,38.3330078125,38.3330078125,0,,0
11437,FF-34-CAM-4,36785.375403796,36785.375912013,36785.415286273,38.3330078125,38.3330078125,0,,0
11439,FF-34-CAM-4,36785.688424322,36785.689733571,36785.755753051,38.3330078125,38.3330078125,0,,0
11441,FF-34-CAM-4,36786.013923243,36786.020503292,36786.064373461,38.3330078125,38.3330078125,0,,0
11443,FF-34-CAM-4,36786.353029661,36786.353953793,36786.397601332,38.3330078125,38.3330078125,0,,0
11445,FF-34-CAM-4,36786.676198299,36786.678497584,36786.717869896,38.3330078125,38.3330078125,0,,0
11447,FF-34-CAM-4,36786.989805664,36786.990997035,36787.077492808,38.3330078125,38.3330078125,0,,0
11449,FF-34-CAM-4,36787.392222055,36787.394973642,36787.493693378,38.3330078125,38.3330078125,0,,0
11451,FF-34-CAM-4,36787.7709922,36787.773047512,36787.820113136,38.3330078125,38.3330078125,0,,0
11453,FF-34-CAM-4,36788.072734239,36788.074205025,36788.119243983,38.3330078125,38.3330078125,0,,0
11455,FF-34-CAM-4,36788.374588469,36788.377302092,36788.454585599,38.3330078125,38.3330078125,0,,0
11457,FF-34-CAM-4,36788.727911098,36788.728935754,36788.787393065,38.3330078125,38.3330078125,0,,0
11459,FF-34-CAM-4,36789.042303538,36789.042996064,36789.075692798,38.3330078125,38.3330078125,0,,0
11461,FF-34-CAM-4,36789.380685087,36789.381695926,36789.432743184,38.3330078125,38.3330078125,0,,0
11463,FF-34-CAM-4,36789.689573553,36789.690333311,36789.730281968,38.3330078125,38.3330078125,0,,0
11465,FF-34-CAM-4,36789.986894314,36789.987879995,36790.027596757,38.3330078125,38.3330078125,0,,0
11467,FF-34-CAM-4,36790.300447051,36790.301930144,36790.35677755,38.3330078125,38.3330078125,0,,0
11469,FF-34-CAM-4,36790.600555885,36790.601368815,36790.662105019,38.3330078125,38.3330078125,0,,0
11471,FF-34-CAM-4,36790.886761425,36790.887369413,36790.948648491,38.3330078125,38.3330078125,0,,0
11473,FF-34-CAM-4,36791.236080582,36791.23703795,36791.287377929,38.3330078125,38.3330078125,0,,0
11475,FF-34-CAM-4,36791.574056405,36791.57455256,36791.603824135,38.3330078125,38.3330078125,0,,0
11477,FF-34-CAM-4,36791.88956196,36791.890344446,36791.925630641,38.3330078125,38.3330078125,0,,0
11479,FF-34-CAM-4,36792.182930025,36792.183496884,36792.221895577,38.3330078125,38.3330078125,0,,0
11481,FF-34-CAM-4,36792.550614784,36792.551222185,36792.593931603,38.3330078125,38.3330078125,0,,0
11483,FF-34-CAM-4,36792.875748886,36792.88328829,36792.940169912,38.3330078125,38.3330078125,0,,0
11485,FF-34-CAM-4,36793.222736232,36793.223947263,36793.278943463,38.3330078125,38.3330078125,0,,0
11487,FF-34-CAM-4,36793.547820913,36793.54884268,36793.581223882,38.3330078125,38.3330078125,0,,0
11489,FF-34-CAM-4,36793.828718977,36793.830366212,36793.904656786,38.3330078125,38.3330078125,0,,0
11491,FF-34-CAM-4,36794.168809429,36794.169577971,36794.225507665,38.3330078125,38.3330078125,0,,0
11493,FF-34-CAM-4,36794.474314461,36794.475175344,36794.528020563,38.3330078125,38.3330078125,0,,0
11495,FF-34-CAM-4,36794.777070122,36794.777998093,36794.815420276,38.3330078125,38.3330078125,0,,0
11497,FF-34-CAM-4,36795.054227649,36795.05671697,36795.145868083,38.3330078125,38.3330078125,0,,0
11499,FF-34-CAM-4,36795.397806256,36795.398408684,36795.455972742,38.3330078125,38.3330078125,0,,0
11501,FF-34-CAM-4,36795.70149272,36795.702521449,36795.744413281,38.3330078125,38.3330078125,0,,0
11503,FF-34-CAM-4,36795.976059874,36795.976744665,36796.033420451,38.3330078125,38.3330078125,0,,0
11505,FF-34-CAM-4,36796.281741196,36796.284233644,36796.322486689,38.3330078125,38.3330078125,0,,0
11507,FF-34-CAM-4,36796.629561967,36796.630353783,36796.674235338,38.3330078125,38.3330078125,0,,0
11509,FF-34-CAM-4,36796.961105582,36796.961923029,36797.012634746,38.3330078125,38.3330078125,0,,0
11511,FF-34-CAM-4,36797.269802272,36797.27068651,36797.323456814,38.3330078125,38.3330078125,0,,0
11513,FF-34-CAM-4,36797.601505698,36797.602586319,36797.641117528,38.3330078125,38.3330078125,0,,0
11515,FF-34-CAM-4,36797.885745347,36797.886611982,36797.966067282,38.3330078125,38.3330078125,0,,0
11517,FF-34-CAM-4,36798.214499854,36798.215090489,36798.250944967,38.3330078125,38.3330078125,0,,0
11519,FF-34-CAM-4,36798.513774526,36798.514497339,36798.546432513,38.3330078125,38.3330078125,0,,0
11521,FF-34-CAM-4,36798.824126428,36798.82713154,36798.869047488,38.3330078125,38.3330078125,0,,0
11523,FF-34-CAM-4,36799.119622246,36799.121112915,36799.21666037,38.3330078125,38.3330078125,0,,0
11525,FF-34-CAM-4,36799.463345669,36799.463952451,36799.524222504,38.3330078125,38.3330078125,0,,0
11527,FF-34-CAM-4,36799.799951512,36799.801624515,36799.888654873,38.3330078125,38.3330078125,0,,0
11529,FF-34-CAM-4,36800.184086053,36800.18498082,36800.233458983,38.3330078125,38.3330078125,0,,0
11531,FF-34-CAM-4,36800.513272042,36800.515902438,36800.581178199,38.3330078125,38.3330078125,0,,0
11533,FF-34-CAM-4,36800.853548067,36800.854368136,36800.903756975,38.3330078125,38.3330078125,0,,0
11535,FF-34-CAM-4,36801.189101068,36801.189894271,36801.268183286,38.3330078125,38.3330078125,0,,0
11537,FF-34-CAM-4,36801.535313256,36801.536137371,36801.607721466,38.3330078125,38.3330078125,0,,0
11539,FF-34-CAM-4,36801.834288879,36801.834818356,36801.866767404,38.3330078125,38.3330078125,0,,0
11541,FF-34-CAM-4,36802.148711965,36802.149427498,36802.197850515,38.3330078125,38.3330078125,0,,0
11543,FF-34-CAM-4,36802.425661076,36802.426355371,36802.472750983,38.3330078125,38.3330078125,0,,0
11545,FF-34-CAM-4,36802.743665192,36802.746280692,36802.802644679,38.3330078125,38.3330078125,0,,0
11547,FF-34-CAM-4,36803.046561605,36803.049264563,36803.118313832,38.3330078125,38.3330078125,0,,0
11549,FF-34-CAM-4,36803.431275014,36803.432271019,36803.471691021,38.3330078125,38.3330078125,0,,0
11551,FF-34-CAM-4,36803.697510373,36803.699035619,36803.76269466,38.3330078125,38.3330078125,0,,0
11553,FF-34-CAM-4,36803.947788853,36803.949369044,36803.993275136,38.3330078125,38.3330078125,0,,0
11555,FF-34-CAM-4,36804.226566848,36804.227426778,36804.265347114,38.3330078125,38.3330078125,0,,0
11557,FF-34-CAM-4,36804.469451869,36804.469952471,36804.519595381,38.3330078125,38.3330078125,0,,0
11559,FF-34-CAM-4,36804.74346877,36804.744084992,36804.784548211,38.3330078125,38.3330078125,0,,0
11561,FF-34-CAM-4,36805.014581237,36805.01756511,36805.07174,38.3330078125,38.3330078125,0,,0
11563,FF-34-CAM-4,36805.30116589,36805.301880974,36805.334558122,38.3330078125,38.3330078125,0,,0
11565,FF-34-CAM-4,36805.600736568,36805.601674433,36805.642387881,38.3330078125,38.3330078125,0,,0
11567,FF-34-CAM-4,36805.90871,36805.909462463,36805.955446564,38.3330078125,38.3330078125,0,,0
11569,FF-34-CAM-4,36806.180988849,36806.18178278,36806.212092705,38.3330078125,38.3330078125,0,,0
11571,FF-34-CAM-4,36806.422983289,36806.42375864,36806.449391904,38.3330078125,38.3330078125,0,,0
11573,FF-34-CAM-4,36806.694617444,36806.695046714,36806.77333803,38.3330078125,38.3330078125,0,,0
11575,FF-34-CAM-4,36806.988497779,36806.989250549,36807.038737097,38.3330078125,38.3330078125,0,,0
11577,FF-34-CAM-4,36807.251871298,36807.25262072,36807.296711155,38.3330078125,38.3330078125,0,,0
11579,FF-34-CAM-4,36807.506688017,36807.507243213,36807.544562162,38.3330078125,38.3330078125,0,,0
11581,FF-34-CAM-4,36807.797173226,36807.797922856,36807.831197553,38.3330078125,38.3330078125,0,,0
11583,FF-34-CAM-4,36808.037274872,36808.038465248,36808.084739949,38.3330078125,38.3330078125,0,,0
11585,FF-34-CAM-4,36808.336666082,36808.33851128,36808.400285974,38.3330078125,38.3330078125,0,,0
11587,FF-34-CAM-4,36808.659523016,36808.660750414,36808.709583607,38.3330078125,38.3330078125,0,,0
11589,FF-34-CAM-4,36808.942620498,36808.943230859,36808.974839781,38.3330078125,38.3330078125,0,,0
11591,FF-34-CAM-4,36809.209283353,36809.210323159,36809.277618177,38.3330078125,38.3330078125,0,,0
11593,FF-34-CAM-4,36809.488643011,36809.489455596,36809.536457045,38.3330078125,38.3330078125,0,,0
11595,FF-34-CAM-4,36809.762749546,36809.763517217,36809.804343913,38.3330078125,38.3330078125,0,,0
11597,FF-34-CAM-4,36810.070666438,36810.071175426,36810.117998967,38.3330078125,38.3330078125,0,,0
11599,FF-34-CAM-4,36810.325970188,36810.326821911,36810.400726636,38.3330078125,38.3330078125,0,,0
11601,FF-34-CAM-4,36810.633990457,36810.634709715,36810.670681272,38.3330078125,38.3330078125,0,,0
11603,FF-34-CAM-4,36810.950064815,36810.950727939,36810.987240998,38.3330078125,38.3330078125,0,,0
11605,FF-34-CAM-4,36811.27122735,36811.271959351,36811.303419003,38.3330078125,38.3330078125,0,,0
11607,FF-34-CAM-4,36811.562864377,36811.565497767,36811.605036618,38.3330078125,38.3330078125,0,,0
11609,FF-34-CAM-4,36811.86812287,36811.869448877,36811.903946095,38.3330078125,38.3330078125,0,,0
11611,FF-34-CAM-4,36812.143080457,36812.144179451,36812.195486751,38.3330078125,38.3330078125,0,,0
11613,FF-34-CAM-4,36812.425933215,36812.426774185,36812.50116247,38.3330078125,38.3330078125,0,,0
11615,FF-34-CAM-4,36812.712621692,36812.713788315,36812.75428188,38.3330078125,38.3330078125,0,,0
11617,FF-34-CAM-4,36812.983905944,36812.984595714,36813.046393313,38.3330078125,38.3330078125,0,,0
11619,FF-34-CAM-4,36813.246091486,36813.246987301,36813.292383193,38.3330078125,38.3330078125,0,,0
11621,FF-34-CAM-4,36813.525081801,36813.525783011,36813.597189271,38.3330078125,38.3330078125,0,,0
11623,FF-34-CAM-4,36813.819716084,36813.820500602,36813.870178159,38.3330078125,38.3330078125,0,,0
11625,FF-34-CAM-4,36814.120028188,36814.120769741,36814.219842358,38.3330078125,38.3330078125,0,,0
11627,FF-34-CAM-4,36814.440736775,36814.442274035,36814.486141437,38.3330078125,38.3330078125,0,,0
11629,FF-34-CAM-4,36814.751578543,36814.752707388,36814.807231164,38.3330078125,38.3330078125,0,,0
11631,FF-34-CAM-4,36815.024662222,36815.025430634,36815.069556855,38.3330078125,38.3330078125,0,,0
11633,FF-34-CAM-4,36815.283296628,36815.284344485,36815.336249524,38.3330078125,38.3330078125,0,,0
11635,FF-34-CAM-4,36815.594887253,36815.596856246,36815.678962079,38.3330078125,38.3330078125,0,,0
11637,FF-34-CAM-4,36815.914114491,36815.915177167,36815.957623688,38.3330078125,38.3330078125,0,,0
11639,FF-34-CAM-4,36816.217733361,36816.220402853,36816.25555657,38.3330078125,38.3330078125,0,,0
11641,FF-34-CAM-4,36816.515752671,36816.516207725,36816.551300266,38.3330078125,38.3330078125,0,,0
11643,FF-34-CAM-4,36816.798797955,36816.799844259,36816.906759999,38.3330078125,38.3330078125,0,,0
11645,FF-34-CAM-4,36817.175192421,36817.175778512,36817.20726579,38.3330078125,38.3330078125,0,,0
11647,FF-34-CAM-4,36817.44154463,36817.442103319,36817.490343976,38.3330078125,38.3330078125,0,,0
11649,FF-34-CAM-4,36817.760142194,36817.761073552,36817.809177865,38.3330078125,38.3330078125,0,,0
11651,FF-34-CAM-4,36818.053067971,36818.055137165,36818.103106313,38.3330078125,38.3330078125,0,,0
11653,FF-34-CAM-4,36818.399681168,36818.400493338,36818.439960508,38.3330078125,38.3330078125,0,,0
11655,FF-34-CAM-4,36818.747978348,36818.749231775,36818.789784711,38.3330078125,38.3330078125,0,,0
11657,FF-34-CAM-4,36819.054106951,36819.055158758,36819.112160207,38.3330078125,38.3330078125,0,,0
11659,FF-34-CAM-4,36819.330878443,36819.331558708,36819.360436618,38.3330078125,38.3330078125,0,,0
11661,FF-34-CAM-4,36819.661776156,36819.662452349,36819.705847892,38.3330078125,38.3330078125,0,,0
11663,FF-34-CAM-4,36819.99760088,36819.999120599,36820.029294777,38.3330078125,38.3330078125,0,,0
11665,FF-34-CAM-4,36820.31164038,36820.312953396,36820.363242306,38.3330078125,38.3330078125,0,,0
11667,FF-34-CAM-4,36820.641964206,36820.642696429,36820.676286099,38.3330078125,38.3330078125,0,,0
11669,FF-34-CAM-4,36820.97788409,36820.980143408,36821.01840048,38.3330078125,38.3330078125,0,,0
11671,FF-34-CAM-4,36821.238972605,36821.240674563,36821.290129753,38.3330078125,38.3330078125,0,,0
11673,FF-34-CAM-4,36821.566523888,36821.567585749,36821.624737179,38.3330078125,38.3330078125,0,,0
11675,FF-34-CAM-4,36821.91437162,36821.915167841,36821.983757751,38.3330078125,38.3330078125,0,,0
11677,FF-34-CAM-4,36822.26327298,36822.264146707,36822.30856819,38.3330078125,38.3330078125,0,,0
11679,FF-34-CAM-4,36822.581526553,36822.582623159,36822.607348117,38.3330078125,38.3330078125,0,,0
11681,FF-34-CAM-4,36822.895173216,36822.896083838,36822.942033776,38.3330078125,38.3330078125,0,,0
11683,FF-34-CAM-4,36823.262252135,36823.262916687,36823.31493037,38.3330078125,38.3330078125,0,,0
11685,FF-34-CAM-4,36823.631667174,36823.63253688,36823.711178462,38.3330078125,38.3330078125,0,,0
11687,FF-34-CAM-4,36823.95435999,36823.955484688,36824.003550887,38.3330078125,38.3330078125,0,,0
11689,FF-34-CAM-4,36824.252344632,36824.25287156,36824.292635062,38.3330078125,38.3330078125,0,,0
11691,FF-34-CAM-4,36824.547985451,36824.548673886,36824.583666495,38.3330078125,38.3330078125,0,,0
11693,FF-34-CAM-4,36824.841185195,36824.842126351,36824.888519047,38.3330078125,38.3330078125,0,,0
11695,FF-34-CAM-4,36825.157574728,36825.158967672,36825.218385853,38.3330078125,38.3330078125,0,,0
11697,FF-34-CAM-4,36825.464048111,36825.464478673,36825.525027853,38.3330078125,38.3330078125,0,,0
11699,FF-34-CAM-4,36825.770814327,36825.772338164,36825.832033564,38.3330078125,38.3330078125,0,,0
11701,FF-34-CAM-4,36826.096661728,36826.097402012,36826.131933539,38.3330078125,38.3330078125,0,,0
11703,FF-34-CAM-4,36826.40398601,36826.404562211,36826.466050511,38.3330078125,38.3330078125,0,,0
11705,FF-34-CAM-4,36826.713102044,36826.713747437,36826.791171737,38.3330078125,38.3330078125,0,,0
11707,FF-34-CAM-4,36827.040355419,36827.042020573,36827.087724916,38.3330078125,38.3330078125,0,,0
11709,FF-34-CAM-4,36827.341421992,36827.342102915,36827.434117445,38.3330078125,38.3330078125,0,,0
11711,FF-34-CAM-4,36827.684399634,36827.685857719,36827.734311642,38.3330078125,38.3330078125,0,,0
11713,FF-34-CAM-4,36827.976049096,36827.978136944,36828.024162921,38.3330078125,38.3330078125,0,,0
11715,FF-34-CAM-4,36828.288366778,36828.289480255,36828.326420069,38.3330078125,38.3330078125,0,,0
11717,FF-34-CAM-4,36828.581043751,36828.582135844,36828.623864093,38.3330078125,38.3330078125,0,,0
11719,FF-34-CAM-4,36828.877029292,36828.88028094,36828.948147381,38.3330078125,38.3330078125,0,,0
11721,FF-34-CAM-4,36829.199266401,36829.200168467,36829.244077522,38.3330078125,38.3330078125,0,,0
11723,FF-34-CAM-4,36829.524857665,36829.528111619,36829.573202157,38.3330078125,38.3330078125,0,,0
11725,FF-34-CAM-4,36829.873267632,36829.873981032,36829.920556198,38.3330078125,38.3330078125,0,,0
11727,FF-34-CAM-4,36830.16104104,36830.162153619,36830.241378789,38.3330078125,38.3330078125,0,,0
11729,FF-34-CAM-4,36830.484215182,36830.486554708,36830.525571459,38.3330078125,38.3330078125,0,,0
11731,FF-34-CAM-4,36830.780959075,36830.787168189,36830.819129039,38.3330078125,38.3330078125,0,,0
11733,FF-34-CAM-4,36831.121209778,36831.121851505,36831.161890013,38.3330078125,38.3330078125,0,,0
11735,FF-34-CAM-4,36831.446399052,36831.447120289,36831.491696684,38.3330078125,38.3330078125,0,,0
11737,FF-34-CAM-4,36831.727207436,36831.727619809,36831.785956525,38.3330078125,38.3330078125,0,,0
11739,FF-34-CAM-4,36832.027414989,36832.028325968,36832.081121067,38.3330078125,38.3330078125,0,,0
11741,FF-34-CAM-4,36832.32360019,36832.324740173,36832.360850475,38.3330078125,38.3330078125,0,,0
11743,FF-34-CAM-4,36832.637288805,36832.638031801,36832.680357173,38.3330078125,38.3330078125,0,,0
11745,FF-34-CAM-4,36832.927933508,36832.929205198,36833.008510153,38.3330078125,38.3330078125,0,,0
11747,FF-34-CAM-4,36833.256395868,36833.257397775,36833.301955813,38.3330078125,38.3330078125,0,,0
11749,FF-34-CAM-4,36833.527524296,36833.528292255,36833.59012803,38.3330078125,38.3330078125,0,,0
11751,FF-34-CAM-4,36833.826890376,36833.827707296,36833.866211765,38.3330078125,38.3330078125,0,,0
11753,FF-34-CAM-4,36834.13543259,36834.136158082,36834.175285378,38.3330078125,38.3330078125,0,,0
11755,FF-34-CAM-4,36834.449046851,36834.449722294,36834.538469829,38.3330078125,38.3330078125,0,,0
11757,FF-34-CAM-4,36834.781148358,36834.783206265,36834.825381958,38.3330078125,38.3330078125,0,,0
11759,FF-34-CAM-4,36835.067158543,36835.067754961,36835.103212289,38.3330078125,38.3330078125,0,,0
11761,FF-34-CAM-4,36835.364891914,36835.36605897,36835.392814717,38.3330078125,38.3330078125,0,,0
11763,FF-34-CAM-4,36835.657566168,36835.658813158,36835.75122348,38.3330078125,38.3330078125,0,,0
11765,FF-34-CAM-4,36836.004112,36836.004929769,36836.043757089,38.3330078125,38.3330078125,0,,0
11767,FF-34-CAM-4,36836.295146901,36836.295962118,36836.343703986,38.3330078125,38.3330078125,0,,0
11769,FF-34-CAM-4,36836.601721207,36836.602450864,36836.632848669,38.3330078125,38.3330078125,0,,0
11771,FF-34-CAM-4,36836.902928073,36836.904478647,36836.945864041,38.3330078125,38.3330078125,0,,0
11773,FF-34-CAM-4,36837.180923269,36837.181824293,36837.247653268,38.3330078125,38.3330078125,0,,0
11775,FF-34-CAM-4,36837.475048091,36837.475534894,36837.51779093,38.3330078125,38.3330078125,0,,0
11777,FF-34-CAM-4,36837.771980916,36837.772525855,36837.818896746,38.3330078125,38.3330078125,0,,0
11779,FF-34-CAM-4,36838.069714705,36838.070626434,36838.126613857,38.3330078125,38.3330078125,0,,0
11781,FF-34-CAM-4,36838.406805493,36838.407974962,36838.488979096,38.3330078125,38.3330078125,0,,0
11783,FF-34-CAM-4,36838.741207852,36838.741916555,36838.780679335,38.3330078125,38.3330078125,0,,0
11785,FF-34-CAM-4,36839.054102334,36839.055472354,36839.119393653,38.3330078125,38.3330078125,0,,0
11787,FF-34-CAM-4,36839.379820714,36839.380501832,36839.417723925,38.3330078125,38.3330078125,0,,0
11789,FF-34-CAM-4,36839.666559466,36839.668441865,36839.709858487,38.3330078125,38.3330078125,0,,0
11791,FF-34-CAM-4,36839.966439277,36839.967098672,36840.008442988,38.3330078125,38.3330078125,0,,0
11793,FF-34-CAM-4,36840.280696236,36840.283098247,36840.343989961,38.3330078125,38.3330078125,0,,0
11795,FF-34-CAM-4,36840.589347273,36840.590557536,36840.642953864,38.3330078125,38.3330078125,0,,0
11797,FF-34-CAM-4,36840.884366991,36840.885040206,36840.921522586,38.3330078125,38.3330078125,0,,0
11799,FF-34-CAM-4,36841.176806242,36841.177317418,36841.219449478,38.3330078125,38.3330078125,0,,0
11801,FF-34-CAM-4,36841.491486688,36841.492382414,36841.533544979,38.3330078125,38.3330078125,0,,0
11803,FF-34-CAM-4,36841.791548077,36841.792243586,36841.823279607,38.3330078125,38.3330078125,0,,0
11805,FF-34-CAM-4,36842.077177576,36842.077872893,36842.12379676,38.3330078125,38.3330078125,0,,0
11807,FF-34-CAM-4,36842.374961042,36842.375692289,36842.483438733,38.3330078125,38.3330078125,0,,0
11809,FF-34-CAM-4,36842.748184891,36842.749174116,36842.792681348,38.3330078125,38.3330078125,0,,0
11811,FF-34-CAM-4,36843.024307093,36843.026166414,36843.058260311,38.3330078125,38.3330078125,0,,0
11813,FF-34-CAM-4,36843.319430909,36843.322053011,36843.396369187,38.3330078125,38.3330078125,0,,0
11815,FF-34-CAM-4,36843.639967586,36843.641421531,36843.683137843,38.3330078125,38.3330078125,0,,0
11817,FF-34-CAM-4,36843.926375681,36843.927501931,36843.975137864,38.3330078125,38.3330078125,0,,0
11819,FF-34-CAM-4,36844.210092345,36844.2104691,36844.27566434,38.3330078125,38.3330078125,0,,0
11821,FF-34-CAM-4,36844.521776167,36844.522959151,36844.563842392,38.3330078125,38.3330078125,0,,0
11823,FF-34-CAM-4,36844.80022111,36844.801398475,36844.844680904,38.3330078125,38.3330078125,0,,0
11825,FF-34-CAM-4,36845.091093805,36845.092849983,36845.138093545,38.3330078125,38.3330078125,0,,0
11827,FF-34-CAM-4,36845.433253762,36845.435783949,36845.490328538,38.3330078125,38.3330078125,0,,0
11829,FF-34-CAM-4,36845.740733929,36845.7413837,36845.785829834,38.3330078125,38.3330078125,0,,0
11831,FF-34-CAM-4,36846.036136827,36846.036960628,36846.071366936,38.3330078125,38.3330078125,0,,0
11833,FF-34-CAM-4,36846.334315659,36846.335305591,36846.382442178,38.3330078125,38.3330078125,0,,0
11835,FF-34-CAM-4,36846.629901223,36846.630468824,36846.688556366,38.3330078125,38.3330078125,0,,0
11837,FF-34-CAM-4,36846.946949927,36846.947633485,36846.995112305,38.3330078125,38.3330078125,0,,0
11839,FF-34-CAM-4,36847.230705583,36847.231425833,36847.27089911,38.3330078125,38.3330078125,0,,0
11841,FF-34-CAM-4,36847.517749932,36847.52095012,36847.572162078,38.3330078125,38.3330078125,0,,0
11843,FF-34-CAM-4,36847.885371621,36847.886464845,36847.944029379,38.3330078125,38.3330078125,0,,0
11845,FF-34-CAM-4,36848.156972588,36848.15833901,36848.210097732,38.3330078125,38.3330078125,0,,0
11847,FF-34-CAM-4,36848.495313578,36848.496398267,36848.538187782,38.3330078125,38.3330078125,0,,0
11849,FF-34-CAM-4,36848.786976685,36848.787498924,36848.83404638,38.3330078125,38.3330078125,0,,0
11851,FF-34-CAM-4,36849.05867126,36849.05946377,36849.123107557,38.3330078125,38.3330078125,0,,0
11853,FF-34-CAM-4,36849.350461682,36849.351465836,36849.38938238,38.3330078125,38.3330078125,0,,0
11855,FF-34-CAM-4,36849.645485227,36849.650470667,36849.684394693,38.3330078125,38.3330078125,0,,0
11857,FF-34-CAM-4,36849.93495906,36849.936097776,36849.971244157,38.3330078125,38.3330078125,0,,0
11859,FF-34-CAM-4,36850.20193462,36850.202815582,36850.240220384,38.3330078125,38.3330078125,0,,0
11861,FF-34-CAM-4,36850.471344434,36850.472781274,36850.534530856,38.3330078125,38.3330078125,0,,0
11863,FF-34-CAM-4,36850.798058242,36850.799067009,36850.838531674,38.3330078125,38.3330078125,0,,0
11865,FF-34-CAM-4,36851.053088762,36851.054563024,36851.111909593,38.3330078125,38.3330078125,0,,0
11867,FF-34-CAM-4,36851.360885221,36851.362549488,36851.414118886,38.3330078125,38.3330078125,0,,0
11869,FF-34-CAM-4,36851.654360628,36851.65504911,36851.71730067,38.3330078125,38.3330078125,0,,0
11871,FF-34-CAM-4,36851.995411467,36851.997018675,36852.049206424,38.3330078125,38.3330078125,0,,0
11873,FF-34-CAM-4,36852.280962267,36852.282613955,36852.322167605,38.3330078125,38.3330078125,0,,0
11875,FF-34-CAM-4,36852.552036646,36852.552877678,36852.589117418,38.3330078125,38.3330078125,0,,0
11877,FF-34-CAM-4,36852.862568753,36852.863233714,36852.901311941,38.3330078125,38.3330078125,0,,0
11879,FF-34-CAM-4,36853.168981697,36853.169564534,36853.229488837,38.3330078125,38.3330078125,0,,0
11881,FF-34-CAM-4,36853.432157592,36853.434117231,36853.490761736,38.3330078125,38.3330078125,0,,0
11883,FF-34-CAM-4,36853.76012989,36853.760782219,36853.834067218,38.3330078125,38.3330078125,0,,0
11885,FF-34-CAM-4,36854.062081747,36854.062470462,36854.097269783,38.3330078125,38.3330078125,0,,0
11887,FF-34-CAM-4,36854.334676579,36854.336828219,36854.387739273,38.3330078125,38.3330078125,0,,0
11889,FF-34-CAM-4,36854.649287686,36854.649972429,36854.693649992,38.3330078125,38.3330078125,0,,0
11891,FF-34-CAM-4,36854.936466529,36854.937238137,36855.008352342,38.3330078125,38.3330078125,0,,0
11893,FF-34-CAM-4,36855.257060173,36855.258242126,36855.317498172,38.3330078125,38.3330078125,0,,0
11895,FF-34-CAM-4,36855.545347411,36855.547234224,36855.62525856,38.3330078125,38.3330078125,0,,0
11897,FF-34-CAM-4,36855.840032208,36855.842924772,36855.887306361,38.3330078125,38.3330078125,0,,0
11899,FF-34-CAM-4,36856.077747385,36856.078943425,36856.115734053,38.3330078125,38.3330078125,0,,0
11901,FF-34-CAM-4,36856.354162229,36856.354951505,36856.410368725,38.3330078125,38.3330078125,0,,0
11903,FF-34-CAM-4,36856.63008068,36856.630692138,36856.666294109,38.3330078125,38.3330078125,0,,0
11905,FF-34-CAM-4,36856.90354341,36856.904104554,36856.956730907,38.3330078125,38.3330078125,0,,0
11907,FF-34-CAM-4,36857.197534833,36857.198422373,36857.264529569,38.3330078125,38.3330078125,0,,0
11909,FF-34-CAM-4,36857.502312453,36857.503608863,36857.540190099,38.3330078125,38.3330078125,0,,0
11911,FF-34-CAM-4,36857.785300591,36857.785877575,36857.816892178,38.3330078125,38.3330078125,0,,0
11913,FF-34-CAM-4,36858.015943083,36858.016547157,36858.046522609,38.3330078125,38.3330078125,0,,0
11915,FF-34-CAM-4,36858.315779141,36858.316627768,36858.356048163,38.3330078125,38.3330078125,0,,0
11917,FF-34-CAM-4,36858.607657426,36858.609153429,36858.653720101,38.3330078125,38.3330078125,0,,0
11919,FF-34-CAM-4,36858.916453466,36858.917307177,36858.967070987,38.3330078125,38.3330078125,0,,0
11921,FF-34-CAM-4,36859.165977734,36859.166554805,36859.201467034,38.3330078125,38.3330078125,0,,0
11923,FF-34-CAM-4,36859.474107402,36859.475117921,36859.50465447,38.3330078125,38.3330078125,0,,0
11925,FF-34-CAM-4,36859.773279379,36859.773836015,36859.820488849,38.3330078125,38.3330078125,0,,0
11927,FF-34-CAM-4,36860.080481656,36860.081147506,36860.122263518,38.3330078125,38.3330078125,0,,0
11929,FF-34-CAM-4,36860.367217313,36860.367768157,36860.398130882,38.3330078125,38.3330078125,0,,0
11931,FF-34-CAM-4,36860.629822712,36860.631322841,36860.681119106,38.3330078125,38.3330078125,0,,0
11933,FF-34-CAM-4,36860.915970849,36860.91659927,36860.963833339,38.3330078125,38.3330078125,0,,0
11935,FF-34-CAM-4,36861.214660744,36861.217153876,36861.255792934,38.3330078125,38.3330078125,0,,0
11937,FF-34-CAM-4,36861.496755516,36861.499749316,36861.532825138,38.3330078125,38.3330078125,0,,0
11939,FF-34-CAM-4,36861.746484306,36861.746944359,36861.781143045,38.3330078125,38.3330078125,0,,0
11941,FF-34-CAM-4,36861.971374056,36861.971735547,36862.0117159,38.3330078125,38.3330078125,0,,0
11943,FF-34-CAM-4,36862.221699174,36862.222128083,36862.29373539,38.3330078125,38.3330078125,0,,0
11945,FF-34-CAM-4,36862.492598356,36862.493476668,36862.52858792,38.3330078125,38.3330078125,0,,0
11947,FF-34-CAM-4,36862.759515605,36862.760183789,36862.790640479,38.3330078125,38.3330078125,0,,0
11949,FF-34-CAM-4,36863.03935733,36863.041751935,36863.098634189,38.3330078125,38.3330078125,0,,0
11951,FF-34-CAM-4,36863.30343542,36863.304333291,36863.347695764,38.3330078125,38.3330078125,0,,0
11953,FF-34-CAM-4,36863.586976706,36863.58814538,36863.62667535,38.3330078125,38.3330078125,0,,0
11955,FF-34-CAM-4,36863.860071778,36863.860988696,36863.890468715,38.3330078125,38.3330078125,0,,0
11957,FF-34-CAM-4,36864.127965128,36864.128676374,36864.176488218,38.3330078125,38.3330078125,0,,0
11959,FF-34-CAM-4,36864.416608195,36864.422726583,36864.472819202,38.3330078125,38.3330078125,0,,0
11961,FF-34-CAM-4,36864.701937172,36864.702478149,36864.762352461,38.3330078125,38.3330078125,0,,0
11963,FF-34-CAM-4,36864.970133122,36864.971054976,36865.015678882,38.3330078125,38.3330078125,0,,0
11965,FF-34-CAM-4,36865.238682417,36865.239219932,36865.30631331,38.3330078125,38.3330078125,0,,0
11967,FF-34-CAM-4,36865.547171539,36865.548147065,36865.591140517,38.3330078125,38.3330078125,0,,0
11969,FF-34-CAM-4,36865.821755982,36865.822706796,36865.922392512,38.3330078125,38.3330078125,0,,0
11971,FF-34-CAM-4,36866.172772169,36866.173695536,36866.21027835,38.3330078125,38.3330078125,0,,0
11973,FF-34-CAM-4,36866.462545724,36866.463115567,36866.494469672,38.3330078125,38.3330078125,0,,0
11975,FF-34-CAM-4,36866.725819352,36866.726575356,36866.762636073,38.3330078125,38.3330078125,0,,0
11977,FF-34-CAM-4,36867.003940024,36867.006298722,36867.042234577,38.3330078125,38.3330078125,0,,0
11979,FF-34-CAM-4,36867.293205087,36867.293823153,36867.339804591,38.3330078125,38.3330078125,0,,0
11981,FF-34-CAM-4,36867.567998227,36867.569126742,36867.620905518,38.3330078125,38.3330078125,0,,0
11983,FF-34-CAM-4,36867.881422996,36867.882596132,36867.923202436,38.3330078125,38.3330078125,0,,0
11985,FF-34-CAM-4,36868.149627461,36868.150156875,36868.185493336,38.3330078125,38.3330078125,0,,0
11987,FF-34-CAM-4,36868.42940848,36868.429874819,36868.464769954,38.3330078125,38.3330078125,0,,0
11989,FF-34-CAM-4,36868.722661618,36868.723712202,36868.760701099,38.3330078125,38.3330078125,0,,0
11991,FF-34-CAM-4,36869.008990118,36869.009979469,36869.044511178,38.3330078125,38.3330078125,0,,0
11993,FF-34-CAM-4,36869.291978573,36869.293175685,36869.336452322,38.3330078125,38.3330078125,0,,0
11995,FF-34-CAM-4,36869.582943989,36869.58364601,36869.62337685,38.3330078125,38.3330078125,0,,0
11997,FF-34-CAM-4,36869.829787128,36869.830636173,36869.872679004,38.3330078125,38.3330078125,0,,0
11999,FF-34-CAM-4,36870.110792219,36870.111746615,36870.14489289,38.3330078125,38.3330078125,0,,0
12001,FF-34-CAM-4,36870.376822045,36870.377510575,36870.417091315,38.3330078125,38.3330078125,0,,0
12003,FF-34-CAM-4,36870.655799371,36870.656621089,36870.702731652,38.3330078125,38.3330078125,0,,0
12005,FF-34-CAM-4,36870.960632742,36870.961125949,36871.012675005,38.3330078125,38.3330078125,0,,0
12007,FF-34-CAM-4,36871.253056246,36871.255420813,36871.291748078,38.3330078125,38.3330078125,0,,0
12009,FF-34-CAM-4,36871.519712328,36871.520147223,36871.596183032,38.3330078125,38.3330078125,0,,0
12011,FF-34-CAM-4,36871.812874129,36871.815839569,36871.860096624,38.3330078125,38.3330078125,0,,0
12013,FF-34-CAM-4,36872.097744988,36872.099896329,36872.136775387,38.3330078125,38.3330078125,0,,0
12015,FF-34-CAM-4,36872.345881312,36872.346849427,36872.384075689,38.3330078125,38.3330078125,0,,0
12017,FF-34-CAM-4,36872.595719864,36872.596322128,36872.66288365,38.3330078125,38.3330078125,0,,0
12019,FF-34-CAM-4,36872.88203134,36872.882901551,36872.928659678,38.3330078125,38.3330078125,0,,0
12021,FF-34-CAM-4,36873.158983757,36873.164415681,36873.211440061,38.3330078125,38.3330078125,0,,0
12023,FF-34-CAM-4,36873.419196221,36873.422025697,36873.462642548,38.3330078125,38.3330078125,0,,0
12025,FF-34-CAM-4,36873.701810543,36873.702948398,36873.787046782,38.3330078125,38.3330078125,0,,0
12027,FF-34-CAM-4,36874.026716926,36874.027818099,36874.074148908,38.3330078125,38.3330078125,0,,0
12029,FF-34-CAM-4,36874.318871294,36874.320527259,36874.366856452,38.3330078125,38.3330078125,0,,0
12031,FF-34-CAM-4,36874.651778174,36874.652553489,36874.698472681,38.3330078125,38.3330078125,0,,0
12033,FF-34-CAM-4,36874.982985288,36874.983576974,36875.07718954,38.3330078125,38.3330078125,0,,0
12035,FF-34-CAM-4,36875.322833057,36875.323727106,36875.37033915,38.3330078125,38.3330078125,0,,0
12037,FF-34-CAM-4,36875.669331098,36875.670492832,36875.708680334,38.3330078125,38.3330078125,0,,0
12039,FF-34-CAM-4,36875.961346709,36875.961835574,36876.03196955,38.3330078125,38.3330078125,0,,0
12041,FF-34-CAM-4,36876.357275334,36876.360328967,36876.452946191,38.3330078125,38.3330078125,0,,0
12043,FF-34-CAM-4,36876.719853304,36876.720949591,36876.774168717,38.3330078125,38.3330078125,0,,0
12045,FF-34-CAM-4,36877.00184713,36877.002451545,36877.050659601,38.3330078125,38.3330078125,0,,0
12047,FF-34-CAM-4,36877.35925864,36877.359854942,36877.416184215,38.3330078125,38.3330078125,0,,0
12049,FF-34-CAM-4,36877.704678382,36877.705244053,36877.742420838,38.3330078125,38.3330078125,0,,0
12051,FF-34-CAM-4,36877.974762634,36877.975688406,36878.013756149,38.3330078125,38.3330078125,0,,0
12053,FF-34-CAM-4,36878.254106809,36878.254547465,36878.286676686,38.3330078125,38.3330078125,0,,0
12055,FF-34-CAM-4,36878.564905121,36878.565539406,36878.632067161,38.3330078125,38.3330078125,0,,0
12057,FF-34-CAM-4,36878.858023828,36878.862190503,36878.9066344,38.3330078125,38.3330078125,0,,0
12059,FF-34-CAM-4,36879.198454434,36879.19932303,36879.245954516,38.3330078125,38.3330078125,0,,0
12061,FF-34-CAM-4,36879.449773466,36879.450631519,36879.516328152,38.3330078125,38.3330078125,0,,0
12063,FF-34-CAM-4,36879.769927012,36879.770628822,36879.81675141,38.3330078125,38.3330078125,0,,0
12065,FF-34-CAM-4,36880.021619511,36880.024503027,36880.062481482,38.3330078125,38.3330078125,0,,0
12067,FF-34-CAM-4,36880.294104388,36880.295264958,36880.340924518,38.3330078125,38.3330078125,0,,0
12069,FF-34-CAM-4,36880.56494129,36880.565707482,36880.617172544,38.3330078125,38.3330078125,0,,0
12071,FF-34-CAM-4,36880.848478939,36880.849388802,36880.899302689,38.3330078125,38.3330078125,0,,0
12073,FF-34-CAM-4,36881.126292535,36881.12718062,36881.168226792,38.3330078125,38.3330078125,0,,0
12075,FF-34-CAM-4,36881.438867191,36881.439748981,36881.497670152,38.3330078125,38.3330078125,0,,0
12077,FF-34-CAM-4,36881.724574769,36881.725176386,36881.767420598,38.3330078125,38.3330078125,0,,0
12079,FF-34-CAM-4,36881.996954657,36882.001936697,36882.039261586,38.3330078125,38.3330078125,0,,0
12081,FF-34-CAM-4,36882.249263308,36882.250410835,36882.317644264,38.3330078125,38.3330078125,0,,0
12083,FF-34-CAM-4,36882.537097428,36882.539076074,36882.571851865,38.3330078125,38.3330078125,0,,0
12085,FF-34-CAM-4,36882.844185238,36882.844775977,36882.878406463,38.3330078125,38.3330078125,0,,0
12087,FF-34-CAM-4,36883.0928476,36883.094543667,36883.124677615,38.3330078125,38.3330078125,0,,0
12089,FF-34-CAM-4,36883.380529527,36883.381144228,36883.424250139,38.3330078125,38.3330078125,0,,0
12091,FF-34-CAM-4,36883.642454732,36883.643047472,36883.712882719,38.3330078125,38.3330078125,0,,0
12093,FF-34-CAM-4,36883.941574138,36883.944894409,36883.99076853,38.3330078125,38.3330078125,0,,0
12095,FF-34-CAM-4,36884.209379933,36884.210767202,36884.255345545,38.3330078125,38.3330078125,0,,0
12097,FF-34-CAM-4,36884.465156543,36884.467013322,36884.558565972,38.3330078125,38.3330078125,0,,0
12099,FF-34-CAM-4,36884.783792721,36884.784492783,36884.839759251,38.3330078125,38.3330078125,0,,0
12101,FF-34-CAM-4,36885.060035957,36885.060667646,36885.118522378,38.3330078125,38.3330078125,0,,0
12109,FF-34-CAM-4,36886.169917213,36886.170490687,36886.230223703,38.33349609375,38.3330078125,0,,0
12111,FF-34-CAM-4,36886.459559529,36886.460077451,36886.512382356,38.3330078125,38.3330078125,0,,0
12113,FF-34-CAM-4,36886.709011257,36886.710126632,36886.751167778,38.3330078125,38.3330078125,0,,0
12115,FF-34-CAM-4,36886.974786679,36886.977280078,36887.020615728,38.3330078125,38.3330078125,0,,0
12117,FF-34-CAM-4,36887.262651771,36887.264854218,36887.360237256,38.3330078125,38.3330078125,0,,0
12119,FF-34-CAM-4,36887.583176198,36887.584875307,36887.622088239,38.3330078125,38.3330078125,0,,0
12121,FF-34-CAM-4,36887.867043491,36887.867887977,36887.940604068,38.3330078125,38.3330078125,0,,0
12123,FF-34-CAM-4,36888.182912955,36888.184614593,36888.22898308,38.3330078125,38.3330078125,0,,0
12125,FF-34-CAM-4,36888.494949396,36888.496122735,36888.537517294,38.3330078125,38.3330078125,0,,0
12127,FF-34-CAM-4,36888.808351783,36888.810593636,36888.845426058,38.3330078125,38.3330078125,0,,0
12129,FF-34-CAM-4,36889.086702991,36889.0900821,36889.140759389,38.3330078125,38.3330078125,0,,0
12131,FF-34-CAM-4,36889.400309857,36889.40128504,36889.464199084,38.3330078125,38.3330078125,0,,0
12133,FF-34-CAM-4,36889.717908254,36889.719859049,36889.763846187,38.3330078125,38.3330078125,0,,0
12135,FF-34-CAM-4,36889.986101297,36889.986631935,36890.093308039,38.3330078125,38.3330078125,0,,0
12137,FF-34-CAM-4,36890.359537075,36890.360751142,36890.407914608,38.3330078125,38.3330078125,0,,0
12139,FF-34-CAM-4,36890.663985857,36890.667131493,36890.741591572,38.3330078125,38.3330078125,0,,0
12141,FF-34-CAM-4,36891.007336282,36891.008213857,36891.071480236,38.3330078125,38.3330078125,0,,0
12143,FF-34-CAM-4,36891.367942235,36891.368800097,36891.41911146,38.3330078125,38.3330078125,0,,0
12145,FF-34-CAM-4,36891.73339726,36891.73417792,36891.778531322,38.3330078125,38.3330078125,0,,0
12147,FF-34-CAM-4,36892.092232013,36892.093090954,36892.145772312,38.3330078125,38.3330078125,0,,0
12149,FF-34-CAM-4,36892.432906476,36892.433891253,36892.490440894,38.3330078125,38.3330078125,0,,0
12151,FF-34-CAM-4,36892.76982467,36892.770942248,36892.818610184,38.3330078125,38.3330078125,0,,0
12153,FF-34-CAM-4,36893.115950996,36893.116558869,36893.186555127,38.3330078125,38.3330078125,0,,0
12155,FF-34-CAM-4,36893.438681014,36893.440182982,36893.48756071,38.3330078125,38.3330078125,0,,0
12157,FF-34-CAM-4,36893.714167209,36893.71513538,36893.762418724,38.3330078125,38.3330078125,0,,0
12159,FF-34-CAM-4,36894.020626209,36894.021368319,36894.05454145,38.3330078125,38.3330078125,0,,0
12161,FF-34-CAM-4,36894.25755225,36894.258969187,36894.309353225,38.3330078125,38.3330078125,0,,0
12163,FF-34-CAM-4,36894.566760167,36894.567532212,36894.598187436,38.3330078125,38.3330078125,0,,0
12165,FF-34-CAM-4,36894.837797498,36894.840166346,36894.877481147,38.3330078125,38.3330078125,0,,0
12167,FF-34-CAM-4,36895.117840324,36895.119256979,36895.15649275,38.3330078125,38.3330078125,0,,0
12169,FF-34-CAM-4,36895.393853182,36895.39449129,36895.479859311,38.3330078125,38.3330078125,0,,0
12171,FF-34-CAM-4,36895.742096401,36895.742610923,36895.778953194,38.3330078125,38.3330078125,0,,0
12173,FF-34-CAM-4,36896.034474091,36896.037508134,36896.067224404,38.3330078125,38.3330078125,0,,0
12175,FF-34-CAM-4,36896.331362517,36896.332018014,36896.371994921,38.3330078125,38.3330078125,0,,0
12177,FF-34-CAM-4,36896.654935449,36896.655851214,36896.695585655,38.3330078125,38.3330078125,0,,0
12179,FF-34-CAM-4,36896.9612821,36896.962815176,36897.006155935,38.3330078125,38.3330078125,0,,0
12181,FF-34-CAM-4,36897.256742178,36897.257625725,36897.294056784,38.3330078125,38.3330078125,0,,0
12183,FF-34-CAM-4,36897.557485955,36897.558931783,36897.597996848,38.3330078125,38.3330078125,0,,0
12185,FF-34-CAM-4,36897.868562486,36897.869184912,36897.906529163,38.3330078125,38.3330078125,0,,0
12187,FF-34-CAM-4,36898.153943721,36898.15697938,36898.19864123,38.3330078125,38.3330078125,0,,0
12189,FF-34-CAM-4,36898.479807737,36898.480383034,36898.556319644,38.3330078125,38.3330078125,0,,0
12191,FF-34-CAM-4,36898.767794672,36898.768634479,36898.813647084,38.3330078125,38.3330078125,0,,0
12193,FF-34-CAM-4,36899.054813634,36899.055385611,36899.114046158,38.3330078125,38.3330078125,0,,0
12195,FF-34-CAM-4,36899.33253482,36899.333055524,36899.377096996,38.3330078125,38.3330078125,0,,0
12197,FF-34-CAM-4,36899.629194105,36899.630674092,36899.682400579,38.3330078125,38.3330078125,0,,0
12199,FF-34-CAM-4,36899.958370045,36899.960329762,36899.99575553,38.3330078125,38.3330078125,0,,0
12201,FF-34-CAM-4,36900.230292493,36900.232046919,36900.275236603,38.3330078125,38.3330078125,0,,0
12203,FF-34-CAM-4,36900.498798892,36900.49960049,36900.560321815,38.3330078125,38.3330078125,0,,0
12205,FF-34-CAM-4,36900.790043535,36900.790475996,36900.833123901,38.3330078125,38.3330078125,0,,0
12207,FF-34-CAM-4,36901.056283613,36901.056790678,36901.089408925,38.3330078125,38.3330078125,0,,0
12209,FF-34-CAM-4,36901.351657015,36901.352583563,36901.399304043,38.3330078125,38.3330078125,0,,0
12211,FF-34-CAM-4,36901.633486402,36901.634549728,36901.683530228,38.3330078125,38.3330078125,0,,0
12213,FF-34-CAM-4,36901.950617007,36901.951649846,36901.995463167,38.3330078125,38.3330078125,0,,0
12215,FF-34-CAM-4,36902.203286436,36902.204852065,36902.242331021,38.3330078125,38.3330078125,0,,0
12217,FF-34-CAM-4,36902.466112173,36902.466679006,36902.524807981,38.3330078125,38.3330078125,0,,0
12219,FF-34-CAM-4,36902.784554553,36902.785384189,36902.8496189,38.3330078125,38.3330078125,0,,0
12221,FF-34-CAM-4,36903.08484465,36903.085642079,36903.126435178,38.3330078125,38.3330078125,0,,0
12223,FF-34-CAM-4,36903.378639938,36903.381510122,36903.429550607,38.3330078125,38.3330078125,0,,0
12225,FF-34-CAM-4,36903.677523111,36903.678146491,36903.711357127,38.3330078125,38.3330078125,0,,0
12227,FF-34-CAM-4,36903.945590519,36903.950651974,36903.990372365,38.3330078125,38.3330078125,0,,0
12229,FF-34-CAM-4,36904.246885316,36904.247868707,36904.27692067,38.3330078125,38.3330078125,0,,0
12231,FF-34-CAM-4,36904.509455602,36904.51004769,36904.550211237,38.3330078125,38.3330078125,0,,0
12233,FF-34-CAM-4,36904.793358985,36904.794377663,36904.83960764,38.3330078125,38.3330078125,0,,0
12235,FF-34-CAM-4,36905.074973149,36905.075451532,36905.1074547,38.3330078125,38.3330078125,0,,0
12237,FF-34-CAM-4,36905.346618771,36905.3472595,36905.413771179,38.3330078125,38.3330078125,0,,0
12239,FF-34-CAM-4,36905.629812587,36905.630277867,36905.673709574,38.3330078125,38.3330078125,0,,0
12241,FF-34-CAM-4,36905.908788514,36905.909654083,36905.952069861,38.3330078125,38.3330078125,0,,0
12243,FF-34-CAM-4,36906.200676792,36906.204076678,36906.235142734,38.3330078125,38.3330078125,0,,0
12245,FF-34-CAM-4,36906.485302603,36906.486140122,36906.545140053,38.3330078125,38.3330078125,0,,0
12247,FF-34-CAM-4,36906.779461044,36906.780326706,36906.820041872,38.3330078125,38.3330078125,0,,0
12249,FF-34-CAM-4,36907.05133573,36907.051810417,36907.098321996,38.3330078125,38.3330078125,0,,0
12251,FF-34-CAM-4,36907.311075966,36907.311992304,36907.370330114,38.3330078125,38.3330078125,0,,0
12253,FF-34-CAM-4,36907.609682862,36907.610382128,36907.657066051,38.3330078125,38.3330078125,0,,0
12255,FF-34-CAM-4,36907.87821554,36907.87871986,36907.925126786,38.3330078125,38.3330078125,0,,0
12257,FF-34-CAM-4,36908.104211513,36908.105259207,36908.190813117,38.3330078125,38.3330078125,0,,0
12259,FF-34-CAM-4,36908.440391865,36908.441864822,36908.477459433,38.3330078125,38.3330078125,0,,0
12261,FF-34-CAM-4,36908.702608345,36908.70333607,36908.758858927,38.3330078125,38.3330078125,0,,0
12263,FF-34-CAM-4,36908.992950076,36908.994869257,36909.036839435,38.3330078125,38.3330078125,0,,0
12265,FF-34-CAM-4,36909.281977238,36909.283792477,36909.320904479,38.3330078125,38.3330078125,0,,0
12267,FF-34-CAM-4,36909.550078771,36909.550875965,36909.582927583,38.3330078125,38.3330078125,0,,0
12269,FF-34-CAM-4,36909.845612436,36909.846641002,36909.891719582,38.3330078125,38.3330078125,0,,0
12271,FF-34-CAM-4,36910.112985886,36910.114107443,36910.167363384,38.3330078125,38.3330078125,0,,0
12273,FF-34-CAM-4,36910.417088689,36910.417892231,36910.449296777,38.3330078125,38.3330078125,0,,0
12275,FF-34-CAM-4,36910.682451124,36910.683194675,36910.733141814,38.3330078125,38.3330078125,0,,0
12277,FF-34-CAM-4,36910.958514265,36910.958959535,36911.009192126,38.3330078125,38.3330078125,0,,0
12279,FF-34-CAM-4,36911.257949546,36911.258720349,36911.29707761,38.3330078125,38.3330078125,0,,0
12281,FF-34-CAM-4,36911.532237629,36911.533367108,36911.593871493,38.3330078125,38.3330078125,0,,0
12283,FF-34-CAM-4,36911.835498694,36911.837806201,36911.871406666,38.3330078125,38.3330078125,0,,0
12285,FF-34-CAM-4,36912.117415164,36912.118963976,36912.165299318,38.3330078125,38.3330078125,0,,0
12287,FF-34-CAM-4,36912.397805353,36912.39847204,36912.448733719,38.3330078125,38.3330078125,0,,0
12289,FF-34-CAM-4,36912.692093393,36912.692914248,36912.733398334,38.3330078125,38.3330078125,0,,0
12291,FF-34-CAM-4,36912.962950214,36912.963780136,36913.002567772,38.3330078125,38.3330078125,0,,0
12293,FF-34-CAM-4,36913.229959274,36913.231390738,36913.286019316,38.3330078125,38.3330078125,0,,0
12295,FF-34-CAM-4,36913.56044981,36913.561444027,36913.608675899,38.3330078125,38.3330078125,0,,0
12297,FF-34-CAM-4,36913.823053329,36913.82561031,36913.869739047,38.3330078125,38.3330078125,0,,0
12299,FF-34-CAM-4,36914.079066706,36914.079740565,36914.113579138,38.3330078125,38.3330078125,0,,0
12301,FF-34-CAM-4,36914.362419015,36914.363533721,36914.401443971,38.3330078125,38.3330078125,0,,0
12303,FF-34-CAM-4,36914.643080074,36914.644384697,36914.684906506,38.3330078125,38.3330078125,0,,0
12305,FF-34-CAM-4,36914.89955397,36914.902150568,36914.931828147,38.3330078125,38.3330078125,0,,0
12307,FF-34-CAM-4,36915.159514163,36915.162985548,36915.201181783,38.3330078125,38.3330078125,0,,0
12309,FF-34-CAM-4,36915.406729189,36915.407369958,36915.443249756,38.3330078125,38.3330078125,0,,0
12311,FF-34-CAM-4,36915.683522806,36915.686654466,36915.734161171,38.3330078125,38.3330078125,0,,0
12313,FF-34-CAM-4,36915.965021975,36915.965911763,36916.004474202,38.3330078125,38.3330078125,0,,0
12315,FF-34-CAM-4,36916.283308416,36916.28649712,36916.318414477,38.3330078125,38.3330078125,0,,0
12317,FF-34-CAM-4,36916.573017695,36916.574843092,36916.621079449,38.3330078125,38.3330078125,0,,0
12319,FF-34-CAM-4,36916.840393631,36916.841915217,36916.883428153,38.3330078125,38.3330078125,0,,0
12321,FF-34-CAM-4,36917.11494722,36917.117135403,36917.164959628,38.3330078125,38.3330078125,0,,0
12323,FF-34-CAM-4,36917.377282629,36917.378218353,36917.423709878,38.3330078125,38.3330078125,0,,0
12325,FF-34-CAM-4,36917.657550972,36917.658334189,36917.716094357,38.3330078125,38.3330078125,0,,0
12327,FF-34-CAM-4,36917.967626733,36917.96874237,36918.008606866,38.3330078125,38.3330078125,0,,0
12329,FF-34-CAM-4,36918.220866076,36918.221814527,36918.268818614,38.3330078125,38.3330078125,0,,0
12331,FF-34-CAM-4,36918.508347569,36918.511559473,36918.557915635,38.3330078125,38.3330078125,0,,0
12333,FF-34-CAM-4,36918.779738688,36918.780748475,36918.812984703,38.3330078125,38.3330078125,0,,0
12335,FF-34-CAM-4,36919.070871025,36919.071830791,36919.133512322,38.3330078125,38.3330078125,0,,0
12337,FF-34-CAM-4,36919.379704222,36919.380640571,36919.422704458,38.3330078125,38.3330078125,0,,0
12339,FF-34-CAM-4,36919.633554755,36919.636897623,36919.670243291,38.3330078125,38.3330078125,0,,0
12341,FF-34-CAM-4,36919.913065319,36919.91417125,36919.964397752,38.3330078125,38.3330078125,0,,0
12343,FF-34-CAM-4,36920.167651756,36920.168285227,36920.202281925,38.3330078125,38.3330078125,0,,0
12345,FF-34-CAM-4,36920.412018038,36920.41304884,36920.461687429,38.3330078125,38.3330078125,0,,0
12347,FF-34-CAM-4,36920.710435437,36920.711217254,36920.746563871,38.3330078125,38.3330078125,0,,0
12349,FF-34-CAM-4,36920.993751155,36920.994314268,36921.035045878,38.3330078125,38.3330078125,0,,0
12351,FF-34-CAM-4,36921.24154233,36921.242292937,36921.299338956,38.3330078125,38.3330078125,0,,0
12353,FF-34-CAM-4,36921.547498684,36921.547987213,36921.59131832,38.3330078125,38.3330078125,0,,0
12355,FF-34-CAM-4,36921.826641577,36921.827665419,36921.865405679,38.3330078125,38.3330078125,0,,0
12357,FF-34-CAM-4,36922.124632426,36922.125553543,36922.15970658,38.3330078125,38.3330078125,0,,0
12359,FF-34-CAM-4,36922.397740519,36922.398610873,36922.433971305,38.3330078125,38.3330078125,0,,0
12361,FF-34-CAM-4,36922.672641743,36922.673240689,36922.720598795,38.3330078125,38.3330078125,0,,0
12363,FF-34-CAM-4,36922.931601809,36922.933822303,36922.967953272,38.3330078125,38.3330078125,0,,0
12365,FF-34-CAM-4,36923.182037488,36923.184487797,36923.24542186,38.3330078125,38.3330078125,0,,0
12367,FF-34-CAM-4,36923.494026372,36923.495076565,36923.542876663,38.3330078125,38.3330078125,0,,0
12369,FF-34-CAM-4,36923.761445057,36923.762446379,36923.810817144,38.3330078125,38.3330078125,0,,0
12371,FF-34-CAM-4,36924.033117324,36924.034529058,36924.078569505,38.3330078125,38.3330078125,0,,0
12373,FF-34-CAM-4,36924.307028467,36924.30784198,36924.345440831,38.3330078125,38.3330078125,0,,0
12375,FF-34-CAM-4,36924.611808462,36924.612447313,36924.655891733,38.3330078125,38.3330078125,0,,0
12377,FF-34-CAM-4,36924.852416326,36924.853319752,36924.900717557,38.3330078125,38.3330078125,0,,0
12379,FF-34-CAM-4,36925.085838118,36925.086380523,36925.13657257,38.3330078125,38.3330078125,0,,0
12381,FF-34-CAM-4,36925.310436238,36925.3111387,36925.350185513,38.3330078125,38.3330078125,0,,0
12383,FF-34-CAM-4,36925.539324131,36925.539976691,36925.575350941,38.3330078125,38.3330078125,0,,0
12385,FF-34-CAM-4,36925.754019683,36925.755469218,36925.822109413,38.3330078125,38.3330078125,0,,0
12387,FF-34-CAM-4,36926.032409522,36926.033114824,36926.061466413,38.3330078125,38.3330078125,0,,0
12389,FF-34-CAM-4,36926.270759111,36926.271374958,36926.317994008,38.3330078125,38.3330078125,0,,0
12391,FF-34-CAM-4,36926.504723908,36926.505193988,36926.530244482,38.3330078125,38.3330078125,0,,0
12393,FF-34-CAM-4,36926.733289911,36926.736285894,36926.775658837,38.3330078125,38.3330078125,0,,0
12395,FF-34-CAM-4,36926.995267685,36926.996086174,36927.037062787,38.3330078125,38.3330078125,0,,0
12397,FF-34-CAM-4,36927.216674817,36927.219116769,36927.261384626,38.3330078125,38.3330078125,0,,0
12399,FF-34-CAM-4,36927.47060638,36927.471658829,36927.503990961,38.3330078125,38.3330078125,0,,0
12401,FF-34-CAM-4,36927.714841552,36927.715848807,36927.749233304,38.3330078125,38.3330078125,0,,0
12403,FF-34-CAM-4,36927.96827491,36927.9707388,36928.00060107,38.3330078125,38.3330078125,0,,0
12405,FF-34-CAM-4,36928.162496707,36928.163348598,36928.203992606,38.3330078125,38.3330078125,0,,0
12407,FF-34-CAM-4,36928.407619882,36928.408027206,36928.455840464,38.3330078125,38.3330078125,0,,0
12409,FF-34-CAM-4,36928.645756094,36928.646270331,36928.681207117,38.3330078125,38.3330078125,0,,0
12411,FF-34-CAM-4,36928.874976195,36928.87570229,36928.930627449,38.3330078125,38.3330078125,0,,0
12413,FF-34-CAM-4,36929.162518305,36929.16295723,36929.198051053,38.3330078125,38.3330078125,0,,0
12415,FF-34-CAM-4,36929.403737372,36929.404309047,36929.47478041,38.3330078125,38.3330078125,0,,0
12417,FF-34-CAM-4,36929.659248241,36929.660093301,36929.695399605,38.3330078125,38.3330078125,0,,0
12419,FF-34-CAM-4,36929.908257074,36929.90874553,36929.944177194,38.3330078125,38.3330078125,0,,0
12421,FF-34-CAM-4,36930.140855291,36930.141546255,36930.19996165,38.3330078125,38.3330078125,0,,0
12423,FF-34-CAM-4,36930.402539253,36930.403108377,36930.446711178,38.3330078125,38.3330078125,0,,0
12425,FF-34-CAM-4,36930.645951625,36930.646726133,36930.677789162,38.3330078125,38.3330078125,0,,0
12427,FF-34-CAM-4,36930.887393191,36930.890186824,36930.932154985,38.3330078125,38.3330078125,0,,0
12429,FF-34-CAM-4,36931.122348124,36931.12290708,36931.148708968,38.3330078125,38.3330078125,0,,0
12431,FF-34-CAM-4,36931.362767529,36931.364072167,36931.394699692,38.3330078125,38.3330078125,0,,0
12433,FF-34-CAM-4,36931.585061528,36931.586611822,36931.614050094,38.3330078125,38.3330078125,0,,0
12435,FF-34-CAM-4,36931.797812761,36931.79863991,36931.857539392,38.3330078125,38.3330078125,0,,0
12437,FF-34-CAM-4,36932.053139598,36932.053728576,36932.087526911,38.3330078125,38.3330078125,0,,0
12439,FF-34-CAM-4,36932.276854836,36932.277355657,36932.335807725,38.3330078125,38.3330078125,0,,0
12441,FF-34-CAM-4,36932.514309531,36932.515313709,36932.547274908,38.3330078125,38.3330078125,0,,0
12443,FF-34-CAM-4,36932.728491626,36932.729223505,36932.749733497,38.3330078125,38.3330078125,0,,0
12445,FF-34-CAM-4,36932.958354432,36932.958860977,36932.988828759,38.3330078125,38.3330078125,0,,0
12447,FF-34-CAM-4,36933.167200018,36933.167584652,36933.188810101,38.3330078125,38.3330078125,0,,0
12449,FF-34-CAM-4,36933.378956338,36933.379692943,36933.404548179,38.3330078125,38.3330078125,0,,0
12451,FF-34-CAM-4,36933.582638893,36933.583202862,36933.612083043,38.3330078125,38.3330078125,0,,0
12453,FF-34-CAM-4,36933.842826242,36933.843638565,36933.869295708,38.3330078125,38.3330078125,0,,0
12455,FF-34-CAM-4,36934.072480985,36934.075891073,36934.106315044,38.3330078125,38.3330078125,0,,0
12457,FF-34-CAM-4,36934.288054557,36934.288641509,36934.318724796,38.3330078125,38.3330078125,0,,0
12459,FF-34-CAM-4,36934.48660603,36934.487711494,36934.524684497,38.3330078125,38.3330078125,0,,0
12461,FF-34-CAM-4,36934.720489832,36934.721159518,36934.761243943,38.3330078125,38.3330078125,0,,0
12463,FF-34-CAM-4,36934.955677496,36934.956203761,36934.990257133,38.3330078125,38.3330078125,0,,0
12465,FF-34-CAM-4,36935.166060508,36935.16720265,36935.203783648,38.3330078125,38.3330078125,0,,0
12467,FF-34-CAM-4,36935.397083071,36935.397595904,36935.430172947,38.3330078125,38.3330078125,0,,0
12469,FF-34-CAM-4,36935.637027726,36935.637757782,36935.665917735,38.3330078125,38.3330078125,0,,0
12471,FF-34-CAM-4,36935.866738794,36935.867129558,36935.896948661,38.3330078125,38.3330078125,0,,0
12473,FF-34-CAM-4,36936.070477619,36936.070959275,36936.102536767,38.3330078125,38.3330078125,0,,0
12475,FF-34-CAM-4,36936.327623375,36936.328406559,36936.365489275,38.3330078125,38.3330078125,0,,0
12477,FF-34-CAM-4,36936.563943475,36936.564518317,36936.599371817,38.3330078125,38.3330078125,0,,0
12479,FF-34-CAM-4,36936.802140592,36936.804941624,36936.846111675,38.3330078125,38.3330078125,0,,0
12481,FF-34-CAM-4,36937.035255007,36937.03660017,36937.0750524,38.3330078125,38.3330078125,0,,0
12483,FF-34-CAM-4,36937.294064112,36937.294648203,36937.35161453,38.3330078125,38.3330078125,0,,0
12485,FF-34-CAM-4,36937.54408364,36937.544684826,36937.570642005,38.3330078125,38.3330078125,0,,0
12487,FF-34-CAM-4,36937.741307304,36937.74234342,36937.770448504,38.3330078125,38.3330078125,0,,0
12489,FF-34-CAM-4,36937.976322875,36937.977118126,36938.003945591,38.3330078125,38.3330078125,0,,0
12491,FF-34-CAM-4,36938.18609237,36938.186791512,36938.223481088,38.3330078125,38.3330078125,0,,0
12493,FF-34-CAM-4,36938.43486778,36938.436199909,36938.477620978,38.3330078125,38.3330078125,0,,0
12495,FF-34-CAM-4,36938.670717955,36938.671177632,36938.703316209,38.3330078125,38.3330078125,0,,0
12497,FF-34-CAM-4,36938.896627071,36938.897378354,36938.926886931,38.3330078125,38.3330078125,0,,0
12499,FF-34-CAM-4,36939.095184514,36939.097832562,36939.134405069,38.3330078125,38.3330078125,0,,0
12501,FF-34-CAM-4,36939.327487868,36939.328883006,36939.368976608,38.3330078125,38.3330078125,0,,0
12503,FF-34-CAM-4,36939.576089003,36939.578806358,36939.616688335,38.3330078125,38.3330078125,0,,0
12505,FF-34-CAM-4,36939.79721289,36939.798000078,36939.82895684,38.3330078125,38.3330078125,0,,0
12507,FF-34-CAM-4,36940.002408489,36940.002850444,36940.036691002,38.3330078125,38.3330078125,0,,0
12509,FF-34-CAM-4,36940.241601598,36940.242436747,36940.277086841,38.3330078125,38.3330078125,0,,0
12511,FF-34-CAM-4,36940.475556148,36940.47647974,36940.512039048,38.3330078125,38.3330078125,0,,0
12513,FF-34-CAM-4,36940.695208867,36940.695852518,36940.725832897,38.3330078125,38.3330078125,0,,0
12515,FF-34-CAM-4,36940.906737273,36940.907395075,36940.935431635,38.3330078125,38.3330078125,0,,0
12517,FF-34-CAM-4,36941.127227185,36941.131613825,36941.165433334,38.3330078125,38.3330078125,0,,0
12519,FF-34-CAM-4,36941.325187326,36941.325822725,36941.358851372,38.3330078125,38.3330078125,0,,0
12521,FF-34-CAM-4,36941.550420379,36941.551570448,36941.595568358,38.3330078125,38.3330078125,0,,0
12523,FF-34-CAM-4,36941.757317693,36941.759364071,36941.788387945,38.3330078125,38.3330078125,0,,0
12525,FF-34-CAM-4,36941.964817589,36941.965950283,36942.02314318,38.3330078125,38.3330078125,0,,0
12527,FF-34-CAM-4,36942.172178963,36942.172881965,36942.207210093,38.3330078125,38.3330078125,0,,0
12529,FF-34-CAM-4,36942.356537816,36942.357256846,36942.396327256,38.3330078125,38.3330078125,0,,0
12531,FF-34-CAM-4,36942.560621173,36942.56279565,36942.609532455,38.3330078125,38.3330078125,0,,0
12533,FF-34-CAM-4,36942.789252027,36942.790089418,36942.834267559,38.3330078125,38.3330078125,0,,0
12535,FF-34-CAM-4,36942.994741129,36942.995113598,36943.039574161,38.3330078125,38.3330078125,0,,0
12537,FF-34-CAM-4,36943.222792386,36943.223413558,36943.248558642,38.3330078125,38.3330078125,0,,0
12539,FF-34-CAM-4,36943.419548272,36943.420399204,36943.46717674,38.3330078125,38.3330078125,0,,0
12541,FF-34-CAM-4,36943.647872205,36943.64856639,36943.680670048,38.3330078125,38.3330078125,0,,0
12543,FF-34-CAM-4,36943.841650297,36943.84226834,36943.876245745,38.3330078125,38.3330078125,0,,0
12545,FF-34-CAM-4,36944.099758585,36944.100922629,36944.135905757,38.3330078125,38.3330078125,0,,0
12547,FF-34-CAM-4,36944.342862458,36944.343393125,36944.375548325,38.3330078125,38.3330078125,0,,0
12549,FF-34-CAM-4,36944.553693792,36944.55428575,36944.593319606,38.3330078125,38.3330078125,0,,0
12551,FF-34-CAM-4,36944.760929815,36944.761961331,36944.807312508,38.3330078125,38.3330078125,0,,0
12553,FF-34-CAM-4,36945.006443849,36945.006955338,36945.039807574,38.3330078125,38.3330078125,0,,0
12555,FF-34-CAM-4,36945.21029553,36945.211322169,36945.246566661,38.3330078125,38.3330078125,0,,0
12557,FF-34-CAM-4,36945.429033136,36945.429650223,36945.471898092,38.3330078125,38.3330078125,0,,0
12559,FF-34-CAM-4,36945.635523083,36945.637377445,36945.666275487,38.3330078125,38.3330078125,0,,0
12561,FF-34-CAM-4,36945.849583689,36945.850114199,36945.889456592,38.3330078125,38.3330078125,0,,0
12563,FF-34-CAM-4,36946.068829975,36946.069345313,36946.097406064,38.3330078125,38.3330078125,0,,0
12565,FF-34-CAM-4,36946.288467548,36946.291186948,36946.329428672,38.3330078125,38.3330078125,0,,0
12567,FF-34-CAM-4,36946.507776513,36946.510232875,36946.5375098,38.3330078125,38.3330078125,0,,0
12569,FF-34-CAM-4,36946.691793443,36946.692181636,36946.729132389,38.3330078125,38.3330078125,0,,0
12571,FF-34-CAM-4,36946.918739804,36946.919384288,36946.965101765,38.3330078125,38.3330078125,0,,0
12573,FF-34-CAM-4,36947.158458326,36947.159090914,36947.198332473,38.3330078125,38.3330078125,0,,0
12575,FF-34-CAM-4,36947.387170531,36947.387853996,36947.41363036,38.3330078125,38.3330078125,0,,0
12577,FF-34-CAM-4,36947.593884272,36947.594687366,36947.633536192,38.3330078125,38.3330078125,0,,0
12579,FF-34-CAM-4,36947.800226021,36947.801229709,36947.839452142,38.3330078125,38.3330078125,0,,0
12581,FF-34-CAM-4,36948.032100591,36948.03261411,36948.063262232,38.3330078125,38.3330078125,0,,0
12583,FF-34-CAM-4,36948.25357825,36948.256953436,36948.288589651,38.3330078125,38.3330078125,0,,0
12585,FF-34-CAM-4,36948.465057739,36948.467351336,36948.498231486,38.3330078125,38.3330078125,0,,0
12587,FF-34-CAM-4,36948.657668966,36948.659356568,36948.685972758,38.3330078125,38.3330078125,0,,0
12589,FF-34-CAM-4,36948.86241764,36948.864561391,36948.913876785,38.3330078125,38.3330078125,0,,0
12591,FF-34-CAM-4,36949.081238338,36949.082022903,36949.113428823,38.3330078125,38.3330078125,0,,0
12593,FF-34-CAM-4,36949.317585754,36949.31838372,36949.366779624,38.3330078125,38.3330078125,0,,0
12595,FF-34-CAM-4,36949.561478284,36949.561869785,36949.587694059,38.3330078125,38.3330078125,0,,0
12597,FF-34-CAM-4,36949.773258109,36949.775908914,36949.805533194,38.3330078125,38.3330078125,0,,0
12599,FF-34-CAM-4,36950.008420717,36950.010658835,36950.04145821,38.3330078125,38.3330078125,0,,0
12601,FF-34-CAM-4,36950.230606094,36950.230981302,36950.27686206,38.3330078125,38.3330078125,0,,0
12603,FF-34-CAM-4,36950.453837434,36950.454253779,36950.488405,38.3330078125,38.3330078125,0,,0
12605,FF-34-CAM-4,36950.705098382,36950.705639229,36950.742276863,38.3330078125,38.3330078125,0,,0
12607,FF-34-CAM-4,36950.912535642,36950.912977038,36950.943659886,38.3330078125,38.3330078125,0,,0
12609,FF-34-CAM-4,36951.122207144,36951.122626318,36951.1555081,38.3330078125,38.3330078125,0,,0
12611,FF-34-CAM-4,36951.345823758,36951.346558406,36951.38012776,38.3330078125,38.3330078125,0,,0
12613,FF-34-CAM-4,36951.592222587,36951.592843321,36951.621531028,38.3330078125,38.3330078125,0,,0
12615,FF-34-CAM-4,36951.810760904,36951.811399697,36951.84562812,38.3330078125,38.3330078125,0,,0
12617,FF-34-CAM-4,36952.034030007,36952.034702596,36952.062960421,38.3330078125,38.3330078125,0,,0
12619,FF-34-CAM-4,36952.258509019,36952.259099013,36952.296623044,38.3330078125,38.3330078125,0,,0
12621,FF-34-CAM-4,36952.484352129,36952.486550795,36952.521260929,38.3330078125,38.3330078125,0,,0
12623,FF-34-CAM-4,36952.709521965,36952.710525816,36952.742893219,38.3330078125,38.3330078125,0,,0
12625,FF-34-CAM-4,36952.926416941,36952.927056298,36952.956101429,38.3330078125,38.3330078125,0,,0
12627,FF-34-CAM-4,36953.149403587,36953.149953818,36953.181824504,38.3330078125,38.3330078125,0,,0
12629,FF-34-CAM-4,36953.443015709,36953.443554744,36953.491613968,38.3330078125,38.3330078125,0,,0
12631,FF-34-CAM-4,36953.658983334,36953.659698393,36953.716549328,38.3330078125,38.3330078125,0,,0
12633,FF-34-CAM-4,36953.913100733,36953.913569804,36953.956817867,38.3330078125,38.3330078125,0,,0
12635,FF-34-CAM-4,36954.150700539,36954.151313107,36954.178178339,38.3330078125,38.3330078125,0,,0
12637,FF-34-CAM-4,36954.359493473,36954.359949934,36954.39453127,38.3330078125,38.3330078125,0,,0
12639,FF-34-CAM-4,36954.592391269,36954.593152898,36954.631392106,38.3330078125,38.3330078125,0,,0
12641,FF-34-CAM-4,36954.855959772,36954.85810622,36954.89877025,38.3330078125,38.3330078125,0,,0
12643,FF-34-CAM-4,36955.097476785,36955.098868097,36955.146439026,38.3330078125,38.3330078125,0,,0
12645,FF-34-CAM-4,36955.318144196,36955.318809582,36955.352930298,38.3330078125,38.3330078125,0,,0
12647,FF-34-CAM-4,36955.527459758,36955.528145155,36955.55845914,38.3330078125,38.3330078125,0,,0
12649,FF-34-CAM-4,36955.767543856,36955.767939464,36955.816588149,38.3330078125,38.3330078125,0,,0
12651,FF-34-CAM-4,36956.003132575,36956.003617155,36956.044853631,38.3330078125,38.3330078125,0,,0
12653,FF-34-CAM-4,36956.238707384,36956.239815845,36956.27759182,38.3330078125,38.3330078125,0,,0
12655,FF-34-CAM-4,36956.456481481,36956.457084948,36956.5304531,38.3330078125,38.3330078125,0,,0
12657,FF-34-CAM-4,36956.718931628,36956.71994239,36956.759141715,38.3330078125,38.3330078125,0,,0
12659,FF-34-CAM-4,36956.948443758,36956.948892118,36956.982863649,38.3330078125,38.3330078125,0,,0
12661,FF-34-CAM-4,36957.159283552,36957.160351335,36957.214427839,38.3330078125,38.3330078125,0,,0
12663,FF-34-CAM-4,36957.404384633,36957.404885453,36957.438552917,38.3330078125,38.3330078125,0,,0
12665,FF-34-CAM-4,36957.6324707,36957.633308676,36957.658899372,38.3330078125,38.3330078125,0,,0
12667,FF-34-CAM-4,36957.834878125,36957.837875462,36957.866839361,38.3330078125,38.3330078125,0,,0
12669,FF-34-CAM-4,36958.072533983,36958.073227375,36958.105697392,38.3330078125,38.3330078125,0,,0
12671,FF-34-CAM-4,36958.292275082,36958.292734726,36958.32771457,38.3330078125,38.3330078125,0,,0
12673,FF-34-CAM-4,36958.522043601,36958.523317187,36958.563221069,38.3330078125,38.3330078125,0,,0
12675,FF-34-CAM-4,36958.789868967,36958.790684557,36958.820148105,38.3330078125,38.3330078125,0,,0
12677,FF-34-CAM-4,36958.99957666,36959.000230618,36959.030195064,38.3330078125,38.3330078125,0,,0
12679,FF-34-CAM-4,36959.223360185,36959.2237436,36959.265464352,38.3330078125,38.3330078125,0,,0
12681,FF-34-CAM-4,36959.44497038,36959.445463245,36959.484954468,38.3330078125,38.3330078125,0,,0
12683,FF-34-CAM-4,36959.644215093,36959.64769348,36959.672264865,38.3330078125,38.3330078125,0,,0
12685,FF-34-CAM-4,36959.870407925,36959.872683199,36959.90123192,38.3330078125,38.3330078125,0,,0
12687,FF-34-CAM-4,36960.093424598,36960.094099772,36960.143742294,38.3330078125,38.3330078125,0,,0
12689,FF-34-CAM-4,36960.325107195,36960.325726321,36960.357129062,38.3330078125,38.3330078125,0,,0
12691,FF-34-CAM-4,36960.552738191,36960.553890048,36960.58848671,38.3330078125,38.3330078125,0,,0
12693,FF-34-CAM-4,36960.771209208,36960.771673884,36960.799547757,38.3330078125,38.3330078125,0,,0
12695,FF-34-CAM-4,36960.984436966,36960.985206919,36961.01438681,38.3330078125,38.3330078125,0,,0
12697,FF-34-CAM-4,36961.204581714,36961.20687154,36961.241599623,38.3330078125,38.3330078125,0,,0
12699,FF-34-CAM-4,36961.423440074,36961.424141528,36961.452087989,38.3330078125,38.3330078125,0,,0
12701,FF-34-CAM-4,36961.653972367,36961.654948805,36961.683955206,38.3330078125,38.3330078125,0,,0
12703,FF-34-CAM-4,36961.858784172,36961.859411302,36961.89534212,38.3330078125,38.3330078125,0,,0
12705,FF-34-CAM-4,36962.064989314,36962.065934097,36962.113793685,38.3330078125,38.3330078125,0,,0
12707,FF-34-CAM-4,36962.286636583,36962.287202272,36962.314171818,38.3330078125,38.3330078125,0,,0
12709,FF-34-CAM-4,36962.497836754,36962.499067162,36962.518458252,38.3330078125,38.3330078125,0,,0
12711,FF-34-CAM-4,36962.693659029,36962.696583571,36962.727217627,38.3330078125,38.3330078125,0,,0
12713,FF-34-CAM-4,36962.935955945,36962.937061223,36962.967806978,38.3330078125,38.3330078125,0,,0
12715,FF-34-CAM-4,36963.15049575,36963.151483104,36963.186416673,38.3330078125,38.3330078125,0,,0
12717,FF-34-CAM-4,36963.38223786,36963.382750382,36963.423097363,38.3330078125,38.3330078125,0,,0
12719,FF-34-CAM-4,36963.600323296,36963.601242591,36963.671049481,38.3330078125,38.3330078125,0,,0
12721,FF-34-CAM-4,36963.852460724,36963.852872687,36963.874455011,38.3330078125,38.3330078125,0,,0
12723,FF-34-CAM-4,36964.042990561,36964.043639154,36964.087502874,38.3330078125,38.3330078125,0,,0
12725,FF-34-CAM-4,36964.269857944,36964.270526442,36964.308164383,38.3330078125,38.3330078125,0,,0
12727,FF-34-CAM-4,36964.487259043,36964.487832874,36964.523477567,38.3330078125,38.3330078125,0,,0
12729,FF-34-CAM-4,36964.736630177,36964.73721142,36964.777572393,38.3330078125,38.3330078125,0,,0
12731,FF-34-CAM-4,36964.952863825,36964.953535453,36964.984991145,38.3330078125,38.3330078125,0,,0
12733,FF-34-CAM-4,36965.175145835,36965.175897413,36965.204706246,38.3330078125,38.3330078125,0,,0
12735,FF-34-CAM-4,36965.378025932,36965.378591167,36965.410051477,38.3330078125,38.3330078125,0,,0
12737,FF-34-CAM-4,36965.582954005,36965.583686965,36965.62739162,38.3330078125,38.3330078125,0,,0
12739,FF-34-CAM-4,36965.791407483,36965.793859155,36965.85264312,38.3330078125,38.3330078125,0,,0
12741,FF-34-CAM-4,36966.020180945,36966.02068756,36966.055727162,38.3330078125,38.3330078125,0,,0
12743,FF-34-CAM-4,36966.250837874,36966.251391337,36966.2885053,38.3330078125,38.3330078125,0,,0
12745,FF-34-CAM-4,36966.476789308,36966.480527179,36966.510331593,38.3330078125,38.3330078125,0,,0
12747,FF-34-CAM-4,36966.703479133,36966.704168904,36966.736425953,38.3330078125,38.3330078125,0,,0
12749,FF-34-CAM-4,36966.919921535,36966.920392479,36966.972914616,38.3330078125,38.3330078125,0,,0
12751,FF-34-CAM-4,36967.149154326,36967.149919533,36967.194468683,38.3330078125,38.3330078125,0,,0
12753,FF-34-CAM-4,36967.374193544,36967.374732942,36967.409370625,38.3330078125,38.3330078125,0,,0
12755,FF-34-CAM-4,36967.570708672,36967.573304536,36967.614751392,38.3330078125,38.3330078125,0,,0
12757,FF-34-CAM-4,36967.784514249,36967.786541923,36967.827039252,38.3330078125,38.3330078125,0,,0
12759,FF-34-CAM-4,36967.994016232,36967.99465076,36968.030410088,38.3330078125,38.3330078125,0,,0
12761,FF-34-CAM-4,36968.225038172,36968.225741569,36968.257236337,38.3330078125,38.3330078125,0,,0
12763,FF-34-CAM-4,36968.433131083,36968.433614647,36968.471403843,38.3330078125,38.3330078125,0,,0
12765,FF-34-CAM-4,36968.651907838,36968.654077581,36968.688158981,38.3330078125,38.3330078125,0,,0
12767,FF-34-CAM-4,36968.858570025,36968.859453093,36968.89814144,38.3330078125,38.3330078125,0,,0
12769,FF-34-CAM-4,36969.076500439,36969.076957766,36969.120758211,38.3330078125,38.3330078125,0,,0
12771,FF-34-CAM-4,36969.299213113,36969.300031128,36969.349432019,38.3330078125,38.3330078125,0,,0
12773,FF-34-CAM-4,36969.515915624,36969.516355997,36969.544764161,38.3330078125,38.3330078125,0,,0
12775,FF-34-CAM-4,36969.735409508,36969.738053044,36969.767883767,38.3330078125,38.3330078125,0,,0
12777,FF-34-CAM-4,36969.958294556,36969.959056892,36969.987273503,38.3330078125,38.3330078125,0,,0
12779,FF-34-CAM-4,36970.167780283,36970.168339781,36970.20081348,38.3330078125,38.3330078125,0,,0
12781,FF-34-CAM-4,36970.390383605,36970.391621777,36970.431191173,38.3330078125,38.3330078125,0,,0
12783,FF-34-CAM-4,36970.594971845,36970.596425952,36970.634446177,38.3330078125,38.3330078125,0,,0
12785,FF-34-CAM-4,36970.810413909,36970.811093731,36970.838600851,38.3330078125,38.3330078125,0,,0
12787,FF-34-CAM-4,36971.0450897,36971.045865949,36971.077802345,38.3330078125,38.3330078125,0,,0
12822,FF-34-CAM-4,36974.28558822,36974.288732032,36974.327216844,38.3330078125,38.3330078125,0,,0
12824,FF-34-CAM-4,36974.548135362,36974.549590312,36974.615981743,38.3330078125,38.3330078125,0,,0
12826,FF-34-CAM-4,36974.816020977,36974.816708062,36974.868428082,38.3330078125,38.3330078125,0,,0
12828,FF-34-CAM-4,36975.054320673,36975.05489817,36975.089390094,38.3330078125,38.3330078125,0,,0
12830,FF-34-CAM-4,36975.301493446,36975.301913988,36975.351641999,38.3330078125,38.3330078125,0,,0
12832,FF-34-CAM-4,36975.580911727,36975.582035962,36975.619509333,38.3330078125,38.3330078125,0,,0
12834,FF-34-CAM-4,36975.788154563,36975.788635517,36975.847954724,38.3330078125,38.3330078125,0,,0
12836,FF-34-CAM-4,36976.069513605,36976.070111498,36976.111439464,38.3330078125,38.3330078125,0,,0
12838,FF-34-CAM-4,36976.338544631,36976.340121483,36976.380262033,38.3330078125,38.3330078125,0,,0
12840,FF-34-CAM-4,36976.619702444,36976.624246953,36976.697842141,38.3330078125,38.3330078125,0,,0
12842,FF-34-CAM-4,36976.872915358,36976.875292141,36976.913800133,38.3330078125,38.3330078125,0,,0
12844,FF-34-CAM-4,36977.133955743,36977.137289931,36977.186732435,38.3330078125,38.3330078125,0,,0
12846,FF-34-CAM-4,36977.407542646,36977.408525881,36977.439336069,38.3330078125,38.3330078125,0,,0
12848,FF-34-CAM-4,36977.644661035,36977.645607505,36977.69533001,38.3330078125,38.3330078125,0,,0
12850,FF-34-CAM-4,36977.909331688,36977.90984314,36977.94655353,38.3330078125,38.3330078125,0,,0
