frame_idx,camera_id,t_arrival,t_inference_start,t_inference_end,gpu_mem_before_mb,gpu_mem_after_mb,num_persons,avg_confidence,wrist_keypoints
405,GF-6-CAM-18,33523.341146016,33523.341812352,33523.40229428,38.33349609375,38.3330078125,0,,0
953,GF-6-CAM-18,33681.088188051,33681.091151589,33681.195734829,38.33349609375,38.3330078125,0,,0
2669,GF-6-CAM-18,34181.064943428,34181.06852083,34181.217172208,38.33349609375,38.3330078125,0,,0
2671,GF-6-CAM-18,34181.731120265,34181.735676323,34182.020541466,38.3330078125,38.3330078125,0,,0
2673,GF-6-CAM-18,34182.46467115,34182.467079839,34182.619751914,38.3330078125,38.3330078125,0,,0
12417,GF-6-CAM-18,35795.979382502,35795.982276655,35796.038875092,38.33349609375,38.3330078125,0,,0
12419,GF-6-CAM-18,35796.230511222,35796.233288247,35796.287591889,38.3330078125,38.3330078125,0,,0
12427,GF-6-CAM-18,35797.239178978,35797.240320231,35797.304368251,38.33349609375,38.3330078125,0,,0
12429,GF-6-CAM-18,35797.490817699,35797.491541648,35797.559025707,38.3330078125,38.3330078125,0,,0
12529,GF-6-CAM-18,35810.646202885,35810.648793024,35810.70306328,38.33349609375,38.3330078125,0,,0
13537,GF-6-CAM-18,35941.878972409,35941.879756436,35941.915372643,38.33349609375,38.3330078125,0,,0
13539,GF-6-CAM-18,35942.089414762,35942.090379854,35942.137214958,38.3330078125,38.3330078125,0,,0
13541,GF-6-CAM-18,35942.314505147,35942.317692424,35942.370495383,38.3330078125,38.3330078125,0,,0
13553,GF-6-CAM-18,35943.677263481,35943.680016594,35943.733561607,38.33349609375,38.3330078125,0,,0
13555,GF-6-CAM-18,35943.911558909,35943.912891447,35943.960146569,38.3330078125,38.3330078125,0,,0
13557,GF-6-CAM-18,35944.105748789,35944.106672279,35944.151643151,38.3330078125,38.3330078125,0,,0
13559,GF-6-CAM-18,35944.296696902,35944.297894918,35944.357358893,38.3330078125,38.3330078125,0,,0
13561,GF-6-CAM-18,35944.528788979,35944.529876713,35944.577389548,38.3330078125,38.3330078125,0,,0
13563,GF-6-CAM-18,35944.762548968,35944.764376978,35944.803515672,38.3330078125,38.3330078125,0,,0
13565,GF-6-CAM-18,35944.986504561,35944.988672913,35945.037837163,38.3330078125,38.3330078125,0,,0
13567,GF-6-CAM-18,35945.227751574,35945.228784359,35945.269199142,38.3330078125,38.3330078125,0,,0
13569,GF-6-CAM-18,35945.439567305,35945.440449727,35945.510121649,38.3330078125,38.3330078125,0,,0
13571,GF-6-CAM-18,35945.721083062,35945.722935418,35945.788713569,38.3330078125,38.3330078125,0,,0
13573,GF-6-CAM-18,35945.945605138,35945.946611557,35945.988884775,38.3330078125,38.3330078125,0,,0
13575,GF-6-CAM-18,35946.199567278,35946.200911022,35946.260994997,38.3330078125,38.3330078125,0,,0
13577,GF-6-CAM-18,35946.446300213,35946.447614955,35946.51354302,38.3330078125,38.3330078125,0,,0
13579,GF-6-CAM-18,35946.683145518,35946.68615305,35946.740169286,38.3330078125,38.3330078125,0,,0
13581,GF-6-CAM-18,35946.942414869,35946.943560334,35946.998112438,38.3330078125,38.3330078125,0,,0
13583,GF-6-CAM-18,35947.206726138,35947.208454491,35947.256964205,38.3330078125,38.3330078125,0,,0
13827,GF-6-CAM-18,35977.871312196,35977.872200012,35977.917028584,38.33349609375,38.3330078125,0,,0
13829,GF-6-CAM-18,35978.130373778,35978.131557225,35978.179720197,38.3330078125,38.3330078125,0,,0
13831,GF-6-CAM-18,35978.436620224,35978.439496674,35978.506371674,38.3330078125,38.3330078125,0,,0
13833,GF-6-CAM-18,35978.715856666,35978.71788357,35978.763377908,38.3330078125,38.3330078125,0,,0
13835,GF-6-CAM-18,35978.943239488,35978.945089799,35979.022802923,38.3330078125,38.3330078125,0,,0
13837,GF-6-CAM-18,35979.169075534,35979.171285754,35979.228322263,38.3330078125,38.3330078125,0,,0
13839,GF-6-CAM-18,35979.421137347,35979.423228631,35979.478815041,38.3330078125,38.3330078125,0,,0
13841,GF-6-CAM-18,35979.638593333,35979.641122644,35979.702652454,38.3330078125,38.3330078125,0,,0
13843,GF-6-CAM-18,35979.865408953,35979.866143834,35979.918096219,38.3330078125,38.3330078125,0,,0
13845,GF-6-CAM-18,35980.113708734,35980.114397385,35980.159057804,38.3330078125,38.3330078125,0,,0
13847,GF-6-CAM-18,35980.3429543,35980.344304031,35980.405677,38.3330078125,38.3330078125,0,,0
13849,GF-6-CAM-18,35980.545067469,35980.546463227,35980.612140502,38.3330078125,38.3330078125,0,,0
13851,GF-6-CAM-18,35980.803996267,35980.805187276,35980.859644952,38.3330078125,38.3330078125,0,,0
13853,GF-6-CAM-18,35981.044973521,35981.045654488,35981.09731089,38.3330078125,38.3330078125,0,,0
13855,GF-6-CAM-18,35981.273473206,35981.27424421,35981.379895384,38.3330078125,38.3330078125,0,,0
13857,GF-6-CAM-18,35981.570906994,35981.574421212,35981.646449689,38.3330078125,38.3330078125,0,,0
13859,GF-6-CAM-18,35981.836866995,35981.838332149,35981.883220426,38.3330078125,38.3330078125,0,,0
13861,GF-6-CAM-18,35982.068796987,35982.070073719,35982.129356274,38.3330078125,38.3330078125,0,,0
13863,GF-6-CAM-18,35982.309545053,35982.310567224,35982.34979254,38.3330078125,38.3330078125,0,,0
13865,GF-6-CAM-18,35982.533166227,35982.534459234,35982.589654341,38.3330078125,38.3330078125,0,,0
13867,GF-6-CAM-18,35982.765725437,35982.766672208,35982.819978453,38.3330078125,38.3330078125,0,,0
13869,GF-6-CAM-18,35983.0174722,35983.018638621,35983.065387831,38.3330078125,38.3330078125,0,,0
13871,GF-6-CAM-18,35983.228993498,35983.231372857,35983.282799825,38.3330078125,38.3330078125,0,,0
13873,GF-6-CAM-18,35983.440786394,35983.441512142,35983.493494985,38.3330078125,38.3330078125,0,,0
13875,GF-6-CAM-18,35983.64331006,35983.644995355,35983.710655918,38.3330078125,38.3330078125,0,,0
13877,GF-6-CAM-18,35983.864336807,35983.870918672,35983.928052014,38.3330078125,38.3330078125,0,,0
13879,GF-6-CAM-18,35984.130422433,35984.132838627,35984.181284227,38.3330078125,38.3330078125,0,,0
13881,GF-6-CAM-18,35984.360157565,35984.360792616,35984.405915043,38.3330078125,38.3330078125,0,,0
13883,GF-6-CAM-18,35984.624864003,35984.625761975,35984.672339045,38.3330078125,38.3330078125,0,,0
13885,GF-6-CAM-18,35984.841895534,35984.843119666,35984.89799341,38.3330078125,38.3330078125,0,,0
13887,GF-6-CAM-18,35985.070788261,35985.072167483,35985.120680553,38.3330078125,38.3330078125,0,,0
13889,GF-6-CAM-18,35985.302715538,35985.30381067,35985.342101759,38.3330078125,38.3330078125,0,,0
13891,GF-6-CAM-18,35985.511119855,35985.511889931,35985.563219506,38.3330078125,38.3330078125,0,,0
13893,GF-6-CAM-18,35985.759535956,35985.760894384,35985.811977449,38.3330078125,38.3330078125,0,,0
13895,GF-6-CAM-18,35985.997933056,35986.000593851,35986.066365677,38.3330078125,38.3330078125,0,,0
13897,GF-6-CAM-18,35986.246087941,35986.246772397,35986.308398854,38.3330078125,38.3330078125,0,,0
13899,GF-6-CAM-18,35986.494867819,35986.495783234,35986.557032885,38.3330078125,38.3330078125,0,,0
13901,GF-6-CAM-18,35986.739177901,35986.740562064,35986.798568823,38.3330078125,38.3330078125,0,,0
13903,GF-6-CAM-18,35986.970115911,35986.971261435,35987.032128132,38.3330078125,38.3330078125,0,,0
13905,GF-6-CAM-18,35987.191292633,35987.192536648,35987.242114,38.3330078125,38.3330078125,0,,0
13907,GF-6-CAM-18,35987.430276292,35987.431546642,35987.486587501,38.3330078125,38.3330078125,0,,0
13909,GF-6-CAM-18,35987.682838769,35987.684022316,35987.729383948,38.3330078125,38.3330078125,0,,0
13911,GF-6-CAM-18,35987.899504581,35987.900464917,35987.962135332,38.3330078125,38.3330078125,0,,0
13913,GF-6-CAM-18,35988.190511497,35988.191994709,35988.253384935,38.3330078125,38.3330078125,0,,0
13915,GF-6-CAM-18,35988.482217112,35988.484740368,35988.544958221,38.3330078125,38.3330078125,0,,0
13917,GF-6-CAM-18,35988.710621708,35988.713029733,35988.791428869,38.3330078125,38.3330078125,0,,0
13919,GF-6-CAM-18,35988.955792738,35988.956968576,35989.024631968,38.3330078125,38.3330078125,0,,0
13921,GF-6-CAM-18,35989.209632434,35989.210626851,35989.263899501,38.3330078125,38.3330078125,0,,0
13923,GF-6-CAM-18,35989.457814373,35989.460164731,35989.524837073,38.3330078125,38.3330078125,0,,0
13925,GF-6-CAM-18,35989.699450025,35989.701085598,35989.770622349,38.3330078125,38.3330078125,0,,0
13927,GF-6-CAM-18,35989.946369794,35989.947255589,35990.009547404,38.3330078125,38.3330078125,0,,0
13929,GF-6-CAM-18,35990.194396708,35990.195379034,35990.256187987,38.3330078125,38.3330078125,0,,0
13931,GF-6-CAM-18,35990.418895715,35990.420049212,35990.467831885,38.3330078125,38.3330078125,0,,0
13933,GF-6-CAM-18,35990.656236709,35990.658026753,35990.707347033,38.3330078125,38.3330078125,0,,0
13935,GF-6-CAM-18,35990.944135325,35990.945221645,35990.987233578,38.3330078125,38.3330078125,0,,0
13937,GF-6-CAM-18,35991.173112505,35991.174323024,35991.260197034,38.3330078125,38.3330078125,0,,0
13939,GF-6-CAM-18,35991.451087516,35991.453782175,35991.493291999,38.3330078125,38.3330078125,0,,0
13941,GF-6-CAM-18,35991.695883759,35991.69711024,35991.75009572,38.3330078125,38.3330078125,0,,0
13943,GF-6-CAM-18,35991.95866213,35991.95947202,35992.000178565,38.3330078125,38.3330078125,0,,0
13945,GF-6-CAM-18,35992.163816995,35992.16641248,35992.235504248,38.3330078125,38.3330078125,0,,0
13947,GF-6-CAM-18,35992.420069635,35992.421196168,35992.49196193,38.3330078125,38.3330078125,0,,0
13949,GF-6-CAM-18,35992.661135041,35992.66169767,35992.72340106,38.3330078125,38.3330078125,0,,0
13951,GF-6-CAM-18,35992.881705371,35992.883105108,35992.934677125,38.3330078125,38.3330078125,0,,0
13953,GF-6-CAM-18,35993.129573996,35993.130598823,35993.206530816,38.3330078125,38.3330078125,0,,0
13955,GF-6-CAM-18,35993.384761518,35993.385780562,35993.436231125,38.3330078125,38.3330078125,0,,0
13957,GF-6-CAM-18,35993.620769001,35993.623176953,35993.668022974,38.3330078125,38.3330078125,0,,0
13959,GF-6-CAM-18,35993.858091169,35993.858943454,35993.924857028,38.3330078125,38.3330078125,0,,0
13961,GF-6-CAM-18,35994.131091131,35994.135054192,35994.190602727,38.3330078125,38.3330078125,0,,0
13963,GF-6-CAM-18,35994.368656362,35994.370500875,35994.42483858,38.3330078125,38.3330078125,0,,0
13965,GF-6-CAM-18,35994.61132252,35994.612774401,35994.671289189,38.3330078125,38.3330078125,0,,0
13967,GF-6-CAM-18,35994.860217107,35994.86106115,35994.915625655,38.3330078125,38.3330078125,0,,0
13969,GF-6-CAM-18,35995.109398216,35995.112240736,35995.190202033,38.3330078125,38.3330078125,0,,0
13971,GF-6-CAM-18,35995.458696744,35995.459851589,35995.520890873,38.3330078125,38.3330078125,0,,0
13973,GF-6-CAM-18,35995.741740782,35995.743272091,35995.84411844,38.3330078125,38.3330078125,0,,0
13975,GF-6-CAM-18,35996.030461893,35996.03143333,35996.094069648,38.3330078125,38.3330078125,0,,0
13977,GF-6-CAM-18,35996.300517053,35996.304649764,35996.36842958,38.3330078125,38.3330078125,0,,0
13979,GF-6-CAM-18,35996.529555177,35996.530627277,35996.580099609,38.3330078125,38.3330078125,0,,0
13981,GF-6-CAM-18,35996.767766283,35996.770745528,35996.825137778,38.3330078125,38.3330078125,0,,0
13983,GF-6-CAM-18,35997.006963356,35997.008269771,35997.069149499,38.3330078125,38.3330078125,0,,0
13985,GF-6-CAM-18,35997.262101463,35997.263219395,35997.314896135,38.3330078125,38.3330078125,0,,0
13987,GF-6-CAM-18,35997.489659685,35997.490744571,35997.552168896,38.3330078125,38.3330078125,0,,0
13989,GF-6-CAM-18,35997.75180926,35997.752582218,35997.813785074,38.3330078125,38.3330078125,0,,0
13991,GF-6-CAM-18,35997.999802232,35998.000761927,35998.069160421,38.3330078125,38.3330078125,0,,0
13993,GF-6-CAM-18,35998.250810107,35998.252154519,35998.31954971,38.3330078125,38.3330078125,0,,0
13995,GF-6-CAM-18,35998.490739288,35998.492512471,35998.54863208,38.3330078125,38.3330078125,0,,0
13997,GF-6-CAM-18,35998.737592724,35998.738814874,35998.809323186,38.3330078125,38.3330078125,0,,0
13999,GF-6-CAM-18,35998.99455756,35998.999061675,35999.080124664,38.3330078125,38.3330078125,0,,0
14001,GF-6-CAM-18,35999.271061369,35999.272304321,35999.327297445,38.3330078125,38.3330078125,0,,0
14003,GF-6-CAM-18,35999.516206551,35999.517280093,35999.567447623,38.3330078125,38.3330078125,0,,0
14005,GF-6-CAM-18,35999.762568755,35999.763565851,35999.809503488,38.3330078125,38.3330078125,0,,0
14007,GF-6-CAM-18,36000.008450713,36000.009496441,36000.055958432,38.3330078125,38.3330078125,0,,0
14009,GF-6-CAM-18,36000.229022332,36000.230198604,36000.299724253,38.3330078125,38.3330078125,0,,0
14011,GF-6-CAM-18,36000.496724875,36000.49781484,36000.553876843,38.3330078125,38.3330078125,0,,0
14013,GF-6-CAM-18,36000.72245226,36000.724122806,36000.775503077,38.3330078125,38.3330078125,0,,0
14015,GF-6-CAM-18,36000.967596259,36000.96894616,36001.038664212,38.3330078125,38.3330078125,0,,0
14017,GF-6-CAM-18,36001.240719808,36001.242397957,36001.313253307,38.3330078125,38.3330078125,0,,0
14019,GF-6-CAM-18,36001.493798715,36001.495050396,36001.549289112,38.3330078125,38.3330078125,0,,0
14021,GF-6-CAM-18,36001.712431209,36001.714183328,36001.781786647,38.3330078125,38.3330078125,0,,0
14023,GF-6-CAM-18,36001.972366773,36001.973797024,36002.035061594,38.3330078125,38.3330078125,0,,0
14025,GF-6-CAM-18,36002.246088717,36002.24701638,36002.305228535,38.3330078125,38.3330078125,0,,0
14027,GF-6-CAM-18,36002.473242623,36002.474336124,36002.516540748,38.3330078125,38.3330078125,0,,0
14029,GF-6-CAM-18,36002.7404233,36002.741840339,36002.819628957,38.3330078125,38.3330078125,0,,0
14031,GF-6-CAM-18,36002.993048678,36002.994575036,36003.068650289,38.3330078125,38.3330078125,0,,0
14033,GF-6-CAM-18,36003.255183731,36003.255865669,36003.305427844,38.3330078125,38.3330078125,0,,0
14035,GF-6-CAM-18,36003.493736362,36003.495480945,36003.547426927,38.3330078125,38.3330078125,0,,0
14037,GF-6-CAM-18,36003.741630267,36003.742912413,36003.80208074,38.3330078125,38.3330078125,0,,0
14039,GF-6-CAM-18,36004.030762395,36004.031688118,36004.090016989,38.3330078125,38.3330078125,0,,0
14041,GF-6-CAM-18,36004.266224853,36004.267270251,36004.310784775,38.3330078125,38.3330078125,0,,0
14043,GF-6-CAM-18,36004.508802009,36004.514081449,36004.576786527,38.3330078125,38.3330078125,0,,0
14045,GF-6-CAM-18,36004.819208604,36004.820856896,36004.888030651,38.3330078125,38.3330078125,0,,0
14047,GF-6-CAM-18,36005.085065792,36005.085976894,36005.158499628,38.3330078125,38.3330078125,0,,0
14049,GF-6-CAM-18,36005.337337262,36005.338129434,36005.38849089,38.3330078125,38.3330078125,0,,0
14051,GF-6-CAM-18,36005.582848637,36005.585088406,36005.641715745,38.3330078125,38.3330078125,0,,0
14053,GF-6-CAM-18,36005.877805253,36005.879129235,36005.922083896,38.3330078125,38.3330078125,0,,0
14055,GF-6-CAM-18,36006.125859113,36006.128664114,36006.192749546,38.3330078125,38.3330078125,0,,0
14057,GF-6-CAM-18,36006.370228741,36006.370910072,36006.424805324,38.3330078125,38.3330078125,0,,0
14059,GF-6-CAM-18,36006.635655687,36006.636839224,36006.693710812,38.3330078125,38.3330078125,0,,0
14061,GF-6-CAM-18,36006.885982505,36006.887016912,36006.969271869,38.3330078125,38.3330078125,0,,0
14063,GF-6-CAM-18,36007.150226054,36007.152063447,36007.221574925,38.3330078125,38.3330078125,0,,0
14065,GF-6-CAM-18,36007.433226924,36007.434475915,36007.490714013,38.3330078125,38.3330078125,0,,0
14067,GF-6-CAM-18,36007.65898679,36007.660046976,36007.710388127,38.3330078125,38.3330078125,0,,0
14069,GF-6-CAM-18,36007.896537768,36007.898026409,36007.950753786,38.3330078125,38.3330078125,0,,0
14071,GF-6-CAM-18,36008.171035921,36008.172462708,36008.254280702,38.3330078125,38.3330078125,0,,0
14073,GF-6-CAM-18,36008.431532064,36008.432330684,36008.492868179,38.3330078125,38.3330078125,0,,0
14075,GF-6-CAM-18,36008.660456805,36008.663542166,36008.742783943,38.3330078125,38.3330078125,0,,0
14077,GF-6-CAM-18,36008.942223655,36008.943625316,36009.002524968,38.3330078125,38.3330078125,0,,0
14079,GF-6-CAM-18,36009.173743657,36009.174792281,36009.239043172,38.3330078125,38.3330078125,0,,0
14081,GF-6-CAM-18,36009.419886326,36009.420790061,36009.476931165,38.3330078125,38.3330078125,0,,0
14083,GF-6-CAM-18,36009.675723943,36009.676890589,36009.742073312,38.3330078125,38.3330078125,0,,0
14085,GF-6-CAM-18,36009.956091112,36009.957717288,36010.042875087,38.3330078125,38.3330078125,0,,0
14087,GF-6-CAM-18,36010.243077908,36010.246200721,36010.316358067,38.3330078125,38.3330078125,0,,0
14089,GF-6-CAM-18,36010.578955443,36010.579915313,36010.636346756,38.3330078125,38.3330078125,0,,0
14091,GF-6-CAM-18,36010.814533448,36010.815331025,36010.872647781,38.3330078125,38.3330078125,0,,0
14093,GF-6-CAM-18,36011.031347534,36011.032205636,36011.074400559,38.3330078125,38.3330078125,0,,0
14095,GF-6-CAM-18,36011.27214276,36011.273160913,36011.339384514,38.3330078125,38.3330078125,0,,0
14097,GF-6-CAM-18,36011.530482094,36011.532657333,36011.592400357,38.3330078125,38.3330078125,0,,0
14099,GF-6-CAM-18,36011.765832083,36011.77217603,36011.823643213,38.3330078125,38.3330078125,0,,0
14101,GF-6-CAM-18,36012.011961541,36012.012837203,36012.097425353,38.3330078125,38.3330078125,0,,0
14103,GF-6-CAM-18,36012.273889298,36012.276389402,36012.319352375,38.3330078125,38.3330078125,0,,0
14105,GF-6-CAM-18,36012.508452934,36012.51217747,36012.563415442,38.3330078125,38.3330078125,0,,0
14107,GF-6-CAM-18,36012.736269744,36012.737091706,36012.795043537,38.3330078125,38.3330078125,0,,0
14109,GF-6-CAM-18,36013.013291371,36013.014820307,36013.076283692,38.3330078125,38.3330078125,0,,0
14111,GF-6-CAM-18,36013.288445437,36013.289929699,36013.347359868,38.3330078125,38.3330078125,0,,0
14113,GF-6-CAM-18,36013.517108391,36013.519895576,36013.573839933,38.3330078125,38.3330078125,0,,0
14115,GF-6-CAM-18,36013.765618114,36013.766253797,36013.821316795,38.3330078125,38.3330078125,0,,0
14117,GF-6-CAM-18,36014.009792087,36014.010842823,36014.055314966,38.3330078125,38.3330078125,0,,0
14119,GF-6-CAM-18,36014.235820253,36014.237179748,36014.308577082,38.3330078125,38.3330078125,0,,0
14121,GF-6-CAM-18,36014.497248978,36014.498515992,36014.544987073,38.3330078125,38.3330078125,0,,0
14123,GF-6-CAM-18,36014.731147502,36014.7318582,36014.795491585,38.3330078125,38.3330078125,0,,0
14125,GF-6-CAM-18,36014.968790221,36014.972770125,36015.032347421,38.3330078125,38.3330078125,0,,0
14127,GF-6-CAM-18,36015.222164107,36015.222857626,36015.284885467,38.3330078125,38.3330078125,0,,0
14129,GF-6-CAM-18,36015.470243914,36015.471176741,36015.523076522,38.3330078125,38.3330078125,0,,0
14131,GF-6-CAM-18,36015.705499151,36015.706607852,36015.768649724,38.3330078125,38.3330078125,0,,0
14133,GF-6-CAM-18,36015.954305219,36015.955505465,36016.009759202,38.3330078125,38.3330078125,0,,0
14135,GF-6-CAM-18,36016.183927785,36016.185424791,36016.273198713,38.3330078125,38.3330078125,0,,0
14137,GF-6-CAM-18,36016.467751205,36016.469684522,36016.515337373,38.3330078125,38.3330078125,0,,0
14139,GF-6-CAM-18,36016.712175911,36016.712974337,36016.775295079,38.3330078125,38.3330078125,0,,0
14141,GF-6-CAM-18,36016.948434121,36016.95047085,36017.017312378,38.3330078125,38.3330078125,0,,0
14143,GF-6-CAM-18,36017.194278709,36017.196329063,36017.245478913,38.3330078125,38.3330078125,0,,0
14145,GF-6-CAM-18,36017.427711997,36017.42890421,36017.489121694,38.3330078125,38.3330078125,0,,0
14147,GF-6-CAM-18,36017.669197984,36017.670874361,36017.73123349,38.3330078125,38.3330078125,0,,0
14149,GF-6-CAM-18,36017.908487739,36017.90945286,36017.959732516,38.3330078125,38.3330078125,0,,0
14151,GF-6-CAM-18,36018.142630621,36018.143596841,36018.191321587,38.3330078125,38.3330078125,0,,0
14153,GF-6-CAM-18,36018.392286333,36018.394246214,36018.464993555,38.3330078125,38.3330078125,0,,0
14155,GF-6-CAM-18,36018.659093138,36018.660272606,36018.701543653,38.3330078125,38.3330078125,0,,0
14157,GF-6-CAM-18,36018.875020689,36018.875860683,36018.938697348,38.3330078125,38.3330078125,0,,0
14159,GF-6-CAM-18,36019.147413095,36019.148845636,36019.196121617,38.3330078125,38.3330078125,0,,0
14161,GF-6-CAM-18,36019.386034399,36019.387339846,36019.454917368,38.3330078125,38.3330078125,0,,0
14163,GF-6-CAM-18,36019.682852822,36019.685814289,36019.769573365,38.3330078125,38.3330078125,0,,0
14165,GF-6-CAM-18,36019.989877123,36019.991077134,36020.037734551,38.3330078125,38.3330078125,0,,0
14167,GF-6-CAM-18,36020.238141376,36020.244519683,36020.289535729,38.3330078125,38.3330078125,0,,0
14169,GF-6-CAM-18,36020.477469857,36020.478686806,36020.560874912,38.3330078125,38.3330078125,0,,0
14171,GF-6-CAM-18,36020.759889811,36020.760805437,36020.810274385,38.3330078125,38.3330078125,0,,0
14173,GF-6-CAM-18,36021.004461211,36021.005555151,36021.048987441,38.3330078125,38.3330078125,0,,0
14175,GF-6-CAM-18,36021.25353624,36021.254585211,36021.330720318,38.3330078125,38.3330078125,0,,0
14177,GF-6-CAM-18,36021.515782672,36021.516908979,36021.572382434,38.3330078125,38.3330078125,0,,0
14179,GF-6-CAM-18,36021.771484115,36021.772534375,36021.827836888,38.3330078125,38.3330078125,0,,0
14181,GF-6-CAM-18,36022.025094599,36022.028048857,36022.104097012,38.3330078125,38.3330078125,0,,0
14183,GF-6-CAM-18,36022.293878672,36022.295582397,36022.344976189,38.3330078125,38.3330078125,0,,0
14185,GF-6-CAM-18,36022.579756629,36022.581644474,36022.658677684,38.3330078125,38.3330078125,0,,0
14187,GF-6-CAM-18,36022.875973538,36022.877746641,36022.927036269,38.3330078125,38.3330078125,0,,0
14189,GF-6-CAM-18,36023.097281754,36023.098867554,36023.149267951,38.3330078125,38.3330078125,0,,0
14191,GF-6-CAM-18,36023.326550545,36023.328170642,36023.380894062,38.3330078125,38.3330078125,0,,0
14193,GF-6-CAM-18,36023.606175762,36023.607320721,36023.667820401,38.3330078125,38.3330078125,0,,0
14195,GF-6-CAM-18,36023.871762292,36023.873332279,36023.9533599,38.3330078125,38.3330078125,0,,0
14197,GF-6-CAM-18,36024.195525192,36024.196623413,36024.252501608,38.3330078125,38.3330078125,0,,0
14199,GF-6-CAM-18,36024.430948777,36024.433726354,36024.487085472,38.3330078125,38.3330078125,0,,0
14201,GF-6-CAM-18,36024.693673534,36024.695668866,36024.753013032,38.3330078125,38.3330078125,0,,0
14203,GF-6-CAM-18,36024.953876895,36024.955091604,36025.016729691,38.3330078125,38.3330078125,0,,0
14205,GF-6-CAM-18,36025.215573171,36025.216853507,36025.278551759,38.3330078125,38.3330078125,0,,0
14207,GF-6-CAM-18,36025.474423865,36025.477552047,36025.546550919,38.3330078125,38.3330078125,0,,0
14209,GF-6-CAM-18,36025.752412221,36025.76653249,36025.830791751,38.3330078125,38.3330078125,0,,0
14211,GF-6-CAM-18,36026.036211444,36026.037391747,36026.097407826,38.3330078125,38.3330078125,0,,0
14213,GF-6-CAM-18,36026.275855678,36026.277056267,36026.33346808,38.3330078125,38.3330078125,0,,0
14215,GF-6-CAM-18,36026.500397226,36026.501798997,36026.572162915,38.3330078125,38.3330078125,0,,0
14217,GF-6-CAM-18,36026.767636548,36026.768715442,36026.827309032,38.3330078125,38.3330078125,0,,0
14219,GF-6-CAM-18,36027.019768831,36027.021505226,36027.087053638,38.3330078125,38.3330078125,0,,0
14221,GF-6-CAM-18,36027.271662138,36027.273040129,36027.337094433,38.3330078125,38.3330078125,0,,0
14223,GF-6-CAM-18,36027.540604613,36027.541916441,36027.597999699,38.3330078125,38.3330078125,0,,0
14225,GF-6-CAM-18,36027.811688984,36027.812725157,36027.870146555,38.3330078125,38.3330078125,0,,0
14227,GF-6-CAM-18,36028.04683015,36028.047894069,36028.102480155,38.3330078125,38.3330078125,0,,0
14229,GF-6-CAM-18,36028.309135063,36028.31021184,36028.372015839,38.3330078125,38.3330078125,0,,0
14231,GF-6-CAM-18,36028.560734591,36028.562394528,36028.630706927,38.3330078125,38.3330078125,0,,0
14233,GF-6-CAM-18,36028.819921736,36028.823036229,36028.90065795,38.3330078125,38.3330078125,0,,0
14235,GF-6-CAM-18,36029.105360107,36029.106703818,36029.155616531,38.3330078125,38.3330078125,0,,0
14237,GF-6-CAM-18,36029.346037061,36029.347621391,36029.403166266,38.3330078125,38.3330078125,0,,0
14239,GF-6-CAM-18,36029.605053138,36029.607330111,36029.65981205,38.3330078125,38.3330078125,0,,0
14241,GF-6-CAM-18,36029.847743789,36029.848538983,36029.923666085,38.3330078125,38.3330078125,0,,0
14243,GF-6-CAM-18,36030.091651051,36030.094594154,36030.169414877,38.3330078125,38.3330078125,0,,0
14245,GF-6-CAM-18,36030.356735872,36030.357800668,36030.41548537,38.3330078125,38.3330078125,0,,0
14247,GF-6-CAM-18,36030.622860368,36030.624548888,36030.663823043,38.3330078125,38.3330078125,0,,0
14249,GF-6-CAM-18,36030.840690928,36030.841420594,36030.916618543,38.3330078125,38.3330078125,0,,0
14251,GF-6-CAM-18,36031.105940134,36031.106972964,36031.153293139,38.3330078125,38.3330078125,0,,0
14253,GF-6-CAM-18,36031.349670399,36031.351050489,36031.40625299,38.3330078125,38.3330078125,0,,0
14255,GF-6-CAM-18,36031.620729708,36031.621889387,36031.670562877,38.3330078125,38.3330078125,0,,0
14257,GF-6-CAM-18,36031.850591822,36031.852524801,36031.894776158,38.3330078125,38.3330078125,0,,0
14259,GF-6-CAM-18,36032.10017376,36032.100984424,36032.142526748,38.3330078125,38.3330078125,0,,0
14261,GF-6-CAM-18,36032.355971431,36032.357820141,36032.41368407,38.3330078125,38.3330078125,0,,0
14263,GF-6-CAM-18,36032.599201245,36032.600962272,36032.667227433,38.3330078125,38.3330078125,0,,0
14265,GF-6-CAM-18,36032.850203199,36032.850975696,36032.908051141,38.3330078125,38.3330078125,0,,0
14267,GF-6-CAM-18,36033.111658604,36033.112417964,36033.150174075,38.3330078125,38.3330078125,0,,0
14269,GF-6-CAM-18,36033.32129586,36033.324023053,36033.392098754,38.3330078125,38.3330078125,0,,0
14271,GF-6-CAM-18,36033.57462246,36033.580361949,36033.643450166,38.3330078125,38.3330078125,0,,0
14273,GF-6-CAM-18,36033.820856907,36033.822966233,36033.87104952,38.3330078125,38.3330078125,0,,0
14275,GF-6-CAM-18,36034.060411782,36034.062379994,36034.109664642,38.3330078125,38.3330078125,0,,0
14277,GF-6-CAM-18,36034.300457107,36034.302958135,36034.387848076,38.3330078125,38.3330078125,0,,0
14279,GF-6-CAM-18,36034.55588084,36034.55644707,36034.607129969,38.3330078125,38.3330078125,0,,0
14281,GF-6-CAM-18,36034.799568544,36034.800463642,36034.843657795,38.3330078125,38.3330078125,0,,0
14283,GF-6-CAM-18,36035.054737523,36035.055832439,36035.095443463,38.3330078125,38.3330078125,0,,0
14285,GF-6-CAM-18,36035.266470172,36035.267686029,36035.339304948,38.3330078125,38.3330078125,0,,0
14287,GF-6-CAM-18,36035.520632468,36035.5228696,36035.583421389,38.3330078125,38.3330078125,0,,0
14289,GF-6-CAM-18,36035.760708665,36035.761574769,36035.825297382,38.3330078125,38.3330078125,0,,0
14291,GF-6-CAM-18,36036.025178454,36036.026321011,36036.08330559,38.3330078125,38.3330078125,0,,0
14293,GF-6-CAM-18,36036.260536889,36036.261507895,36036.313630518,38.3330078125,38.3330078125,0,,0
14295,GF-6-CAM-18,36036.504138951,36036.506135295,36036.563863383,38.3330078125,38.3330078125,0,,0
14297,GF-6-CAM-18,36036.730281999,36036.731047928,36036.787685028,38.3330078125,38.3330078125,0,,0
14299,GF-6-CAM-18,36037.005145756,36037.006463955,36037.046184276,38.3330078125,38.3330078125,0,,0
14301,GF-6-CAM-18,36037.245059076,36037.246296643,36037.310388309,38.3330078125,38.3330078125,0,,0
14303,GF-6-CAM-18,36037.489314643,36037.489908245,36037.546717412,38.3330078125,38.3330078125,0,,0
14305,GF-6-CAM-18,36037.747615305,36037.748551897,36037.787504226,38.3330078125,38.3330078125,0,,0
14307,GF-6-CAM-18,36037.990231719,36037.99148568,36038.047284395,38.3330078125,38.3330078125,0,,0
14309,GF-6-CAM-18,36038.228187434,36038.23019075,36038.285228143,38.3330078125,38.3330078125,0,,0
14311,GF-6-CAM-18,36038.48903154,36038.489970052,36038.548208215,38.3330078125,38.3330078125,0,,0
14313,GF-6-CAM-18,36038.75797514,36038.75871609,36038.80197439,38.3330078125,38.3330078125,0,,0
14315,GF-6-CAM-18,36038.992654744,36038.993667837,36039.038513744,38.3330078125,38.3330078125,0,,0
14317,GF-6-CAM-18,36039.219296528,36039.220705833,36039.287085212,38.3330078125,38.3330078125,0,,0
14319,GF-6-CAM-18,36039.559733998,36039.560870217,36039.643326976,38.3330078125,38.3330078125,0,,0
14321,GF-6-CAM-18,36039.811378478,36039.812980627,36039.867107891,38.3330078125,38.3330078125,0,,0
14323,GF-6-CAM-18,36040.091497336,36040.09295774,36040.146192826,38.3330078125,38.3330078125,0,,0
14325,GF-6-CAM-18,36040.36138203,36040.364177446,36040.423384944,38.3330078125,38.3330078125,0,,0
14327,GF-6-CAM-18,36040.613992664,36040.616537663,36040.670843678,38.3330078125,38.3330078125,0,,0
14329,GF-6-CAM-18,36040.884503956,36040.886079981,36040.950273678,38.3330078125,38.3330078125,0,,0
14331,GF-6-CAM-18,36041.141777838,36041.143242794,36041.190093129,38.3330078125,38.3330078125,0,,0
14333,GF-6-CAM-18,36041.37389357,36041.379388594,36041.438656778,38.3330078125,38.3330078125,0,,0
14335,GF-6-CAM-18,36041.669768913,36041.672252847,36041.73950033,38.3330078125,38.3330078125,0,,0
14337,GF-6-CAM-18,36041.927451572,36041.928823622,36042.004927595,38.3330078125,38.3330078125,0,,0
14339,GF-6-CAM-18,36042.200460366,36042.20175737,36042.254952177,38.3330078125,38.3330078125,0,,0
14341,GF-6-CAM-18,36042.460340737,36042.461574751,36042.523417996,38.3330078125,38.3330078125,0,,0
14343,GF-6-CAM-18,36042.745684105,36042.747174155,36042.798482089,38.3330078125,38.3330078125,0,,0
14345,GF-6-CAM-18,36043.024427707,36043.025299581,36043.085494731,38.3330078125,38.3330078125,0,,0
14347,GF-6-CAM-18,36043.385755996,36043.387380267,36043.489438154,38.3330078125,38.3330078125,0,,0
14349,GF-6-CAM-18,36043.697023282,36043.698119839,36043.746946471,38.3330078125,38.3330078125,0,,0
14351,GF-6-CAM-18,36043.967836124,36043.968804553,36044.037047546,38.3330078125,38.3330078125,0,,0
14353,GF-6-CAM-18,36044.217244048,36044.218453033,36044.283356981,38.3330078125,38.3330078125,0,,0
14355,GF-6-CAM-18,36044.479102823,36044.480723699,36044.538220857,38.3330078125,38.3330078125,0,,0
14357,GF-6-CAM-18,36044.734243365,36044.735066443,36044.823438611,38.3330078125,38.3330078125,0,,0
14359,GF-6-CAM-18,36045.036928902,36045.038027118,36045.088861765,38.3330078125,38.3330078125,0,,0
14361,GF-6-CAM-18,36045.291919161,36045.293948113,36045.345545074,38.3330078125,38.3330078125,0,,0
14363,GF-6-CAM-18,36045.548898455,36045.55025873,36045.589259151,38.3330078125,38.3330078125,0,,0
14365,GF-6-CAM-18,36045.792796813,36045.793959329,36045.847659072,38.3330078125,38.3330078125,0,,0
14367,GF-6-CAM-18,36046.022499243,36046.023786535,36046.075743203,38.3330078125,38.3330078125,0,,0
14369,GF-6-CAM-18,36046.269558582,36046.270729393,36046.329432064,38.3330078125,38.3330078125,0,,0
14371,GF-6-CAM-18,36046.528136044,36046.530473398,36046.569914626,38.3330078125,38.3330078125,0,,0
14373,GF-6-CAM-18,36046.778899446,36046.780525874,36046.836117216,38.3330078125,38.3330078125,0,,0
14375,GF-6-CAM-18,36047.034621145,36047.036982521,36047.096981386,38.3330078125,38.3330078125,0,,0
14377,GF-6-CAM-18,36047.262282264,36047.263344272,36047.315991161,38.3330078125,38.3330078125,0,,0
14379,GF-6-CAM-18,36047.495424773,36047.496976851,36047.570030236,38.3330078125,38.3330078125,0,,0
14381,GF-6-CAM-18,36047.743858595,36047.744785638,36047.802160964,38.3330078125,38.3330078125,0,,0
14383,GF-6-CAM-18,36048.004308016,36048.005331438,36048.049117923,38.3330078125,38.3330078125,0,,0
14385,GF-6-CAM-18,36048.243486174,36048.245096795,36048.291610093,38.3330078125,38.3330078125,0,,0
14387,GF-6-CAM-18,36048.478492285,36048.479599178,36048.550111779,38.3330078125,38.3330078125,0,,0
14389,GF-6-CAM-18,36048.747712578,36048.749782528,36048.814252574,38.3330078125,38.3330078125,0,,0
14391,GF-6-CAM-18,36049.010409328,36049.011492272,36049.083798123,38.3330078125,38.3330078125,0,,0
14393,GF-6-CAM-18,36049.252581729,36049.253373864,36049.311282018,38.3330078125,38.3330078125,0,,0
14395,GF-6-CAM-18,36049.505057914,36049.515763075,36049.573948388,38.3330078125,38.3330078125,0,,0
14397,GF-6-CAM-18,36049.75987774,36049.760813228,36049.820438705,38.3330078125,38.3330078125,0,,0
14399,GF-6-CAM-18,36050.054376365,36050.056154475,36050.11676462,38.3330078125,38.3330078125,0,,0
14401,GF-6-CAM-18,36050.31033429,36050.311596033,36050.371605149,38.3330078125,38.3330078125,0,,0
14403,GF-6-CAM-18,36050.612338805,36050.613922408,36050.65318261,38.3330078125,38.3330078125,0,,0
14405,GF-6-CAM-18,36050.853485566,36050.855217054,36050.921662839,38.3330078125,38.3330078125,0,,0
14407,GF-6-CAM-18,36051.097458582,36051.098233767,36051.161071222,38.3330078125,38.3330078125,0,,0
14409,GF-6-CAM-18,36051.363734604,36051.366267425,36051.436872481,38.3330078125,38.3330078125,0,,0
14411,GF-6-CAM-18,36051.645522838,36051.647772934,36051.700932914,38.3330078125,38.3330078125,0,,0
14413,GF-6-CAM-18,36051.88078523,36051.881579619,36051.96254606,38.3330078125,38.3330078125,0,,0
14415,GF-6-CAM-18,36052.166762667,36052.178293757,36052.237489594,38.3330078125,38.3330078125,0,,0
14417,GF-6-CAM-18,36052.428025734,36052.429194594,36052.481458739,38.3330078125,38.3330078125,0,,0
14419,GF-6-CAM-18,36052.681584586,36052.683113292,36052.728295994,38.3330078125,38.3330078125,0,,0
14421,GF-6-CAM-18,36052.927790325,36052.930735386,36053.006354838,38.3330078125,38.3330078125,0,,0
14423,GF-6-CAM-18,36053.216130923,36053.217329138,36053.279042211,38.3330078125,38.3330078125,0,,0
14425,GF-6-CAM-18,36053.470950874,36053.472434189,36053.5206033,38.3330078125,38.3330078125,0,,0
14427,GF-6-CAM-18,36053.718292404,36053.719878892,36053.79417217,38.3330078125,38.3330078125,0,,0
14429,GF-6-CAM-18,36053.995409456,36053.998161553,36054.061736101,38.3330078125,38.3330078125,0,,0
14431,GF-6-CAM-18,36054.231195289,36054.232708051,36054.293879592,38.3330078125,38.3330078125,0,,0
14433,GF-6-CAM-18,36054.491036919,36054.494976831,36054.562305989,38.3330078125,38.3330078125,0,,0
14435,GF-6-CAM-18,36054.736348416,36054.738121145,36054.801872776,38.3330078125,38.3330078125,0,,0
14437,GF-6-CAM-18,36055.008736378,36055.018147557,36055.069703306,38.3330078125,38.3330078125,0,,0
14439,GF-6-CAM-18,36055.25125249,36055.252351753,36055.339954616,38.3330078125,38.3330078125,0,,0
14441,GF-6-CAM-18,36055.524679456,36055.525547433,36055.57688719,38.3330078125,38.3330078125,0,,0
14443,GF-6-CAM-18,36055.77406771,36055.774880161,36055.825129567,38.3330078125,38.3330078125,0,,0
14445,GF-6-CAM-18,36055.988509658,36055.989335371,36056.0430511,38.3330078125,38.3330078125,0,,0
14447,GF-6-CAM-18,36056.246423682,36056.247689922,36056.290445433,38.3330078125,38.3330078125,0,,0
14449,GF-6-CAM-18,36056.472896019,36056.473744347,36056.52923484,38.3330078125,38.3330078125,0,,0
14451,GF-6-CAM-18,36056.732974655,36056.734107924,36056.789075247,38.3330078125,38.3330078125,0,,0
14453,GF-6-CAM-18,36057.002955916,36057.00522183,36057.056055778,38.3330078125,38.3330078125,0,,0
14455,GF-6-CAM-18,36057.252882204,36057.254132547,36057.304500473,38.3330078125,38.3330078125,0,,0
14457,GF-6-CAM-18,36057.475348211,36057.478585515,36057.543759889,38.3330078125,38.3330078125,0,,0
14459,GF-6-CAM-18,36057.737857833,36057.739428762,36057.824247677,38.3330078125,38.3330078125,0,,0
14461,GF-6-CAM-18,36058.028325898,36058.032634481,36058.108491057,38.3330078125,38.3330078125,0,,0
14463,GF-6-CAM-18,36058.289816084,36058.290584616,36058.327275831,38.3330078125,38.3330078125,0,,0
14465,GF-6-CAM-18,36058.512858664,36058.513723481,36058.568272333,38.3330078125,38.3330078125,0,,0
14467,GF-6-CAM-18,36058.777245334,36058.778468598,36058.85903158,38.3330078125,38.3330078125,0,,0
14469,GF-6-CAM-18,36059.037710152,36059.038412545,36059.115950962,38.3330078125,38.3330078125,0,,0
14471,GF-6-CAM-18,36059.288496895,36059.289574027,36059.339983712,38.3330078125,38.3330078125,0,,0
14473,GF-6-CAM-18,36059.51713817,36059.518699791,36059.573045738,38.3330078125,38.3330078125,0,,0
14475,GF-6-CAM-18,36059.737444208,36059.738605974,36059.797883766,38.3330078125,38.3330078125,0,,0
14477,GF-6-CAM-18,36059.988667221,36059.990118701,36060.047848659,38.3330078125,38.3330078125,0,,0
14479,GF-6-CAM-18,36060.231843702,36060.233035318,36060.299148058,38.3330078125,38.3330078125,0,,0
14481,GF-6-CAM-18,36060.510725184,36060.512017624,36060.554833724,38.3330078125,38.3330078125,0,,0
14483,GF-6-CAM-18,36060.755939573,36060.757703912,36060.821545593,38.3330078125,38.3330078125,0,,0
14485,GF-6-CAM-18,36061.007310067,36061.00771315,36061.057474145,38.3330078125,38.3330078125,0,,0
14487,GF-6-CAM-18,36061.235938907,36061.237772464,36061.284865188,38.3330078125,38.3330078125,0,,0
14489,GF-6-CAM-18,36061.47979476,36061.481288342,36061.540303259,38.3330078125,38.3330078125,0,,0
14491,GF-6-CAM-18,36061.742993717,36061.744243316,36061.788163943,38.3330078125,38.3330078125,0,,0
14493,GF-6-CAM-18,36061.976663149,36061.978402276,36062.038145533,38.3330078125,38.3330078125,0,,0
14495,GF-6-CAM-18,36062.210829259,36062.217798906,36062.280386508,38.3330078125,38.3330078125,0,,0
14497,GF-6-CAM-18,36062.455532311,36062.456728834,36062.548139611,38.3330078125,38.3330078125,0,,0
14499,GF-6-CAM-18,36062.73106257,36062.734782733,36062.776034007,38.3330078125,38.3330078125,0,,0
14501,GF-6-CAM-18,36062.961435281,36062.963551143,36063.022747996,38.3330078125,38.3330078125,0,,0
14503,GF-6-CAM-18,36063.228338151,36063.230700261,36063.286640688,38.3330078125,38.3330078125,0,,0
14505,GF-6-CAM-18,36063.455025111,36063.456425098,36063.505433589,38.3330078125,38.3330078125,0,,0
14507,GF-6-CAM-18,36063.709466527,36063.710551763,36063.774652683,38.3330078125,38.3330078125,0,,0
14509,GF-6-CAM-18,36063.986611894,36063.987969149,36064.048627365,38.3330078125,38.3330078125,0,,0
14511,GF-6-CAM-18,36064.258787023,36064.260892978,36064.322099233,38.3330078125,38.3330078125,0,,0
14513,GF-6-CAM-18,36064.498717055,36064.49991133,36064.550362745,38.3330078125,38.3330078125,0,,0
14515,GF-6-CAM-18,36064.755682757,36064.756721258,36064.818947557,38.3330078125,38.3330078125,0,,0
14517,GF-6-CAM-18,36065.024945812,36065.0262231,36065.088182926,38.3330078125,38.3330078125,0,,0
14519,GF-6-CAM-18,36065.253770192,36065.254688227,36065.312250706,38.3330078125,38.3330078125,0,,0
14521,GF-6-CAM-18,36065.498839541,36065.501593962,36065.556063399,38.3330078125,38.3330078125,0,,0
14523,GF-6-CAM-18,36065.765186809,36065.766075202,36065.826986903,38.3330078125,38.3330078125,0,,0
14525,GF-6-CAM-18,36066.021763674,36066.02414377,36066.090595886,38.3330078125,38.3330078125,0,,0
14527,GF-6-CAM-18,36066.272114333,36066.273184031,36066.328424601,38.3330078125,38.3330078125,0,,0
14529,GF-6-CAM-18,36066.532296083,36066.533548334,36066.587563039,38.3330078125,38.3330078125,0,,0
14531,GF-6-CAM-18,36066.763211866,36066.764562367,36066.829288472,38.3330078125,38.3330078125,0,,0
14533,GF-6-CAM-18,36067.003491578,36067.005017479,36067.052441912,38.3330078125,38.3330078125,0,,0
14535,GF-6-CAM-18,36067.302689662,36067.305246182,36067.361266919,38.3330078125,38.3330078125,0,,0
14537,GF-6-CAM-18,36067.580967916,36067.584160026,36067.638223571,38.3330078125,38.3330078125,0,,0
14539,GF-6-CAM-18,36067.839078935,36067.840960479,36067.890333623,38.3330078125,38.3330078125,0,,0
14541,GF-6-CAM-18,36068.090881196,36068.092661014,36068.147107097,38.3330078125,38.3330078125,0,,0
14543,GF-6-CAM-18,36068.344900029,36068.346283548,36068.430166079,38.3330078125,38.3330078125,0,,0
14545,GF-6-CAM-18,36068.615065008,36068.616238664,36068.687369723,38.3330078125,38.3330078125,0,,0
14547,GF-6-CAM-18,36068.862923004,36068.863700613,36068.933804944,38.3330078125,38.3330078125,0,,0
14549,GF-6-CAM-18,36069.124469753,36069.126382709,36069.179675515,38.3330078125,38.3330078125,0,,0
14551,GF-6-CAM-18,36069.386647982,36069.387619554,36069.437158288,38.3330078125,38.3330078125,0,,0
14553,GF-6-CAM-18,36069.599327924,36069.60016493,36069.652318558,38.3330078125,38.3330078125,0,,0
14555,GF-6-CAM-18,36069.838652024,36069.839566301,36069.895294305,38.3330078125,38.3330078125,0,,0
14557,GF-6-CAM-18,36070.095901739,36070.098102993,36070.150666086,38.3330078125,38.3330078125,0,,0
14559,GF-6-CAM-18,36070.350353483,36070.351708884,36070.432731632,38.3330078125,38.3330078125,0,,0
14561,GF-6-CAM-18,36070.661726593,36070.668684537,36070.720939474,38.3330078125,38.3330078125,0,,0
14563,GF-6-CAM-18,36070.908080371,36070.909186222,36070.962400121,38.3330078125,38.3330078125,0,,0
14565,GF-6-CAM-18,36071.165194752,36071.166240415,36071.218576747,38.3330078125,38.3330078125,0,,0
14567,GF-6-CAM-18,36071.39485912,36071.396927929,36071.468522609,38.3330078125,38.3330078125,0,,0
14569,GF-6-CAM-18,36071.663687725,36071.665475785,36071.712958605,38.3330078125,38.3330078125,0,,0
14571,GF-6-CAM-18,36071.881212239,36071.882291399,36071.926636265,38.3330078125,38.3330078125,0,,0
14573,GF-6-CAM-18,36072.104097932,36072.106350465,36072.190195641,38.3330078125,38.3330078125,0,,0
14575,GF-6-CAM-18,36072.377817058,36072.378935292,36072.447225601,38.3330078125,38.3330078125,0,,0
14577,GF-6-CAM-18,36072.633056958,36072.635678824,36072.698203635,38.3330078125,38.3330078125,0,,0
14579,GF-6-CAM-18,36072.897759449,36072.899012446,36072.949859987,38.3330078125,38.3330078125,0,,0
14581,GF-6-CAM-18,36073.123468693,36073.126079723,36073.205473367,38.3330078125,38.3330078125,0,,0
14583,GF-6-CAM-18,36073.403868942,36073.405023091,36073.464274906,38.3330078125,38.3330078125,0,,0
14585,GF-6-CAM-18,36073.658263941,36073.659166853,36073.707314832,38.3330078125,38.3330078125,0,,0
14587,GF-6-CAM-18,36073.921026575,36073.922319878,36073.995571086,38.3330078125,38.3330078125,0,,0
14589,GF-6-CAM-18,36074.171676334,36074.172788622,36074.23668984,38.3330078125,38.3330078125,0,,0
14591,GF-6-CAM-18,36074.415020843,36074.416421754,36074.482934522,38.3330078125,38.3330078125,0,,0
14593,GF-6-CAM-18,36074.634144285,36074.635094828,36074.692407165,38.3330078125,38.3330078125,0,,0
14595,GF-6-CAM-18,36074.856714243,36074.857735758,36074.931707243,38.3330078125,38.3330078125,0,,0
14597,GF-6-CAM-18,36075.117425936,36075.120240011,36075.188395521,38.3330078125,38.3330078125,0,,0
14599,GF-6-CAM-18,36075.366198356,36075.366988484,36075.420575759,38.3330078125,38.3330078125,0,,0
14601,GF-6-CAM-18,36075.582736559,36075.583849487,36075.649697615,38.3330078125,38.3330078125,0,,0
14603,GF-6-CAM-18,36075.845972042,36075.847405058,36075.902537516,38.3330078125,38.3330078125,0,,0
14605,GF-6-CAM-18,36076.074577101,36076.077374669,36076.127458802,38.3330078125,38.3330078125,0,,0
14607,GF-6-CAM-18,36076.317708908,36076.318819261,36076.381068509,38.3330078125,38.3330078125,0,,0
14609,GF-6-CAM-18,36076.583068511,36076.583952726,36076.663207786,38.3330078125,38.3330078125,0,,0
14611,GF-6-CAM-18,36076.829320266,36076.830527191,36076.87453995,38.3330078125,38.3330078125,0,,0
14613,GF-6-CAM-18,36077.069176175,36077.0718332,36077.141174536,38.3330078125,38.3330078125,0,,0
14615,GF-6-CAM-18,36077.323671444,36077.324682798,36077.376160193,38.3330078125,38.3330078125,0,,0
14617,GF-6-CAM-18,36077.559347183,36077.563490896,36077.635754846,38.3330078125,38.3330078125,0,,0
14619,GF-6-CAM-18,36077.827204142,36077.828358837,36077.888157347,38.3330078125,38.3330078125,0,,0
14621,GF-6-CAM-18,36078.107778648,36078.109541622,36078.156935166,38.3330078125,38.3330078125,0,,0
14623,GF-6-CAM-18,36078.340312711,36078.346102289,36078.387057083,38.3330078125,38.3330078125,0,,0
14625,GF-6-CAM-18,36078.603233795,36078.605763551,36078.656947433,38.3330078125,38.3330078125,0,,0
14627,GF-6-CAM-18,36078.836356849,36078.83797207,36078.913337743,38.3330078125,38.3330078125,0,,0
14629,GF-6-CAM-18,36079.084683705,36079.086060738,36079.133149023,38.3330078125,38.3330078125,0,,0
14631,GF-6-CAM-18,36079.320643959,36079.322272693,36079.386371741,38.3330078125,38.3330078125,0,,0
14633,GF-6-CAM-18,36079.607174932,36079.60872709,36079.666972199,38.3330078125,38.3330078125,0,,0
14635,GF-6-CAM-18,36079.86010965,36079.861396031,36079.925455374,38.3330078125,38.3330078125,0,,0
14637,GF-6-CAM-18,36080.129267922,36080.130777341,36080.189458181,38.3330078125,38.3330078125,0,,0
14639,GF-6-CAM-18,36080.381060433,36080.382537514,36080.42668145,38.3330078125,38.3330078125,0,,0
14641,GF-6-CAM-18,36080.595698747,36080.596891178,36080.664575067,38.3330078125,38.3330078125,0,,0
14643,GF-6-CAM-18,36080.825577692,36080.828825037,36080.903080015,38.3330078125,38.3330078125,0,,0
14645,GF-6-CAM-18,36081.091948708,36081.094500395,36081.148092469,38.3330078125,38.3330078125,0,,0
14647,GF-6-CAM-18,36081.328898304,36081.331606686,36081.393377695,38.3330078125,38.3330078125,0,,0
14649,GF-6-CAM-18,36081.554823345,36081.555765072,36081.607440754,38.3330078125,38.3330078125,0,,0
14651,GF-6-CAM-18,36081.803921555,36081.804846008,36081.865050406,38.3330078125,38.3330078125,0,,0
14653,GF-6-CAM-18,36082.036784087,36082.0376391,36082.092484686,38.3330078125,38.3330078125,0,,0
14655,GF-6-CAM-18,36082.266910517,36082.267912319,36082.314567422,38.3330078125,38.3330078125,0,,0
14657,GF-6-CAM-18,36082.519947251,36082.523369406,36082.586498658,38.3330078125,38.3330078125,0,,0
14659,GF-6-CAM-18,36082.74931921,36082.75212408,36082.813243274,38.3330078125,38.3330078125,0,,0
14661,GF-6-CAM-18,36082.994573367,36082.995216089,36083.055732524,38.3330078125,38.3330078125,0,,0
14663,GF-6-CAM-18,36083.235487574,36083.236477451,36083.278255339,38.3330078125,38.3330078125,0,,0
14665,GF-6-CAM-18,36083.468862602,36083.470457885,36083.522464469,38.3330078125,38.3330078125,0,,0
14667,GF-6-CAM-18,36083.714136982,36083.7166527,36083.788690348,38.3330078125,38.3330078125,0,,0
14669,GF-6-CAM-18,36083.985822803,36083.987514119,36084.061407191,38.3330078125,38.3330078125,0,,0
14671,GF-6-CAM-18,36084.266145375,36084.267448109,36084.301367906,38.3330078125,38.3330078125,0,,0
14673,GF-6-CAM-18,36084.524928827,36084.52752288,36084.57651685,38.3330078125,38.3330078125,0,,0
14675,GF-6-CAM-18,36084.745821801,36084.74718364,36084.803135711,38.3330078125,38.3330078125,0,,0
14677,GF-6-CAM-18,36085.008645417,36085.010140989,36085.070552425,38.3330078125,38.3330078125,0,,0
14679,GF-6-CAM-18,36085.253083728,36085.254559995,36085.325438293,38.3330078125,38.3330078125,0,,0
14681,GF-6-CAM-18,36085.502363423,36085.503441908,36085.565449576,38.3330078125,38.3330078125,0,,0
14683,GF-6-CAM-18,36085.754608448,36085.75535725,36085.809737933,38.3330078125,38.3330078125,0,,0
14685,GF-6-CAM-18,36086.005049366,36086.006703442,36086.094164144,38.3330078125,38.3330078125,0,,0
14687,GF-6-CAM-18,36086.269755228,36086.270777609,36086.331107087,38.3330078125,38.3330078125,0,,0
14689,GF-6-CAM-18,36086.498865217,36086.499943811,36086.57034694,38.3330078125,38.3330078125,0,,0
14691,GF-6-CAM-18,36086.75028511,36086.751883717,36086.834852294,38.3330078125,38.3330078125,0,,0
14693,GF-6-CAM-18,36087.004127594,36087.007792773,36087.057061629,38.3330078125,38.3330078125,0,,0
14695,GF-6-CAM-18,36087.217823829,36087.218971432,36087.291665696,38.3330078125,38.3330078125,0,,0
14697,GF-6-CAM-18,36087.493609349,36087.495440719,36087.553052613,38.3330078125,38.3330078125,0,,0
14699,GF-6-CAM-18,36087.731563036,36087.732815623,36087.789444745,38.3330078125,38.3330078125,0,,0
14701,GF-6-CAM-18,36088.021512803,36088.024609044,36088.093485894,38.3330078125,38.3330078125,0,,0
14703,GF-6-CAM-18,36088.285039395,36088.288239813,36088.335816147,38.3330078125,38.3330078125,0,,0
14705,GF-6-CAM-18,36088.517715088,36088.51873815,36088.571322962,38.3330078125,38.3330078125,0,,0
14707,GF-6-CAM-18,36088.822749755,36088.823964761,36088.870650005,38.3330078125,38.3330078125,0,,0
14709,GF-6-CAM-18,36089.052860203,36089.05471513,36089.128392376,38.3330078125,38.3330078125,0,,0
14711,GF-6-CAM-18,36089.335662372,36089.337120817,36089.382698302,38.3330078125,38.3330078125,0,,0
14713,GF-6-CAM-18,36089.563470834,36089.564998948,36089.617222408,38.3330078125,38.3330078125,0,,0
14715,GF-6-CAM-18,36089.8022179,36089.80316776,36089.841382364,38.3330078125,38.3330078125,0,,0
14717,GF-6-CAM-18,36090.047677793,36090.048808394,36090.117022659,38.3330078125,38.3330078125,0,,0
14719,GF-6-CAM-18,36090.303157475,36090.304282417,36090.350469165,38.3330078125,38.3330078125,0,,0
14721,GF-6-CAM-18,36090.561751313,36090.563364366,36090.648177434,38.3330078125,38.3330078125,0,,0
14723,GF-6-CAM-18,36090.833497229,36090.834941509,36090.906881356,38.3330078125,38.3330078125,0,,0
14725,GF-6-CAM-18,36091.090752767,36091.091978652,36091.139146627,38.3330078125,38.3330078125,0,,0
14727,GF-6-CAM-18,36091.399131525,36091.403283771,36091.475150239,38.3330078125,38.3330078125,0,,0
14729,GF-6-CAM-18,36091.661763332,36091.664409074,36091.73124723,38.3330078125,38.3330078125,0,,0
14731,GF-6-CAM-18,36091.936708588,36091.938681963,36092.021279638,38.3330078125,38.3330078125,0,,0
14733,GF-6-CAM-18,36092.24027164,36092.241863545,36092.291639889,38.3330078125,38.3330078125,0,,0
14735,GF-6-CAM-18,36092.4662033,36092.46809693,36092.517616997,38.3330078125,38.3330078125,0,,0
14737,GF-6-CAM-18,36092.694377849,36092.695995299,36092.749253898,38.3330078125,38.3330078125,0,,0
14739,GF-6-CAM-18,36092.917414043,36092.918165082,36092.986272011,38.3330078125,38.3330078125,0,,0
14741,GF-6-CAM-18,36093.176729722,36093.177515962,36093.222481241,38.3330078125,38.3330078125,0,,0
14743,GF-6-CAM-18,36093.408240265,36093.409153235,36093.46489732,38.3330078125,38.3330078125,0,,0
14745,GF-6-CAM-18,36093.642906292,36093.644105738,36093.709613794,38.3330078125,38.3330078125,0,,0
14747,GF-6-CAM-18,36093.881835964,36093.883634028,36093.957359754,38.3330078125,38.3330078125,0,,0
14749,GF-6-CAM-18,36094.140324509,36094.14110696,36094.186577513,38.3330078125,38.3330078125,0,,0
14751,GF-6-CAM-18,36094.382482399,36094.383354011,36094.43628422,38.3330078125,38.3330078125,0,,0
14753,GF-6-CAM-18,36094.636325141,36094.638774675,36094.682674302,38.3330078125,38.3330078125,0,,0
14755,GF-6-CAM-18,36094.869398437,36094.872276904,36094.936590124,38.3330078125,38.3330078125,0,,0
14757,GF-6-CAM-18,36095.117522581,36095.119612721,36095.177790976,38.3330078125,38.3330078125,0,,0
14759,GF-6-CAM-18,36095.352130708,36095.353257124,36095.425702785,38.3330078125,38.3330078125,0,,0
14761,GF-6-CAM-18,36095.622493871,36095.623756894,36095.675922692,38.3330078125,38.3330078125,0,,0
14763,GF-6-CAM-18,36095.894909112,36095.896012061,36095.954088292,38.3330078125,38.3330078125,0,,0
14765,GF-6-CAM-18,36096.152780222,36096.155393194,36096.207806306,38.3330078125,38.3330078125,0,,0
14767,GF-6-CAM-18,36096.398427056,36096.400344099,36096.442884379,38.3330078125,38.3330078125,0,,0
14769,GF-6-CAM-18,36096.655519743,36096.656665796,36096.705273315,38.3330078125,38.3330078125,0,,0
14771,GF-6-CAM-18,36096.878791221,36096.879519209,36096.927292731,38.3330078125,38.3330078125,0,,0
14773,GF-6-CAM-18,36097.142062188,36097.144700467,36097.200390532,38.3330078125,38.3330078125,0,,0
14775,GF-6-CAM-18,36097.367869887,36097.369275413,36097.445599753,38.3330078125,38.3330078125,0,,0
14777,GF-6-CAM-18,36097.625505895,36097.627920082,36097.677306441,38.3330078125,38.3330078125,0,,0
14779,GF-6-CAM-18,36097.875558092,36097.878038179,36097.940641178,38.3330078125,38.3330078125,0,,0
14781,GF-6-CAM-18,36098.130007536,36098.13086735,36098.177632448,38.3330078125,38.3330078125,0,,0
14783,GF-6-CAM-18,36098.384109033,36098.385787296,36098.45374216,38.3330078125,38.3330078125,0,,0
14785,GF-6-CAM-18,36098.62937505,36098.630696466,36098.684250094,38.3330078125,38.3330078125,0,,0
14787,GF-6-CAM-18,36098.868729661,36098.869804555,36098.931413461,38.3330078125,38.3330078125,0,,0
14789,GF-6-CAM-18,36099.105032391,36099.110369906,36099.14483625,38.3330078125,38.3330078125,0,,0
14791,GF-6-CAM-18,36099.342861662,36099.343878176,36099.40927039,38.3330078125,38.3330078125,0,,0
14793,GF-6-CAM-18,36099.596115649,36099.597566764,36099.665039526,38.3330078125,38.3330078125,0,,0
14795,GF-6-CAM-18,36099.833238907,36099.834345055,36099.891123849,38.3330078125,38.3330078125,0,,0
14797,GF-6-CAM-18,36100.08723001,36100.08839386,36100.157581147,38.3330078125,38.3330078125,0,,0
14799,GF-6-CAM-18,36100.3740681,36100.376164797,36100.442596202,38.3330078125,38.3330078125,0,,0
14801,GF-6-CAM-18,36100.634450614,36100.636491316,36100.687721005,38.3330078125,38.3330078125,0,,0
14803,GF-6-CAM-18,36100.877658749,36100.880283361,36100.943207278,38.3330078125,38.3330078125,0,,0
14805,GF-6-CAM-18,36101.125896938,36101.126931205,36101.179810439,38.3330078125,38.3330078125,0,,0
14807,GF-6-CAM-18,36101.356489575,36101.357742092,36101.418217574,38.3330078125,38.3330078125,0,,0
14809,GF-6-CAM-18,36101.627914223,36101.628726676,36101.686427728,38.3330078125,38.3330078125,0,,0
14811,GF-6-CAM-18,36101.893025781,36101.894301018,36101.94656629,38.3330078125,38.3330078125,0,,0
14813,GF-6-CAM-18,36102.135491208,36102.137448439,36102.190983183,38.3330078125,38.3330078125,0,,0
14815,GF-6-CAM-18,36102.371472511,36102.372703267,36102.438131725,38.3330078125,38.3330078125,0,,0
14817,GF-6-CAM-18,36102.631963478,36102.632708781,36102.686375101,38.3330078125,38.3330078125,0,,0
14819,GF-6-CAM-18,36102.883750703,36102.886253849,36102.940993257,38.3330078125,38.3330078125,0,,0
14821,GF-6-CAM-18,36103.140168272,36103.142948745,36103.21610038,38.3330078125,38.3330078125,0,,0
14823,GF-6-CAM-18,36103.394243227,36103.400989307,36103.480374481,38.3330078125,38.3330078125,0,,0
14825,GF-6-CAM-18,36103.658781695,36103.66053041,36103.706170302,38.3330078125,38.3330078125,0,,0
14827,GF-6-CAM-18,36103.883173573,36103.884415598,36103.946241428,38.3330078125,38.3330078125,0,,0
14829,GF-6-CAM-18,36104.123799453,36104.124743228,36104.202916941,38.3330078125,38.3330078125,0,,0
14831,GF-6-CAM-18,36104.386562673,36104.387450831,36104.444402127,38.3330078125,38.3330078125,0,,0
14833,GF-6-CAM-18,36104.634927527,36104.63607006,36104.693121913,38.3330078125,38.3330078125,0,,0
14835,GF-6-CAM-18,36104.907643444,36104.909392324,36104.986387652,38.3330078125,38.3330078125,0,,0
14837,GF-6-CAM-18,36105.187587339,36105.192461542,36105.237728582,38.3330078125,38.3330078125,0,,0
14839,GF-6-CAM-18,36105.438819014,36105.441809158,36105.524262133,38.3330078125,38.3330078125,0,,0
14841,GF-6-CAM-18,36105.701417353,36105.702924442,36105.761763116,38.3330078125,38.3330078125,0,,0
14843,GF-6-CAM-18,36105.953787272,36105.954896507,36106.006420461,38.3330078125,38.3330078125,0,,0
14845,GF-6-CAM-18,36106.206218433,36106.209299807,36106.273920923,38.3330078125,38.3330078125,0,,0
14847,GF-6-CAM-18,36106.472547515,36106.473243503,36106.538458042,38.3330078125,38.3330078125,0,,0
14849,GF-6-CAM-18,36106.721820572,36106.722574359,36106.782512285,38.3330078125,38.3330078125,0,,0
14851,GF-6-CAM-18,36106.977240548,36106.979601143,36107.040547698,38.3330078125,38.3330078125,0,,0
14853,GF-6-CAM-18,36107.228041699,36107.229066869,36107.273406432,38.3330078125,38.3330078125,0,,0
14855,GF-6-CAM-18,36107.446342245,36107.447633826,36107.499779725,38.3330078125,38.3330078125,0,,0
14857,GF-6-CAM-18,36107.684071086,36107.68482952,36107.751342237,38.3330078125,38.3330078125,0,,0
14859,GF-6-CAM-18,36107.918297484,36107.918842468,36107.998943303,38.3330078125,38.3330078125,0,,0
14861,GF-6-CAM-18,36108.171849768,36108.175957889,36108.241418781,38.3330078125,38.3330078125,0,,0
14863,GF-6-CAM-18,36108.427319296,36108.428616476,36108.472543626,38.3330078125,38.3330078125,0,,0
14865,GF-6-CAM-18,36108.670303537,36108.671539291,36108.735093689,38.3330078125,38.3330078125,0,,0
14867,GF-6-CAM-18,36108.909581891,36108.910812507,36108.951490497,38.3330078125,38.3330078125,0,,0
14869,GF-6-CAM-18,36109.140805621,36109.141595384,36109.198809745,38.3330078125,38.3330078125,0,,0
14871,GF-6-CAM-18,36109.378551853,36109.379420299,36109.43226649,38.3330078125,38.3330078125,0,,0
14873,GF-6-CAM-18,36109.625432941,36109.626379501,36109.699896425,38.3330078125,38.3330078125,0,,0
14875,GF-6-CAM-18,36109.883955789,36109.885352662,36109.93721431,38.3330078125,38.3330078125,0,,0
14877,GF-6-CAM-18,36110.112214447,36110.113293413,36110.184648978,38.3330078125,38.3330078125,0,,0
14879,GF-6-CAM-18,36110.352620843,36110.354128182,36110.397709343,38.3330078125,38.3330078125,0,,0
14881,GF-6-CAM-18,36110.617129631,36110.618174315,36110.671950376,38.3330078125,38.3330078125,0,,0
14883,GF-6-CAM-18,36110.854538316,36110.85764189,36110.899241689,38.3330078125,38.3330078125,0,,0
14885,GF-6-CAM-18,36111.099044393,36111.100668884,36111.148865366,38.3330078125,38.3330078125,0,,0
14887,GF-6-CAM-18,36111.348763559,36111.351822162,36111.40481654,38.3330078125,38.3330078125,0,,0
14889,GF-6-CAM-18,36111.588441863,36111.590270744,36111.663679287,38.3330078125,38.3330078125,0,,0
14891,GF-6-CAM-18,36111.853502292,36111.855538691,36111.897377396,38.3330078125,38.3330078125,0,,0
14893,GF-6-CAM-18,36112.074451781,36112.075402295,36112.139680924,38.3330078125,38.3330078125,0,,0
14895,GF-6-CAM-18,36112.300286551,36112.302358922,36112.360241083,38.3330078125,38.3330078125,0,,0
14897,GF-6-CAM-18,36112.551170395,36112.552162262,36112.602367076,38.3330078125,38.3330078125,0,,0
14899,GF-6-CAM-18,36112.793275617,36112.7956755,36112.844417231,38.3330078125,38.3330078125,0,,0
16321,GF-6-CAM-18,36296.619460532,36296.624812038,36296.677229489,38.33349609375,38.3330078125,0,,0
20823,GF-6-CAM-18,36811.756049863,36811.756577766,36811.790535705,38.33349609375,38.3330078125,0,,0
20825,GF-6-CAM-18,36811.918085104,36811.918783378,36811.957435742,38.3330078125,38.3330078125,0,,0
20827,GF-6-CAM-18,36812.096164649,36812.096663957,36812.137116803,38.3330078125,38.3330078125,0,,0
20831,GF-6-CAM-18,36812.497044118,36812.497633289,36812.534241773,38.33349609375,38.3330078125,0,,0
33655,GF-6-CAM-18,37870.531305398,37870.531876008,37870.569359211,38.33349609375,38.3330078125,0,,0
33777,GF-6-CAM-18,37880.150532663,37880.152602035,37880.200903174,38.33349609375,38.3330078125,0,,0
33783,GF-6-CAM-18,37880.635480974,37880.636549832,37880.686224868,38.33349609375,38.3330078125,0,,0
33785,GF-6-CAM-18,37880.797174943,37880.797557192,37880.824645704,38.3330078125,38.3330078125,0,,0
34089,GF-6-CAM-18,37905.944270377,37905.944890216,37905.984774497,38.33349609375,38.3330078125,0,,0
34091,GF-6-CAM-18,37906.096409231,37906.097024331,37906.121292343,38.3330078125,38.3330078125,0,,0
34093,GF-6-CAM-18,37906.235690258,37906.236227698,37906.266056884,38.3330078125,38.3330078125,0,,0
34095,GF-6-CAM-18,37906.40549097,37906.405846491,37906.437301926,38.3330078125,38.3330078125,0,,0
34103,GF-6-CAM-18,37907.043236339,37907.043885415,37907.076976371,38.33349609375,38.3330078125,0,,0
34105,GF-6-CAM-18,37907.194939826,37907.19661905,37907.238971173,38.3330078125,38.3330078125,0,,0
34107,GF-6-CAM-18,37907.350474957,37907.351185534,37907.384480031,38.3330078125,38.3330078125,0,,0
34109,GF-6-CAM-18,37907.514694185,37907.515275383,37907.545230677,38.3330078125,38.3330078125,0,,0
34115,GF-6-CAM-18,37907.962170392,37907.962758139,37907.995718578,38.33349609375,38.3330078125,0,,0
34117,GF-6-CAM-18,37908.106343032,37908.106944141,37908.142422192,38.3330078125,38.3330078125,0,,0
34119,GF-6-CAM-18,37908.262191554,37908.267876484,37908.306696478,38.3330078125,38.3330078125,0,,0
34121,GF-6-CAM-18,37908.42297183,37908.423739673,37908.467209242,38.3330078125,38.3330078125,0,,0
34123,GF-6-CAM-18,37908.579306248,37908.57966917,37908.621734045,38.3330078125,38.3330078125,0,,0
34125,GF-6-CAM-18,37908.73620446,37908.736991951,37908.772764233,38.3330078125,38.3330078125,0,,0
34291,GF-6-CAM-18,37922.018464855,37922.018857768,37922.053370565,38.33349609375,38.3330078125,0,,0
34293,GF-6-CAM-18,37922.177276823,37922.179521061,37922.204174736,38.3330078125,38.3330078125,0,,0
34295,GF-6-CAM-18,37922.321071046,37922.321434031,37922.354325019,38.3330078125,38.3330078125,0,,0
34297,GF-6-CAM-18,37922.476403983,37922.477249286,37922.505935322,38.3330078125,38.3330078125,0,,0
34299,GF-6-CAM-18,37922.624630743,37922.627479617,37922.648957179,38.3330078125,38.3330078125,0,,0
34301,GF-6-CAM-18,37922.761168397,37922.761680738,37922.785681436,38.3330078125,38.3330078125,0,,0
34303,GF-6-CAM-18,37922.895990472,37922.896742088,37922.932559408,38.3330078125,38.3330078125,0,,0
34305,GF-6-CAM-18,37923.050387677,37923.051293842,37923.086168568,38.3330078125,38.3330078125,0,,0
34307,GF-6-CAM-18,37923.200050726,37923.201338048,37923.230132615,38.3330078125,38.3330078125,0,,0
34309,GF-6-CAM-18,37923.351709686,37923.35210267,37923.39503164,38.3330078125,38.3330078125,0,,0
34311,GF-6-CAM-18,37923.51256962,37923.513143448,37923.546187494,38.3330078125,38.3330078125,0,,0
34313,GF-6-CAM-18,37923.680412491,37923.681050416,37923.710476363,38.3330078125,38.3330078125,0,,0
34337,GF-6-CAM-18,37925.529467995,37925.530046037,37925.557334567,38.33349609375,38.3330078125,0,,0
34339,GF-6-CAM-18,37925.670976315,37925.671654248,37925.699765224,38.3330078125,38.3330078125,0,,0
34359,GF-6-CAM-18,37927.178197239,37927.178773182,37927.207115929,38.33349609375,38.3330078125,0,,0
34365,GF-6-CAM-18,37927.633781192,37927.634321508,37927.670695575,38.33349609375,38.3330078125,0,,0
34367,GF-6-CAM-18,37927.771259285,37927.771855775,37927.796608101,38.3330078125,38.3330078125,0,,0
34375,GF-6-CAM-18,37928.344739549,37928.345327076,37928.366999427,38.33349609375,38.3330078125,0,,0
34377,GF-6-CAM-18,37928.493245991,37928.493680185,37928.510024814,38.3330078125,38.3330078125,0,,0
34379,GF-6-CAM-18,37928.613863185,37928.614233776,37928.654257726,38.3330078125,38.3330078125,0,,0
34381,GF-6-CAM-18,37928.770283829,37928.770693031,37928.813401689,38.3330078125,38.3330078125,0,,0
34383,GF-6-CAM-18,37928.939145004,37928.939819923,37928.961750849,38.3330078125,38.3330078125,0,,0
34385,GF-6-CAM-18,37929.101710408,37929.102414135,37929.13203239,38.3330078125,38.3330078125,0,,0
34387,GF-6-CAM-18,37929.234658192,37929.235775097,37929.266771932,38.3330078125,38.3330078125,0,,0
34389,GF-6-CAM-18,37929.375304404,37929.376381033,37929.411499679,38.3330078125,38.3330078125,0,,0
34391,GF-6-CAM-18,37929.512060785,37929.512888307,37929.549462632,38.3330078125,38.3330078125,0,,0
42639,GF-6-CAM-18,38576.967036723,38576.967822717,38576.998517598,38.33349609375,38.3330078125,0,,0
42641,GF-6-CAM-18,38577.111750596,38577.11204224,38577.131703177,38.3330078125,38.3330078125,0,,0
42643,GF-6-CAM-18,38577.24067064,38577.241349245,38577.284582376,38.3330078125,38.3330078125,0,,0
42645,GF-6-CAM-18,38577.377579879,38577.378123251,38577.406893721,38.3330078125,38.3330078125,0,,0
42647,GF-6-CAM-18,38577.519509015,38577.519858372,38577.545862667,38.3330078125,38.3330078125,0,,0
42649,GF-6-CAM-18,38577.662261025,38577.662826182,38577.690228377,38.3330078125,38.3330078125,0,,0
42651,GF-6-CAM-18,38577.804963876,38577.80557922,38577.838914863,38.3330078125,38.3330078125,0,,0
42653,GF-6-CAM-18,38577.969876687,38577.970789254,38578.002434527,38.3330078125,38.3330078125,0,,0
42655,GF-6-CAM-18,38578.112077621,38578.112492806,38578.148322132,38.3330078125,38.3330078125,0,,0
42657,GF-6-CAM-18,38578.267350602,38578.268136973,38578.302817087,38.3330078125,38.3330078125,0,,0
42659,GF-6-CAM-18,38578.415252577,38578.416183114,38578.448922562,38.3330078125,38.3330078125,0,,0
42661,GF-6-CAM-18,38578.583991737,38578.585082686,38578.605993359,38.3330078125,38.3330078125,0,,0
42663,GF-6-CAM-18,38578.732965413,38578.735553838,38578.769138235,38.3330078125,38.3330078125,0,,0
42665,GF-6-CAM-18,38578.887684267,38578.888050291,38578.921186803,38.3330078125,38.3330078125,0,,0
42667,GF-6-CAM-18,38579.038760236,38579.039177035,38579.065499604,38.3330078125,38.3330078125,0,,0
42669,GF-6-CAM-18,38579.169782716,38579.17179464,38579.199822855,38.3330078125,38.3330078125,0,,0
42671,GF-6-CAM-18,38579.32424782,38579.325268755,38579.353753439,38.3330078125,38.3330078125,0,,0
42673,GF-6-CAM-18,38579.466402637,38579.466880987,38579.490371443,38.3330078125,38.3330078125,0,,0
42675,GF-6-CAM-18,38579.600661652,38579.600980111,38579.643703483,38.3330078125,38.3330078125,0,,0
42677,GF-6-CAM-18,38579.745108923,38579.745572335,38579.782044334,38.3330078125,38.3330078125,0,,0
42679,GF-6-CAM-18,38579.899375151,38579.899718421,38579.92518242,38.3330078125,38.3330078125,0,,0
42681,GF-6-CAM-18,38580.031125378,38580.031759192,38580.054454995,38.3330078125,38.3330078125,0,,0
42683,GF-6-CAM-18,38580.166100503,38580.169762115,38580.190210914,38.3330078125,38.3330078125,0,,0
42685,GF-6-CAM-18,38580.307133048,38580.307553358,38580.347377122,38.3330078125,38.3330078125,0,,0
42687,GF-6-CAM-18,38580.476572526,38580.477161141,38580.519258272,38.3330078125,38.3330078125,0,,0
42689,GF-6-CAM-18,38580.636315461,38580.636711497,38580.665647331,38.3330078125,38.3330078125,0,,0
42691,GF-6-CAM-18,38580.79762231,38580.798137255,38580.818377653,38.3330078125,38.3330078125,0,,0
42693,GF-6-CAM-18,38580.960370796,38580.963115573,38580.989418717,38.3330078125,38.3330078125,0,,0
42695,GF-6-CAM-18,38581.108847659,38581.109689961,38581.143849006,38.3330078125,38.3330078125,0,,0
42697,GF-6-CAM-18,38581.267690972,38581.268336732,38581.305319762,38.3330078125,38.3330078125,0,,0
42699,GF-6-CAM-18,38581.438666354,38581.439231747,38581.46674289,38.3330078125,38.3330078125,0,,0
42701,GF-6-CAM-18,38581.581595208,38581.58198216,38581.609569482,38.3330078125,38.3330078125,0,,0
42703,GF-6-CAM-18,38581.73806921,38581.73866118,38581.773957275,38.3330078125,38.3330078125,0,,0
42705,GF-6-CAM-18,38581.882841287,38581.883418807,38581.915947621,38.3330078125,38.3330078125,0,,0
42707,GF-6-CAM-18,38582.035524286,38582.036159809,38582.075527677,38.3330078125,38.3330078125,0,,0
42709,GF-6-CAM-18,38582.193510683,38582.193914002,38582.217165784,38.3330078125,38.3330078125,0,,0
42711,GF-6-CAM-18,38582.349987891,38582.350778548,38582.376671891,38.3330078125,38.3330078125,0,,0
42713,GF-6-CAM-18,38582.515100032,38582.515492999,38582.558228542,38.3330078125,38.3330078125,0,,0
42715,GF-6-CAM-18,38582.680093687,38582.680976106,38582.716465658,38.3330078125,38.3330078125,0,,0
42717,GF-6-CAM-18,38582.818762046,38582.819450946,38582.850474644,38.3330078125,38.3330078125,0,,0
42719,GF-6-CAM-18,38582.987958392,38582.988685139,38583.024354524,38.3330078125,38.3330078125,0,,0
42721,GF-6-CAM-18,38583.139015094,38583.141438242,38583.163770728,38.3330078125,38.3330078125,0,,0
42723,GF-6-CAM-18,38583.278179908,38583.27862788,38583.301495843,38.3330078125,38.3330078125,0,,0
42725,GF-6-CAM-18,38583.426159796,38583.426800113,38583.458450807,38.3330078125,38.3330078125,0,,0
42727,GF-6-CAM-18,38583.590511278,38583.591022023,38583.617999072,38.3330078125,38.3330078125,0,,0
42729,GF-6-CAM-18,38583.745887185,38583.74649922,38583.782033761,38.3330078125,38.3330078125,0,,0
42731,GF-6-CAM-18,38583.900504746,38583.901138272,38583.937827689,38.3330078125,38.3330078125,0,,0
42733,GF-6-CAM-18,38584.061791735,38584.062255206,38584.091360466,38.3330078125,38.3330078125,0,,0
42735,GF-6-CAM-18,38584.232608915,38584.233145188,38584.263483967,38.3330078125,38.3330078125,0,,0
42737,GF-6-CAM-18,38584.38997938,38584.390323601,38584.414911313,38.3330078125,38.3330078125,0,,0
42739,GF-6-CAM-18,38584.54768293,38584.54821201,38584.580687069,38.3330078125,38.3330078125,0,,0
42741,GF-6-CAM-18,38584.709230871,38584.709784353,38584.734239515,38.3330078125,38.3330078125,0,,0
42743,GF-6-CAM-18,38584.858511585,38584.858972595,38584.910314828,38.3330078125,38.3330078125,0,,0
42745,GF-6-CAM-18,38585.038320747,38585.039701489,38585.076634897,38.3330078125,38.3330078125,0,,0
42747,GF-6-CAM-18,38585.203043985,38585.203617808,38585.239544818,38.3330078125,38.3330078125,0,,0
42749,GF-6-CAM-18,38585.37162563,38585.37560844,38585.411517829,38.3330078125,38.3330078125,0,,0
42751,GF-6-CAM-18,38585.572932333,38585.573871543,38585.615513058,38.3330078125,38.3330078125,0,,0
42753,GF-6-CAM-18,38585.746841622,38585.748681409,38585.774218576,38.3330078125,38.3330078125,0,,0
42755,GF-6-CAM-18,38585.895669923,38585.896187652,38585.922177102,38.3330078125,38.3330078125,0,,0
42757,GF-6-CAM-18,38586.063623826,38586.064215211,38586.108986661,38.3330078125,38.3330078125,0,,0
42759,GF-6-CAM-18,38586.226397445,38586.227504222,38586.272691842,38.3330078125,38.3330078125,0,,0
42761,GF-6-CAM-18,38586.399123865,38586.40055598,38586.441887788,38.3330078125,38.3330078125,0,,0
42763,GF-6-CAM-18,38586.593695446,38586.59439769,38586.626431444,38.3330078125,38.3330078125,0,,0
42765,GF-6-CAM-18,38586.74060586,38586.743226597,38586.790222454,38.3330078125,38.3330078125,0,,0
42767,GF-6-CAM-18,38586.910109206,38586.910832301,38586.946152624,38.3330078125,38.3330078125,0,,0
42769,GF-6-CAM-18,38587.074821808,38587.075856271,38587.121169922,38.3330078125,38.3330078125,0,,0
42771,GF-6-CAM-18,38587.241902248,38587.242259281,38587.271038982,38.3330078125,38.3330078125,0,,0
42773,GF-6-CAM-18,38587.419769833,38587.420330938,38587.467482206,38.3330078125,38.3330078125,0,,0
42775,GF-6-CAM-18,38587.591884807,38587.592541173,38587.631257277,38.3330078125,38.3330078125,0,,0
42777,GF-6-CAM-18,38587.756644536,38587.757574698,38587.792481732,38.3330078125,38.3330078125,0,,0
42779,GF-6-CAM-18,38587.925133952,38587.925763233,38587.949706404,38.3330078125,38.3330078125,0,,0
42781,GF-6-CAM-18,38588.087949747,38588.089250024,38588.125118361,38.3330078125,38.3330078125,0,,0
42783,GF-6-CAM-18,38588.253681051,38588.254331337,38588.295537204,38.3330078125,38.3330078125,0,,0
42785,GF-6-CAM-18,38588.409295224,38588.409584248,38588.445322722,38.3330078125,38.3330078125,0,,0
42787,GF-6-CAM-18,38588.573778582,38588.57433326,38588.60907445,38.3330078125,38.3330078125,0,,0
42789,GF-6-CAM-18,38588.723946263,38588.724675792,38588.757462198,38.3330078125,38.3330078125,0,,0
42791,GF-6-CAM-18,38588.882233529,38588.882695513,38588.92215002,38.3330078125,38.3330078125,0,,0
42793,GF-6-CAM-18,38589.053732936,38589.054202333,38589.096960778,38.3330078125,38.3330078125,0,,0
42795,GF-6-CAM-18,38589.227450942,38589.22797482,38589.261127159,38.3330078125,38.3330078125,0,,0
42797,GF-6-CAM-18,38589.389784615,38589.390666782,38589.422290767,38.3330078125,38.3330078125,0,,0
42799,GF-6-CAM-18,38589.56303343,38589.563802099,38589.601859939,38.3330078125,38.3330078125,0,,0
42801,GF-6-CAM-18,38589.723618697,38589.724573904,38589.762361982,38.3330078125,38.3330078125,0,,0
42803,GF-6-CAM-18,38589.882303494,38589.882907146,38589.914476138,38.3330078125,38.3330078125,0,,0
42805,GF-6-CAM-18,38590.036085747,38590.037515769,38590.076428423,38.3330078125,38.3330078125,0,,0
42807,GF-6-CAM-18,38590.20455799,38590.207609991,38590.240858936,38.3330078125,38.3330078125,0,,0
42809,GF-6-CAM-18,38590.372398949,38590.372879125,38590.401985381,38.3330078125,38.3330078125,0,,0
42811,GF-6-CAM-18,38590.529978651,38590.530920475,38590.567469719,38.3330078125,38.3330078125,0,,0
42813,GF-6-CAM-18,38590.696548477,38590.697161816,38590.731199049,38.3330078125,38.3330078125,0,,0
42815,GF-6-CAM-18,38590.886152569,38590.887089766,38590.924813902,38.3330078125,38.3330078125,0,,0
42817,GF-6-CAM-18,38591.054506054,38591.05706334,38591.105999879,38.3330078125,38.3330078125,0,,0
42819,GF-6-CAM-18,38591.218750833,38591.220058611,38591.246360403,38.3330078125,38.3330078125,0,,0
42821,GF-6-CAM-18,38591.357633319,38591.35848565,38591.392828115,38.3330078125,38.3330078125,0,,0
42823,GF-6-CAM-18,38591.518447232,38591.518835698,38591.552442478,38.3330078125,38.3330078125,0,,0
42825,GF-6-CAM-18,38591.673182474,38591.673712888,38591.709565544,38.3330078125,38.3330078125,0,,0
42827,GF-6-CAM-18,38591.838317614,38591.839383937,38591.876499529,38.3330078125,38.3330078125,0,,0
42829,GF-6-CAM-18,38592.010503615,38592.010892563,38592.048794075,38.3330078125,38.3330078125,0,,0
42831,GF-6-CAM-18,38592.172454803,38592.172901209,38592.202091723,38.3330078125,38.3330078125,0,,0
42833,GF-6-CAM-18,38592.322265452,38592.322794445,38592.35522593,38.3330078125,38.3330078125,0,,0
42835,GF-6-CAM-18,38592.479088538,38592.479919344,38592.514683977,38.3330078125,38.3330078125,0,,0
42837,GF-6-CAM-18,38592.647730284,38592.648344874,38592.669136901,38.3330078125,38.3330078125,0,,0
42839,GF-6-CAM-18,38592.797139717,38592.797629141,38592.818592342,38.3330078125,38.3330078125,0,,0
42841,GF-6-CAM-18,38592.932792844,38592.934348446,38592.964878637,38.3330078125,38.3330078125,0,,0
42843,GF-6-CAM-18,38593.084324289,38593.08535852,38593.126860372,38.3330078125,38.3330078125,0,,0
42845,GF-6-CAM-18,38593.243420822,38593.244808769,38593.279456636,38.3330078125,38.3330078125,0,,0
42847,GF-6-CAM-18,38593.388391654,38593.388827987,38593.433357466,38.3330078125,38.3330078125,0,,0
42849,GF-6-CAM-18,38593.543619303,38593.544178246,38593.601214252,38.3330078125,38.3330078125,0,,0
42851,GF-6-CAM-18,38593.72831027,38593.729736143,38593.763144098,38.3330078125,38.3330078125,0,,0
42853,GF-6-CAM-18,38593.892767802,38593.895925308,38593.935679724,38.3330078125,38.3330078125,0,,0
42855,GF-6-CAM-18,38594.078869715,38594.07962214,38594.117735421,38.3330078125,38.3330078125,0,,0
42857,GF-6-CAM-18,38594.251885913,38594.252642109,38594.292762097,38.3330078125,38.3330078125,0,,0
42859,GF-6-CAM-18,38594.415132191,38594.415743095,38594.447088544,38.3330078125,38.3330078125,0,,0
42861,GF-6-CAM-18,38594.574434071,38594.575132531,38594.612275902,38.3330078125,38.3330078125,0,,0
42863,GF-6-CAM-18,38594.735713695,38594.736862194,38594.772784647,38.3330078125,38.3330078125,0,,0
42865,GF-6-CAM-18,38594.90616722,38594.90669983,38594.936377578,38.3330078125,38.3330078125,0,,0
42867,GF-6-CAM-18,38595.064812335,38595.065391588,38595.110399117,38.3330078125,38.3330078125,0,,0
42869,GF-6-CAM-18,38595.23113503,38595.233080636,38595.261814755,38.3330078125,38.3330078125,0,,0
42871,GF-6-CAM-18,38595.368299404,38595.369053831,38595.404433411,38.3330078125,38.3330078125,0,,0
42873,GF-6-CAM-18,38595.521478072,38595.522391476,38595.556477435,38.3330078125,38.3330078125,0,,0
42875,GF-6-CAM-18,38595.663017223,38595.663419747,38595.70988703,38.3330078125,38.3330078125,0,,0
42877,GF-6-CAM-18,38595.820884727,38595.821808874,38595.865359191,38.3330078125,38.3330078125,0,,0
42879,GF-6-CAM-18,38595.973016324,38595.974158088,38596.013270164,38.3330078125,38.3330078125,0,,0
42881,GF-6-CAM-18,38596.1262619,38596.12666116,38596.158613418,38.3330078125,38.3330078125,0,,0
42883,GF-6-CAM-18,38596.281576005,38596.282167319,38596.318506383,38.3330078125,38.3330078125,0,,0
42885,GF-6-CAM-18,38596.439895306,38596.440339222,38596.475040566,38.3330078125,38.3330078125,0,,0
42887,GF-6-CAM-18,38596.585623842,38596.585924937,38596.632213027,38.3330078125,38.3330078125,0,,0
42889,GF-6-CAM-18,38596.752931407,38596.753509381,38596.804300095,38.3330078125,38.3330078125,0,,0
42891,GF-6-CAM-18,38596.909395322,38596.90992136,38596.955444862,38.3330078125,38.3330078125,0,,0
42893,GF-6-CAM-18,38597.062371276,38597.065172894,38597.091424777,38.3330078125,38.3330078125,0,,0
42895,GF-6-CAM-18,38597.199804774,38597.200165414,38597.221665722,38.3330078125,38.3330078125,0,,0
42897,GF-6-CAM-18,38597.330645425,38597.331091246,38597.356032618,38.3330078125,38.3330078125,0,,0
42899,GF-6-CAM-18,38597.476262281,38597.476809078,38597.508480161,38.3330078125,38.3330078125,0,,0
42901,GF-6-CAM-18,38597.636595473,38597.637093651,38597.665188728,38.3330078125,38.3330078125,0,,0
42903,GF-6-CAM-18,38597.7809483,38597.781407937,38597.81036048,38.3330078125,38.3330078125,0,,0
42905,GF-6-CAM-18,38597.923619678,38597.924550205,38597.96203522,38.3330078125,38.3330078125,0,,0
42907,GF-6-CAM-18,38598.077399487,38598.077956285,38598.122699471,38.3330078125,38.3330078125,0,,0
42909,GF-6-CAM-18,38598.238554602,38598.238962993,38598.267425753,38.3330078125,38.3330078125,0,,0
42911,GF-6-CAM-18,38598.395563688,38598.395962105,38598.433534995,38.3330078125,38.3330078125,0,,0
42913,GF-6-CAM-18,38598.561608587,38598.562135431,38598.591179236,38.3330078125,38.3330078125,0,,0
42915,GF-6-CAM-18,38598.72515395,38598.725467436,38598.754438568,38.3330078125,38.3330078125,0,,0
42917,GF-6-CAM-18,38598.877244006,38598.878059818,38598.913032327,38.3330078125,38.3330078125,0,,0
42919,GF-6-CAM-18,38599.034082792,38599.03542502,38599.072065275,38.3330078125,38.3330078125,0,,0
42921,GF-6-CAM-18,38599.210336755,38599.210898533,38599.237950087,38.3330078125,38.3330078125,0,,0
42923,GF-6-CAM-18,38599.37593246,38599.376538356,38599.418751182,38.3330078125,38.3330078125,0,,0
42925,GF-6-CAM-18,38599.560270609,38599.560914074,38599.594895914,38.3330078125,38.3330078125,0,,0
42927,GF-6-CAM-18,38599.702071302,38599.702392591,38599.733590924,38.3330078125,38.3330078125,0,,0
42929,GF-6-CAM-18,38599.859081065,38599.862094112,38599.899975644,38.3330078125,38.3330078125,0,,0
42931,GF-6-CAM-18,38600.016180367,38600.019195355,38600.055117202,38.3330078125,38.3330078125,0,,0
42933,GF-6-CAM-18,38600.170227832,38600.170589008,38600.226458554,38.3330078125,38.3330078125,0,,0
42935,GF-6-CAM-18,38600.352134868,38600.35269557,38600.399179046,38.3330078125,38.3330078125,0,,0
42937,GF-6-CAM-18,38600.530102325,38600.530586627,38600.56629731,38.3330078125,38.3330078125,0,,0
42939,GF-6-CAM-18,38600.694817453,38600.695385182,38600.723662743,38.3330078125,38.3330078125,0,,0
42941,GF-6-CAM-18,38600.848409747,38600.848898926,38600.883140903,38.3330078125,38.3330078125,0,,0
42943,GF-6-CAM-18,38601.007138963,38601.008030397,38601.041259899,38.3330078125,38.3330078125,0,,0
42945,GF-6-CAM-18,38601.170447385,38601.171161312,38601.213604835,38.3330078125,38.3330078125,0,,0
42947,GF-6-CAM-18,38601.339316076,38601.340167178,38601.382223286,38.3330078125,38.3330078125,0,,0
42949,GF-6-CAM-18,38601.511325911,38601.512690991,38601.545399906,38.3330078125,38.3330078125,0,,0
42951,GF-6-CAM-18,38601.679637685,38601.680258859,38601.727870981,38.3330078125,38.3330078125,0,,0
42953,GF-6-CAM-18,38601.869867624,38601.870517426,38601.895362656,38.3330078125,38.3330078125,0,,0
42955,GF-6-CAM-18,38602.02977123,38602.030590754,38602.070808248,38.3330078125,38.3330078125,0,,0
42957,GF-6-CAM-18,38602.203590013,38602.20429635,38602.249043821,38.3330078125,38.3330078125,0,,0
42959,GF-6-CAM-18,38602.390679733,38602.391792608,38602.427230584,38.3330078125,38.3330078125,0,,0
42961,GF-6-CAM-18,38602.55808351,38602.558969549,38602.588039563,38.3330078125,38.3330078125,0,,0
42963,GF-6-CAM-18,38602.721074221,38602.72314567,38602.768119686,38.3330078125,38.3330078125,0,,0
42965,GF-6-CAM-18,38602.888195365,38602.888901532,38602.937867701,38.3330078125,38.3330078125,0,,0
42967,GF-6-CAM-18,38603.043072343,38603.044125464,38603.074271087,38.3330078125,38.3330078125,0,,0
42969,GF-6-CAM-18,38603.188410266,38603.18875508,38603.226880773,38.3330078125,38.3330078125,0,,0
42971,GF-6-CAM-18,38603.360661583,38603.361171615,38603.402906811,38.3330078125,38.3330078125,0,,0
42973,GF-6-CAM-18,38603.545492909,38603.546165197,38603.588318504,38.3330078125,38.3330078125,0,,0
42975,GF-6-CAM-18,38603.719477361,38603.71983379,38603.749253989,38.3330078125,38.3330078125,0,,0
42977,GF-6-CAM-18,38603.857862915,38603.858504838,38603.894865145,38.3330078125,38.3330078125,0,,0
42979,GF-6-CAM-18,38603.996959125,38603.997433061,38604.022610497,38.3330078125,38.3330078125,0,,0
42981,GF-6-CAM-18,38604.168408832,38604.16892017,38604.212973378,38.3330078125,38.3330078125,0,,0
42983,GF-6-CAM-18,38604.339868339,38604.340290433,38604.372343347,38.3330078125,38.3330078125,0,,0
42985,GF-6-CAM-18,38604.509963561,38604.510853886,38604.533975437,38.3330078125,38.3330078125,0,,0
42987,GF-6-CAM-18,38604.672533841,38604.673298375,38604.711624922,38.3330078125,38.3330078125,0,,0
42989,GF-6-CAM-18,38604.869059542,38604.870558034,38604.927938665,38.3330078125,38.3330078125,0,,0
42991,GF-6-CAM-18,38605.043768444,38605.044473686,38605.08961312,38.3330078125,38.3330078125,0,,0
42993,GF-6-CAM-18,38605.188064972,38605.192019995,38605.214678873,38.3330078125,38.3330078125,0,,0
42995,GF-6-CAM-18,38605.346181279,38605.346805062,38605.38507015,38.3330078125,38.3330078125,0,,0
42997,GF-6-CAM-18,38605.508074975,38605.508522941,38605.533604814,38.3330078125,38.3330078125,0,,0
42999,GF-6-CAM-18,38605.643799044,38605.644264439,38605.671383133,38.3330078125,38.3330078125,0,,0
43001,GF-6-CAM-18,38605.790772363,38605.791505454,38605.819745586,38.3330078125,38.3330078125,0,,0
43003,GF-6-CAM-18,38605.928937812,38605.929566629,38605.978105197,38.3330078125,38.3330078125,0,,0
43005,GF-6-CAM-18,38606.109315513,38606.110092968,38606.13940482,38.3330078125,38.3330078125,0,,0
43007,GF-6-CAM-18,38606.270479629,38606.271318853,38606.310204358,38.3330078125,38.3330078125,0,,0
43009,GF-6-CAM-18,38606.436532738,38606.436888611,38606.467353814,38.3330078125,38.3330078125,0,,0
43011,GF-6-CAM-18,38606.573275732,38606.573625517,38606.600157393,38.3330078125,38.3330078125,0,,0
43013,GF-6-CAM-18,38606.733810426,38606.734461603,38606.771325205,38.3330078125,38.3330078125,0,,0
43015,GF-6-CAM-18,38606.878263347,38606.879057353,38606.916148774,38.3330078125,38.3330078125,0,,0
43017,GF-6-CAM-18,38607.02907087,38607.030084585,38607.057236587,38.3330078125,38.3330078125,0,,0
43019,GF-6-CAM-18,38607.169332319,38607.169801352,38607.193182765,38.3330078125,38.3330078125,0,,0
43021,GF-6-CAM-18,38607.307820983,38607.309194297,38607.354173756,38.3330078125,38.3330078125,0,,0
43023,GF-6-CAM-18,38607.462289676,38607.463356326,38607.494773236,38.3330078125,38.3330078125,0,,0
43025,GF-6-CAM-18,38607.600415277,38607.601292185,38607.632590947,38.3330078125,38.3330078125,0,,0
43027,GF-6-CAM-18,38607.743556544,38607.744437741,38607.783311762,38.3330078125,38.3330078125,0,,0
43029,GF-6-CAM-18,38607.884651059,38607.885510073,38607.916128964,38.3330078125,38.3330078125,0,,0
43031,GF-6-CAM-18,38608.03525349,38608.035751008,38608.055352236,38.3330078125,38.3330078125,0,,0
43033,GF-6-CAM-18,38608.170373418,38608.173349373,38608.20897709,38.3330078125,38.3330078125,0,,0
43035,GF-6-CAM-18,38608.318791623,38608.319305233,38608.353206051,38.3330078125,38.3330078125,0,,0
43037,GF-6-CAM-18,38608.472571053,38608.473103466,38608.496886452,38.3330078125,38.3330078125,0,,0
43039,GF-6-CAM-18,38608.610468622,38608.611178664,38608.634593685,38.3330078125,38.3330078125,0,,0
43041,GF-6-CAM-18,38608.765320105,38608.76615543,38608.790844836,38.3330078125,38.3330078125,0,,0
43043,GF-6-CAM-18,38608.892213658,38608.892765229,38608.919380185,38.3330078125,38.3330078125,0,,0
43045,GF-6-CAM-18,38609.027273842,38609.027631123,38609.052901927,38.3330078125,38.3330078125,0,,0
43047,GF-6-CAM-18,38609.182402456,38609.183167947,38609.206108483,38.3330078125,38.3330078125,0,,0
43049,GF-6-CAM-18,38609.322914075,38609.32354844,38609.351929409,38.3330078125,38.3330078125,0,,0
43051,GF-6-CAM-18,38609.481212933,38609.481683205,38609.514056195,38.3330078125,38.3330078125,0,,0
43053,GF-6-CAM-18,38609.633345276,38609.633778122,38609.662307452,38.3330078125,38.3330078125,0,,0
43055,GF-6-CAM-18,38609.788068912,38609.790457065,38609.816591371,38.3330078125,38.3330078125,0,,0
43057,GF-6-CAM-18,38609.944760046,38609.945769243,38609.975649277,38.3330078125,38.3330078125,0,,0
43059,GF-6-CAM-18,38610.095093481,38610.095533965,38610.131128436,38.3330078125,38.3330078125,0,,0
43061,GF-6-CAM-18,38610.243710029,38610.244596843,38610.269927984,38.3330078125,38.3330078125,0,,0
43063,GF-6-CAM-18,38610.387759962,38610.388331257,38610.422585409,38.3330078125,38.3330078125,0,,0
43065,GF-6-CAM-18,38610.541378133,38610.543713071,38610.577457926,38.3330078125,38.3330078125,0,,0
43067,GF-6-CAM-18,38610.691338054,38610.692083555,38610.720459061,38.3330078125,38.3330078125,0,,0
43069,GF-6-CAM-18,38610.835802354,38610.836416147,38610.870501201,38.3330078125,38.3330078125,0,,0
43071,GF-6-CAM-18,38610.977416951,38610.978030704,38611.016404028,38.3330078125,38.3330078125,0,,0
43073,GF-6-CAM-18,38611.129029969,38611.129543277,38611.153986243,38.3330078125,38.3330078125,0,,0
43075,GF-6-CAM-18,38611.295651773,38611.296189704,38611.323015594,38.3330078125,38.3330078125,0,,0
43077,GF-6-CAM-18,38611.432964669,38611.433356883,38611.452304648,38.3330078125,38.3330078125,0,,0
43079,GF-6-CAM-18,38611.579149726,38611.579643043,38611.615695793,38.3330078125,38.3330078125,0,,0
43081,GF-6-CAM-18,38611.728904805,38611.729397041,38611.758255037,38.3330078125,38.3330078125,0,,0
43083,GF-6-CAM-18,38611.878453668,38611.879051672,38611.922079255,38.3330078125,38.3330078125,0,,0
43085,GF-6-CAM-18,38612.044220879,38612.044906426,38612.083507162,38.3330078125,38.3330078125,0,,0
43087,GF-6-CAM-18,38612.199102025,38612.199667231,38612.225051753,38.3330078125,38.3330078125,0,,0
43089,GF-6-CAM-18,38612.349323585,38612.35029293,38612.396532527,38.3330078125,38.3330078125,0,,0
43091,GF-6-CAM-18,38612.517905651,38612.518635051,38612.558858742,38.3330078125,38.3330078125,0,,0
43093,GF-6-CAM-18,38612.678955319,38612.679367225,38612.7059781,38.3330078125,38.3330078125,0,,0
43095,GF-6-CAM-18,38612.842109434,38612.842930738,38612.893566582,38.3330078125,38.3330078125,0,,0
43097,GF-6-CAM-18,38613.031584989,38613.033620446,38613.068266579,38.3330078125,38.3330078125,0,,0
43099,GF-6-CAM-18,38613.186504967,38613.187205083,38613.217904278,38.3330078125,38.3330078125,0,,0
43101,GF-6-CAM-18,38613.34489303,38613.346979943,38613.388139241,38.3330078125,38.3330078125,0,,0
43103,GF-6-CAM-18,38613.522217274,38613.523856212,38613.568420524,38.3330078125,38.3330078125,0,,0
43105,GF-6-CAM-18,38613.692952305,38613.695648072,38613.732232538,38.3330078125,38.3330078125,0,,0
43107,GF-6-CAM-18,38613.856830077,38613.857453624,38613.88970767,38.3330078125,38.3330078125,0,,0
43109,GF-6-CAM-18,38614.014811977,38614.015445144,38614.058269872,38.3330078125,38.3330078125,0,,0
43111,GF-6-CAM-18,38614.165708803,38614.166072339,38614.202204953,38.3330078125,38.3330078125,0,,0
43113,GF-6-CAM-18,38614.316873039,38614.317559389,38614.358876436,38.3330078125,38.3330078125,0,,0
43115,GF-6-CAM-18,38614.481660887,38614.482242264,38614.510692524,38.3330078125,38.3330078125,0,,0
43117,GF-6-CAM-18,38614.635156508,38614.635720134,38614.662320307,38.3330078125,38.3330078125,0,,0
43119,GF-6-CAM-18,38614.768949624,38614.769682077,38614.810409767,38.3330078125,38.3330078125,0,,0
43121,GF-6-CAM-18,38614.934091093,38614.934731881,38614.961494393,38.3330078125,38.3330078125,0,,0
43123,GF-6-CAM-18,38615.068118161,38615.068537428,38615.117591188,38.3330078125,38.3330078125,0,,0
43125,GF-6-CAM-18,38615.234237862,38615.234846556,38615.273800431,38.3330078125,38.3330078125,0,,0
43127,GF-6-CAM-18,38615.388029431,38615.389564162,38615.42818722,38.3330078125,38.3330078125,0,,0
43129,GF-6-CAM-18,38615.554590132,38615.555465226,38615.59233838,38.3330078125,38.3330078125,0,,0
43131,GF-6-CAM-18,38615.695691102,38615.696434514,38615.733386626,38.3330078125,38.3330078125,0,,0
43133,GF-6-CAM-18,38615.847630724,38615.84809353,38615.869553989,38.3330078125,38.3330078125,0,,0
43135,GF-6-CAM-18,38615.980083488,38615.980786007,38616.011947374,38.3330078125,38.3330078125,0,,0
43137,GF-6-CAM-18,38616.136792806,38616.137561188,38616.175150973,38.3330078125,38.3330078125,0,,0
43139,GF-6-CAM-18,38616.293165714,38616.29380622,38616.315528014,38.3330078125,38.3330078125,0,,0
43141,GF-6-CAM-18,38616.439812943,38616.441972587,38616.477505157,38.3330078125,38.3330078125,0,,0
43143,GF-6-CAM-18,38616.585475896,38616.586144302,38616.614350442,38.3330078125,38.3330078125,0,,0
43145,GF-6-CAM-18,38616.735764599,38616.736435379,38616.76387697,38.3330078125,38.3330078125,0,,0
43147,GF-6-CAM-18,38616.886200953,38616.886657141,38616.911622834,38.3330078125,38.3330078125,0,,0
43149,GF-6-CAM-18,38617.041827572,38617.042352476,38617.082511238,38.3330078125,38.3330078125,0,,0
43151,GF-6-CAM-18,38617.194401193,38617.19494445,38617.23196183,38.3330078125,38.3330078125,0,,0
43153,GF-6-CAM-18,38617.349600794,38617.350235526,38617.3826956,38.3330078125,38.3330078125,0,,0
43155,GF-6-CAM-18,38617.502142274,38617.503171988,38617.536302677,38.3330078125,38.3330078125,0,,0
43157,GF-6-CAM-18,38617.648127994,38617.648438995,38617.681430113,38.3330078125,38.3330078125,0,,0
43159,GF-6-CAM-18,38617.790111284,38617.797413722,38617.83079963,38.3330078125,38.3330078125,0,,0
43161,GF-6-CAM-18,38617.934485662,38617.93502561,38617.967922055,38.3330078125,38.3330078125,0,,0
43163,GF-6-CAM-18,38618.088712769,38618.090934464,38618.114442564,38.3330078125,38.3330078125,0,,0
43165,GF-6-CAM-18,38618.24293982,38618.243623023,38618.272687493,38.3330078125,38.3330078125,0,,0
43167,GF-6-CAM-18,38618.382092218,38618.382857139,38618.413955324,38.3330078125,38.3330078125,0,,0
43169,GF-6-CAM-18,38618.542366874,38618.543120645,38618.571088436,38.3330078125,38.3330078125,0,,0
43171,GF-6-CAM-18,38618.668488539,38618.671338019,38618.709540318,38.3330078125,38.3330078125,0,,0
43173,GF-6-CAM-18,38618.822687554,38618.823478925,38618.85234737,38.3330078125,38.3330078125,0,,0
43175,GF-6-CAM-18,38618.970152575,38618.97051322,38619.007164121,38.3330078125,38.3330078125,0,,0
43177,GF-6-CAM-18,38619.129631766,38619.130215439,38619.167707376,38.3330078125,38.3330078125,0,,0
43179,GF-6-CAM-18,38619.304539964,38619.30551952,38619.334149254,38.3330078125,38.3330078125,0,,0
43181,GF-6-CAM-18,38619.457144662,38619.457809579,38619.488416127,38.3330078125,38.3330078125,0,,0
43183,GF-6-CAM-18,38619.611586176,38619.61204805,38619.646045247,38.3330078125,38.3330078125,0,,0
43185,GF-6-CAM-18,38619.769298739,38619.769693322,38619.795655952,38.3330078125,38.3330078125,0,,0
43187,GF-6-CAM-18,38619.933775985,38619.934342313,38619.964106826,38.3330078125,38.3330078125,0,,0
43189,GF-6-CAM-18,38620.078240256,38620.079015379,38620.1067875,38.3330078125,38.3330078125,0,,0
43191,GF-6-CAM-18,38620.242528487,38620.244479765,38620.267188251,38.3330078125,38.3330078125,0,,0
43193,GF-6-CAM-18,38620.385938191,38620.386410063,38620.409638426,38.3330078125,38.3330078125,0,,0
43195,GF-6-CAM-18,38620.524607056,38620.525232762,38620.555512131,38.3330078125,38.3330078125,0,,0
43197,GF-6-CAM-18,38620.672187086,38620.672587839,38620.706653105,38.3330078125,38.3330078125,0,,0
43199,GF-6-CAM-18,38620.849005913,38620.849617684,38620.8846505,38.3330078125,38.3330078125,0,,0
43201,GF-6-CAM-18,38621.008827661,38621.009175755,38621.041866779,38.3330078125,38.3330078125,0,,0
43203,GF-6-CAM-18,38621.173752761,38621.174205646,38621.208206343,38.3330078125,38.3330078125,0,,0
43205,GF-6-CAM-18,38621.339573295,38621.340217105,38621.381262513,38.3330078125,38.3330078125,0,,0
43207,GF-6-CAM-18,38621.502297401,38621.503040117,38621.531953905,38.3330078125,38.3330078125,0,,0
43209,GF-6-CAM-18,38621.656027331,38621.656435713,38621.677908849,38.3330078125,38.3330078125,0,,0
43211,GF-6-CAM-18,38621.812847736,38621.813344981,38621.849576846,38.3330078125,38.3330078125,0,,0
43213,GF-6-CAM-18,38621.987299926,38621.987975981,38622.027806251,38.3330078125,38.3330078125,0,,0
43215,GF-6-CAM-18,38622.150937542,38622.15158171,38622.179376766,38.3330078125,38.3330078125,0,,0
43217,GF-6-CAM-18,38622.294146541,38622.294806448,38622.323014439,38.3330078125,38.3330078125,0,,0
43219,GF-6-CAM-18,38622.463548489,38622.466228193,38622.495530349,38.3330078125,38.3330078125,0,,0
43221,GF-6-CAM-18,38622.61922981,38622.62333756,38622.672842899,38.3330078125,38.3330078125,0,,0
43223,GF-6-CAM-18,38622.774759368,38622.775075633,38622.818165316,38.3330078125,38.3330078125,0,,0
43225,GF-6-CAM-18,38622.954774853,38622.957966263,38623.008527606,38.3330078125,38.3330078125,0,,0
43227,GF-6-CAM-18,38623.127225412,38623.127909189,38623.174864863,38.3330078125,38.3330078125,0,,0
43229,GF-6-CAM-18,38623.298845245,38623.299443277,38623.328491896,38.3330078125,38.3330078125,0,,0
43231,GF-6-CAM-18,38623.449371401,38623.450205009,38623.488986234,38.3330078125,38.3330078125,0,,0
43233,GF-6-CAM-18,38623.621490221,38623.622262421,38623.651285948,38.3330078125,38.3330078125,0,,0
43235,GF-6-CAM-18,38623.774808768,38623.775348901,38623.807536867,38.3330078125,38.3330078125,0,,0
43237,GF-6-CAM-18,38623.926659861,38623.927217693,38623.961898771,38.3330078125,38.3330078125,0,,0
43239,GF-6-CAM-18,38624.075313012,38624.076209081,38624.104418945,38.3330078125,38.3330078125,0,,0
43241,GF-6-CAM-18,38624.225894046,38624.226316377,38624.260542057,38.3330078125,38.3330078125,0,,0
43243,GF-6-CAM-18,38624.387703631,38624.388225927,38624.422976316,38.3330078125,38.3330078125,0,,0
43245,GF-6-CAM-18,38624.536344681,38624.538125698,38624.568179339,38.3330078125,38.3330078125,0,,0
43247,GF-6-CAM-18,38624.679552266,38624.679973489,38624.711245805,38.3330078125,38.3330078125,0,,0
43249,GF-6-CAM-18,38624.833233504,38624.833951295,38624.868918641,38.3330078125,38.3330078125,0,,0
43251,GF-6-CAM-18,38624.976102957,38624.976786868,38625.014558808,38.3330078125,38.3330078125,0,,0
43253,GF-6-CAM-18,38625.143325631,38625.14407301,38625.166593345,38.3330078125,38.3330078125,0,,0
43255,GF-6-CAM-18,38625.282590738,38625.283110115,38625.32489579,38.3330078125,38.3330078125,0,,0
43257,GF-6-CAM-18,38625.459401142,38625.459865815,38625.480088094,38.3330078125,38.3330078125,0,,0
43259,GF-6-CAM-18,38625.600725056,38625.601428517,38625.624867555,38.3330078125,38.3330078125,0,,0
43261,GF-6-CAM-18,38625.755258109,38625.755846861,38625.783559971,38.3330078125,38.3330078125,0,,0
43263,GF-6-CAM-18,38625.920450324,38625.921365368,38625.948563951,38.3330078125,38.3330078125,0,,0
43265,GF-6-CAM-18,38626.060164788,38626.060530041,38626.093703669,38.3330078125,38.3330078125,0,,0
43267,GF-6-CAM-18,38626.209854148,38626.21194725,38626.242133725,38.3330078125,38.3330078125,0,,0
43269,GF-6-CAM-18,38626.385299624,38626.386227417,38626.423261253,38.3330078125,38.3330078125,0,,0
43271,GF-6-CAM-18,38626.55443762,38626.555285461,38626.585041305,38.3330078125,38.3330078125,0,,0
43273,GF-6-CAM-18,38626.704562692,38626.70522642,38626.736184285,38.3330078125,38.3330078125,0,,0
43275,GF-6-CAM-18,38626.846617695,38626.847216101,38626.884634634,38.3330078125,38.3330078125,0,,0
43277,GF-6-CAM-18,38626.992442888,38626.992995636,38627.0199599,38.3330078125,38.3330078125,0,,0
43279,GF-6-CAM-18,38627.130952713,38627.131311835,38627.167623619,38.3330078125,38.3330078125,0,,0
43281,GF-6-CAM-18,38627.287636958,38627.288232489,38627.318015388,38.3330078125,38.3330078125,0,,0
43283,GF-6-CAM-18,38627.44840241,38627.452132674,38627.48642042,38.3330078125,38.3330078125,0,,0
43285,GF-6-CAM-18,38627.60760595,38627.608099153,38627.635825739,38.3330078125,38.3330078125,0,,0
43287,GF-6-CAM-18,38627.7634545,38627.764880554,38627.796974838,38.3330078125,38.3330078125,0,,0
43289,GF-6-CAM-18,38627.950130086,38627.950787786,38627.99032435,38.3330078125,38.3330078125,0,,0
43291,GF-6-CAM-18,38628.108410366,38628.109352667,38628.140682426,38.3330078125,38.3330078125,0,,0
43293,GF-6-CAM-18,38628.263844126,38628.266282101,38628.296860263,38.3330078125,38.3330078125,0,,0
43295,GF-6-CAM-18,38628.426023165,38628.42639411,38628.48104294,38.3330078125,38.3330078125,0,,0
43297,GF-6-CAM-18,38628.604362532,38628.604998862,38628.63726842,38.3330078125,38.3330078125,0,,0
43299,GF-6-CAM-18,38628.756105174,38628.756506134,38628.782791076,38.3330078125,38.3330078125,0,,0
43301,GF-6-CAM-18,38628.899517691,38628.900047735,38628.925733932,38.3330078125,38.3330078125,0,,0
43303,GF-6-CAM-18,38629.044172554,38629.044696701,38629.079803719,38.3330078125,38.3330078125,0,,0
43305,GF-6-CAM-18,38629.19976467,38629.200404632,38629.246153099,38.3330078125,38.3330078125,0,,0
43307,GF-6-CAM-18,38629.358349601,38629.358839449,38629.40035458,38.3330078125,38.3330078125,0,,0
43309,GF-6-CAM-18,38629.526521664,38629.527181273,38629.561102792,38.3330078125,38.3330078125,0,,0
43311,GF-6-CAM-18,38629.680098719,38629.681310755,38629.722371643,38.3330078125,38.3330078125,0,,0
43313,GF-6-CAM-18,38629.835940864,38629.837028073,38629.859112906,38.3330078125,38.3330078125,0,,0
43315,GF-6-CAM-18,38629.976570549,38629.977167312,38630.015968714,38.3330078125,38.3330078125,0,,0
43317,GF-6-CAM-18,38630.139188052,38630.139677871,38630.16508906,38.3330078125,38.3330078125,0,,0
43319,GF-6-CAM-18,38630.288684583,38630.289321583,38630.314412448,38.3330078125,38.3330078125,0,,0
43321,GF-6-CAM-18,38630.447160613,38630.447715512,38630.487973384,38.3330078125,38.3330078125,0,,0
43323,GF-6-CAM-18,38630.603526503,38630.603877846,38630.634782805,38.3330078125,38.3330078125,0,,0
43325,GF-6-CAM-18,38630.745772988,38630.746524461,38630.771760284,38.3330078125,38.3330078125,0,,0
43327,GF-6-CAM-18,38630.880665991,38630.881291763,38630.898877386,38.3330078125,38.3330078125,0,,0
43329,GF-6-CAM-18,38631.008089105,38631.008878695,38631.04133044,38.3330078125,38.3330078125,0,,0
43331,GF-6-CAM-18,38631.162737351,38631.163385894,38631.185095759,38.3330078125,38.3330078125,0,,0
43333,GF-6-CAM-18,38631.313489191,38631.31386223,38631.34034102,38.3330078125,38.3330078125,0,,0
43335,GF-6-CAM-18,38631.453680615,38631.454353777,38631.496803291,38.3330078125,38.3330078125,0,,0
43337,GF-6-CAM-18,38631.603039571,38631.603445288,38631.628145425,38.3330078125,38.3330078125,0,,0
43339,GF-6-CAM-18,38631.748433094,38631.748887591,38631.788483398,38.3330078125,38.3330078125,0,,0
43341,GF-6-CAM-18,38631.915157227,38631.915492477,38631.94022869,38.3330078125,38.3330078125,0,,0
43343,GF-6-CAM-18,38632.05009319,38632.05047142,38632.083380713,38.3330078125,38.3330078125,0,,0
43345,GF-6-CAM-18,38632.210204701,38632.214161918,38632.246887903,38.3330078125,38.3330078125,0,,0
43347,GF-6-CAM-18,38632.378372382,38632.379145309,38632.404601069,38.3330078125,38.3330078125,0,,0
43349,GF-6-CAM-18,38632.518698259,38632.519251658,38632.557274932,38.3330078125,38.3330078125,0,,0
43351,GF-6-CAM-18,38632.673147791,38632.673834866,38632.705759775,38.3330078125,38.3330078125,0,,0
43353,GF-6-CAM-18,38632.807518951,38632.807963362,38632.831888474,38.3330078125,38.3330078125,0,,0
43355,GF-6-CAM-18,38632.930287148,38632.930882882,38632.955760274,38.3330078125,38.3330078125,0,,0
43357,GF-6-CAM-18,38633.056302423,38633.056821571,38633.083489353,38.3330078125,38.3330078125,0,,0
43359,GF-6-CAM-18,38633.188412362,38633.188808148,38633.222690997,38.3330078125,38.3330078125,0,,0
43361,GF-6-CAM-18,38633.350598802,38633.351146273,38633.382362422,38.3330078125,38.3330078125,0,,0
43363,GF-6-CAM-18,38633.537541779,38633.53796333,38633.586934688,38.3330078125,38.3330078125,0,,0
43365,GF-6-CAM-18,38633.691165292,38633.691552936,38633.724527351,38.3330078125,38.3330078125,0,,0
43367,GF-6-CAM-18,38633.865048988,38633.86614929,38633.900012439,38.3330078125,38.3330078125,0,,0
43369,GF-6-CAM-18,38634.012523349,38634.013219817,38634.045241366,38.3330078125,38.3330078125,0,,0
43371,GF-6-CAM-18,38634.158289109,38634.158712498,38634.182502394,38.3330078125,38.3330078125,0,,0
43373,GF-6-CAM-18,38634.291608173,38634.29315226,38634.324197938,38.3330078125,38.3330078125,0,,0
43375,GF-6-CAM-18,38634.441839475,38634.442448226,38634.476031405,38.3330078125,38.3330078125,0,,0
43377,GF-6-CAM-18,38634.59585048,38634.596261302,38634.622074687,38.3330078125,38.3330078125,0,,0
43379,GF-6-CAM-18,38634.736208015,38634.738722615,38634.776212468,38.3330078125,38.3330078125,0,,0
43381,GF-6-CAM-18,38634.885487369,38634.886140103,38634.911190922,38.3330078125,38.3330078125,0,,0
43383,GF-6-CAM-18,38635.034575066,38635.035292299,38635.06355611,38.3330078125,38.3330078125,0,,0
43385,GF-6-CAM-18,38635.181702707,38635.182319428,38635.208896748,38.3330078125,38.3330078125,0,,0
43387,GF-6-CAM-18,38635.356576386,38635.358238845,38635.386759111,38.3330078125,38.3330078125,0,,0
43389,GF-6-CAM-18,38635.51062649,38635.511251795,38635.543274076,38.3330078125,38.3330078125,0,,0
43391,GF-6-CAM-18,38635.660542157,38635.660984308,38635.682641323,38.3330078125,38.3330078125,0,,0
43393,GF-6-CAM-18,38635.790951867,38635.791629402,38635.81534182,38.3330078125,38.3330078125,0,,0
43395,GF-6-CAM-18,38635.922514674,38635.922974718,38635.946839534,38.3330078125,38.3330078125,0,,0
43397,GF-6-CAM-18,38636.052349626,38636.052700375,38636.080092199,38.3330078125,38.3330078125,0,,0
43399,GF-6-CAM-18,38636.182348853,38636.18347431,38636.206034208,38.3330078125,38.3330078125,0,,0
43401,GF-6-CAM-18,38636.294625545,38636.295117898,38636.339144916,38.3330078125,38.3330078125,0,,0
43403,GF-6-CAM-18,38636.481135065,38636.482179387,38636.526922444,38.3330078125,38.3330078125,0,,0
43405,GF-6-CAM-18,38636.632608023,38636.632998841,38636.657850362,38.3330078125,38.3330078125,0,,0
43407,GF-6-CAM-18,38636.763466389,38636.766461656,38636.792860361,38.3330078125,38.3330078125,0,,0
43409,GF-6-CAM-18,38636.909262322,38636.911092167,38636.939912071,38.3330078125,38.3330078125,0,,0
43411,GF-6-CAM-18,38637.060159661,38637.061031771,38637.098936752,38.3330078125,38.3330078125,0,,0
43413,GF-6-CAM-18,38637.228520492,38637.229349808,38637.26260847,38.3330078125,38.3330078125,0,,0
43415,GF-6-CAM-18,38637.384233195,38637.384735592,38637.41163218,38.3330078125,38.3330078125,0,,0
43417,GF-6-CAM-18,38637.538991262,38637.539689693,38637.575187681,38.3330078125,38.3330078125,0,,0
43419,GF-6-CAM-18,38637.695233832,38637.695601253,38637.73302536,38.3330078125,38.3330078125,0,,0
43421,GF-6-CAM-18,38637.839208919,38637.839914728,38637.880696236,38.3330078125,38.3330078125,0,,0
43423,GF-6-CAM-18,38637.993202038,38637.993971642,38638.022635848,38.3330078125,38.3330078125,0,,0
43425,GF-6-CAM-18,38638.131453204,38638.133067454,38638.158205922,38.3330078125,38.3330078125,0,,0
43427,GF-6-CAM-18,38638.290796842,38638.292860322,38638.337141647,38.3330078125,38.3330078125,0,,0
43429,GF-6-CAM-18,38638.460185504,38638.460788362,38638.49834984,38.3330078125,38.3330078125,0,,0
43431,GF-6-CAM-18,38638.621896029,38638.622377683,38638.655652065,38.3330078125,38.3330078125,0,,0
43433,GF-6-CAM-18,38638.798551429,38638.799046965,38638.838021894,38.3330078125,38.3330078125,0,,0
43435,GF-6-CAM-18,38638.947451885,38638.947973378,38638.97882213,38.3330078125,38.3330078125,0,,0
43437,GF-6-CAM-18,38639.107486496,38639.107926291,38639.142440254,38.3330078125,38.3330078125,0,,0
43439,GF-6-CAM-18,38639.24272039,38639.243170462,38639.281703518,38.3330078125,38.3330078125,0,,0
43441,GF-6-CAM-18,38639.413404474,38639.413921235,38639.437888472,38.3330078125,38.3330078125,0,,0
43443,GF-6-CAM-18,38639.570109004,38639.570444775,38639.604547976,38.3330078125,38.3330078125,0,,0
43445,GF-6-CAM-18,38639.71374347,38639.714347871,38639.753493521,38.3330078125,38.3330078125,0,,0
43447,GF-6-CAM-18,38639.874882074,38639.875269739,38639.898452464,38.3330078125,38.3330078125,0,,0
43449,GF-6-CAM-18,38640.041758317,38640.04268297,38640.086843478,38.3330078125,38.3330078125,0,,0
43451,GF-6-CAM-18,38640.201275069,38640.201864076,38640.22370292,38.3330078125,38.3330078125,0,,0
43453,GF-6-CAM-18,38640.339032589,38640.339817393,38640.367505169,38.3330078125,38.3330078125,0,,0
43455,GF-6-CAM-18,38640.502096199,38640.503023794,38640.532038173,38.3330078125,38.3330078125,0,,0
43457,GF-6-CAM-18,38640.650105717,38640.650434372,38640.688663893,38.3330078125,38.3330078125,0,,0
43459,GF-6-CAM-18,38640.799642699,38640.800278539,38640.834427678,38.3330078125,38.3330078125,0,,0
43461,GF-6-CAM-18,38640.947621231,38640.948043283,38640.987120109,38.3330078125,38.3330078125,0,,0
43463,GF-6-CAM-18,38641.114708949,38641.115093339,38641.153894238,38.3330078125,38.3330078125,0,,0
43465,GF-6-CAM-18,38641.280168317,38641.280590824,38641.311780953,38.3330078125,38.3330078125,0,,0
43467,GF-6-CAM-18,38641.424046238,38641.424377054,38641.460840178,38.3330078125,38.3330078125,0,,0
43469,GF-6-CAM-18,38641.594105293,38641.595264587,38641.620555383,38.3330078125,38.3330078125,0,,0
43471,GF-6-CAM-18,38641.747588878,38641.748295745,38641.78107802,38.3330078125,38.3330078125,0,,0
43473,GF-6-CAM-18,38641.915532179,38641.917208481,38641.942417329,38.3330078125,38.3330078125,0,,0
43475,GF-6-CAM-18,38642.063326323,38642.063696661,38642.104867969,38.3330078125,38.3330078125,0,,0
43477,GF-6-CAM-18,38642.214384717,38642.215193367,38642.246441372,38.3330078125,38.3330078125,0,,0
43479,GF-6-CAM-18,38642.367780143,38642.368413633,38642.4115773,38.3330078125,38.3330078125,0,,0
43481,GF-6-CAM-18,38642.533829206,38642.536320196,38642.568202189,38.3330078125,38.3330078125,0,,0
43483,GF-6-CAM-18,38642.69146144,38642.69204339,38642.724537661,38.3330078125,38.3330078125,0,,0
43485,GF-6-CAM-18,38642.84220266,38642.84250424,38642.880393777,38.3330078125,38.3330078125,0,,0
43487,GF-6-CAM-18,38642.991619886,38642.992859239,38643.025026813,38.3330078125,38.3330078125,0,,0
43489,GF-6-CAM-18,38643.1371752,38643.137483424,38643.164944469,38.3330078125,38.3330078125,0,,0
43491,GF-6-CAM-18,38643.291677639,38643.294076155,38643.331085417,38.3330078125,38.3330078125,0,,0
43493,GF-6-CAM-18,38643.458993825,38643.459531074,38643.487687372,38.3330078125,38.3330078125,0,,0
43495,GF-6-CAM-18,38643.618643767,38643.619602628,38643.651657413,38.3330078125,38.3330078125,0,,0
43497,GF-6-CAM-18,38643.783951368,38643.784700872,38643.818377363,38.3330078125,38.3330078125,0,,0
43499,GF-6-CAM-18,38643.947447226,38643.948012933,38643.98201521,38.3330078125,38.3330078125,0,,0
43501,GF-6-CAM-18,38644.117111296,38644.117770415,38644.153894242,38.3330078125,38.3330078125,0,,0
43503,GF-6-CAM-18,38644.264107819,38644.264673613,38644.290095631,38.3330078125,38.3330078125,0,,0
43505,GF-6-CAM-18,38644.414427378,38644.415188888,38644.446320774,38.3330078125,38.3330078125,0,,0
43507,GF-6-CAM-18,38644.572994537,38644.573333216,38644.596103892,38.3330078125,38.3330078125,0,,0
43509,GF-6-CAM-18,38644.726788162,38644.727487182,38644.751962956,38.3330078125,38.3330078125,0,,0
43511,GF-6-CAM-18,38644.879635342,38644.884716009,38644.913594697,38.3330078125,38.3330078125,0,,0
43513,GF-6-CAM-18,38645.026285871,38645.026820906,38645.046198775,38.3330078125,38.3330078125,0,,0
43515,GF-6-CAM-18,38645.168803219,38645.169403739,38645.20536663,38.3330078125,38.3330078125,0,,0
43517,GF-6-CAM-18,38645.329399163,38645.330473136,38645.360232661,38.3330078125,38.3330078125,0,,0
43519,GF-6-CAM-18,38645.460528219,38645.463528534,38645.493899468,38.3330078125,38.3330078125,0,,0
43521,GF-6-CAM-18,38645.607272174,38645.607902322,38645.642348611,38.3330078125,38.3330078125,0,,0
43523,GF-6-CAM-18,38645.763957904,38645.764692918,38645.797544371,38.3330078125,38.3330078125,0,,0
43525,GF-6-CAM-18,38645.91078656,38645.911318121,38645.947051223,38.3330078125,38.3330078125,0,,0
43527,GF-6-CAM-18,38646.06596412,38646.066561287,38646.093033709,38.3330078125,38.3330078125,0,,0
43529,GF-6-CAM-18,38646.216494532,38646.217182973,38646.254611012,38.3330078125,38.3330078125,0,,0
43531,GF-6-CAM-18,38646.369712908,38646.369998057,38646.398162592,38.3330078125,38.3330078125,0,,0
43533,GF-6-CAM-18,38646.516302393,38646.516966189,38646.550250665,38.3330078125,38.3330078125,0,,0
43535,GF-6-CAM-18,38646.669949618,38646.671332502,38646.706370406,38.3330078125,38.3330078125,0,,0
43537,GF-6-CAM-18,38646.812284684,38646.813073149,38646.847071449,38.3330078125,38.3330078125,0,,0
43539,GF-6-CAM-18,38646.971165012,38646.972067253,38647.002226598,38.3330078125,38.3330078125,0,,0
43541,GF-6-CAM-18,38647.121094487,38647.121772158,38647.152652176,38.3330078125,38.3330078125,0,,0
43543,GF-6-CAM-18,38647.260581819,38647.261192586,38647.289022915,38.3330078125,38.3330078125,0,,0
43545,GF-6-CAM-18,38647.40283074,38647.403338918,38647.423150349,38.3330078125,38.3330078125,0,,0
43547,GF-6-CAM-18,38647.538742934,38647.539795693,38647.569966686,38.3330078125,38.3330078125,0,,0
43549,GF-6-CAM-18,38647.701411225,38647.702014216,38647.727135517,38.3330078125,38.3330078125,0,,0
43551,GF-6-CAM-18,38647.860474811,38647.861123452,38647.891782292,38.3330078125,38.3330078125,0,,0
43553,GF-6-CAM-18,38648.006362094,38648.006711641,38648.034443289,38.3330078125,38.3330078125,0,,0
43555,GF-6-CAM-18,38648.1490389,38648.149647371,38648.17069829,38.3330078125,38.3330078125,0,,0
43557,GF-6-CAM-18,38648.268153844,38648.269062964,38648.295314115,38.3330078125,38.3330078125,0,,0
43559,GF-6-CAM-18,38648.421930131,38648.423348031,38648.467882893,38.3330078125,38.3330078125,0,,0
43561,GF-6-CAM-18,38648.582419879,38648.583205281,38648.621323074,38.3330078125,38.3330078125,0,,0
43563,GF-6-CAM-18,38648.731627371,38648.732132506,38648.764658904,38.3330078125,38.3330078125,0,,0
43565,GF-6-CAM-18,38648.896106255,38648.896691497,38648.924421617,38.3330078125,38.3330078125,0,,0
43567,GF-6-CAM-18,38649.041944099,38649.042488267,38649.081296004,38.3330078125,38.3330078125,0,,0
43569,GF-6-CAM-18,38649.197455856,38649.197996459,38649.234161838,38.3330078125,38.3330078125,0,,0
43571,GF-6-CAM-18,38649.372054881,38649.372609953,38649.401415249,38.3330078125,38.3330078125,0,,0
43573,GF-6-CAM-18,38649.528831489,38649.530250433,38649.555546597,38.3330078125,38.3330078125,0,,0
43575,GF-6-CAM-18,38649.680786209,38649.681462544,38649.715059141,38.3330078125,38.3330078125,0,,0
43577,GF-6-CAM-18,38649.845424997,38649.846611945,38649.872585706,38.3330078125,38.3330078125,0,,0
43579,GF-6-CAM-18,38650.004399946,38650.006494511,38650.042977795,38.3330078125,38.3330078125,0,,0
43581,GF-6-CAM-18,38650.170035667,38650.17083122,38650.203084792,38.3330078125,38.3330078125,0,,0
43583,GF-6-CAM-18,38650.324394019,38650.325082507,38650.36918013,38.3330078125,38.3330078125,0,,0
43585,GF-6-CAM-18,38650.49541247,38650.496077988,38650.53983155,38.3330078125,38.3330078125,0,,0
43587,GF-6-CAM-18,38650.672031502,38650.672911227,38650.701145299,38.3330078125,38.3330078125,0,,0
43589,GF-6-CAM-18,38650.801886915,38650.802971094,38650.842854074,38.3330078125,38.3330078125,0,,0
43591,GF-6-CAM-18,38650.948986832,38650.949890731,38650.988435631,38.3330078125,38.3330078125,0,,0
43593,GF-6-CAM-18,38651.11503237,38651.115711243,38651.153030657,38.3330078125,38.3330078125,0,,0
43595,GF-6-CAM-18,38651.267915918,38651.268325828,38651.293323029,38.3330078125,38.3330078125,0,,0
43597,GF-6-CAM-18,38651.406725341,38651.40724315,38651.437335928,38.3330078125,38.3330078125,0,,0
43599,GF-6-CAM-18,38651.564855581,38651.565343071,38651.59766192,38.3330078125,38.3330078125,0,,0
43601,GF-6-CAM-18,38651.719479859,38651.720063176,38651.749422147,38.3330078125,38.3330078125,0,,0
43603,GF-6-CAM-18,38651.8631127,38651.863778583,38651.888911476,38.3330078125,38.3330078125,0,,0
43605,GF-6-CAM-18,38652.011737346,38652.013225615,38652.044566171,38.3330078125,38.3330078125,0,,0
43607,GF-6-CAM-18,38652.150115127,38652.15056124,38652.185986631,38.3330078125,38.3330078125,0,,0
43609,GF-6-CAM-18,38652.291600951,38652.292207529,38652.324976668,38.3330078125,38.3330078125,0,,0
43611,GF-6-CAM-18,38652.442203736,38652.442750226,38652.468709667,38.3330078125,38.3330078125,0,,0
43613,GF-6-CAM-18,38652.583316519,38652.583851235,38652.636931519,38.3330078125,38.3330078125,0,,0
43615,GF-6-CAM-18,38652.751386075,38652.752133766,38652.785528141,38.3330078125,38.3330078125,0,,0
43617,GF-6-CAM-18,38652.897000055,38652.897466069,38652.931639924,38.3330078125,38.3330078125,0,,0
43619,GF-6-CAM-18,38653.068518869,38653.069333641,38653.103746885,38.3330078125,38.3330078125,0,,0
43621,GF-6-CAM-18,38653.222475136,38653.223700781,38653.244827428,38.3330078125,38.3330078125,0,,0
43623,GF-6-CAM-18,38653.361943804,38653.363602705,38653.383577452,38.3330078125,38.3330078125,0,,0
43625,GF-6-CAM-18,38653.52252853,38653.523897572,38653.547465151,38.3330078125,38.3330078125,0,,0
43627,GF-6-CAM-18,38653.664578708,38653.667563252,38653.696774104,38.3330078125,38.3330078125,0,,0
43629,GF-6-CAM-18,38653.803731386,38653.804509962,38653.833879756,38.3330078125,38.3330078125,0,,0
43631,GF-6-CAM-18,38653.952962881,38653.954269167,38653.987128905,38.3330078125,38.3330078125,0,,0
43633,GF-6-CAM-18,38654.089625424,38654.09056281,38654.125870214,38.3330078125,38.3330078125,0,,0
43635,GF-6-CAM-18,38654.240712917,38654.242820112,38654.273784977,38.3330078125,38.3330078125,0,,0
43637,GF-6-CAM-18,38654.391488521,38654.392956526,38654.43715722,38.3330078125,38.3330078125,0,,0
43639,GF-6-CAM-18,38654.540808297,38654.54146371,38654.565590023,38.3330078125,38.3330078125,0,,0
43641,GF-6-CAM-18,38654.688680937,38654.689165803,38654.71563327,38.3330078125,38.3330078125,0,,0
43643,GF-6-CAM-18,38654.851489824,38654.852239218,38654.877847022,38.3330078125,38.3330078125,0,,0
43645,GF-6-CAM-18,38654.99677035,38654.997426711,38655.037362449,38.3330078125,38.3330078125,0,,0
43647,GF-6-CAM-18,38655.158675639,38655.159371264,38655.187736612,38.3330078125,38.3330078125,0,,0
43649,GF-6-CAM-18,38655.300378191,38655.300934558,38655.329511233,38.3330078125,38.3330078125,0,,0
43651,GF-6-CAM-18,38655.446462522,38655.447157132,38655.491189672,38.3330078125,38.3330078125,0,,0
43653,GF-6-CAM-18,38655.603685342,38655.604359247,38655.627699286,38.3330078125,38.3330078125,0,,0
43655,GF-6-CAM-18,38655.744285406,38655.744664172,38655.781710209,38.3330078125,38.3330078125,0,,0
43657,GF-6-CAM-18,38655.911459186,38655.912088476,38655.939325784,38.3330078125,38.3330078125,0,,0
43659,GF-6-CAM-18,38656.053062327,38656.053776581,38656.087859068,38.3330078125,38.3330078125,0,,0
43661,GF-6-CAM-18,38656.205838185,38656.206324321,38656.236689256,38.3330078125,38.3330078125,0,,0
43663,GF-6-CAM-18,38656.364429925,38656.364865296,38656.390269537,38.3330078125,38.3330078125,0,,0
43665,GF-6-CAM-18,38656.522304381,38656.522674649,38656.555632839,38.3330078125,38.3330078125,0,,0
43667,GF-6-CAM-18,38656.665096689,38656.665654763,38656.688224183,38.3330078125,38.3330078125,0,,0
43669,GF-6-CAM-18,38656.797817877,38656.798213153,38656.830823908,38.3330078125,38.3330078125,0,,0
43671,GF-6-CAM-18,38656.96130058,38656.961848072,38656.988296158,38.3330078125,38.3330078125,0,,0
43673,GF-6-CAM-18,38657.100498952,38657.101338261,38657.14154691,38.3330078125,38.3330078125,0,,0
43675,GF-6-CAM-18,38657.248460326,38657.249973855,38657.279265702,38.3330078125,38.3330078125,0,,0
43677,GF-6-CAM-18,38657.39390594,38657.394243662,38657.424951516,38.3330078125,38.3330078125,0,,0
43679,GF-6-CAM-18,38657.544839499,38657.545286308,38657.573384704,38.3330078125,38.3330078125,0,,0
43681,GF-6-CAM-18,38657.673977402,38657.674860022,38657.706124928,38.3330078125,38.3330078125,0,,0
43683,GF-6-CAM-18,38657.845496123,38657.845943449,38657.874682809,38.3330078125,38.3330078125,0,,0
43685,GF-6-CAM-18,38657.980262447,38657.980710118,38658.009379586,38.3330078125,38.3330078125,0,,0
43687,GF-6-CAM-18,38658.122261427,38658.124050006,38658.153512313,38.3330078125,38.3330078125,0,,0
43689,GF-6-CAM-18,38658.28213445,38658.282778555,38658.316471887,38.3330078125,38.3330078125,0,,0
43691,GF-6-CAM-18,38658.443776421,38658.444859586,38658.474113624,38.3330078125,38.3330078125,0,,0
43693,GF-6-CAM-18,38658.591033496,38658.591720055,38658.613700436,38.3330078125,38.3330078125,0,,0
43695,GF-6-CAM-18,38658.745673011,38658.747491523,38658.774691602,38.3330078125,38.3330078125,0,,0
43697,GF-6-CAM-18,38658.916055949,38658.91901456,38658.954729249,38.3330078125,38.3330078125,0,,0
43699,GF-6-CAM-18,38659.089109108,38659.089588995,38659.116767856,38.3330078125,38.3330078125,0,,0
43701,GF-6-CAM-18,38659.227823333,38659.228229007,38659.265729563,38.3330078125,38.3330078125,0,,0
43703,GF-6-CAM-18,38659.404254933,38659.404905697,38659.429608796,38.3330078125,38.3330078125,0,,0
43705,GF-6-CAM-18,38659.593979318,38659.594975632,38659.637230847,38.3330078125,38.3330078125,0,,0
43707,GF-6-CAM-18,38659.75661866,38659.757170263,38659.791230566,38.3330078125,38.3330078125,0,,0
43709,GF-6-CAM-18,38659.907729263,38659.909048253,38659.931828071,38.3330078125,38.3330078125,0,,0
43711,GF-6-CAM-18,38660.049775262,38660.050801844,38660.08380219,38.3330078125,38.3330078125,0,,0
43713,GF-6-CAM-18,38660.194915634,38660.195363822,38660.23960116,38.3330078125,38.3330078125,0,,0
43715,GF-6-CAM-18,38660.349494906,38660.350139366,38660.379590827,38.3330078125,38.3330078125,0,,0
43717,GF-6-CAM-18,38660.508158597,38660.508901462,38660.536251524,38.3330078125,38.3330078125,0,,0
43719,GF-6-CAM-18,38660.653292884,38660.654026843,38660.679877199,38.3330078125,38.3330078125,0,,0
43721,GF-6-CAM-18,38660.807146092,38660.808336759,38660.839122813,38.3330078125,38.3330078125,0,,0
43723,GF-6-CAM-18,38660.958603525,38660.960462028,38660.990564349,38.3330078125,38.3330078125,0,,0
43725,GF-6-CAM-18,38661.093734518,38661.094296788,38661.133176616,38.3330078125,38.3330078125,0,,0
43727,GF-6-CAM-18,38661.248623698,38661.249635664,38661.274753523,38.3330078125,38.3330078125,0,,0
43729,GF-6-CAM-18,38661.390618254,38661.391308969,38661.421487896,38.3330078125,38.3330078125,0,,0
43731,GF-6-CAM-18,38661.534569642,38661.53543761,38661.576184986,38.3330078125,38.3330078125,0,,0
43733,GF-6-CAM-18,38661.682750448,38661.683334858,38661.713090764,38.3330078125,38.3330078125,0,,0
43735,GF-6-CAM-18,38661.824609627,38661.825431905,38661.852830936,38.3330078125,38.3330078125,0,,0
43737,GF-6-CAM-18,38661.979325498,38661.980080402,38662.016331661,38.3330078125,38.3330078125,0,,0
43739,GF-6-CAM-18,38662.121979042,38662.122388448,38662.142992936,38.3330078125,38.3330078125,0,,0
43741,GF-6-CAM-18,38662.264561284,38662.265469141,38662.30208091,38.3330078125,38.3330078125,0,,0
43743,GF-6-CAM-18,38662.449722284,38662.450395984,38662.486297758,38.3330078125,38.3330078125,0,,0
43745,GF-6-CAM-18,38662.599111969,38662.599988404,38662.633051601,38.3330078125,38.3330078125,0,,0
43747,GF-6-CAM-18,38662.763733206,38662.764354106,38662.790954614,38.3330078125,38.3330078125,0,,0
43749,GF-6-CAM-18,38662.895865019,38662.896530301,38662.922256998,38.3330078125,38.3330078125,0,,0
43751,GF-6-CAM-18,38663.038871165,38663.039475421,38663.061484977,38.3330078125,38.3330078125,0,,0
43753,GF-6-CAM-18,38663.166214429,38663.16660152,38663.206747945,38.3330078125,38.3330078125,0,,0
43755,GF-6-CAM-18,38663.317207345,38663.31755203,38663.34386326,38.3330078125,38.3330078125,0,,0
43757,GF-6-CAM-18,38663.45876455,38663.459888457,38663.487346078,38.3330078125,38.3330078125,0,,0
43759,GF-6-CAM-18,38663.61319086,38663.614655562,38663.647358473,38.3330078125,38.3330078125,0,,0
43761,GF-6-CAM-18,38663.778367623,38663.778885411,38663.802733377,38.3330078125,38.3330078125,0,,0
43763,GF-6-CAM-18,38663.959446632,38663.95994299,38663.997031203,38.3330078125,38.3330078125,0,,0
43765,GF-6-CAM-18,38664.131775206,38664.132492611,38664.154616269,38.3330078125,38.3330078125,0,,0
43767,GF-6-CAM-18,38664.278993499,38664.281241617,38664.315066988,38.3330078125,38.3330078125,0,,0
43769,GF-6-CAM-18,38664.433743601,38664.434540958,38664.470201951,38.3330078125,38.3330078125,0,,0
43771,GF-6-CAM-18,38664.590072172,38664.590972524,38664.625089775,38.3330078125,38.3330078125,0,,0
43773,GF-6-CAM-18,38664.746026804,38664.746930019,38664.765686455,38.3330078125,38.3330078125,0,,0
43775,GF-6-CAM-18,38664.900089374,38664.900630373,38664.930361172,38.3330078125,38.3330078125,0,,0
43777,GF-6-CAM-18,38665.057339059,38665.058121852,38665.087299021,38.3330078125,38.3330078125,0,,0
43779,GF-6-CAM-18,38665.201914274,38665.202522627,38665.237838271,38.3330078125,38.3330078125,0,,0
43781,GF-6-CAM-18,38665.347037128,38665.349060417,38665.390542767,38.3330078125,38.3330078125,0,,0
43783,GF-6-CAM-18,38665.507321922,38665.507682398,38665.53992541,38.3330078125,38.3330078125,0,,0
43785,GF-6-CAM-18,38665.659380457,38665.659766999,38665.686326724,38.3330078125,38.3330078125,0,,0
43787,GF-6-CAM-18,38665.811927216,38665.812734566,38665.851575238,38.3330078125,38.3330078125,0,,0
43789,GF-6-CAM-18,38665.970130888,38665.971996154,38666.003391451,38.3330078125,38.3330078125,0,,0
43791,GF-6-CAM-18,38666.103763366,38666.105521342,38666.139135326,38.3330078125,38.3330078125,0,,0
43793,GF-6-CAM-18,38666.251591844,38666.252217801,38666.277479304,38.3330078125,38.3330078125,0,,0
43795,GF-6-CAM-18,38666.402122049,38666.402904759,38666.426387696,38.3330078125,38.3330078125,0,,0
43797,GF-6-CAM-18,38666.545934046,38666.546267605,38666.577594755,38.3330078125,38.3330078125,0,,0
43799,GF-6-CAM-18,38666.684325075,38666.684980852,38666.705768277,38.3330078125,38.3330078125,0,,0
43801,GF-6-CAM-18,38666.818490915,38666.819100394,38666.848048791,38.3330078125,38.3330078125,0,,0
43803,GF-6-CAM-18,38666.960528702,38666.961335208,38666.986592807,38.3330078125,38.3330078125,0,,0
43805,GF-6-CAM-18,38667.085394086,38667.086036793,38667.112695341,38.3330078125,38.3330078125,0,,0
43807,GF-6-CAM-18,38667.234593939,38667.236128139,38667.268205548,38.3330078125,38.3330078125,0,,0
43809,GF-6-CAM-18,38667.372194171,38667.373689597,38667.414622752,38.3330078125,38.3330078125,0,,0
43811,GF-6-CAM-18,38667.533425999,38667.533738474,38667.566207784,38.3330078125,38.3330078125,0,,0
43813,GF-6-CAM-18,38667.680150313,38667.681812538,38667.715642978,38.3330078125,38.3330078125,0,,0
43815,GF-6-CAM-18,38667.819210394,38667.819556832,38667.83812191,38.3330078125,38.3330078125,0,,0
43817,GF-6-CAM-18,38667.975560384,38667.976398395,38668.003671681,38.3330078125,38.3330078125,0,,0
43819,GF-6-CAM-18,38668.123805178,38668.124320679,38668.155397042,38.3330078125,38.3330078125,0,,0
43821,GF-6-CAM-18,38668.264908002,38668.267226555,38668.300191402,38.3330078125,38.3330078125,0,,0
43823,GF-6-CAM-18,38668.401457873,38668.402101806,38668.427408156,38.3330078125,38.3330078125,0,,0
43825,GF-6-CAM-18,38668.548250471,38668.549571282,38668.585325336,38.3330078125,38.3330078125,0,,0
43827,GF-6-CAM-18,38668.696753565,38668.697139692,38668.731529049,38.3330078125,38.3330078125,0,,0
43829,GF-6-CAM-18,38668.849176178,38668.84984195,38668.874453683,38.3330078125,38.3330078125,0,,0
43831,GF-6-CAM-18,38669.007054715,38669.007670658,38669.038085714,38.3330078125,38.3330078125,0,,0
43833,GF-6-CAM-18,38669.178718111,38669.179133112,38669.213467145,38.3330078125,38.3330078125,0,,0
43835,GF-6-CAM-18,38669.341260206,38669.341779759,38669.374716052,38.3330078125,38.3330078125,0,,0
43837,GF-6-CAM-18,38669.492746749,38669.493146595,38669.534644541,38.3330078125,38.3330078125,0,,0
43839,GF-6-CAM-18,38669.672185301,38669.674903893,38669.723035556,38.3330078125,38.3330078125,0,,0
43841,GF-6-CAM-18,38669.852614314,38669.853326848,38669.871757527,38.3330078125,38.3330078125,0,,0
43843,GF-6-CAM-18,38669.995281747,38669.997431449,38670.035446034,38.3330078125,38.3330078125,0,,0
43845,GF-6-CAM-18,38670.140026222,38670.140812476,38670.167896172,38.3330078125,38.3330078125,0,,0
43847,GF-6-CAM-18,38670.273315373,38670.27424351,38670.313704074,38.3330078125,38.3330078125,0,,0
43849,GF-6-CAM-18,38670.440686588,38670.441495505,38670.481981228,38.3330078125,38.3330078125,0,,0
43851,GF-6-CAM-18,38670.600767199,38670.601194003,38670.630355816,38.3330078125,38.3330078125,0,,0
43853,GF-6-CAM-18,38670.740695076,38670.741290862,38670.784225599,38.3330078125,38.3330078125,0,,0
43855,GF-6-CAM-18,38670.878493055,38670.879233598,38670.908132817,38.3330078125,38.3330078125,0,,0
43857,GF-6-CAM-18,38671.027430007,38671.028685959,38671.049891303,38.3330078125,38.3330078125,0,,0
43859,GF-6-CAM-18,38671.183374333,38671.183655083,38671.208253771,38.3330078125,38.3330078125,0,,0
43861,GF-6-CAM-18,38671.317808814,38671.318177568,38671.339945063,38.3330078125,38.3330078125,0,,0
43863,GF-6-CAM-18,38671.456084685,38671.456737734,38671.481243005,38.3330078125,38.3330078125,0,,0
43865,GF-6-CAM-18,38671.601850786,38671.602194113,38671.637821499,38.3330078125,38.3330078125,0,,0
43867,GF-6-CAM-18,38671.758157696,38671.758790017,38671.78334557,38.3330078125,38.3330078125,0,,0
43869,GF-6-CAM-18,38671.909192193,38671.909794085,38671.938735617,38.3330078125,38.3330078125,0,,0
43871,GF-6-CAM-18,38672.050539131,38672.051433603,38672.082547709,38.3330078125,38.3330078125,0,,0
43873,GF-6-CAM-18,38672.20888461,38672.209607069,38672.246547531,38.3330078125,38.3330078125,0,,0
43875,GF-6-CAM-18,38672.363855659,38672.364605035,38672.406051592,38.3330078125,38.3330078125,0,,0
43877,GF-6-CAM-18,38672.525365629,38672.528486777,38672.562930494,38.3330078125,38.3330078125,0,,0
43879,GF-6-CAM-18,38672.66603406,38672.666542552,38672.693762558,38.3330078125,38.3330078125,0,,0
43881,GF-6-CAM-18,38672.820219705,38672.820816405,38672.847726474,38.3330078125,38.3330078125,0,,0
43883,GF-6-CAM-18,38672.979634418,38672.980034786,38673.006721701,38.3330078125,38.3330078125,0,,0
43885,GF-6-CAM-18,38673.114865756,38673.115402896,38673.147435599,38.3330078125,38.3330078125,0,,0
43887,GF-6-CAM-18,38673.250815143,38673.251329503,38673.289219273,38.3330078125,38.3330078125,0,,0
43889,GF-6-CAM-18,38673.411995571,38673.414237526,38673.449337283,38.3330078125,38.3330078125,0,,0
43891,GF-6-CAM-18,38673.578716925,38673.57973503,38673.606088142,38.3330078125,38.3330078125,0,,0
43893,GF-6-CAM-18,38673.732426135,38673.733035874,38673.772179206,38.3330078125,38.3330078125,0,,0
43895,GF-6-CAM-18,38673.8846869,38673.885473606,38673.904806533,38.3330078125,38.3330078125,0,,0
43897,GF-6-CAM-18,38674.016060449,38674.016539457,38674.054627074,38.3330078125,38.3330078125,0,,0
43899,GF-6-CAM-18,38674.177879245,38674.178301398,38674.197711488,38.3330078125,38.3330078125,0,,0
43901,GF-6-CAM-18,38674.30433551,38674.30517995,38674.338193986,38.3330078125,38.3330078125,0,,0
43903,GF-6-CAM-18,38674.468421917,38674.469117323,38674.497761574,38.3330078125,38.3330078125,0,,0
43905,GF-6-CAM-18,38674.614296544,38674.61468014,38674.641807954,38.3330078125,38.3330078125,0,,0
43907,GF-6-CAM-18,38674.7588485,38674.759326908,38674.800294769,38.3330078125,38.3330078125,0,,0
43909,GF-6-CAM-18,38674.909845534,38674.91071671,38674.937658139,38.3330078125,38.3330078125,0,,0
43911,GF-6-CAM-18,38675.056953043,38675.057454465,38675.09603236,38.3330078125,38.3330078125,0,,0
43913,GF-6-CAM-18,38675.213454321,38675.214047521,38675.247567773,38.3330078125,38.3330078125,0,,0
43915,GF-6-CAM-18,38675.352965861,38675.35338233,38675.385668037,38.3330078125,38.3330078125,0,,0
43917,GF-6-CAM-18,38675.511389188,38675.511750576,38675.535060181,38.3330078125,38.3330078125,0,,0
43919,GF-6-CAM-18,38675.662461494,38675.663133067,38675.689131401,38.3330078125,38.3330078125,0,,0
43921,GF-6-CAM-18,38675.801874158,38675.802301732,38675.842951747,38.3330078125,38.3330078125,0,,0
43923,GF-6-CAM-18,38675.968402428,38675.969179263,38675.997964079,38.3330078125,38.3330078125,0,,0
43925,GF-6-CAM-18,38676.125919795,38676.128461819,38676.154549385,38.3330078125,38.3330078125,0,,0
43927,GF-6-CAM-18,38676.27206205,38676.272689925,38676.299324772,38.3330078125,38.3330078125,0,,0
43929,GF-6-CAM-18,38676.417548506,38676.418373005,38676.448435957,38.3330078125,38.3330078125,0,,0
43931,GF-6-CAM-18,38676.578124627,38676.578855858,38676.614698727,38.3330078125,38.3330078125,0,,0
43933,GF-6-CAM-18,38676.74022949,38676.740653283,38676.771312485,38.3330078125,38.3330078125,0,,0
43935,GF-6-CAM-18,38676.880955395,38676.881617964,38676.905546686,38.3330078125,38.3330078125,0,,0
43937,GF-6-CAM-18,38677.03615998,38677.038030795,38677.072706948,38.3330078125,38.3330078125,0,,0
43939,GF-6-CAM-18,38677.187528839,38677.188960305,38677.224931259,38.3330078125,38.3330078125,0,,0
43941,GF-6-CAM-18,38677.333442623,38677.334160749,38677.362835821,38.3330078125,38.3330078125,0,,0
43943,GF-6-CAM-18,38677.489707336,38677.491755194,38677.523562777,38.3330078125,38.3330078125,0,,0
43945,GF-6-CAM-18,38677.63363895,38677.63398603,38677.672335226,38.3330078125,38.3330078125,0,,0
43947,GF-6-CAM-18,38677.794078786,38677.795564556,38677.841722634,38.3330078125,38.3330078125,0,,0
43949,GF-6-CAM-18,38677.962951567,38677.963582893,38677.999520217,38.3330078125,38.3330078125,0,,0
43951,GF-6-CAM-18,38678.132085102,38678.133830782,38678.160544205,38.3330078125,38.3330078125,0,,0
43953,GF-6-CAM-18,38678.293570797,38678.295763387,38678.329563046,38.3330078125,38.3330078125,0,,0
43955,GF-6-CAM-18,38678.451291681,38678.452149022,38678.494901306,38.3330078125,38.3330078125,0,,0
43957,GF-6-CAM-18,38678.624640704,38678.625101131,38678.657350262,38.3330078125,38.3330078125,0,,0
43959,GF-6-CAM-18,38678.80070055,38678.802150776,38678.845762575,38.3330078125,38.3330078125,0,,0
43961,GF-6-CAM-18,38678.97620773,38678.97661885,38678.999250246,38.3330078125,38.3330078125,0,,0
43963,GF-6-CAM-18,38679.136789634,38679.13743605,38679.171873764,38.3330078125,38.3330078125,0,,0
43965,GF-6-CAM-18,38679.312233299,38679.312644323,38679.340765384,38.3330078125,38.3330078125,0,,0
43967,GF-6-CAM-18,38679.468635693,38679.469238731,38679.50250367,38.3330078125,38.3330078125,0,,0
43969,GF-6-CAM-18,38679.626743628,38679.627536116,38679.650974678,38.3330078125,38.3330078125,0,,0
43971,GF-6-CAM-18,38679.789117565,38679.789879537,38679.823416969,38.3330078125,38.3330078125,0,,0
43973,GF-6-CAM-18,38679.943817071,38679.944221633,38679.999301731,38.3330078125,38.3330078125,0,,0
43975,GF-6-CAM-18,38680.12848048,38680.129072081,38680.163504334,38.3330078125,38.3330078125,0,,0
43977,GF-6-CAM-18,38680.293633881,38680.294021486,38680.333166874,38.3330078125,38.3330078125,0,,0
43979,GF-6-CAM-18,38680.465773304,38680.466155939,38680.498870977,38.3330078125,38.3330078125,0,,0
43981,GF-6-CAM-18,38680.610895113,38680.61194939,38680.644088626,38.3330078125,38.3330078125,0,,0
43983,GF-6-CAM-18,38680.775910106,38680.777464601,38680.810642491,38.3330078125,38.3330078125,0,,0
43985,GF-6-CAM-18,38680.939212663,38680.940070553,38680.971317235,38.3330078125,38.3330078125,0,,0
43987,GF-6-CAM-18,38681.106333166,38681.108643806,38681.136143715,38.3330078125,38.3330078125,0,,0
43989,GF-6-CAM-18,38681.254611025,38681.255601538,38681.28276807,38.3330078125,38.3330078125,0,,0
43991,GF-6-CAM-18,38681.395803161,38681.396372757,38681.436024134,38.3330078125,38.3330078125,0,,0
43993,GF-6-CAM-18,38681.562598243,38681.563124104,38681.591993494,38.3330078125,38.3330078125,0,,0
43995,GF-6-CAM-18,38681.709577655,38681.711243886,38681.732801038,38.3330078125,38.3330078125,0,,0
43997,GF-6-CAM-18,38681.865132883,38681.866089075,38681.899956975,38.3330078125,38.3330078125,0,,0
43999,GF-6-CAM-18,38682.027691793,38682.02835261,38682.058415092,38.3330078125,38.3330078125,0,,0
44001,GF-6-CAM-18,38682.17935169,38682.179877523,38682.224153032,38.3330078125,38.3330078125,0,,0
44003,GF-6-CAM-18,38682.332785562,38682.333316261,38682.369547433,38.3330078125,38.3330078125,0,,0
44005,GF-6-CAM-18,38682.487323396,38682.487897111,38682.509452281,38.3330078125,38.3330078125,0,,0
44007,GF-6-CAM-18,38682.631918916,38682.632306882,38682.656339637,38.3330078125,38.3330078125,0,,0
44009,GF-6-CAM-18,38682.792344748,38682.793106939,38682.829093513,38.3330078125,38.3330078125,0,,0
44011,GF-6-CAM-18,38682.966859127,38682.967426815,38683.007635927,38.3330078125,38.3330078125,0,,0
44013,GF-6-CAM-18,38683.130431852,38683.131100412,38683.160233232,38.3330078125,38.3330078125,0,,0
44015,GF-6-CAM-18,38683.292825643,38683.293467844,38683.325782331,38.3330078125,38.3330078125,0,,0
44017,GF-6-CAM-18,38683.445873175,38683.446577716,38683.473184688,38.3330078125,38.3330078125,0,,0
44019,GF-6-CAM-18,38683.593961273,38683.594813458,38683.62488414,38.3330078125,38.3330078125,0,,0
44021,GF-6-CAM-18,38683.747537664,38683.748188537,38683.774158091,38.3330078125,38.3330078125,0,,0
44023,GF-6-CAM-18,38683.888907406,38683.889582148,38683.918801925,38.3330078125,38.3330078125,0,,0
44025,GF-6-CAM-18,38684.052318567,38684.053262044,38684.087456325,38.3330078125,38.3330078125,0,,0
44027,GF-6-CAM-18,38684.214792064,38684.215880093,38684.250661457,38.3330078125,38.3330078125,0,,0
44029,GF-6-CAM-18,38684.368488229,38684.369087427,38684.397115503,38.3330078125,38.3330078125,0,,0
44031,GF-6-CAM-18,38684.511162517,38684.511710411,38684.557680861,38.3330078125,38.3330078125,0,,0
44033,GF-6-CAM-18,38684.679248343,38684.679650359,38684.713124443,38.3330078125,38.3330078125,0,,0
44035,GF-6-CAM-18,38684.837235698,38684.837870052,38684.87269011,38.3330078125,38.3330078125,0,,0
44037,GF-6-CAM-18,38684.995601738,38684.996479769,38685.037327841,38.3330078125,38.3330078125,0,,0
44039,GF-6-CAM-18,38685.147734578,38685.148301717,38685.180203454,38.3330078125,38.3330078125,0,,0
44041,GF-6-CAM-18,38685.303654242,38685.304231683,38685.342731464,38.3330078125,38.3330078125,0,,0
44043,GF-6-CAM-18,38685.45832251,38685.459272677,38685.494966534,38.3330078125,38.3330078125,0,,0
44045,GF-6-CAM-18,38685.614962232,38685.61565682,38685.669599974,38.3330078125,38.3330078125,0,,0
44047,GF-6-CAM-18,38685.785691041,38685.786562016,38685.812798479,38.3330078125,38.3330078125,0,,0
44049,GF-6-CAM-18,38685.932068614,38685.93404356,38685.969216258,38.3330078125,38.3330078125,0,,0
44051,GF-6-CAM-18,38686.09675289,38686.097394287,38686.128642749,38.3330078125,38.3330078125,0,,0
44053,GF-6-CAM-18,38686.267788898,38686.268508048,38686.301870209,38.3330078125,38.3330078125,0,,0
44055,GF-6-CAM-18,38686.422209835,38686.424122647,38686.458555744,38.3330078125,38.3330078125,0,,0
44057,GF-6-CAM-18,38686.580364644,38686.580825938,38686.617322495,38.3330078125,38.3330078125,0,,0
44059,GF-6-CAM-18,38686.749181301,38686.749899148,38686.781689919,38.3330078125,38.3330078125,0,,0
44061,GF-6-CAM-18,38686.903855259,38686.905401591,38686.9408803,38.3330078125,38.3330078125,0,,0
44063,GF-6-CAM-18,38687.051174734,38687.051566236,38687.072857163,38.3330078125,38.3330078125,0,,0
44065,GF-6-CAM-18,38687.163911563,38687.164313085,38687.205280713,38.3330078125,38.3330078125,0,,0
44067,GF-6-CAM-18,38687.333837594,38687.334688343,38687.363066051,38.3330078125,38.3330078125,0,,0
44069,GF-6-CAM-18,38687.490748345,38687.491261885,38687.52618581,38.3330078125,38.3330078125,0,,0
44071,GF-6-CAM-18,38687.648175356,38687.650223558,38687.689696288,38.3330078125,38.3330078125,0,,0
44073,GF-6-CAM-18,38687.811127367,38687.811559213,38687.839204895,38.3330078125,38.3330078125,0,,0
44075,GF-6-CAM-18,38687.95812474,38687.958853824,38688.002462002,38.3330078125,38.3330078125,0,,0
44077,GF-6-CAM-18,38688.103053143,38688.104293006,38688.135856521,38.3330078125,38.3330078125,0,,0
44079,GF-6-CAM-18,38688.269409005,38688.270115355,38688.2969872,38.3330078125,38.3330078125,0,,0
44081,GF-6-CAM-18,38688.407260798,38688.407878623,38688.442158405,38.3330078125,38.3330078125,0,,0
44083,GF-6-CAM-18,38688.583949374,38688.584755842,38688.616518032,38.3330078125,38.3330078125,0,,0
44085,GF-6-CAM-18,38688.735536893,38688.736228296,38688.776966024,38.3330078125,38.3330078125,0,,0
44087,GF-6-CAM-18,38688.895093582,38688.895726824,38688.936286643,38.3330078125,38.3330078125,0,,0
44089,GF-6-CAM-18,38689.065571311,38689.066166159,38689.098060225,38.3330078125,38.3330078125,0,,0
44091,GF-6-CAM-18,38689.21447685,38689.21510591,38689.2566036,38.3330078125,38.3330078125,0,,0
44093,GF-6-CAM-18,38689.38982347,38689.390755925,38689.42297974,38.3330078125,38.3330078125,0,,0
44095,GF-6-CAM-18,38689.554763155,38689.555287209,38689.592743425,38.3330078125,38.3330078125,0,,0
44097,GF-6-CAM-18,38689.724434977,38689.725221339,38689.758861647,38.3330078125,38.3330078125,0,,0
44099,GF-6-CAM-18,38689.884680374,38689.885330027,38689.90925904,38.3330078125,38.3330078125,0,,0
44101,GF-6-CAM-18,38690.022466586,38690.023306962,38690.060542696,38.3330078125,38.3330078125,0,,0
44103,GF-6-CAM-18,38690.176465546,38690.177083955,38690.229921186,38.3330078125,38.3330078125,0,,0
44105,GF-6-CAM-18,38690.35543192,38690.356095065,38690.385938048,38.3330078125,38.3330078125,0,,0
44107,GF-6-CAM-18,38690.511313796,38690.511772147,38690.547541907,38.3330078125,38.3330078125,0,,0
44109,GF-6-CAM-18,38690.666811058,38690.667244998,38690.7091681,38.3330078125,38.3330078125,0,,0
44111,GF-6-CAM-18,38690.832525971,38690.83541195,38690.867637487,38.3330078125,38.3330078125,0,,0
44113,GF-6-CAM-18,38690.997625163,38690.998096895,38691.029628906,38.3330078125,38.3330078125,0,,0
44115,GF-6-CAM-18,38691.159275497,38691.160884129,38691.187487242,38.3330078125,38.3330078125,0,,0
44117,GF-6-CAM-18,38691.309514745,38691.310218548,38691.335241243,38.3330078125,38.3330078125,0,,0
44119,GF-6-CAM-18,38691.45235045,38691.453032223,38691.487747398,38.3330078125,38.3330078125,0,,0
44121,GF-6-CAM-18,38691.606429912,38691.607039059,38691.634036388,38.3330078125,38.3330078125,0,,0
44123,GF-6-CAM-18,38691.753179009,38691.754046871,38691.804297047,38.3330078125,38.3330078125,0,,0
44125,GF-6-CAM-18,38691.934444665,38691.935086594,38691.960506782,38.3330078125,38.3330078125,0,,0
44127,GF-6-CAM-18,38692.084188485,38692.084800986,38692.119418641,38.3330078125,38.3330078125,0,,0
44129,GF-6-CAM-18,38692.247640482,38692.249291685,38692.281313019,38.3330078125,38.3330078125,0,,0
44131,GF-6-CAM-18,38692.408472367,38692.409232997,38692.453939339,38.3330078125,38.3330078125,0,,0
44133,GF-6-CAM-18,38692.567561156,38692.568142836,38692.603157584,38.3330078125,38.3330078125,0,,0
44135,GF-6-CAM-18,38692.718510826,38692.71890797,38692.762660065,38.3330078125,38.3330078125,0,,0
44137,GF-6-CAM-18,38692.887716137,38692.890107177,38692.921127176,38.3330078125,38.3330078125,0,,0
44139,GF-6-CAM-18,38693.045748264,38693.046319449,38693.083135682,38.3330078125,38.3330078125,0,,0
44141,GF-6-CAM-18,38693.204042228,38693.204672986,38693.228509566,38.3330078125,38.3330078125,0,,0
44143,GF-6-CAM-18,38693.353316064,38693.354987435,38693.391358157,38.3330078125,38.3330078125,0,,0
44145,GF-6-CAM-18,38693.533676891,38693.534217512,38693.573367394,38.3330078125,38.3330078125,0,,0
44147,GF-6-CAM-18,38693.696519296,38693.697146201,38693.725316855,38.3330078125,38.3330078125,0,,0
44149,GF-6-CAM-18,38693.830623101,38693.831184181,38693.856584601,38.3330078125,38.3330078125,0,,0
44151,GF-6-CAM-18,38693.984718334,38693.985123237,38694.01769086,38.3330078125,38.3330078125,0,,0
44153,GF-6-CAM-18,38694.141569862,38694.141965136,38694.169541218,38.3330078125,38.3330078125,0,,0
44155,GF-6-CAM-18,38694.309346992,38694.309985647,38694.345402966,38.3330078125,38.3330078125,0,,0
44157,GF-6-CAM-18,38694.48272059,38694.483253196,38694.520362517,38.3330078125,38.3330078125,0,,0
44159,GF-6-CAM-18,38694.645499691,38694.647103084,38694.675130324,38.3330078125,38.3330078125,0,,0
44161,GF-6-CAM-18,38694.799744126,38694.800624701,38694.835702152,38.3330078125,38.3330078125,0,,0
44163,GF-6-CAM-18,38694.953277511,38694.954101869,38694.996152211,38.3330078125,38.3330078125,0,,0
44165,GF-6-CAM-18,38695.121301752,38695.123224436,38695.153935083,38.3330078125,38.3330078125,0,,0
44167,GF-6-CAM-18,38695.250081129,38695.250586215,38695.289235822,38.3330078125,38.3330078125,0,,0
44169,GF-6-CAM-18,38695.408638,38695.409181308,38695.431522045,38.3330078125,38.3330078125,0,,0
44171,GF-6-CAM-18,38695.570653439,38695.571442363,38695.591190692,38.3330078125,38.3330078125,0,,0
44173,GF-6-CAM-18,38695.713328293,38695.715477166,38695.755090233,38.3330078125,38.3330078125,0,,0
44175,GF-6-CAM-18,38695.889828657,38695.89071775,38695.921779678,38.3330078125,38.3330078125,0,,0
44177,GF-6-CAM-18,38696.064800331,38696.065554265,38696.102757456,38.3330078125,38.3330078125,0,,0
44179,GF-6-CAM-18,38696.203094639,38696.203785792,38696.247604841,38.3330078125,38.3330078125,0,,0
44181,GF-6-CAM-18,38696.374149429,38696.374647077,38696.428170443,38.3330078125,38.3330078125,0,,0
44183,GF-6-CAM-18,38696.563553252,38696.564150196,38696.598466705,38.3330078125,38.3330078125,0,,0
44185,GF-6-CAM-18,38696.734718375,38696.735368054,38696.772692543,38.3330078125,38.3330078125,0,,0
44187,GF-6-CAM-18,38696.915037608,38696.915870405,38696.952373786,38.3330078125,38.3330078125,0,,0
44189,GF-6-CAM-18,38697.082079528,38697.082884971,38697.109952879,38.3330078125,38.3330078125,0,,0
44191,GF-6-CAM-18,38697.257435734,38697.258093826,38697.293269081,38.3330078125,38.3330078125,0,,0
44193,GF-6-CAM-18,38697.41873221,38697.419143726,38697.463733426,38.3330078125,38.3330078125,0,,0
44195,GF-6-CAM-18,38697.586444131,38697.587075387,38697.622620215,38.3330078125,38.3330078125,0,,0
44197,GF-6-CAM-18,38697.749114169,38697.74984036,38697.781662864,38.3330078125,38.3330078125,0,,0
44199,GF-6-CAM-18,38697.899512651,38697.899875134,38697.933775039,38.3330078125,38.3330078125,0,,0
44201,GF-6-CAM-18,38698.05651767,38698.057259721,38698.082614199,38.3330078125,38.3330078125,0,,0
44203,GF-6-CAM-18,38698.207388912,38698.208700151,38698.247969598,38.3330078125,38.3330078125,0,,0
44205,GF-6-CAM-18,38698.378467695,38698.378820354,38698.399954985,38.3330078125,38.3330078125,0,,0
44207,GF-6-CAM-18,38698.545348098,38698.54608554,38698.584715704,38.3330078125,38.3330078125,0,,0
44209,GF-6-CAM-18,38698.71750279,38698.718186468,38698.741111462,38.3330078125,38.3330078125,0,,0
44211,GF-6-CAM-18,38698.85909816,38698.859486812,38698.891482771,38.3330078125,38.3330078125,0,,0
44213,GF-6-CAM-18,38699.005149842,38699.005684445,38699.055033481,38.3330078125,38.3330078125,0,,0
44215,GF-6-CAM-18,38699.16854364,38699.169136499,38699.213115774,38.3330078125,38.3330078125,0,,0
44217,GF-6-CAM-18,38699.322643617,38699.323074707,38699.364101751,38.3330078125,38.3330078125,0,,0
44219,GF-6-CAM-18,38699.485341509,38699.486104324,38699.515574908,38.3330078125,38.3330078125,0,,0
44221,GF-6-CAM-18,38699.626423759,38699.626832968,38699.647917426,38.3330078125,38.3330078125,0,,0
44223,GF-6-CAM-18,38699.756557367,38699.757174149,38699.794749104,38.3330078125,38.3330078125,0,,0
44225,GF-6-CAM-18,38699.913219788,38699.913841865,38699.942683957,38.3330078125,38.3330078125,0,,0
44227,GF-6-CAM-18,38700.066028737,38700.066472985,38700.095248266,38.3330078125,38.3330078125,0,,0
44229,GF-6-CAM-18,38700.212940768,38700.213597312,38700.255301991,38.3330078125,38.3330078125,0,,0
44231,GF-6-CAM-18,38700.396986459,38700.397499642,38700.432195627,38.3330078125,38.3330078125,0,,0
44233,GF-6-CAM-18,38700.566257982,38700.566731479,38700.596517343,38.3330078125,38.3330078125,0,,0
44235,GF-6-CAM-18,38700.705748424,38700.70714324,38700.735249941,38.3330078125,38.3330078125,0,,0
44237,GF-6-CAM-18,38700.86956643,38700.870239013,38700.904520493,38.3330078125,38.3330078125,0,,0
44239,GF-6-CAM-18,38701.031809954,38701.032390094,38701.059757257,38.3330078125,38.3330078125,0,,0
44241,GF-6-CAM-18,38701.182943506,38701.183870826,38701.234282091,38.3330078125,38.3330078125,0,,0
44243,GF-6-CAM-18,38701.383217988,38701.38377574,38701.425202228,38.3330078125,38.3330078125,0,,0
44245,GF-6-CAM-18,38701.538026855,38701.538889392,38701.565070781,38.3330078125,38.3330078125,0,,0
44247,GF-6-CAM-18,38701.676510371,38701.677040245,38701.709490671,38.3330078125,38.3330078125,0,,0
44249,GF-6-CAM-18,38701.818742313,38701.820908725,38701.859508402,38.3330078125,38.3330078125,0,,0
44251,GF-6-CAM-18,38701.977882261,38701.978480027,38702.010242642,38.3330078125,38.3330078125,0,,0
44253,GF-6-CAM-18,38702.121062463,38702.121438531,38702.159800132,38.3330078125,38.3330078125,0,,0
44255,GF-6-CAM-18,38702.276710333,38702.277520922,38702.322069515,38.3330078125,38.3330078125,0,,0
44257,GF-6-CAM-18,38702.446086197,38702.446766115,38702.482744952,38.3330078125,38.3330078125,0,,0
44259,GF-6-CAM-18,38702.599025592,38702.599890797,38702.633889686,38.3330078125,38.3330078125,0,,0
44261,GF-6-CAM-18,38702.735342584,38702.736092497,38702.75831916,38.3330078125,38.3330078125,0,,0
44263,GF-6-CAM-18,38702.855965752,38702.856427076,38702.880153781,38.3330078125,38.3330078125,0,,0
44265,GF-6-CAM-18,38702.996093875,38702.996512821,38703.031550143,38.3330078125,38.3330078125,0,,0
44267,GF-6-CAM-18,38703.154804009,38703.155546707,38703.179948533,38.3330078125,38.3330078125,0,,0
44269,GF-6-CAM-18,38703.2938063,38703.294191952,38703.326794867,38.3330078125,38.3330078125,0,,0
44271,GF-6-CAM-18,38703.441391747,38703.441935972,38703.473750626,38.3330078125,38.3330078125,0,,0
44273,GF-6-CAM-18,38703.600564926,38703.601630553,38703.62975981,38.3330078125,38.3330078125,0,,0
44275,GF-6-CAM-18,38703.749167412,38703.749600173,38703.774538306,38.3330078125,38.3330078125,0,,0
44277,GF-6-CAM-18,38703.894653862,38703.89505019,38703.924875384,38.3330078125,38.3330078125,0,,0
44279,GF-6-CAM-18,38704.033907395,38704.034329274,38704.061478167,38.3330078125,38.3330078125,0,,0
44281,GF-6-CAM-18,38704.192756634,38704.193336502,38704.227159246,38.3330078125,38.3330078125,0,,0
44283,GF-6-CAM-18,38704.372546827,38704.373236153,38704.403104585,38.3330078125,38.3330078125,0,,0
44285,GF-6-CAM-18,38704.508325369,38704.508634697,38704.543708606,38.3330078125,38.3330078125,0,,0
44287,GF-6-CAM-18,38704.645044796,38704.645755436,38704.679099685,38.3330078125,38.3330078125,0,,0
44289,GF-6-CAM-18,38704.795822765,38704.796537319,38704.82243763,38.3330078125,38.3330078125,0,,0
44291,GF-6-CAM-18,38704.929042147,38704.930050368,38704.968539547,38.3330078125,38.3330078125,0,,0
44293,GF-6-CAM-18,38705.067738045,38705.068217935,38705.090782187,38.3330078125,38.3330078125,0,,0
44295,GF-6-CAM-18,38705.230116294,38705.230779227,38705.260596504,38.3330078125,38.3330078125,0,,0
44297,GF-6-CAM-18,38705.374520795,38705.376498493,38705.402798275,38.3330078125,38.3330078125,0,,0
44299,GF-6-CAM-18,38705.547040546,38705.547798775,38705.575583175,38.3330078125,38.3330078125,0,,0
44301,GF-6-CAM-18,38705.696071166,38705.696752519,38705.736238802,38.3330078125,38.3330078125,0,,0
44303,GF-6-CAM-18,38705.844686727,38705.845497966,38705.879116065,38.3330078125,38.3330078125,0,,0
44305,GF-6-CAM-18,38705.996980728,38705.997528107,38706.034278095,38.3330078125,38.3330078125,0,,0
44307,GF-6-CAM-18,38706.159022419,38706.159615671,38706.183605963,38.3330078125,38.3330078125,0,,0
44309,GF-6-CAM-18,38706.318754693,38706.319373952,38706.344402702,38.3330078125,38.3330078125,0,,0
44311,GF-6-CAM-18,38706.459897337,38706.460371094,38706.492195367,38.3330078125,38.3330078125,0,,0
44313,GF-6-CAM-18,38706.611139813,38706.611760077,38706.653680354,38.3330078125,38.3330078125,0,,0
44315,GF-6-CAM-18,38706.76978369,38706.77036762,38706.801337135,38.3330078125,38.3330078125,0,,0
44317,GF-6-CAM-18,38706.916297028,38706.917393341,38706.953787023,38.3330078125,38.3330078125,0,,0
44319,GF-6-CAM-18,38707.065194647,38707.066094626,38707.115694434,38.3330078125,38.3330078125,0,,0
44321,GF-6-CAM-18,38707.266807008,38707.267212428,38707.296849453,38.3330078125,38.3330078125,0,,0
44323,GF-6-CAM-18,38707.41026832,38707.410805952,38707.446156047,38.3330078125,38.3330078125,0,,0
44325,GF-6-CAM-18,38707.575459531,38707.575846754,38707.601656728,38.3330078125,38.3330078125,0,,0
44327,GF-6-CAM-18,38707.730043728,38707.731992439,38707.765649388,38.3330078125,38.3330078125,0,,0
44329,GF-6-CAM-18,38707.882075736,38707.882802503,38707.912932483,38.3330078125,38.3330078125,0,,0
44331,GF-6-CAM-18,38708.026521013,38708.027326638,38708.058447067,38.3330078125,38.3330078125,0,,0
44333,GF-6-CAM-18,38708.17233327,38708.173072929,38708.201660999,38.3330078125,38.3330078125,0,,0
44335,GF-6-CAM-18,38708.312912961,38708.313566992,38708.344706098,38.3330078125,38.3330078125,0,,0
44337,GF-6-CAM-18,38708.468426814,38708.469123453,38708.493937449,38.3330078125,38.3330078125,0,,0
44339,GF-6-CAM-18,38708.608448175,38708.60897246,38708.62967984,38.3330078125,38.3330078125,0,,0
44341,GF-6-CAM-18,38708.761524995,38708.763390297,38708.794427782,38.3330078125,38.3330078125,0,,0
44343,GF-6-CAM-18,38708.926489498,38708.927726219,38708.969031407,38.3330078125,38.3330078125,0,,0
44345,GF-6-CAM-18,38709.089519921,38709.089888986,38709.129614889,38.3330078125,38.3330078125,0,,0
44347,GF-6-CAM-18,38709.253282288,38709.254122806,38709.280663739,38.3330078125,38.3330078125,0,,0
44349,GF-6-CAM-18,38709.398743243,38709.399510158,38709.437188756,38.3330078125,38.3330078125,0,,0
44351,GF-6-CAM-18,38709.538639982,38709.539654102,38709.566519462,38.3330078125,38.3330078125,0,,0
44353,GF-6-CAM-18,38709.684934026,38709.685739465,38709.715431986,38.3330078125,38.3330078125,0,,0
44355,GF-6-CAM-18,38709.843715651,38709.844397299,38709.870909574,38.3330078125,38.3330078125,0,,0
44357,GF-6-CAM-18,38709.992016522,38709.992750022,38710.044750367,38.3330078125,38.3330078125,0,,0
44359,GF-6-CAM-18,38710.166190168,38710.16685894,38710.187565321,38.3330078125,38.3330078125,0,,0
44361,GF-6-CAM-18,38710.292606912,38710.293361416,38710.327334017,38.3330078125,38.3330078125,0,,0
44363,GF-6-CAM-18,38710.445480029,38710.446129782,38710.479583463,38.3330078125,38.3330078125,0,,0
44365,GF-6-CAM-18,38710.599583456,38710.600348636,38710.626267774,38.3330078125,38.3330078125,0,,0
44367,GF-6-CAM-18,38710.739503535,38710.74006279,38710.765751012,38.3330078125,38.3330078125,0,,0
44369,GF-6-CAM-18,38710.878764947,38710.879395529,38710.904822082,38.3330078125,38.3330078125,0,,0
44371,GF-6-CAM-18,38711.022357006,38711.023141454,38711.059392919,38.3330078125,38.3330078125,0,,0
44373,GF-6-CAM-18,38711.185074599,38711.185716368,38711.211642442,38.3330078125,38.3330078125,0,,0
44375,GF-6-CAM-18,38711.338120109,38711.338516149,38711.367492309,38.3330078125,38.3330078125,0,,0
44377,GF-6-CAM-18,38711.50710621,38711.508648879,38711.53734282,38.3330078125,38.3330078125,0,,0
44379,GF-6-CAM-18,38711.653434519,38711.65784232,38711.682412601,38.3330078125,38.3330078125,0,,0
44381,GF-6-CAM-18,38711.820551214,38711.821173551,38711.845828463,38.3330078125,38.3330078125,0,,0
44383,GF-6-CAM-18,38711.972559534,38711.974239687,38711.999014836,38.3330078125,38.3330078125,0,,0
44385,GF-6-CAM-18,38712.1276052,38712.128050712,38712.159631625,38.3330078125,38.3330078125,0,,0
44387,GF-6-CAM-18,38712.2806642,38712.281113847,38712.311848544,38.3330078125,38.3330078125,0,,0
44389,GF-6-CAM-18,38712.438252799,38712.438682648,38712.469569677,38.3330078125,38.3330078125,0,,0
44391,GF-6-CAM-18,38712.587554874,38712.588075269,38712.614424153,38.3330078125,38.3330078125,0,,0
44393,GF-6-CAM-18,38712.732547986,38712.733353166,38712.773644185,38.3330078125,38.3330078125,0,,0
44395,GF-6-CAM-18,38712.896108547,38712.896448488,38712.943627312,38.3330078125,38.3330078125,0,,0
44397,GF-6-CAM-18,38713.071234376,38713.072094143,38713.102353746,38.3330078125,38.3330078125,0,,0
44399,GF-6-CAM-18,38713.229266644,38713.229917882,38713.267482956,38.3330078125,38.3330078125,0,,0
44401,GF-6-CAM-18,38713.388345699,38713.389094205,38713.425207946,38.3330078125,38.3330078125,0,,0
44403,GF-6-CAM-18,38713.552447139,38713.553453762,38713.583514555,38.3330078125,38.3330078125,0,,0
44405,GF-6-CAM-18,38713.717526212,38713.718182754,38713.750907222,38.3330078125,38.3330078125,0,,0
44407,GF-6-CAM-18,38713.863422228,38713.863759157,38713.885974375,38.3330078125,38.3330078125,0,,0
44409,GF-6-CAM-18,38714.02114473,38714.021455646,38714.049565385,38.3330078125,38.3330078125,0,,0
44411,GF-6-CAM-18,38714.181250977,38714.181758967,38714.209747769,38.3330078125,38.3330078125,0,,0
44413,GF-6-CAM-18,38714.344608042,38714.345059679,38714.382870668,38.3330078125,38.3330078125,0,,0
44415,GF-6-CAM-18,38714.503135189,38714.504107269,38714.549376094,38.3330078125,38.3330078125,0,,0
44417,GF-6-CAM-18,38714.67214416,38714.672525704,38714.708325797,38.3330078125,38.3330078125,0,,0
44419,GF-6-CAM-18,38714.853951825,38714.854875876,38714.888848035,38.3330078125,38.3330078125,0,,0
44421,GF-6-CAM-18,38715.02941912,38715.031378538,38715.05849257,38.3330078125,38.3330078125,0,,0
44423,GF-6-CAM-18,38715.189358167,38715.19030902,38715.227671535,38.3330078125,38.3330078125,0,,0
44425,GF-6-CAM-18,38715.336393137,38715.336938223,38715.366352973,38.3330078125,38.3330078125,0,,0
44427,GF-6-CAM-18,38715.494811598,38715.496067836,38715.532406084,38.3330078125,38.3330078125,0,,0
44429,GF-6-CAM-18,38715.648197274,38715.648673881,38715.671292775,38.3330078125,38.3330078125,0,,0
44431,GF-6-CAM-18,38715.79142746,38715.792340293,38715.827639018,38.3330078125,38.3330078125,0,,0
44433,GF-6-CAM-18,38715.950702251,38715.951208204,38715.988073491,38.3330078125,38.3330078125,0,,0
44435,GF-6-CAM-18,38716.110744925,38716.111437502,38716.137762443,38.3330078125,38.3330078125,0,,0
44437,GF-6-CAM-18,38716.25226386,38716.252946697,38716.290710712,38.3330078125,38.3330078125,0,,0
44439,GF-6-CAM-18,38716.399741691,38716.400427053,38716.436122996,38.3330078125,38.3330078125,0,,0
44441,GF-6-CAM-18,38716.54527512,38716.546435038,38716.583538684,38.3330078125,38.3330078125,0,,0
44443,GF-6-CAM-18,38716.716972205,38716.717779678,38716.748526502,38.3330078125,38.3330078125,0,,0
44445,GF-6-CAM-18,38716.873600055,38716.875811156,38716.918531097,38.3330078125,38.3330078125,0,,0
44447,GF-6-CAM-18,38717.022316999,38717.022800106,38717.055182576,38.3330078125,38.3330078125,0,,0
44449,GF-6-CAM-18,38717.174487048,38717.174969,38717.207988016,38.3330078125,38.3330078125,0,,0
44451,GF-6-CAM-18,38717.316036433,38717.316602583,38717.342628981,38.3330078125,38.3330078125,0,,0
44453,GF-6-CAM-18,38717.455924504,38717.456444125,38717.482070611,38.3330078125,38.3330078125,0,,0
44455,GF-6-CAM-18,38717.607318986,38717.608209377,38717.653205984,38.3330078125,38.3330078125,0,,0
44457,GF-6-CAM-18,38717.768479398,38717.768839548,38717.79409069,38.3330078125,38.3330078125,0,,0
44459,GF-6-CAM-18,38717.906933319,38717.907539887,38717.934639779,38.3330078125,38.3330078125,0,,0
44461,GF-6-CAM-18,38718.060750865,38718.061707016,38718.091914614,38.3330078125,38.3330078125,0,,0
44463,GF-6-CAM-18,38718.211443279,38718.211835331,38718.237528981,38.3330078125,38.3330078125,0,,0
44465,GF-6-CAM-18,38718.357725984,38718.358148163,38718.385173806,38.3330078125,38.3330078125,0,,0
44467,GF-6-CAM-18,38718.501856274,38718.502244917,38718.542933153,38.3330078125,38.3330078125,0,,0
44469,GF-6-CAM-18,38718.662465948,38718.663729035,38718.710213924,38.3330078125,38.3330078125,0,,0
44471,GF-6-CAM-18,38718.839292937,38718.841920341,38718.874023902,38.3330078125,38.3330078125,0,,0
44473,GF-6-CAM-18,38718.989574484,38718.99115449,38719.024366799,38.3330078125,38.3330078125,0,,0
44475,GF-6-CAM-18,38719.159316746,38719.162131729,38719.189091674,38.3330078125,38.3330078125,0,,0
44477,GF-6-CAM-18,38719.306647519,38719.308285417,38719.340277159,38.3330078125,38.3330078125,0,,0
44479,GF-6-CAM-18,38719.452414924,38719.452964489,38719.482989325,38.3330078125,38.3330078125,0,,0
44481,GF-6-CAM-18,38719.58591144,38719.58644514,38719.619061082,38.3330078125,38.3330078125,0,,0
44483,GF-6-CAM-18,38719.750111715,38719.750480318,38719.778904038,38.3330078125,38.3330078125,0,,0
44485,GF-6-CAM-18,38719.893621226,38719.894372086,38719.931586756,38.3330078125,38.3330078125,0,,0
44487,GF-6-CAM-18,38720.052602714,38720.053317995,38720.094777147,38.3330078125,38.3330078125,0,,0
44489,GF-6-CAM-18,38720.21498591,38720.215447998,38720.253213449,38.3330078125,38.3330078125,0,,0
44491,GF-6-CAM-18,38720.37898245,38720.37944386,38720.411669727,38.3330078125,38.3330078125,0,,0
44493,GF-6-CAM-18,38720.530225119,38720.530861977,38720.576445898,38.3330078125,38.3330078125,0,,0
44495,GF-6-CAM-18,38720.691102677,38720.691515914,38720.723753047,38.3330078125,38.3330078125,0,,0
44497,GF-6-CAM-18,38720.842755773,38720.843329813,38720.872593426,38.3330078125,38.3330078125,0,,0
44499,GF-6-CAM-18,38721.002483582,38721.003143473,38721.03148509,38.3330078125,38.3330078125,0,,0
44501,GF-6-CAM-18,38721.156810404,38721.15738629,38721.210091737,38.3330078125,38.3330078125,0,,0
44503,GF-6-CAM-18,38721.341115313,38721.3436926,38721.378993192,38.3330078125,38.3330078125,0,,0
44505,GF-6-CAM-18,38721.497771662,38721.498413517,38721.532082083,38.3330078125,38.3330078125,0,,0
44507,GF-6-CAM-18,38721.668011498,38721.668961063,38721.694356583,38.3330078125,38.3330078125,0,,0
44509,GF-6-CAM-18,38721.819935156,38721.821634289,38721.872996745,38.3330078125,38.3330078125,0,,0
44511,GF-6-CAM-18,38721.997058107,38721.9983178,38722.02341169,38.3330078125,38.3330078125,0,,0
44513,GF-6-CAM-18,38722.147860942,38722.148481993,38722.17665991,38.3330078125,38.3330078125,0,,0
44515,GF-6-CAM-18,38722.294917133,38722.296249419,38722.324377855,38.3330078125,38.3330078125,0,,0
44517,GF-6-CAM-18,38722.435573665,38722.437978291,38722.468154579,38.3330078125,38.3330078125,0,,0
44519,GF-6-CAM-18,38722.590658259,38722.591230079,38722.626732262,38.3330078125,38.3330078125,0,,0
44521,GF-6-CAM-18,38722.76175451,38722.763896177,38722.796533387,38.3330078125,38.3330078125,0,,0
44523,GF-6-CAM-18,38722.927776373,38722.928352364,38722.956460884,38.3330078125,38.3330078125,0,,0
44525,GF-6-CAM-18,38723.103066011,38723.103905878,38723.134130671,38.3330078125,38.3330078125,0,,0
44527,GF-6-CAM-18,38723.26752534,38723.268154195,38723.300183746,38.3330078125,38.3330078125,0,,0
44529,GF-6-CAM-18,38723.422266194,38723.42434101,38723.454416821,38.3330078125,38.3330078125,0,,0
44531,GF-6-CAM-18,38723.590500891,38723.591186357,38723.618619845,38.3330078125,38.3330078125,0,,0
44533,GF-6-CAM-18,38723.730536278,38723.731161106,38723.7714452,38.3330078125,38.3330078125,0,,0
44535,GF-6-CAM-18,38723.88178363,38723.883155988,38723.917174584,38.3330078125,38.3330078125,0,,0
44537,GF-6-CAM-18,38724.040132355,38724.040631814,38724.067951078,38.3330078125,38.3330078125,0,,0
44539,GF-6-CAM-18,38724.191339865,38724.192057246,38724.231162604,38.3330078125,38.3330078125,0,,0
44541,GF-6-CAM-18,38724.361672944,38724.36262763,38724.400551673,38.3330078125,38.3330078125,0,,0
44543,GF-6-CAM-18,38724.544150846,38724.544918885,38724.570766339,38.3330078125,38.3330078125,0,,0
44545,GF-6-CAM-18,38724.684251433,38724.684845714,38724.71797882,38.3330078125,38.3330078125,0,,0
44547,GF-6-CAM-18,38724.837014248,38724.837926119,38724.876023317,38.3330078125,38.3330078125,0,,0
44549,GF-6-CAM-18,38724.995870811,38724.996549155,38725.017262104,38.3330078125,38.3330078125,0,,0
44551,GF-6-CAM-18,38725.143992737,38725.144729474,38725.168583791,38.3330078125,38.3330078125,0,,0
44553,GF-6-CAM-18,38725.292719922,38725.294528782,38725.31813446,38.3330078125,38.3330078125,0,,0
44555,GF-6-CAM-18,38725.441888442,38725.442377537,38725.467447039,38.3330078125,38.3330078125,0,,0
44557,GF-6-CAM-18,38725.599435334,38725.599816765,38725.625146622,38.3330078125,38.3330078125,0,,0
44559,GF-6-CAM-18,38725.754669691,38725.755223055,38725.784863575,38.3330078125,38.3330078125,0,,0
44561,GF-6-CAM-18,38725.926788902,38725.927231133,38725.962280593,38.3330078125,38.3330078125,0,,0
44563,GF-6-CAM-18,38726.085461796,38726.087718205,38726.119651739,38.3330078125,38.3330078125,0,,0
44565,GF-6-CAM-18,38726.241342289,38726.242916892,38726.289272631,38.3330078125,38.3330078125,0,,0
44567,GF-6-CAM-18,38726.404302535,38726.404674254,38726.435659337,38.3330078125,38.3330078125,0,,0
44569,GF-6-CAM-18,38726.557202506,38726.558299397,38726.59420504,38.3330078125,38.3330078125,0,,0
44571,GF-6-CAM-18,38726.715043288,38726.715447223,38726.742836049,38.3330078125,38.3330078125,0,,0
44573,GF-6-CAM-18,38726.886221175,38726.886834446,38726.920334799,38.3330078125,38.3330078125,0,,0
44575,GF-6-CAM-18,38727.048765115,38727.049170397,38727.078065645,38.3330078125,38.3330078125,0,,0
44577,GF-6-CAM-18,38727.202081946,38727.203485136,38727.254222348,38.3330078125,38.3330078125,0,,0
44579,GF-6-CAM-18,38727.372044048,38727.372605561,38727.398922663,38.3330078125,38.3330078125,0,,0
44581,GF-6-CAM-18,38727.533925125,38727.534588668,38727.567513342,38.3330078125,38.3330078125,0,,0
44583,GF-6-CAM-18,38727.68308015,38727.68353504,38727.726453457,38.3330078125,38.3330078125,0,,0
44585,GF-6-CAM-18,38727.845352631,38727.846256436,38727.87441538,38.3330078125,38.3330078125,0,,0
44587,GF-6-CAM-18,38728.004430662,38728.004829931,38728.032668511,38.3330078125,38.3330078125,0,,0
44589,GF-6-CAM-18,38728.170500462,38728.171123026,38728.21317858,38.3330078125,38.3330078125,0,,0
44591,GF-6-CAM-18,38728.339715539,38728.340195249,38728.36929114,38.3330078125,38.3330078125,0,,0
44593,GF-6-CAM-18,38728.495844986,38728.496739008,38728.523774285,38.3330078125,38.3330078125,0,,0
44595,GF-6-CAM-18,38728.648959207,38728.64960195,38728.679883822,38.3330078125,38.3330078125,0,,0
44597,GF-6-CAM-18,38728.789690942,38728.790364493,38728.82541764,38.3330078125,38.3330078125,0,,0
44599,GF-6-CAM-18,38728.961309003,38728.962101306,38728.992549979,38.3330078125,38.3330078125,0,,0
44601,GF-6-CAM-18,38729.139450773,38729.140218765,38729.171594692,38.3330078125,38.3330078125,0,,0
44603,GF-6-CAM-18,38729.282057483,38729.282677772,38729.319636961,38.3330078125,38.3330078125,0,,0
44605,GF-6-CAM-18,38729.436622193,38729.440147783,38729.475616503,38.3330078125,38.3330078125,0,,0
44607,GF-6-CAM-18,38729.591914995,38729.592267933,38729.619810851,38.3330078125,38.3330078125,0,,0
44609,GF-6-CAM-18,38729.742119818,38729.743386459,38729.777097757,38.3330078125,38.3330078125,0,,0
44611,GF-6-CAM-18,38729.906607437,38729.907351538,38729.936857775,38.3330078125,38.3330078125,0,,0
44613,GF-6-CAM-18,38730.054645326,38730.055201978,38730.087666475,38.3330078125,38.3330078125,0,,0
44615,GF-6-CAM-18,38730.208970028,38730.209563926,38730.250092172,38.3330078125,38.3330078125,0,,0
44617,GF-6-CAM-18,38730.370446938,38730.370802322,38730.393560584,38.3330078125,38.3330078125,0,,0
44619,GF-6-CAM-18,38730.53002293,38730.530375897,38730.570993847,38.3330078125,38.3330078125,0,,0
44621,GF-6-CAM-18,38730.690020041,38730.690973329,38730.717273394,38.3330078125,38.3330078125,0,,0
44623,GF-6-CAM-18,38730.834260666,38730.834655296,38730.861646416,38.3330078125,38.3330078125,0,,0
44625,GF-6-CAM-18,38730.990024722,38730.990643535,38731.023269674,38.3330078125,38.3330078125,0,,0
44627,GF-6-CAM-18,38731.138351478,38731.141827818,38731.19944563,38.3330078125,38.3330078125,0,,0
44629,GF-6-CAM-18,38731.323633399,38731.32428881,38731.352354758,38.3330078125,38.3330078125,0,,0
44631,GF-6-CAM-18,38731.490168541,38731.493579681,38731.530478088,38.3330078125,38.3330078125,0,,0
44633,GF-6-CAM-18,38731.673459401,38731.673934789,38731.700959728,38.3330078125,38.3330078125,0,,0
44635,GF-6-CAM-18,38731.815529412,38731.816023615,38731.847870212,38.3330078125,38.3330078125,0,,0
44637,GF-6-CAM-18,38731.979282293,38731.98090094,38732.017478372,38.3330078125,38.3330078125,0,,0
44639,GF-6-CAM-18,38732.146586649,38732.148771253,38732.173425016,38.3330078125,38.3330078125,0,,0
44641,GF-6-CAM-18,38732.306360517,38732.307211581,38732.344984555,38.3330078125,38.3330078125,0,,0
44643,GF-6-CAM-18,38732.47113127,38732.47149733,38732.506830913,38.3330078125,38.3330078125,0,,0
44645,GF-6-CAM-18,38732.630274784,38732.631139787,38732.657890796,38.3330078125,38.3330078125,0,,0
44647,GF-6-CAM-18,38732.761653559,38732.762267776,38732.811602524,38.3330078125,38.3330078125,0,,0
44649,GF-6-CAM-18,38732.943990044,38732.944464615,38732.982939254,38.3330078125,38.3330078125,0,,0
44651,GF-6-CAM-18,38733.095237463,38733.096579471,38733.144839412,38.3330078125,38.3330078125,0,,0
44653,GF-6-CAM-18,38733.243808417,38733.244483358,38733.277979022,38.3330078125,38.3330078125,0,,0
44655,GF-6-CAM-18,38733.402309072,38733.402735616,38733.430363455,38.3330078125,38.3330078125,0,,0
44657,GF-6-CAM-18,38733.546944833,38733.547761804,38733.583646417,38.3330078125,38.3330078125,0,,0
44659,GF-6-CAM-18,38733.710838836,38733.711478547,38733.742460297,38.3330078125,38.3330078125,0,,0
44661,GF-6-CAM-18,38733.876472969,38733.877167409,38733.91710162,38.3330078125,38.3330078125,0,,0
44663,GF-6-CAM-18,38734.033404624,38734.034352364,38734.071351589,38.3330078125,38.3330078125,0,,0
44665,GF-6-CAM-18,38734.176669392,38734.177052982,38734.204824492,38.3330078125,38.3330078125,0,,0
44667,GF-6-CAM-18,38734.333038243,38734.333707143,38734.366252746,38.3330078125,38.3330078125,0,,0
44669,GF-6-CAM-18,38734.488259834,38734.491629509,38734.539730984,38.3330078125,38.3330078125,0,,0
44671,GF-6-CAM-18,38734.651856463,38734.652621886,38734.676949127,38.3330078125,38.3330078125,0,,0
44673,GF-6-CAM-18,38734.800996226,38734.801495135,38734.833561127,38.3330078125,38.3330078125,0,,0
44675,GF-6-CAM-18,38734.973135903,38734.973772028,38735.004100172,38.3330078125,38.3330078125,0,,0
44677,GF-6-CAM-18,38735.117948532,38735.118295601,38735.153263411,38.3330078125,38.3330078125,0,,0
44679,GF-6-CAM-18,38735.280106404,38735.280581509,38735.308498862,38.3330078125,38.3330078125,0,,0
44681,GF-6-CAM-18,38735.44567089,38735.44647031,38735.484160117,38.3330078125,38.3330078125,0,,0
44683,GF-6-CAM-18,38735.606160076,38735.606644849,38735.641384547,38.3330078125,38.3330078125,0,,0
44685,GF-6-CAM-18,38735.80050339,38735.801474359,38735.83965993,38.3330078125,38.3330078125,0,,0
44687,GF-6-CAM-18,38735.957925635,38735.958314165,38735.98664934,38.3330078125,38.3330078125,0,,0
44689,GF-6-CAM-18,38736.100166949,38736.100628155,38736.140879606,38.3330078125,38.3330078125,0,,0
44691,GF-6-CAM-18,38736.266711522,38736.267180518,38736.292599058,38.3330078125,38.3330078125,0,,0
44693,GF-6-CAM-18,38736.40963848,38736.410186612,38736.435598448,38.3330078125,38.3330078125,0,,0
44695,GF-6-CAM-18,38736.565067792,38736.565702428,38736.596636508,38.3330078125,38.3330078125,0,,0
44697,GF-6-CAM-18,38736.707238831,38736.707833395,38736.731882242,38.3330078125,38.3330078125,0,,0
44699,GF-6-CAM-18,38736.819714129,38736.820373587,38736.851182368,38.3330078125,38.3330078125,0,,0
44701,GF-6-CAM-18,38736.946041311,38736.946535419,38736.973856871,38.3330078125,38.3330078125,0,,0
44703,GF-6-CAM-18,38737.084455865,38737.086776605,38737.114964578,38.3330078125,38.3330078125,0,,0
44705,GF-6-CAM-18,38737.211379737,38737.21167848,38737.256207584,38.3330078125,38.3330078125,0,,0
44707,GF-6-CAM-18,38737.35780798,38737.358186375,38737.387341392,38.3330078125,38.3330078125,0,,0
44709,GF-6-CAM-18,38737.500991474,38737.501327386,38737.526433576,38.3330078125,38.3330078125,0,,0
44711,GF-6-CAM-18,38737.636985486,38737.638467778,38737.673895629,38.3330078125,38.3330078125,0,,0
44713,GF-6-CAM-18,38737.796781065,38737.79764511,38737.822655119,38.3330078125,38.3330078125,0,,0
44715,GF-6-CAM-18,38737.959433144,38737.962171071,38737.995655402,38.3330078125,38.3330078125,0,,0
44717,GF-6-CAM-18,38738.122189568,38738.122733152,38738.153510667,38.3330078125,38.3330078125,0,,0
44719,GF-6-CAM-18,38738.255612784,38738.256183143,38738.292276485,38.3330078125,38.3330078125,0,,0
44721,GF-6-CAM-18,38738.399668113,38738.400302634,38738.437924672,38.3330078125,38.3330078125,0,,0
44723,GF-6-CAM-18,38738.564237046,38738.564710198,38738.594234049,38.3330078125,38.3330078125,0,,0
44725,GF-6-CAM-18,38738.695075537,38738.695492211,38738.72555123,38.3330078125,38.3330078125,0,,0
44727,GF-6-CAM-18,38738.840941929,38738.841462145,38738.880906746,38.3330078125,38.3330078125,0,,0
44729,GF-6-CAM-18,38739.012963556,38739.013304143,38739.035049662,38.3330078125,38.3330078125,0,,0
44731,GF-6-CAM-18,38739.153068186,38739.154468008,38739.182847988,38.3330078125,38.3330078125,0,,0
44733,GF-6-CAM-18,38739.307680315,38739.308136482,38739.334424002,38.3330078125,38.3330078125,0,,0
44735,GF-6-CAM-18,38739.448417814,38739.449116883,38739.487133787,38.3330078125,38.3330078125,0,,0
44737,GF-6-CAM-18,38739.605469897,38739.606071082,38739.635625744,38.3330078125,38.3330078125,0,,0
44739,GF-6-CAM-18,38739.765978122,38739.766741892,38739.796763045,38.3330078125,38.3330078125,0,,0
44741,GF-6-CAM-18,38739.919630114,38739.920135013,38739.952693873,38.3330078125,38.3330078125,0,,0
44743,GF-6-CAM-18,38740.057491691,38740.057863117,38740.08653824,38.3330078125,38.3330078125,0,,0
44745,GF-6-CAM-18,38740.223997357,38740.22469267,38740.257926345,38.3330078125,38.3330078125,0,,0
44747,GF-6-CAM-18,38740.382268574,38740.383437989,38740.40459639,38.3330078125,38.3330078125,0,,0
44749,GF-6-CAM-18,38740.531590223,38740.532393746,38740.558268951,38.3330078125,38.3330078125,0,,0
44751,GF-6-CAM-18,38740.678604343,38740.680034494,38740.723277104,38.3330078125,38.3330078125,0,,0
44753,GF-6-CAM-18,38740.833477799,38740.835601089,38740.871069847,38.3330078125,38.3330078125,0,,0
44755,GF-6-CAM-18,38740.995662094,38740.996774123,38741.029401205,38.3330078125,38.3330078125,0,,0
44757,GF-6-CAM-18,38741.148434893,38741.150155379,38741.177284109,38.3330078125,38.3330078125,0,,0
44759,GF-6-CAM-18,38741.311603984,38741.314590108,38741.354267945,38.3330078125,38.3330078125,0,,0
44761,GF-6-CAM-18,38741.468733334,38741.469233831,38741.509746355,38.3330078125,38.3330078125,0,,0
44763,GF-6-CAM-18,38741.627869478,38741.628459707,38741.66641561,38.3330078125,38.3330078125,0,,0
44765,GF-6-CAM-18,38741.788978245,38741.790081241,38741.828153968,38.3330078125,38.3330078125,0,,0
44767,GF-6-CAM-18,38741.94066266,38741.943173758,38741.968262705,38.3330078125,38.3330078125,0,,0
44769,GF-6-CAM-18,38742.09005926,38742.090714593,38742.117488064,38.3330078125,38.3330078125,0,,0
44771,GF-6-CAM-18,38742.242065701,38742.242932118,38742.27882051,38.3330078125,38.3330078125,0,,0
44773,GF-6-CAM-18,38742.399778231,38742.401573421,38742.448527384,38.3330078125,38.3330078125,0,,0
44775,GF-6-CAM-18,38742.563377419,38742.563829925,38742.60087567,38.3330078125,38.3330078125,0,,0
44777,GF-6-CAM-18,38742.718354757,38742.718800842,38742.7426777,38.3330078125,38.3330078125,0,,0
44779,GF-6-CAM-18,38742.855852421,38742.856370649,38742.877817918,38.3330078125,38.3330078125,0,,0
44781,GF-6-CAM-18,38743.005845165,38743.007334703,38743.055054078,38.3330078125,38.3330078125,0,,0
44783,GF-6-CAM-18,38743.172119808,38743.172504708,38743.197987206,38.3330078125,38.3330078125,0,,0
44785,GF-6-CAM-18,38743.33936696,38743.339753723,38743.362920551,38.3330078125,38.3330078125,0,,0
44787,GF-6-CAM-18,38743.508453563,38743.509109449,38743.534350394,38.3330078125,38.3330078125,0,,0
44789,GF-6-CAM-18,38743.647347867,38743.647636251,38743.694748334,38.3330078125,38.3330078125,0,,0
44791,GF-6-CAM-18,38743.827970791,38743.828423561,38743.869170133,38.3330078125,38.3330078125,0,,0
44793,GF-6-CAM-18,38743.986438202,38743.987968297,38744.024916259,38.3330078125,38.3330078125,0,,0
44795,GF-6-CAM-18,38744.155034589,38744.155462451,38744.197081159,38.3330078125,38.3330078125,0,,0
44797,GF-6-CAM-18,38744.346768636,38744.34720655,38744.390357714,38.3330078125,38.3330078125,0,,0
44799,GF-6-CAM-18,38744.531023511,38744.531583718,38744.573072075,38.3330078125,38.3330078125,0,,0
44801,GF-6-CAM-18,38744.695448613,38744.696180273,38744.735121957,38.3330078125,38.3330078125,0,,0
44803,GF-6-CAM-18,38744.862652389,38744.863341496,38744.907111282,38.3330078125,38.3330078125,0,,0
44805,GF-6-CAM-18,38745.027555214,38745.027921712,38745.081416803,38.3330078125,38.3330078125,0,,0
44807,GF-6-CAM-18,38745.206770944,38745.207478888,38745.234470054,38.3330078125,38.3330078125,0,,0
44809,GF-6-CAM-18,38745.360076244,38745.360755309,38745.398881107,38.3330078125,38.3330078125,0,,0
44811,GF-6-CAM-18,38745.52133577,38745.522032602,38745.566129547,38.3330078125,38.3330078125,0,,0
44813,GF-6-CAM-18,38745.687850811,38745.688374368,38745.733117954,38.3330078125,38.3330078125,0,,0
44815,GF-6-CAM-18,38745.859161337,38745.859854993,38745.892858612,38.3330078125,38.3330078125,0,,0
44817,GF-6-CAM-18,38746.013340829,38746.014141431,38746.047488772,38.3330078125,38.3330078125,0,,0
44819,GF-6-CAM-18,38746.179886929,38746.181380169,38746.216305529,38.3330078125,38.3330078125,0,,0
44821,GF-6-CAM-18,38746.352866296,38746.354086979,38746.389166407,38.3330078125,38.3330078125,0,,0
44823,GF-6-CAM-18,38746.511902415,38746.513474074,38746.552367694,38.3330078125,38.3330078125,0,,0
44825,GF-6-CAM-18,38746.667834284,38746.668255133,38746.726395871,38.3330078125,38.3330078125,0,,0
44827,GF-6-CAM-18,38746.851616643,38746.852183146,38746.887964112,38.3330078125,38.3330078125,0,,0
44829,GF-6-CAM-18,38747.006428395,38747.008172811,38747.040444814,38.3330078125,38.3330078125,0,,0
44831,GF-6-CAM-18,38747.168397362,38747.168993926,38747.196330183,38.3330078125,38.3330078125,0,,0
44833,GF-6-CAM-18,38747.326656368,38747.327134404,38747.350193224,38.3330078125,38.3330078125,0,,0
44835,GF-6-CAM-18,38747.488788424,38747.489474845,38747.520857205,38.3330078125,38.3330078125,0,,0
44837,GF-6-CAM-18,38747.666787669,38747.667533777,38747.701069008,38.3330078125,38.3330078125,0,,0
44839,GF-6-CAM-18,38747.83040582,38747.830920414,38747.860230264,38.3330078125,38.3330078125,0,,0
44841,GF-6-CAM-18,38747.984325392,38747.984763454,38748.026599942,38.3330078125,38.3330078125,0,,0
44843,GF-6-CAM-18,38748.154035215,38748.155507196,38748.188453258,38.3330078125,38.3330078125,0,,0
44845,GF-6-CAM-18,38748.323712259,38748.324197505,38748.360116948,38.3330078125,38.3330078125,0,,0
44847,GF-6-CAM-18,38748.495346063,38748.495957913,38748.525036097,38.3330078125,38.3330078125,0,,0
44849,GF-6-CAM-18,38748.65587516,38748.657245073,38748.690283412,38.3330078125,38.3330078125,0,,0
44851,GF-6-CAM-18,38748.804652176,38748.80498639,38748.845167614,38.3330078125,38.3330078125,0,,0
44853,GF-6-CAM-18,38748.963968084,38748.964453952,38749.018505617,38.3330078125,38.3330078125,0,,0
44855,GF-6-CAM-18,38749.15741071,38749.159204207,38749.18367632,38.3330078125,38.3330078125,0,,0
44857,GF-6-CAM-18,38749.309458244,38749.310477647,38749.351230772,38.3330078125,38.3330078125,0,,0
44859,GF-6-CAM-18,38749.464982756,38749.465693721,38749.50219749,38.3330078125,38.3330078125,0,,0
44861,GF-6-CAM-18,38749.625577784,38749.626343188,38749.670310281,38.3330078125,38.3330078125,0,,0
44863,GF-6-CAM-18,38749.799020726,38749.799478951,38749.832898546,38.3330078125,38.3330078125,0,,0
44865,GF-6-CAM-18,38749.952421383,38749.952923255,38749.987214869,38.3330078125,38.3330078125,0,,0
44867,GF-6-CAM-18,38750.117781256,38750.118351291,38750.155974913,38.3330078125,38.3330078125,0,,0
44869,GF-6-CAM-18,38750.279176307,38750.279802616,38750.306568977,38.3330078125,38.3330078125,0,,0
44871,GF-6-CAM-18,38750.420689155,38750.421212421,38750.467664815,38.3330078125,38.3330078125,0,,0
44873,GF-6-CAM-18,38750.582479165,38750.58305055,38750.617586754,38.3330078125,38.3330078125,0,,0
44875,GF-6-CAM-18,38750.742661951,38750.743356146,38750.777035328,38.3330078125,38.3330078125,0,,0
44877,GF-6-CAM-18,38750.896472274,38750.897035699,38750.942702627,38.3330078125,38.3330078125,0,,0
44879,GF-6-CAM-18,38751.060931631,38751.061267183,38751.093506332,38.3330078125,38.3330078125,0,,0
44881,GF-6-CAM-18,38751.242936995,38751.243658335,38751.271690498,38.3330078125,38.3330078125,0,,0
44883,GF-6-CAM-18,38751.394129028,38751.394852822,38751.451438507,38.3330078125,38.3330078125,0,,0
44885,GF-6-CAM-18,38751.567208317,38751.567684159,38751.620351546,38.3330078125,38.3330078125,0,,0
44887,GF-6-CAM-18,38751.7310213,38751.731520764,38751.773923915,38.3330078125,38.3330078125,0,,0
44889,GF-6-CAM-18,38751.897423138,38751.897936923,38751.941799948,38.3330078125,38.3330078125,0,,0
44891,GF-6-CAM-18,38752.06055147,38752.062469727,38752.10355269,38.3330078125,38.3330078125,0,,0
44893,GF-6-CAM-18,38752.240250837,38752.240797284,38752.26579669,38.3330078125,38.3330078125,0,,0
44895,GF-6-CAM-18,38752.389335119,38752.390459695,38752.426978595,38.3330078125,38.3330078125,0,,0
44897,GF-6-CAM-18,38752.548409599,38752.54890163,38752.573203156,38.3330078125,38.3330078125,0,,0
44899,GF-6-CAM-18,38752.702359938,38752.702840797,38752.727529996,38.3330078125,38.3330078125,0,,0
44901,GF-6-CAM-18,38752.824687678,38752.825536852,38752.852473662,38.3330078125,38.3330078125,0,,0
44903,GF-6-CAM-18,38752.965332083,38752.966255978,38752.995849242,38.3330078125,38.3330078125,0,,0
44905,GF-6-CAM-18,38753.130979953,38753.131663019,38753.160784532,38.3330078125,38.3330078125,0,,0
44907,GF-6-CAM-18,38753.277680795,38753.280230107,38753.305332369,38.3330078125,38.3330078125,0,,0
44909,GF-6-CAM-18,38753.4296391,38753.430187073,38753.458764158,38.3330078125,38.3330078125,0,,0
44911,GF-6-CAM-18,38753.584231182,38753.587326956,38753.614448745,38.3330078125,38.3330078125,0,,0
44913,GF-6-CAM-18,38753.744756524,38753.745975779,38753.773979914,38.3330078125,38.3330078125,0,,0
44915,GF-6-CAM-18,38753.902007527,38753.902736764,38753.936617308,38.3330078125,38.3330078125,0,,0
44917,GF-6-CAM-18,38754.058563063,38754.061830446,38754.088691332,38.3330078125,38.3330078125,0,,0
44919,GF-6-CAM-18,38754.205151463,38754.205827109,38754.235365272,38.3330078125,38.3330078125,0,,0
44921,GF-6-CAM-18,38754.344246357,38754.345020529,38754.391557872,38.3330078125,38.3330078125,0,,0
44923,GF-6-CAM-18,38754.50337284,38754.504403368,38754.537408831,38.3330078125,38.3330078125,0,,0
44925,GF-6-CAM-18,38754.65853272,38754.659359708,38754.702362868,38.3330078125,38.3330078125,0,,0
44927,GF-6-CAM-18,38754.82858516,38754.829064614,38754.858995334,38.3330078125,38.3330078125,0,,0
44929,GF-6-CAM-18,38754.980815764,38754.982639403,38755.025321763,38.3330078125,38.3330078125,0,,0
44931,GF-6-CAM-18,38755.147342687,38755.148815892,38755.18337932,38.3330078125,38.3330078125,0,,0
44933,GF-6-CAM-18,38755.317921903,38755.318719789,38755.358787709,38.3330078125,38.3330078125,0,,0
44935,GF-6-CAM-18,38755.495451843,38755.495879072,38755.528103368,38.3330078125,38.3330078125,0,,0
44937,GF-6-CAM-18,38755.659945942,38755.660680275,38755.694755819,38.3330078125,38.3330078125,0,,0
44939,GF-6-CAM-18,38755.834463393,38755.835572614,38755.867160153,38.3330078125,38.3330078125,0,,0
44941,GF-6-CAM-18,38755.983691525,38755.984386909,38756.018478596,38.3330078125,38.3330078125,0,,0
44943,GF-6-CAM-18,38756.150390875,38756.150865833,38756.193249205,38.3330078125,38.3330078125,0,,0
44945,GF-6-CAM-18,38756.31866589,38756.319246796,38756.349936724,38.3330078125,38.3330078125,0,,0
44947,GF-6-CAM-18,38756.487829319,38756.488533392,38756.521329029,38.3330078125,38.3330078125,0,,0
44949,GF-6-CAM-18,38756.663482109,38756.664975944,38756.700244504,38.3330078125,38.3330078125,0,,0
44951,GF-6-CAM-18,38756.822272149,38756.822753411,38756.841426134,38.3330078125,38.3330078125,0,,0
44953,GF-6-CAM-18,38756.951409003,38756.95199112,38756.985104635,38.3330078125,38.3330078125,0,,0
44955,GF-6-CAM-18,38757.109119304,38757.109738111,38757.136204572,38.3330078125,38.3330078125,0,,0
44957,GF-6-CAM-18,38757.25160843,38757.252041582,38757.279586967,38.3330078125,38.3330078125,0,,0
44959,GF-6-CAM-18,38757.405532968,38757.405870604,38757.442345037,38.3330078125,38.3330078125,0,,0
44961,GF-6-CAM-18,38757.556913657,38757.557562709,38757.585764836,38.3330078125,38.3330078125,0,,0
44963,GF-6-CAM-18,38757.687444481,38757.687750804,38757.725693796,38.3330078125,38.3330078125,0,,0
44967,GF-6-CAM-18,38758.007510648,38758.007922306,38758.029501977,38.33349609375,38.3330078125,0,,0
44969,GF-6-CAM-18,38758.172947991,38758.174392342,38758.211388405,38.3330078125,38.3330078125,0,,0
44971,GF-6-CAM-18,38758.335887931,38758.337452146,38758.38413631,38.3330078125,38.3330078125,0,,0
44973,GF-6-CAM-18,38758.515594149,38758.517109657,38758.554585408,38.3330078125,38.3330078125,0,,0
44975,GF-6-CAM-18,38758.682137773,38758.683042603,38758.713828021,38.3330078125,38.3330078125,0,,0
44977,GF-6-CAM-18,38758.845198116,38758.845843068,38758.875753979,38.3330078125,38.3330078125,0,,0
44979,GF-6-CAM-18,38759.005367498,38759.00664797,38759.050868081,38.3330078125,38.3330078125,0,,0
44981,GF-6-CAM-18,38759.176465556,38759.178481847,38759.219772967,38.3330078125,38.3330078125,0,,0
44983,GF-6-CAM-18,38759.331957399,38759.334082003,38759.363577868,38.3330078125,38.3330078125,0,,0
44985,GF-6-CAM-18,38759.484326661,38759.484769034,38759.519044196,38.3330078125,38.3330078125,0,,0
44987,GF-6-CAM-18,38759.647150122,38759.647535152,38759.672462471,38.3330078125,38.3330078125,0,,0
44989,GF-6-CAM-18,38759.816816669,38759.817409705,38759.854368083,38.3330078125,38.3330078125,0,,0
44991,GF-6-CAM-18,38759.950240756,38759.950741821,38759.972867562,38.3330078125,38.3330078125,0,,0
44993,GF-6-CAM-18,38760.118042577,38760.11890998,38760.152204063,38.3330078125,38.3330078125,0,,0
44995,GF-6-CAM-18,38760.276624383,38760.27764236,38760.306611608,38.3330078125,38.3330078125,0,,0
44997,GF-6-CAM-18,38760.415040517,38760.416146207,38760.460450364,38.3330078125,38.3330078125,0,,0
44999,GF-6-CAM-18,38760.585735815,38760.586440429,38760.619819673,38.3330078125,38.3330078125,0,,0
45001,GF-6-CAM-18,38760.744868515,38760.745458763,38760.768592535,38.3330078125,38.3330078125,0,,0
45003,GF-6-CAM-18,38760.911136874,38760.91189812,38760.942300669,38.3330078125,38.3330078125,0,,0
45005,GF-6-CAM-18,38761.077996672,38761.078399627,38761.129668618,38.3330078125,38.3330078125,0,,0
45007,GF-6-CAM-18,38761.254855216,38761.255363321,38761.285406001,38.3330078125,38.3330078125,0,,0
45009,GF-6-CAM-18,38761.412441778,38761.41296736,38761.46400709,38.3330078125,38.3330078125,0,,0
45011,GF-6-CAM-18,38761.59447546,38761.594926545,38761.624827919,38.3330078125,38.3330078125,0,,0
45013,GF-6-CAM-18,38761.774234668,38761.775153545,38761.798656859,38.3330078125,38.3330078125,0,,0
45015,GF-6-CAM-18,38761.913168846,38761.913706442,38761.951402241,38.3330078125,38.3330078125,0,,0
45017,GF-6-CAM-18,38762.097706679,38762.098728933,38762.133081611,38.3330078125,38.3330078125,0,,0
45019,GF-6-CAM-18,38762.254082333,38762.254417713,38762.287985817,38.3330078125,38.3330078125,0,,0
45021,GF-6-CAM-18,38762.420941307,38762.42148393,38762.456857495,38.3330078125,38.3330078125,0,,0
45023,GF-6-CAM-18,38762.574538712,38762.574989808,38762.614777741,38.3330078125,38.3330078125,0,,0
45025,GF-6-CAM-18,38762.738831329,38762.739925733,38762.773779815,38.3330078125,38.3330078125,0,,0
45027,GF-6-CAM-18,38762.891406271,38762.892801693,38762.920995474,38.3330078125,38.3330078125,0,,0
45029,GF-6-CAM-18,38763.038436148,38763.040725124,38763.084621212,38.3330078125,38.3330078125,0,,0
45031,GF-6-CAM-18,38763.205234602,38763.20589261,38763.235352159,38.3330078125,38.3330078125,0,,0
45033,GF-6-CAM-18,38763.366486457,38763.366786883,38763.385209909,38.3330078125,38.3330078125,0,,0
45035,GF-6-CAM-18,38763.526567896,38763.527286607,38763.555842198,38.3330078125,38.3330078125,0,,0
45037,GF-6-CAM-18,38763.701140516,38763.703240646,38763.734514429,38.3330078125,38.3330078125,0,,0
45039,GF-6-CAM-18,38763.85943886,38763.859945689,38763.887476867,38.3330078125,38.3330078125,0,,0
45041,GF-6-CAM-18,38764.01343838,38764.016502413,38764.047430041,38.3330078125,38.3330078125,0,,0
45043,GF-6-CAM-18,38764.176548546,38764.178006671,38764.209093582,38.3330078125,38.3330078125,0,,0
45045,GF-6-CAM-18,38764.323050393,38764.323761612,38764.357127061,38.3330078125,38.3330078125,0,,0
45047,GF-6-CAM-18,38764.471787509,38764.472423214,38764.501766168,38.3330078125,38.3330078125,0,,0
45049,GF-6-CAM-18,38764.620265093,38764.62066909,38764.65899421,38.3330078125,38.3330078125,0,,0
45051,GF-6-CAM-18,38764.763076444,38764.763595163,38764.818118973,38.3330078125,38.3330078125,0,,0
45053,GF-6-CAM-18,38764.956205472,38764.956901183,38764.986995216,38.3330078125,38.3330078125,0,,0
45055,GF-6-CAM-18,38765.116620472,38765.117344477,38765.147071816,38.3330078125,38.3330078125,0,,0
45057,GF-6-CAM-18,38765.272668375,38765.273113256,38765.316221002,38.3330078125,38.3330078125,0,,0
45059,GF-6-CAM-18,38765.451588046,38765.45205319,38765.483053037,38.3330078125,38.3330078125,0,,0
45061,GF-6-CAM-18,38765.608702164,38765.609241939,38765.637823992,38.3330078125,38.3330078125,0,,0
45063,GF-6-CAM-18,38765.768370797,38765.768829769,38765.804345612,38.3330078125,38.3330078125,0,,0
45065,GF-6-CAM-18,38765.949208195,38765.949645731,38765.978412279,38.3330078125,38.3330078125,0,,0
45067,GF-6-CAM-18,38766.109633813,38766.112426357,38766.171723341,38.3330078125,38.3330078125,0,,0
45069,GF-6-CAM-18,38766.291348603,38766.29183627,38766.320737112,38.3330078125,38.3330078125,0,,0
45071,GF-6-CAM-18,38766.452560056,38766.452914315,38766.484023051,38.3330078125,38.3330078125,0,,0
45073,GF-6-CAM-18,38766.604796706,38766.605338557,38766.646468332,38.3330078125,38.3330078125,0,,0
45075,GF-6-CAM-18,38766.771970801,38766.772572632,38766.805197383,38.3330078125,38.3330078125,0,,0
45077,GF-6-CAM-18,38766.952115081,38766.952859302,38766.979369759,38.3330078125,38.3330078125,0,,0
45079,GF-6-CAM-18,38767.108223381,38767.108784695,38767.146868308,38.3330078125,38.3330078125,0,,0
45081,GF-6-CAM-18,38767.277810314,38767.278404722,38767.315837941,38.3330078125,38.3330078125,0,,0
45083,GF-6-CAM-18,38767.459092112,38767.459747822,38767.493334618,38.3330078125,38.3330078125,0,,0
45085,GF-6-CAM-18,38767.62930754,38767.630182196,38767.676548271,38.3330078125,38.3330078125,0,,0
45087,GF-6-CAM-18,38767.802339042,38767.8028647,38767.834399557,38.3330078125,38.3330078125,0,,0
45089,GF-6-CAM-18,38767.950599665,38767.951428337,38767.989195011,38.3330078125,38.3330078125,0,,0
45091,GF-6-CAM-18,38768.108515519,38768.108834509,38768.13049327,38.3330078125,38.3330078125,0,,0
45093,GF-6-CAM-18,38768.258619094,38768.25931243,38768.308821447,38.3330078125,38.3330078125,0,,0
45095,GF-6-CAM-18,38768.440203565,38768.440951903,38768.477349672,38.3330078125,38.3330078125,0,,0
45097,GF-6-CAM-18,38768.606605031,38768.607475373,38768.649200554,38.3330078125,38.3330078125,0,,0
45099,GF-6-CAM-18,38768.774707987,38768.777978552,38768.816736851,38.3330078125,38.3330078125,0,,0
45101,GF-6-CAM-18,38768.935826859,38768.936478208,38768.975252805,38.3330078125,38.3330078125,0,,0
45103,GF-6-CAM-18,38769.095080951,38769.100394032,38769.14206306,38.3330078125,38.3330078125,0,,0
45105,GF-6-CAM-18,38769.25879599,38769.25978478,38769.289762004,38.3330078125,38.3330078125,0,,0
45107,GF-6-CAM-18,38769.412238235,38769.412879536,38769.454866093,38.3330078125,38.3330078125,0,,0
45109,GF-6-CAM-18,38769.580391502,38769.583284175,38769.625147282,38.3330078125,38.3330078125,0,,0
45111,GF-6-CAM-18,38769.751557958,38769.7538216,38769.801375623,38.3330078125,38.3330078125,0,,0
45113,GF-6-CAM-18,38769.91685695,38769.917412596,38769.962264164,38.3330078125,38.3330078125,0,,0
45115,GF-6-CAM-18,38770.098084033,38770.098890976,38770.138088604,38.3330078125,38.3330078125,0,,0
45117,GF-6-CAM-18,38770.265956162,38770.266351474,38770.294562256,38.3330078125,38.3330078125,0,,0
45119,GF-6-CAM-18,38770.407385802,38770.407980601,38770.44356013,38.3330078125,38.3330078125,0,,0
45121,GF-6-CAM-18,38770.580031798,38770.580656076,38770.615775751,38.3330078125,38.3330078125,0,,0
45123,GF-6-CAM-18,38770.763121047,38770.763963766,38770.803270061,38.3330078125,38.3330078125,0,,0
45125,GF-6-CAM-18,38770.940741308,38770.941403414,38770.99144962,38.3330078125,38.3330078125,0,,0
45127,GF-6-CAM-18,38771.112459959,38771.113187079,38771.150709239,38.3330078125,38.3330078125,0,,0
45129,GF-6-CAM-18,38771.261943654,38771.262597217,38771.297243178,38.3330078125,38.3330078125,0,,0
45131,GF-6-CAM-18,38771.425078502,38771.425818311,38771.456314724,38.3330078125,38.3330078125,0,,0
45133,GF-6-CAM-18,38771.554407188,38771.55470564,38771.582953015,38.3330078125,38.3330078125,0,,0
45135,GF-6-CAM-18,38771.721850899,38771.722296501,38771.749081553,38.3330078125,38.3330078125,0,,0
45137,GF-6-CAM-18,38771.854305136,38771.85512723,38771.890052693,38.3330078125,38.3330078125,0,,0
45139,GF-6-CAM-18,38771.995777863,38771.996395452,38772.040532046,38.3330078125,38.3330078125,0,,0
45141,GF-6-CAM-18,38772.16663949,38772.167533041,38772.194207215,38.3330078125,38.3330078125,0,,0
45143,GF-6-CAM-18,38772.320207222,38772.320801083,38772.358930469,38.3330078125,38.3330078125,0,,0
45145,GF-6-CAM-18,38772.484171406,38772.484600632,38772.524528976,38.3330078125,38.3330078125,0,,0
45147,GF-6-CAM-18,38772.642990578,38772.643369156,38772.682879321,38.3330078125,38.3330078125,0,,0
45149,GF-6-CAM-18,38772.827452813,38772.828217461,38772.865311552,38.3330078125,38.3330078125,0,,0
45151,GF-6-CAM-18,38773.006547413,38773.007385666,38773.036324375,38.3330078125,38.3330078125,0,,0
45153,GF-6-CAM-18,38773.176099351,38773.17688517,38773.206493275,38.3330078125,38.3330078125,0,,0
45155,GF-6-CAM-18,38773.32654214,38773.327245211,38773.375018083,38.3330078125,38.3330078125,0,,0
45157,GF-6-CAM-18,38773.502015077,38773.502812639,38773.541204344,38.3330078125,38.3330078125,0,,0
45159,GF-6-CAM-18,38773.678903665,38773.679718863,38773.708129174,38.3330078125,38.3330078125,0,,0
45161,GF-6-CAM-18,38773.829494249,38773.830180569,38773.858351528,38.3330078125,38.3330078125,0,,0
45163,GF-6-CAM-18,38773.977782231,38773.978166196,38774.016561156,38.3330078125,38.3330078125,0,,0
45165,GF-6-CAM-18,38774.133587442,38774.13765134,38774.17107356,38.3330078125,38.3330078125,0,,0
45167,GF-6-CAM-18,38774.286862118,38774.287339873,38774.316863732,38.3330078125,38.3330078125,0,,0
45169,GF-6-CAM-18,38774.431842574,38774.432663343,38774.474584549,38.3330078125,38.3330078125,0,,0
45171,GF-6-CAM-18,38774.589462831,38774.590521051,38774.619489675,38.3330078125,38.3330078125,0,,0
45173,GF-6-CAM-18,38774.736862649,38774.738903257,38774.78752595,38.3330078125,38.3330078125,0,,0
45175,GF-6-CAM-18,38774.90924182,38774.911795122,38774.951066727,38.3330078125,38.3330078125,0,,0
45177,GF-6-CAM-18,38775.061821028,38775.062484358,38775.096860321,38.3330078125,38.3330078125,0,,0
45179,GF-6-CAM-18,38775.211407113,38775.21253111,38775.249037659,38.3330078125,38.3330078125,0,,0
45181,GF-6-CAM-18,38775.367545012,38775.367891559,38775.399041233,38.3330078125,38.3330078125,0,,0
45183,GF-6-CAM-18,38775.500343127,38775.500642425,38775.522509883,38.3330078125,38.3330078125,0,,0
45185,GF-6-CAM-18,38775.644014275,38775.644362168,38775.686981752,38.3330078125,38.3330078125,0,,0
45187,GF-6-CAM-18,38775.794573659,38775.795025237,38775.829105382,38.3330078125,38.3330078125,0,,0
45189,GF-6-CAM-18,38775.93958132,38775.941443806,38775.967237879,38.3330078125,38.3330078125,0,,0
45191,GF-6-CAM-18,38776.090277038,38776.091192235,38776.131125324,38.3330078125,38.3330078125,0,,0
45193,GF-6-CAM-18,38776.263859339,38776.264420771,38776.288820805,38.3330078125,38.3330078125,0,,0
45195,GF-6-CAM-18,38776.409262434,38776.409654798,38776.442297339,38.3330078125,38.3330078125,0,,0
45197,GF-6-CAM-18,38776.571975078,38776.572477694,38776.602870172,38.3330078125,38.3330078125,0,,0
45199,GF-6-CAM-18,38776.709623434,38776.712169067,38776.732934132,38.3330078125,38.3330078125,0,,0
45201,GF-6-CAM-18,38776.841754084,38776.84241863,38776.865794268,38.3330078125,38.3330078125,0,,0
45203,GF-6-CAM-18,38776.987935761,38776.988289925,38777.012054993,38.3330078125,38.3330078125,0,,0
45205,GF-6-CAM-18,38777.13622419,38777.136927767,38777.163103042,38.3330078125,38.3330078125,0,,0
45207,GF-6-CAM-18,38777.274333283,38777.275071942,38777.299850247,38.3330078125,38.3330078125,0,,0
45209,GF-6-CAM-18,38777.404552017,38777.404849823,38777.429811672,38.3330078125,38.3330078125,0,,0
45211,GF-6-CAM-18,38777.543240445,38777.54545911,38777.573398083,38.3330078125,38.3330078125,0,,0
45213,GF-6-CAM-18,38777.690654003,38777.691747142,38777.727547311,38.3330078125,38.3330078125,0,,0
45215,GF-6-CAM-18,38777.829233984,38777.829817433,38777.867568423,38.3330078125,38.3330078125,0,,0
45217,GF-6-CAM-18,38777.980029389,38777.980731726,38778.005746816,38.3330078125,38.3330078125,0,,0
45219,GF-6-CAM-18,38778.122816098,38778.123646361,38778.160133309,38.3330078125,38.3330078125,0,,0
45221,GF-6-CAM-18,38778.270923456,38778.272588319,38778.292773928,38.3330078125,38.3330078125,0,,0
45223,GF-6-CAM-18,38778.42341227,38778.426189931,38778.453474917,38.3330078125,38.3330078125,0,,0
45225,GF-6-CAM-18,38778.579495823,38778.579924388,38778.615137151,38.3330078125,38.3330078125,0,,0
45227,GF-6-CAM-18,38778.73141818,38778.733863267,38778.761670834,38.3330078125,38.3330078125,0,,0
45229,GF-6-CAM-18,38778.881069259,38778.882421006,38778.912407759,38.3330078125,38.3330078125,0,,0
45231,GF-6-CAM-18,38779.038272482,38779.038904035,38779.076079338,38.3330078125,38.3330078125,0,,0
45233,GF-6-CAM-18,38779.186573936,38779.186960393,38779.223814373,38.3330078125,38.3330078125,0,,0
45235,GF-6-CAM-18,38779.335095253,38779.335703248,38779.358550096,38.3330078125,38.3330078125,0,,0
45237,GF-6-CAM-18,38779.474542422,38779.475122871,38779.503997341,38.3330078125,38.3330078125,0,,0
45239,GF-6-CAM-18,38779.620931158,38779.622431411,38779.650536279,38.3330078125,38.3330078125,0,,0
45241,GF-6-CAM-18,38779.758917131,38779.759262933,38779.804467663,38.3330078125,38.3330078125,0,,0
45243,GF-6-CAM-18,38779.928333957,38779.928763241,38779.952208453,38.3330078125,38.3330078125,0,,0
45245,GF-6-CAM-18,38780.063539859,38780.063880807,38780.094371648,38.3330078125,38.3330078125,0,,0
45247,GF-6-CAM-18,38780.208295417,38780.209217102,38780.236218121,38.3330078125,38.3330078125,0,,0
45249,GF-6-CAM-18,38780.362179161,38780.363942239,38780.394320603,38.3330078125,38.3330078125,0,,0
45251,GF-6-CAM-18,38780.500853801,38780.501570164,38780.525766224,38.3330078125,38.3330078125,0,,0
45253,GF-6-CAM-18,38780.636859743,38780.637212444,38780.662055817,38.3330078125,38.3330078125,0,,0
45255,GF-6-CAM-18,38780.782449639,38780.782798339,38780.80323887,38.3330078125,38.3330078125,0,,0
45257,GF-6-CAM-18,38780.917470276,38780.917834406,38780.955059356,38.3330078125,38.3330078125,0,,0
45259,GF-6-CAM-18,38781.06440488,38781.064983439,38781.090373307,38.3330078125,38.3330078125,0,,0
45261,GF-6-CAM-18,38781.206373707,38781.207513199,38781.245147307,38.3330078125,38.3330078125,0,,0
45263,GF-6-CAM-18,38781.362388554,38781.363093021,38781.39439872,38.3330078125,38.3330078125,0,,0
45265,GF-6-CAM-18,38781.517137897,38781.517749094,38781.545216879,38.3330078125,38.3330078125,0,,0
45267,GF-6-CAM-18,38781.67011406,38781.670659368,38781.700978394,38.3330078125,38.3330078125,0,,0
45269,GF-6-CAM-18,38781.810805717,38781.812672374,38781.837065882,38.3330078125,38.3330078125,0,,0
45271,GF-6-CAM-18,38781.936739526,38781.937341732,38781.974118993,38.3330078125,38.3330078125,0,,0
45273,GF-6-CAM-18,38782.086298163,38782.086949527,38782.108586337,38.3330078125,38.3330078125,0,,0
45275,GF-6-CAM-18,38782.218775818,38782.219092093,38782.245901396,38.3330078125,38.3330078125,0,,0
45277,GF-6-CAM-18,38782.363362282,38782.364279541,38782.399845321,38.3330078125,38.3330078125,0,,0
45279,GF-6-CAM-18,38782.508860859,38782.509466981,38782.528757961,38.3330078125,38.3330078125,0,,0
45281,GF-6-CAM-18,38782.634339623,38782.635107494,38782.666488082,38.3330078125,38.3330078125,0,,0
45283,GF-6-CAM-18,38782.777436104,38782.778096155,38782.804624788,38.3330078125,38.3330078125,0,,0
45285,GF-6-CAM-18,38782.908138695,38782.908781918,38782.933731722,38.3330078125,38.3330078125,0,,0
45287,GF-6-CAM-18,38783.045702732,38783.046270175,38783.076465257,38.3330078125,38.3330078125,0,,0
45289,GF-6-CAM-18,38783.20479673,38783.205983461,38783.235356186,38.3330078125,38.3330078125,0,,0
45291,GF-6-CAM-18,38783.354746575,38783.355347311,38783.390832723,38.3330078125,38.3330078125,0,,0
45293,GF-6-CAM-18,38783.502020601,38783.502752557,38783.526203559,38.3330078125,38.3330078125,0,,0
45295,GF-6-CAM-18,38783.639702859,38783.640218954,38783.661838952,38.3330078125,38.3330078125,0,,0
45297,GF-6-CAM-18,38783.788966231,38783.789327987,38783.816686478,38.3330078125,38.3330078125,0,,0
45299,GF-6-CAM-18,38783.908931918,38783.909380894,38783.93617586,38.3330078125,38.3330078125,0,,0
45301,GF-6-CAM-18,38784.041192774,38784.04179121,38784.079878212,38.3330078125,38.3330078125,0,,0
45303,GF-6-CAM-18,38784.186318712,38784.18682063,38784.20425996,38.3330078125,38.3330078125,0,,0
45305,GF-6-CAM-18,38784.315797459,38784.31651793,38784.339095637,38.3330078125,38.3330078125,0,,0
45307,GF-6-CAM-18,38784.47990094,38784.480458409,38784.517292437,38.3330078125,38.3330078125,0,,0
45309,GF-6-CAM-18,38784.637405499,38784.638137639,38784.66620916,38.3330078125,38.3330078125,0,,0
45311,GF-6-CAM-18,38784.779555185,38784.779882738,38784.804669324,38.3330078125,38.3330078125,0,,0
45313,GF-6-CAM-18,38784.934470295,38784.935149683,38784.957640789,38.3330078125,38.3330078125,0,,0
45315,GF-6-CAM-18,38785.094358822,38785.095070911,38785.12633424,38.3330078125,38.3330078125,0,,0
45317,GF-6-CAM-18,38785.238825265,38785.239475047,38785.263469846,38.3330078125,38.3330078125,0,,0
45319,GF-6-CAM-18,38785.381894177,38785.382451447,38785.399238445,38.3330078125,38.3330078125,0,,0
45321,GF-6-CAM-18,38785.521261289,38785.523103219,38785.56307977,38.3330078125,38.3330078125,0,,0
45323,GF-6-CAM-18,38785.682208605,38785.682702985,38785.715899711,38.3330078125,38.3330078125,0,,0
45325,GF-6-CAM-18,38785.812451126,38785.812839988,38785.8364323,38.3330078125,38.3330078125,0,,0
45327,GF-6-CAM-18,38785.940436556,38785.94096629,38785.962510444,38.3330078125,38.3330078125,0,,0
45329,GF-6-CAM-18,38786.07498047,38786.075378606,38786.100426468,38.3330078125,38.3330078125,0,,0
45331,GF-6-CAM-18,38786.19857017,38786.198981625,38786.215872398,38.3330078125,38.3330078125,0,,0
45333,GF-6-CAM-18,38786.327147102,38786.329161641,38786.356498095,38.3330078125,38.3330078125,0,,0
45335,GF-6-CAM-18,38786.454749003,38786.456380047,38786.48610788,38.3330078125,38.3330078125,0,,0
45337,GF-6-CAM-18,38786.613857837,38786.614299426,38786.648140171,38.3330078125,38.3330078125,0,,0
45339,GF-6-CAM-18,38786.756640283,38786.75736017,38786.780896236,38.3330078125,38.3330078125,0,,0
45341,GF-6-CAM-18,38786.913958244,38786.917109493,38786.943538975,38.3330078125,38.3330078125,0,,0
45343,GF-6-CAM-18,38787.068271009,38787.068650477,38787.09262552,38.3330078125,38.3330078125,0,,0
45345,GF-6-CAM-18,38787.214841258,38787.215751516,38787.244700524,38.3330078125,38.3330078125,0,,0
45347,GF-6-CAM-18,38787.335905849,38787.336447412,38787.357996322,38.3330078125,38.3330078125,0,,0
45349,GF-6-CAM-18,38787.465075669,38787.465515907,38787.488985369,38.3330078125,38.3330078125,0,,0
45351,GF-6-CAM-18,38787.607174164,38787.608352276,38787.643839387,38.3330078125,38.3330078125,0,,0
45353,GF-6-CAM-18,38787.764129031,38787.764583945,38787.797760653,38.3330078125,38.3330078125,0,,0
45355,GF-6-CAM-18,38787.918882743,38787.919631584,38787.950518345,38.3330078125,38.3330078125,0,,0
45357,GF-6-CAM-18,38788.067296289,38788.067956615,38788.092062797,38.3330078125,38.3330078125,0,,0
45359,GF-6-CAM-18,38788.196542667,38788.198073248,38788.220983983,38.3330078125,38.3330078125,0,,0
45361,GF-6-CAM-18,38788.347263765,38788.347971162,38788.376611405,38.3330078125,38.3330078125,0,,0
45363,GF-6-CAM-18,38788.496775173,38788.497387859,38788.536035436,38.3330078125,38.3330078125,0,,0
45365,GF-6-CAM-18,38788.653504066,38788.654082031,38788.690118362,38.3330078125,38.3330078125,0,,0
45367,GF-6-CAM-18,38788.81374369,38788.814349676,38788.855787833,38.3330078125,38.3330078125,0,,0
45369,GF-6-CAM-18,38788.972315649,38788.972851329,38788.99826328,38.3330078125,38.3330078125,0,,0
45371,GF-6-CAM-18,38789.113990125,38789.11574389,38789.152310184,38.3330078125,38.3330078125,0,,0
45373,GF-6-CAM-18,38789.268595044,38789.269288469,38789.305830474,38.3330078125,38.3330078125,0,,0
45375,GF-6-CAM-18,38789.415724163,38789.416180286,38789.437702461,38.3330078125,38.3330078125,0,,0
45377,GF-6-CAM-18,38789.552135034,38789.552791232,38789.578405436,38.3330078125,38.3330078125,0,,0
45379,GF-6-CAM-18,38789.684752544,38789.685471631,38789.716050954,38.3330078125,38.3330078125,0,,0
45381,GF-6-CAM-18,38789.822441553,38789.822951456,38789.849346257,38.3330078125,38.3330078125,0,,0
45383,GF-6-CAM-18,38789.966273021,38789.96678982,38789.999689587,38.3330078125,38.3330078125,0,,0
45385,GF-6-CAM-18,38790.114142232,38790.114515117,38790.136361871,38.3330078125,38.3330078125,0,,0
45387,GF-6-CAM-18,38790.257648989,38790.25922447,38790.285036924,38.3330078125,38.3330078125,0,,0
45389,GF-6-CAM-18,38790.404422962,38790.404978407,38790.434165227,38.3330078125,38.3330078125,0,,0
45391,GF-6-CAM-18,38790.547199306,38790.547817442,38790.581497667,38.3330078125,38.3330078125,0,,0
45393,GF-6-CAM-18,38790.687563554,38790.690153497,38790.721730712,38.3330078125,38.3330078125,0,,0
45395,GF-6-CAM-18,38790.823100875,38790.824027048,38790.849163699,38.3330078125,38.3330078125,0,,0
45397,GF-6-CAM-18,38790.95614169,38790.956457579,38790.984856255,38.3330078125,38.3330078125,0,,0
45399,GF-6-CAM-18,38791.083931021,38791.084321628,38791.115421404,38.3330078125,38.3330078125,0,,0
45401,GF-6-CAM-18,38791.236839525,38791.23807417,38791.264095906,38.3330078125,38.3330078125,0,,0
45403,GF-6-CAM-18,38791.36451024,38791.366851895,38791.398258039,38.3330078125,38.3330078125,0,,0
45405,GF-6-CAM-18,38791.509952323,38791.510355016,38791.553227637,38.3330078125,38.3330078125,0,,0
45407,GF-6-CAM-18,38791.673105879,38791.673696637,38791.698272026,38.3330078125,38.3330078125,0,,0
45409,GF-6-CAM-18,38791.793428426,38791.793820691,38791.817697921,38.3330078125,38.3330078125,0,,0
45411,GF-6-CAM-18,38791.916214431,38791.916811978,38791.943215346,38.3330078125,38.3330078125,0,,0
45413,GF-6-CAM-18,38792.056535668,38792.673943269,38792.691397077,38.3330078125,38.3330078125,0,,0
45415,GF-6-CAM-18,38792.80537051,38792.805868121,38792.835738401,38.3330078125,38.3330078125,0,,0
45417,GF-6-CAM-18,38792.968053221,38792.968665214,38793.003693607,38.3330078125,38.3330078125,0,,0
45419,GF-6-CAM-18,38793.13149274,38793.133279741,38793.160750794,38.3330078125,38.3330078125,0,,0
45421,GF-6-CAM-18,38793.289761506,38793.290544968,38793.322437823,38.3330078125,38.3330078125,0,,0
45423,GF-6-CAM-18,38793.462875938,38793.464615314,38793.492632802,38.3330078125,38.3330078125,0,,0
45425,GF-6-CAM-18,38793.615885889,38793.616408223,38793.637299486,38.3330078125,38.3330078125,0,,0
45427,GF-6-CAM-18,38793.769610478,38793.771473615,38793.802188804,38.3330078125,38.3330078125,0,,0
45429,GF-6-CAM-18,38793.912329505,38793.912729031,38793.950337506,38.3330078125,38.3330078125,0,,0
45431,GF-6-CAM-18,38794.077621618,38794.078107544,38794.107336887,38.3330078125,38.3330078125,0,,0
45433,GF-6-CAM-18,38794.212701013,38794.213019834,38794.255442415,38.3330078125,38.3330078125,0,,0
45435,GF-6-CAM-18,38794.387912749,38794.388999682,38794.41784733,38.3330078125,38.3330078125,0,,0
45437,GF-6-CAM-18,38794.531685468,38794.532261631,38794.57136427,38.3330078125,38.3330078125,0,,0
45439,GF-6-CAM-18,38794.695315845,38794.696014029,38794.72562659,38.3330078125,38.3330078125,0,,0
45441,GF-6-CAM-18,38794.839499392,38794.840116285,38794.877543801,38.3330078125,38.3330078125,0,,0
45443,GF-6-CAM-18,38794.992426637,38794.992840738,38795.030529624,38.3330078125,38.3330078125,0,,0
45445,GF-6-CAM-18,38795.16390556,38795.16455946,38795.198065863,38.3330078125,38.3330078125,0,,0
45447,GF-6-CAM-18,38795.309624893,38795.311309236,38795.344929341,38.3330078125,38.3330078125,0,,0
45449,GF-6-CAM-18,38795.480050858,38795.480853434,38795.50663891,38.3330078125,38.3330078125,0,,0
45451,GF-6-CAM-18,38795.631754867,38795.632369134,38795.664484629,38.3330078125,38.3330078125,0,,0
45453,GF-6-CAM-18,38795.761773321,38795.762225574,38795.800923452,38.3330078125,38.3330078125,0,,0
45455,GF-6-CAM-18,38795.913151234,38795.913680585,38795.949227826,38.3330078125,38.3330078125,0,,0
45457,GF-6-CAM-18,38796.073504363,38796.073902582,38796.097792096,38.3330078125,38.3330078125,0,,0
45459,GF-6-CAM-18,38796.229540529,38796.230143493,38796.265787327,38.3330078125,38.3330078125,0,,0
45461,GF-6-CAM-18,38796.385818819,38796.386314685,38796.416358839,38.3330078125,38.3330078125,0,,0
45463,GF-6-CAM-18,38796.537684246,38796.54009118,38796.573978339,38.3330078125,38.3330078125,0,,0
45465,GF-6-CAM-18,38796.684943269,38796.685665712,38796.714451127,38.3330078125,38.3330078125,0,,0
45467,GF-6-CAM-18,38796.841135106,38796.843777158,38796.876419893,38.3330078125,38.3330078125,0,,0
45469,GF-6-CAM-18,38796.99973191,38797.000271044,38797.025716729,38.3330078125,38.3330078125,0,,0
45471,GF-6-CAM-18,38797.152165607,38797.154217949,38797.194063021,38.3330078125,38.3330078125,0,,0
45473,GF-6-CAM-18,38797.326880101,38797.328487562,38797.360198891,38.3330078125,38.3330078125,0,,0
45475,GF-6-CAM-18,38797.508559076,38797.509071473,38797.538404432,38.3330078125,38.3330078125,0,,0
45477,GF-6-CAM-18,38797.644050875,38797.644631113,38797.671025144,38.3330078125,38.3330078125,0,,0
45479,GF-6-CAM-18,38797.787840453,38797.78851935,38797.816297065,38.3330078125,38.3330078125,0,,0
45481,GF-6-CAM-18,38797.93687327,38797.937379548,38797.95885043,38.3330078125,38.3330078125,0,,0
45483,GF-6-CAM-18,38798.067955594,38798.068556199,38798.098131866,38.3330078125,38.3330078125,0,,0
45485,GF-6-CAM-18,38798.206922868,38798.209435068,38798.243265172,38.3330078125,38.3330078125,0,,0
45487,GF-6-CAM-18,38798.354027542,38798.354564709,38798.385530786,38.3330078125,38.3330078125,0,,0
45489,GF-6-CAM-18,38798.47991059,38798.480531101,38798.504331191,38.3330078125,38.3330078125,0,,0
45491,GF-6-CAM-18,38798.63448911,38798.635109485,38798.663113974,38.3330078125,38.3330078125,0,,0
45493,GF-6-CAM-18,38798.775797155,38798.776548314,38798.819617295,38.3330078125,38.3330078125,0,,0
45495,GF-6-CAM-18,38798.938402665,38798.938781978,38798.970132078,38.3330078125,38.3330078125,0,,0
45497,GF-6-CAM-18,38799.087413646,38799.089114111,38799.118374577,38.3330078125,38.3330078125,0,,0
45499,GF-6-CAM-18,38799.23502327,38799.23613359,38799.25417563,38.3330078125,38.3330078125,0,,0
45501,GF-6-CAM-18,38799.367122274,38799.367449319,38799.395208415,38.3330078125,38.3330078125,0,,0
45503,GF-6-CAM-18,38799.513492095,38799.513879348,38799.542120255,38.3330078125,38.3330078125,0,,0
45505,GF-6-CAM-18,38799.656158857,38799.656605816,38799.682718791,38.3330078125,38.3330078125,0,,0
45507,GF-6-CAM-18,38799.793083581,38799.793642078,38799.823160953,38.3330078125,38.3330078125,0,,0
45509,GF-6-CAM-18,38799.920833416,38799.921527086,38799.941218003,38.3330078125,38.3330078125,0,,0
45511,GF-6-CAM-18,38800.051507459,38800.052026011,38800.077291618,38.3330078125,38.3330078125,0,,0
45513,GF-6-CAM-18,38800.179560698,38800.179956026,38800.205191157,38.3330078125,38.3330078125,0,,0
45515,GF-6-CAM-18,38800.300604798,38800.301421433,38800.327463058,38.3330078125,38.3330078125,0,,0
45517,GF-6-CAM-18,38800.434843884,38800.435496445,38800.476997353,38.3330078125,38.3330078125,0,,0
45519,GF-6-CAM-18,38800.587178167,38800.587634231,38800.616717163,38.3330078125,38.3330078125,0,,0
45521,GF-6-CAM-18,38800.729967402,38800.730424942,38800.758178018,38.3330078125,38.3330078125,0,,0
45523,GF-6-CAM-18,38800.919280678,38800.919662379,38800.941943975,38.3330078125,38.3330078125,0,,0
45525,GF-6-CAM-18,38801.070711642,38801.071296247,38801.098592681,38.3330078125,38.3330078125,0,,0
45527,GF-6-CAM-18,38801.210515738,38801.211260052,38801.237423581,38.3330078125,38.3330078125,0,,0
45529,GF-6-CAM-18,38801.363332803,38801.363953861,38801.392580813,38.3330078125,38.3330078125,0,,0
45531,GF-6-CAM-18,38801.489353102,38801.489678895,38801.504447655,38.3330078125,38.3330078125,0,,0
45533,GF-6-CAM-18,38801.61613672,38801.616590826,38801.638991362,38.3330078125,38.3330078125,0,,0
45535,GF-6-CAM-18,38801.747667487,38801.748155692,38801.769266091,38.3330078125,38.3330078125,0,,0
45537,GF-6-CAM-18,38801.88229218,38801.882672946,38801.914887857,38.3330078125,38.3330078125,0,,0
45539,GF-6-CAM-18,38802.03104063,38802.031593444,38802.061968156,38.3330078125,38.3330078125,0,,0
45541,GF-6-CAM-18,38802.179759573,38802.180077401,38802.196872525,38.3330078125,38.3330078125,0,,0
45543,GF-6-CAM-18,38802.29423474,38802.298004896,38802.325922121,38.3330078125,38.3330078125,0,,0
45545,GF-6-CAM-18,38802.433147457,38802.433542278,38802.459251104,38.3330078125,38.3330078125,0,,0
45547,GF-6-CAM-18,38802.568834352,38802.569261227,38802.59658514,38.3330078125,38.3330078125,0,,0
45549,GF-6-CAM-18,38802.714696805,38802.715237132,38802.73973033,38.3330078125,38.3330078125,0,,0
45551,GF-6-CAM-18,38802.85074285,38802.851347342,38802.883725707,38.3330078125,38.3330078125,0,,0
45553,GF-6-CAM-18,38802.987454457,38802.988194027,38803.01651698,38.3330078125,38.3330078125,0,,0
45555,GF-6-CAM-18,38803.129747503,38803.130434326,38803.158735173,38.3330078125,38.3330078125,0,,0
45557,GF-6-CAM-18,38803.265988497,38803.266516419,38803.292948165,38.3330078125,38.3330078125,0,,0
45559,GF-6-CAM-18,38803.403983498,38803.405053537,38803.430732989,38.3330078125,38.3330078125,0,,0
45561,GF-6-CAM-18,38803.530789787,38803.533693721,38803.560942974,38.3330078125,38.3330078125,0,,0
45563,GF-6-CAM-18,38803.677161617,38803.677896057,38803.701720702,38.3330078125,38.3330078125,0,,0
45565,GF-6-CAM-18,38803.818984032,38803.819490986,38803.858330712,38.3330078125,38.3330078125,0,,0
45567,GF-6-CAM-18,38803.972529269,38803.973122977,38803.997927202,38.3330078125,38.3330078125,0,,0
45569,GF-6-CAM-18,38804.113095719,38804.11376766,38804.139239878,38.3330078125,38.3330078125,0,,0
45571,GF-6-CAM-18,38804.264324493,38804.2647538,38804.29785175,38.3330078125,38.3330078125,0,,0
45573,GF-6-CAM-18,38804.406214141,38804.406853522,38804.435815885,38.3330078125,38.3330078125,0,,0
45575,GF-6-CAM-18,38804.557037615,38804.557455942,38804.592947682,38.3330078125,38.3330078125,0,,0
45577,GF-6-CAM-18,38804.72226124,38804.722686658,38804.74517929,38.3330078125,38.3330078125,0,,0
45579,GF-6-CAM-18,38804.858756719,38804.859350128,38804.883750347,38.3330078125,38.3330078125,0,,0
45581,GF-6-CAM-18,38804.995972872,38804.996645274,38805.034639395,38.3330078125,38.3330078125,0,,0
45583,GF-6-CAM-18,38805.150040133,38805.151664641,38805.180082248,38.3330078125,38.3330078125,0,,0
45585,GF-6-CAM-18,38805.287735805,38805.288304778,38805.319265063,38.3330078125,38.3330078125,0,,0
45587,GF-6-CAM-18,38805.41897097,38805.419489129,38805.45808578,38.3330078125,38.3330078125,0,,0
45589,GF-6-CAM-18,38805.581649625,38805.582432798,38805.60808529,38.3330078125,38.3330078125,0,,0
45591,GF-6-CAM-18,38805.721591527,38805.722346392,38805.763779599,38.3330078125,38.3330078125,0,,0
45593,GF-6-CAM-18,38805.874454637,38805.874986603,38805.910846082,38.3330078125,38.3330078125,0,,0
45595,GF-6-CAM-18,38806.007863482,38806.008680109,38806.032324708,38.3330078125,38.3330078125,0,,0
45597,GF-6-CAM-18,38806.150650975,38806.151447395,38806.179418211,38.3330078125,38.3330078125,0,,0
45599,GF-6-CAM-18,38806.303962771,38806.304453282,38806.334234985,38.3330078125,38.3330078125,0,,0
45601,GF-6-CAM-18,38806.451843193,38806.452324903,38806.474766164,38.3330078125,38.3330078125,0,,0
45603,GF-6-CAM-18,38806.587233439,38806.587738101,38806.6131729,38.3330078125,38.3330078125,0,,0
45605,GF-6-CAM-18,38806.724998894,38806.725530021,38806.750775914,38.3330078125,38.3330078125,0,,0
45607,GF-6-CAM-18,38806.861667682,38806.862292246,38806.889898549,38.3330078125,38.3330078125,0,,0
45609,GF-6-CAM-18,38807.006537846,38807.007081686,38807.047682874,38.3330078125,38.3330078125,0,,0
45611,GF-6-CAM-18,38807.165727485,38807.16615645,38807.195316129,38.3330078125,38.3330078125,0,,0
45613,GF-6-CAM-18,38807.298563451,38807.298885129,38807.345191211,38.3330078125,38.3330078125,0,,0
45615,GF-6-CAM-18,38807.449443973,38807.450669883,38807.481659588,38.3330078125,38.3330078125,0,,0
45617,GF-6-CAM-18,38807.616459835,38807.617193501,38807.640682225,38.3330078125,38.3330078125,0,,0
45619,GF-6-CAM-18,38807.768228763,38807.76887288,38807.788971267,38.3330078125,38.3330078125,0,,0
45621,GF-6-CAM-18,38807.904020903,38807.906152695,38807.964644936,38.3330078125,38.3330078125,0,,0
45623,GF-6-CAM-18,38808.10040816,38808.102735408,38808.127732875,38.3330078125,38.3330078125,0,,0
45625,GF-6-CAM-18,38808.26430767,38808.264862132,38808.294039611,38.3330078125,38.3330078125,0,,0
45627,GF-6-CAM-18,38808.409758063,38808.410208909,38808.440488025,38.3330078125,38.3330078125,0,,0
45629,GF-6-CAM-18,38808.560374095,38808.561239446,38808.599391352,38.3330078125,38.3330078125,0,,0
45631,GF-6-CAM-18,38808.721110488,38808.721708622,38808.766829057,38.3330078125,38.3330078125,0,,0
45633,GF-6-CAM-18,38808.889376349,38808.889943856,38808.909943673,38.3330078125,38.3330078125,0,,0
45635,GF-6-CAM-18,38809.039930076,38809.040534234,38809.068696782,38.3330078125,38.3330078125,0,,0
45637,GF-6-CAM-18,38809.203154905,38809.203599551,38809.231691905,38.3330078125,38.3330078125,0,,0
45639,GF-6-CAM-18,38809.362879349,38809.363453642,38809.391565853,38.3330078125,38.3330078125,0,,0
45641,GF-6-CAM-18,38809.506748125,38809.508121187,38809.5429783,38.3330078125,38.3330078125,0,,0
45643,GF-6-CAM-18,38809.66792961,38809.669363512,38809.712582725,38.3330078125,38.3330078125,0,,0
45645,GF-6-CAM-18,38809.814690183,38809.815229331,38809.844733241,38.3330078125,38.3330078125,0,,0
45647,GF-6-CAM-18,38809.965048187,38809.965709187,38809.998969607,38.3330078125,38.3330078125,0,,0
45649,GF-6-CAM-18,38810.117358063,38810.117991606,38810.149146678,38.3330078125,38.3330078125,0,,0
45651,GF-6-CAM-18,38810.263539415,38810.264054794,38810.297310675,38.3330078125,38.3330078125,0,,0
45653,GF-6-CAM-18,38810.407203689,38810.408019366,38810.439200015,38.3330078125,38.3330078125,0,,0
45655,GF-6-CAM-18,38810.561409021,38810.562987387,38810.604656422,38.3330078125,38.3330078125,0,,0
45657,GF-6-CAM-18,38810.728916614,38810.729415836,38810.751966612,38.3330078125,38.3330078125,0,,0
45659,GF-6-CAM-18,38810.871827054,38810.872620637,38810.903880297,38.3330078125,38.3330078125,0,,0
45661,GF-6-CAM-18,38811.02041053,38811.020878672,38811.049267743,38.3330078125,38.3330078125,0,,0
45663,GF-6-CAM-18,38811.161992478,38811.163754607,38811.191849193,38.3330078125,38.3330078125,0,,0
45665,GF-6-CAM-18,38811.310574297,38811.31107597,38811.342659566,38.3330078125,38.3330078125,0,,0
45667,GF-6-CAM-18,38811.47843327,38811.478759082,38811.51735265,38.3330078125,38.3330078125,0,,0
45669,GF-6-CAM-18,38811.638410042,38811.639223254,38811.674109804,38.3330078125,38.3330078125,0,,0
45671,GF-6-CAM-18,38811.793222986,38811.794882796,38811.829224856,38.3330078125,38.3330078125,0,,0
45673,GF-6-CAM-18,38811.949490254,38811.950305729,38811.977350041,38.3330078125,38.3330078125,0,,0
45675,GF-6-CAM-18,38812.100321919,38812.100890807,38812.134841469,38.3330078125,38.3330078125,0,,0
45677,GF-6-CAM-18,38812.265629069,38812.266756993,38812.294954738,38.3330078125,38.3330078125,0,,0
45679,GF-6-CAM-18,38812.411212555,38812.411998788,38812.434079048,38.3330078125,38.3330078125,0,,0
45681,GF-6-CAM-18,38812.552454159,38812.553332709,38812.594698392,38.3330078125,38.3330078125,0,,0
45683,GF-6-CAM-18,38812.701244643,38812.701580951,38812.747537816,38.3330078125,38.3330078125,0,,0
45685,GF-6-CAM-18,38812.867534622,38812.870220185,38812.90144571,38.3330078125,38.3330078125,0,,0
45687,GF-6-CAM-18,38813.028283476,38813.028631125,38813.056022241,38.3330078125,38.3330078125,0,,0
45689,GF-6-CAM-18,38813.172479216,38813.173157924,38813.216811625,38.3330078125,38.3330078125,0,,0
45691,GF-6-CAM-18,38813.335090755,38813.335638657,38813.358926409,38.3330078125,38.3330078125,0,,0
45693,GF-6-CAM-18,38813.475665273,38813.476095952,38813.502611138,38.3330078125,38.3330078125,0,,0
45695,GF-6-CAM-18,38813.633635335,38813.635722492,38813.666050173,38.3330078125,38.3330078125,0,,0
45697,GF-6-CAM-18,38813.796066804,38813.796755651,38813.830590701,38.3330078125,38.3330078125,0,,0
45699,GF-6-CAM-18,38813.939111863,38813.940951956,38813.977964081,38.3330078125,38.3330078125,0,,0
45701,GF-6-CAM-18,38814.096795214,38814.097302264,38814.128974442,38.3330078125,38.3330078125,0,,0
45703,GF-6-CAM-18,38814.245845539,38814.247597044,38814.288795425,38.3330078125,38.3330078125,0,,0
45705,GF-6-CAM-18,38814.418218605,38814.418601526,38814.453036186,38.3330078125,38.3330078125,0,,0
45707,GF-6-CAM-18,38814.568266381,38814.568650686,38814.592923076,38.3330078125,38.3330078125,0,,0
45709,GF-6-CAM-18,38814.71571835,38814.716314265,38814.760755428,38.3330078125,38.3330078125,0,,0
45711,GF-6-CAM-18,38814.873736698,38814.876052748,38814.918990372,38.3330078125,38.3330078125,0,,0
45713,GF-6-CAM-18,38815.025384051,38815.025893988,38815.071045991,38.3330078125,38.3330078125,0,,0
45715,GF-6-CAM-18,38815.188621248,38815.189893064,38815.213558223,38.3330078125,38.3330078125,0,,0
45717,GF-6-CAM-18,38815.333560948,38815.334367358,38815.376468171,38.3330078125,38.3330078125,0,,0
45719,GF-6-CAM-18,38815.492303708,38815.493313998,38815.517439013,38.3330078125,38.3330078125,0,,0
45721,GF-6-CAM-18,38815.642407644,38815.64279057,38815.678936716,38.3330078125,38.3330078125,0,,0
45723,GF-6-CAM-18,38815.793141361,38815.793765143,38815.825609417,38.3330078125,38.3330078125,0,,0
45725,GF-6-CAM-18,38815.943149548,38815.943634816,38815.982122598,38.3330078125,38.3330078125,0,,0
45727,GF-6-CAM-18,38816.114262296,38816.114905683,38816.149031141,38.3330078125,38.3330078125,0,,0
45729,GF-6-CAM-18,38816.278354978,38816.279396347,38816.316567131,38.3330078125,38.3330078125,0,,0
45731,GF-6-CAM-18,38816.426802256,38816.427500168,38816.466798469,38.3330078125,38.3330078125,0,,0
45733,GF-6-CAM-18,38816.583118878,38816.583466014,38816.615221012,38.3330078125,38.3330078125,0,,0
45735,GF-6-CAM-18,38816.750496571,38816.751959045,38816.794151532,38.3330078125,38.3330078125,0,,0
45737,GF-6-CAM-18,38816.919913112,38816.920555784,38816.948238645,38.3330078125,38.3330078125,0,,0
45739,GF-6-CAM-18,38817.077849632,38817.07841247,38817.109620479,38.3330078125,38.3330078125,0,,0
45741,GF-6-CAM-18,38817.243351899,38817.244172934,38817.269430185,38.3330078125,38.3330078125,0,,0
45743,GF-6-CAM-18,38817.366886951,38817.367371398,38817.388057473,38.3330078125,38.3330078125,0,,0
45745,GF-6-CAM-18,38817.498467654,38817.501047499,38817.533296732,38.3330078125,38.3330078125,0,,0
45747,GF-6-CAM-18,38817.640165262,38817.64234938,38817.669031585,38.3330078125,38.3330078125,0,,0
45749,GF-6-CAM-18,38817.787719688,38817.78805834,38817.823393698,38.3330078125,38.3330078125,0,,0
45751,GF-6-CAM-18,38817.935360646,38817.935945294,38817.970150976,38.3330078125,38.3330078125,0,,0
45753,GF-6-CAM-18,38818.088069693,38818.089020578,38818.116538286,38.3330078125,38.3330078125,0,,0
45755,GF-6-CAM-18,38818.241355903,38818.24188079,38818.269196816,38.3330078125,38.3330078125,0,,0
45757,GF-6-CAM-18,38818.391729403,38818.392771322,38818.41711189,38.3330078125,38.3330078125,0,,0
45759,GF-6-CAM-18,38818.543902846,38818.544281244,38818.577405431,38.3330078125,38.3330078125,0,,0
45761,GF-6-CAM-18,38818.693212865,38818.693619403,38818.714663143,38.3330078125,38.3330078125,0,,0
45763,GF-6-CAM-18,38818.841636567,38818.842152581,38818.870778055,38.3330078125,38.3330078125,0,,0
45765,GF-6-CAM-18,38818.987059607,38818.987465189,38819.008718115,38.3330078125,38.3330078125,0,,0
45767,GF-6-CAM-18,38819.125019518,38819.126400746,38819.165037586,38.3330078125,38.3330078125,0,,0
45769,GF-6-CAM-18,38819.277296961,38819.277946573,38819.312186678,38.3330078125,38.3330078125,0,,0
45771,GF-6-CAM-18,38819.422951579,38819.423544805,38819.457238582,38.3330078125,38.3330078125,0,,0
45773,GF-6-CAM-18,38819.569386269,38819.569850798,38819.602438783,38.3330078125,38.3330078125,0,,0
45775,GF-6-CAM-18,38819.711913916,38819.713115583,38819.740454008,38.3330078125,38.3330078125,0,,0
45777,GF-6-CAM-18,38819.859307556,38819.859804709,38819.887996574,38.3330078125,38.3330078125,0,,0
45779,GF-6-CAM-18,38820.005924536,38820.00634137,38820.037196119,38.3330078125,38.3330078125,0,,0
45781,GF-6-CAM-18,38820.161866817,38820.16260109,38820.193486938,38.3330078125,38.3330078125,0,,0
45783,GF-6-CAM-18,38820.308044676,38820.308518013,38820.333041969,38.3330078125,38.3330078125,0,,0
45785,GF-6-CAM-18,38820.444707579,38820.445346244,38820.475119857,38.3330078125,38.3330078125,0,,0
45787,GF-6-CAM-18,38820.591794906,38820.592705791,38820.629020307,38.3330078125,38.3330078125,0,,0
45789,GF-6-CAM-18,38820.739089521,38820.739458963,38820.768871581,38.3330078125,38.3330078125,0,,0
45791,GF-6-CAM-18,38820.877790289,38820.878091315,38820.896888435,38.3330078125,38.3330078125,0,,0
45793,GF-6-CAM-18,38821.007962505,38821.008686091,38821.033293748,38.3330078125,38.3330078125,0,,0
45795,GF-6-CAM-18,38821.157284723,38821.157825896,38821.188962641,38.3330078125,38.3330078125,0,,0
45797,GF-6-CAM-18,38821.306665616,38821.307285066,38821.33755654,38.3330078125,38.3330078125,0,,0
45799,GF-6-CAM-18,38821.452594537,38821.453161921,38821.491945792,38.3330078125,38.3330078125,0,,0
45801,GF-6-CAM-18,38821.607483847,38821.607799926,38821.643149683,38.3330078125,38.3330078125,0,,0
45803,GF-6-CAM-18,38821.755985614,38821.756409677,38821.789301056,38.3330078125,38.3330078125,0,,0
45805,GF-6-CAM-18,38821.896339288,38821.896695863,38821.924701211,38.3330078125,38.3330078125,0,,0
45807,GF-6-CAM-18,38822.024301383,38822.024714472,38822.058382237,38.3330078125,38.3330078125,0,,0
45809,GF-6-CAM-18,38822.17342946,38822.17654306,38822.212040929,38.3330078125,38.3330078125,0,,0
45811,GF-6-CAM-18,38822.323655123,38822.324262098,38822.350522477,38.3330078125,38.3330078125,0,,0
45813,GF-6-CAM-18,38822.467905894,38822.468558661,38822.49416226,38.3330078125,38.3330078125,0,,0
45815,GF-6-CAM-18,38822.597980548,38822.598655587,38822.631722061,38.3330078125,38.3330078125,0,,0
45817,GF-6-CAM-18,38822.743465171,38822.744820397,38822.772786491,38.3330078125,38.3330078125,0,,0
45819,GF-6-CAM-18,38822.897222846,38822.897921474,38822.926428833,38.3330078125,38.3330078125,0,,0
45821,GF-6-CAM-18,38823.036546697,38823.038015753,38823.067717119,38.3330078125,38.3330078125,0,,0
45823,GF-6-CAM-18,38823.176261112,38823.177176949,38823.200870859,38.3330078125,38.3330078125,0,,0
45825,GF-6-CAM-18,38823.303628064,38823.30414982,38823.339576192,38.3330078125,38.3330078125,0,,0
45827,GF-6-CAM-18,38823.45919347,38823.460116239,38823.496939434,38.3330078125,38.3330078125,0,,0
45829,GF-6-CAM-18,38823.600503321,38823.603347902,38823.632692421,38.3330078125,38.3330078125,0,,0
45831,GF-6-CAM-18,38823.744580476,38823.747114251,38823.772077499,38.3330078125,38.3330078125,0,,0
45833,GF-6-CAM-18,38823.895288228,38823.896075222,38823.930886812,38.3330078125,38.3330078125,0,,0
45835,GF-6-CAM-18,38824.040228767,38824.040701164,38824.064883157,38.3330078125,38.3330078125,0,,0
45837,GF-6-CAM-18,38824.168440959,38824.168813965,38824.194158379,38.3330078125,38.3330078125,0,,0
45839,GF-6-CAM-18,38824.316929926,38824.317597312,38824.352034247,38.3330078125,38.3330078125,0,,0
45841,GF-6-CAM-18,38824.455441525,38824.456090239,38824.480933812,38.3330078125,38.3330078125,0,,0
45843,GF-6-CAM-18,38824.611001844,38824.611846769,38824.64247363,38.3330078125,38.3330078125,0,,0
45845,GF-6-CAM-18,38824.756538525,38824.757164171,38824.778641458,38.3330078125,38.3330078125,0,,0
45847,GF-6-CAM-18,38824.898983503,38824.899739472,38824.937125153,38.3330078125,38.3330078125,0,,0
45849,GF-6-CAM-18,38825.05112783,38825.051666417,38825.087381961,38.3330078125,38.3330078125,0,,0
45851,GF-6-CAM-18,38825.19729049,38825.202943745,38825.222304392,38.3330078125,38.3330078125,0,,0
45853,GF-6-CAM-18,38825.336291084,38825.33682437,38825.363668856,38.3330078125,38.3330078125,0,,0
45855,GF-6-CAM-18,38825.491505205,38825.491875838,38825.521483914,38.3330078125,38.3330078125,0,,0
45857,GF-6-CAM-18,38825.637519671,38825.640538266,38825.673407565,38.3330078125,38.3330078125,0,,0
45859,GF-6-CAM-18,38825.78288266,38825.783549272,38825.818030801,38.3330078125,38.3330078125,0,,0
45861,GF-6-CAM-18,38825.934144131,38825.934863011,38825.962678836,38.3330078125,38.3330078125,0,,0
45863,GF-6-CAM-18,38826.0762318,38826.076679783,38826.110884107,38.3330078125,38.3330078125,0,,0
45865,GF-6-CAM-18,38826.220821365,38826.221325034,38826.250750877,38.3330078125,38.3330078125,0,,0
45867,GF-6-CAM-18,38826.364095054,38826.365050338,38826.39228397,38.3330078125,38.3330078125,0,,0
45869,GF-6-CAM-18,38826.518305053,38826.51866205,38826.542132821,38.3330078125,38.3330078125,0,,0
45871,GF-6-CAM-18,38826.681995692,38826.683127107,38826.712325017,38.3330078125,38.3330078125,0,,0
45873,GF-6-CAM-18,38826.832590779,38826.833097213,38826.870591954,38.3330078125,38.3330078125,0,,0
45875,GF-6-CAM-18,38826.989267739,38826.989812783,38827.035021095,38.3330078125,38.3330078125,0,,0
45877,GF-6-CAM-18,38827.150771441,38827.151214725,38827.190208262,38.3330078125,38.3330078125,0,,0
45879,GF-6-CAM-18,38827.32248547,38827.323103634,38827.357609437,38.3330078125,38.3330078125,0,,0
45881,GF-6-CAM-18,38827.495806163,38827.497046565,38827.531969416,38.3330078125,38.3330078125,0,,0
45883,GF-6-CAM-18,38827.641441739,38827.641996456,38827.667397664,38.3330078125,38.3330078125,0,,0
45885,GF-6-CAM-18,38827.803237841,38827.804487824,38827.842614162,38.3330078125,38.3330078125,0,,0
45887,GF-6-CAM-18,38827.976319001,38827.977392257,38828.012128567,38.3330078125,38.3330078125,0,,0
45889,GF-6-CAM-18,38828.144616581,38828.14602421,38828.183629915,38.3330078125,38.3330078125,0,,0
45891,GF-6-CAM-18,38828.310566591,38828.310901999,38828.341405455,38.3330078125,38.3330078125,0,,0
45893,GF-6-CAM-18,38828.458450224,38828.459040609,38828.501130523,38.3330078125,38.3330078125,0,,0
45895,GF-6-CAM-18,38828.627222675,38828.627968111,38828.663649538,38.3330078125,38.3330078125,0,,0
45897,GF-6-CAM-18,38828.78642792,38828.786902823,38828.821169764,38.3330078125,38.3330078125,0,,0
45899,GF-6-CAM-18,38828.948834527,38828.94968635,38829.000541646,38.3330078125,38.3330078125,0,,0
45901,GF-6-CAM-18,38829.12287158,38829.123326678,38829.158282255,38.3330078125,38.3330078125,0,,0
45903,GF-6-CAM-18,38829.284376788,38829.287359236,38829.330181047,38.3330078125,38.3330078125,0,,0
45905,GF-6-CAM-18,38829.484325761,38829.484975448,38829.524042268,38.3330078125,38.3330078125,0,,0
45907,GF-6-CAM-18,38829.649246046,38829.650049422,38829.692807276,38.3330078125,38.3330078125,0,,0
45909,GF-6-CAM-18,38829.829353366,38829.829798361,38829.86673955,38.3330078125,38.3330078125,0,,0
45911,GF-6-CAM-18,38829.990957523,38829.991673611,38830.031980874,38.3330078125,38.3330078125,0,,0
45913,GF-6-CAM-18,38830.146835973,38830.150192954,38830.183801194,38.3330078125,38.3330078125,0,,0
45915,GF-6-CAM-18,38830.318650133,38830.319245532,38830.360582226,38.3330078125,38.3330078125,0,,0
45917,GF-6-CAM-18,38830.472307676,38830.473115655,38830.5013062,38.3330078125,38.3330078125,0,,0
45919,GF-6-CAM-18,38830.617909213,38830.618519631,38830.654191649,38.3330078125,38.3330078125,0,,0
45921,GF-6-CAM-18,38830.780228399,38830.780648904,38830.823020385,38.3330078125,38.3330078125,0,,0
45985,GF-6-CAM-18,38836.136167817,38836.139521152,38836.16478096,38.33349609375,38.3330078125,0,,0
46927,GF-6-CAM-18,38913.774214264,38913.778985554,38913.80389017,38.33349609375,38.3330078125,0,,0
46929,GF-6-CAM-18,38913.912430689,38913.9130503,38913.949571386,38.3330078125,38.3330078125,0,,0
46933,GF-6-CAM-18,38914.229740802,38914.230508376,38914.265319276,38.33349609375,38.3330078125,0,,0
46935,GF-6-CAM-18,38914.393309923,38914.393687114,38914.4231361,38.3330078125,38.3330078125,0,,0
46937,GF-6-CAM-18,38914.535104879,38914.535580109,38914.561199828,38.3330078125,38.3330078125,0,,0
46939,GF-6-CAM-18,38914.683184626,38914.683524101,38914.720569397,38.3330078125,38.3330078125,0,,0
46941,GF-6-CAM-18,38914.848421945,38914.849133168,38914.881674109,38.3330078125,38.3330078125,0,,0
46943,GF-6-CAM-18,38914.995422822,38914.996198849,38915.035254612,38.3330078125,38.3330078125,0,,0
46945,GF-6-CAM-18,38915.151228061,38915.151721212,38915.186381019,38.3330078125,38.3330078125,0,,0
46947,GF-6-CAM-18,38915.298819944,38915.299579135,38915.327654808,38.3330078125,38.3330078125,0,,0
46949,GF-6-CAM-18,38915.451139789,38915.451611304,38915.489758758,38.3330078125,38.3330078125,0,,0
46951,GF-6-CAM-18,38915.613041065,38915.614862532,38915.649520462,38.3330078125,38.3330078125,0,,0
46953,GF-6-CAM-18,38915.757635812,38915.758550269,38915.780919244,38.3330078125,38.3330078125,0,,0
46955,GF-6-CAM-18,38915.899124825,38915.89947761,38915.928707562,38.3330078125,38.3330078125,0,,0
46957,GF-6-CAM-18,38916.060793953,38916.062158326,38916.091261382,38.3330078125,38.3330078125,0,,0
46959,GF-6-CAM-18,38916.203564221,38916.204474754,38916.237267779,38.3330078125,38.3330078125,0,,0
46961,GF-6-CAM-18,38916.359758944,38916.360380376,38916.382948582,38.3330078125,38.3330078125,0,,0
46963,GF-6-CAM-18,38916.510801767,38916.511626736,38916.556826863,38.3330078125,38.3330078125,0,,0
46965,GF-6-CAM-18,38916.673542337,38916.674246803,38916.703309333,38.3330078125,38.3330078125,0,,0
46967,GF-6-CAM-18,38916.834600796,38916.835177615,38916.859410906,38.3330078125,38.3330078125,0,,0
46969,GF-6-CAM-18,38916.972114633,38916.97377977,38917.009457147,38.3330078125,38.3330078125,0,,0
46971,GF-6-CAM-18,38917.135208335,38917.136544068,38917.169193528,38.3330078125,38.3330078125,0,,0
46973,GF-6-CAM-18,38917.29755761,38917.298095598,38917.323352403,38.3330078125,38.3330078125,0,,0
46975,GF-6-CAM-18,38917.445507858,38917.448359808,38917.473988951,38.3330078125,38.3330078125,0,,0
46977,GF-6-CAM-18,38917.595908935,38917.596515734,38917.628773139,38.3330078125,38.3330078125,0,,0
46979,GF-6-CAM-18,38917.751051614,38917.75180729,38917.778131592,38.3330078125,38.3330078125,0,,0
46981,GF-6-CAM-18,38917.895754539,38917.896389473,38917.927959925,38.3330078125,38.3330078125,0,,0
46983,GF-6-CAM-18,38918.034703063,38918.038169662,38918.084810647,38.3330078125,38.3330078125,0,,0
46985,GF-6-CAM-18,38918.190076757,38918.190711536,38918.209370991,38.3330078125,38.3330078125,0,,0
46987,GF-6-CAM-18,38918.333416704,38918.334236024,38918.35282987,38.3330078125,38.3330078125,0,,0
46989,GF-6-CAM-18,38918.482327168,38918.482771048,38918.518531691,38.3330078125,38.3330078125,0,,0
46991,GF-6-CAM-18,38918.655335275,38918.656133168,38918.69113474,38.3330078125,38.3330078125,0,,0
46993,GF-6-CAM-18,38918.830174277,38918.830649393,38918.891775272,38.3330078125,38.3330078125,0,,0
46995,GF-6-CAM-18,38919.040869294,38919.041351275,38919.087857938,38.3330078125,38.3330078125,0,,0
46997,GF-6-CAM-18,38919.211248155,38919.21171238,38919.24943696,38.3330078125,38.3330078125,0,,0
46999,GF-6-CAM-18,38919.3759499,38919.377588552,38919.426549671,38.3330078125,38.3330078125,0,,0
47001,GF-6-CAM-18,38919.552509462,38919.554680981,38919.587126478,38.3330078125,38.3330078125,0,,0
47003,GF-6-CAM-18,38919.724759799,38919.725375507,38919.755602625,38.3330078125,38.3330078125,0,,0
47005,GF-6-CAM-18,38919.885092186,38919.88611025,38919.928031253,38.3330078125,38.3330078125,0,,0
47007,GF-6-CAM-18,38920.056063607,38920.056509366,38920.106340739,38.3330078125,38.3330078125,0,,0
47009,GF-6-CAM-18,38920.216406568,38920.216899908,38920.240938412,38.3330078125,38.3330078125,0,,0
47011,GF-6-CAM-18,38920.359333549,38920.360350504,38920.402897559,38.3330078125,38.3330078125,0,,0
47013,GF-6-CAM-18,38920.534844963,38920.535394292,38920.569906692,38.3330078125,38.3330078125,0,,0
47015,GF-6-CAM-18,38920.703097335,38920.703527299,38920.755784593,38.3330078125,38.3330078125,0,,0
47017,GF-6-CAM-18,38920.872830919,38920.873758343,38920.910678993,38.3330078125,38.3330078125,0,,0
47019,GF-6-CAM-18,38921.042030305,38921.04337033,38921.08449101,38.3330078125,38.3330078125,0,,0
47021,GF-6-CAM-18,38921.232713392,38921.2332992,38921.283638444,38.3330078125,38.3330078125,0,,0
47023,GF-6-CAM-18,38921.421025659,38921.421836608,38921.461770597,38.3330078125,38.3330078125,0,,0
47025,GF-6-CAM-18,38921.595597809,38921.596267296,38921.631755712,38.3330078125,38.3330078125,0,,0
47027,GF-6-CAM-18,38921.779476874,38921.781216071,38921.818219016,38.3330078125,38.3330078125,0,,0
47029,GF-6-CAM-18,38921.953847038,38921.954473939,38921.990952422,38.3330078125,38.3330078125,0,,0
47031,GF-6-CAM-18,38922.114204314,38922.114563316,38922.14037483,38.3330078125,38.3330078125,0,,0
47033,GF-6-CAM-18,38922.2679067,38922.268470546,38922.297751825,38.3330078125,38.3330078125,0,,0
47035,GF-6-CAM-18,38922.418076121,38922.419213146,38922.446786729,38.3330078125,38.3330078125,0,,0
47037,GF-6-CAM-18,38922.566837348,38922.567888415,38922.592770419,38.3330078125,38.3330078125,0,,0
47039,GF-6-CAM-18,38922.71454679,38922.715987124,38922.741478888,38.3330078125,38.3330078125,0,,0
47041,GF-6-CAM-18,38922.883340571,38922.883764336,38922.904624306,38.3330078125,38.3330078125,0,,0
47043,GF-6-CAM-18,38923.013342812,38923.014330616,38923.057201568,38.3330078125,38.3330078125,0,,0
47045,GF-6-CAM-18,38923.196117238,38923.199553791,38923.234663784,38.3330078125,38.3330078125,0,,0
47047,GF-6-CAM-18,38923.353199011,38923.353891788,38923.380674828,38.3330078125,38.3330078125,0,,0
47049,GF-6-CAM-18,38923.508711959,38923.509409278,38923.538789412,38.3330078125,38.3330078125,0,,0
47051,GF-6-CAM-18,38923.67757568,38923.678344807,38923.705056825,38.3330078125,38.3330078125,0,,0
47053,GF-6-CAM-18,38923.834444705,38923.834860847,38923.864190845,38.3330078125,38.3330078125,0,,0
47055,GF-6-CAM-18,38923.98846464,38923.990074658,38924.020391176,38.3330078125,38.3330078125,0,,0
47057,GF-6-CAM-18,38924.142170386,38924.142614152,38924.168155078,38.3330078125,38.3330078125,0,,0
47059,GF-6-CAM-18,38924.310479451,38924.312249241,38924.343136746,38.3330078125,38.3330078125,0,,0
47061,GF-6-CAM-18,38924.45175688,38924.452187391,38924.473408982,38.3330078125,38.3330078125,0,,0
47063,GF-6-CAM-18,38924.59650615,38924.597893344,38924.629378589,38.3330078125,38.3330078125,0,,0
47065,GF-6-CAM-18,38924.742302424,38924.743671086,38924.761296434,38.3330078125,38.3330078125,0,,0
47067,GF-6-CAM-18,38924.893377382,38924.893722735,38924.916273071,38.3330078125,38.3330078125,0,,0
47069,GF-6-CAM-18,38925.026351628,38925.02684862,38925.051517109,38.3330078125,38.3330078125,0,,0
47071,GF-6-CAM-18,38925.156403032,38925.156899482,38925.179116892,38.3330078125,38.3330078125,0,,0
47073,GF-6-CAM-18,38925.301943253,38925.303448793,38925.342938584,38.3330078125,38.3330078125,0,,0
47075,GF-6-CAM-18,38925.458128434,38925.45919463,38925.490427077,38.3330078125,38.3330078125,0,,0
47077,GF-6-CAM-18,38925.61744915,38925.618052576,38925.642862135,38.3330078125,38.3330078125,0,,0
47079,GF-6-CAM-18,38925.765166111,38925.765972117,38925.796469313,38.3330078125,38.3330078125,0,,0
47081,GF-6-CAM-18,38925.903769009,38925.905087104,38925.961444399,38.3330078125,38.3330078125,0,,0
47083,GF-6-CAM-18,38926.075435624,38926.075839792,38926.12273634,38.3330078125,38.3330078125,0,,0
47085,GF-6-CAM-18,38926.24821341,38926.248590891,38926.289941217,38.3330078125,38.3330078125,0,,0
47087,GF-6-CAM-18,38926.417302958,38926.417904946,38926.447192825,38.3330078125,38.3330078125,0,,0
47089,GF-6-CAM-18,38926.580780955,38926.581413615,38926.616081191,38.3330078125,38.3330078125,0,,0
47091,GF-6-CAM-18,38926.73579404,38926.736213146,38926.769780595,38.3330078125,38.3330078125,0,,0
47093,GF-6-CAM-18,38926.903736985,38926.904507048,38926.953897804,38.3330078125,38.3330078125,0,,0
47095,GF-6-CAM-18,38927.071328815,38927.072797953,38927.100808867,38.3330078125,38.3330078125,0,,0
47097,GF-6-CAM-18,38927.236158674,38927.236822646,38927.278520315,38.3330078125,38.3330078125,0,,0
47099,GF-6-CAM-18,38927.412064338,38927.41250776,38927.44143922,38.3330078125,38.3330078125,0,,0
47101,GF-6-CAM-18,38927.581791633,38927.582550543,38927.620421561,38.3330078125,38.3330078125,0,,0
47103,GF-6-CAM-18,38927.75923455,38927.760953329,38927.79613982,38.3330078125,38.3330078125,0,,0
47105,GF-6-CAM-18,38927.917991244,38927.918466488,38927.965152604,38.3330078125,38.3330078125,0,,0
47107,GF-6-CAM-18,38928.087516248,38928.092635027,38928.130997967,38.3330078125,38.3330078125,0,,0
47109,GF-6-CAM-18,38928.24261754,38928.242970558,38928.273011121,38.3330078125,38.3330078125,0,,0
47111,GF-6-CAM-18,38928.421971484,38928.422670176,38928.458281221,38.3330078125,38.3330078125,0,,0
47113,GF-6-CAM-18,38928.595748525,38928.597626675,38928.63380439,38.3330078125,38.3330078125,0,,0
47115,GF-6-CAM-18,38928.759426736,38928.759896215,38928.791850682,38.3330078125,38.3330078125,0,,0
47117,GF-6-CAM-18,38928.909841272,38928.910703082,38928.953324,38.3330078125,38.3330078125,0,,0
47119,GF-6-CAM-18,38929.066537611,38929.066875936,38929.109653243,38.3330078125,38.3330078125,0,,0
47121,GF-6-CAM-18,38929.25131416,38929.251787726,38929.281743117,38.3330078125,38.3330078125,0,,0
47123,GF-6-CAM-18,38929.404126306,38929.404870472,38929.445604717,38.3330078125,38.3330078125,0,,0
47125,GF-6-CAM-18,38929.573974543,38929.574455076,38929.608035962,38.3330078125,38.3330078125,0,,0
47127,GF-6-CAM-18,38929.729177717,38929.729780563,38929.771659535,38.3330078125,38.3330078125,0,,0
47129,GF-6-CAM-18,38929.912678018,38929.914838496,38929.949378238,38.3330078125,38.3330078125,0,,0
47131,GF-6-CAM-18,38930.066384312,38930.067157395,38930.101198127,38.3330078125,38.3330078125,0,,0
47133,GF-6-CAM-18,38930.220139475,38930.221567422,38930.265053334,38.3330078125,38.3330078125,0,,0
47135,GF-6-CAM-18,38930.378437307,38930.378898113,38930.4038826,38.3330078125,38.3330078125,0,,0
47137,GF-6-CAM-18,38930.529395384,38930.53019774,38930.569572606,38.3330078125,38.3330078125,0,,0
47139,GF-6-CAM-18,38930.691588822,38930.692975763,38930.722888048,38.3330078125,38.3330078125,0,,0
47141,GF-6-CAM-18,38930.846137257,38930.846821132,38930.881177762,38.3330078125,38.3330078125,0,,0
47143,GF-6-CAM-18,38930.999949558,38931.000503477,38931.03265712,38.3330078125,38.3330078125,0,,0
47145,GF-6-CAM-18,38931.163395719,38931.163978819,38931.207469918,38.3330078125,38.3330078125,0,,0
47147,GF-6-CAM-18,38931.330635997,38931.331168566,38931.36096242,38.3330078125,38.3330078125,0,,0
47149,GF-6-CAM-18,38931.479225841,38931.479876584,38931.517121317,38.3330078125,38.3330078125,0,,0
47151,GF-6-CAM-18,38931.649448139,38931.651973088,38931.688258044,38.3330078125,38.3330078125,0,,0
47153,GF-6-CAM-18,38931.81504187,38931.81573773,38931.842523593,38.3330078125,38.3330078125,0,,0
47155,GF-6-CAM-18,38931.961165076,38931.961792315,38932.008676658,38.3330078125,38.3330078125,0,,0
47157,GF-6-CAM-18,38932.130783114,38932.131268577,38932.165022229,38.3330078125,38.3330078125,0,,0
47159,GF-6-CAM-18,38932.280294818,38932.280975417,38932.317952558,38.3330078125,38.3330078125,0,,0
47161,GF-6-CAM-18,38932.444210588,38932.444539322,38932.482523852,38.3330078125,38.3330078125,0,,0
47163,GF-6-CAM-18,38932.60937889,38932.609924839,38932.638414765,38.3330078125,38.3330078125,0,,0
47165,GF-6-CAM-18,38932.76538152,38932.765863901,38932.805619318,38.3330078125,38.3330078125,0,,0
47167,GF-6-CAM-18,38932.919458837,38932.919983143,38932.957880944,38.3330078125,38.3330078125,0,,0
47169,GF-6-CAM-18,38933.078271996,38933.07981484,38933.132314911,38.3330078125,38.3330078125,0,,0
47171,GF-6-CAM-18,38933.249566536,38933.25052048,38933.299564361,38.3330078125,38.3330078125,0,,0
47173,GF-6-CAM-18,38933.43291115,38933.434190779,38933.46545208,38.3330078125,38.3330078125,0,,0
47175,GF-6-CAM-18,38933.587863928,38933.588391242,38933.623310483,38.3330078125,38.3330078125,0,,0
47177,GF-6-CAM-18,38933.749691323,38933.75072972,38933.793499157,38.3330078125,38.3330078125,0,,0
47179,GF-6-CAM-18,38933.899225624,38933.899697446,38933.939236759,38.3330078125,38.3330078125,0,,0
47181,GF-6-CAM-18,38934.053938853,38934.054661959,38934.089808426,38.3330078125,38.3330078125,0,,0
47183,GF-6-CAM-18,38934.213996818,38934.2146014,38934.241289648,38.3330078125,38.3330078125,0,,0
47185,GF-6-CAM-18,38934.382231077,38934.382665376,38934.41780969,38.3330078125,38.3330078125,0,,0
47187,GF-6-CAM-18,38934.543425106,38934.544060623,38934.572279648,38.3330078125,38.3330078125,0,,0
47189,GF-6-CAM-18,38934.700254229,38934.701471132,38934.73455549,38.3330078125,38.3330078125,0,,0
47191,GF-6-CAM-18,38934.857169282,38934.858023717,38934.903962333,38.3330078125,38.3330078125,0,,0
47193,GF-6-CAM-18,38935.023942408,38935.024550935,38935.066087366,38.3330078125,38.3330078125,0,,0
47195,GF-6-CAM-18,38935.18786608,38935.188472076,38935.228058375,38.3330078125,38.3330078125,0,,0
47197,GF-6-CAM-18,38935.346918178,38935.347486498,38935.384903916,38.3330078125,38.3330078125,0,,0
47199,GF-6-CAM-18,38935.51129656,38935.512921038,38935.539925893,38.3330078125,38.3330078125,0,,0
47201,GF-6-CAM-18,38935.66355461,38935.663897375,38935.705237302,38.3330078125,38.3330078125,0,,0
47203,GF-6-CAM-18,38935.818906875,38935.819644803,38935.849404025,38.3330078125,38.3330078125,0,,0
47205,GF-6-CAM-18,38935.971211125,38935.971857729,38936.007177613,38.3330078125,38.3330078125,0,,0
47207,GF-6-CAM-18,38936.135520411,38936.13646691,38936.175689504,38.3330078125,38.3330078125,0,,0
47209,GF-6-CAM-18,38936.296105933,38936.29693427,38936.33387573,38.3330078125,38.3330078125,0,,0
47211,GF-6-CAM-18,38936.45265616,38936.453177737,38936.496555016,38.3330078125,38.3330078125,0,,0
47213,GF-6-CAM-18,38936.62552395,38936.62660441,38936.656080341,38.3330078125,38.3330078125,0,,0
47215,GF-6-CAM-18,38936.781993664,38936.782559007,38936.822249421,38.3330078125,38.3330078125,0,,0
47217,GF-6-CAM-18,38936.933462478,38936.933898095,38936.972308319,38.3330078125,38.3330078125,0,,0
47219,GF-6-CAM-18,38937.10825199,38937.108901279,38937.158531184,38.3330078125,38.3330078125,0,,0
47221,GF-6-CAM-18,38937.279509248,38937.280078611,38937.309968003,38.3330078125,38.3330078125,0,,0
47223,GF-6-CAM-18,38937.426395628,38937.42671198,38937.470213301,38.3330078125,38.3330078125,0,,0
47225,GF-6-CAM-18,38937.603479473,38937.604120657,38937.630976434,38.3330078125,38.3330078125,0,,0
47227,GF-6-CAM-18,38937.743837252,38937.744396287,38937.778299361,38.3330078125,38.3330078125,0,,0
47229,GF-6-CAM-18,38937.896885755,38937.897282214,38937.941853885,38.3330078125,38.3330078125,0,,0
47231,GF-6-CAM-18,38938.054285859,38938.055687919,38938.100673655,38.3330078125,38.3330078125,0,,0
47233,GF-6-CAM-18,38938.227918415,38938.228684303,38938.263599416,38.3330078125,38.3330078125,0,,0
47235,GF-6-CAM-18,38938.402937577,38938.403508749,38938.435497376,38.3330078125,38.3330078125,0,,0
47237,GF-6-CAM-18,38938.558424268,38938.558739335,38938.596086396,38.3330078125,38.3330078125,0,,0
47239,GF-6-CAM-18,38938.730300061,38938.731019208,38938.768263599,38.3330078125,38.3330078125,0,,0
47241,GF-6-CAM-18,38938.905171936,38938.905995606,38938.946367981,38.3330078125,38.3330078125,0,,0
47243,GF-6-CAM-18,38939.074371688,38939.075780308,38939.117607715,38.3330078125,38.3330078125,0,,0
47245,GF-6-CAM-18,38939.243831863,38939.24484091,38939.290619151,38.3330078125,38.3330078125,0,,0
47247,GF-6-CAM-18,38939.42634982,38939.428836338,38939.466539467,38.3330078125,38.3330078125,0,,0
47249,GF-6-CAM-18,38939.592385647,38939.592848554,38939.627427608,38.3330078125,38.3330078125,0,,0
47251,GF-6-CAM-18,38939.764560377,38939.765758585,38939.797807317,38.3330078125,38.3330078125,0,,0
47253,GF-6-CAM-18,38939.921576794,38939.922014078,38939.965482505,38.3330078125,38.3330078125,0,,0
47255,GF-6-CAM-18,38940.093930207,38940.09522563,38940.131743706,38.3330078125,38.3330078125,0,,0
47257,GF-6-CAM-18,38940.26012236,38940.260615329,38940.291460631,38.3330078125,38.3330078125,0,,0
47259,GF-6-CAM-18,38940.424317834,38940.424907954,38940.468859887,38.3330078125,38.3330078125,0,,0
47261,GF-6-CAM-18,38940.584806608,38940.58678132,38940.625864993,38.3330078125,38.3330078125,0,,0
47263,GF-6-CAM-18,38940.74563244,38940.746563214,38940.782520789,38.3330078125,38.3330078125,0,,0
47265,GF-6-CAM-18,38940.909429943,38940.910867449,38940.944734073,38.3330078125,38.3330078125,0,,0
47267,GF-6-CAM-18,38941.062718805,38941.063141133,38941.1046132,38.3330078125,38.3330078125,0,,0
47269,GF-6-CAM-18,38941.222380383,38941.222742935,38941.264986255,38.3330078125,38.3330078125,0,,0
47271,GF-6-CAM-18,38941.379424755,38941.379937431,38941.412642858,38.3330078125,38.3330078125,0,,0
47273,GF-6-CAM-18,38941.532265208,38941.532764307,38941.563228268,38.3330078125,38.3330078125,0,,0
47275,GF-6-CAM-18,38941.674685205,38941.675636138,38941.708440883,38.3330078125,38.3330078125,0,,0
47277,GF-6-CAM-18,38941.83281113,38941.833275436,38941.871841009,38.3330078125,38.3330078125,0,,0
47279,GF-6-CAM-18,38942.004424935,38942.004927084,38942.055473595,38.3330078125,38.3330078125,0,,0
47281,GF-6-CAM-18,38942.178177226,38942.178632414,38942.231590355,38.3330078125,38.3330078125,0,,0
47283,GF-6-CAM-18,38942.362859039,38942.363616914,38942.406359515,38.3330078125,38.3330078125,0,,0
47285,GF-6-CAM-18,38942.54425941,38942.545010331,38942.587688817,38.3330078125,38.3330078125,0,,0
47287,GF-6-CAM-18,38942.723141388,38942.724192825,38942.75093573,38.3330078125,38.3330078125,0,,0
47289,GF-6-CAM-18,38942.860310804,38942.860709384,38942.898106156,38.3330078125,38.3330078125,0,,0
47291,GF-6-CAM-18,38943.024125565,38943.024584257,38943.082574997,38.3330078125,38.3330078125,0,,0
47293,GF-6-CAM-18,38943.208487393,38943.209591204,38943.249488595,38.3330078125,38.3330078125,0,,0
47295,GF-6-CAM-18,38943.38670851,38943.387115368,38943.424905939,38.3330078125,38.3330078125,0,,0
47297,GF-6-CAM-18,38943.541932554,38943.544010174,38943.578192758,38.3330078125,38.3330078125,0,,0
47299,GF-6-CAM-18,38943.707442426,38943.708092725,38943.737917319,38.3330078125,38.3330078125,0,,0
47301,GF-6-CAM-18,38943.874634763,38943.876184519,38943.906203954,38.3330078125,38.3330078125,0,,0
47303,GF-6-CAM-18,38944.021250188,38944.02185475,38944.058982927,38.3330078125,38.3330078125,0,,0
47305,GF-6-CAM-18,38944.18990496,38944.191399644,38944.224066091,38.3330078125,38.3330078125,0,,0
47307,GF-6-CAM-18,38944.346264316,38944.347288363,38944.403274438,38.3330078125,38.3330078125,0,,0
47309,GF-6-CAM-18,38944.53709324,38944.537861289,38944.570994134,38.3330078125,38.3330078125,0,,0
47311,GF-6-CAM-18,38944.699578164,38944.69995726,38944.738135479,38.3330078125,38.3330078125,0,,0
47313,GF-6-CAM-18,38944.869111357,38944.8697954,38944.897961183,38.3330078125,38.3330078125,0,,0
47315,GF-6-CAM-18,38945.043870154,38945.047070673,38945.079280606,38.3330078125,38.3330078125,0,,0
47317,GF-6-CAM-18,38945.190396437,38945.191646235,38945.223157451,38.3330078125,38.3330078125,0,,0
47319,GF-6-CAM-18,38945.344458383,38945.344852858,38945.388256897,38.3330078125,38.3330078125,0,,0
47321,GF-6-CAM-18,38945.514450743,38945.51533149,38945.551800643,38.3330078125,38.3330078125,0,,0
47323,GF-6-CAM-18,38945.660959696,38945.661448846,38945.706968649,38.3330078125,38.3330078125,0,,0
47325,GF-6-CAM-18,38945.838123969,38945.838690941,38945.877106456,38.3330078125,38.3330078125,0,,0
47327,GF-6-CAM-18,38946.004715986,38946.005122329,38946.046880371,38.3330078125,38.3330078125,0,,0
47329,GF-6-CAM-18,38946.182745478,38946.183534559,38946.219085335,38.3330078125,38.3330078125,0,,0
47331,GF-6-CAM-18,38946.346030595,38946.347780382,38946.38053125,38.3330078125,38.3330078125,0,,0
47333,GF-6-CAM-18,38946.51254482,38946.513532767,38946.553302018,38.3330078125,38.3330078125,0,,0
47335,GF-6-CAM-18,38946.658856693,38946.661158817,38946.707938578,38.3330078125,38.3330078125,0,,0
47337,GF-6-CAM-18,38946.825820061,38946.826774173,38946.858570241,38.3330078125,38.3330078125,0,,0
47339,GF-6-CAM-18,38946.994770212,38946.995350021,38947.032973933,38.3330078125,38.3330078125,0,,0
47341,GF-6-CAM-18,38947.150467564,38947.151664212,38947.190119378,38.3330078125,38.3330078125,0,,0
47343,GF-6-CAM-18,38947.319522571,38947.319995667,38947.35069757,38.3330078125,38.3330078125,0,,0
47345,GF-6-CAM-18,38947.482645901,38947.483241189,38947.520362156,38.3330078125,38.3330078125,0,,0
47347,GF-6-CAM-18,38947.628730526,38947.62929928,38947.663655115,38.3330078125,38.3330078125,0,,0
47349,GF-6-CAM-18,38947.793095664,38947.794098447,38947.822794993,38.3330078125,38.3330078125,0,,0
47351,GF-6-CAM-18,38947.936028269,38947.937685559,38947.972523243,38.3330078125,38.3330078125,0,,0
47353,GF-6-CAM-18,38948.080204073,38948.081544783,38948.115607001,38.3330078125,38.3330078125,0,,0
47355,GF-6-CAM-18,38948.231109948,38948.23171266,38948.270251373,38.3330078125,38.3330078125,0,,0
47357,GF-6-CAM-18,38948.393883208,38948.394571058,38948.432298716,38.3330078125,38.3330078125,0,,0
47359,GF-6-CAM-18,38948.567238332,38948.568250688,38948.616031913,38.3330078125,38.3330078125,0,,0
47361,GF-6-CAM-18,38948.735262853,38948.735962514,38948.774874096,38.3330078125,38.3330078125,0,,0
47363,GF-6-CAM-18,38948.894151405,38948.894867198,38948.938976072,38.3330078125,38.3330078125,0,,0
47365,GF-6-CAM-18,38949.076112737,38949.077080827,38949.122979752,38.3330078125,38.3330078125,0,,0
47367,GF-6-CAM-18,38949.245472229,38949.247928589,38949.297259394,38.3330078125,38.3330078125,0,,0
47369,GF-6-CAM-18,38949.407469904,38949.409842999,38949.441454598,38.3330078125,38.3330078125,0,,0
47371,GF-6-CAM-18,38949.567418365,38949.567786626,38949.612304188,38.3330078125,38.3330078125,0,,0
47373,GF-6-CAM-18,38949.741455647,38949.741913549,38949.773066773,38.3330078125,38.3330078125,0,,0
47375,GF-6-CAM-18,38949.90153226,38949.902500998,38949.931186483,38.3330078125,38.3330078125,0,,0
47377,GF-6-CAM-18,38950.052886122,38950.053558953,38950.084161281,38.3330078125,38.3330078125,0,,0
47379,GF-6-CAM-18,38950.215295695,38950.216372517,38950.246294336,38.3330078125,38.3330078125,0,,0
47381,GF-6-CAM-18,38950.37407997,38950.374972705,38950.417757023,38.3330078125,38.3330078125,0,,0
47383,GF-6-CAM-18,38950.545286095,38950.545903461,38950.585278583,38.3330078125,38.3330078125,0,,0
47385,GF-6-CAM-18,38950.715222966,38950.715777916,38950.755837634,38.3330078125,38.3330078125,0,,0
47387,GF-6-CAM-18,38950.878278346,38950.878889489,38950.925996915,38.3330078125,38.3330078125,0,,0
47389,GF-6-CAM-18,38951.05157271,38951.052200898,38951.081161849,38.3330078125,38.3330078125,0,,0
47391,GF-6-CAM-18,38951.210119789,38951.212977978,38951.257257975,38.3330078125,38.3330078125,0,,0
47393,GF-6-CAM-18,38951.367060443,38951.367425099,38951.408592579,38.3330078125,38.3330078125,0,,0
47395,GF-6-CAM-18,38951.542292961,38951.542949682,38951.579857528,38.3330078125,38.3330078125,0,,0
47397,GF-6-CAM-18,38951.714942768,38951.717839858,38951.755078469,38.3330078125,38.3330078125,0,,0
47399,GF-6-CAM-18,38951.884628533,38951.88540748,38951.918732663,38.3330078125,38.3330078125,0,,0
47401,GF-6-CAM-18,38952.053715542,38952.054588993,38952.084220844,38.3330078125,38.3330078125,0,,0
47403,GF-6-CAM-18,38952.20999835,38952.210436201,38952.239866166,38.3330078125,38.3330078125,0,,0
47405,GF-6-CAM-18,38952.363397447,38952.363769584,38952.400175674,38.3330078125,38.3330078125,0,,0
47407,GF-6-CAM-18,38952.51420476,38952.51455001,38952.549711213,38.3330078125,38.3330078125,0,,0
47409,GF-6-CAM-18,38952.672808652,38952.673523186,38952.714598724,38.3330078125,38.3330078125,0,,0
47411,GF-6-CAM-18,38952.842789762,38952.843326767,38952.881822851,38.3330078125,38.3330078125,0,,0
47413,GF-6-CAM-18,38953.015127981,38953.015755847,38953.053662195,38.3330078125,38.3330078125,0,,0
47415,GF-6-CAM-18,38953.172955746,38953.173778537,38953.205622535,38.3330078125,38.3330078125,0,,0
47417,GF-6-CAM-18,38953.340629242,38953.341460766,38953.376181089,38.3330078125,38.3330078125,0,,0
47419,GF-6-CAM-18,38953.504055159,38953.504930645,38953.536672782,38.3330078125,38.3330078125,0,,0
47421,GF-6-CAM-18,38953.659460882,38953.659780999,38953.689053978,38.3330078125,38.3330078125,0,,0
47423,GF-6-CAM-18,38953.80029816,38953.801351976,38953.83736935,38.3330078125,38.3330078125,0,,0
47425,GF-6-CAM-18,38953.978877251,38953.979619159,38954.011864906,38.3330078125,38.3330078125,0,,0
47427,GF-6-CAM-18,38954.148159561,38954.149470704,38954.178628654,38.3330078125,38.3330078125,0,,0
47429,GF-6-CAM-18,38954.297769433,38954.298171584,38954.33867756,38.3330078125,38.3330078125,0,,0
47431,GF-6-CAM-18,38954.427134545,38954.4274582,38954.460349627,38.3330078125,38.3330078125,0,,0
47433,GF-6-CAM-18,38954.566141706,38954.566775647,38954.601496563,38.3330078125,38.3330078125,0,,0
47435,GF-6-CAM-18,38954.740706622,38954.741411765,38954.776165104,38.3330078125,38.3330078125,0,,0
47437,GF-6-CAM-18,38954.893566812,38954.894913059,38954.92179704,38.3330078125,38.3330078125,0,,0
47439,GF-6-CAM-18,38955.042148504,38955.042628455,38955.063877818,38.3330078125,38.3330078125,0,,0
47441,GF-6-CAM-18,38955.169080755,38955.169733635,38955.197614045,38.3330078125,38.3330078125,0,,0
47443,GF-6-CAM-18,38955.320686428,38955.322416809,38955.357424031,38.3330078125,38.3330078125,0,,0
47445,GF-6-CAM-18,38955.491050216,38955.491785843,38955.522227505,38.3330078125,38.3330078125,0,,0
47447,GF-6-CAM-18,38955.631157367,38955.633303448,38955.674257278,38.3330078125,38.3330078125,0,,0
47449,GF-6-CAM-18,38955.798242141,38955.799195542,38955.836687031,38.3330078125,38.3330078125,0,,0
47451,GF-6-CAM-18,38955.954256559,38955.954807538,38956.001763494,38.3330078125,38.3330078125,0,,0
47453,GF-6-CAM-18,38956.12383005,38956.124488705,38956.161967106,38.3330078125,38.3330078125,0,,0
47455,GF-6-CAM-18,38956.288784937,38956.291255012,38956.325107235,38.3330078125,38.3330078125,0,,0
47457,GF-6-CAM-18,38956.444061975,38956.444707393,38956.490896683,38.3330078125,38.3330078125,0,,0
47459,GF-6-CAM-18,38956.610107748,38956.614092388,38956.667560508,38.3330078125,38.3330078125,0,,0
47461,GF-6-CAM-18,38956.792620378,38956.793391776,38956.83342585,38.3330078125,38.3330078125,0,,0
47463,GF-6-CAM-18,38956.957409261,38956.957788461,38957.001434592,38.3330078125,38.3330078125,0,,0
47465,GF-6-CAM-18,38957.127739142,38957.128494126,38957.162127526,38.3330078125,38.3330078125,0,,0
47467,GF-6-CAM-18,38957.303297423,38957.30440728,38957.34056275,38.3330078125,38.3330078125,0,,0
47469,GF-6-CAM-18,38957.493537318,38957.494335679,38957.536372127,38.3330078125,38.3330078125,0,,0
47471,GF-6-CAM-18,38957.653940855,38957.65459347,38957.685695827,38.3330078125,38.3330078125,0,,0
47473,GF-6-CAM-18,38957.822819404,38957.823530557,38957.845898008,38.3330078125,38.3330078125,0,,0
47475,GF-6-CAM-18,38957.96382121,38957.964721961,38958.003470875,38.3330078125,38.3330078125,0,,0
47477,GF-6-CAM-18,38958.127420254,38958.12774148,38958.161749959,38.3330078125,38.3330078125,0,,0
47479,GF-6-CAM-18,38958.274126014,38958.274715551,38958.311256031,38.3330078125,38.3330078125,0,,0
47481,GF-6-CAM-18,38958.426650149,38958.427138505,38958.462480243,38.3330078125,38.3330078125,0,,0
47483,GF-6-CAM-18,38958.585719844,38958.586703092,38958.624711951,38.3330078125,38.3330078125,0,,0
47485,GF-6-CAM-18,38958.751085314,38958.751770072,38958.780365787,38.3330078125,38.3330078125,0,,0
47487,GF-6-CAM-18,38958.904087168,38958.904618111,38958.933851214,38.3330078125,38.3330078125,0,,0
47489,GF-6-CAM-18,38959.049497276,38959.049851097,38959.075820105,38.3330078125,38.3330078125,0,,0
47491,GF-6-CAM-18,38959.200980427,38959.201746371,38959.236931707,38.3330078125,38.3330078125,0,,0
47493,GF-6-CAM-18,38959.351204879,38959.351680604,38959.381271154,38.3330078125,38.3330078125,0,,0
47495,GF-6-CAM-18,38959.496372429,38959.496734974,38959.53204159,38.3330078125,38.3330078125,0,,0
47497,GF-6-CAM-18,38959.645950707,38959.646677313,38959.672831776,38.3330078125,38.3330078125,0,,0
47499,GF-6-CAM-18,38959.794530243,38959.794982767,38959.829335448,38.3330078125,38.3330078125,0,,0
47501,GF-6-CAM-18,38959.946260003,38959.946711591,38959.971411586,38.3330078125,38.3330078125,0,,0
47503,GF-6-CAM-18,38960.097476719,38960.097840095,38960.140199812,38.3330078125,38.3330078125,0,,0
47505,GF-6-CAM-18,38960.263781548,38960.26449073,38960.299930518,38.3330078125,38.3330078125,0,,0
47507,GF-6-CAM-18,38960.429049677,38960.429370515,38960.461837257,38.3330078125,38.3330078125,0,,0
47509,GF-6-CAM-18,38960.593067408,38960.593650976,38960.627634713,38.3330078125,38.3330078125,0,,0
47511,GF-6-CAM-18,38960.729784452,38960.730270155,38960.762098245,38.3330078125,38.3330078125,0,,0
47513,GF-6-CAM-18,38960.88144889,38960.882304444,38960.914811989,38.3330078125,38.3330078125,0,,0
47515,GF-6-CAM-18,38961.02839677,38961.029157893,38961.061313951,38.3330078125,38.3330078125,0,,0
47517,GF-6-CAM-18,38961.177680428,38961.179339946,38961.221507587,38.3330078125,38.3330078125,0,,0
47519,GF-6-CAM-18,38961.332101417,38961.332599109,38961.372762116,38.3330078125,38.3330078125,0,,0
47521,GF-6-CAM-18,38961.475049629,38961.476528364,38961.512221488,38.3330078125,38.3330078125,0,,0
47523,GF-6-CAM-18,38961.646282634,38961.647102986,38961.697137294,38.3330078125,38.3330078125,0,,0
47525,GF-6-CAM-18,38961.802726086,38961.803120818,38961.828920136,38.3330078125,38.3330078125,0,,0
47527,GF-6-CAM-18,38961.95557936,38961.956041384,38961.978855683,38.3330078125,38.3330078125,0,,0
47529,GF-6-CAM-18,38962.104355896,38962.105035109,38962.142091044,38.3330078125,38.3330078125,0,,0
47531,GF-6-CAM-18,38962.270165656,38962.270635592,38962.292550989,38.3330078125,38.3330078125,0,,0
47533,GF-6-CAM-18,38962.425628975,38962.426034776,38962.456067459,38.3330078125,38.3330078125,0,,0
47535,GF-6-CAM-18,38962.576018894,38962.57655336,38962.614206662,38.3330078125,38.3330078125,0,,0
47537,GF-6-CAM-18,38962.730361637,38962.730798774,38962.76746387,38.3330078125,38.3330078125,0,,0
47539,GF-6-CAM-18,38962.943931681,38962.944418136,38962.981951002,38.3330078125,38.3330078125,0,,0
47541,GF-6-CAM-18,38963.108615981,38963.109140491,38963.149392134,38.3330078125,38.3330078125,0,,0
47543,GF-6-CAM-18,38963.27543622,38963.275886969,38963.302431309,38.3330078125,38.3330078125,0,,0
47545,GF-6-CAM-18,38963.436961389,38963.437591299,38963.467786044,38.3330078125,38.3330078125,0,,0
47547,GF-6-CAM-18,38963.577815549,38963.578236491,38963.608830619,38.3330078125,38.3330078125,0,,0
47549,GF-6-CAM-18,38963.735026291,38963.735963149,38963.762876528,38.3330078125,38.3330078125,0,,0
47551,GF-6-CAM-18,38963.891294998,38963.892328487,38963.921232398,38.3330078125,38.3330078125,0,,0
47553,GF-6-CAM-18,38964.04529252,38964.045991866,38964.071479205,38.3330078125,38.3330078125,0,,0
47555,GF-6-CAM-18,38964.19009523,38964.19050583,38964.207163692,38.3330078125,38.3330078125,0,,0
47557,GF-6-CAM-18,38964.341106848,38964.341606243,38964.368142246,38.3330078125,38.3330078125,0,,0
47559,GF-6-CAM-18,38964.492894202,38964.493783528,38964.530827023,38.3330078125,38.3330078125,0,,0
47561,GF-6-CAM-18,38964.658071253,38964.658516698,38964.691362149,38.3330078125,38.3330078125,0,,0
47563,GF-6-CAM-18,38964.81239661,38964.812817996,38964.84204321,38.3330078125,38.3330078125,0,,0
47565,GF-6-CAM-18,38964.979664978,38964.980245527,38965.013301647,38.3330078125,38.3330078125,0,,0
47567,GF-6-CAM-18,38965.144333102,38965.14484077,38965.171809088,38.3330078125,38.3330078125,0,,0
47569,GF-6-CAM-18,38965.302273006,38965.302777736,38965.33823699,38.3330078125,38.3330078125,0,,0
47571,GF-6-CAM-18,38965.454095064,38965.454679823,38965.492702846,38.3330078125,38.3330078125,0,,0
47573,GF-6-CAM-18,38965.598403199,38965.59891211,38965.626379088,38.3330078125,38.3330078125,0,,0
47575,GF-6-CAM-18,38965.743796032,38965.744245847,38965.768923178,38.3330078125,38.3330078125,0,,0
47577,GF-6-CAM-18,38965.885755458,38965.886178113,38965.906332461,38.3330078125,38.3330078125,0,,0
47579,GF-6-CAM-18,38966.012535082,38966.012814326,38966.038823941,38.3330078125,38.3330078125,0,,0
47581,GF-6-CAM-18,38966.156536413,38966.156823363,38966.180394255,38.3330078125,38.3330078125,0,,0
47583,GF-6-CAM-18,38966.314015843,38966.315235793,38966.335698122,38.3330078125,38.3330078125,0,,0
47585,GF-6-CAM-18,38966.465203853,38966.466081704,38966.497075941,38.3330078125,38.3330078125,0,,0
47587,GF-6-CAM-18,38966.592600462,38966.593397995,38966.628244722,38.3330078125,38.3330078125,0,,0
47589,GF-6-CAM-18,38966.7364995,38966.737026243,38966.772513683,38.3330078125,38.3330078125,0,,0
47591,GF-6-CAM-18,38966.888533422,38966.888814771,38966.921118485,38.3330078125,38.3330078125,0,,0
47593,GF-6-CAM-18,38967.079901045,38967.080396458,38967.105916875,38.3330078125,38.3330078125,0,,0
47595,GF-6-CAM-18,38967.213984462,38967.214912725,38967.237300191,38.3330078125,38.3330078125,0,,0
47597,GF-6-CAM-18,38967.357627578,38967.35817838,38967.381117612,38.3330078125,38.3330078125,0,,0
47599,GF-6-CAM-18,38967.504478597,38967.504853564,38967.547592805,38.3330078125,38.3330078125,0,,0
47601,GF-6-CAM-18,38967.660060519,38967.660858865,38967.705583744,38.3330078125,38.3330078125,0,,0
47603,GF-6-CAM-18,38967.841435605,38967.84222854,38967.880584028,38.3330078125,38.3330078125,0,,0
47605,GF-6-CAM-18,38968.019501036,38968.020146299,38968.049025592,38.3330078125,38.3330078125,0,,0
47607,GF-6-CAM-18,38968.181900114,38968.182419905,38968.211495438,38.3330078125,38.3330078125,0,,0
47609,GF-6-CAM-18,38968.325463622,38968.325763609,38968.350426453,38.3330078125,38.3330078125,0,,0
47611,GF-6-CAM-18,38968.495871328,38968.49655637,38968.529791344,38.3330078125,38.3330078125,0,,0
47613,GF-6-CAM-18,38968.662450551,38968.662994809,38968.693483204,38.3330078125,38.3330078125,0,,0
47615,GF-6-CAM-18,38968.810077947,38968.813310343,38968.853101285,38.3330078125,38.3330078125,0,,0
47617,GF-6-CAM-18,38968.994414711,38968.995140817,38969.017879746,38.3330078125,38.3330078125,0,,0
47619,GF-6-CAM-18,38969.134471431,38969.135456869,38969.167166237,38.3330078125,38.3330078125,0,,0
47621,GF-6-CAM-18,38969.292840706,38969.293570791,38969.324649662,38.3330078125,38.3330078125,0,,0
47623,GF-6-CAM-18,38969.429414087,38969.430212451,38969.45467094,38.3330078125,38.3330078125,0,,0
47625,GF-6-CAM-18,38969.613481053,38969.613926286,38969.637754195,38.3330078125,38.3330078125,0,,0
47627,GF-6-CAM-18,38969.764441149,38969.766601241,38969.814282983,38.3330078125,38.3330078125,0,,0
47629,GF-6-CAM-18,38969.936080734,38969.937462843,38969.969877524,38.3330078125,38.3330078125,0,,0
47631,GF-6-CAM-18,38970.097654785,38970.10017872,38970.131171871,38.3330078125,38.3330078125,0,,0
47633,GF-6-CAM-18,38970.266627985,38970.267360901,38970.300311573,38.3330078125,38.3330078125,0,,0
47635,GF-6-CAM-18,38970.413336172,38970.413856075,38970.452289548,38.3330078125,38.3330078125,0,,0
47637,GF-6-CAM-18,38970.592914183,38970.594402061,38970.632243058,38.3330078125,38.3330078125,0,,0
47639,GF-6-CAM-18,38970.757325209,38970.758082943,38970.778690902,38.3330078125,38.3330078125,0,,0
47641,GF-6-CAM-18,38970.912571851,38970.913146538,38970.950039771,38.3330078125,38.3330078125,0,,0
47643,GF-6-CAM-18,38971.072794116,38971.073378884,38971.100943479,38.3330078125,38.3330078125,0,,0
47645,GF-6-CAM-18,38971.235167617,38971.237218479,38971.277567571,38.3330078125,38.3330078125,0,,0
47647,GF-6-CAM-18,38971.397758823,38971.398141805,38971.427336783,38.3330078125,38.3330078125,0,,0
47649,GF-6-CAM-18,38971.541412997,38971.542061274,38971.57664234,38.3330078125,38.3330078125,0,,0
47651,GF-6-CAM-18,38971.682229512,38971.682983846,38971.711757334,38.3330078125,38.3330078125,0,,0
47653,GF-6-CAM-18,38971.840795532,38971.841448443,38971.877344012,38.3330078125,38.3330078125,0,,0
47655,GF-6-CAM-18,38972.009620652,38972.010350181,38972.041938987,38.3330078125,38.3330078125,0,,0
47657,GF-6-CAM-18,38972.177545605,38972.178044758,38972.211752399,38.3330078125,38.3330078125,0,,0
47659,GF-6-CAM-18,38972.326829766,38972.327696589,38972.360277335,38.3330078125,38.3330078125,0,,0
47661,GF-6-CAM-18,38972.491609912,38972.492011497,38972.530303798,38.3330078125,38.3330078125,0,,0
47663,GF-6-CAM-18,38972.662109907,38972.662488195,38972.693893505,38.3330078125,38.3330078125,0,,0
47665,GF-6-CAM-18,38972.818279465,38972.818826433,38972.853193879,38.3330078125,38.3330078125,0,,0
47667,GF-6-CAM-18,38972.978279388,38972.981027708,38973.01713777,38.3330078125,38.3330078125,0,,0
47669,GF-6-CAM-18,38973.151985505,38973.152511612,38973.193544727,38.3330078125,38.3330078125,0,,0
47671,GF-6-CAM-18,38973.309582426,38973.31077571,38973.354906634,38.3330078125,38.3330078125,0,,0
47673,GF-6-CAM-18,38973.476881299,38973.477492531,38973.505636519,38.3330078125,38.3330078125,0,,0
47675,GF-6-CAM-18,38973.628144635,38973.629118072,38973.676715073,38.3330078125,38.3330078125,0,,0
47677,GF-6-CAM-18,38973.792427234,38973.794099587,38973.822608049,38.3330078125,38.3330078125,0,,0
47679,GF-6-CAM-18,38973.957698065,38973.958398408,38973.990603594,38.3330078125,38.3330078125,0,,0
49407,GF-6-CAM-18,39114.343645246,39114.344237319,39114.366376768,38.33349609375,38.3330078125,0,,0
49411,GF-6-CAM-18,39114.67621521,39114.677301184,39114.709732991,38.33349609375,38.3330078125,0,,0
49431,GF-6-CAM-18,39116.280606061,39116.281203152,39116.320343483,38.33349609375,38.3330078125,0,,0
49433,GF-6-CAM-18,39116.449260036,39116.449693076,39116.480136953,38.3330078125,38.3330078125,0,,0
49435,GF-6-CAM-18,39116.59680226,39116.597795593,39116.622966261,38.3330078125,38.3330078125,0,,0
49437,GF-6-CAM-18,39116.747391027,39116.748176691,39116.772401803,38.3330078125,38.3330078125,0,,0
49439,GF-6-CAM-18,39116.890943236,39116.89144346,39116.935467194,38.3330078125,38.3330078125,0,,0
49441,GF-6-CAM-18,39117.056780286,39117.057220826,39117.086268066,38.3330078125,38.3330078125,0,,0
49443,GF-6-CAM-18,39117.206512604,39117.207063916,39117.23624913,38.3330078125,38.3330078125,0,,0
49445,GF-6-CAM-18,39117.351038645,39117.351751779,39117.3837296,38.3330078125,38.3330078125,0,,0
49447,GF-6-CAM-18,39117.502693738,39117.503319098,39117.544891919,38.3330078125,38.3330078125,0,,0
49449,GF-6-CAM-18,39117.654908177,39117.655482431,39117.689270626,38.3330078125,38.3330078125,0,,0
49451,GF-6-CAM-18,39117.803831433,39117.80431078,39117.828364932,38.3330078125,38.3330078125,0,,0
49453,GF-6-CAM-18,39117.942523244,39117.942928346,39117.983993577,38.3330078125,38.3330078125,0,,0
49455,GF-6-CAM-18,39118.095627629,39118.096676295,39118.132121072,38.3330078125,38.3330078125,0,,0
49457,GF-6-CAM-18,39118.246587342,39118.247117388,39118.282823251,38.3330078125,38.3330078125,0,,0
49459,GF-6-CAM-18,39118.393481698,39118.394031179,39118.424637981,38.3330078125,38.3330078125,0,,0
49461,GF-6-CAM-18,39118.537956365,39118.538649891,39118.577340719,38.3330078125,38.3330078125,0,,0
49463,GF-6-CAM-18,39118.691602315,39118.694403573,39118.725421872,38.3330078125,38.3330078125,0,,0
49465,GF-6-CAM-18,39118.834371569,39118.835554714,39118.862462618,38.3330078125,38.3330078125,0,,0
49467,GF-6-CAM-18,39118.988647349,39118.989392147,39119.02359559,38.3330078125,38.3330078125,0,,0
49469,GF-6-CAM-18,39119.145265774,39119.145808659,39119.180354785,38.3330078125,38.3330078125,0,,0
49471,GF-6-CAM-18,39119.283110723,39119.2842371,39119.315101094,38.3330078125,38.3330078125,0,,0
49473,GF-6-CAM-18,39119.427542858,39119.427878641,39119.460240741,38.3330078125,38.3330078125,0,,0
49475,GF-6-CAM-18,39119.578289793,39119.580349678,39119.632680494,38.3330078125,38.3330078125,0,,0
49477,GF-6-CAM-18,39119.748061394,39119.748984077,39119.786847434,38.3330078125,38.3330078125,0,,0
49479,GF-6-CAM-18,39119.904823049,39119.90567179,39119.934245835,38.3330078125,38.3330078125,0,,0
49481,GF-6-CAM-18,39120.042822612,39120.044031174,39120.073230071,38.3330078125,38.3330078125,0,,0
49483,GF-6-CAM-18,39120.180896346,39120.181958858,39120.228305402,38.3330078125,38.3330078125,0,,0
49485,GF-6-CAM-18,39120.348755563,39120.349698488,39120.392156472,38.3330078125,38.3330078125,0,,0
49487,GF-6-CAM-18,39120.510026424,39120.510972487,39120.54873641,38.3330078125,38.3330078125,0,,0
49489,GF-6-CAM-18,39120.660097758,39120.660948603,39120.694718566,38.3330078125,38.3330078125,0,,0
49491,GF-6-CAM-18,39120.833772286,39120.834592471,39120.868397124,38.3330078125,38.3330078125,0,,0
49493,GF-6-CAM-18,39120.992675821,39120.993066403,39121.018887848,38.3330078125,38.3330078125,0,,0
49495,GF-6-CAM-18,39121.169919689,39121.170676556,39121.202431593,38.3330078125,38.3330078125,0,,0
49497,GF-6-CAM-18,39121.322772971,39121.323460864,39121.359525861,38.3330078125,38.3330078125,0,,0
49499,GF-6-CAM-18,39121.483506527,39121.484691423,39121.532842981,38.3330078125,38.3330078125,0,,0
49501,GF-6-CAM-18,39121.645039863,39121.645910075,39121.679063179,38.3330078125,38.3330078125,0,,0
49503,GF-6-CAM-18,39121.800168834,39121.801048573,39121.850292847,38.3330078125,38.3330078125,0,,0
49505,GF-6-CAM-18,39121.974129102,39121.975107432,39121.995904946,38.3330078125,38.3330078125,0,,0
49507,GF-6-CAM-18,39122.122839729,39122.124703803,39122.150433351,38.3330078125,38.3330078125,0,,0
49509,GF-6-CAM-18,39122.263376039,39122.264094526,39122.310280124,38.3330078125,38.3330078125,0,,0
49511,GF-6-CAM-18,39122.433773406,39122.434453994,39122.479832997,38.3330078125,38.3330078125,0,,0
49513,GF-6-CAM-18,39122.610216903,39122.610841349,39122.645637261,38.3330078125,38.3330078125,0,,0
49515,GF-6-CAM-18,39122.784138975,39122.784788124,39122.822347488,38.3330078125,38.3330078125,0,,0
49517,GF-6-CAM-18,39122.96025261,39122.961955182,39122.992114695,38.3330078125,38.3330078125,0,,0
49519,GF-6-CAM-18,39123.108457248,39123.109206732,39123.137951252,38.3330078125,38.3330078125,0,,0
49521,GF-6-CAM-18,39123.265094484,39123.265486501,39123.295816,38.3330078125,38.3330078125,0,,0
49523,GF-6-CAM-18,39123.428977074,39123.429478561,39123.461584169,38.3330078125,38.3330078125,0,,0
49525,GF-6-CAM-18,39123.578953249,39123.579745015,39123.614532862,38.3330078125,38.3330078125,0,,0
49527,GF-6-CAM-18,39123.749038986,39123.750748862,39123.790434173,38.3330078125,38.3330078125,0,,0
49529,GF-6-CAM-18,39123.909951138,39123.913548947,39123.946632712,38.3330078125,38.3330078125,0,,0
49531,GF-6-CAM-18,39124.053671035,39124.053995441,39124.087173122,38.3330078125,38.3330078125,0,,0
49533,GF-6-CAM-18,39124.209894058,39124.210326589,39124.253433246,38.3330078125,38.3330078125,0,,0
49535,GF-6-CAM-18,39124.375139149,39124.378270667,39124.419459254,38.3330078125,38.3330078125,0,,0
49537,GF-6-CAM-18,39124.548251237,39124.54918752,39124.579310715,38.3330078125,38.3330078125,0,,0
49539,GF-6-CAM-18,39124.696225695,39124.696855599,39124.737890029,38.3330078125,38.3330078125,0,,0
49541,GF-6-CAM-18,39124.853259963,39124.853654312,39124.885160756,38.3330078125,38.3330078125,0,,0
49543,GF-6-CAM-18,39124.985416675,39124.986045012,39125.031875392,38.3330078125,38.3330078125,0,,0
49545,GF-6-CAM-18,39125.165369958,39125.16630089,39125.202984292,38.3330078125,38.3330078125,0,,0
49547,GF-6-CAM-18,39125.321316473,39125.32192487,39125.351617549,38.3330078125,38.3330078125,0,,0
49549,GF-6-CAM-18,39125.475893914,39125.476403688,39125.509534187,38.3330078125,38.3330078125,0,,0
49551,GF-6-CAM-18,39125.629824486,39125.630431638,39125.662797499,38.3330078125,38.3330078125,0,,0
49553,GF-6-CAM-18,39125.812185831,39125.813078933,39125.854954734,38.3330078125,38.3330078125,0,,0
49555,GF-6-CAM-18,39125.988826512,39125.990844988,39126.033849381,38.3330078125,38.3330078125,0,,0
49557,GF-6-CAM-18,39126.149786091,39126.151977423,39126.172503424,38.3330078125,38.3330078125,0,,0
49559,GF-6-CAM-18,39126.277869604,39126.278523765,39126.303052144,38.3330078125,38.3330078125,0,,0
49561,GF-6-CAM-18,39126.416255549,39126.416994533,39126.453894458,38.3330078125,38.3330078125,0,,0
49563,GF-6-CAM-18,39126.56876433,39126.569338654,39126.594098553,38.3330078125,38.3330078125,0,,0
49565,GF-6-CAM-18,39126.704747385,39126.705394009,39126.733493871,38.3330078125,38.3330078125,0,,0
49567,GF-6-CAM-18,39126.860134257,39126.860535067,39126.889780395,38.3330078125,38.3330078125,0,,0
49569,GF-6-CAM-18,39127.009015336,39127.00947411,39127.044634286,38.3330078125,38.3330078125,0,,0
49571,GF-6-CAM-18,39127.159160335,39127.159689445,39127.195933285,38.3330078125,38.3330078125,0,,0
49573,GF-6-CAM-18,39127.324406144,39127.32620903,39127.351408865,38.3330078125,38.3330078125,0,,0
49575,GF-6-CAM-18,39127.462696395,39127.465983934,39127.494357336,38.3330078125,38.3330078125,0,,0
49577,GF-6-CAM-18,39127.611842393,39127.612505892,39127.645210151,38.3330078125,38.3330078125,0,,0
49579,GF-6-CAM-18,39127.756422368,39127.75689674,39127.783075049,38.3330078125,38.3330078125,0,,0
49581,GF-6-CAM-18,39127.878640643,39127.879175064,39127.908101392,38.3330078125,38.3330078125,0,,0
49583,GF-6-CAM-18,39128.02392597,39128.0243241,39128.045297099,38.3330078125,38.3330078125,0,,0
49585,GF-6-CAM-18,39128.168535315,39128.169103187,39128.20389679,38.3330078125,38.3330078125,0,,0
49587,GF-6-CAM-18,39128.318773017,39128.319441376,39128.34902462,38.3330078125,38.3330078125,0,,0
49589,GF-6-CAM-18,39128.481992239,39128.482758787,39128.508829236,38.3330078125,38.3330078125,0,,0
49591,GF-6-CAM-18,39128.62822606,39128.628620399,39128.655631291,38.3330078125,38.3330078125,0,,0
49593,GF-6-CAM-18,39128.776589739,39128.776925686,39128.811696229,38.3330078125,38.3330078125,0,,0
49595,GF-6-CAM-18,39128.941567887,39128.942061274,39128.969968492,38.3330078125,38.3330078125,0,,0
49597,GF-6-CAM-18,39129.089285089,39129.089910896,39129.126500306,38.3330078125,38.3330078125,0,,0
49599,GF-6-CAM-18,39129.242552296,39129.243033489,39129.265569982,38.3330078125,38.3330078125,0,,0
49601,GF-6-CAM-18,39129.376076376,39129.37702165,39129.422795531,38.3330078125,38.3330078125,0,,0
49603,GF-6-CAM-18,39129.536111561,39129.536503968,39129.576733836,38.3330078125,38.3330078125,0,,0
49605,GF-6-CAM-18,39129.702690011,39129.703056459,39129.738428561,38.3330078125,38.3330078125,0,,0
49607,GF-6-CAM-18,39129.853358893,39129.853820996,39129.883640261,38.3330078125,38.3330078125,0,,0
49609,GF-6-CAM-18,39129.994302522,39129.994888154,39130.024084216,38.3330078125,38.3330078125,0,,0
49611,GF-6-CAM-18,39130.128287867,39130.130704085,39130.166750687,38.3330078125,38.3330078125,0,,0
49613,GF-6-CAM-18,39130.278914141,39130.279451513,39130.316678346,38.3330078125,38.3330078125,0,,0
49615,GF-6-CAM-18,39130.448311789,39130.448909252,39130.483900957,38.3330078125,38.3330078125,0,,0
49617,GF-6-CAM-18,39130.599851962,39130.600419613,39130.629425703,38.3330078125,38.3330078125,0,,0
49619,GF-6-CAM-18,39130.753178527,39130.753573784,39130.773191551,38.3330078125,38.3330078125,0,,0
49621,GF-6-CAM-18,39130.897533117,39130.89819144,39130.929190906,38.3330078125,38.3330078125,0,,0
49623,GF-6-CAM-18,39131.067221251,39131.06792403,39131.10084456,38.3330078125,38.3330078125,0,,0
49625,GF-6-CAM-18,39131.226226172,39131.226762855,39131.255562294,38.3330078125,38.3330078125,0,,0
49627,GF-6-CAM-18,39131.370706159,39131.371338348,39131.404030559,38.3330078125,38.3330078125,0,,0
49629,GF-6-CAM-18,39131.526744903,39131.527310756,39131.557361245,38.3330078125,38.3330078125,0,,0
49631,GF-6-CAM-18,39131.672729173,39131.673144402,39131.703977293,38.3330078125,38.3330078125,0,,0
49633,GF-6-CAM-18,39131.840936568,39131.841501575,39131.87224877,38.3330078125,38.3330078125,0,,0
49635,GF-6-CAM-18,39131.995521428,39131.99893347,39132.022748033,38.3330078125,38.3330078125,0,,0
49637,GF-6-CAM-18,39132.138891471,39132.141873239,39132.172302299,38.3330078125,38.3330078125,0,,0
49639,GF-6-CAM-18,39132.282755463,39132.283094868,39132.310259452,38.3330078125,38.3330078125,0,,0
49641,GF-6-CAM-18,39132.444450845,39132.444871507,39132.476608122,38.3330078125,38.3330078125,0,,0
49643,GF-6-CAM-18,39132.593663409,39132.59404088,39132.637156107,38.3330078125,38.3330078125,0,,0
49645,GF-6-CAM-18,39132.754978578,39132.755967643,39132.788839406,38.3330078125,38.3330078125,0,,0
49647,GF-6-CAM-18,39132.911094938,39132.911712131,39132.935343447,38.3330078125,38.3330078125,0,,0
49649,GF-6-CAM-18,39133.054643796,39133.055300157,39133.086906827,38.3330078125,38.3330078125,0,,0
49651,GF-6-CAM-18,39133.204997383,39133.205603559,39133.225801417,38.3330078125,38.3330078125,0,,0
49653,GF-6-CAM-18,39133.363037672,39133.36373188,39133.387406919,38.3330078125,38.3330078125,0,,0
49655,GF-6-CAM-18,39133.517143782,39133.517803232,39133.539947646,38.3330078125,38.3330078125,0,,0
49657,GF-6-CAM-18,39133.659652408,39133.660178155,39133.681551147,38.3330078125,38.3330078125,0,,0
49659,GF-6-CAM-18,39133.79921972,39133.799572531,39133.826139487,38.3330078125,38.3330078125,0,,0
49661,GF-6-CAM-18,39133.955732638,39133.956447973,39133.992862354,38.3330078125,38.3330078125,0,,0
49663,GF-6-CAM-18,39134.121253133,39134.122199686,39134.156044968,38.3330078125,38.3330078125,0,,0
49665,GF-6-CAM-18,39134.261348504,39134.261987878,39134.289540739,38.3330078125,38.3330078125,0,,0
49667,GF-6-CAM-18,39134.408354432,39134.409036291,39134.441790642,38.3330078125,38.3330078125,0,,0
49669,GF-6-CAM-18,39134.570947533,39134.572171825,39134.603866959,38.3330078125,38.3330078125,0,,0
49671,GF-6-CAM-18,39134.720175307,39134.720883672,39134.753080323,38.3330078125,38.3330078125,0,,0
49673,GF-6-CAM-18,39134.877935651,39134.878278873,39134.911522008,38.3330078125,38.3330078125,0,,0
49675,GF-6-CAM-18,39135.018710732,39135.019388647,39135.045858091,38.3330078125,38.3330078125,0,,0
49677,GF-6-CAM-18,39135.183544022,39135.184025613,39135.206507457,38.3330078125,38.3330078125,0,,0
49679,GF-6-CAM-18,39135.324498111,39135.327122301,39135.356137975,38.3330078125,38.3330078125,0,,0
49681,GF-6-CAM-18,39135.478172823,39135.478631997,39135.501967539,38.3330078125,38.3330078125,0,,0
49683,GF-6-CAM-18,39135.625951929,39135.626514827,39135.654086854,38.3330078125,38.3330078125,0,,0
49685,GF-6-CAM-18,39135.771350991,39135.77173917,39135.805496782,38.3330078125,38.3330078125,0,,0
49687,GF-6-CAM-18,39135.926792747,39135.927559037,39135.966922655,38.3330078125,38.3330078125,0,,0
49689,GF-6-CAM-18,39136.08123741,39136.0820843,39136.109337623,38.3330078125,38.3330078125,0,,0
49691,GF-6-CAM-18,39136.226918815,39136.227395534,39136.259665945,38.3330078125,38.3330078125,0,,0
49693,GF-6-CAM-18,39136.378819112,39136.379793427,39136.412655523,38.3330078125,38.3330078125,0,,0
49695,GF-6-CAM-18,39136.539119942,39136.539671971,39136.570519044,38.3330078125,38.3330078125,0,,0
49697,GF-6-CAM-18,39136.67756855,39136.678079053,39136.714549159,38.3330078125,38.3330078125,0,,0
49699,GF-6-CAM-18,39136.836516478,39136.839296209,39136.864194979,38.3330078125,38.3330078125,0,,0
49701,GF-6-CAM-18,39136.983186954,39136.983919332,39137.013419623,38.3330078125,38.3330078125,0,,0
49703,GF-6-CAM-18,39137.148819575,39137.149573338,39137.176294317,38.3330078125,38.3330078125,0,,0
49705,GF-6-CAM-18,39137.296136115,39137.296698377,39137.335848797,38.3330078125,38.3330078125,0,,0
49707,GF-6-CAM-18,39137.456216974,39137.457968814,39137.490964469,38.3330078125,38.3330078125,0,,0
49709,GF-6-CAM-18,39137.619287521,39137.61970662,39137.648186459,38.3330078125,38.3330078125,0,,0
49711,GF-6-CAM-18,39137.76764543,39137.76809057,39137.800867227,38.3330078125,38.3330078125,0,,0
49713,GF-6-CAM-18,39137.919356125,39137.92101639,39137.953930659,38.3330078125,38.3330078125,0,,0
49715,GF-6-CAM-18,39138.075829501,39138.076600534,39138.104639593,38.3330078125,38.3330078125,0,,0
49717,GF-6-CAM-18,39138.247501024,39138.247969284,39138.270153353,38.3330078125,38.3330078125,0,,0
49719,GF-6-CAM-18,39138.418038916,39138.418418021,39138.460557971,38.3330078125,38.3330078125,0,,0
49721,GF-6-CAM-18,39138.585756234,39138.587677125,39138.625181574,38.3330078125,38.3330078125,0,,0
49723,GF-6-CAM-18,39138.746665709,39138.747373858,39138.780211246,38.3330078125,38.3330078125,0,,0
49725,GF-6-CAM-18,39138.902951722,39138.903470843,39138.929232741,38.3330078125,38.3330078125,0,,0
49727,GF-6-CAM-18,39139.046478543,39139.046903775,39139.07591797,38.3330078125,38.3330078125,0,,0
49729,GF-6-CAM-18,39139.187986577,39139.189147456,39139.22897806,38.3330078125,38.3330078125,0,,0
49731,GF-6-CAM-18,39139.347741971,39139.349140385,39139.389085054,38.3330078125,38.3330078125,0,,0
49733,GF-6-CAM-18,39139.500455945,39139.501117158,39139.539138307,38.3330078125,38.3330078125,0,,0
49735,GF-6-CAM-18,39139.661161387,39139.661677839,39139.695036557,38.3330078125,38.3330078125,0,,0
49737,GF-6-CAM-18,39139.820360128,39139.821681253,39139.856506156,38.3330078125,38.3330078125,0,,0
49739,GF-6-CAM-18,39139.975184808,39139.976689628,39140.011431758,38.3330078125,38.3330078125,0,,0
49741,GF-6-CAM-18,39140.128441398,39140.130118892,39140.173070617,38.3330078125,38.3330078125,0,,0
49743,GF-6-CAM-18,39140.279366529,39140.279841426,39140.315900732,38.3330078125,38.3330078125,0,,0
49745,GF-6-CAM-18,39140.444712865,39140.445173057,39140.47054705,38.3330078125,38.3330078125,0,,0
49747,GF-6-CAM-18,39140.621651332,39140.622183763,39140.645023859,38.3330078125,38.3330078125,0,,0
49749,GF-6-CAM-18,39140.780948625,39140.781425789,39140.803340465,38.3330078125,38.3330078125,0,,0
49751,GF-6-CAM-18,39140.929424577,39140.929927954,39140.949612704,38.3330078125,38.3330078125,0,,0
49753,GF-6-CAM-18,39141.094437628,39141.094903426,39141.133507161,38.3330078125,38.3330078125,0,,0
49755,GF-6-CAM-18,39141.251791062,39141.252693371,39141.277895226,38.3330078125,38.3330078125,0,,0
49757,GF-6-CAM-18,39141.380319877,39141.381078334,39141.417646817,38.3330078125,38.3330078125,0,,0
49759,GF-6-CAM-18,39141.545183483,39141.545576546,39141.568777527,38.3330078125,38.3330078125,0,,0
49761,GF-6-CAM-18,39141.702180506,39141.704716409,39141.733828763,38.3330078125,38.3330078125,0,,0
49763,GF-6-CAM-18,39141.8671789,39141.867882742,39141.900352913,38.3330078125,38.3330078125,0,,0
49765,GF-6-CAM-18,39142.023300761,39142.024156041,39142.058667525,38.3330078125,38.3330078125,0,,0
49767,GF-6-CAM-18,39142.184095865,39142.184956057,39142.22437793,38.3330078125,38.3330078125,0,,0
49769,GF-6-CAM-18,39142.345046707,39142.345731639,39142.371130393,38.3330078125,38.3330078125,0,,0
49771,GF-6-CAM-18,39142.494134888,39142.49492345,39142.516291981,38.3330078125,38.3330078125,0,,0
49773,GF-6-CAM-18,39142.63521627,39142.635867254,39142.673599142,38.3330078125,38.3330078125,0,,0
49775,GF-6-CAM-18,39142.803407913,39142.80399157,39142.831959366,38.3330078125,38.3330078125,0,,0
49777,GF-6-CAM-18,39142.944589707,39142.945674531,39142.984532683,38.3330078125,38.3330078125,0,,0
49779,GF-6-CAM-18,39143.095675964,39143.096351273,39143.133238034,38.3330078125,38.3330078125,0,,0
49781,GF-6-CAM-18,39143.265331666,39143.265926147,39143.312966289,38.3330078125,38.3330078125,0,,0
49783,GF-6-CAM-18,39143.423240182,39143.423738174,39143.445565395,38.3330078125,38.3330078125,0,,0
49785,GF-6-CAM-18,39143.560783478,39143.561203594,39143.595391337,38.3330078125,38.3330078125,0,,0
49787,GF-6-CAM-18,39143.726079667,39143.726736043,39143.753998321,38.3330078125,38.3330078125,0,,0
49789,GF-6-CAM-18,39143.887392972,39143.887831211,39143.922102687,38.3330078125,38.3330078125,0,,0
49791,GF-6-CAM-18,39144.0570422,39144.057755111,39144.08373356,38.3330078125,38.3330078125,0,,0
49793,GF-6-CAM-18,39144.2012105,39144.201855934,39144.227033188,38.3330078125,38.3330078125,0,,0
49795,GF-6-CAM-18,39144.343748904,39144.344161531,39144.377907652,38.3330078125,38.3330078125,0,,0
49797,GF-6-CAM-18,39144.515972784,39144.519051342,39144.543896097,38.3330078125,38.3330078125,0,,0
49799,GF-6-CAM-18,39144.670452187,39144.673314899,39144.701392178,38.3330078125,38.3330078125,0,,0
49801,GF-6-CAM-18,39144.834875555,39144.835510837,39144.873331379,38.3330078125,38.3330078125,0,,0
49803,GF-6-CAM-18,39144.997898791,39144.998784279,39145.028373868,38.3330078125,38.3330078125,0,,0
49805,GF-6-CAM-18,39145.144822171,39145.145318711,39145.180952286,38.3330078125,38.3330078125,0,,0
49807,GF-6-CAM-18,39145.293463651,39145.293921531,39145.324546248,38.3330078125,38.3330078125,0,,0
49809,GF-6-CAM-18,39145.440813323,39145.441675264,39145.467338247,38.3330078125,38.3330078125,0,,0
49811,GF-6-CAM-18,39145.603362938,39145.603717218,39145.629901612,38.3330078125,38.3330078125,0,,0
49813,GF-6-CAM-18,39145.761307876,39145.762084221,39145.793710477,38.3330078125,38.3330078125,0,,0
49815,GF-6-CAM-18,39145.90374352,39145.904138541,39145.943846857,38.3330078125,38.3330078125,0,,0
49817,GF-6-CAM-18,39146.073676634,39146.074264535,39146.114710503,38.3330078125,38.3330078125,0,,0
49819,GF-6-CAM-18,39146.218286519,39146.21863109,39146.257186981,38.3330078125,38.3330078125,0,,0
49821,GF-6-CAM-18,39146.370509439,39146.372516121,39146.398233313,38.3330078125,38.3330078125,0,,0
49823,GF-6-CAM-18,39146.50242087,39146.506432704,39146.541436168,38.3330078125,38.3330078125,0,,0
49825,GF-6-CAM-18,39146.66149191,39146.662102927,39146.686296014,38.3330078125,38.3330078125,0,,0
49827,GF-6-CAM-18,39146.798692981,39146.799413339,39146.830659989,38.3330078125,38.3330078125,0,,0
49829,GF-6-CAM-18,39146.955073182,39146.955576319,39146.984114175,38.3330078125,38.3330078125,0,,0
49831,GF-6-CAM-18,39147.114816249,39147.11520813,39147.148250476,38.3330078125,38.3330078125,0,,0
49833,GF-6-CAM-18,39147.261073482,39147.261624143,39147.299256098,38.3330078125,38.3330078125,0,,0
49835,GF-6-CAM-18,39147.40745087,39147.407787527,39147.439934184,38.3330078125,38.3330078125,0,,0
49837,GF-6-CAM-18,39147.564365284,39147.564891764,39147.601343706,38.3330078125,38.3330078125,0,,0
49839,GF-6-CAM-18,39147.729946687,39147.730455863,39147.761796351,38.3330078125,38.3330078125,0,,0
49841,GF-6-CAM-18,39147.898644245,39147.899197113,39147.919848986,38.3330078125,38.3330078125,0,,0
49843,GF-6-CAM-18,39148.039986725,39148.041121375,39148.075432768,38.3330078125,38.3330078125,0,,0
49845,GF-6-CAM-18,39148.179061844,39148.179661676,39148.210651994,38.3330078125,38.3330078125,0,,0
49847,GF-6-CAM-18,39148.318740604,39148.319947594,39148.363029869,38.3330078125,38.3330078125,0,,0
49849,GF-6-CAM-18,39148.469406491,39148.469865411,39148.503968838,38.3330078125,38.3330078125,0,,0
49851,GF-6-CAM-18,39148.612204294,39148.61262741,39148.651338298,38.3330078125,38.3330078125,0,,0
49853,GF-6-CAM-18,39148.767374604,39148.76769542,39148.799041523,38.3330078125,38.3330078125,0,,0
49855,GF-6-CAM-18,39148.920944712,39148.921452137,39148.942434681,38.3330078125,38.3330078125,0,,0
49857,GF-6-CAM-18,39149.044689896,39149.045054838,39149.095831578,38.3330078125,38.3330078125,0,,0
49859,GF-6-CAM-18,39149.217892034,39149.218988398,39149.255639761,38.3330078125,38.3330078125,0,,0
49861,GF-6-CAM-18,39149.371821816,39149.37229825,39149.399915754,38.3330078125,38.3330078125,0,,0
49863,GF-6-CAM-18,39149.526261842,39149.526880558,39149.565958581,38.3330078125,38.3330078125,0,,0
49865,GF-6-CAM-18,39149.685334674,39149.68682252,39149.711869087,38.3330078125,38.3330078125,0,,0
49867,GF-6-CAM-18,39149.834939074,39149.839509233,39149.880661128,38.3330078125,38.3330078125,0,,0
49869,GF-6-CAM-18,39149.993664012,39149.994397985,39150.019905906,38.3330078125,38.3330078125,0,,0
49871,GF-6-CAM-18,39150.146276014,39150.147579008,39150.172141535,38.3330078125,38.3330078125,0,,0
49873,GF-6-CAM-18,39150.293270474,39150.293642625,39150.32357016,38.3330078125,38.3330078125,0,,0
49875,GF-6-CAM-18,39150.450391386,39150.451089727,39150.47683505,38.3330078125,38.3330078125,0,,0
49877,GF-6-CAM-18,39150.5906044,39150.591091314,39150.617985741,38.3330078125,38.3330078125,0,,0
49879,GF-6-CAM-18,39150.738381272,39150.739067577,39150.772626901,38.3330078125,38.3330078125,0,,0
49881,GF-6-CAM-18,39150.890881595,39150.891395679,39150.915955093,38.3330078125,38.3330078125,0,,0
49883,GF-6-CAM-18,39151.02634793,39151.027395752,39151.073916271,38.3330078125,38.3330078125,0,,0
49885,GF-6-CAM-18,39151.197282525,39151.198963777,39151.234605077,38.3330078125,38.3330078125,0,,0
49887,GF-6-CAM-18,39151.367025808,39151.367610807,39151.399146996,38.3330078125,38.3330078125,0,,0
49889,GF-6-CAM-18,39151.500963082,39151.50147616,39151.527720149,38.3330078125,38.3330078125,0,,0
49891,GF-6-CAM-18,39151.631119392,39151.631425353,39151.647777936,38.3330078125,38.3330078125,0,,0
49893,GF-6-CAM-18,39151.753584579,39151.753864276,39151.792414938,38.3330078125,38.3330078125,0,,0
49895,GF-6-CAM-18,39151.910678373,39151.91127943,39151.929064405,38.3330078125,38.3330078125,0,,0
49897,GF-6-CAM-18,39152.052243027,39152.05278443,39152.082441307,38.3330078125,38.3330078125,0,,0
49899,GF-6-CAM-18,39152.189718917,39152.193229498,39152.229143792,38.3330078125,38.3330078125,0,,0
49901,GF-6-CAM-18,39152.342546225,39152.343738784,39152.379032404,38.3330078125,38.3330078125,0,,0
49903,GF-6-CAM-18,39152.490786569,39152.491389274,39152.513743479,38.3330078125,38.3330078125,0,,0
49905,GF-6-CAM-18,39152.623801748,39152.624313253,39152.664803847,38.3330078125,38.3330078125,0,,0
49907,GF-6-CAM-18,39152.781726103,39152.782403666,39152.832674483,38.3330078125,38.3330078125,0,,0
49909,GF-6-CAM-18,39152.948220155,39152.948911743,39152.985973271,38.3330078125,38.3330078125,0,,0
49911,GF-6-CAM-18,39153.09270963,39153.093336693,39153.135212873,38.3330078125,38.3330078125,0,,0
49913,GF-6-CAM-18,39153.255371583,39153.256904201,39153.289088646,38.3330078125,38.3330078125,0,,0
49915,GF-6-CAM-18,39153.406841784,39153.408908057,39153.43518288,38.3330078125,38.3330078125,0,,0
49917,GF-6-CAM-18,39153.552131809,39153.552645382,39153.594072387,38.3330078125,38.3330078125,0,,0
49919,GF-6-CAM-18,39153.719053461,39153.719544003,39153.764185431,38.3330078125,38.3330078125,0,,0
49921,GF-6-CAM-18,39153.876152626,39153.876650317,39153.912806859,38.3330078125,38.3330078125,0,,0
49923,GF-6-CAM-18,39154.044061063,39154.04508856,39154.078974273,38.3330078125,38.3330078125,0,,0
49925,GF-6-CAM-18,39154.202492844,39154.202973418,39154.239659348,38.3330078125,38.3330078125,0,,0
49927,GF-6-CAM-18,39154.352873567,39154.356364262,39154.380595197,38.3330078125,38.3330078125,0,,0
49929,GF-6-CAM-18,39154.487278162,39154.487828413,39154.53114721,38.3330078125,38.3330078125,0,,0
49931,GF-6-CAM-18,39154.647361711,39154.647867263,39154.677388574,38.3330078125,38.3330078125,0,,0
49933,GF-6-CAM-18,39154.798374256,39154.799064329,39154.827809349,38.3330078125,38.3330078125,0,,0
49935,GF-6-CAM-18,39154.959687976,39154.960916708,39154.986035095,38.3330078125,38.3330078125,0,,0
49937,GF-6-CAM-18,39155.125064916,39155.125580598,39155.152695713,38.3330078125,38.3330078125,0,,0
49939,GF-6-CAM-18,39155.277510331,39155.278262089,39155.304073203,38.3330078125,38.3330078125,0,,0
49941,GF-6-CAM-18,39155.428709761,39155.429042959,39155.454368539,38.3330078125,38.3330078125,0,,0
49943,GF-6-CAM-18,39155.568917177,39155.569393939,39155.607386955,38.3330078125,38.3330078125,0,,0
49945,GF-6-CAM-18,39155.741823101,39155.742379351,39155.779270193,38.3330078125,38.3330078125,0,,0
49947,GF-6-CAM-18,39155.896430425,39155.896906889,39155.93735415,38.3330078125,38.3330078125,0,,0
49949,GF-6-CAM-18,39156.06431328,39156.064953915,39156.106015547,38.3330078125,38.3330078125,0,,0
49951,GF-6-CAM-18,39156.224967513,39156.225636565,39156.254923601,38.3330078125,38.3330078125,0,,0
49953,GF-6-CAM-18,39156.380267836,39156.383114643,39156.411085343,38.3330078125,38.3330078125,0,,0
49955,GF-6-CAM-18,39156.531551868,39156.532113388,39156.56717206,38.3330078125,38.3330078125,0,,0
49957,GF-6-CAM-18,39156.689644869,39156.690147454,39156.731250682,38.3330078125,38.3330078125,0,,0
49959,GF-6-CAM-18,39156.849742334,39156.850447078,39156.873537669,38.3330078125,38.3330078125,0,,0
49961,GF-6-CAM-18,39157.012065306,39157.012743519,39157.039260949,38.3330078125,38.3330078125,0,,0
49963,GF-6-CAM-18,39157.153089835,39157.153843502,39157.183173039,38.3330078125,38.3330078125,0,,0
49965,GF-6-CAM-18,39157.298549035,39157.299213129,39157.324086159,38.3330078125,38.3330078125,0,,0
49967,GF-6-CAM-18,39157.44581019,39157.44674763,39157.477682672,38.3330078125,38.3330078125,0,,0
49969,GF-6-CAM-18,39157.593114905,39157.593707353,39157.634138931,38.3330078125,38.3330078125,0,,0
49971,GF-6-CAM-18,39157.763092267,39157.763595895,39157.799107633,38.3330078125,38.3330078125,0,,0
49973,GF-6-CAM-18,39157.91929146,39157.920266902,39157.960482766,38.3330078125,38.3330078125,0,,0
49975,GF-6-CAM-18,39158.07246534,39158.073294557,39158.104719935,38.3330078125,38.3330078125,0,,0
49977,GF-6-CAM-18,39158.241620849,39158.242128404,39158.267058387,38.3330078125,38.3330078125,0,,0
49979,GF-6-CAM-18,39158.399984234,39158.400580547,39158.430349949,38.3330078125,38.3330078125,0,,0
49981,GF-6-CAM-18,39158.551438099,39158.551948256,39158.587417232,38.3330078125,38.3330078125,0,,0
49983,GF-6-CAM-18,39158.711696029,39158.712079879,39158.737099837,38.3330078125,38.3330078125,0,,0
49985,GF-6-CAM-18,39158.855608789,39158.85627573,39158.888099992,38.3330078125,38.3330078125,0,,0
49987,GF-6-CAM-18,39159.002142389,39159.002772693,39159.037030161,38.3330078125,38.3330078125,0,,0
49989,GF-6-CAM-18,39159.14818688,39159.151102067,39159.185940009,38.3330078125,38.3330078125,0,,0
49991,GF-6-CAM-18,39159.299973587,39159.301851285,39159.343125028,38.3330078125,38.3330078125,0,,0
49993,GF-6-CAM-18,39159.455950202,39159.456395111,39159.493625287,38.3330078125,38.3330078125,0,,0
49995,GF-6-CAM-18,39159.628852305,39159.629847537,39159.663201638,38.3330078125,38.3330078125,0,,0
49997,GF-6-CAM-18,39159.77175892,39159.772203506,39159.804564295,38.3330078125,38.3330078125,0,,0
49999,GF-6-CAM-18,39159.921161541,39159.922248506,39159.949257594,38.3330078125,38.3330078125,0,,0
50001,GF-6-CAM-18,39160.06058414,39160.061671078,39160.093594726,38.3330078125,38.3330078125,0,,0
50003,GF-6-CAM-18,39160.21226707,39160.212605087,39160.250557476,38.3330078125,38.3330078125,0,,0
50005,GF-6-CAM-18,39160.382849374,39160.383655949,39160.411848781,38.3330078125,38.3330078125,0,,0
50007,GF-6-CAM-18,39160.539855754,39160.540362817,39160.568439383,38.3330078125,38.3330078125,0,,0
50009,GF-6-CAM-18,39160.690716237,39160.69140802,39160.715693317,38.3330078125,38.3330078125,0,,0
50011,GF-6-CAM-18,39160.847535991,39160.848511837,39160.883702683,38.3330078125,38.3330078125,0,,0
50013,GF-6-CAM-18,39161.000757561,39161.001346149,39161.025286296,38.3330078125,38.3330078125,0,,0
50015,GF-6-CAM-18,39161.144536355,39161.145238464,39161.176979843,38.3330078125,38.3330078125,0,,0
50017,GF-6-CAM-18,39161.293706826,39161.295730325,39161.330498716,38.3330078125,38.3330078125,0,,0
50019,GF-6-CAM-18,39161.462524701,39161.463419898,39161.491970197,38.3330078125,38.3330078125,0,,0
50021,GF-6-CAM-18,39161.617235016,39161.617552335,39161.659898819,38.3330078125,38.3330078125,0,,0
50023,GF-6-CAM-18,39161.794202445,39161.79529013,39161.82596997,38.3330078125,38.3330078125,0,,0
50025,GF-6-CAM-18,39161.952153624,39161.952469755,39161.999613794,38.3330078125,38.3330078125,0,,0
50027,GF-6-CAM-18,39162.110588713,39162.111037804,39162.149723602,38.3330078125,38.3330078125,0,,0
50029,GF-6-CAM-18,39162.279855331,39162.281960199,39162.308641033,38.3330078125,38.3330078125,0,,0
50031,GF-6-CAM-18,39162.452102029,39162.452884638,39162.48468167,38.3330078125,38.3330078125,0,,0
50033,GF-6-CAM-18,39162.609850472,39162.610369214,39162.645457788,38.3330078125,38.3330078125,0,,0
50035,GF-6-CAM-18,39162.762912743,39162.763415663,39162.799475427,38.3330078125,38.3330078125,0,,0
50037,GF-6-CAM-18,39162.924324624,39162.925123101,39162.959820455,38.3330078125,38.3330078125,0,,0
50039,GF-6-CAM-18,39163.07789197,39163.078672907,39163.109847583,38.3330078125,38.3330078125,0,,0
50041,GF-6-CAM-18,39163.243223194,39163.243543264,39163.281191977,38.3330078125,38.3330078125,0,,0
50043,GF-6-CAM-18,39163.408851743,39163.410090014,39163.449114693,38.3330078125,38.3330078125,0,,0
50045,GF-6-CAM-18,39163.570930107,39163.573686196,39163.607513687,38.3330078125,38.3330078125,0,,0
50047,GF-6-CAM-18,39163.740975288,39163.74481486,39163.784254799,38.3330078125,38.3330078125,0,,0
50049,GF-6-CAM-18,39163.916310237,39163.916619701,39163.944495101,38.3330078125,38.3330078125,0,,0
50051,GF-6-CAM-18,39164.067643398,39164.070297742,39164.10630624,38.3330078125,38.3330078125,0,,0
50053,GF-6-CAM-18,39164.22958478,39164.229902346,39164.26162314,38.3330078125,38.3330078125,0,,0
50055,GF-6-CAM-18,39164.39127462,39164.391699683,39164.415994657,38.3330078125,38.3330078125,0,,0
50057,GF-6-CAM-18,39164.542908409,39164.543315773,39164.574710299,38.3330078125,38.3330078125,0,,0
50059,GF-6-CAM-18,39164.691784534,39164.692127415,39164.718917943,38.3330078125,38.3330078125,0,,0
50061,GF-6-CAM-18,39164.84652604,39164.847105791,39164.878681583,38.3330078125,38.3330078125,0,,0
50063,GF-6-CAM-18,39164.992540855,39164.993137489,39165.030431827,38.3330078125,38.3330078125,0,,0
50065,GF-6-CAM-18,39165.150311819,39165.151316691,39165.183927532,38.3330078125,38.3330078125,0,,0
50067,GF-6-CAM-18,39165.307157941,39165.307933608,39165.335250936,38.3330078125,38.3330078125,0,,0
50069,GF-6-CAM-18,39165.454992519,39165.455515373,39165.48232372,38.3330078125,38.3330078125,0,,0
50071,GF-6-CAM-18,39165.581072304,39165.581484311,39165.6028035,38.3330078125,38.3330078125,0,,0
50073,GF-6-CAM-18,39165.726940609,39165.727343655,39165.746811554,38.3330078125,38.3330078125,0,,0
50075,GF-6-CAM-18,39165.856188096,39165.856774668,39165.891381012,38.3330078125,38.3330078125,0,,0
50077,GF-6-CAM-18,39166.004688404,39166.00521948,39166.03570994,38.3330078125,38.3330078125,0,,0
50079,GF-6-CAM-18,39166.175563842,39166.176282641,39166.212322851,38.3330078125,38.3330078125,0,,0
50081,GF-6-CAM-18,39166.322844607,39166.323407448,39166.35647455,38.3330078125,38.3330078125,0,,0
50083,GF-6-CAM-18,39166.453020822,39166.453356192,39166.475808365,38.3330078125,38.3330078125,0,,0
50085,GF-6-CAM-18,39166.60743143,39166.608717675,39166.635675741,38.3330078125,38.3330078125,0,,0
50087,GF-6-CAM-18,39166.751232604,39166.751718784,39166.791857151,38.3330078125,38.3330078125,0,,0
50089,GF-6-CAM-18,39166.889106115,39166.889767987,39166.924501856,38.3330078125,38.3330078125,0,,0
50091,GF-6-CAM-18,39167.06569889,39167.066476883,39167.097433836,38.3330078125,38.3330078125,0,,0
50093,GF-6-CAM-18,39167.222852161,39167.223479618,39167.257062353,38.3330078125,38.3330078125,0,,0
50095,GF-6-CAM-18,39167.365986135,39167.366402988,39167.400973847,38.3330078125,38.3330078125,0,,0
50097,GF-6-CAM-18,39167.528894259,39167.529797105,39167.565711069,38.3330078125,38.3330078125,0,,0
50099,GF-6-CAM-18,39167.680947015,39167.681495315,39167.705614162,38.3330078125,38.3330078125,0,,0
50101,GF-6-CAM-18,39167.808419897,39167.809084648,39167.842036631,38.3330078125,38.3330078125,0,,0
50103,GF-6-CAM-18,39167.957261916,39167.957594066,39167.981074666,38.3330078125,38.3330078125,0,,0
50105,GF-6-CAM-18,39168.09492136,39168.095407507,39168.126630074,38.3330078125,38.3330078125,0,,0
50107,GF-6-CAM-18,39168.254884414,39168.255529161,39168.281260402,38.3330078125,38.3330078125,0,,0
50109,GF-6-CAM-18,39168.409224214,39168.410363782,39168.433965797,38.3330078125,38.3330078125,0,,0
50111,GF-6-CAM-18,39168.569692044,39168.570254465,39168.612311832,38.3330078125,38.3330078125,0,,0
50113,GF-6-CAM-18,39168.724274429,39168.727213519,39168.759896692,38.3330078125,38.3330078125,0,,0
50115,GF-6-CAM-18,39168.875782629,39168.876212955,39168.896035539,38.3330078125,38.3330078125,0,,0
50117,GF-6-CAM-18,39169.011970219,39169.012922342,39169.047733269,38.3330078125,38.3330078125,0,,0
50119,GF-6-CAM-18,39169.161594563,39169.162272841,39169.188765996,38.3330078125,38.3330078125,0,,0
50121,GF-6-CAM-18,39169.320696021,39169.321459018,39169.354516622,38.3330078125,38.3330078125,0,,0
50123,GF-6-CAM-18,39169.487729845,39169.48831227,39169.518286778,38.3330078125,38.3330078125,0,,0
50125,GF-6-CAM-18,39169.623855182,39169.624258245,39169.659439766,38.3330078125,38.3330078125,0,,0
50127,GF-6-CAM-18,39169.776877267,39169.777479436,39169.808597003,38.3330078125,38.3330078125,0,,0
50129,GF-6-CAM-18,39169.923239606,39169.923882078,39169.957519547,38.3330078125,38.3330078125,0,,0
50131,GF-6-CAM-18,39170.075558869,39170.075956753,39170.108114742,38.3330078125,38.3330078125,0,,0
50133,GF-6-CAM-18,39170.244805061,39170.245734038,39170.284077571,38.3330078125,38.3330078125,0,,0
50135,GF-6-CAM-18,39170.412605335,39170.413524248,39170.449256082,38.3330078125,38.3330078125,0,,0
50137,GF-6-CAM-18,39170.581283374,39170.582162976,39170.62303036,38.3330078125,38.3330078125,0,,0
50139,GF-6-CAM-18,39170.739394431,39170.73989651,39170.767928381,38.3330078125,38.3330078125,0,,0
50141,GF-6-CAM-18,39170.903546718,39170.904234764,39170.945045561,38.3330078125,38.3330078125,0,,0
50143,GF-6-CAM-18,39171.075267187,39171.075724561,39171.124180092,38.3330078125,38.3330078125,0,,0
50145,GF-6-CAM-18,39171.236371384,39171.237075881,39171.280988314,38.3330078125,38.3330078125,0,,0
50147,GF-6-CAM-18,39171.408948187,39171.409316567,39171.437566565,38.3330078125,38.3330078125,0,,0
50149,GF-6-CAM-18,39171.566588421,39171.566903511,39171.588492999,38.3330078125,38.3330078125,0,,0
50151,GF-6-CAM-18,39171.714042708,39171.715007278,39171.745528196,38.3330078125,38.3330078125,0,,0
50153,GF-6-CAM-18,39171.869306854,39171.872180136,39171.904556247,38.3330078125,38.3330078125,0,,0
50155,GF-6-CAM-18,39172.024619748,39172.024891509,39172.046104611,38.3330078125,38.3330078125,0,,0
50157,GF-6-CAM-18,39172.201609054,39172.202188455,39172.226366251,38.3330078125,38.3330078125,0,,0
50159,GF-6-CAM-18,39172.337870348,39172.338440692,39172.379296973,38.3330078125,38.3330078125,0,,0
50161,GF-6-CAM-18,39172.484559651,39172.484980539,39172.519338673,38.3330078125,38.3330078125,0,,0
50163,GF-6-CAM-18,39172.649069923,39172.649817796,39172.676379541,38.3330078125,38.3330078125,0,,0
50165,GF-6-CAM-18,39172.812607485,39172.813073359,39172.836913315,38.3330078125,38.3330078125,0,,0
50167,GF-6-CAM-18,39172.965530418,39172.968171902,39172.999315673,38.3330078125,38.3330078125,0,,0
50169,GF-6-CAM-18,39173.117629914,39173.118224177,39173.151242988,38.3330078125,38.3330078125,0,,0
50171,GF-6-CAM-18,39173.283407095,39173.284077963,39173.316263218,38.3330078125,38.3330078125,0,,0
50173,GF-6-CAM-18,39173.435607972,39173.435995142,39173.461346371,38.3330078125,38.3330078125,0,,0
50175,GF-6-CAM-18,39173.58975647,39173.591669711,39173.614571699,38.3330078125,38.3330078125,0,,0
50177,GF-6-CAM-18,39173.737428115,39173.739790298,39173.780228029,38.3330078125,38.3330078125,0,,0
50179,GF-6-CAM-18,39173.89709877,39173.897795629,39173.93507321,38.3330078125,38.3330078125,0,,0
50181,GF-6-CAM-18,39174.04686887,39174.047810925,39174.078034771,38.3330078125,38.3330078125,0,,0
50183,GF-6-CAM-18,39174.205031833,39174.20682756,39174.245956138,38.3330078125,38.3330078125,0,,0
50185,GF-6-CAM-18,39174.372880252,39174.373377626,39174.399023042,38.3330078125,38.3330078125,0,,0
50187,GF-6-CAM-18,39174.523405864,39174.524103782,39174.570135857,38.3330078125,38.3330078125,0,,0
50189,GF-6-CAM-18,39174.681749876,39174.683150463,39174.709242602,38.3330078125,38.3330078125,0,,0
50191,GF-6-CAM-18,39174.843084589,39174.843692989,39174.871736519,38.3330078125,38.3330078125,0,,0
50193,GF-6-CAM-18,39174.996719352,39174.998150205,39175.035790639,38.3330078125,38.3330078125,0,,0
50195,GF-6-CAM-18,39175.156358924,39175.156839492,39175.180526517,38.3330078125,38.3330078125,0,,0
50197,GF-6-CAM-18,39175.306664635,39175.30698655,39175.343368636,38.3330078125,38.3330078125,0,,0
50199,GF-6-CAM-18,39175.456431744,39175.457221894,39175.494573961,38.3330078125,38.3330078125,0,,0
50201,GF-6-CAM-18,39175.614739918,39175.615625552,39175.641945539,38.3330078125,38.3330078125,0,,0
50203,GF-6-CAM-18,39175.75587674,39175.756560868,39175.786081049,38.3330078125,38.3330078125,0,,0
50205,GF-6-CAM-18,39175.901934452,39175.902764738,39175.938532655,38.3330078125,38.3330078125,0,,0
50207,GF-6-CAM-18,39176.071665544,39176.072103388,39176.101487485,38.3330078125,38.3330078125,0,,0
50209,GF-6-CAM-18,39176.213843634,39176.214569724,39176.242826711,38.3330078125,38.3330078125,0,,0
50211,GF-6-CAM-18,39176.360243459,39176.360957751,39176.395182494,38.3330078125,38.3330078125,0,,0
50213,GF-6-CAM-18,39176.521819215,39176.522597041,39176.549377912,38.3330078125,38.3330078125,0,,0
50215,GF-6-CAM-18,39176.675076653,39176.675801331,39176.710868385,38.3330078125,38.3330078125,0,,0
50217,GF-6-CAM-18,39176.838719877,39176.839070023,39176.875774066,38.3330078125,38.3330078125,0,,0
50219,GF-6-CAM-18,39176.996016543,39176.996595155,39177.027542932,38.3330078125,38.3330078125,0,,0
50221,GF-6-CAM-18,39177.143150564,39177.143565031,39177.170220218,38.3330078125,38.3330078125,0,,0
50223,GF-6-CAM-18,39177.291121158,39177.291665875,39177.320556992,38.3330078125,38.3330078125,0,,0
50225,GF-6-CAM-18,39177.446391957,39177.446936867,39177.472992713,38.3330078125,38.3330078125,0,,0
50227,GF-6-CAM-18,39177.60016495,39177.60163998,39177.625361607,38.3330078125,38.3330078125,0,,0
50229,GF-6-CAM-18,39177.738552218,39177.738967531,39177.765148299,38.3330078125,38.3330078125,0,,0
50231,GF-6-CAM-18,39177.887438347,39177.888164263,39177.916882695,38.3330078125,38.3330078125,0,,0
50233,GF-6-CAM-18,39178.035389895,39178.035969282,39178.076060681,38.3330078125,38.3330078125,0,,0
50235,GF-6-CAM-18,39178.203394831,39178.204511662,39178.231581479,38.3330078125,38.3330078125,0,,0
50237,GF-6-CAM-18,39178.351271243,39178.353612837,39178.389167381,38.3330078125,38.3330078125,0,,0
50239,GF-6-CAM-18,39178.506929402,39178.507505583,39178.534980019,38.3330078125,38.3330078125,0,,0
50241,GF-6-CAM-18,39178.647519528,39178.648050017,39178.67821704,38.3330078125,38.3330078125,0,,0
50243,GF-6-CAM-18,39178.8133308,39178.813840365,39178.860545797,38.3330078125,38.3330078125,0,,0
50245,GF-6-CAM-18,39178.983020243,39178.984071171,39179.013651442,38.3330078125,38.3330078125,0,,0
50247,GF-6-CAM-18,39179.13895335,39179.13945584,39179.17034913,38.3330078125,38.3330078125,0,,0
50249,GF-6-CAM-18,39179.292088364,39179.29281541,39179.324878918,38.3330078125,38.3330078125,0,,0
50251,GF-6-CAM-18,39179.449512035,39179.450113384,39179.491522151,38.3330078125,38.3330078125,0,,0
50253,GF-6-CAM-18,39179.591530316,39179.592270765,39179.611490891,38.3330078125,38.3330078125,0,,0
50255,GF-6-CAM-18,39179.729196667,39179.729985403,39179.758318711,38.3330078125,38.3330078125,0,,0
50257,GF-6-CAM-18,39179.870075277,39179.870404876,39179.914387445,38.3330078125,38.3330078125,0,,0
50259,GF-6-CAM-18,39180.01703679,39180.017398302,39180.04033077,38.3330078125,38.3330078125,0,,0
50261,GF-6-CAM-18,39180.148857025,39180.149360153,39180.170388013,38.3330078125,38.3330078125,0,,0
50263,GF-6-CAM-18,39180.282167337,39180.285090698,39180.319916519,38.3330078125,38.3330078125,0,,0
50265,GF-6-CAM-18,39180.420691725,39180.421938538,39180.45477374,38.3330078125,38.3330078125,0,,0
50267,GF-6-CAM-18,39180.568457462,39180.568807759,39180.595531035,38.3330078125,38.3330078125,0,,0
50269,GF-6-CAM-18,39180.707224014,39180.707732726,39180.738147118,38.3330078125,38.3330078125,0,,0
50271,GF-6-CAM-18,39180.852317327,39180.853119818,39180.881487127,38.3330078125,38.3330078125,0,,0
50273,GF-6-CAM-18,39180.994576659,39180.995142032,39181.023546052,38.3330078125,38.3330078125,0,,0
50275,GF-6-CAM-18,39181.140989836,39181.141474104,39181.176978727,38.3330078125,38.3330078125,0,,0
50277,GF-6-CAM-18,39181.283619542,39181.283964482,39181.330854616,38.3330078125,38.3330078125,0,,0
50279,GF-6-CAM-18,39181.460518081,39181.461108681,39181.497924999,38.3330078125,38.3330078125,0,,0
50281,GF-6-CAM-18,39181.612283249,39181.613223659,39181.656723926,38.3330078125,38.3330078125,0,,0
50283,GF-6-CAM-18,39181.779209053,39181.77983794,39181.803297775,38.3330078125,38.3330078125,0,,0
50285,GF-6-CAM-18,39181.914705917,39181.915341258,39181.944627347,38.3330078125,38.3330078125,0,,0
50287,GF-6-CAM-18,39182.059540246,39182.059917092,39182.086331832,38.3330078125,38.3330078125,0,,0
50289,GF-6-CAM-18,39182.210489224,39182.211125476,39182.252038986,38.3330078125,38.3330078125,0,,0
50291,GF-6-CAM-18,39182.360407205,39182.361046884,39182.392413954,38.3330078125,38.3330078125,0,,0
50293,GF-6-CAM-18,39182.52613747,39182.52692293,39182.559201,38.3330078125,38.3330078125,0,,0
50295,GF-6-CAM-18,39182.683845925,39182.684453804,39182.722789208,38.3330078125,38.3330078125,0,,0
50297,GF-6-CAM-18,39182.831908169,39182.832530221,39182.868447545,38.3330078125,38.3330078125,0,,0
50299,GF-6-CAM-18,39182.978515855,39182.981027482,39183.002331696,38.3330078125,38.3330078125,0,,0
50301,GF-6-CAM-18,39183.130865235,39183.131595552,39183.153283754,38.3330078125,38.3330078125,0,,0
50303,GF-6-CAM-18,39183.275927211,39183.276509942,39183.310539844,38.3330078125,38.3330078125,0,,0
50305,GF-6-CAM-18,39183.428850655,39183.429394441,39183.469928688,38.3330078125,38.3330078125,0,,0
50307,GF-6-CAM-18,39183.576801357,39183.577558082,39183.605121506,38.3330078125,38.3330078125,0,,0
50309,GF-6-CAM-18,39183.729861952,39183.730578417,39183.754360182,38.3330078125,38.3330078125,0,,0
50311,GF-6-CAM-18,39183.867349902,39183.867695653,39183.903354446,38.3330078125,38.3330078125,0,,0
50313,GF-6-CAM-18,39184.019698023,39184.020471247,39184.054515223,38.3330078125,38.3330078125,0,,0
50315,GF-6-CAM-18,39184.184296858,39184.186062202,39184.210086797,38.3330078125,38.3330078125,0,,0
50317,GF-6-CAM-18,39184.327151356,39184.327566174,39184.366609979,38.3330078125,38.3330078125,0,,0
50319,GF-6-CAM-18,39184.477328856,39184.478093554,39184.512725111,38.3330078125,38.3330078125,0,,0
50321,GF-6-CAM-18,39184.629713531,39184.635681805,39184.662210084,38.3330078125,38.3330078125,0,,0
50323,GF-6-CAM-18,39184.773826948,39184.774414214,39184.802225744,38.3330078125,38.3330078125,0,,0
50325,GF-6-CAM-18,39184.925472767,39184.926040311,39184.956659225,38.3330078125,38.3330078125,0,,0
50327,GF-6-CAM-18,39185.065674524,39185.066285217,39185.095412289,38.3330078125,38.3330078125,0,,0
50329,GF-6-CAM-18,39185.211333761,39185.211941162,39185.236688548,38.3330078125,38.3330078125,0,,0
50331,GF-6-CAM-18,39185.347462309,39185.347866848,39185.383913479,38.3330078125,38.3330078125,0,,0
50333,GF-6-CAM-18,39185.502674973,39185.503206257,39185.537680115,38.3330078125,38.3330078125,0,,0
50335,GF-6-CAM-18,39185.634922374,39185.635577248,39185.662035955,38.3330078125,38.3330078125,0,,0
50337,GF-6-CAM-18,39185.768396911,39185.768742463,39185.794101437,38.3330078125,38.3330078125,0,,0
50339,GF-6-CAM-18,39185.92750062,39185.928158671,39185.965228944,38.3330078125,38.3330078125,0,,0
50341,GF-6-CAM-18,39186.074725031,39186.077396437,39186.095698974,38.3330078125,38.3330078125,0,,0
50343,GF-6-CAM-18,39186.208030539,39186.208563632,39186.22750679,38.3330078125,38.3330078125,0,,0
50345,GF-6-CAM-18,39186.337613079,39186.338093778,39186.366813218,38.3330078125,38.3330078125,0,,0
50347,GF-6-CAM-18,39186.478793847,39186.479720579,39186.503860691,38.3330078125,38.3330078125,0,,0
50349,GF-6-CAM-18,39186.612523244,39186.612865467,39186.636132466,38.3330078125,38.3330078125,0,,0
50351,GF-6-CAM-18,39186.745320572,39186.746489068,39186.775511081,38.3330078125,38.3330078125,0,,0
50353,GF-6-CAM-18,39186.87290141,39186.873514467,39186.912046033,38.3330078125,38.3330078125,0,,0
50355,GF-6-CAM-18,39187.028705722,39187.029393726,39187.049703019,38.3330078125,38.3330078125,0,,0
50357,GF-6-CAM-18,39187.157217597,39187.158054967,39187.182483427,38.3330078125,38.3330078125,0,,0
50359,GF-6-CAM-18,39187.297135181,39187.298168619,39187.334534225,38.3330078125,38.3330078125,0,,0
50361,GF-6-CAM-18,39187.454870686,39187.455611471,39187.48589459,38.3330078125,38.3330078125,0,,0
50363,GF-6-CAM-18,39187.59032642,39187.592179744,39187.620193305,38.3330078125,38.3330078125,0,,0
50365,GF-6-CAM-18,39187.741980535,39187.742515506,39187.762726476,38.3330078125,38.3330078125,0,,0
50367,GF-6-CAM-18,39187.892045023,39187.895203342,39187.929648552,38.3330078125,38.3330078125,0,,0
50369,GF-6-CAM-18,39188.034973341,39188.035467165,39188.070833726,38.3330078125,38.3330078125,0,,0
50371,GF-6-CAM-18,39188.171866733,39188.172205384,39188.196895968,38.3330078125,38.3330078125,0,,0
50373,GF-6-CAM-18,39188.325087207,39188.325470027,39188.362756992,38.3330078125,38.3330078125,0,,0
50375,GF-6-CAM-18,39188.484411899,39188.484879735,39188.514188125,38.3330078125,38.3330078125,0,,0
50377,GF-6-CAM-18,39188.623124176,39188.62368641,39188.651832731,38.3330078125,38.3330078125,0,,0
50379,GF-6-CAM-18,39188.781927399,39188.782556661,39188.810840861,38.3330078125,38.3330078125,0,,0
50381,GF-6-CAM-18,39188.927226782,39188.927773739,39188.949904776,38.3330078125,38.3330078125,0,,0
50383,GF-6-CAM-18,39189.075906203,39189.07642451,39189.10667555,38.3330078125,38.3330078125,0,,0
50385,GF-6-CAM-18,39189.233834833,39189.2344503,39189.259141886,38.3330078125,38.3330078125,0,,0
50387,GF-6-CAM-18,39189.393120743,39189.39365293,39189.418380057,38.3330078125,38.3330078125,0,,0
50389,GF-6-CAM-18,39189.534444774,39189.535730207,39189.571100478,38.3330078125,38.3330078125,0,,0
50391,GF-6-CAM-18,39189.697598811,39189.698243057,39189.732827807,38.3330078125,38.3330078125,0,,0
50393,GF-6-CAM-18,39189.851273258,39189.851693123,39189.875136307,38.3330078125,38.3330078125,0,,0
50395,GF-6-CAM-18,39189.990409134,39189.992387814,39190.032137662,38.3330078125,38.3330078125,0,,0
50397,GF-6-CAM-18,39190.154263847,39190.154973251,39190.191350955,38.3330078125,38.3330078125,0,,0
50399,GF-6-CAM-18,39190.305859825,39190.306355926,39190.331113862,38.3330078125,38.3330078125,0,,0
50401,GF-6-CAM-18,39190.453816234,39190.454782084,39190.483565473,38.3330078125,38.3330078125,0,,0
50403,GF-6-CAM-18,39190.627428144,39190.63425106,39190.670660924,38.3330078125,38.3330078125,0,,0
50405,GF-6-CAM-18,39190.816837664,39190.817542289,39190.867202199,38.3330078125,38.3330078125,0,,0
50407,GF-6-CAM-18,39191.014118338,39191.015026077,39191.0533134,38.3330078125,38.3330078125,0,,0
50409,GF-6-CAM-18,39191.18074194,39191.181232627,39191.220830884,38.3330078125,38.3330078125,0,,0
50411,GF-6-CAM-18,39191.36001714,39191.360759276,39191.404120865,38.3330078125,38.3330078125,0,,0
50413,GF-6-CAM-18,39191.547620718,39191.548115284,39191.59499292,38.3330078125,38.3330078125,0,,0
50415,GF-6-CAM-18,39191.732635295,39191.734483777,39191.776529121,38.3330078125,38.3330078125,0,,0
50417,GF-6-CAM-18,39191.927038227,39191.928052487,39191.968635724,38.3330078125,38.3330078125,0,,0
50419,GF-6-CAM-18,39192.10931941,39192.110120152,39192.149920934,38.3330078125,38.3330078125,0,,0
50421,GF-6-CAM-18,39192.285738841,39192.286363715,39192.325753824,38.3330078125,38.3330078125,0,,0
50423,GF-6-CAM-18,39192.468685814,39192.469883617,39192.516807763,38.3330078125,38.3330078125,0,,0
50425,GF-6-CAM-18,39192.650028232,39192.650743946,39192.701148342,38.3330078125,38.3330078125,0,,0
50427,GF-6-CAM-18,39192.843803007,39192.844476372,39192.886743032,38.3330078125,38.3330078125,0,,0
50429,GF-6-CAM-18,39193.02728492,39193.028081903,39193.063056399,38.3330078125,38.3330078125,0,,0
50431,GF-6-CAM-18,39193.197457266,39193.198172654,39193.23602553,38.3330078125,38.3330078125,0,,0
50433,GF-6-CAM-18,39193.41898303,39193.419805471,39193.465225008,38.3330078125,38.3330078125,0,,0
50435,GF-6-CAM-18,39193.601928615,39193.6029069,39193.652483496,38.3330078125,38.3330078125,0,,0
50437,GF-6-CAM-18,39193.791502073,39193.792333902,39193.826198522,38.3330078125,38.3330078125,0,,0
50439,GF-6-CAM-18,39193.966907818,39193.967421663,39194.009560407,38.3330078125,38.3330078125,0,,0
50441,GF-6-CAM-18,39194.149757844,39194.150458623,39194.179443327,38.3330078125,38.3330078125,0,,0
50443,GF-6-CAM-18,39194.324074718,39194.324728357,39194.363791455,38.3330078125,38.3330078125,0,,0
50445,GF-6-CAM-18,39194.51425697,39194.51562305,39194.563273934,38.3330078125,38.3330078125,0,,0
50447,GF-6-CAM-18,39194.714341409,39194.714874896,39194.75947218,38.3330078125,38.3330078125,0,,0
50449,GF-6-CAM-18,39194.916054853,39194.916932444,39194.954747595,38.3330078125,38.3330078125,0,,0
50451,GF-6-CAM-18,39195.076583093,39195.077229741,39195.117873737,38.3330078125,38.3330078125,0,,0
50453,GF-6-CAM-18,39195.244591954,39195.245440447,39195.28457195,38.3330078125,38.3330078125,0,,0
50455,GF-6-CAM-18,39195.391918242,39195.392624222,39195.433328352,38.3330078125,38.3330078125,0,,0
50457,GF-6-CAM-18,39195.548699292,39195.549642245,39195.593584244,38.3330078125,38.3330078125,0,,0
50459,GF-6-CAM-18,39195.707780877,39195.708338505,39195.751425524,38.3330078125,38.3330078125,0,,0
50461,GF-6-CAM-18,39195.871141168,39195.872703582,39195.909358862,38.3330078125,38.3330078125,0,,0
50463,GF-6-CAM-18,39196.041162631,39196.042029179,39196.067253019,38.3330078125,38.3330078125,0,,0
50465,GF-6-CAM-18,39196.187570361,39196.190346966,39196.216737842,38.3330078125,38.3330078125,0,,0
50467,GF-6-CAM-18,39196.346992044,39196.348530855,39196.387301016,38.3330078125,38.3330078125,0,,0
50469,GF-6-CAM-18,39196.532633166,39196.533365335,39196.561367212,38.3330078125,38.3330078125,0,,0
50471,GF-6-CAM-18,39196.687419293,39196.688043706,39196.711894289,38.3330078125,38.3330078125,0,,0
50473,GF-6-CAM-18,39196.827684043,39196.82808411,39196.861052631,38.3330078125,38.3330078125,0,,0
50475,GF-6-CAM-18,39196.987041811,39196.987595644,39197.016954023,38.3330078125,38.3330078125,0,,0
50477,GF-6-CAM-18,39197.161015821,39197.161831735,39197.199211344,38.3330078125,38.3330078125,0,,0
50479,GF-6-CAM-18,39197.318863282,39197.321740453,39197.359094783,38.3330078125,38.3330078125,0,,0
50481,GF-6-CAM-18,39197.473387274,39197.473860164,39197.507258824,38.3330078125,38.3330078125,0,,0
50483,GF-6-CAM-18,39197.620283657,39197.62108549,39197.644200177,38.3330078125,38.3330078125,0,,0
50485,GF-6-CAM-18,39197.755532947,39197.756225481,39197.789699931,38.3330078125,38.3330078125,0,,0
50487,GF-6-CAM-18,39197.918147441,39197.918544182,39197.946868911,38.3330078125,38.3330078125,0,,0
50489,GF-6-CAM-18,39198.076704372,39198.077404613,39198.102651,38.3330078125,38.3330078125,0,,0
50491,GF-6-CAM-18,39198.223178282,39198.224084182,39198.25533553,38.3330078125,38.3330078125,0,,0
50493,GF-6-CAM-18,39198.371706589,39198.372518987,39198.403132285,38.3330078125,38.3330078125,0,,0
50495,GF-6-CAM-18,39198.530204252,39198.532284153,39198.558236604,38.3330078125,38.3330078125,0,,0
50497,GF-6-CAM-18,39198.697965626,39198.698413058,39198.731537285,38.3330078125,38.3330078125,0,,0
50499,GF-6-CAM-18,39198.861085958,39198.862685444,39198.906485443,38.3330078125,38.3330078125,0,,0
50501,GF-6-CAM-18,39199.012949562,39199.013440666,39199.038283493,38.3330078125,38.3330078125,0,,0
50503,GF-6-CAM-18,39199.144694102,39199.145092496,39199.174053013,38.3330078125,38.3330078125,0,,0
50505,GF-6-CAM-18,39199.294334198,39199.294852309,39199.325162185,38.3330078125,38.3330078125,0,,0
50507,GF-6-CAM-18,39199.436577076,39199.437295565,39199.474343153,38.3330078125,38.3330078125,0,,0
50509,GF-6-CAM-18,39199.605826743,39199.606391972,39199.631771136,38.3330078125,38.3330078125,0,,0
50511,GF-6-CAM-18,39199.760777683,39199.761511841,39199.795969397,38.3330078125,38.3330078125,0,,0
50513,GF-6-CAM-18,39199.912877128,39199.913364438,39199.942539671,38.3330078125,38.3330078125,0,,0
50515,GF-6-CAM-18,39200.068773036,39200.069490432,39200.102118871,38.3330078125,38.3330078125,0,,0
50517,GF-6-CAM-18,39200.2290323,39200.229648085,39200.267828124,38.3330078125,38.3330078125,0,,0
50519,GF-6-CAM-18,39200.376043462,39200.376835647,39200.415607957,38.3330078125,38.3330078125,0,,0
50521,GF-6-CAM-18,39200.524801788,39200.525435398,39200.563713137,38.3330078125,38.3330078125,0,,0
50523,GF-6-CAM-18,39200.689558566,39200.690032162,39200.716863903,38.3330078125,38.3330078125,0,,0
50525,GF-6-CAM-18,39200.837350053,39200.837820897,39200.877872904,38.3330078125,38.3330078125,0,,0
50527,GF-6-CAM-18,39201.041342842,39201.044923432,39201.066950064,38.3330078125,38.3330078125,0,,0
50529,GF-6-CAM-18,39201.202114425,39201.202676646,39201.228300328,38.3330078125,38.3330078125,0,,0
50531,GF-6-CAM-18,39201.348411707,39201.348894327,39201.37986407,38.3330078125,38.3330078125,0,,0
50533,GF-6-CAM-18,39201.502261628,39201.503123295,39201.54060827,38.3330078125,38.3330078125,0,,0
50535,GF-6-CAM-18,39201.659344712,39201.659695864,39201.684589491,38.3330078125,38.3330078125,0,,0
50537,GF-6-CAM-18,39201.811877247,39201.812338567,39201.838978434,38.3330078125,38.3330078125,0,,0
50539,GF-6-CAM-18,39201.965086798,39201.966305635,39202.006977373,38.3330078125,38.3330078125,0,,0
50541,GF-6-CAM-18,39202.12348655,39202.123944072,39202.150608652,38.3330078125,38.3330078125,0,,0
50543,GF-6-CAM-18,39202.26513118,39202.265834841,39202.301943145,38.3330078125,38.3330078125,0,,0
50545,GF-6-CAM-18,39202.41856278,39202.418867566,39202.469731914,38.3330078125,38.3330078125,0,,0
50547,GF-6-CAM-18,39202.59919652,39202.599772186,39202.634309845,38.3330078125,38.3330078125,0,,0
50549,GF-6-CAM-18,39202.748794065,39202.749619902,39202.783021802,38.3330078125,38.3330078125,0,,0
50551,GF-6-CAM-18,39202.881309224,39202.88257184,39202.917884972,38.3330078125,38.3330078125,0,,0
50553,GF-6-CAM-18,39203.073094723,39203.075690859,39203.105688248,38.3330078125,38.3330078125,0,,0
50555,GF-6-CAM-18,39203.216496023,39203.217581819,39203.248493235,38.3330078125,38.3330078125,0,,0
50557,GF-6-CAM-18,39203.380969065,39203.381597082,39203.412554778,38.3330078125,38.3330078125,0,,0
50559,GF-6-CAM-18,39203.540407073,39203.54105122,39203.579676431,38.3330078125,38.3330078125,0,,0
50561,GF-6-CAM-18,39203.70277592,39203.703343957,39203.728296534,38.3330078125,38.3330078125,0,,0
50563,GF-6-CAM-18,39203.878655749,39203.879201354,39203.91195477,38.3330078125,38.3330078125,0,,0
50565,GF-6-CAM-18,39204.027700426,39204.028255386,39204.059048272,38.3330078125,38.3330078125,0,,0
50567,GF-6-CAM-18,39204.185984478,39204.186500475,39204.210863199,38.3330078125,38.3330078125,0,,0
50569,GF-6-CAM-18,39204.330713365,39204.332756107,39204.383488366,38.3330078125,38.3330078125,0,,0
50571,GF-6-CAM-18,39204.507118726,39204.507875032,39204.539391155,38.3330078125,38.3330078125,0,,0
50573,GF-6-CAM-18,39204.666165468,39204.66661209,39204.692955227,38.3330078125,38.3330078125,0,,0
50575,GF-6-CAM-18,39204.824821676,39204.825455434,39204.863990461,38.3330078125,38.3330078125,0,,0
50577,GF-6-CAM-18,39204.980684013,39204.981458732,39205.016443585,38.3330078125,38.3330078125,0,,0
50579,GF-6-CAM-18,39205.130065322,39205.130706505,39205.156157222,38.3330078125,38.3330078125,0,,0
50581,GF-6-CAM-18,39205.291135096,39205.291770208,39205.31918361,38.3330078125,38.3330078125,0,,0
50583,GF-6-CAM-18,39205.465412202,39205.465797604,39205.491338149,38.3330078125,38.3330078125,0,,0
50585,GF-6-CAM-18,39205.608999145,39205.609557701,39205.643735927,38.3330078125,38.3330078125,0,,0
50587,GF-6-CAM-18,39205.762693771,39205.76437486,39205.789904453,38.3330078125,38.3330078125,0,,0
50589,GF-6-CAM-18,39205.906268947,39205.90942219,39205.942681672,38.3330078125,38.3330078125,0,,0
50591,GF-6-CAM-18,39206.065139692,39206.065996782,39206.097271862,38.3330078125,38.3330078125,0,,0
50593,GF-6-CAM-18,39206.220567292,39206.221051324,39206.252423077,38.3330078125,38.3330078125,0,,0
50595,GF-6-CAM-18,39206.374576938,39206.375348636,39206.410146323,38.3330078125,38.3330078125,0,,0
50597,GF-6-CAM-18,39206.518246614,39206.519603414,39206.555427904,38.3330078125,38.3330078125,0,,0
50599,GF-6-CAM-18,39206.687805863,39206.690817307,39206.726721504,38.3330078125,38.3330078125,0,,0
50601,GF-6-CAM-18,39206.844124552,39206.844445809,39206.873505688,38.3330078125,38.3330078125,0,,0
50603,GF-6-CAM-18,39206.981182932,39206.981628025,39207.016190777,38.3330078125,38.3330078125,0,,0
50605,GF-6-CAM-18,39207.149727976,39207.150156722,39207.174060182,38.3330078125,38.3330078125,0,,0
50607,GF-6-CAM-18,39207.30653013,39207.307045376,39207.341334819,38.3330078125,38.3330078125,0,,0
50609,GF-6-CAM-18,39207.483473583,39207.483848165,39207.505829465,38.3330078125,38.3330078125,0,,0
50611,GF-6-CAM-18,39207.647127741,39207.647890457,39207.683077081,38.3330078125,38.3330078125,0,,0
50613,GF-6-CAM-18,39207.814209831,39207.814972969,39207.843923957,38.3330078125,38.3330078125,0,,0
50615,GF-6-CAM-18,39207.959696348,39207.96076294,39208.005568808,38.3330078125,38.3330078125,0,,0
50617,GF-6-CAM-18,39208.114824417,39208.115213286,39208.139724959,38.3330078125,38.3330078125,0,,0
50619,GF-6-CAM-18,39208.25839401,39208.259325581,39208.30453098,38.3330078125,38.3330078125,0,,0
50621,GF-6-CAM-18,39208.434912703,39208.435510115,39208.470983983,38.3330078125,38.3330078125,0,,0
50623,GF-6-CAM-18,39208.586204858,39208.58656198,39208.611349858,38.3330078125,38.3330078125,0,,0
50625,GF-6-CAM-18,39208.744662118,39208.745347218,39208.771442788,38.3330078125,38.3330078125,0,,0
50627,GF-6-CAM-18,39208.907462514,39208.908300183,39208.93688978,38.3330078125,38.3330078125,0,,0
50629,GF-6-CAM-18,39209.048227454,39209.049301447,39209.090570947,38.3330078125,38.3330078125,0,,0
50631,GF-6-CAM-18,39209.2096594,39209.210356426,39209.247346607,38.3330078125,38.3330078125,0,,0
50633,GF-6-CAM-18,39209.397749102,39209.39845683,39209.433678669,38.3330078125,38.3330078125,0,,0
50635,GF-6-CAM-18,39209.560775288,39209.561854612,39209.607954588,38.3330078125,38.3330078125,0,,0
50637,GF-6-CAM-18,39209.722942359,39209.72348168,39209.748941661,38.3330078125,38.3330078125,0,,0
50639,GF-6-CAM-18,39209.871404334,39209.872374548,39209.906683924,38.3330078125,38.3330078125,0,,0
50641,GF-6-CAM-18,39210.028664943,39210.029304197,39210.062085321,38.3330078125,38.3330078125,0,,0
50643,GF-6-CAM-18,39210.201364416,39210.202134391,39210.226410718,38.3330078125,38.3330078125,0,,0
50645,GF-6-CAM-18,39210.362079882,39210.362558281,39210.398574035,38.3330078125,38.3330078125,0,,0
50647,GF-6-CAM-18,39210.517088897,39210.520836755,39210.54243957,38.3330078125,38.3330078125,0,,0
50649,GF-6-CAM-18,39210.676251102,39210.676742901,39210.700034051,38.3330078125,38.3330078125,0,,0
50651,GF-6-CAM-18,39210.827869328,39210.830230062,39210.864994502,38.3330078125,38.3330078125,0,,0
50653,GF-6-CAM-18,39211.001897566,39211.002339189,39211.032703918,38.3330078125,38.3330078125,0,,0
50655,GF-6-CAM-18,39211.16501159,39211.166815621,39211.201146264,38.3330078125,38.3330078125,0,,0
50657,GF-6-CAM-18,39211.317453306,39211.317842055,39211.348834661,38.3330078125,38.3330078125,0,,0
50659,GF-6-CAM-18,39211.480622344,39211.481391207,39211.518280554,38.3330078125,38.3330078125,0,,0
50661,GF-6-CAM-18,39211.648386027,39211.64898126,39211.674435063,38.3330078125,38.3330078125,0,,0
50663,GF-6-CAM-18,39211.783806444,39211.78432609,39211.819843974,38.3330078125,38.3330078125,0,,0
50665,GF-6-CAM-18,39211.945108861,39211.94692227,39211.986072167,38.3330078125,38.3330078125,0,,0
50667,GF-6-CAM-18,39212.118831835,39212.119576543,39212.144365774,38.3330078125,38.3330078125,0,,0
50669,GF-6-CAM-18,39212.283492036,39212.284524267,39212.323776279,38.3330078125,38.3330078125,0,,0
50671,GF-6-CAM-18,39212.463352224,39212.463958237,39212.506562204,38.3330078125,38.3330078125,0,,0
50673,GF-6-CAM-18,39212.636823916,39212.63834803,39212.669015461,38.3330078125,38.3330078125,0,,0
50675,GF-6-CAM-18,39212.831470204,39212.833106103,39212.863330237,38.3330078125,38.3330078125,0,,0
50677,GF-6-CAM-18,39212.999120263,39212.999642747,39213.033858576,38.3330078125,38.3330078125,0,,0
50679,GF-6-CAM-18,39213.176359855,39213.176971547,39213.205178995,38.3330078125,38.3330078125,0,,0
50681,GF-6-CAM-18,39213.351445427,39213.352312383,39213.389664075,38.3330078125,38.3330078125,0,,0
50683,GF-6-CAM-18,39213.500359296,39213.500952474,39213.526488582,38.3330078125,38.3330078125,0,,0
50685,GF-6-CAM-18,39213.647520936,39213.64827437,39213.684241322,38.3330078125,38.3330078125,0,,0
50687,GF-6-CAM-18,39213.801177525,39213.801850888,39213.833275606,38.3330078125,38.3330078125,0,,0
50689,GF-6-CAM-18,39213.93254817,39213.93288043,39213.968011929,38.3330078125,38.3330078125,0,,0
50691,GF-6-CAM-18,39214.111476466,39214.115292561,39214.169107984,38.3330078125,38.3330078125,0,,0
50693,GF-6-CAM-18,39214.318618372,39214.319083404,39214.346727792,38.3330078125,38.3330078125,0,,0
50695,GF-6-CAM-18,39214.468282461,39214.469076971,39214.497691679,38.3330078125,38.3330078125,0,,0
50697,GF-6-CAM-18,39214.616127737,39214.616495049,39214.671447733,38.3330078125,38.3330078125,0,,0
50699,GF-6-CAM-18,39214.802015893,39214.802686384,39214.823196706,38.3330078125,38.3330078125,0,,0
50701,GF-6-CAM-18,39214.952229048,39214.952796476,39214.98413616,38.3330078125,38.3330078125,0,,0
50703,GF-6-CAM-18,39215.104054531,39215.104611756,39215.150297302,38.3330078125,38.3330078125,0,,0
50705,GF-6-CAM-18,39215.289628202,39215.29048785,39215.315349565,38.3330078125,38.3330078125,0,,0
50707,GF-6-CAM-18,39215.438989302,39215.439453503,39215.46397617,38.3330078125,38.3330078125,0,,0
50709,GF-6-CAM-18,39215.58503042,39215.585667416,39215.624280854,38.3330078125,38.3330078125,0,,0
50711,GF-6-CAM-18,39215.748142001,39215.749230855,39215.78421355,38.3330078125,38.3330078125,0,,0
50713,GF-6-CAM-18,39215.913347163,39215.913890913,39215.951965834,38.3330078125,38.3330078125,0,,0
50715,GF-6-CAM-18,39216.069982788,39216.070676854,39216.098405195,38.3330078125,38.3330078125,0,,0
50717,GF-6-CAM-18,39216.21905122,39216.219680146,39216.257623086,38.3330078125,38.3330078125,0,,0
50719,GF-6-CAM-18,39216.378218803,39216.378641628,39216.417632244,38.3330078125,38.3330078125,0,,0
50721,GF-6-CAM-18,39216.547766422,39216.548210365,39216.582866531,38.3330078125,38.3330078125,0,,0
50723,GF-6-CAM-18,39216.722660051,39216.723227666,39216.757394273,38.3330078125,38.3330078125,0,,0
50725,GF-6-CAM-18,39216.872027356,39216.872803765,39216.91191172,38.3330078125,38.3330078125,0,,0
50727,GF-6-CAM-18,39217.027646198,39217.028647306,39217.079555042,38.3330078125,38.3330078125,0,,0
50729,GF-6-CAM-18,39217.200345534,39217.200827236,39217.229686385,38.3330078125,38.3330078125,0,,0
50731,GF-6-CAM-18,39217.361770963,39217.362448471,39217.389660857,38.3330078125,38.3330078125,0,,0
50733,GF-6-CAM-18,39217.513210827,39217.515268177,39217.554765422,38.3330078125,38.3330078125,0,,0
50735,GF-6-CAM-18,39217.669505263,39217.670376591,39217.694604106,38.3330078125,38.3330078125,0,,0
50737,GF-6-CAM-18,39217.822129806,39217.822562282,39217.857602398,38.3330078125,38.3330078125,0,,0
50739,GF-6-CAM-18,39217.980783587,39217.981891662,39218.016051177,38.3330078125,38.3330078125,0,,0
50741,GF-6-CAM-18,39218.132268065,39218.134300745,39218.157839258,38.3330078125,38.3330078125,0,,0
50743,GF-6-CAM-18,39218.287914597,39218.28882959,39218.322646925,38.3330078125,38.3330078125,0,,0
50745,GF-6-CAM-18,39218.447619762,39218.449135629,39218.481963827,38.3330078125,38.3330078125,0,,0
50747,GF-6-CAM-18,39218.609885403,39218.611365004,39218.649711592,38.3330078125,38.3330078125,0,,0
50749,GF-6-CAM-18,39218.779956262,39218.780744266,39218.816986953,38.3330078125,38.3330078125,0,,0
50751,GF-6-CAM-18,39218.935426217,39218.936145019,39218.969645156,38.3330078125,38.3330078125,0,,0
50753,GF-6-CAM-18,39219.099119981,39219.099903628,39219.14151853,38.3330078125,38.3330078125,0,,0
50755,GF-6-CAM-18,39219.270148314,39219.270714897,39219.306034744,38.3330078125,38.3330078125,0,,0
50757,GF-6-CAM-18,39219.435747351,39219.436519502,39219.477193853,38.3330078125,38.3330078125,0,,0
50759,GF-6-CAM-18,39219.608248947,39219.609029389,39219.637745905,38.3330078125,38.3330078125,0,,0
50761,GF-6-CAM-18,39219.752520749,39219.753197536,39219.773563862,38.3330078125,38.3330078125,0,,0
50763,GF-6-CAM-18,39219.885287142,39219.885642213,39219.921478346,38.3330078125,38.3330078125,0,,0
50765,GF-6-CAM-18,39220.0642008,39220.065041742,39220.092611827,38.3330078125,38.3330078125,0,,0
50767,GF-6-CAM-18,39220.226818984,39220.2284819,39220.256354072,38.3330078125,38.3330078125,0,,0
50769,GF-6-CAM-18,39220.362307441,39220.362573463,39220.395406908,38.3330078125,38.3330078125,0,,0
50771,GF-6-CAM-18,39220.530476915,39220.531755304,39220.558308402,38.3330078125,38.3330078125,0,,0
50773,GF-6-CAM-18,39220.694122443,39220.694529853,39220.714871575,38.3330078125,38.3330078125,0,,0
50775,GF-6-CAM-18,39220.843295654,39220.843935221,39220.867333714,38.3330078125,38.3330078125,0,,0
50777,GF-6-CAM-18,39220.980597516,39220.981091369,39221.017389338,38.3330078125,38.3330078125,0,,0
50779,GF-6-CAM-18,39221.149174237,39221.150658957,39221.189212516,38.3330078125,38.3330078125,0,,0
50781,GF-6-CAM-18,39221.308878837,39221.309560421,39221.343965864,38.3330078125,38.3330078125,0,,0
50783,GF-6-CAM-18,39221.464041091,39221.464668287,39221.506852816,38.3330078125,38.3330078125,0,,0
50785,GF-6-CAM-18,39221.624140391,39221.624973403,39221.661374897,38.3330078125,38.3330078125,0,,0
50787,GF-6-CAM-18,39221.785668918,39221.786546176,39221.83734212,38.3330078125,38.3330078125,0,,0
50789,GF-6-CAM-18,39221.963239417,39221.964184547,39221.996633945,38.3330078125,38.3330078125,0,,0
50791,GF-6-CAM-18,39222.103809589,39222.104808354,39222.137458403,38.3330078125,38.3330078125,0,,0
50793,GF-6-CAM-18,39222.24447395,39222.244823471,39222.27280357,38.3330078125,38.3330078125,0,,0
50795,GF-6-CAM-18,39222.38983504,39222.392381129,39222.41913527,38.3330078125,38.3330078125,0,,0
50797,GF-6-CAM-18,39222.533619896,39222.533967202,39222.565205641,38.3330078125,38.3330078125,0,,0
50799,GF-6-CAM-18,39222.688758864,39222.689138201,39222.719245034,38.3330078125,38.3330078125,0,,0
50801,GF-6-CAM-18,39222.851553409,39222.852272101,39222.876508776,38.3330078125,38.3330078125,0,,0
50803,GF-6-CAM-18,39223.016083637,39223.016451472,39223.048164141,38.3330078125,38.3330078125,0,,0
50805,GF-6-CAM-18,39223.170453525,39223.171156978,39223.194785468,38.3330078125,38.3330078125,0,,0
50807,GF-6-CAM-18,39223.318973353,39223.319418015,39223.350501918,38.3330078125,38.3330078125,0,,0
50809,GF-6-CAM-18,39223.469515191,39223.470495811,39223.516465158,38.3330078125,38.3330078125,0,,0
50811,GF-6-CAM-18,39223.631983485,39223.632980206,39223.662933606,38.3330078125,38.3330078125,0,,0
50813,GF-6-CAM-18,39223.775782029,39223.777471622,39223.807523888,38.3330078125,38.3330078125,0,,0
50815,GF-6-CAM-18,39223.942290954,39223.943254225,39223.979581351,38.3330078125,38.3330078125,0,,0
50817,GF-6-CAM-18,39224.116674836,39224.117255708,39224.154183473,38.3330078125,38.3330078125,0,,0
50819,GF-6-CAM-18,39224.28235472,39224.282709591,39224.317445318,38.3330078125,38.3330078125,0,,0
50821,GF-6-CAM-18,39224.443502788,39224.444287816,39224.479931134,38.3330078125,38.3330078125,0,,0
50823,GF-6-CAM-18,39224.601054009,39224.602893251,39224.648169661,38.3330078125,38.3330078125,0,,0
50825,GF-6-CAM-18,39224.772378029,39224.773063676,39224.80622125,38.3330078125,38.3330078125,0,,0
50827,GF-6-CAM-18,39224.920955005,39224.921507691,39224.951240493,38.3330078125,38.3330078125,0,,0
50829,GF-6-CAM-18,39225.079386719,39225.080853459,39225.110080011,38.3330078125,38.3330078125,0,,0
50831,GF-6-CAM-18,39225.230921083,39225.231524736,39225.259272141,38.3330078125,38.3330078125,0,,0
50833,GF-6-CAM-18,39225.384448341,39225.387296164,39225.42340823,38.3330078125,38.3330078125,0,,0
50835,GF-6-CAM-18,39225.54767674,39225.549776657,39225.586215651,38.3330078125,38.3330078125,0,,0
50837,GF-6-CAM-18,39225.702724065,39225.70389284,39225.729766953,38.3330078125,38.3330078125,0,,0
50839,GF-6-CAM-18,39225.850797407,39225.851298502,39225.88137043,38.3330078125,38.3330078125,0,,0
50841,GF-6-CAM-18,39225.996650289,39226.000374423,39226.035210407,38.3330078125,38.3330078125,0,,0
50843,GF-6-CAM-18,39226.144286652,39226.144938655,39226.187621022,38.3330078125,38.3330078125,0,,0
50845,GF-6-CAM-18,39226.305626574,39226.306321138,39226.341623998,38.3330078125,38.3330078125,0,,0
50847,GF-6-CAM-18,39226.481098587,39226.481977347,39226.51274521,38.3330078125,38.3330078125,0,,0
50849,GF-6-CAM-18,39226.630707466,39226.632153441,39226.672533347,38.3330078125,38.3330078125,0,,0
50851,GF-6-CAM-18,39226.781321548,39226.78185264,39226.808062166,38.3330078125,38.3330078125,0,,0
50853,GF-6-CAM-18,39226.932320942,39226.933749487,39226.960798073,38.3330078125,38.3330078125,0,,0
50855,GF-6-CAM-18,39227.083477736,39227.084041996,39227.111676457,38.3330078125,38.3330078125,0,,0
50857,GF-6-CAM-18,39227.227634197,39227.231168912,39227.272101128,38.3330078125,38.3330078125,0,,0
50859,GF-6-CAM-18,39227.407032603,39227.407976745,39227.435039323,38.3330078125,38.3330078125,0,,0
50861,GF-6-CAM-18,39227.568900774,39227.569337634,39227.611314973,38.3330078125,38.3330078125,0,,0
50863,GF-6-CAM-18,39227.73407706,39227.734388898,39227.771383916,38.3330078125,38.3330078125,0,,0
50865,GF-6-CAM-18,39227.883695932,39227.884237103,39227.930074039,38.3330078125,38.3330078125,0,,0
50867,GF-6-CAM-18,39228.069520383,39228.07009948,39228.101322525,38.3330078125,38.3330078125,0,,0
50869,GF-6-CAM-18,39228.232150159,39228.232803213,39228.261065163,38.3330078125,38.3330078125,0,,0
50871,GF-6-CAM-18,39228.394858221,39228.39569241,39228.429353688,38.3330078125,38.3330078125,0,,0
50873,GF-6-CAM-18,39228.547274359,39228.547677866,39228.588256543,38.3330078125,38.3330078125,0,,0
50875,GF-6-CAM-18,39228.70263156,39228.702963152,39228.737913129,38.3330078125,38.3330078125,0,,0
50877,GF-6-CAM-18,39228.87701516,39228.878119795,39228.910589969,38.3330078125,38.3330078125,0,,0
50879,GF-6-CAM-18,39229.052235759,39229.05322829,39229.085715361,38.3330078125,38.3330078125,0,,0
50881,GF-6-CAM-18,39229.259357734,39229.261014996,39229.28599741,38.3330078125,38.3330078125,0,,0
50883,GF-6-CAM-18,39229.384127373,39229.38570137,39229.435515305,38.3330078125,38.3330078125,0,,0
50885,GF-6-CAM-18,39229.547577361,39229.548135853,39229.585543865,38.3330078125,38.3330078125,0,,0
50887,GF-6-CAM-18,39229.717755665,39229.718593892,39229.741353938,38.3330078125,38.3330078125,0,,0
50889,GF-6-CAM-18,39229.878209106,39229.87876662,39229.920786143,38.3330078125,38.3330078125,0,,0
50891,GF-6-CAM-18,39230.034349382,39230.034695292,39230.078245581,38.3330078125,38.3330078125,0,,0
50893,GF-6-CAM-18,39230.206947548,39230.209482127,39230.239145127,38.3330078125,38.3330078125,0,,0
50895,GF-6-CAM-18,39230.370322134,39230.373444708,39230.415478344,38.3330078125,38.3330078125,0,,0
50897,GF-6-CAM-18,39230.542356886,39230.542803371,39230.575783557,38.3330078125,38.3330078125,0,,0
50899,GF-6-CAM-18,39230.69128524,39230.69202431,39230.7300894,38.3330078125,38.3330078125,0,,0
50901,GF-6-CAM-18,39230.852935249,39230.854098627,39230.884227905,38.3330078125,38.3330078125,0,,0
50903,GF-6-CAM-18,39231.013454775,39231.014087663,39231.050400769,38.3330078125,38.3330078125,0,,0
50905,GF-6-CAM-18,39231.165720212,39231.16629769,39231.195492778,38.3330078125,38.3330078125,0,,0
50907,GF-6-CAM-18,39231.309170177,39231.310192118,39231.33627631,38.3330078125,38.3330078125,0,,0
50909,GF-6-CAM-18,39231.458496544,39231.459127533,39231.50704008,38.3330078125,38.3330078125,0,,0
50911,GF-6-CAM-18,39231.63536667,39231.635856154,39231.66104902,38.3330078125,38.3330078125,0,,0
50913,GF-6-CAM-18,39231.774446804,39231.774875441,39231.803099167,38.3330078125,38.3330078125,0,,0
50915,GF-6-CAM-18,39231.912454562,39231.912927867,39231.953035553,38.3330078125,38.3330078125,0,,0
50917,GF-6-CAM-18,39232.071623955,39232.07301472,39232.104443943,38.3330078125,38.3330078125,0,,0
50919,GF-6-CAM-18,39232.231454729,39232.234132278,39232.259802777,38.3330078125,38.3330078125,0,,0
50921,GF-6-CAM-18,39232.391719559,39232.392411854,39232.4247514,38.3330078125,38.3330078125,0,,0
50923,GF-6-CAM-18,39232.531762827,39232.532456528,39232.575074153,38.3330078125,38.3330078125,0,,0
50925,GF-6-CAM-18,39232.697878194,39232.701571045,39232.732862649,38.3330078125,38.3330078125,0,,0
50927,GF-6-CAM-18,39232.859165553,39232.859611109,39232.883380252,38.3330078125,38.3330078125,0,,0
50929,GF-6-CAM-18,39232.997470126,39232.998250254,39233.026270036,38.3330078125,38.3330078125,0,,0
50931,GF-6-CAM-18,39233.166471377,39233.167883389,39233.191533811,38.3330078125,38.3330078125,0,,0
50933,GF-6-CAM-18,39233.33167807,39233.333419801,39233.366015484,38.3330078125,38.3330078125,0,,0
50935,GF-6-CAM-18,39233.501575082,39233.502214838,39233.52983605,38.3330078125,38.3330078125,0,,0
50937,GF-6-CAM-18,39233.659758537,39233.660470016,39233.704142103,38.3330078125,38.3330078125,0,,0
50939,GF-6-CAM-18,39233.827438817,39233.828167605,39233.863592161,38.3330078125,38.3330078125,0,,0
50941,GF-6-CAM-18,39233.985909805,39233.986549967,39234.03514175,38.3330078125,38.3330078125,0,,0
50943,GF-6-CAM-18,39234.14907135,39234.149913109,39234.190536855,38.3330078125,38.3330078125,0,,0
50945,GF-6-CAM-18,39234.312395307,39234.313254613,39234.346131157,38.3330078125,38.3330078125,0,,0
50947,GF-6-CAM-18,39234.456394801,39234.457129864,39234.496567439,38.3330078125,38.3330078125,0,,0
50949,GF-6-CAM-18,39234.60772383,39234.609464863,39234.640084453,38.3330078125,38.3330078125,0,,0
50951,GF-6-CAM-18,39234.765686474,39234.766303652,39234.80123619,38.3330078125,38.3330078125,0,,0
50953,GF-6-CAM-18,39234.927082593,39234.927580976,39234.952662191,38.3330078125,38.3330078125,0,,0
50955,GF-6-CAM-18,39235.068708541,39235.069237463,39235.096398026,38.3330078125,38.3330078125,0,,0
50957,GF-6-CAM-18,39235.222926315,39235.223449106,39235.263362942,38.3330078125,38.3330078125,0,,0
50959,GF-6-CAM-18,39235.382568155,39235.383244529,39235.415398722,38.3330078125,38.3330078125,0,,0
50961,GF-6-CAM-18,39235.539956137,39235.540338547,39235.558570805,38.3330078125,38.3330078125,0,,0
50963,GF-6-CAM-18,39235.691687689,39235.692383376,39235.719520689,38.3330078125,38.3330078125,0,,0
50965,GF-6-CAM-18,39235.836660479,39235.838013526,39235.880872225,38.3330078125,38.3330078125,0,,0
50967,GF-6-CAM-18,39235.999134468,39235.999621423,39236.030521342,38.3330078125,38.3330078125,0,,0
50969,GF-6-CAM-18,39236.148788822,39236.151658714,39236.183889952,38.3330078125,38.3330078125,0,,0
50971,GF-6-CAM-18,39236.296937639,39236.297515148,39236.328863456,38.3330078125,38.3330078125,0,,0
50973,GF-6-CAM-18,39236.449517835,39236.449857177,39236.481647167,38.3330078125,38.3330078125,0,,0
50975,GF-6-CAM-18,39236.608023177,39236.608442878,39236.642900483,38.3330078125,38.3330078125,0,,0
50977,GF-6-CAM-18,39236.768345955,39236.769437552,39236.799903259,38.3330078125,38.3330078125,0,,0
50979,GF-6-CAM-18,39236.923569438,39236.924683484,39236.961710929,38.3330078125,38.3330078125,0,,0
50981,GF-6-CAM-18,39237.081290453,39237.084624893,39237.12294808,38.3330078125,38.3330078125,0,,0
50983,GF-6-CAM-18,39237.257426704,39237.259331081,39237.295705939,38.3330078125,38.3330078125,0,,0
50985,GF-6-CAM-18,39237.407286165,39237.407653625,39237.443058152,38.3330078125,38.3330078125,0,,0
50987,GF-6-CAM-18,39237.56894979,39237.569975866,39237.599921389,38.3330078125,38.3330078125,0,,0
50989,GF-6-CAM-18,39237.710837594,39237.711624923,39237.741069737,38.3330078125,38.3330078125,0,,0
50991,GF-6-CAM-18,39237.854426415,39237.857065325,39237.884337868,38.3330078125,38.3330078125,0,,0
50993,GF-6-CAM-18,39238.018615393,39238.019372774,39238.046546365,38.3330078125,38.3330078125,0,,0
50995,GF-6-CAM-18,39238.17983487,39238.18049753,39238.212745605,38.3330078125,38.3330078125,0,,0
50997,GF-6-CAM-18,39238.342383031,39238.343352218,39238.37547592,38.3330078125,38.3330078125,0,,0
50999,GF-6-CAM-18,39238.506201055,39238.506911386,39238.553966193,38.3330078125,38.3330078125,0,,0
51001,GF-6-CAM-18,39238.682273078,39238.684209403,39238.724954929,38.3330078125,38.3330078125,0,,0
51003,GF-6-CAM-18,39238.84140263,39238.842149241,39238.875028531,38.3330078125,38.3330078125,0,,0
51005,GF-6-CAM-18,39238.993790812,39238.995473436,39239.029047985,38.3330078125,38.3330078125,0,,0
51007,GF-6-CAM-18,39239.137042123,39239.137793933,39239.172454691,38.3330078125,38.3330078125,0,,0
51009,GF-6-CAM-18,39239.303440126,39239.304398944,39239.33567554,38.3330078125,38.3330078125,0,,0
51011,GF-6-CAM-18,39239.483549625,39239.484058041,39239.518677678,38.3330078125,38.3330078125,0,,0
51013,GF-6-CAM-18,39239.640091264,39239.640891091,39239.682465645,38.3330078125,38.3330078125,0,,0
51015,GF-6-CAM-18,39239.808693252,39239.809366088,39239.833663651,38.3330078125,38.3330078125,0,,0
51017,GF-6-CAM-18,39239.971432024,39239.972469615,39240.00497532,38.3330078125,38.3330078125,0,,0
51019,GF-6-CAM-18,39240.123875447,39240.126555719,39240.158675118,38.3330078125,38.3330078125,0,,0
51021,GF-6-CAM-18,39240.275894939,39240.276605354,39240.305750407,38.3330078125,38.3330078125,0,,0
51023,GF-6-CAM-18,39240.432462549,39240.433300111,39240.46222457,38.3330078125,38.3330078125,0,,0
51025,GF-6-CAM-18,39240.590287563,39240.590900507,39240.611646833,38.3330078125,38.3330078125,0,,0
51027,GF-6-CAM-18,39240.729272539,39240.72972639,39240.764624751,38.3330078125,38.3330078125,0,,0
51029,GF-6-CAM-18,39240.877575629,39240.878291919,39240.91385553,38.3330078125,38.3330078125,0,,0
51031,GF-6-CAM-18,39241.034556735,39241.035305805,39241.063214773,38.3330078125,38.3330078125,0,,0
51033,GF-6-CAM-18,39241.199332896,39241.199893423,39241.22125904,38.3330078125,38.3330078125,0,,0
51035,GF-6-CAM-18,39241.372238842,39241.373120481,39241.402040423,38.3330078125,38.3330078125,0,,0
51037,GF-6-CAM-18,39241.532850071,39241.533312798,39241.558541063,38.3330078125,38.3330078125,0,,0
51039,GF-6-CAM-18,39241.676153836,39241.678377943,39241.718546535,38.3330078125,38.3330078125,0,,0
51041,GF-6-CAM-18,39241.828648649,39241.82916255,39241.859464745,38.3330078125,38.3330078125,0,,0
51043,GF-6-CAM-18,39241.991891982,39241.994863374,39242.027858672,38.3330078125,38.3330078125,0,,0
51045,GF-6-CAM-18,39242.154396253,39242.154901291,39242.189979686,38.3330078125,38.3330078125,0,,0
51047,GF-6-CAM-18,39242.308856883,39242.309440284,39242.330290995,38.3330078125,38.3330078125,0,,0
51049,GF-6-CAM-18,39242.439923236,39242.44034306,39242.477106689,38.3330078125,38.3330078125,0,,0
51051,GF-6-CAM-18,39242.588045519,39242.588407824,39242.620957553,38.3330078125,38.3330078125,0,,0
51053,GF-6-CAM-18,39242.74165802,39242.742298043,39242.775613172,38.3330078125,38.3330078125,0,,0
51055,GF-6-CAM-18,39242.893513986,39242.893952912,39242.927570294,38.3330078125,38.3330078125,0,,0
51057,GF-6-CAM-18,39243.0347403,39243.035190695,39243.065686508,38.3330078125,38.3330078125,0,,0
51059,GF-6-CAM-18,39243.182143157,39243.182752793,39243.201884053,38.3330078125,38.3330078125,0,,0
51061,GF-6-CAM-18,39243.321356352,39243.321692127,39243.353775773,38.3330078125,38.3330078125,0,,0
51063,GF-6-CAM-18,39243.465233299,39243.465609771,39243.507569612,38.3330078125,38.3330078125,0,,0
51065,GF-6-CAM-18,39243.641452995,39243.642315589,39243.683478184,38.3330078125,38.3330078125,0,,0
51067,GF-6-CAM-18,39243.813674638,39243.814457722,39243.834511495,38.3330078125,38.3330078125,0,,0
51069,GF-6-CAM-18,39243.960310039,39243.960920505,39243.991252259,38.3330078125,38.3330078125,0,,0
51071,GF-6-CAM-18,39244.106484421,39244.107274534,39244.128601974,38.3330078125,38.3330078125,0,,0
51073,GF-6-CAM-18,39244.249147293,39244.249561666,39244.292647421,38.3330078125,38.3330078125,0,,0
51075,GF-6-CAM-18,39244.405854324,39244.406278542,39244.437078736,38.3330078125,38.3330078125,0,,0
51077,GF-6-CAM-18,39244.546288321,39244.547023104,39244.575050502,38.3330078125,38.3330078125,0,,0
51079,GF-6-CAM-18,39244.696389482,39244.696814409,39244.7333003,38.3330078125,38.3330078125,0,,0
51081,GF-6-CAM-18,39244.869822004,39244.8703908,39244.891235153,38.3330078125,38.3330078125,0,,0
51083,GF-6-CAM-18,39245.023193418,39245.02361744,39245.056515982,38.3330078125,38.3330078125,0,,0
51085,GF-6-CAM-18,39245.197324637,39245.199343611,39245.227064337,38.3330078125,38.3330078125,0,,0
51087,GF-6-CAM-18,39245.353888428,39245.354440411,39245.379561074,38.3330078125,38.3330078125,0,,0
51089,GF-6-CAM-18,39245.512023204,39245.513833601,39245.544941147,38.3330078125,38.3330078125,0,,0
51091,GF-6-CAM-18,39245.664381457,39245.664888462,39245.684678313,38.3330078125,38.3330078125,0,,0
51093,GF-6-CAM-18,39245.814106774,39245.814828564,39245.850249348,38.3330078125,38.3330078125,0,,0
51095,GF-6-CAM-18,39245.957382067,39245.958391003,39245.991618961,38.3330078125,38.3330078125,0,,0
51097,GF-6-CAM-18,39246.106754852,39246.107238336,39246.131846914,38.3330078125,38.3330078125,0,,0
51099,GF-6-CAM-18,39246.243844745,39246.244439775,39246.283788969,38.3330078125,38.3330078125,0,,0
51101,GF-6-CAM-18,39246.405495021,39246.406453837,39246.44046482,38.3330078125,38.3330078125,0,,0
51103,GF-6-CAM-18,39246.56976598,39246.571356501,39246.588922055,38.3330078125,38.3330078125,0,,0
51105,GF-6-CAM-18,39246.730971322,39246.73147339,39246.774456164,38.3330078125,38.3330078125,0,,0
51107,GF-6-CAM-18,39246.892332158,39246.894617339,39246.917397235,38.3330078125,38.3330078125,0,,0
51109,GF-6-CAM-18,39247.036481801,39247.037854279,39247.075364677,38.3330078125,38.3330078125,0,,0
51111,GF-6-CAM-18,39247.196610647,39247.1972322,39247.226990215,38.3330078125,38.3330078125,0,,0
51113,GF-6-CAM-18,39247.337844287,39247.338350582,39247.373958849,38.3330078125,38.3330078125,0,,0
51115,GF-6-CAM-18,39247.501325881,39247.502334553,39247.535253121,38.3330078125,38.3330078125,0,,0
51117,GF-6-CAM-18,39247.683597821,39247.68402269,39247.722362975,38.3330078125,38.3330078125,0,,0
51119,GF-6-CAM-18,39247.852824893,39247.853489927,39247.882259891,38.3330078125,38.3330078125,0,,0
51121,GF-6-CAM-18,39248.023156667,39248.023777923,39248.062871732,38.3330078125,38.3330078125,0,,0
51123,GF-6-CAM-18,39248.18948841,39248.189902849,39248.230278471,38.3330078125,38.3330078125,0,,0
51125,GF-6-CAM-18,39248.339762156,39248.341825181,39248.386143005,38.3330078125,38.3330078125,0,,0
51127,GF-6-CAM-18,39248.505974593,39248.506429752,39248.542687827,38.3330078125,38.3330078125,0,,0
51129,GF-6-CAM-18,39248.67137522,39248.671850666,39248.713355743,38.3330078125,38.3330078125,0,,0
51131,GF-6-CAM-18,39248.849884779,39248.850262522,39248.889663241,38.3330078125,38.3330078125,0,,0
51133,GF-6-CAM-18,39249.014349134,39249.014686945,39249.065223441,38.3330078125,38.3330078125,0,,0
51135,GF-6-CAM-18,39249.192882889,39249.193573345,39249.224216695,38.3330078125,38.3330078125,0,,0
51137,GF-6-CAM-18,39249.356850506,39249.357584904,39249.401366774,38.3330078125,38.3330078125,0,,0
51139,GF-6-CAM-18,39249.529753462,39249.530221541,39249.565893078,38.3330078125,38.3330078125,0,,0
51141,GF-6-CAM-18,39249.693011912,39249.694145292,39249.731345293,38.3330078125,38.3330078125,0,,0
51143,GF-6-CAM-18,39249.848152301,39249.848960022,39249.891482907,38.3330078125,38.3330078125,0,,0
51145,GF-6-CAM-18,39250.012276076,39250.01354864,39250.055248604,38.3330078125,38.3330078125,0,,0
51147,GF-6-CAM-18,39250.192178525,39250.199194857,39250.222928264,38.3330078125,38.3330078125,0,,0
51149,GF-6-CAM-18,39250.349062417,39250.349721848,39250.373750899,38.3330078125,38.3330078125,0,,0
51151,GF-6-CAM-18,39250.497102401,39250.497669106,39250.526922732,38.3330078125,38.3330078125,0,,0
51153,GF-6-CAM-18,39250.638245576,39250.638769805,39250.6762621,38.3330078125,38.3330078125,0,,0
51155,GF-6-CAM-18,39250.803379869,39250.803815049,39250.841102748,38.3330078125,38.3330078125,0,,0
51157,GF-6-CAM-18,39251.008146857,39251.008779259,39251.053502992,38.3330078125,38.3330078125,0,,0
51159,GF-6-CAM-18,39251.173311104,39251.173804163,39251.206265442,38.3330078125,38.3330078125,0,,0
51161,GF-6-CAM-18,39251.329885971,39251.330481866,39251.361872056,38.3330078125,38.3330078125,0,,0
51163,GF-6-CAM-18,39251.488246318,39251.490058514,39251.528603002,38.3330078125,38.3330078125,0,,0
51165,GF-6-CAM-18,39251.65482323,39251.655868314,39251.685907521,38.3330078125,38.3330078125,0,,0
51167,GF-6-CAM-18,39251.806020367,39251.808407972,39251.857045287,38.3330078125,38.3330078125,0,,0
51169,GF-6-CAM-18,39251.97069664,39251.973098995,39252.00557837,38.3330078125,38.3330078125,0,,0
51171,GF-6-CAM-18,39252.134835011,39252.135617972,39252.172632337,38.3330078125,38.3330078125,0,,0
51173,GF-6-CAM-18,39252.309439842,39252.309970536,39252.35412397,38.3330078125,38.3330078125,0,,0
51175,GF-6-CAM-18,39252.47719736,39252.477828151,39252.519105118,38.3330078125,38.3330078125,0,,0
51177,GF-6-CAM-18,39252.646095185,39252.647242105,39252.67664575,38.3330078125,38.3330078125,0,,0
51179,GF-6-CAM-18,39252.809311756,39252.809986517,39252.839550037,38.3330078125,38.3330078125,0,,0
51181,GF-6-CAM-18,39252.969740317,39252.970386155,39253.006033399,38.3330078125,38.3330078125,0,,0
51183,GF-6-CAM-18,39253.129701893,39253.130513865,39253.157596878,38.3330078125,38.3330078125,0,,0
51185,GF-6-CAM-18,39253.276096246,39253.276607701,39253.316672362,38.3330078125,38.3330078125,0,,0
51187,GF-6-CAM-18,39253.456009926,39253.457015324,39253.481886958,38.3330078125,38.3330078125,0,,0
51189,GF-6-CAM-18,39253.632093001,39253.633085609,39253.663633959,38.3330078125,38.3330078125,0,,0
51191,GF-6-CAM-18,39253.79286913,39253.793555344,39253.820155967,38.3330078125,38.3330078125,0,,0
51193,GF-6-CAM-18,39253.939643394,39253.940265098,39253.977548112,38.3330078125,38.3330078125,0,,0
51195,GF-6-CAM-18,39254.119576999,39254.120290777,39254.157297626,38.3330078125,38.3330078125,0,,0
51197,GF-6-CAM-18,39254.28392906,39254.284692339,39254.311500701,38.3330078125,38.3330078125,0,,0
51199,GF-6-CAM-18,39254.428656886,39254.429382875,39254.457911919,38.3330078125,38.3330078125,0,,0
51201,GF-6-CAM-18,39254.561283082,39254.561631335,39254.599854541,38.3330078125,38.3330078125,0,,0
51203,GF-6-CAM-18,39254.729079854,39254.729711215,39254.768474162,38.3330078125,38.3330078125,0,,0
51205,GF-6-CAM-18,39254.889652936,39254.891956379,39254.91293058,38.3330078125,38.3330078125,0,,0
51207,GF-6-CAM-18,39255.043784831,39255.044209721,39255.089731641,38.3330078125,38.3330078125,0,,0
51209,GF-6-CAM-18,39255.204396332,39255.206278519,39255.239477922,38.3330078125,38.3330078125,0,,0
51211,GF-6-CAM-18,39255.371193353,39255.372069766,39255.408207159,38.3330078125,38.3330078125,0,,0
51213,GF-6-CAM-18,39255.545729743,39255.546478182,39255.577251806,38.3330078125,38.3330078125,0,,0
51215,GF-6-CAM-18,39255.706562517,39255.707243171,39255.733926882,38.3330078125,38.3330078125,0,,0
51217,GF-6-CAM-18,39255.86318633,39255.865618793,39255.891352082,38.3330078125,38.3330078125,0,,0
51219,GF-6-CAM-18,39256.016435722,39256.017032208,39256.048346755,38.3330078125,38.3330078125,0,,0
51221,GF-6-CAM-18,39256.178923176,39256.179551223,39256.211215846,38.3330078125,38.3330078125,0,,0
51223,GF-6-CAM-18,39256.329808493,39256.330265813,39256.368604312,38.3330078125,38.3330078125,0,,0
51225,GF-6-CAM-18,39256.48525182,39256.48584963,39256.522238125,38.3330078125,38.3330078125,0,,0
51227,GF-6-CAM-18,39256.663249968,39256.66372213,39256.694576244,38.3330078125,38.3330078125,0,,0
51229,GF-6-CAM-18,39256.824436413,39256.824970874,39256.871641136,38.3330078125,38.3330078125,0,,0
51231,GF-6-CAM-18,39256.998810871,39256.999489546,39257.044506489,38.3330078125,38.3330078125,0,,0
51233,GF-6-CAM-18,39257.188566088,39257.189966856,39257.219390831,38.3330078125,38.3330078125,0,,0
51235,GF-6-CAM-18,39257.346313661,39257.347597041,39257.388321365,38.3330078125,38.3330078125,0,,0
51237,GF-6-CAM-18,39257.520601323,39257.521763986,39257.55640348,38.3330078125,38.3330078125,0,,0
51239,GF-6-CAM-18,39257.674680261,39257.67505821,39257.731125824,38.3330078125,38.3330078125,0,,0
51241,GF-6-CAM-18,39257.847547851,39257.848085341,39257.891645095,38.3330078125,38.3330078125,0,,0
51243,GF-6-CAM-18,39258.023845047,39258.025049384,39258.055598311,38.3330078125,38.3330078125,0,,0
51245,GF-6-CAM-18,39258.189349745,39258.191831839,39258.234504629,38.3330078125,38.3330078125,0,,0
51247,GF-6-CAM-18,39258.369959435,39258.371775142,39258.40415431,38.3330078125,38.3330078125,0,,0
51249,GF-6-CAM-18,39258.531454164,39258.531881171,39258.565609942,38.3330078125,38.3330078125,0,,0
51251,GF-6-CAM-18,39258.697452488,39258.698141531,39258.738717108,38.3330078125,38.3330078125,0,,0
51253,GF-6-CAM-18,39258.859664995,39258.860418208,39258.892204659,38.3330078125,38.3330078125,0,,0
51255,GF-6-CAM-18,39259.024119375,39259.024848711,39259.053723146,38.3330078125,38.3330078125,0,,0
51257,GF-6-CAM-18,39259.17794909,39259.178407883,39259.208863819,38.3330078125,38.3330078125,0,,0
51259,GF-6-CAM-18,39259.340277346,39259.34284753,39259.374098431,38.3330078125,38.3330078125,0,,0
51261,GF-6-CAM-18,39259.502586651,39259.503279339,39259.534465395,38.3330078125,38.3330078125,0,,0
51263,GF-6-CAM-18,39259.657736872,39259.65835755,39259.689363465,38.3330078125,38.3330078125,0,,0
51265,GF-6-CAM-18,39259.823805755,39259.824257211,39259.868405799,38.3330078125,38.3330078125,0,,0
51267,GF-6-CAM-18,39259.992643934,39259.993325309,39260.021257625,38.3330078125,38.3330078125,0,,0
51269,GF-6-CAM-18,39260.147704294,39260.148037174,39260.168774926,38.3330078125,38.3330078125,0,,0
51271,GF-6-CAM-18,39260.308466428,39260.312915179,39260.343891277,38.3330078125,38.3330078125,0,,0
51273,GF-6-CAM-18,39260.469398497,39260.470052574,39260.49278585,38.3330078125,38.3330078125,0,,0
51275,GF-6-CAM-18,39260.63607332,39260.636815845,39260.673653575,38.3330078125,38.3330078125,0,,0
51277,GF-6-CAM-18,39260.795272759,39260.796101923,39260.838503922,38.3330078125,38.3330078125,0,,0
51279,GF-6-CAM-18,39260.957218599,39260.957892022,39261.010293777,38.3330078125,38.3330078125,0,,0
51281,GF-6-CAM-18,39261.122030062,39261.122474403,39261.162925824,38.3330078125,38.3330078125,0,,0
51283,GF-6-CAM-18,39261.279107729,39261.27948317,39261.325853596,38.3330078125,38.3330078125,0,,0
51285,GF-6-CAM-18,39261.459051752,39261.459830115,39261.50388105,38.3330078125,38.3330078125,0,,0
51287,GF-6-CAM-18,39261.613355384,39261.613693771,39261.639468118,38.3330078125,38.3330078125,0,,0
51289,GF-6-CAM-18,39261.748936242,39261.749684696,39261.778737188,38.3330078125,38.3330078125,0,,0
51291,GF-6-CAM-18,39261.881158245,39261.881670898,39261.906603838,38.3330078125,38.3330078125,0,,0
51293,GF-6-CAM-18,39262.010058015,39262.010701518,39262.043790278,38.3330078125,38.3330078125,0,,0
51295,GF-6-CAM-18,39262.161609089,39262.164616599,39262.183638679,38.3330078125,38.3330078125,0,,0
51297,GF-6-CAM-18,39262.289675797,39262.290041369,39262.320783322,38.3330078125,38.3330078125,0,,0
51299,GF-6-CAM-18,39262.425918503,39262.426510204,39262.45255721,38.3330078125,38.3330078125,0,,0
51301,GF-6-CAM-18,39262.570790663,39262.571783092,39262.60142485,38.3330078125,38.3330078125,0,,0
51303,GF-6-CAM-18,39262.706141918,39262.706955003,39262.733533483,38.3330078125,38.3330078125,0,,0
51305,GF-6-CAM-18,39262.8499449,39262.850319821,39262.869168093,38.3330078125,38.3330078125,0,,0
51307,GF-6-CAM-18,39262.981625287,39262.982031812,39263.005703829,38.3330078125,38.3330078125,0,,0
51309,GF-6-CAM-18,39263.10556254,39263.107023531,39263.138931806,38.3330078125,38.3330078125,0,,0
51311,GF-6-CAM-18,39263.23903063,39263.239694848,39263.272302002,38.3330078125,38.3330078125,0,,0
51313,GF-6-CAM-18,39263.385483306,39263.386053632,39263.423446,38.3330078125,38.3330078125,0,,0
51315,GF-6-CAM-18,39263.538977198,39263.539930699,39263.559943664,38.3330078125,38.3330078125,0,,0
51317,GF-6-CAM-18,39263.689894186,39263.690567816,39263.712505499,38.3330078125,38.3330078125,0,,0
51319,GF-6-CAM-18,39263.834631614,39263.835031913,39263.857190301,38.3330078125,38.3330078125,0,,0
51321,GF-6-CAM-18,39263.974181784,39263.975090723,39264.032853799,38.3330078125,38.3330078125,0,,0
51323,GF-6-CAM-18,39264.141896302,39264.144990041,39264.18668933,38.3330078125,38.3330078125,0,,0
51325,GF-6-CAM-18,39264.31064075,39264.311056801,39264.342876558,38.3330078125,38.3330078125,0,,0
51327,GF-6-CAM-18,39264.464665402,39264.465963263,39264.500953161,38.3330078125,38.3330078125,0,,0
51329,GF-6-CAM-18,39264.627305871,39264.62782422,39264.652508102,38.3330078125,38.3330078125,0,,0
51331,GF-6-CAM-18,39264.776675511,39264.777519531,39264.806438656,38.3330078125,38.3330078125,0,,0
51333,GF-6-CAM-18,39264.933894495,39264.935908999,39264.972076746,38.3330078125,38.3330078125,0,,0
51335,GF-6-CAM-18,39265.094192481,39265.094563782,39265.127451964,38.3330078125,38.3330078125,0,,0
51337,GF-6-CAM-18,39265.264374678,39265.265085587,39265.296308216,38.3330078125,38.3330078125,0,,0
51339,GF-6-CAM-18,39265.405721059,39265.406220251,39265.443431807,38.3330078125,38.3330078125,0,,0
51341,GF-6-CAM-18,39265.563868545,39265.564277517,39265.599179958,38.3330078125,38.3330078125,0,,0
51343,GF-6-CAM-18,39265.715441185,39265.716095349,39265.761702328,38.3330078125,38.3330078125,0,,0
51345,GF-6-CAM-18,39265.885326142,39265.885975998,39265.912952374,38.3330078125,38.3330078125,0,,0
51347,GF-6-CAM-18,39266.036273536,39266.036747673,39266.071637734,38.3330078125,38.3330078125,0,,0
51349,GF-6-CAM-18,39266.203489249,39266.204344684,39266.231346315,38.3330078125,38.3330078125,0,,0
51351,GF-6-CAM-18,39266.349230327,39266.351382377,39266.390363424,38.3330078125,38.3330078125,0,,0
51353,GF-6-CAM-18,39266.516943038,39266.519175828,39266.55029221,38.3330078125,38.3330078125,0,,0
51355,GF-6-CAM-18,39266.67415054,39266.674652731,39266.699540481,38.3330078125,38.3330078125,0,,0
51357,GF-6-CAM-18,39266.81594855,39266.816438589,39266.858282345,38.3330078125,38.3330078125,0,,0
51359,GF-6-CAM-18,39266.966478703,39266.966949076,39267.02248871,38.3330078125,38.3330078125,0,,0
51361,GF-6-CAM-18,39267.14708566,39267.147480886,39267.189346733,38.3330078125,38.3330078125,0,,0
51363,GF-6-CAM-18,39267.302782266,39267.303316081,39267.33981321,38.3330078125,38.3330078125,0,,0
51365,GF-6-CAM-18,39267.461360478,39267.462147049,39267.511913067,38.3330078125,38.3330078125,0,,0
51367,GF-6-CAM-18,39267.639669665,39267.640162508,39267.686556584,38.3330078125,38.3330078125,0,,0
51369,GF-6-CAM-18,39267.807633552,39267.80858426,39267.859774236,38.3330078125,38.3330078125,0,,0
51371,GF-6-CAM-18,39267.981722435,39267.982483762,39268.016300929,38.3330078125,38.3330078125,0,,0
51373,GF-6-CAM-18,39268.151124785,39268.151714923,39268.1918159,38.3330078125,38.3330078125,0,,0
51375,GF-6-CAM-18,39268.342827146,39268.34430466,39268.383414484,38.3330078125,38.3330078125,0,,0
51377,GF-6-CAM-18,39268.525499048,39268.526157337,39268.565224627,38.3330078125,38.3330078125,0,,0
51379,GF-6-CAM-18,39268.68175383,39268.682745048,39268.722812835,38.3330078125,38.3330078125,0,,0
51381,GF-6-CAM-18,39268.842621465,39268.842975273,39268.873437896,38.3330078125,38.3330078125,0,,0
51383,GF-6-CAM-18,39269.000709891,39269.001536661,39269.033596324,38.3330078125,38.3330078125,0,,0
51385,GF-6-CAM-18,39269.159608388,39269.160258787,39269.197444823,38.3330078125,38.3330078125,0,,0
51387,GF-6-CAM-18,39269.309627887,39269.310257591,39269.34469223,38.3330078125,38.3330078125,0,,0
51389,GF-6-CAM-18,39269.496847965,39269.49728652,39269.525746786,38.3330078125,38.3330078125,0,,0
51391,GF-6-CAM-18,39269.664096706,39269.664647644,39269.703096811,38.3330078125,38.3330078125,0,,0
51393,GF-6-CAM-18,39269.825061235,39269.825681725,39269.852803614,38.3330078125,38.3330078125,0,,0
51395,GF-6-CAM-18,39269.98050509,39269.983056058,39270.023598311,38.3330078125,38.3330078125,0,,0
51397,GF-6-CAM-18,39270.154868788,39270.155606427,39270.193858324,38.3330078125,38.3330078125,0,,0
51399,GF-6-CAM-18,39270.314240318,39270.315344381,39270.352615755,38.3330078125,38.3330078125,0,,0
51401,GF-6-CAM-18,39270.484224792,39270.485632603,39270.536851123,38.3330078125,38.3330078125,0,,0
51403,GF-6-CAM-18,39270.648131129,39270.648922396,39270.692565495,38.3330078125,38.3330078125,0,,0
51405,GF-6-CAM-18,39270.797447461,39270.797926726,39270.831807736,38.3330078125,38.3330078125,0,,0
51407,GF-6-CAM-18,39270.954733737,39270.955444171,39270.981921593,38.3330078125,38.3330078125,0,,0
51409,GF-6-CAM-18,39271.095486187,39271.09608305,39271.129895573,38.3330078125,38.3330078125,0,,0
51411,GF-6-CAM-18,39271.242780361,39271.243492791,39271.286628184,38.3330078125,38.3330078125,0,,0
51413,GF-6-CAM-18,39271.408297839,39271.409792986,39271.440452383,38.3330078125,38.3330078125,0,,0
51415,GF-6-CAM-18,39271.574382037,39271.575190845,39271.611875349,38.3330078125,38.3330078125,0,,0
51417,GF-6-CAM-18,39271.736901151,39271.737683404,39271.775874878,38.3330078125,38.3330078125,0,,0
51419,GF-6-CAM-18,39271.889845721,39271.890903546,39271.931774853,38.3330078125,38.3330078125,0,,0
51421,GF-6-CAM-18,39272.042930236,39272.04374073,39272.081410698,38.3330078125,38.3330078125,0,,0
51423,GF-6-CAM-18,39272.195679428,39272.196407717,39272.22783834,38.3330078125,38.3330078125,0,,0
51425,GF-6-CAM-18,39272.365859484,39272.366771765,39272.398570522,38.3330078125,38.3330078125,0,,0
51427,GF-6-CAM-18,39272.519399779,39272.520419355,39272.559536977,38.3330078125,38.3330078125,0,,0
51429,GF-6-CAM-18,39272.673845753,39272.67457001,39272.703884193,38.3330078125,38.3330078125,0,,0
51431,GF-6-CAM-18,39272.824269719,39272.827090165,39272.861963923,38.3330078125,38.3330078125,0,,0
51433,GF-6-CAM-18,39272.974871862,39272.975501081,39273.007696112,38.3330078125,38.3330078125,0,,0
51435,GF-6-CAM-18,39273.14065405,39273.14122668,39273.180769468,38.3330078125,38.3330078125,0,,0
51437,GF-6-CAM-18,39273.299086217,39273.300670025,39273.338205076,38.3330078125,38.3330078125,0,,0
51439,GF-6-CAM-18,39273.445655204,39273.446159868,39273.493280939,38.3330078125,38.3330078125,0,,0
51441,GF-6-CAM-18,39273.611468973,39273.611848304,39273.65723748,38.3330078125,38.3330078125,0,,0
51443,GF-6-CAM-18,39273.764937246,39273.76541227,39273.801286533,38.3330078125,38.3330078125,0,,0
51445,GF-6-CAM-18,39273.936297778,39273.936637322,39273.974447937,38.3330078125,38.3330078125,0,,0
51447,GF-6-CAM-18,39274.092037083,39274.092518962,39274.133225807,38.3330078125,38.3330078125,0,,0
51449,GF-6-CAM-18,39274.264643609,39274.265173248,39274.310603136,38.3330078125,38.3330078125,0,,0
51451,GF-6-CAM-18,39274.420958332,39274.421429192,39274.462426471,38.3330078125,38.3330078125,0,,0
51453,GF-6-CAM-18,39274.581185714,39274.581559922,39274.618984704,38.3330078125,38.3330078125,0,,0
51455,GF-6-CAM-18,39274.729757826,39274.730402855,39274.763357827,38.3330078125,38.3330078125,0,,0
51457,GF-6-CAM-18,39274.874815597,39274.875318477,39274.895730528,38.3330078125,38.3330078125,0,,0
51459,GF-6-CAM-18,39275.009907135,39275.010280059,39275.052208282,38.3330078125,38.3330078125,0,,0
51461,GF-6-CAM-18,39275.15950955,39275.159903291,39275.193500552,38.3330078125,38.3330078125,0,,0
51463,GF-6-CAM-18,39275.306907936,39275.307571008,39275.331927206,38.3330078125,38.3330078125,0,,0
51465,GF-6-CAM-18,39275.447760686,39275.448480462,39275.474188631,38.3330078125,38.3330078125,0,,0
51467,GF-6-CAM-18,39275.593654951,39275.594201609,39275.621819262,38.3330078125,38.3330078125,0,,0
51469,GF-6-CAM-18,39275.741043304,39275.741485266,39275.765399085,38.3330078125,38.3330078125,0,,0
51471,GF-6-CAM-18,39275.884528398,39275.885213116,39275.92451723,38.3330078125,38.3330078125,0,,0
51473,GF-6-CAM-18,39276.0446833,39276.045736075,39276.075928401,38.3330078125,38.3330078125,0,,0
51475,GF-6-CAM-18,39276.189017192,39276.189980565,39276.228959541,38.3330078125,38.3330078125,0,,0
51477,GF-6-CAM-18,39276.340283352,39276.340767012,39276.378112193,38.3330078125,38.3330078125,0,,0
51479,GF-6-CAM-18,39276.502142823,39276.502635642,39276.539957036,38.3330078125,38.3330078125,0,,0
51481,GF-6-CAM-18,39276.644576899,39276.644936059,39276.672486049,38.3330078125,38.3330078125,0,,0
51483,GF-6-CAM-18,39276.798255002,39276.799025981,39276.841511528,38.3330078125,38.3330078125,0,,0
51485,GF-6-CAM-18,39276.964482481,39276.965287289,39277.020058542,38.3330078125,38.3330078125,0,,0
51487,GF-6-CAM-18,39277.131174722,39277.131909307,39277.178852731,38.3330078125,38.3330078125,0,,0
51489,GF-6-CAM-18,39277.293493941,39277.294463621,39277.32376306,38.3330078125,38.3330078125,0,,0
51491,GF-6-CAM-18,39277.447793139,39277.448623103,39277.484558452,38.3330078125,38.3330078125,0,,0
51493,GF-6-CAM-18,39277.596399311,39277.597035826,39277.64472499,38.3330078125,38.3330078125,0,,0
51495,GF-6-CAM-18,39277.759909618,39277.760739714,39277.791966109,38.3330078125,38.3330078125,0,,0
51497,GF-6-CAM-18,39277.917631583,39277.918044147,39277.954292081,38.3330078125,38.3330078125,0,,0
51499,GF-6-CAM-18,39278.080072295,39278.082690374,39278.107765855,38.3330078125,38.3330078125,0,,0
51501,GF-6-CAM-18,39278.218037785,39278.218936511,39278.247232936,38.3330078125,38.3330078125,0,,0
51503,GF-6-CAM-18,39278.364289403,39278.364835828,39278.397642103,38.3330078125,38.3330078125,0,,0
51505,GF-6-CAM-18,39278.526945008,39278.527629939,39278.562537065,38.3330078125,38.3330078125,0,,0
51507,GF-6-CAM-18,39278.685342461,39278.685815477,39278.730126397,38.3330078125,38.3330078125,0,,0
51509,GF-6-CAM-18,39278.847197938,39278.848530897,39278.879029322,38.3330078125,38.3330078125,0,,0
51511,GF-6-CAM-18,39278.993756194,39278.99618258,39279.031173515,38.3330078125,38.3330078125,0,,0
51513,GF-6-CAM-18,39279.148164951,39279.148699031,39279.175875694,38.3330078125,38.3330078125,0,,0
51515,GF-6-CAM-18,39279.285114017,39279.285591483,39279.321880569,38.3330078125,38.3330078125,0,,0
51517,GF-6-CAM-18,39279.434894644,39279.435236373,39279.473455817,38.3330078125,38.3330078125,0,,0
51519,GF-6-CAM-18,39279.596997844,39279.597664235,39279.631716391,38.3330078125,38.3330078125,0,,0
51521,GF-6-CAM-18,39279.754556554,39279.754974205,39279.788049891,38.3330078125,38.3330078125,0,,0
51523,GF-6-CAM-18,39279.891406935,39279.892113003,39279.923132647,38.3330078125,38.3330078125,0,,0
51525,GF-6-CAM-18,39280.035625737,39280.035994713,39280.070018149,38.3330078125,38.3330078125,0,,0
51527,GF-6-CAM-18,39280.205125609,39280.205955958,39280.239282377,38.3330078125,38.3330078125,0,,0
51529,GF-6-CAM-18,39280.363315621,39280.364221123,39280.393641145,38.3330078125,38.3330078125,0,,0
51531,GF-6-CAM-18,39280.502745451,39280.503118153,39280.546668592,38.3330078125,38.3330078125,0,,0
51533,GF-6-CAM-18,39280.668178796,39280.668582499,39280.703646059,38.3330078125,38.3330078125,0,,0
51535,GF-6-CAM-18,39280.82435489,39280.824906261,39280.866365259,38.3330078125,38.3330078125,0,,0
51537,GF-6-CAM-18,39280.988551567,39280.989202657,39281.017121915,38.3330078125,38.3330078125,0,,0
51539,GF-6-CAM-18,39281.149884477,39281.150736206,39281.188823057,38.3330078125,38.3330078125,0,,0
51541,GF-6-CAM-18,39281.31776599,39281.318976628,39281.350688634,38.3330078125,38.3330078125,0,,0
51543,GF-6-CAM-18,39281.46702156,39281.467657645,39281.495618842,38.3330078125,38.3330078125,0,,0
51545,GF-6-CAM-18,39281.627050477,39281.627386134,39281.672689909,38.3330078125,38.3330078125,0,,0
51547,GF-6-CAM-18,39281.79520715,39281.795815206,39281.829351526,38.3330078125,38.3330078125,0,,0
51549,GF-6-CAM-18,39281.93284042,39281.933316545,39281.978853018,38.3330078125,38.3330078125,0,,0
51551,GF-6-CAM-18,39282.100282885,39282.100900986,39282.126193741,38.3330078125,38.3330078125,0,,0
51553,GF-6-CAM-18,39282.258841911,39282.259459795,39282.289093345,38.3330078125,38.3330078125,0,,0
51555,GF-6-CAM-18,39282.401147819,39282.401690329,39282.424612891,38.3330078125,38.3330078125,0,,0
51557,GF-6-CAM-18,39282.544831593,39282.545526799,39282.576164914,38.3330078125,38.3330078125,0,,0
51559,GF-6-CAM-18,39282.691305227,39282.691991321,39282.723885429,38.3330078125,38.3330078125,0,,0
51561,GF-6-CAM-18,39282.841820628,39282.844507987,39282.878036831,38.3330078125,38.3330078125,0,,0
51563,GF-6-CAM-18,39283.000417019,39283.000940298,39283.028965411,38.3330078125,38.3330078125,0,,0
51565,GF-6-CAM-18,39283.129256242,39283.129586619,39283.153981758,38.3330078125,38.3330078125,0,,0
51567,GF-6-CAM-18,39283.282427672,39283.283120818,39283.312326838,38.3330078125,38.3330078125,0,,0
51569,GF-6-CAM-18,39283.430923483,39283.431394519,39283.46808197,38.3330078125,38.3330078125,0,,0
51571,GF-6-CAM-18,39283.593110282,39283.593513066,39283.637161227,38.3330078125,38.3330078125,0,,0
51573,GF-6-CAM-18,39283.762933241,39283.76357812,39283.801911038,38.3330078125,38.3330078125,0,,0
51575,GF-6-CAM-18,39283.915787245,39283.91658942,39283.944297504,38.3330078125,38.3330078125,0,,0
51577,GF-6-CAM-18,39284.061721789,39284.062178591,39284.0949219,38.3330078125,38.3330078125,0,,0
51579,GF-6-CAM-18,39284.200937251,39284.201358936,39284.237422163,38.3330078125,38.3330078125,0,,0
51581,GF-6-CAM-18,39284.350923456,39284.351704224,39284.385364213,38.3330078125,38.3330078125,0,,0
51583,GF-6-CAM-18,39284.503145963,39284.50409966,39284.541687929,38.3330078125,38.3330078125,0,,0
51585,GF-6-CAM-18,39284.64944241,39284.649873932,39284.690906376,38.3330078125,38.3330078125,0,,0
51587,GF-6-CAM-18,39284.799380828,39284.799705883,39284.824655167,38.3330078125,38.3330078125,0,,0
51589,GF-6-CAM-18,39284.932731787,39284.933484308,39284.955246215,38.3330078125,38.3330078125,0,,0
51591,GF-6-CAM-18,39285.057918715,39285.058658376,39285.084532259,38.3330078125,38.3330078125,0,,0
51593,GF-6-CAM-18,39285.187076606,39285.187439785,39285.207592951,38.3330078125,38.3330078125,0,,0
51595,GF-6-CAM-18,39285.320317075,39285.320936934,39285.351743984,38.3330078125,38.3330078125,0,,0
51597,GF-6-CAM-18,39285.466315421,39285.46705928,39285.499366512,38.3330078125,38.3330078125,0,,0
51599,GF-6-CAM-18,39285.607592095,39285.608282993,39285.644907501,38.3330078125,38.3330078125,0,,0
51601,GF-6-CAM-18,39285.753347811,39285.754002052,39285.792294924,38.3330078125,38.3330078125,0,,0
51603,GF-6-CAM-18,39285.911995554,39285.913490627,39285.93933678,38.3330078125,38.3330078125,0,,0
51605,GF-6-CAM-18,39286.056067257,39286.056720014,39286.082856962,38.3330078125,38.3330078125,0,,0
51607,GF-6-CAM-18,39286.200361317,39286.200884993,39286.229964664,38.3330078125,38.3330078125,0,,0
51609,GF-6-CAM-18,39286.341861549,39286.342496809,39286.36733095,38.3330078125,38.3330078125,0,,0
51611,GF-6-CAM-18,39286.48404577,39286.48442995,39286.5058496,38.3330078125,38.3330078125,0,,0
51613,GF-6-CAM-18,39286.618241429,39286.618635474,39286.65644159,38.3330078125,38.3330078125,0,,0
51615,GF-6-CAM-18,39286.769308359,39286.770164755,39286.803566592,38.3330078125,38.3330078125,0,,0
51617,GF-6-CAM-18,39286.929605682,39286.9301841,39286.9706893,38.3330078125,38.3330078125,0,,0
51619,GF-6-CAM-18,39287.082568894,39287.082937206,39287.109811291,38.3330078125,38.3330078125,0,,0
51621,GF-6-CAM-18,39287.218631756,39287.219147842,39287.246756523,38.3330078125,38.3330078125,0,,0
51623,GF-6-CAM-18,39287.368928901,39287.370424344,39287.401434199,38.3330078125,38.3330078125,0,,0
51625,GF-6-CAM-18,39287.518457356,39287.51984996,39287.55278583,38.3330078125,38.3330078125,0,,0
51627,GF-6-CAM-18,39287.67359048,39287.674035149,39287.710739612,38.3330078125,38.3330078125,0,,0
51629,GF-6-CAM-18,39287.821978488,39287.82287433,39287.857285852,38.3330078125,38.3330078125,0,,0
51631,GF-6-CAM-18,39287.965661377,39287.966565319,39287.982117361,38.3330078125,38.3330078125,0,,0
51633,GF-6-CAM-18,39288.097266868,39288.098492083,39288.128081468,38.3330078125,38.3330078125,0,,0
51635,GF-6-CAM-18,39288.250175902,39288.250683587,39288.276806645,38.3330078125,38.3330078125,0,,0
51637,GF-6-CAM-18,39288.384170932,39288.38484824,39288.413247747,38.3330078125,38.3330078125,0,,0
51639,GF-6-CAM-18,39288.512965537,39288.513368441,39288.532407313,38.3330078125,38.3330078125,0,,0
51641,GF-6-CAM-18,39288.663457026,39288.663862803,39288.700990287,38.3330078125,38.3330078125,0,,0
51643,GF-6-CAM-18,39288.816017594,39288.81660615,39288.843343504,38.3330078125,38.3330078125,0,,0
51645,GF-6-CAM-18,39288.949100681,39288.949680246,39288.974956984,38.3330078125,38.3330078125,0,,0
51647,GF-6-CAM-18,39289.090830522,39289.091359975,39289.117153612,38.3330078125,38.3330078125,0,,0
51649,GF-6-CAM-18,39289.222980527,39289.223366241,39289.244619159,38.3330078125,38.3330078125,0,,0
51651,GF-6-CAM-18,39289.351859731,39289.35226194,39289.382572108,38.3330078125,38.3330078125,0,,0
51653,GF-6-CAM-18,39289.494616673,39289.495296554,39289.528293957,38.3330078125,38.3330078125,0,,0
51655,GF-6-CAM-18,39289.645379111,39289.648768014,39289.669845881,38.3330078125,38.3330078125,0,,0
51657,GF-6-CAM-18,39289.78185762,39289.782623107,39289.814034303,38.3330078125,38.3330078125,0,,0
51659,GF-6-CAM-18,39289.924603352,39289.925439676,39289.953611851,38.3330078125,38.3330078125,0,,0
51661,GF-6-CAM-18,39290.080585637,39290.081014846,39290.106167142,38.3330078125,38.3330078125,0,,0
51663,GF-6-CAM-18,39290.21418789,39290.214962123,39290.25496512,38.3330078125,38.3330078125,0,,0
51665,GF-6-CAM-18,39290.365934843,39290.366539489,39290.390053563,38.3330078125,38.3330078125,0,,0
51667,GF-6-CAM-18,39290.515031907,39290.515479987,39290.536855477,38.3330078125,38.3330078125,0,,0
51669,GF-6-CAM-18,39290.653680691,39290.654795474,39290.68635212,38.3330078125,38.3330078125,0,,0
51671,GF-6-CAM-18,39290.788184749,39290.788528747,39290.81037776,38.3330078125,38.3330078125,0,,0
51673,GF-6-CAM-18,39290.924940104,39290.927174668,39290.957677995,38.3330078125,38.3330078125,0,,0
51675,GF-6-CAM-18,39291.078249398,39291.078753416,39291.102339044,38.3330078125,38.3330078125,0,,0
51677,GF-6-CAM-18,39291.208188719,39291.208555976,39291.231501496,38.3330078125,38.3330078125,0,,0
51679,GF-6-CAM-18,39291.345651023,39291.346150373,39291.374968002,38.3330078125,38.3330078125,0,,0
51681,GF-6-CAM-18,39291.484628776,39291.48526476,39291.522970717,38.3330078125,38.3330078125,0,,0
51683,GF-6-CAM-18,39291.638000019,39291.638435938,39291.662940607,38.3330078125,38.3330078125,0,,0
51685,GF-6-CAM-18,39291.760602812,39291.763812243,39291.794574533,38.3330078125,38.3330078125,0,,0
51687,GF-6-CAM-18,39291.906823444,39291.907472108,39291.935754353,38.3330078125,38.3330078125,0,,0
51689,GF-6-CAM-18,39292.042425072,39292.042931973,39292.072679786,38.3330078125,38.3330078125,0,,0
51691,GF-6-CAM-18,39292.180665748,39292.181176392,39292.216242868,38.3330078125,38.3330078125,0,,0
51693,GF-6-CAM-18,39292.325869365,39292.326262251,39292.359296934,38.3330078125,38.3330078125,0,,0
51695,GF-6-CAM-18,39292.493177771,39292.493595664,39292.520935549,38.3330078125,38.3330078125,0,,0
51697,GF-6-CAM-18,39292.631789698,39292.632394494,39292.661103858,38.3330078125,38.3330078125,0,,0
51699,GF-6-CAM-18,39292.778361626,39292.778710686,39292.796171635,38.3330078125,38.3330078125,0,,0
51701,GF-6-CAM-18,39292.899418433,39292.900053512,39292.928606247,38.3330078125,38.3330078125,0,,0
51703,GF-6-CAM-18,39293.048604595,39293.049333068,39293.081190902,38.3330078125,38.3330078125,0,,0
51705,GF-6-CAM-18,39293.192342005,39293.193157574,39293.226900936,38.3330078125,38.3330078125,0,,0
