frame_idx,camera_id,t_arrival,t_inference_start,t_inference_end,gpu_mem_before_mb,gpu_mem_after_mb,num_persons,avg_confidence,wrist_keypoints
1,GF-30-CAM-31,33492.905089293,33492.906476805,33499.011695871,47.009765625,38.3330078125,0,,0
3,GF-30-CAM-31,33499.195539174,33499.19585532,33499.215147738,38.3330078125,38.3330078125,0,,0
5,GF-30-CAM-31,33499.338569769,33499.339453952,33499.360401364,38.3330078125,38.3330078125,0,,0
7,GF-30-CAM-31,33499.480439191,33499.481423631,33499.502590657,38.3330078125,38.3330078125,0,,0
9,GF-30-CAM-31,33499.628470507,33499.629441123,33499.65628638,38.3330078125,38.3330078125,0,,0
11,GF-30-CAM-31,33499.779291699,33499.779717929,33499.808347071,38.3330078125,38.3330078125,0,,0
13,GF-30-CAM-31,33499.923288901,33499.923803967,33499.942526921,38.3330078125,38.3330078125,0,,0
15,GF-30-CAM-31,33500.115113483,33500.115437698,33500.132791652,38.3330078125,38.3330078125,0,,0
17,GF-30-CAM-31,33500.252447283,33500.253597663,33500.292991731,38.3330078125,38.3330078125,0,,0
19,GF-30-CAM-31,33500.42427759,33500.424876791,33500.451914882,38.3330078125,38.3330078125,0,,0
21,GF-30-CAM-31,33500.579560808,33500.580287777,33500.604223217,38.3330078125,38.3330078125,0,,0
23,GF-30-CAM-31,33500.747795751,33500.748313991,33500.772334899,38.3330078125,38.3330078125,0,,0
25,GF-30-CAM-31,33500.90183925,33500.902264039,33500.930783898,38.3330078125,38.3330078125,0,,0
27,GF-30-CAM-31,33501.062857463,33501.063222757,33501.098809661,38.3330078125,38.3330078125,0,,0
29,GF-30-CAM-31,33501.232929851,33501.234643958,33501.262375147,38.3330078125,38.3330078125,0,,0
31,GF-30-CAM-31,33501.420112149,33501.421188021,33501.443221904,38.3330078125,38.3330078125,0,,0
33,GF-30-CAM-31,33501.575429797,33501.575842082,33501.603312046,38.3330078125,38.3330078125,0,,0
35,GF-30-CAM-31,33501.732029577,33501.732305512,33501.750863066,38.3330078125,38.3330078125,0,,0
37,GF-30-CAM-31,33501.858773116,33501.859167837,33501.882552959,38.3330078125,38.3330078125,0,,0
39,GF-30-CAM-31,33502.028760909,33502.029417297,33502.055383004,38.3330078125,38.3330078125,0,,0
41,GF-30-CAM-31,33502.18603752,33502.186411527,33502.205460615,38.3330078125,38.3330078125,0,,0
43,GF-30-CAM-31,33502.334148884,33502.334485668,33502.35739343,38.3330078125,38.3330078125,0,,0
45,GF-30-CAM-31,33502.528545934,33502.529537397,33502.562652302,38.3330078125,38.3330078125,0,,0
47,GF-30-CAM-31,33502.693736066,33502.694115928,33502.718393245,38.3330078125,38.3330078125,0,,0
49,GF-30-CAM-31,33502.825559367,33502.828480262,33502.849686649,38.3330078125,38.3330078125,0,,0
51,GF-30-CAM-31,33502.960075128,33502.960402199,33502.990706463,38.3330078125,38.3330078125,0,,0
53,GF-30-CAM-31,33503.124588294,33503.125136329,33503.152753801,38.3330078125,38.3330078125,0,,0
55,GF-30-CAM-31,33503.274654599,33503.274968277,33503.300516167,38.3330078125,38.3330078125,0,,0
57,GF-30-CAM-31,33503.414788065,33503.415286068,33503.437413531,38.3330078125,38.3330078125,0,,0
59,GF-30-CAM-31,33503.586381057,33503.586830291,33503.615977368,38.3330078125,38.3330078125,0,,0
61,GF-30-CAM-31,33503.742851542,33503.743455468,33503.797925939,38.3330078125,38.3330078125,0,,0
63,GF-30-CAM-31,33504.033871657,33504.034475335,33504.069636194,38.3330078125,38.3330078125,0,,0
65,GF-30-CAM-31,33504.213654118,33504.214372049,33504.262391163,38.3330078125,38.3330078125,0,,0
67,GF-30-CAM-31,33504.411558454,33504.412644557,33504.439759624,38.3330078125,38.3330078125,0,,0
69,GF-30-CAM-31,33504.599860056,33504.600291596,33504.633603315,38.3330078125,38.3330078125,0,,0
71,GF-30-CAM-31,33504.776050248,33504.776595001,33504.810780852,38.3330078125,38.3330078125,0,,0
73,GF-30-CAM-31,33504.934742097,33504.93546785,33504.965277814,38.3330078125,38.3330078125,0,,0
75,GF-30-CAM-31,33505.10556614,33505.106365858,33505.136046607,38.3330078125,38.3330078125,0,,0
77,GF-30-CAM-31,33505.2766282,33505.277472877,33505.308173217,38.3330078125,38.3330078125,0,,0
79,GF-30-CAM-31,33505.43034426,33505.430721968,33505.483327403,38.3330078125,38.3330078125,0,,0
81,GF-30-CAM-31,33505.624657826,33505.625213926,33505.657469205,38.3330078125,38.3330078125,0,,0
83,GF-30-CAM-31,33505.847178673,33505.848307654,33505.886854632,38.3330078125,38.3330078125,0,,0
85,GF-30-CAM-31,33506.04888989,33506.049340956,33506.117798614,38.3330078125,38.3330078125,0,,0
87,GF-30-CAM-31,33506.264759944,33506.265317802,33506.324618718,38.3330078125,38.3330078125,0,,0
89,GF-30-CAM-31,33506.455934717,33506.456580428,33506.48417041,38.3330078125,38.3330078125,0,,0
91,GF-30-CAM-31,33506.627019609,33506.627789063,33506.675955336,38.3330078125,38.3330078125,0,,0
93,GF-30-CAM-31,33506.815309259,33506.815788014,33506.847322248,38.3330078125,38.3330078125,0,,0
95,GF-30-CAM-31,33506.987639987,33506.988633404,33507.031165406,38.3330078125,38.3330078125,0,,0
97,GF-30-CAM-31,33507.15878953,33507.160875286,33507.195764381,38.3330078125,38.3330078125,0,,0
99,GF-30-CAM-31,33507.338494147,33507.339440888,33507.395882234,38.3330078125,38.3330078125,0,,0
101,GF-30-CAM-31,33507.562348037,33507.562861445,33507.599462549,38.3330078125,38.3330078125,0,,0
103,GF-30-CAM-31,33507.7378631,33507.738519251,33507.781056327,38.3330078125,38.3330078125,0,,0
105,GF-30-CAM-31,33507.939211589,33507.940453256,33507.996538926,38.3330078125,38.3330078125,0,,0
107,GF-30-CAM-31,33508.189686254,33508.190528164,33508.230141616,38.3330078125,38.3330078125,0,,0
109,GF-30-CAM-31,33508.348975535,33508.349473223,33508.392843951,38.3330078125,38.3330078125,0,,0
111,GF-30-CAM-31,33508.518025739,33508.533495194,33508.579864844,38.3330078125,38.3330078125,0,,0
113,GF-30-CAM-31,33508.834087825,33508.835585345,33508.866852804,38.3330078125,38.3330078125,0,,0
115,GF-30-CAM-31,33509.003154754,33509.003655282,33509.029479103,38.3330078125,38.3330078125,0,,0
117,GF-30-CAM-31,33509.162121819,33509.162614078,33509.210798234,38.3330078125,38.3330078125,0,,0
119,GF-30-CAM-31,33509.337755584,33509.339596503,33509.369044978,38.3330078125,38.3330078125,0,,0
121,GF-30-CAM-31,33509.523977842,33509.524755815,33509.581710714,38.3330078125,38.3330078125,0,,0
123,GF-30-CAM-31,33509.749238009,33509.749801328,33509.793206197,38.3330078125,38.3330078125,0,,0
125,GF-30-CAM-31,33509.933841301,33509.934628845,33509.966159919,38.3330078125,38.3330078125,0,,0
127,GF-30-CAM-31,33510.120825526,33510.121541304,33510.172153846,38.3330078125,38.3330078125,0,,0
131,GF-30-CAM-31,33510.594267882,33510.595095066,33510.64405638,38.33349609375,38.3330078125,0,,0
133,GF-30-CAM-31,33510.789186655,33510.789848998,33510.851251283,38.3330078125,38.3330078125,0,,0
135,GF-30-CAM-31,33511.005941749,33511.006347121,33511.057811295,38.3330078125,38.3330078125,0,,0
137,GF-30-CAM-31,33511.199611052,33511.200213063,33511.258135141,38.3330078125,38.3330078125,0,,0
139,GF-30-CAM-31,33511.402751183,33511.403454097,33511.44136907,38.3330078125,38.3330078125,0,,0
141,GF-30-CAM-31,33511.646030297,33511.646825058,33511.7017821,38.3330078125,38.3330078125,0,,0
143,GF-30-CAM-31,33511.847885802,33511.848677923,33511.881670715,38.3330078125,38.3330078125,0,,0
145,GF-30-CAM-31,33512.037981561,33512.038688647,33512.104991561,38.3330078125,38.3330078125,0,,0
147,GF-30-CAM-31,33512.258076633,33512.258802595,33512.318227808,38.3330078125,38.3330078125,0,,0
149,GF-30-CAM-31,33512.467136983,33512.467714594,33512.514318215,38.3330078125,38.3330078125,0,,0
151,GF-30-CAM-31,33512.655188108,33512.655738194,33512.709303967,38.3330078125,38.3330078125,0,,0
153,GF-30-CAM-31,33512.893524627,33512.894541482,33512.931616118,38.3330078125,38.3330078125,0,,0
155,GF-30-CAM-31,33513.093488769,33513.094561717,33513.134961016,38.3330078125,38.3330078125,0,,0
157,GF-30-CAM-31,33513.262993853,33513.263809055,33513.310284638,38.3330078125,38.3330078125,0,,0
159,GF-30-CAM-31,33513.458580977,33513.45933928,33513.507696857,38.3330078125,38.3330078125,0,,0
161,GF-30-CAM-31,33513.671237083,33513.672127961,33513.715433921,38.3330078125,38.3330078125,0,,0
163,GF-30-CAM-31,33513.881025683,33513.882147844,33513.923708014,38.3330078125,38.3330078125,0,,0
165,GF-30-CAM-31,33514.108441968,33514.109519163,33514.170177183,38.3330078125,38.3330078125,0,,0
167,GF-30-CAM-31,33514.317729767,33514.318226443,33514.35646802,38.3330078125,38.3330078125,0,,0
169,GF-30-CAM-31,33514.489811005,33514.490437818,33514.526347055,38.3330078125,38.3330078125,0,,0
171,GF-30-CAM-31,33514.673122922,33514.673743639,33514.711515935,38.3330078125,38.3330078125,0,,0
173,GF-30-CAM-31,33514.870742067,33514.872987193,33514.911127194,38.3330078125,38.3330078125,0,,0
175,GF-30-CAM-31,33515.057223205,33515.057871343,33515.101041585,38.3330078125,38.3330078125,0,,0
179,GF-30-CAM-31,33515.467552678,33515.468062794,33515.509822098,38.33349609375,38.3330078125,0,,0
181,GF-30-CAM-31,33515.658338644,33515.658938006,33515.710290363,38.3330078125,38.3330078125,0,,0
183,GF-30-CAM-31,33515.881322162,33515.882699762,33515.936259724,38.3330078125,38.3330078125,0,,0
185,GF-30-CAM-31,33516.111285732,33516.111944723,33516.158457466,38.3330078125,38.3330078125,0,,0
215,GF-30-CAM-31,33519.155123191,33519.155799644,33519.189943162,38.33349609375,38.3330078125,0,,0
221,GF-30-CAM-31,33519.876221793,33519.877340069,33519.964345534,38.33349609375,38.3330078125,0,,0
223,GF-30-CAM-31,33520.266939128,33520.268433033,33520.329637701,38.3330078125,38.3330078125,0,,0
225,GF-30-CAM-31,33520.590484712,33520.592263333,33520.670881899,38.3330078125,38.3330078125,0,,0
227,GF-30-CAM-31,33520.935248514,33520.936813628,33521.018230757,38.3330078125,38.3330078125,0,,0
229,GF-30-CAM-31,33521.193904137,33521.194942074,33521.251033959,38.3330078125,38.3330078125,0,,0
231,GF-30-CAM-31,33521.440073169,33521.441935815,33521.500065764,38.3330078125,38.3330078125,0,,0
233,GF-30-CAM-31,33521.784083068,33521.784848594,33521.885437222,38.3330078125,38.3330078125,0,,0
235,GF-30-CAM-31,33522.142098985,33522.143038537,33522.207391788,38.3330078125,38.3330078125,0,,0
237,GF-30-CAM-31,33522.506402171,33522.509102873,33522.624819949,38.3330078125,38.3330078125,0,,0
239,GF-30-CAM-31,33522.880798445,33522.88255677,33522.960244066,38.3330078125,38.3330078125,0,,0
241,GF-30-CAM-31,33523.195253984,33523.19668935,33523.284856489,38.3330078125,38.3330078125,0,,0
243,GF-30-CAM-31,33523.567119213,33523.574629251,33523.650125823,38.3330078125,38.3330078125,0,,0
245,GF-30-CAM-31,33523.90855061,33523.912859071,33524.026417051,38.3330078125,38.3330078125,0,,0
247,GF-30-CAM-31,33524.323856148,33524.325989906,33524.42226845,38.3330078125,38.3330078125,0,,0
249,GF-30-CAM-31,33524.73659412,33524.737603166,33524.876182098,38.3330078125,38.3330078125,0,,0
251,GF-30-CAM-31,33525.23947542,33525.243991908,33525.349515586,38.3330078125,38.3330078125,0,,0
253,GF-30-CAM-31,33525.722382114,33525.724686464,33525.857094028,38.3330078125,38.3330078125,0,,0
255,GF-30-CAM-31,33526.215323558,33526.216917128,33526.364100537,38.3330078125,38.3330078125,0,,0
257,GF-30-CAM-31,33526.748416978,33526.751668293,33526.87399206,38.3330078125,38.3330078125,0,,0
259,GF-30-CAM-31,33527.195909512,33527.198020341,33527.341976622,38.3330078125,38.3330078125,0,,0
261,GF-30-CAM-31,33527.659776918,33527.664864812,33527.812346833,38.3330078125,38.3330078125,0,,0
263,GF-30-CAM-31,33528.140968756,33528.142998675,33528.295179013,38.3330078125,38.3330078125,0,,0
265,GF-30-CAM-31,33528.637760025,33528.639808341,33528.725709418,38.3330078125,38.3330078125,0,,0
267,GF-30-CAM-31,33529.131215561,33529.133378735,33529.308254852,38.3330078125,38.3330078125,0,,0
269,GF-30-CAM-31,33529.698305051,33529.69984209,33529.937660218,38.3330078125,38.3330078125,0,,0
271,GF-30-CAM-31,33530.304160344,33530.305349899,33530.469684648,38.3330078125,38.3330078125,0,,0
273,GF-30-CAM-31,33530.901232802,33530.905349526,33531.04712249,38.3330078125,38.3330078125,0,,0
275,GF-30-CAM-31,33531.507448343,33531.515860649,33531.616158567,38.3330078125,38.3330078125,0,,0
277,GF-30-CAM-31,33531.92846703,33531.931108056,33532.047879712,38.3330078125,38.3330078125,0,,0
279,GF-30-CAM-31,33532.394267498,33532.39652783,33532.545898272,38.3330078125,38.3330078125,0,,0
281,GF-30-CAM-31,33532.948456663,33532.95213392,33533.134336144,38.3330078125,38.3330078125,0,,0
283,GF-30-CAM-31,33533.453775837,33533.456726868,33533.603781998,38.3330078125,38.3330078125,0,,0
285,GF-30-CAM-31,33533.968264382,33533.974080109,33534.107410297,38.3330078125,38.3330078125,0,,0
287,GF-30-CAM-31,33534.462838634,33534.466088943,33534.555960204,38.3330078125,38.3330078125,0,,0
289,GF-30-CAM-31,33535.003423938,33535.00554001,33535.107942347,38.3330078125,38.3330078125,0,,0
291,GF-30-CAM-31,33535.453624222,33535.45486203,33535.636949541,38.3330078125,38.3330078125,0,,0
293,GF-30-CAM-31,33535.999516764,33536.001217543,33536.074423201,38.3330078125,38.3330078125,0,,0
295,GF-30-CAM-31,33536.525140976,33536.530319803,33536.648739046,38.3330078125,38.3330078125,0,,0
297,GF-30-CAM-31,33537.053888755,33537.055554279,33537.153330985,38.3330078125,38.3330078125,0,,0
299,GF-30-CAM-31,33537.458791502,33537.465857802,33537.596015078,38.3330078125,38.3330078125,0,,0
301,GF-30-CAM-31,33537.942705563,33537.944959267,33538.072469238,38.3330078125,38.3330078125,0,,0
303,GF-30-CAM-31,33538.429684564,33538.43085134,33538.555502029,38.3330078125,38.3330078125,0,,0
305,GF-30-CAM-31,33538.919246159,33538.922828852,33539.030276671,38.3330078125,38.3330078125,0,,0
307,GF-30-CAM-31,33539.355248171,33539.357755258,33539.513424679,38.3330078125,38.3330078125,0,,0
309,GF-30-CAM-31,33539.820677188,33539.821988225,33539.899542156,38.3330078125,38.3330078125,0,,0
311,GF-30-CAM-31,33540.256781002,33540.258925519,33540.365555585,38.3330078125,38.3330078125,0,,0
313,GF-30-CAM-31,33540.795716755,33540.79809513,33540.988870472,38.3330078125,38.3330078125,0,,0
315,GF-30-CAM-31,33541.395470692,33541.397721852,33541.543960981,38.3330078125,38.3330078125,0,,0
317,GF-30-CAM-31,33541.916260936,33541.918612873,33542.103643039,38.3330078125,38.3330078125,0,,0
319,GF-30-CAM-31,33542.50963135,33542.511223268,33542.645607429,38.3330078125,38.3330078125,0,,0
321,GF-30-CAM-31,33543.040010269,33543.043753724,33543.293897694,38.3330078125,38.3330078125,0,,0
323,GF-30-CAM-31,33543.791714555,33543.793568141,33543.927642587,38.3330078125,38.3330078125,0,,0
325,GF-30-CAM-31,33544.339216317,33544.343915551,33544.485948679,38.3330078125,38.3330078125,0,,0
327,GF-30-CAM-31,33544.81949588,33544.821924845,33544.979423995,38.3330078125,38.3330078125,0,,0
329,GF-30-CAM-31,33545.390134239,33545.394241917,33545.489181358,38.3330078125,38.3330078125,0,,0
331,GF-30-CAM-31,33545.896938017,33545.907489651,33546.071161208,38.3330078125,38.3330078125,0,,0
333,GF-30-CAM-31,33546.417412015,33546.419574776,33546.556379446,38.3330078125,38.3330078125,0,,0
335,GF-30-CAM-31,33546.949917812,33546.952357704,33547.089564753,38.3330078125,38.3330078125,0,,0
337,GF-30-CAM-31,33547.586121183,33547.596828815,33547.786805763,38.3330078125,38.3330078125,0,,0
339,GF-30-CAM-31,33548.240945879,33548.243845958,33548.360788079,38.3330078125,38.3330078125,0,,0
341,GF-30-CAM-31,33548.718533704,33548.721200366,33548.844696545,38.3330078125,38.3330078125,0,,0
343,GF-30-CAM-31,33549.200988301,33549.202640347,33549.317499168,38.3330078125,38.3330078125,0,,0
345,GF-30-CAM-31,33549.705673218,33549.707706789,33549.879129756,38.3330078125,38.3330078125,0,,0
347,GF-30-CAM-31,33550.236899403,33550.239322393,33550.377109831,38.3330078125,38.3330078125,0,,0
349,GF-30-CAM-31,33550.770590664,33550.772468186,33550.891229613,38.3330078125,38.3330078125,0,,0
351,GF-30-CAM-31,33551.239979888,33551.241412145,33551.387146864,38.3330078125,38.3330078125,0,,0
353,GF-30-CAM-31,33551.829747854,33551.831910282,33551.991935277,38.3330078125,38.3330078125,0,,0
355,GF-30-CAM-31,33552.36925828,33552.371647093,33552.535652465,38.3330078125,38.3330078125,0,,0
357,GF-30-CAM-31,33552.956243858,33552.957606006,33553.089493612,38.3330078125,38.3330078125,0,,0
359,GF-30-CAM-31,33553.520044708,33553.521592824,33553.620507894,38.3330078125,38.3330078125,0,,0
361,GF-30-CAM-31,33554.021249033,33554.025757516,33554.140263914,38.3330078125,38.3330078125,0,,0
363,GF-30-CAM-31,33554.50193004,33554.503642989,33554.631541928,38.3330078125,38.3330078125,0,,0
365,GF-30-CAM-31,33555.082979953,33555.086550698,33555.245852875,38.3330078125,38.3330078125,0,,0
367,GF-30-CAM-31,33555.624380042,33555.626584218,33555.802339455,38.3330078125,38.3330078125,0,,0
369,GF-30-CAM-31,33556.205298536,33556.208558692,33556.462709499,38.3330078125,38.3330078125,0,,0
371,GF-30-CAM-31,33557.055650548,33557.059875056,33557.227772815,38.3330078125,38.3330078125,0,,0
373,GF-30-CAM-31,33557.658607263,33557.663075936,33557.759782753,38.3330078125,38.3330078125,0,,0
375,GF-30-CAM-31,33558.223731108,33558.225757278,33558.397068822,38.3330078125,38.3330078125,0,,0
377,GF-30-CAM-31,33558.881873184,33558.885563869,33559.05163255,38.3330078125,38.3330078125,0,,0
379,GF-30-CAM-31,33559.491546462,33559.502784187,33559.668059874,38.3330078125,38.3330078125,0,,0
381,GF-30-CAM-31,33560.100481119,33560.103456104,33560.197498946,38.3330078125,38.3330078125,0,,0
383,GF-30-CAM-31,33560.611939715,33560.616300048,33560.76375351,38.3330078125,38.3330078125,0,,0
385,GF-30-CAM-31,33561.152830136,33561.155156874,33561.294134476,38.3330078125,38.3330078125,0,,0
387,GF-30-CAM-31,33561.628869337,33561.630616276,33561.82750726,38.3330078125,38.3330078125,0,,0
389,GF-30-CAM-31,33562.286070169,33562.287675113,33562.396680084,38.3330078125,38.3330078125,0,,0
391,GF-30-CAM-31,33562.787106706,33562.789353156,33562.914880775,38.3330078125,38.3330078125,0,,0
393,GF-30-CAM-31,33563.269855032,33563.27264478,33563.42963633,38.3330078125,38.3330078125,0,,0
395,GF-30-CAM-31,33563.785330838,33563.78996041,33564.008606844,38.3330078125,38.3330078125,0,,0
397,GF-30-CAM-31,33564.353817542,33564.358300748,33564.525740623,38.3330078125,38.3330078125,0,,0
399,GF-30-CAM-31,33564.916883571,33564.919957664,33565.061716015,38.3330078125,38.3330078125,0,,0
401,GF-30-CAM-31,33565.446711358,33565.449232488,33565.650452389,38.3330078125,38.3330078125,0,,0
403,GF-30-CAM-31,33566.037965561,33566.044049424,33566.164479689,38.3330078125,38.3330078125,0,,0
405,GF-30-CAM-31,33566.50448077,33566.507578679,33566.662559446,38.3330078125,38.3330078125,0,,0
407,GF-30-CAM-31,33567.052881127,33567.0554455,33567.118508027,38.3330078125,38.3330078125,0,,0
409,GF-30-CAM-31,33567.564140482,33567.566033148,33567.710267857,38.3330078125,38.3330078125,0,,0
411,GF-30-CAM-31,33568.084454125,33568.086675714,33568.210438497,38.3330078125,38.3330078125,0,,0
413,GF-30-CAM-31,33568.59233674,33568.593755449,33568.684876732,38.3330078125,38.3330078125,0,,0
415,GF-30-CAM-31,33569.03327663,33569.035118934,33569.203585684,38.3330078125,38.3330078125,0,,0
417,GF-30-CAM-31,33569.597882668,33569.59940854,33569.703383547,38.3330078125,38.3330078125,0,,0
419,GF-30-CAM-31,33570.123575548,33570.126937929,33570.282926529,38.3330078125,38.3330078125,0,,0
421,GF-30-CAM-31,33570.711687967,33570.713604582,33570.860641295,38.3330078125,38.3330078125,0,,0
423,GF-30-CAM-31,33571.254448095,33571.257178645,33571.400735036,38.3330078125,38.3330078125,0,,0
425,GF-30-CAM-31,33571.82934581,33571.83161083,33571.967455885,38.3330078125,38.3330078125,0,,0
427,GF-30-CAM-31,33572.416210345,33572.421667394,33572.559959956,38.3330078125,38.3330078125,0,,0
429,GF-30-CAM-31,33572.93112604,33572.937096699,33573.090142243,38.3330078125,38.3330078125,0,,0
431,GF-30-CAM-31,33573.492665568,33573.494560331,33573.656565572,38.3330078125,38.3330078125,0,,0
433,GF-30-CAM-31,33574.204117742,33574.210548503,33574.351622928,38.3330078125,38.3330078125,0,,0
435,GF-30-CAM-31,33574.73541308,33574.743151571,33574.899950541,38.3330078125,38.3330078125,0,,0
437,GF-30-CAM-31,33575.419821752,33575.428063337,33575.541053594,38.3330078125,38.3330078125,0,,0
439,GF-30-CAM-31,33575.861726235,33575.863304027,33575.990765114,38.3330078125,38.3330078125,0,,0
461,GF-30-CAM-31,33582.766185207,33582.767985948,33582.966522342,38.33349609375,38.3330078125,0,,0
463,GF-30-CAM-31,33583.357480243,33583.362807536,33583.552864227,38.3330078125,38.3330078125,0,,0
465,GF-30-CAM-31,33583.996361446,33583.998837008,33584.242326192,38.3330078125,38.3330078125,0,,0
467,GF-30-CAM-31,33584.772287634,33584.776089061,33584.906789887,38.3330078125,38.3330078125,0,,0
469,GF-30-CAM-31,33585.361350465,33585.363488452,33585.510507988,38.3330078125,38.3330078125,0,,0
471,GF-30-CAM-31,33585.956187053,33585.957964909,33586.169158906,38.3330078125,38.3330078125,0,,0
473,GF-30-CAM-31,33586.613147666,33586.616596626,33586.777250159,38.3330078125,38.3330078125,0,,0
475,GF-30-CAM-31,33587.159511089,33587.162689249,33587.326863561,38.3330078125,38.3330078125,0,,0
477,GF-30-CAM-31,33587.771880455,33587.776506123,33588.010871233,38.3330078125,38.3330078125,0,,0
479,GF-30-CAM-31,33588.515509045,33588.519290866,33588.711809332,38.3330078125,38.3330078125,0,,0
481,GF-30-CAM-31,33589.165441121,33589.168157759,33589.296892488,38.3330078125,38.3330078125,0,,0
483,GF-30-CAM-31,33589.76244852,33589.777417505,33589.925374355,38.3330078125,38.3330078125,0,,0
485,GF-30-CAM-31,33590.267262208,33590.270054406,33590.449324668,38.3330078125,38.3330078125,0,,0
487,GF-30-CAM-31,33591.005481631,33591.010372787,33591.187250787,38.3330078125,38.3330078125,0,,0
489,GF-30-CAM-31,33591.680808604,33591.685480504,33591.901873818,38.3330078125,38.3330078125,0,,0
491,GF-30-CAM-31,33592.297152618,33592.298772604,33592.521340103,38.3330078125,38.3330078125,0,,0
493,GF-30-CAM-31,33593.007737208,33593.021676043,33593.310970303,38.3330078125,38.3330078125,0,,0
495,GF-30-CAM-31,33593.686729092,33593.690227589,33593.85164051,38.3330078125,38.3330078125,0,,0
497,GF-30-CAM-31,33594.254946576,33594.256673678,33594.429537072,38.3330078125,38.3330078125,0,,0
499,GF-30-CAM-31,33594.846971896,33594.851352161,33595.049148568,38.3330078125,38.3330078125,0,,0
501,GF-30-CAM-31,33595.435906484,33595.43956495,33595.629899083,38.3330078125,38.3330078125,0,,0
503,GF-30-CAM-31,33596.056332649,33596.060376397,33596.293862696,38.3330078125,38.3330078125,0,,0
505,GF-30-CAM-31,33596.882885247,33596.884719854,33597.015183659,38.3330078125,38.3330078125,0,,0
507,GF-30-CAM-31,33597.427195997,33597.429732501,33597.532297966,38.3330078125,38.3330078125,0,,0
509,GF-30-CAM-31,33597.956667965,33597.959243939,33598.131064299,38.3330078125,38.3330078125,0,,0
511,GF-30-CAM-31,33598.644696316,33598.64733522,33598.817151419,38.3330078125,38.3330078125,0,,0
513,GF-30-CAM-31,33599.228724058,33599.23300968,33599.356428404,38.3330078125,38.3330078125,0,,0
515,GF-30-CAM-31,33599.790813453,33599.79290401,33599.946764606,38.3330078125,38.3330078125,0,,0
517,GF-30-CAM-31,33600.502412532,33600.505067469,33600.593415975,38.3330078125,38.3330078125,0,,0
519,GF-30-CAM-31,33601.049091817,33601.050931666,33601.229457883,38.3330078125,38.3330078125,0,,0
521,GF-30-CAM-31,33601.639821858,33601.645656607,33601.755855675,38.3330078125,38.3330078125,0,,0
523,GF-30-CAM-31,33602.189286892,33602.192381448,33602.368088008,38.3330078125,38.3330078125,0,,0
525,GF-30-CAM-31,33602.828089114,33602.83125761,33603.013074634,38.3330078125,38.3330078125,0,,0
527,GF-30-CAM-31,33603.457407497,33603.459262009,33603.654612397,38.3330078125,38.3330078125,0,,0
529,GF-30-CAM-31,33603.997909122,33604.001365338,33604.121125251,38.3330078125,38.3330078125,0,,0
531,GF-30-CAM-31,33604.445796836,33604.448672818,33604.626898703,38.3330078125,38.3330078125,0,,0
533,GF-30-CAM-31,33604.994187454,33604.996237606,33605.135630686,38.3330078125,38.3330078125,0,,0
535,GF-30-CAM-31,33605.521191033,33605.524354797,33605.692150531,38.3330078125,38.3330078125,0,,0
537,GF-30-CAM-31,33606.09957188,33606.101109352,33606.209716899,38.3330078125,38.3330078125,0,,0
539,GF-30-CAM-31,33606.630693592,33606.637549503,33606.850197798,38.3330078125,38.3330078125,0,,0
541,GF-30-CAM-31,33607.314094542,33607.316703028,33607.486140587,38.3330078125,38.3330078125,0,,0
543,GF-30-CAM-31,33607.829640032,33607.83149946,33607.954245051,38.3330078125,38.3330078125,0,,0
545,GF-30-CAM-31,33608.285329823,33608.291667318,33608.455311928,38.3330078125,38.3330078125,0,,0
547,GF-30-CAM-31,33608.862267878,33608.863560811,33609.035790468,38.3330078125,38.3330078125,0,,0
549,GF-30-CAM-31,33609.458812805,33609.460855798,33609.623336774,38.3330078125,38.3330078125,0,,0
551,GF-30-CAM-31,33610.02813648,33610.03108363,33610.315713922,38.3330078125,38.3330078125,0,,0
553,GF-30-CAM-31,33610.791667352,33610.794938305,33610.938162771,38.3330078125,38.3330078125,0,,0
555,GF-30-CAM-31,33611.401631118,33611.4057394,33611.594180986,38.3330078125,38.3330078125,0,,0
557,GF-30-CAM-31,33612.069983422,33612.071966946,33612.166722855,38.3330078125,38.3330078125,0,,0
559,GF-30-CAM-31,33612.609953044,33612.611667063,33612.789111081,38.3330078125,38.3330078125,0,,0
563,GF-30-CAM-31,33613.702295002,33613.705662771,33613.820481953,38.33349609375,38.3330078125,0,,0
565,GF-30-CAM-31,33614.251532362,33614.253559241,33614.397870741,38.3330078125,38.3330078125,0,,0
567,GF-30-CAM-31,33614.850498688,33614.85486938,33614.983462646,38.3330078125,38.3330078125,0,,0
569,GF-30-CAM-31,33615.340835001,33615.344682044,33615.48684998,38.3330078125,38.3330078125,0,,0
571,GF-30-CAM-31,33615.886879531,33615.890717363,33616.080138722,38.3330078125,38.3330078125,0,,0
573,GF-30-CAM-31,33616.431920846,33616.435022729,33616.55358158,38.3330078125,38.3330078125,0,,0
575,GF-30-CAM-31,33616.927080446,33616.928608393,33617.186809198,38.3330078125,38.3330078125,0,,0
577,GF-30-CAM-31,33617.656061299,33617.658930762,33617.865903865,38.3330078125,38.3330078125,0,,0
579,GF-30-CAM-31,33618.299226697,33618.300926204,33618.472254643,38.3330078125,38.3330078125,0,,0
581,GF-30-CAM-31,33618.908994194,33618.911028042,33619.026573144,38.3330078125,38.3330078125,0,,0
583,GF-30-CAM-31,33619.38885296,33619.391091114,33619.545197757,38.3330078125,38.3330078125,0,,0
585,GF-30-CAM-31,33619.968130276,33619.971017961,33620.171843619,38.3330078125,38.3330078125,0,,0
587,GF-30-CAM-31,33620.560652788,33620.586967226,33620.74447702,38.3330078125,38.3330078125,0,,0
589,GF-30-CAM-31,33621.113270378,33621.11627517,33621.270876347,38.3330078125,38.3330078125,0,,0
591,GF-30-CAM-31,33621.688557833,33621.692829672,33621.804727854,38.3330078125,38.3330078125,0,,0
593,GF-30-CAM-31,33622.301928886,33622.308189311,33622.514766331,38.3330078125,38.3330078125,0,,0
597,GF-30-CAM-31,33623.487096022,33623.489832382,33623.653176595,38.33349609375,38.3330078125,0,,0
599,GF-30-CAM-31,33623.99104753,33623.994998337,33624.141660843,38.3330078125,38.3330078125,0,,0
601,GF-30-CAM-31,33624.640567841,33624.643381151,33624.758956447,38.3330078125,38.3330078125,0,,0
603,GF-30-CAM-31,33625.171404884,33625.173256944,33625.282263913,38.3330078125,38.3330078125,0,,0
605,GF-30-CAM-31,33625.691005546,33625.698791332,33625.824098776,38.3330078125,38.3330078125,0,,0
607,GF-30-CAM-31,33626.451640976,33626.454658904,33626.596373125,38.3330078125,38.3330078125,0,,0
609,GF-30-CAM-31,33626.97797724,33626.984022512,33627.155744659,38.3330078125,38.3330078125,0,,0
611,GF-30-CAM-31,33627.637827743,33627.641721286,33627.758119031,38.3330078125,38.3330078125,0,,0
613,GF-30-CAM-31,33628.110717776,33628.11292308,33628.2670718,38.3330078125,38.3330078125,0,,0
615,GF-30-CAM-31,33628.718468715,33628.720532005,33628.842491784,38.3330078125,38.3330078125,0,,0
617,GF-30-CAM-31,33629.170278582,33629.177893851,33629.409956318,38.3330078125,38.3330078125,0,,0
619,GF-30-CAM-31,33629.762341099,33629.767693567,33629.908518994,38.3330078125,38.3330078125,0,,0
621,GF-30-CAM-31,33630.24779908,33630.249981959,33630.366894081,38.3330078125,38.3330078125,0,,0
625,GF-30-CAM-31,33631.58977234,33631.594631942,33631.747212647,38.33349609375,38.3330078125,0,,0
627,GF-30-CAM-31,33632.151740961,33632.154080146,33632.246125654,38.3330078125,38.3330078125,0,,0
629,GF-30-CAM-31,33632.680742548,33632.684103728,33632.743954524,38.3330078125,38.3330078125,0,,0
631,GF-30-CAM-31,33633.219247869,33633.221094675,33633.426579248,38.3330078125,38.3330078125,0,,0
633,GF-30-CAM-31,33633.849734108,33633.852675351,33633.982130566,38.3330078125,38.3330078125,0,,0
635,GF-30-CAM-31,33634.437661767,33634.439127583,33634.570054036,38.3330078125,38.3330078125,0,,0
637,GF-30-CAM-31,33635.042377031,33635.044357933,33635.15636732,38.3330078125,38.3330078125,0,,0
641,GF-30-CAM-31,33636.131920388,33636.1362303,33636.26172812,38.33349609375,38.3330078125,0,,0
645,GF-30-CAM-31,33637.397278866,33637.400701886,33637.584032123,38.33349609375,38.3330078125,0,,0
647,GF-30-CAM-31,33638.018331099,33638.02122196,33638.217150364,38.3330078125,38.3330078125,0,,0
651,GF-30-CAM-31,33639.260215107,33639.263321007,33639.423154324,38.33349609375,38.3330078125,0,,0
653,GF-30-CAM-31,33639.776993522,33639.780847062,33639.883120943,38.3330078125,38.3330078125,0,,0
655,GF-30-CAM-31,33640.38402803,33640.388351775,33640.579461522,38.3330078125,38.3330078125,0,,0
657,GF-30-CAM-31,33641.008468714,33641.013394714,33641.191104295,38.3330078125,38.3330078125,0,,0
659,GF-30-CAM-31,33641.647680983,33641.652093829,33641.923108541,38.3330078125,38.3330078125,0,,0
661,GF-30-CAM-31,33642.372836785,33642.375403913,33642.586754721,38.3330078125,38.3330078125,0,,0
663,GF-30-CAM-31,33643.077116283,33643.082419868,33643.272305091,38.3330078125,38.3330078125,0,,0
665,GF-30-CAM-31,33643.683342103,33643.686538561,33643.914913649,38.3330078125,38.3330078125,0,,0
667,GF-30-CAM-31,33644.353898047,33644.357221263,33644.511202761,38.3330078125,38.3330078125,0,,0
669,GF-30-CAM-31,33644.912413317,33644.917491386,33645.082762824,38.3330078125,38.3330078125,0,,0
671,GF-30-CAM-31,33645.454684098,33645.457684782,33645.650775553,38.3330078125,38.3330078125,0,,0
673,GF-30-CAM-31,33646.086265594,33646.088606832,33646.203562505,38.3330078125,38.3330078125,0,,0
675,GF-30-CAM-31,33646.606081881,33646.610235117,33646.744319958,38.3330078125,38.3330078125,0,,0
677,GF-30-CAM-31,33647.204089844,33647.206797747,33647.288284726,38.3330078125,38.3330078125,0,,0
679,GF-30-CAM-31,33647.710414882,33647.712729805,33647.909386775,38.3330078125,38.3330078125,0,,0
681,GF-30-CAM-31,33648.288316286,33648.292054971,33648.420869599,38.3330078125,38.3330078125,0,,0
683,GF-30-CAM-31,33648.856255196,33648.859408932,33649.0658976,38.3330078125,38.3330078125,0,,0
685,GF-30-CAM-31,33649.492784632,33649.495956951,33649.691149879,38.3330078125,38.3330078125,0,,0
687,GF-30-CAM-31,33650.088632287,33650.091798575,33650.213515568,38.3330078125,38.3330078125,0,,0
689,GF-30-CAM-31,33650.632262306,33650.634816435,33650.802268462,38.3330078125,38.3330078125,0,,0
691,GF-30-CAM-31,33651.285667847,33651.295639131,33651.472108857,38.3330078125,38.3330078125,0,,0
693,GF-30-CAM-31,33651.859295594,33651.871084219,33652.02085038,38.3330078125,38.3330078125,0,,0
695,GF-30-CAM-31,33652.433543368,33652.434969134,33652.543723938,38.3330078125,38.3330078125,0,,0
697,GF-30-CAM-31,33652.93406547,33652.938509968,33653.067224637,38.3330078125,38.3330078125,0,,0
699,GF-30-CAM-31,33653.441984401,33653.451985779,33653.580309349,38.3330078125,38.3330078125,0,,0
701,GF-30-CAM-31,33654.01616394,33654.018575464,33654.120927718,38.3330078125,38.3330078125,0,,0
703,GF-30-CAM-31,33654.595282806,33654.598015817,33654.721173797,38.3330078125,38.3330078125,0,,0
717,GF-30-CAM-31,33658.65522178,33658.657476618,33658.832699768,38.33349609375,38.3330078125,0,,0
719,GF-30-CAM-31,33659.190156097,33659.194636294,33659.286774236,38.3330078125,38.3330078125,0,,0
721,GF-30-CAM-31,33659.680764921,33659.682318162,33659.774122172,38.3330078125,38.3330078125,0,,0
723,GF-30-CAM-31,33660.185953131,33660.188947162,33660.312747461,38.3330078125,38.3330078125,0,,0
727,GF-30-CAM-31,33661.325219995,33661.328753783,33661.553417374,38.33349609375,38.3330078125,0,,0
731,GF-30-CAM-31,33662.406577196,33662.409286772,33662.497449782,38.33349609375,38.3330078125,0,,0
739,GF-30-CAM-31,33664.656060025,33664.660121094,33664.794231244,38.33349609375,38.3330078125,0,,0
755,GF-30-CAM-31,33669.121947238,33669.125027137,33669.318178473,38.33349609375,38.3330078125,0,,0
757,GF-30-CAM-31,33669.738601752,33669.740307283,33669.90081883,38.3330078125,38.3330078125,0,,0
759,GF-30-CAM-31,33670.313112817,33670.316399272,33670.484366881,38.3330078125,38.3330078125,0,,0
761,GF-30-CAM-31,33670.828124524,33670.831987468,33670.974550032,38.3330078125,38.3330078125,0,,0
763,GF-30-CAM-31,33671.366537938,33671.370076555,33671.517390411,38.3330078125,38.3330078125,0,,0
765,GF-30-CAM-31,33671.964505199,33671.969675949,33672.147186546,38.3330078125,38.3330078125,0,,0
767,GF-30-CAM-31,33672.580911252,33672.583150102,33672.687104781,38.3330078125,38.3330078125,0,,0
769,GF-30-CAM-31,33673.158290417,33673.161235269,33673.294436948,38.3330078125,38.3330078125,0,,0
771,GF-30-CAM-31,33673.835282705,33673.840888194,33674.012435735,38.3330078125,38.3330078125,0,,0
773,GF-30-CAM-31,33674.398370755,33674.400256297,33674.54057165,38.3330078125,38.3330078125,0,,0
775,GF-30-CAM-31,33675.047843829,33675.05764667,33675.19822348,38.3330078125,38.3330078125,0,,0
777,GF-30-CAM-31,33675.636383839,33675.641266702,33675.795390865,38.3330078125,38.3330078125,0,,0
779,GF-30-CAM-31,33676.202511141,33676.204701902,33676.43154529,38.3330078125,38.3330078125,0,,0
781,GF-30-CAM-31,33676.839282125,33676.843454147,33677.041118101,38.3330078125,38.3330078125,0,,0
783,GF-30-CAM-31,33677.440092523,33677.442139008,33677.612122421,38.3330078125,38.3330078125,0,,0
785,GF-30-CAM-31,33678.060460153,33678.066783753,33678.225978356,38.3330078125,38.3330078125,0,,0
787,GF-30-CAM-31,33678.580344764,33678.582719702,33678.694179008,38.3330078125,38.3330078125,0,,0
789,GF-30-CAM-31,33679.092251411,33679.094479244,33679.244265766,38.3330078125,38.3330078125,0,,0
791,GF-30-CAM-31,33679.663249966,33679.667828039,33679.804818612,38.3330078125,38.3330078125,0,,0
793,GF-30-CAM-31,33680.245844626,33680.253053658,33680.368741819,38.3330078125,38.3330078125,0,,0
795,GF-30-CAM-31,33680.704409319,33680.706044209,33680.886459436,38.3330078125,38.3330078125,0,,0
797,GF-30-CAM-31,33681.214946232,33681.21677852,33681.403968841,38.3330078125,38.3330078125,0,,0
799,GF-30-CAM-31,33681.784414628,33681.786233271,33681.946393518,38.3330078125,38.3330078125,0,,0
801,GF-30-CAM-31,33682.322275248,33682.324073826,33682.458166531,38.3330078125,38.3330078125,0,,0
803,GF-30-CAM-31,33682.897566088,33682.899385332,33683.054623882,38.3330078125,38.3330078125,0,,0
805,GF-30-CAM-31,33683.505256376,33683.507809233,33683.647017172,38.3330078125,38.3330078125,0,,0
807,GF-30-CAM-31,33684.041486068,33684.046020166,33684.15716954,38.3330078125,38.3330078125,0,,0
809,GF-30-CAM-31,33684.563849312,33684.56617564,33684.715330247,38.3330078125,38.3330078125,0,,0
811,GF-30-CAM-31,33685.138674786,33685.1421327,33685.321672818,38.3330078125,38.3330078125,0,,0
813,GF-30-CAM-31,33685.744864175,33685.749445363,33685.884899993,38.3330078125,38.3330078125,0,,0
815,GF-30-CAM-31,33686.299774169,33686.30128836,33686.426185209,38.3330078125,38.3330078125,0,,0
817,GF-30-CAM-31,33686.980402912,33686.983727846,33687.097845822,38.3330078125,38.3330078125,0,,0
819,GF-30-CAM-31,33687.447337695,33687.448758595,33687.59868935,38.3330078125,38.3330078125,0,,0
821,GF-30-CAM-31,33687.991893385,33687.993719353,33688.10658471,38.3330078125,38.3330078125,0,,0
823,GF-30-CAM-31,33688.624470652,33688.629135436,33688.759388246,38.3330078125,38.3330078125,0,,0
825,GF-30-CAM-31,33689.23901199,33689.242011277,33689.390991419,38.3330078125,38.3330078125,0,,0
827,GF-30-CAM-31,33689.836341447,33689.838630657,33689.979905734,38.3330078125,38.3330078125,0,,0
829,GF-30-CAM-31,33690.4229887,33690.425810849,33690.61790486,38.3330078125,38.3330078125,0,,0
831,GF-30-CAM-31,33691.140319944,33691.142977564,33691.300566638,38.3330078125,38.3330078125,0,,0
833,GF-30-CAM-31,33691.788225311,33691.792405479,33691.91458951,38.3330078125,38.3330078125,0,,0
835,GF-30-CAM-31,33692.381614056,33692.385612371,33692.52495266,38.3330078125,38.3330078125,0,,0
837,GF-30-CAM-31,33692.926265419,33692.952307294,33693.102898309,38.3330078125,38.3330078125,0,,0
839,GF-30-CAM-31,33693.593849168,33693.597062116,33693.75822316,38.3330078125,38.3330078125,0,,0
841,GF-30-CAM-31,33694.311591127,33694.313843171,33694.435647243,38.3330078125,38.3330078125,0,,0
843,GF-30-CAM-31,33694.927339931,33694.930257673,33695.088412715,38.3330078125,38.3330078125,0,,0
845,GF-30-CAM-31,33695.54245746,33695.544412265,33695.640644615,38.3330078125,38.3330078125,0,,0
847,GF-30-CAM-31,33696.036330898,33696.041335489,33696.195101181,38.3330078125,38.3330078125,0,,0
849,GF-30-CAM-31,33696.589171247,33696.590950094,33696.687848437,38.3330078125,38.3330078125,0,,0
851,GF-30-CAM-31,33697.144430144,33697.152710641,33697.362955502,38.3330078125,38.3330078125,0,,0
853,GF-30-CAM-31,33697.78622467,33697.788126605,33697.932875358,38.3330078125,38.3330078125,0,,0
855,GF-30-CAM-31,33698.33560423,33698.33771826,33698.48591544,38.3330078125,38.3330078125,0,,0
857,GF-30-CAM-31,33698.855567709,33698.859491132,33699.058380985,38.3330078125,38.3330078125,0,,0
859,GF-30-CAM-31,33699.426344369,33699.428020498,33699.578077798,38.3330078125,38.3330078125,0,,0
861,GF-30-CAM-31,33699.977969144,33699.979618606,33700.079325985,38.3330078125,38.3330078125,0,,0
863,GF-30-CAM-31,33700.519311951,33700.522298231,33700.629145928,38.3330078125,38.3330078125,0,,0
865,GF-30-CAM-31,33700.991856536,33700.994903586,33701.16810881,38.3330078125,38.3330078125,0,,0
867,GF-30-CAM-31,33701.507444219,33701.510637742,33701.633796709,38.3330078125,38.3330078125,0,,0
869,GF-30-CAM-31,33702.004149461,33702.00679665,33702.118486572,38.3330078125,38.3330078125,0,,0
871,GF-30-CAM-31,33702.548289109,33702.554139538,33702.711662816,38.3330078125,38.3330078125,0,,0
873,GF-30-CAM-31,33703.0536587,33703.055838136,33703.210069376,38.3330078125,38.3330078125,0,,0
875,GF-30-CAM-31,33703.638719328,33703.64083475,33703.804453989,38.3330078125,38.3330078125,0,,0
877,GF-30-CAM-31,33704.244670321,33704.247080719,33704.396325363,38.3330078125,38.3330078125,0,,0
879,GF-30-CAM-31,33704.754073064,33704.769694114,33704.888758896,38.3330078125,38.3330078125,0,,0
881,GF-30-CAM-31,33705.362631634,33705.367370408,33705.467948717,38.3330078125,38.3330078125,0,,0
883,GF-30-CAM-31,33705.918070366,33705.921056299,33706.044785401,38.3330078125,38.3330078125,0,,0
885,GF-30-CAM-31,33706.484512155,33706.488560708,33706.606694694,38.3330078125,38.3330078125,0,,0
887,GF-30-CAM-31,33706.922463904,33706.926210124,33707.068086973,38.3330078125,38.3330078125,0,,0
925,GF-30-CAM-31,33718.191900718,33718.194312683,33718.371645801,38.33349609375,38.3330078125,0,,0
927,GF-30-CAM-31,33718.808097008,33718.811132572,33718.993518841,38.3330078125,38.3330078125,0,,0
929,GF-30-CAM-31,33719.378982932,33719.381023919,33719.500436165,38.3330078125,38.3330078125,0,,0
931,GF-30-CAM-31,33719.901458479,33719.906222311,33720.151491164,38.3330078125,38.3330078125,0,,0
933,GF-30-CAM-31,33720.593253798,33720.612491571,33720.811905779,38.3330078125,38.3330078125,0,,0
935,GF-30-CAM-31,33721.221468734,33721.229361038,33721.353941207,38.3330078125,38.3330078125,0,,0
937,GF-30-CAM-31,33721.782250357,33721.785619242,33721.986954185,38.3330078125,38.3330078125,0,,0
939,GF-30-CAM-31,33722.455310016,33722.459432222,33722.618851828,38.3330078125,38.3330078125,0,,0
941,GF-30-CAM-31,33722.998419206,33723.004467688,33723.136230656,38.3330078125,38.3330078125,0,,0
943,GF-30-CAM-31,33723.570936981,33723.573723925,33723.685902119,38.3330078125,38.3330078125,0,,0
945,GF-30-CAM-31,33724.004443745,33724.010695921,33724.185742125,38.3330078125,38.3330078125,0,,0
947,GF-30-CAM-31,33724.560552534,33724.563079187,33724.732415764,38.3330078125,38.3330078125,0,,0
949,GF-30-CAM-31,33725.120124045,33725.123204205,33725.233149208,38.3330078125,38.3330078125,0,,0
951,GF-30-CAM-31,33725.650061505,33725.653359181,33725.778694906,38.3330078125,38.3330078125,0,,0
953,GF-30-CAM-31,33726.151496561,33726.153706066,33726.295249723,38.3330078125,38.3330078125,0,,0
955,GF-30-CAM-31,33726.751185152,33726.75521586,33726.868088513,38.3330078125,38.3330078125,0,,0
957,GF-30-CAM-31,33727.266730679,33727.274399917,33727.495827772,38.3330078125,38.3330078125,0,,0
959,GF-30-CAM-31,33727.884286084,33727.888535876,33727.992208613,38.3330078125,38.3330078125,0,,0
961,GF-30-CAM-31,33728.412394743,33728.416198255,33728.603664546,38.3330078125,38.3330078125,0,,0
963,GF-30-CAM-31,33729.094174414,33729.096134085,33729.202752103,38.3330078125,38.3330078125,0,,0
965,GF-30-CAM-31,33729.570383675,33729.575148435,33729.717955662,38.3330078125,38.3330078125,0,,0
967,GF-30-CAM-31,33730.055641117,33730.058038063,33730.212224985,38.3330078125,38.3330078125,0,,0
969,GF-30-CAM-31,33730.601930332,33730.603854624,33730.697082085,38.3330078125,38.3330078125,0,,0
971,GF-30-CAM-31,33731.088236364,33731.090933272,33731.216913004,38.3330078125,38.3330078125,0,,0
973,GF-30-CAM-31,33731.837479951,33731.848562151,33731.957524586,38.3330078125,38.3330078125,0,,0
975,GF-30-CAM-31,33732.359650206,33732.362299912,33732.559325428,38.3330078125,38.3330078125,0,,0
977,GF-30-CAM-31,33732.878922512,33732.88389706,33733.063284271,38.3330078125,38.3330078125,0,,0
979,GF-30-CAM-31,33733.426640255,33733.428962896,33733.517957764,38.3330078125,38.3330078125,0,,0
981,GF-30-CAM-31,33733.854391432,33733.856780418,33734.043788241,38.3330078125,38.3330078125,0,,0
983,GF-30-CAM-31,33734.520346989,33734.526712988,33734.621777235,38.3330078125,38.3330078125,0,,0
985,GF-30-CAM-31,33735.091978795,33735.09470842,33735.23409394,38.3330078125,38.3330078125,0,,0
987,GF-30-CAM-31,33735.558523822,33735.56188767,33735.739866381,38.3330078125,38.3330078125,0,,0
989,GF-30-CAM-31,33736.14689558,33736.14974656,33736.289960569,38.3330078125,38.3330078125,0,,0
991,GF-30-CAM-31,33736.639691909,33736.64434239,33736.76245295,38.3330078125,38.3330078125,0,,0
993,GF-30-CAM-31,33737.217358624,33737.2227232,33737.364670438,38.3330078125,38.3330078125,0,,0
995,GF-30-CAM-31,33737.841416196,33737.843722207,33737.998932025,38.3330078125,38.3330078125,0,,0
997,GF-30-CAM-31,33738.57254464,33738.575916872,33738.789459463,38.3330078125,38.3330078125,0,,0
999,GF-30-CAM-31,33739.243102622,33739.245280025,33739.365582379,38.3330078125,38.3330078125,0,,0
1001,GF-30-CAM-31,33739.760666781,33739.763407751,33739.936085192,38.3330078125,38.3330078125,0,,0
1003,GF-30-CAM-31,33740.296586171,33740.299981458,33740.461949034,38.3330078125,38.3330078125,0,,0
1005,GF-30-CAM-31,33740.82532571,33740.827479934,33741.004892624,38.3330078125,38.3330078125,0,,0
1007,GF-30-CAM-31,33741.413335197,33741.41553455,33741.592657104,38.3330078125,38.3330078125,0,,0
1009,GF-30-CAM-31,33741.990073637,33741.996187523,33742.211268116,38.3330078125,38.3330078125,0,,0
1011,GF-30-CAM-31,33742.598531489,33742.602910966,33742.694598207,38.3330078125,38.3330078125,0,,0
1013,GF-30-CAM-31,33743.120070841,33743.124424576,33743.285639553,38.3330078125,38.3330078125,0,,0
1015,GF-30-CAM-31,33743.660227039,33743.662809875,33743.82243756,38.3330078125,38.3330078125,0,,0
1017,GF-30-CAM-31,33744.2554067,33744.259420418,33744.406321799,38.3330078125,38.3330078125,0,,0
1019,GF-30-CAM-31,33744.826024106,33744.828200553,33744.94776692,38.3330078125,38.3330078125,0,,0
1021,GF-30-CAM-31,33745.333106145,33745.336680261,33745.473491935,38.3330078125,38.3330078125,0,,0
1023,GF-30-CAM-31,33745.857248984,33745.875845022,33746.043791522,38.3330078125,38.3330078125,0,,0
1025,GF-30-CAM-31,33746.399435473,33746.402041545,33746.600837591,38.3330078125,38.3330078125,0,,0
1027,GF-30-CAM-31,33746.971423522,33746.972865681,33747.088519219,38.3330078125,38.3330078125,0,,0
1029,GF-30-CAM-31,33747.53175653,33747.535147656,33747.6465841,38.3330078125,38.3330078125,0,,0
1031,GF-30-CAM-31,33748.122800181,33748.124985461,33748.224952127,38.3330078125,38.3330078125,0,,0
1033,GF-30-CAM-31,33748.659342025,33748.661494654,33748.863782553,38.3330078125,38.3330078125,0,,0
1035,GF-30-CAM-31,33749.230072028,33749.233633814,33749.404833549,38.3330078125,38.3330078125,0,,0
1037,GF-30-CAM-31,33749.880744124,33749.883160281,33750.018808333,38.3330078125,38.3330078125,0,,0
1039,GF-30-CAM-31,33750.548946344,33750.552175567,33750.669249663,38.3330078125,38.3330078125,0,,0
1041,GF-30-CAM-31,33750.947453335,33750.950159775,33751.04946805,38.3330078125,38.3330078125,0,,0
1043,GF-30-CAM-31,33751.373017568,33751.375297902,33751.487510841,38.3330078125,38.3330078125,0,,0
1045,GF-30-CAM-31,33751.80363964,33751.80562911,33751.980978063,38.3330078125,38.3330078125,0,,0
1118,GF-30-CAM-31,33773.89740818,33773.900080593,33774.076847032,38.33349609375,38.3330078125,0,,0
1120,GF-30-CAM-31,33774.62118792,33774.623431968,33774.731254605,38.3330078125,38.3330078125,0,,0
1122,GF-30-CAM-31,33775.154454165,33775.157557889,33775.294685346,38.3330078125,38.3330078125,0,,0
1124,GF-30-CAM-31,33775.71124657,33775.712782178,33775.826172604,38.3330078125,38.3330078125,0,,0
1126,GF-30-CAM-31,33776.248753393,33776.250553056,33776.417093599,38.3330078125,38.3330078125,0,,0
1128,GF-30-CAM-31,33776.772850918,33776.775460388,33776.919549373,38.3330078125,38.3330078125,0,,0
1130,GF-30-CAM-31,33777.313061611,33777.316285982,33777.427219883,38.3330078125,38.3330078125,0,,0
1132,GF-30-CAM-31,33777.83886567,33777.847215798,33777.964972762,38.3330078125,38.3330078125,0,,0
1134,GF-30-CAM-31,33778.371302726,33778.373480005,33778.601838683,38.3330078125,38.3330078125,0,,0
1136,GF-30-CAM-31,33778.992502996,33778.994165033,33779.157515952,38.3330078125,38.3330078125,0,,0
1138,GF-30-CAM-31,33779.529572899,33779.532519502,33779.715032622,38.3330078125,38.3330078125,0,,0
1140,GF-30-CAM-31,33780.107881152,33780.111126149,33780.212536256,38.3330078125,38.3330078125,0,,0
1142,GF-30-CAM-31,33780.636321189,33780.639125825,33780.765625404,38.3330078125,38.3330078125,0,,0
1144,GF-30-CAM-31,33781.190712091,33781.195449197,33781.328542342,38.3330078125,38.3330078125,0,,0
1146,GF-30-CAM-31,33781.740924652,33781.744974266,33781.926388485,38.3330078125,38.3330078125,0,,0
1148,GF-30-CAM-31,33782.364029212,33782.367561677,33782.488625664,38.3330078125,38.3330078125,0,,0
1150,GF-30-CAM-31,33782.909248567,33782.913175295,33783.049481295,38.3330078125,38.3330078125,0,,0
1152,GF-30-CAM-31,33783.568526047,33783.573424922,33783.755156207,38.3330078125,38.3330078125,0,,0
1154,GF-30-CAM-31,33784.237800101,33784.240859933,33784.400736825,38.3330078125,38.3330078125,0,,0
1156,GF-30-CAM-31,33784.853957311,33784.856896363,33784.992578937,38.3330078125,38.3330078125,0,,0
1158,GF-30-CAM-31,33785.505741269,33785.509894679,33785.724396777,38.3330078125,38.3330078125,0,,0
1160,GF-30-CAM-31,33786.280666863,33786.28404677,33786.410778028,38.3330078125,38.3330078125,0,,0
1162,GF-30-CAM-31,33786.790876374,33786.793616992,33786.927900174,38.3330078125,38.3330078125,0,,0
1164,GF-30-CAM-31,33787.33347884,33787.336159937,33787.607188218,38.3330078125,38.3330078125,0,,0
1166,GF-30-CAM-31,33788.067687135,33788.070815991,33788.239957347,38.3330078125,38.3330078125,0,,0
1168,GF-30-CAM-31,33788.685534734,33788.687996813,33788.816712936,38.3330078125,38.3330078125,0,,0
1170,GF-30-CAM-31,33789.242063088,33789.24503699,33789.402973655,38.3330078125,38.3330078125,0,,0
1172,GF-30-CAM-31,33789.817295808,33789.819470052,33789.969031973,38.3330078125,38.3330078125,0,,0
1174,GF-30-CAM-31,33790.419792498,33790.423362438,33790.600705933,38.3330078125,38.3330078125,0,,0
1176,GF-30-CAM-31,33790.966217223,33790.969765252,33791.052081662,38.3330078125,38.3330078125,0,,0
1178,GF-30-CAM-31,33791.407506164,33791.410410187,33791.520516714,38.3330078125,38.3330078125,0,,0
1180,GF-30-CAM-31,33791.985096989,33791.98754168,33792.143521902,38.3330078125,38.3330078125,0,,0
1182,GF-30-CAM-31,33792.588763998,33792.594674062,33792.697169456,38.3330078125,38.3330078125,0,,0
1184,GF-30-CAM-31,33793.195337791,33793.200148211,33793.449348033,38.3330078125,38.3330078125,0,,0
1186,GF-30-CAM-31,33793.869543428,33793.87457171,33794.013346762,38.3330078125,38.3330078125,0,,0
1188,GF-30-CAM-31,33794.391988609,33794.396139697,33794.608393398,38.3330078125,38.3330078125,0,,0
1190,GF-30-CAM-31,33795.116187875,33795.125714007,33795.283766061,38.3330078125,38.3330078125,0,,0
1192,GF-30-CAM-31,33795.639427079,33795.640970886,33795.901896578,38.3330078125,38.3330078125,0,,0
1194,GF-30-CAM-31,33796.408498392,33796.411394839,33796.563349198,38.3330078125,38.3330078125,0,,0
1196,GF-30-CAM-31,33796.968171785,33796.970834383,33797.105975246,38.3330078125,38.3330078125,0,,0
1198,GF-30-CAM-31,33797.50987138,33797.51256465,33797.635341155,38.3330078125,38.3330078125,0,,0
1200,GF-30-CAM-31,33798.013615814,33798.025480542,33798.190949016,38.3330078125,38.3330078125,0,,0
1202,GF-30-CAM-31,33798.610679096,33798.612071072,33798.776196265,38.3330078125,38.3330078125,0,,0
1204,GF-30-CAM-31,33799.215363509,33799.217285897,33799.30668861,38.3330078125,38.3330078125,0,,0
1206,GF-30-CAM-31,33799.708449019,33799.711170808,33799.814532012,38.3330078125,38.3330078125,0,,0
1208,GF-30-CAM-31,33800.188971128,33800.191607196,33800.347233843,38.3330078125,38.3330078125,0,,0
1210,GF-30-CAM-31,33800.771407895,33800.7733161,33800.872443738,38.3330078125,38.3330078125,0,,0
1212,GF-30-CAM-31,33801.257479618,33801.260488876,33801.421017259,38.3330078125,38.3330078125,0,,0
1214,GF-30-CAM-31,33801.95419449,33801.958202068,33802.09793296,38.3330078125,38.3330078125,0,,0
1216,GF-30-CAM-31,33802.473751798,33802.476482654,33802.596905544,38.3330078125,38.3330078125,0,,0
1218,GF-30-CAM-31,33802.967789689,33802.971630118,33803.076921353,38.3330078125,38.3330078125,0,,0
1220,GF-30-CAM-31,33803.466207571,33803.470350323,33803.584499905,38.3330078125,38.3330078125,0,,0
1222,GF-30-CAM-31,33803.955697868,33803.957833797,33804.088972546,38.3330078125,38.3330078125,0,,0
1224,GF-30-CAM-31,33804.492382885,33804.494876624,33804.636042848,38.3330078125,38.3330078125,0,,0
1226,GF-30-CAM-31,33805.078277754,33805.081574201,33805.206176784,38.3330078125,38.3330078125,0,,0
1228,GF-30-CAM-31,33805.643992107,33805.646616846,33805.819131095,38.3330078125,38.3330078125,0,,0
1230,GF-30-CAM-31,33806.206097358,33806.209361218,33806.357835608,38.3330078125,38.3330078125,0,,0
1232,GF-30-CAM-31,33806.821090783,33806.823221154,33806.996218456,38.3330078125,38.3330078125,0,,0
1234,GF-30-CAM-31,33807.451826387,33807.453981633,33807.640461055,38.3330078125,38.3330078125,0,,0
1236,GF-30-CAM-31,33808.099102022,33808.10129735,33808.287959465,38.3330078125,38.3330078125,0,,0
1238,GF-30-CAM-31,33808.618589204,33808.620778188,33808.793062735,38.3330078125,38.3330078125,0,,0
1240,GF-30-CAM-31,33809.259903601,33809.262780052,33809.407944514,38.3330078125,38.3330078125,0,,0
1242,GF-30-CAM-31,33809.896653925,33809.900309307,33810.062142595,38.3330078125,38.3330078125,0,,0
1244,GF-30-CAM-31,33810.51437392,33810.519438597,33810.739350666,38.3330078125,38.3330078125,0,,0
1246,GF-30-CAM-31,33811.23035005,33811.232972842,33811.439556359,38.3330078125,38.3330078125,0,,0
1248,GF-30-CAM-31,33811.856808849,33811.864488683,33811.979568413,38.3330078125,38.3330078125,0,,0
1250,GF-30-CAM-31,33812.381747188,33812.384302764,33812.509580123,38.3330078125,38.3330078125,0,,0
1252,GF-30-CAM-31,33812.95151178,33812.954903835,33813.123456537,38.3330078125,38.3330078125,0,,0
1254,GF-30-CAM-31,33813.508110425,33813.510336398,33813.657147971,38.3330078125,38.3330078125,0,,0
1256,GF-30-CAM-31,33814.073537492,33814.082805348,33814.336366565,38.3330078125,38.3330078125,0,,0
1258,GF-30-CAM-31,33814.836362016,33814.839132439,33815.040478237,38.3330078125,38.3330078125,0,,0
1260,GF-30-CAM-31,33815.413802829,33815.415976985,33815.553982522,38.3330078125,38.3330078125,0,,0
1262,GF-30-CAM-31,33815.98694239,33815.989123659,33816.144680173,38.3330078125,38.3330078125,0,,0
1264,GF-30-CAM-31,33816.565348434,33816.567285244,33816.662767798,38.3330078125,38.3330078125,0,,0
1266,GF-30-CAM-31,33817.128866442,33817.130398711,33817.251834815,38.3330078125,38.3330078125,0,,0
1268,GF-30-CAM-31,33817.631653164,33817.63327759,33817.714927313,38.3330078125,38.3330078125,0,,0
1270,GF-30-CAM-31,33818.150806512,33818.154164939,33818.297787104,38.3330078125,38.3330078125,0,,0
1272,GF-30-CAM-31,33818.721917647,33818.725187129,33818.870749461,38.3330078125,38.3330078125,0,,0
1274,GF-30-CAM-31,33819.329181849,33819.330999764,33819.456214072,38.3330078125,38.3330078125,0,,0
1276,GF-30-CAM-31,33819.904245045,33819.909164499,33820.109588769,38.3330078125,38.3330078125,0,,0
1278,GF-30-CAM-31,33820.526125812,33820.528132687,33820.62987365,38.3330078125,38.3330078125,0,,0
1280,GF-30-CAM-31,33821.023841869,33821.026420578,33821.142936806,38.3330078125,38.3330078125,0,,0
1282,GF-30-CAM-31,33821.527415188,33821.529177498,33821.696501037,38.3330078125,38.3330078125,0,,0
1284,GF-30-CAM-31,33822.134941847,33822.136974325,33822.247040907,38.3330078125,38.3330078125,0,,0
1286,GF-30-CAM-31,33822.773792463,33822.778752561,33822.970475205,38.3330078125,38.3330078125,0,,0
1288,GF-30-CAM-31,33823.331046125,33823.332798422,33823.415547733,38.3330078125,38.3330078125,0,,0
1290,GF-30-CAM-31,33823.7931589,33823.799395333,33823.960818441,38.3330078125,38.3330078125,0,,0
1292,GF-30-CAM-31,33824.401533016,33824.407250288,33824.56298701,38.3330078125,38.3330078125,0,,0
1294,GF-30-CAM-31,33825.004646897,33825.0074339,33825.166961557,38.3330078125,38.3330078125,0,,0
1296,GF-30-CAM-31,33825.595254192,33825.598294348,33825.760959688,38.3330078125,38.3330078125,0,,0
1298,GF-30-CAM-31,33826.272047753,33826.286169779,33826.460813544,38.3330078125,38.3330078125,0,,0
1300,GF-30-CAM-31,33826.864612837,33826.866447642,33827.013918392,38.3330078125,38.3330078125,0,,0
1302,GF-30-CAM-31,33827.430697742,33827.433308576,33827.633902677,38.3330078125,38.3330078125,0,,0
1304,GF-30-CAM-31,33828.061887928,33828.064363005,33828.190931205,38.3330078125,38.3330078125,0,,0
1306,GF-30-CAM-31,33828.642271618,33828.644154172,33828.809357648,38.3330078125,38.3330078125,0,,0
1308,GF-30-CAM-31,33829.333052973,33829.338687757,33829.457905758,38.3330078125,38.3330078125,0,,0
1310,GF-30-CAM-31,33829.867227593,33829.869781931,33829.962559103,38.3330078125,38.3330078125,0,,0
1312,GF-30-CAM-31,33830.391205187,33830.393410583,33830.502783988,38.3330078125,38.3330078125,0,,0
1314,GF-30-CAM-31,33830.886611933,33830.888955216,33830.985750927,38.3330078125,38.3330078125,0,,0
1316,GF-30-CAM-31,33831.403657719,33831.408730243,33831.54651199,38.3330078125,38.3330078125,0,,0
1318,GF-30-CAM-31,33832.100050723,33832.101796263,33832.24604812,38.3330078125,38.3330078125,0,,0
1320,GF-30-CAM-31,33832.692385235,33832.695416842,33832.800504578,38.3330078125,38.3330078125,0,,0
1322,GF-30-CAM-31,33833.223669633,33833.226053157,33833.384824908,38.3330078125,38.3330078125,0,,0
1324,GF-30-CAM-31,33833.775232816,33833.78028097,33833.995421515,38.3330078125,38.3330078125,0,,0
1326,GF-30-CAM-31,33834.420211376,33834.42202834,33834.552324601,38.3330078125,38.3330078125,0,,0
1328,GF-30-CAM-31,33834.941616673,33834.946162368,33835.072265706,38.3330078125,38.3330078125,0,,0
1330,GF-30-CAM-31,33835.526414143,33835.530385345,33835.624442449,38.3330078125,38.3330078125,0,,0
1332,GF-30-CAM-31,33836.099474585,33836.101258523,33836.222196379,38.3330078125,38.3330078125,0,,0
1334,GF-30-CAM-31,33836.645558563,33836.6473375,33836.799205389,38.3330078125,38.3330078125,0,,0
1336,GF-30-CAM-31,33837.230461558,33837.233317858,33837.373537771,38.3330078125,38.3330078125,0,,0
1338,GF-30-CAM-31,33837.737095224,33837.739350488,33837.977367138,38.3330078125,38.3330078125,0,,0
1340,GF-30-CAM-31,33838.361251449,33838.365402222,33838.660223214,38.3330078125,38.3330078125,0,,0
1342,GF-30-CAM-31,33839.088849926,33839.092663284,33839.310181957,38.3330078125,38.3330078125,0,,0
1344,GF-30-CAM-31,33839.760427175,33839.763946791,33839.935048113,38.3330078125,38.3330078125,0,,0
1346,GF-30-CAM-31,33840.351868425,33840.355261113,33840.490257451,38.3330078125,38.3330078125,0,,0
1348,GF-30-CAM-31,33840.887770228,33840.890959335,33841.039374903,38.3330078125,38.3330078125,0,,0
1350,GF-30-CAM-31,33841.46470934,33841.467860883,33841.648752759,38.3330078125,38.3330078125,0,,0
1352,GF-30-CAM-31,33842.095067229,33842.097169766,33842.259089997,38.3330078125,38.3330078125,0,,0
1354,GF-30-CAM-31,33842.641016717,33842.643994149,33842.829583943,38.3330078125,38.3330078125,0,,0
1356,GF-30-CAM-31,33843.213795592,33843.216640657,33843.346901738,38.3330078125,38.3330078125,0,,0
1358,GF-30-CAM-31,33843.695942998,33843.69742084,33843.863252151,38.3330078125,38.3330078125,0,,0
1360,GF-30-CAM-31,33844.323969535,33844.335970483,33844.472655704,38.3330078125,38.3330078125,0,,0
1362,GF-30-CAM-31,33844.812989763,33844.826240394,33844.948844383,38.3330078125,38.3330078125,0,,0
1364,GF-30-CAM-31,33845.340450864,33845.343374209,33845.49007725,38.3330078125,38.3330078125,0,,0
1366,GF-30-CAM-31,33845.916170781,33845.918866085,33846.019157124,38.3330078125,38.3330078125,0,,0
1368,GF-30-CAM-31,33846.405530245,33846.408325916,33846.582508261,38.3330078125,38.3330078125,0,,0
1370,GF-30-CAM-31,33847.064431008,33847.065939393,33847.21037487,38.3330078125,38.3330078125,0,,0
1372,GF-30-CAM-31,33847.501914565,33847.50504222,33847.641007602,38.3330078125,38.3330078125,0,,0
1374,GF-30-CAM-31,33847.989940418,33847.99298947,33848.122266792,38.3330078125,38.3330078125,0,,0
1376,GF-30-CAM-31,33848.5280529,33848.531324966,33848.678862555,38.3330078125,38.3330078125,0,,0
1378,GF-30-CAM-31,33849.042664776,33849.044895869,33849.24145913,38.3330078125,38.3330078125,0,,0
1380,GF-30-CAM-31,33849.620864121,33849.624523377,33849.766162207,38.3330078125,38.3330078125,0,,0
1382,GF-30-CAM-31,33850.201605232,33850.203098098,33850.337450911,38.3330078125,38.3330078125,0,,0
1384,GF-30-CAM-31,33850.819976147,33850.823935507,33850.972882282,38.3330078125,38.3330078125,0,,0
1386,GF-30-CAM-31,33851.418605477,33851.420058615,33851.538300798,38.3330078125,38.3330078125,0,,0
1388,GF-30-CAM-31,33852.069691642,33852.072405259,33852.191075826,38.3330078125,38.3330078125,0,,0
1390,GF-30-CAM-31,33852.493371642,33852.497311566,33852.621504108,38.3330078125,38.3330078125,0,,0
1392,GF-30-CAM-31,33853.074353554,33853.085822836,33853.305406849,38.3330078125,38.3330078125,0,,0
1394,GF-30-CAM-31,33853.688651628,33853.69010881,33853.769975919,38.3330078125,38.3330078125,0,,0
1396,GF-30-CAM-31,33854.206476007,33854.209103434,33854.29687406,38.3330078125,38.3330078125,0,,0
1398,GF-30-CAM-31,33854.761865704,33854.766134848,33854.912176991,38.3330078125,38.3330078125,0,,0
1400,GF-30-CAM-31,33855.28032236,33855.283845736,33855.507039969,38.3330078125,38.3330078125,0,,0
1402,GF-30-CAM-31,33855.926309477,33855.937276401,33856.109070352,38.3330078125,38.3330078125,0,,0
1404,GF-30-CAM-31,33856.4534221,33856.455466727,33856.599135757,38.3330078125,38.3330078125,0,,0
1406,GF-30-CAM-31,33856.94787273,33856.949998047,33857.076485545,38.3330078125,38.3330078125,0,,0
1408,GF-30-CAM-31,33857.45156997,33857.45430273,33857.6043955,38.3330078125,38.3330078125,0,,0
1410,GF-30-CAM-31,33858.035931362,33858.037783184,33858.173839413,38.3330078125,38.3330078125,0,,0
1412,GF-30-CAM-31,33858.526290951,33858.528695624,33858.694871358,38.3330078125,38.3330078125,0,,0
1414,GF-30-CAM-31,33859.045447851,33859.051906118,33859.256352226,38.3330078125,38.3330078125,0,,0
1416,GF-30-CAM-31,33859.685289663,33859.687334696,33859.913172948,38.3330078125,38.3330078125,0,,0
1418,GF-30-CAM-31,33860.322678041,33860.324529901,33860.457701366,38.3330078125,38.3330078125,0,,0
1420,GF-30-CAM-31,33860.889509248,33860.893565661,33861.061422085,38.3330078125,38.3330078125,0,,0
1422,GF-30-CAM-31,33861.473948339,33861.476220675,33861.686150009,38.3330078125,38.3330078125,0,,0
1424,GF-30-CAM-31,33862.070517664,33862.073692875,33862.324732667,38.3330078125,38.3330078125,0,,0
1426,GF-30-CAM-31,33862.660164166,33862.66262403,33862.779423055,38.3330078125,38.3330078125,0,,0
1428,GF-30-CAM-31,33863.11554401,33863.117799359,33863.210781439,38.3330078125,38.3330078125,0,,0
1430,GF-30-CAM-31,33863.537316077,33863.542328242,33863.751533899,38.3330078125,38.3330078125,0,,0
1432,GF-30-CAM-31,33864.082923619,33864.087321725,33864.241512571,38.3330078125,38.3330078125,0,,0
1434,GF-30-CAM-31,33864.701327735,33864.703240777,33864.833999668,38.3330078125,38.3330078125,0,,0
1436,GF-30-CAM-31,33865.253527921,33865.256215389,33865.339358759,38.3330078125,38.3330078125,0,,0
1438,GF-30-CAM-31,33865.874550554,33865.878241736,33866.110099023,38.3330078125,38.3330078125,0,,0
1440,GF-30-CAM-31,33866.669655454,33866.672495444,33866.846674349,38.3330078125,38.3330078125,0,,0
1442,GF-30-CAM-31,33867.244994073,33867.24655551,33867.367887489,38.3330078125,38.3330078125,0,,0
1444,GF-30-CAM-31,33867.734424541,33867.736066718,33867.836333675,38.3330078125,38.3330078125,0,,0
1446,GF-30-CAM-31,33868.137543628,33868.140823618,33868.285290836,38.3330078125,38.3330078125,0,,0
1448,GF-30-CAM-31,33868.644597941,33868.646578491,33868.759077093,38.3330078125,38.3330078125,0,,0
1450,GF-30-CAM-31,33869.128714495,33869.131364864,33869.24970014,38.3330078125,38.3330078125,0,,0
1452,GF-30-CAM-31,33869.574080278,33869.577794155,33869.770355648,38.3330078125,38.3330078125,0,,0
1454,GF-30-CAM-31,33870.211090275,33870.216569001,33870.362606417,38.3330078125,38.3330078125,0,,0
1456,GF-30-CAM-31,33870.769710637,33870.772560921,33870.938899602,38.3330078125,38.3330078125,0,,0
1458,GF-30-CAM-31,33871.371608953,33871.374807187,33871.473093676,38.3330078125,38.3330078125,0,,0
1460,GF-30-CAM-31,33871.843520969,33871.846550346,33871.999794957,38.3330078125,38.3330078125,0,,0
1462,GF-30-CAM-31,33872.382313149,33872.385266291,33872.584461177,38.3330078125,38.3330078125,0,,0
1464,GF-30-CAM-31,33872.861555678,33872.870936944,33873.059970486,38.3330078125,38.3330078125,0,,0
1466,GF-30-CAM-31,33873.478457855,33873.481167977,33873.634878015,38.3330078125,38.3330078125,0,,0
1468,GF-30-CAM-31,33873.968179912,33873.97066915,33874.113587373,38.3330078125,38.3330078125,0,,0
1470,GF-30-CAM-31,33874.447404739,33874.451309961,33874.538675796,38.3330078125,38.3330078125,0,,0
1472,GF-30-CAM-31,33875.035153999,33875.036824261,33875.16438742,38.3330078125,38.3330078125,0,,0
1474,GF-30-CAM-31,33875.562915156,33875.566434628,33875.744238944,38.3330078125,38.3330078125,0,,0
1476,GF-30-CAM-31,33876.092340983,33876.095522477,33876.191218355,38.3330078125,38.3330078125,0,,0
1478,GF-30-CAM-31,33876.572776597,33876.574747334,33876.673530359,38.3330078125,38.3330078125,0,,0
1480,GF-30-CAM-31,33877.04467779,33877.04778394,33877.206536712,38.3330078125,38.3330078125,0,,0
1482,GF-30-CAM-31,33877.591047302,33877.59370442,33877.72744672,38.3330078125,38.3330078125,0,,0
1484,GF-30-CAM-31,33878.211189725,33878.212671068,33878.320514418,38.3330078125,38.3330078125,0,,0
1486,GF-30-CAM-31,33878.695506565,33878.697581366,33878.87436771,38.3330078125,38.3330078125,0,,0
1488,GF-30-CAM-31,33879.314497266,33879.31758645,33879.44796174,38.3330078125,38.3330078125,0,,0
1490,GF-30-CAM-31,33879.908461041,33879.921534131,33880.032181983,38.3330078125,38.3330078125,0,,0
1492,GF-30-CAM-31,33880.547239632,33880.55730371,33880.773777679,38.3330078125,38.3330078125,0,,0
1494,GF-30-CAM-31,33881.229605603,33881.234632238,33881.383367631,38.3330078125,38.3330078125,0,,0
1496,GF-30-CAM-31,33881.983105414,33881.985648038,33882.145525348,38.3330078125,38.3330078125,0,,0
1498,GF-30-CAM-31,33882.597186948,33882.60049643,33882.735685848,38.3330078125,38.3330078125,0,,0
1500,GF-30-CAM-31,33883.165315148,33883.16944977,33883.367386778,38.3330078125,38.3330078125,0,,0
1502,GF-30-CAM-31,33883.896693252,33883.899359649,33884.046521047,38.3330078125,38.3330078125,0,,0
1504,GF-30-CAM-31,33884.399450965,33884.402047238,33884.577387784,38.3330078125,38.3330078125,0,,0
1506,GF-30-CAM-31,33884.969735611,33884.974550602,33885.132925037,38.3330078125,38.3330078125,0,,0
1508,GF-30-CAM-31,33885.572877158,33885.575591427,33885.727367957,38.3330078125,38.3330078125,0,,0
1510,GF-30-CAM-31,33886.081480961,33886.083969359,33886.223912952,38.3330078125,38.3330078125,0,,0
1512,GF-30-CAM-31,33886.649337806,33886.652357957,33886.769569037,38.3330078125,38.3330078125,0,,0
1514,GF-30-CAM-31,33887.313534914,33887.31895853,33887.507773663,38.3330078125,38.3330078125,0,,0
1516,GF-30-CAM-31,33888.030123911,33888.033484269,33888.134377383,38.3330078125,38.3330078125,0,,0
1518,GF-30-CAM-31,33888.603331277,33888.605972999,33888.851115507,38.3330078125,38.3330078125,0,,0
1520,GF-30-CAM-31,33889.329055067,33889.331065461,33889.452229268,38.3330078125,38.3330078125,0,,0
1522,GF-30-CAM-31,33889.842192125,33889.844095427,33890.023864827,38.3330078125,38.3330078125,0,,0
1524,GF-30-CAM-31,33890.444647628,33890.449056663,33890.599432838,38.3330078125,38.3330078125,0,,0
1526,GF-30-CAM-31,33891.011907638,33891.043568803,33891.221626921,38.3330078125,38.3330078125,0,,0
1528,GF-30-CAM-31,33891.640445575,33891.642539454,33891.826016309,38.3330078125,38.3330078125,0,,0
1530,GF-30-CAM-31,33892.24859501,33892.252125245,33892.432220541,38.3330078125,38.3330078125,0,,0
1532,GF-30-CAM-31,33892.839182725,33892.841476467,33893.02555919,38.3330078125,38.3330078125,0,,0
1534,GF-30-CAM-31,33893.507671048,33893.510830874,33893.63317529,38.3330078125,38.3330078125,0,,0
1536,GF-30-CAM-31,33894.045685649,33894.04940485,33894.190459187,38.3330078125,38.3330078125,0,,0
1538,GF-30-CAM-31,33894.565026159,33894.56706562,33894.685740418,38.3330078125,38.3330078125,0,,0
1540,GF-30-CAM-31,33895.042793419,33895.046544297,33895.188827888,38.3330078125,38.3330078125,0,,0
1542,GF-30-CAM-31,33895.756773335,33895.763214507,33895.939088429,38.3330078125,38.3330078125,0,,0
1544,GF-30-CAM-31,33896.286083816,33896.287901254,33896.394199352,38.3330078125,38.3330078125,0,,0
1546,GF-30-CAM-31,33896.792973913,33896.795074878,33896.927131287,38.3330078125,38.3330078125,0,,0
1548,GF-30-CAM-31,33897.357450835,33897.365195175,33897.478952969,38.3330078125,38.3330078125,0,,0
1550,GF-30-CAM-31,33897.855590108,33897.857361467,33897.983836839,38.3330078125,38.3330078125,0,,0
1552,GF-30-CAM-31,33898.37596108,33898.378910655,33898.527252174,38.3330078125,38.3330078125,0,,0
1554,GF-30-CAM-31,33898.934524655,33898.93677048,33899.053420445,38.3330078125,38.3330078125,0,,0
1556,GF-30-CAM-31,33899.458134655,33899.461013085,33899.574816705,38.3330078125,38.3330078125,0,,0
1558,GF-30-CAM-31,33899.987738374,33899.992060955,33900.113171324,38.3330078125,38.3330078125,0,,0
1602,GF-30-CAM-31,33913.085908788,33913.088077158,33913.251078257,38.33349609375,38.3330078125,0,,0
1610,GF-30-CAM-31,33915.24014237,33915.245177357,33915.499961234,38.33349609375,38.3330078125,0,,0
1612,GF-30-CAM-31,33915.965109096,33915.968472046,33916.14644499,38.3330078125,38.3330078125,0,,0
1632,GF-30-CAM-31,33921.663674168,33921.666618668,33921.824817732,38.33349609375,38.3330078125,0,,0
1634,GF-30-CAM-31,33922.283411852,33922.287467877,33922.451832003,38.3330078125,38.3330078125,0,,0
1636,GF-30-CAM-31,33922.862070242,33922.8654594,33922.999501945,38.3330078125,38.3330078125,0,,0
1956,GF-30-CAM-31,34010.381785029,34010.3849834,34010.52431492,38.33349609375,38.3330078125,0,,0
1958,GF-30-CAM-31,34010.85882805,34010.860516279,34011.019446759,38.3330078125,38.3330078125,0,,0
1960,GF-30-CAM-31,34011.412292403,34011.416611811,34011.594617185,38.3330078125,38.3330078125,0,,0
1968,GF-30-CAM-31,34013.958147285,34013.960231559,34014.05553814,38.33349609375,38.3330078125,0,,0
1972,GF-30-CAM-31,34014.943363677,34014.945620355,34015.065020229,38.33349609375,38.3330078125,0,,0
2064,GF-30-CAM-31,34040.720324647,34040.724288775,34040.880994134,38.33349609375,38.3330078125,0,,0
2076,GF-30-CAM-31,34043.960585546,34043.963434,34044.079829944,38.33349609375,38.3330078125,0,,0
2078,GF-30-CAM-31,34044.49751644,34044.500683625,34044.652109817,38.3330078125,38.3330078125,0,,0
2080,GF-30-CAM-31,34045.092544645,34045.096948782,34045.211458232,38.3330078125,38.3330078125,0,,0
2082,GF-30-CAM-31,34045.58769542,34045.590360645,34045.696635367,38.3330078125,38.3330078125,0,,0
2084,GF-30-CAM-31,34046.141513856,34046.14380413,34046.283772275,38.3330078125,38.3330078125,0,,0
2086,GF-30-CAM-31,34046.669060307,34046.671697058,34046.830665908,38.3330078125,38.3330078125,0,,0
2194,GF-30-CAM-31,34076.757507714,34076.760241161,34076.875382104,38.33349609375,38.3330078125,0,,0
2196,GF-30-CAM-31,34077.268959795,34077.273661404,34077.488636542,38.3330078125,38.3330078125,0,,0
2198,GF-30-CAM-31,34077.899456933,34077.901386586,34078.02678704,38.3330078125,38.3330078125,0,,0
2200,GF-30-CAM-31,34078.463182592,34078.465235454,34078.66721988,38.3330078125,38.3330078125,0,,0
2202,GF-30-CAM-31,34079.130880695,34079.134151876,34079.276602131,38.3330078125,38.3330078125,0,,0
2204,GF-30-CAM-31,34079.692669699,34079.69466963,34079.847983078,38.3330078125,38.3330078125,0,,0
2206,GF-30-CAM-31,34080.211232724,34080.214075098,34080.355343885,38.3330078125,38.3330078125,0,,0
2208,GF-30-CAM-31,34080.758694246,34080.763524237,34080.90838795,38.3330078125,38.3330078125,0,,0
2210,GF-30-CAM-31,34081.280451928,34081.283737486,34081.452995355,38.3330078125,38.3330078125,0,,0
2212,GF-30-CAM-31,34081.814358659,34081.818265463,34081.944156272,38.3330078125,38.3330078125,0,,0
2214,GF-30-CAM-31,34082.268720939,34082.270319438,34082.406423566,38.3330078125,38.3330078125,0,,0
2216,GF-30-CAM-31,34082.768382841,34082.775636956,34082.951714452,38.3330078125,38.3330078125,0,,0
2218,GF-30-CAM-31,34083.37431942,34083.375930982,34083.544986624,38.3330078125,38.3330078125,0,,0
2220,GF-30-CAM-31,34083.923103336,34083.925055096,34084.12055377,38.3330078125,38.3330078125,0,,0
2222,GF-30-CAM-31,34084.492413957,34084.499963863,34084.619024601,38.3330078125,38.3330078125,0,,0
2224,GF-30-CAM-31,34084.967064481,34084.969821974,34085.07213992,38.3330078125,38.3330078125,0,,0
2226,GF-30-CAM-31,34085.429456907,34085.432722629,34085.574993613,38.3330078125,38.3330078125,0,,0
2228,GF-30-CAM-31,34085.938715495,34085.942568297,34086.04253586,38.3330078125,38.3330078125,0,,0
2230,GF-30-CAM-31,34086.556214826,34086.558344726,34086.678065736,38.3330078125,38.3330078125,0,,0
2232,GF-30-CAM-31,34087.066560399,34087.070101701,34087.164889193,38.3330078125,38.3330078125,0,,0
2234,GF-30-CAM-31,34087.539207989,34087.542194479,34087.739277583,38.3330078125,38.3330078125,0,,0
2236,GF-30-CAM-31,34088.10256896,34088.104566197,34088.209698853,38.3330078125,38.3330078125,0,,0
2238,GF-30-CAM-31,34088.59582351,34088.601787838,34088.777488451,38.3330078125,38.3330078125,0,,0
2240,GF-30-CAM-31,34089.219929247,34089.222205724,34089.331857802,38.3330078125,38.3330078125,0,,0
2242,GF-30-CAM-31,34089.782730266,34089.785081693,34089.909611926,38.3330078125,38.3330078125,0,,0
2244,GF-30-CAM-31,34090.354272395,34090.356773411,34090.466063857,38.3330078125,38.3330078125,0,,0
2246,GF-30-CAM-31,34090.85144112,34090.853245356,34090.955165597,38.3330078125,38.3330078125,0,,0
2248,GF-30-CAM-31,34091.358485817,34091.361019386,34091.489214128,38.3330078125,38.3330078125,0,,0
2250,GF-30-CAM-31,34091.87058248,34091.872852154,34091.965115954,38.3330078125,38.3330078125,0,,0
2252,GF-30-CAM-31,34092.291607241,34092.293911207,34092.440323282,38.3330078125,38.3330078125,0,,0
2254,GF-30-CAM-31,34092.820659442,34092.822926013,34092.97652653,38.3330078125,38.3330078125,0,,0
2256,GF-30-CAM-31,34093.388575458,34093.392272151,34093.540357182,38.3330078125,38.3330078125,0,,0
2258,GF-30-CAM-31,34093.884864037,34093.887555832,34093.995244754,38.3330078125,38.3330078125,0,,0
2260,GF-30-CAM-31,34094.393905568,34094.396149264,34094.552157047,38.3330078125,38.3330078125,0,,0
2262,GF-30-CAM-31,34094.924960965,34094.928406021,34095.118266261,38.3330078125,38.3330078125,0,,0
2264,GF-30-CAM-31,34095.575641762,34095.577149185,34095.701789586,38.3330078125,38.3330078125,0,,0
2266,GF-30-CAM-31,34096.135795654,34096.138035446,34096.252554023,38.3330078125,38.3330078125,0,,0
2268,GF-30-CAM-31,34096.578236392,34096.579830659,34096.684389315,38.3330078125,38.3330078125,0,,0
2270,GF-30-CAM-31,34097.082670047,34097.086388625,34097.206327196,38.3330078125,38.3330078125,0,,0
2272,GF-30-CAM-31,34097.576268435,34097.579717225,34097.683016389,38.3330078125,38.3330078125,0,,0
2274,GF-30-CAM-31,34098.073425934,34098.075730312,34098.25925752,38.3330078125,38.3330078125,0,,0
2276,GF-30-CAM-31,34098.683253212,34098.685125897,34098.835918401,38.3330078125,38.3330078125,0,,0
2278,GF-30-CAM-31,34099.21753575,34099.219062643,34099.318579368,38.3330078125,38.3330078125,0,,0
2280,GF-30-CAM-31,34099.660794416,34099.66209979,34099.830365194,38.3330078125,38.3330078125,0,,0
2282,GF-30-CAM-31,34100.187271935,34100.190062106,34100.309131118,38.3330078125,38.3330078125,0,,0
2284,GF-30-CAM-31,34100.694026267,34100.697509344,34100.83304718,38.3330078125,38.3330078125,0,,0
2286,GF-30-CAM-31,34101.216775206,34101.220092237,34101.393387733,38.3330078125,38.3330078125,0,,0
2288,GF-30-CAM-31,34101.733305189,34101.73573292,34101.918999857,38.3330078125,38.3330078125,0,,0
2290,GF-30-CAM-31,34102.399144931,34102.401331513,34102.560058024,38.3330078125,38.3330078125,0,,0
2292,GF-30-CAM-31,34102.876988624,34102.879955888,34103.066787368,38.3330078125,38.3330078125,0,,0
2294,GF-30-CAM-31,34103.416391828,34103.420249277,34103.535262989,38.3330078125,38.3330078125,0,,0
2296,GF-30-CAM-31,34103.902238848,34103.904446384,34104.062849127,38.3330078125,38.3330078125,0,,0
2298,GF-30-CAM-31,34104.493313724,34104.495128634,34104.61165061,38.3330078125,38.3330078125,0,,0
2300,GF-30-CAM-31,34105.099094351,34105.102914301,34105.224962806,38.3330078125,38.3330078125,0,,0
2302,GF-30-CAM-31,34105.585801399,34105.588407986,34105.681254003,38.3330078125,38.3330078125,0,,0
2304,GF-30-CAM-31,34105.999690914,34106.001559713,34106.129037868,38.3330078125,38.3330078125,0,,0
2306,GF-30-CAM-31,34106.476420642,34106.478855977,34106.621200597,38.3330078125,38.3330078125,0,,0
2308,GF-30-CAM-31,34107.118941344,34107.125669195,34107.308771273,38.3330078125,38.3330078125,0,,0
2310,GF-30-CAM-31,34107.727345493,34107.730669711,34107.940871122,38.3330078125,38.3330078125,0,,0
2312,GF-30-CAM-31,34108.348604367,34108.351464272,34108.468877957,38.3330078125,38.3330078125,0,,0
2314,GF-30-CAM-31,34108.869329528,34108.871365777,34109.041108409,38.3330078125,38.3330078125,0,,0
2316,GF-30-CAM-31,34109.484046482,34109.485990692,34109.603133479,38.3330078125,38.3330078125,0,,0
2318,GF-30-CAM-31,34109.993359003,34109.995283293,34110.073763528,38.3330078125,38.3330078125,0,,0
2320,GF-30-CAM-31,34110.513065694,34110.524497338,34110.635217958,38.3330078125,38.3330078125,0,,0
2322,GF-30-CAM-31,34111.026769148,34111.031451012,34111.125789201,38.3330078125,38.3330078125,0,,0
2324,GF-30-CAM-31,34111.607330339,34111.609319855,34111.75575029,38.3330078125,38.3330078125,0,,0
2326,GF-30-CAM-31,34112.167545041,34112.169573323,34112.305805086,38.3330078125,38.3330078125,0,,0
2328,GF-30-CAM-31,34112.755749803,34112.758083211,34112.881894534,38.3330078125,38.3330078125,0,,0
2330,GF-30-CAM-31,34113.259801327,34113.263132433,34113.407271146,38.3330078125,38.3330078125,0,,0
2332,GF-30-CAM-31,34113.871617475,34113.877140993,34114.097268717,38.3330078125,38.3330078125,0,,0
2334,GF-30-CAM-31,34114.6194607,34114.622965563,34114.755864399,38.3330078125,38.3330078125,0,,0
2336,GF-30-CAM-31,34115.144810617,34115.147091662,34115.275255001,38.3330078125,38.3330078125,0,,0
2338,GF-30-CAM-31,34115.724853916,34115.73180736,34115.863367719,38.3330078125,38.3330078125,0,,0
2340,GF-30-CAM-31,34116.209032051,34116.214055881,34116.303255775,38.3330078125,38.3330078125,0,,0
2342,GF-30-CAM-31,34116.6643663,34116.667908726,34116.810818257,38.3330078125,38.3330078125,0,,0
2344,GF-30-CAM-31,34117.306506784,34117.318717503,34117.434889482,38.3330078125,38.3330078125,0,,0
2346,GF-30-CAM-31,34117.811109656,34117.812302112,34117.933928748,38.3330078125,38.3330078125,0,,0
2348,GF-30-CAM-31,34118.393333965,34118.396138921,34118.517589093,38.3330078125,38.3330078125,0,,0
2350,GF-30-CAM-31,34118.98631,34118.989062246,34119.167650321,38.3330078125,38.3330078125,0,,0
2352,GF-30-CAM-31,34119.614016914,34119.61594475,34119.719755804,38.3330078125,38.3330078125,0,,0
2354,GF-30-CAM-31,34120.10829263,34120.111818136,34120.23393571,38.3330078125,38.3330078125,0,,0
2356,GF-30-CAM-31,34120.600396325,34120.604332404,34120.730146568,38.3330078125,38.3330078125,0,,0
2358,GF-30-CAM-31,34121.135115999,34121.138575114,34121.326027155,38.3330078125,38.3330078125,0,,0
2360,GF-30-CAM-31,34121.715762584,34121.717816528,34121.80061906,38.3330078125,38.3330078125,0,,0
2362,GF-30-CAM-31,34122.160833799,34122.164418297,34122.279373206,38.3330078125,38.3330078125,0,,0
2364,GF-30-CAM-31,34122.687062544,34122.68981263,34122.801815356,38.3330078125,38.3330078125,0,,0
2366,GF-30-CAM-31,34123.201743896,34123.204592445,34123.344394909,38.3330078125,38.3330078125,0,,0
2368,GF-30-CAM-31,34123.727586238,34123.7296531,34123.921575356,38.3330078125,38.3330078125,0,,0
2370,GF-30-CAM-31,34124.30025299,34124.302423665,34124.38803606,38.3330078125,38.3330078125,0,,0
2372,GF-30-CAM-31,34124.755415743,34124.758684168,34124.906734382,38.3330078125,38.3330078125,0,,0
2374,GF-30-CAM-31,34125.219716716,34125.222778305,34125.380089869,38.3330078125,38.3330078125,0,,0
2376,GF-30-CAM-31,34125.777247718,34125.778560253,34125.926994389,38.3330078125,38.3330078125,0,,0
2378,GF-30-CAM-31,34126.301872686,34126.305166667,34126.45973918,38.3330078125,38.3330078125,0,,0
2380,GF-30-CAM-31,34126.888145933,34126.891572968,34127.161732469,38.3330078125,38.3330078125,0,,0
2382,GF-30-CAM-31,34127.536352861,34127.542901277,34127.711393935,38.3330078125,38.3330078125,0,,0
2384,GF-30-CAM-31,34128.234644896,34128.237653787,34128.397471354,38.3330078125,38.3330078125,0,,0
2386,GF-30-CAM-31,34128.784942692,34128.787494994,34128.893104307,38.3330078125,38.3330078125,0,,0
2388,GF-30-CAM-31,34129.276622913,34129.280354703,34129.480823616,38.3330078125,38.3330078125,0,,0
2390,GF-30-CAM-31,34129.911253669,34129.916239407,34130.083945877,38.3330078125,38.3330078125,0,,0
2392,GF-30-CAM-31,34130.49422707,34130.499319588,34130.601456773,38.3330078125,38.3330078125,0,,0
2394,GF-30-CAM-31,34130.992677769,34130.99486967,34131.217487081,38.3330078125,38.3330078125,0,,0
2396,GF-30-CAM-31,34131.78332582,34131.786709781,34131.952433114,38.3330078125,38.3330078125,0,,0
2398,GF-30-CAM-31,34132.303332889,34132.305453467,34132.427437887,38.3330078125,38.3330078125,0,,0
2400,GF-30-CAM-31,34132.801437631,34132.804144443,34132.895922829,38.3330078125,38.3330078125,0,,0
2402,GF-30-CAM-31,34133.290795965,34133.293416916,34133.438832232,38.3330078125,38.3330078125,0,,0
2404,GF-30-CAM-31,34133.806305886,34133.809369962,34133.899339949,38.3330078125,38.3330078125,0,,0
2406,GF-30-CAM-31,34134.413430155,34134.417327463,34134.626658152,38.3330078125,38.3330078125,0,,0
2408,GF-30-CAM-31,34135.016776456,34135.023889134,34135.119755766,38.3330078125,38.3330078125,0,,0
2410,GF-30-CAM-31,34135.472927582,34135.479571775,34135.685856298,38.3330078125,38.3330078125,0,,0
2412,GF-30-CAM-31,34136.189536609,34136.191910602,34136.329202787,38.3330078125,38.3330078125,0,,0
2414,GF-30-CAM-31,34136.712482125,34136.719230897,34136.904992531,38.3330078125,38.3330078125,0,,0
2416,GF-30-CAM-31,34137.348707639,34137.352718296,34137.514179082,38.3330078125,38.3330078125,0,,0
2418,GF-30-CAM-31,34137.978820788,34137.981174385,34138.137443312,38.3330078125,38.3330078125,0,,0
2420,GF-30-CAM-31,34138.599028103,34138.601668411,34138.771348717,38.3330078125,38.3330078125,0,,0
2422,GF-30-CAM-31,34139.13605059,34139.139058493,34139.294012924,38.3330078125,38.3330078125,0,,0
2424,GF-30-CAM-31,34139.692476815,34139.694456564,34139.868508082,38.3330078125,38.3330078125,0,,0
2426,GF-30-CAM-31,34140.267927819,34140.270710441,34140.413839162,38.3330078125,38.3330078125,0,,0
2428,GF-30-CAM-31,34140.775735999,34140.778323209,34140.910163249,38.3330078125,38.3330078125,0,,0
2430,GF-30-CAM-31,34141.373126799,34141.375513355,34141.564111648,38.3330078125,38.3330078125,0,,0
2432,GF-30-CAM-31,34141.928334924,34141.933127602,34142.092132529,38.3330078125,38.3330078125,0,,0
2434,GF-30-CAM-31,34142.436535427,34142.438946055,34142.588617108,38.3330078125,38.3330078125,0,,0
2436,GF-30-CAM-31,34142.986751489,34142.993473991,34143.153326,38.3330078125,38.3330078125,0,,0
2438,GF-30-CAM-31,34143.571103911,34143.573316745,34143.691038603,38.3330078125,38.3330078125,0,,0
2440,GF-30-CAM-31,34144.079759191,34144.092070241,34144.235983361,38.3330078125,38.3330078125,0,,0
2442,GF-30-CAM-31,34144.656983103,34144.659194148,34144.795554157,38.3330078125,38.3330078125,0,,0
2444,GF-30-CAM-31,34145.193775104,34145.205230525,34145.354926012,38.3330078125,38.3330078125,0,,0
2446,GF-30-CAM-31,34145.656029048,34145.657594277,34145.752580482,38.3330078125,38.3330078125,0,,0
2448,GF-30-CAM-31,34146.060498458,34146.065327522,34146.232288858,38.3330078125,38.3330078125,0,,0
2450,GF-30-CAM-31,34146.637297155,34146.641768473,34146.868766873,38.3330078125,38.3330078125,0,,0
2452,GF-30-CAM-31,34147.285212293,34147.287340052,34147.45195769,38.3330078125,38.3330078125,0,,0
2454,GF-30-CAM-31,34147.935657014,34147.937698877,34148.062265632,38.3330078125,38.3330078125,0,,0
2456,GF-30-CAM-31,34148.429881927,34148.431611096,34148.61167547,38.3330078125,38.3330078125,0,,0
2458,GF-30-CAM-31,34149.041483534,34149.043762533,34149.157666553,38.3330078125,38.3330078125,0,,0
2460,GF-30-CAM-31,34149.713565496,34149.716929262,34149.881445269,38.3330078125,38.3330078125,0,,0
2462,GF-30-CAM-31,34150.247626196,34150.250657452,34150.454738202,38.3330078125,38.3330078125,0,,0
2464,GF-30-CAM-31,34151.023407216,34151.030788895,34151.247572409,38.3330078125,38.3330078125,0,,0
2466,GF-30-CAM-31,34151.630397423,34151.633277177,34151.858829595,38.3330078125,38.3330078125,0,,0
2468,GF-30-CAM-31,34152.175538282,34152.178022407,34152.317352842,38.3330078125,38.3330078125,0,,0
2470,GF-30-CAM-31,34152.653395302,34152.656063069,34152.785123374,38.3330078125,38.3330078125,0,,0
2472,GF-30-CAM-31,34153.093384022,34153.096379764,34153.211661845,38.3330078125,38.3330078125,0,,0
2474,GF-30-CAM-31,34153.614256035,34153.61648104,34153.712703705,38.3330078125,38.3330078125,0,,0
2476,GF-30-CAM-31,34154.139089677,34154.142143732,34154.258496725,38.3330078125,38.3330078125,0,,0
2478,GF-30-CAM-31,34154.528716857,34154.53047136,34154.648360794,38.3330078125,38.3330078125,0,,0
2480,GF-30-CAM-31,34154.988303052,34154.990488689,34155.12028074,38.3330078125,38.3330078125,0,,0
2482,GF-30-CAM-31,34155.434834435,34155.43764292,34155.547095172,38.3330078125,38.3330078125,0,,0
2484,GF-30-CAM-31,34156.026940364,34156.029814699,34156.148277072,38.3330078125,38.3330078125,0,,0
2486,GF-30-CAM-31,34156.568546598,34156.573992975,34156.699601014,38.3330078125,38.3330078125,0,,0
2488,GF-30-CAM-31,34157.068211904,34157.071020585,34157.200682935,38.3330078125,38.3330078125,0,,0
2490,GF-30-CAM-31,34157.563867503,34157.566901503,34157.691915263,38.3330078125,38.3330078125,0,,0
2492,GF-30-CAM-31,34158.077804943,34158.080438753,34158.175860343,38.3330078125,38.3330078125,0,,0
2494,GF-30-CAM-31,34158.502752217,34158.504863875,34158.629671525,38.3330078125,38.3330078125,0,,0
2496,GF-30-CAM-31,34158.985584172,34158.987528816,34159.081719119,38.3330078125,38.3330078125,0,,0
2498,GF-30-CAM-31,34159.471776123,34159.473727509,34159.57156049,38.3330078125,38.3330078125,0,,0
2500,GF-30-CAM-31,34159.921597228,34159.923791116,34160.056995375,38.3330078125,38.3330078125,0,,0
2502,GF-30-CAM-31,34160.348267431,34160.350740874,34160.528757474,38.3330078125,38.3330078125,0,,0
2504,GF-30-CAM-31,34160.8162751,34160.81967226,34160.993653049,38.3330078125,38.3330078125,0,,0
2506,GF-30-CAM-31,34161.341986514,34161.354151202,34161.49434929,38.3330078125,38.3330078125,0,,0
2508,GF-30-CAM-31,34161.796304736,34161.80361817,34161.911617399,38.3330078125,38.3330078125,0,,0
2510,GF-30-CAM-31,34162.268798926,34162.270717502,34162.427855707,38.3330078125,38.3330078125,0,,0
2512,GF-30-CAM-31,34162.806271546,34162.809271843,34162.923468345,38.3330078125,38.3330078125,0,,0
2514,GF-30-CAM-31,34163.137276084,34163.138790017,34163.212908446,38.3330078125,38.3330078125,0,,0
2516,GF-30-CAM-31,34163.492547111,34163.494490369,34163.618562133,38.3330078125,38.3330078125,0,,0
2518,GF-30-CAM-31,34163.877217109,34163.87958184,34163.958822004,38.3330078125,38.3330078125,0,,0
2520,GF-30-CAM-31,34164.202338213,34164.205446899,34164.343030512,38.3330078125,38.3330078125,0,,0
2522,GF-30-CAM-31,34164.794871476,34164.800039971,34165.009482368,38.3330078125,38.3330078125,0,,0
2524,GF-30-CAM-31,34165.521128557,34165.522847902,34165.632539829,38.3330078125,38.3330078125,0,,0
2526,GF-30-CAM-31,34166.045451997,34166.051044124,34166.190242224,38.3330078125,38.3330078125,0,,0
2528,GF-30-CAM-31,34166.540571424,34166.543417836,34166.638196831,38.3330078125,38.3330078125,0,,0
2530,GF-30-CAM-31,34166.996885654,34167.00151061,34167.101103165,38.3330078125,38.3330078125,0,,0
2532,GF-30-CAM-31,34167.417834768,34167.420211479,34167.514759451,38.3330078125,38.3330078125,0,,0
2534,GF-30-CAM-31,34167.818533671,34167.820180959,34167.943149724,38.3330078125,38.3330078125,0,,0
2536,GF-30-CAM-31,34168.184439917,34168.186080186,34168.269751622,38.3330078125,38.3330078125,0,,0
2538,GF-30-CAM-31,34168.625704429,34168.629372246,34168.750184048,38.3330078125,38.3330078125,0,,0
2540,GF-30-CAM-31,34169.024418187,34169.030693913,34169.134720761,38.3330078125,38.3330078125,0,,0
2542,GF-30-CAM-31,34169.406855925,34169.407778803,34169.512271016,38.3330078125,38.3330078125,0,,0
2544,GF-30-CAM-31,34169.812215546,34169.816154735,34169.954821657,38.3330078125,38.3330078125,0,,0
2546,GF-30-CAM-31,34170.279616034,34170.28098309,34170.375173981,38.3330078125,38.3330078125,0,,0
2548,GF-30-CAM-31,34170.665287649,34170.673358081,34170.773461841,38.3330078125,38.3330078125,0,,0
2550,GF-30-CAM-31,34171.072410903,34171.076020373,34171.168041264,38.3330078125,38.3330078125,0,,0
2552,GF-30-CAM-31,34171.416568231,34171.418396782,34171.523628741,38.3330078125,38.3330078125,0,,0
2554,GF-30-CAM-31,34171.856459105,34171.858286959,34171.952831018,38.3330078125,38.3330078125,0,,0
2556,GF-30-CAM-31,34172.315403609,34172.320653428,34172.451281627,38.3330078125,38.3330078125,0,,0
2558,GF-30-CAM-31,34172.690328976,34172.693162738,34172.784468014,38.3330078125,38.3330078125,0,,0
2560,GF-30-CAM-31,34173.108860252,34173.111041952,34173.195706422,38.3330078125,38.3330078125,0,,0
2562,GF-30-CAM-31,34173.462081216,34173.465492621,34173.542023688,38.3330078125,38.3330078125,0,,0
2564,GF-30-CAM-31,34173.882114961,34173.886148924,34174.005127859,38.3330078125,38.3330078125,0,,0
2566,GF-30-CAM-31,34174.327620173,34174.329411196,34174.513361347,38.3330078125,38.3330078125,0,,0
2568,GF-30-CAM-31,34174.90088863,34174.903917686,34175.057185835,38.3330078125,38.3330078125,0,,0
2570,GF-30-CAM-31,34175.406723258,34175.408662194,34175.550493073,38.3330078125,38.3330078125,0,,0
2572,GF-30-CAM-31,34176.011597646,34176.015594201,34176.19403411,38.3330078125,38.3330078125,0,,0
2574,GF-30-CAM-31,34176.575939055,34176.579331296,34176.703356672,38.3330078125,38.3330078125,0,,0
2576,GF-30-CAM-31,34177.160023843,34177.163744304,34177.379209192,38.3330078125,38.3330078125,0,,0
2578,GF-30-CAM-31,34177.778264423,34177.779588001,34177.901989542,38.3330078125,38.3330078125,0,,0
2580,GF-30-CAM-31,34178.28872598,34178.290286892,34178.397181193,38.3330078125,38.3330078125,0,,0
2582,GF-30-CAM-31,34178.851093102,34178.852640838,34178.991775308,38.3330078125,38.3330078125,0,,0
2584,GF-30-CAM-31,34179.352580538,34179.355616367,34179.503826125,38.3330078125,38.3330078125,0,,0
2586,GF-30-CAM-31,34179.846603578,34179.851853857,34180.007891645,38.3330078125,38.3330078125,0,,0
2588,GF-30-CAM-31,34180.466513758,34180.471455955,34180.631271477,38.3330078125,38.3330078125,0,,0
2590,GF-30-CAM-31,34181.016283871,34181.020176817,34181.164045567,38.3330078125,38.3330078125,0,,0
2592,GF-30-CAM-31,34181.568711403,34181.57065037,34181.694633167,38.3330078125,38.3330078125,0,,0
2594,GF-30-CAM-31,34182.180353701,34182.182661119,34182.318532847,38.3330078125,38.3330078125,0,,0
2596,GF-30-CAM-31,34182.735752714,34182.737429455,34182.909918347,38.3330078125,38.3330078125,0,,0
2598,GF-30-CAM-31,34183.251903329,34183.254335621,34183.38233547,38.3330078125,38.3330078125,0,,0
2600,GF-30-CAM-31,34183.738163872,34183.740363067,34183.890507827,38.3330078125,38.3330078125,0,,0
2602,GF-30-CAM-31,34184.299382255,34184.300910324,34184.435989804,38.3330078125,38.3330078125,0,,0
2604,GF-30-CAM-31,34184.824876458,34184.828477881,34184.980313176,38.3330078125,38.3330078125,0,,0
2606,GF-30-CAM-31,34185.405987875,34185.407746163,34185.523465769,38.3330078125,38.3330078125,0,,0
2608,GF-30-CAM-31,34185.871449391,34185.874377036,34186.037535536,38.3330078125,38.3330078125,0,,0
2610,GF-30-CAM-31,34186.358358807,34186.371669972,34186.536165382,38.3330078125,38.3330078125,0,,0
2612,GF-30-CAM-31,34186.989537876,34186.99248877,34187.090214284,38.3330078125,38.3330078125,0,,0
2614,GF-30-CAM-31,34187.426339016,34187.429576219,34187.632127467,38.3330078125,38.3330078125,0,,0
2616,GF-30-CAM-31,34187.994112568,34187.996343009,34188.136082965,38.3330078125,38.3330078125,0,,0
2618,GF-30-CAM-31,34188.55267335,34188.554540158,34188.727741289,38.3330078125,38.3330078125,0,,0
2620,GF-30-CAM-31,34189.11648398,34189.121288714,34189.303956736,38.3330078125,38.3330078125,0,,0
2622,GF-30-CAM-31,34189.64957546,34189.65316483,34189.777157711,38.3330078125,38.3330078125,0,,0
2624,GF-30-CAM-31,34190.136183865,34190.139553079,34190.22258915,38.3330078125,38.3330078125,0,,0
2626,GF-30-CAM-31,34190.64273384,34190.6453314,34190.815412787,38.3330078125,38.3330078125,0,,0
2628,GF-30-CAM-31,34191.21556995,34191.2182862,34191.340323594,38.3330078125,38.3330078125,0,,0
2630,GF-30-CAM-31,34191.736610398,34191.738414707,34191.872846946,38.3330078125,38.3330078125,0,,0
2632,GF-30-CAM-31,34192.235061381,34192.237220669,34192.386673448,38.3330078125,38.3330078125,0,,0
2634,GF-30-CAM-31,34192.751956356,34192.753657949,34192.88733834,38.3330078125,38.3330078125,0,,0
2636,GF-30-CAM-31,34193.344107249,34193.347137349,34193.474534598,38.3330078125,38.3330078125,0,,0
2638,GF-30-CAM-31,34193.8973016,34193.899331775,34194.017351264,38.3330078125,38.3330078125,0,,0
2640,GF-30-CAM-31,34194.452063287,34194.455509781,34194.581377522,38.3330078125,38.3330078125,0,,0
2642,GF-30-CAM-31,34194.983040555,34194.987669665,34195.118290004,38.3330078125,38.3330078125,0,,0
2644,GF-30-CAM-31,34195.460457784,34195.463487195,34195.610109496,38.3330078125,38.3330078125,0,,0
2646,GF-30-CAM-31,34196.04035016,34196.042937481,34196.157607781,38.3330078125,38.3330078125,0,,0
2648,GF-30-CAM-31,34196.598142998,34196.600117756,34196.692650169,38.3330078125,38.3330078125,0,,0
2650,GF-30-CAM-31,34197.02926773,34197.032556056,34197.208817704,38.3330078125,38.3330078125,0,,0
2652,GF-30-CAM-31,34197.710042013,34197.718410302,34197.888659473,38.3330078125,38.3330078125,0,,0
2654,GF-30-CAM-31,34198.225357941,34198.228301442,34198.38063317,38.3330078125,38.3330078125,0,,0
2656,GF-30-CAM-31,34198.781773367,34198.784397689,34198.956359141,38.3330078125,38.3330078125,0,,0
2658,GF-30-CAM-31,34199.38128239,34199.383235559,34199.521216843,38.3330078125,38.3330078125,0,,0
2660,GF-30-CAM-31,34199.903244696,34199.906025727,34200.094280701,38.3330078125,38.3330078125,0,,0
2662,GF-30-CAM-31,34200.499961411,34200.50328563,34200.622726624,38.3330078125,38.3330078125,0,,0
2664,GF-30-CAM-31,34201.002524922,34201.005546877,34201.124460611,38.3330078125,38.3330078125,0,,0
2666,GF-30-CAM-31,34201.524801272,34201.526946433,34201.630507191,38.3330078125,38.3330078125,0,,0
2668,GF-30-CAM-31,34202.150904753,34202.155490995,34202.303307552,38.3330078125,38.3330078125,0,,0
2670,GF-30-CAM-31,34202.657536505,34202.659144336,34202.800149335,38.3330078125,38.3330078125,0,,0
2672,GF-30-CAM-31,34203.149128297,34203.151675537,34203.25155444,38.3330078125,38.3330078125,0,,0
2674,GF-30-CAM-31,34203.702657785,34203.70496545,34203.822604179,38.3330078125,38.3330078125,0,,0
2676,GF-30-CAM-31,34204.246505211,34204.24973242,34204.464939353,38.3330078125,38.3330078125,0,,0
2678,GF-30-CAM-31,34204.891998107,34204.896391509,34205.039963188,38.3330078125,38.3330078125,0,,0
2680,GF-30-CAM-31,34205.426354725,34205.428493369,34205.523791665,38.3330078125,38.3330078125,0,,0
2682,GF-30-CAM-31,34205.973215076,34205.976547205,34206.090165627,38.3330078125,38.3330078125,0,,0
2684,GF-30-CAM-31,34206.476253638,34206.481539432,34206.627784777,38.3330078125,38.3330078125,0,,0
2686,GF-30-CAM-31,34206.96114439,34206.963959234,34207.07261485,38.3330078125,38.3330078125,0,,0
2688,GF-30-CAM-31,34207.494959377,34207.497268492,34207.615578712,38.3330078125,38.3330078125,0,,0
2690,GF-30-CAM-31,34208.025352145,34208.02699529,34208.142275359,38.3330078125,38.3330078125,0,,0
2692,GF-30-CAM-31,34208.55481494,34208.557648286,34208.6879506,38.3330078125,38.3330078125,0,,0
2694,GF-30-CAM-31,34209.232622109,34209.235734509,34209.36093056,38.3330078125,38.3330078125,0,,0
2696,GF-30-CAM-31,34209.707648606,34209.709542074,34209.793973039,38.3330078125,38.3330078125,0,,0
2698,GF-30-CAM-31,34210.232868202,34210.234207559,34210.340924119,38.3330078125,38.3330078125,0,,0
2700,GF-30-CAM-31,34210.744500333,34210.746838631,34210.820707659,38.3330078125,38.3330078125,0,,0
2702,GF-30-CAM-31,34211.225824394,34211.228394696,34211.385329278,38.3330078125,38.3330078125,0,,0
2792,GF-30-CAM-31,34237.76384195,34237.765808945,34237.849027255,38.33349609375,38.3330078125,0,,0
2794,GF-30-CAM-31,34238.349951776,34238.352446635,34238.498046952,38.3330078125,38.3330078125,0,,0
2796,GF-30-CAM-31,34238.847512137,34238.851798292,34238.984591882,38.3330078125,38.3330078125,0,,0
2798,GF-30-CAM-31,34239.36220781,34239.364250859,34239.524172014,38.3330078125,38.3330078125,0,,0
2800,GF-30-CAM-31,34239.895488044,34239.898257071,34240.0384687,38.3330078125,38.3330078125,0,,0
2802,GF-30-CAM-31,34240.420324567,34240.42324901,34240.520297661,38.3330078125,38.3330078125,0,,0
2804,GF-30-CAM-31,34240.932768075,34240.935816397,34241.075899614,38.3330078125,38.3330078125,0,,0
2806,GF-30-CAM-31,34241.468371088,34241.470784845,34241.613050416,38.3330078125,38.3330078125,0,,0
2808,GF-30-CAM-31,34242.041310364,34242.044960623,34242.190214372,38.3330078125,38.3330078125,0,,0
2810,GF-30-CAM-31,34242.581070252,34242.590996343,34242.705238363,38.3330078125,38.3330078125,0,,0
2812,GF-30-CAM-31,34243.157118558,34243.160781421,34243.318862705,38.3330078125,38.3330078125,0,,0
2814,GF-30-CAM-31,34243.762781293,34243.764906375,34243.910536463,38.3330078125,38.3330078125,0,,0
2816,GF-30-CAM-31,34244.398687333,34244.402551667,34244.545554508,38.3330078125,38.3330078125,0,,0
2818,GF-30-CAM-31,34244.933084071,34244.958998363,34245.095408483,38.3330078125,38.3330078125,0,,0
2820,GF-30-CAM-31,34245.505165971,34245.506776816,34245.648139411,38.3330078125,38.3330078125,0,,0
2822,GF-30-CAM-31,34246.060852907,34246.066552255,34246.237524689,38.3330078125,38.3330078125,0,,0
2824,GF-30-CAM-31,34246.609984062,34246.613651456,34246.749764544,38.3330078125,38.3330078125,0,,0
2826,GF-30-CAM-31,34247.153233737,34247.156515462,34247.297821493,38.3330078125,38.3330078125,0,,0
2828,GF-30-CAM-31,34247.744649386,34247.75169605,34247.946182842,38.3330078125,38.3330078125,0,,0
2830,GF-30-CAM-31,34248.39307039,34248.395940881,34248.536807825,38.3330078125,38.3330078125,0,,0
2832,GF-30-CAM-31,34248.932206909,34248.937294969,34249.12526342,38.3330078125,38.3330078125,0,,0
2834,GF-30-CAM-31,34249.523210279,34249.525596379,34249.688397178,38.3330078125,38.3330078125,0,,0
2836,GF-30-CAM-31,34250.134668275,34250.139058051,34250.308677526,38.3330078125,38.3330078125,0,,0
2838,GF-30-CAM-31,34250.757617603,34250.759922519,34250.938383303,38.3330078125,38.3330078125,0,,0
2840,GF-30-CAM-31,34251.33607068,34251.346676302,34251.544135178,38.3330078125,38.3330078125,0,,0
2842,GF-30-CAM-31,34251.964891925,34251.968049371,34252.160768135,38.3330078125,38.3330078125,0,,0
2844,GF-30-CAM-31,34252.559264652,34252.562488049,34252.667947594,38.3330078125,38.3330078125,0,,0
2846,GF-30-CAM-31,34253.116683505,34253.120760165,34253.271516618,38.3330078125,38.3330078125,0,,0
2848,GF-30-CAM-31,34253.69314494,34253.695493403,34253.843410641,38.3330078125,38.3330078125,0,,0
2850,GF-30-CAM-31,34254.240415994,34254.242725125,34254.372065186,38.3330078125,38.3330078125,0,,0
2852,GF-30-CAM-31,34254.757724221,34254.760844529,34254.888298311,38.3330078125,38.3330078125,0,,0
2854,GF-30-CAM-31,34255.300721979,34255.303354962,34255.414114691,38.3330078125,38.3330078125,0,,0
2856,GF-30-CAM-31,34255.776224446,34255.77802655,34255.884982556,38.3330078125,38.3330078125,0,,0
2858,GF-30-CAM-31,34256.332814284,34256.335750924,34256.455688767,38.3330078125,38.3330078125,0,,0
2860,GF-30-CAM-31,34256.889208975,34256.904851084,34257.050353178,38.3330078125,38.3330078125,0,,0
2862,GF-30-CAM-31,34257.43297156,34257.434219092,34257.54357299,38.3330078125,38.3330078125,0,,0
2864,GF-30-CAM-31,34257.895739463,34257.898045137,34258.059770832,38.3330078125,38.3330078125,0,,0
2866,GF-30-CAM-31,34258.428123102,34258.429755628,34258.544136841,38.3330078125,38.3330078125,0,,0
2868,GF-30-CAM-31,34258.862567045,34258.864749243,34259.014246025,38.3330078125,38.3330078125,0,,0
2870,GF-30-CAM-31,34259.330949505,34259.332634093,34259.423924626,38.3330078125,38.3330078125,0,,0
2872,GF-30-CAM-31,34259.821716425,34259.827751022,34259.978877574,38.3330078125,38.3330078125,0,,0
2874,GF-30-CAM-31,34260.333685262,34260.337512472,34260.461332131,38.3330078125,38.3330078125,0,,0
2876,GF-30-CAM-31,34260.822866775,34260.828716676,34260.96425275,38.3330078125,38.3330078125,0,,0
2878,GF-30-CAM-31,34261.416328722,34261.419272607,34261.564024537,38.3330078125,38.3330078125,0,,0
2880,GF-30-CAM-31,34261.91322673,34261.915676426,34262.030320569,38.3330078125,38.3330078125,0,,0
2882,GF-30-CAM-31,34262.438759355,34262.441291046,34262.583805897,38.3330078125,38.3330078125,0,,0
2884,GF-30-CAM-31,34262.97795735,34262.979758374,34263.132706957,38.3330078125,38.3330078125,0,,0
2886,GF-30-CAM-31,34263.508324181,34263.511041006,34263.630329703,38.3330078125,38.3330078125,0,,0
2888,GF-30-CAM-31,34264.043540784,34264.045835797,34264.140670181,38.3330078125,38.3330078125,0,,0
2890,GF-30-CAM-31,34264.553021536,34264.555079389,34264.670989469,38.3330078125,38.3330078125,0,,0
2892,GF-30-CAM-31,34265.084549409,34265.088988691,34265.255374771,38.3330078125,38.3330078125,0,,0
2894,GF-30-CAM-31,34265.743206642,34265.746694599,34265.929203897,38.3330078125,38.3330078125,0,,0
2896,GF-30-CAM-31,34266.301789207,34266.304869425,34266.442118479,38.3330078125,38.3330078125,0,,0
2898,GF-30-CAM-31,34266.782559436,34266.788069274,34266.861647326,38.3330078125,38.3330078125,0,,0
2900,GF-30-CAM-31,34267.265276231,34267.268097543,34267.356208432,38.3330078125,38.3330078125,0,,0
2902,GF-30-CAM-31,34267.685775136,34267.702800551,34267.803108263,38.3330078125,38.3330078125,0,,0
2904,GF-30-CAM-31,34268.181817466,34268.184505592,34268.348655981,38.3330078125,38.3330078125,0,,0
2906,GF-30-CAM-31,34268.819781545,34268.823823064,34269.049530069,38.3330078125,38.3330078125,0,,0
2908,GF-30-CAM-31,34269.454850517,34269.456781488,34269.594945538,38.3330078125,38.3330078125,0,,0
2910,GF-30-CAM-31,34269.974949728,34269.977272188,34270.117070085,38.3330078125,38.3330078125,0,,0
2912,GF-30-CAM-31,34270.483722472,34270.485318159,34270.646399985,38.3330078125,38.3330078125,0,,0
2914,GF-30-CAM-31,34271.007404617,34271.008660692,34271.098257447,38.3330078125,38.3330078125,0,,0
2916,GF-30-CAM-31,34271.476709133,34271.479287735,34271.616057951,38.3330078125,38.3330078125,0,,0
2918,GF-30-CAM-31,34271.942297163,34271.944673068,34272.056287511,38.3330078125,38.3330078125,0,,0
2920,GF-30-CAM-31,34272.3987781,34272.400304897,34272.5409838,38.3330078125,38.3330078125,0,,0
2922,GF-30-CAM-31,34272.850167308,34272.85564948,34272.95722112,38.3330078125,38.3330078125,0,,0
2924,GF-30-CAM-31,34273.351394574,34273.353789506,34273.503527106,38.3330078125,38.3330078125,0,,0
2926,GF-30-CAM-31,34273.847605526,34273.851886483,34273.981242705,38.3330078125,38.3330078125,0,,0
2928,GF-30-CAM-31,34274.414353213,34274.416696108,34274.57178865,38.3330078125,38.3330078125,0,,0
2930,GF-30-CAM-31,34274.98373589,34274.98922229,34275.130972049,38.3330078125,38.3330078125,0,,0
2932,GF-30-CAM-31,34275.573322058,34275.576058209,34275.755836237,38.3330078125,38.3330078125,0,,0
2934,GF-30-CAM-31,34276.147891403,34276.151242976,34276.260283831,38.3330078125,38.3330078125,0,,0
2936,GF-30-CAM-31,34276.684477342,34276.686535297,34276.857724253,38.3330078125,38.3330078125,0,,0
2938,GF-30-CAM-31,34277.228963648,34277.23266436,34277.393995891,38.3330078125,38.3330078125,0,,0
2940,GF-30-CAM-31,34277.790839795,34277.7931838,34277.969528218,38.3330078125,38.3330078125,0,,0
2942,GF-30-CAM-31,34278.334788759,34278.337367186,34278.475504255,38.3330078125,38.3330078125,0,,0
2944,GF-30-CAM-31,34278.867570135,34278.871659354,34279.076539679,38.3330078125,38.3330078125,0,,0
2946,GF-30-CAM-31,34279.487888215,34279.49263948,34279.747210205,38.3330078125,38.3330078125,0,,0
2948,GF-30-CAM-31,34280.15307186,34280.155915735,34280.253791612,38.3330078125,38.3330078125,0,,0
2950,GF-30-CAM-31,34280.584081252,34280.586066757,34280.714280734,38.3330078125,38.3330078125,0,,0
2952,GF-30-CAM-31,34281.112585588,34281.114266165,34281.225858684,38.3330078125,38.3330078125,0,,0
2954,GF-30-CAM-31,34281.608372775,34281.610224925,34281.726314202,38.3330078125,38.3330078125,0,,0
2956,GF-30-CAM-31,34282.170412684,34282.17419868,34282.345610622,38.3330078125,38.3330078125,0,,0
2958,GF-30-CAM-31,34282.810612804,34282.813307255,34282.976314316,38.3330078125,38.3330078125,0,,0
2960,GF-30-CAM-31,34283.349710795,34283.353936773,34283.466444001,38.3330078125,38.3330078125,0,,0
2962,GF-30-CAM-31,34283.817081458,34283.818998579,34283.944183398,38.3330078125,38.3330078125,0,,0
2964,GF-30-CAM-31,34284.355633338,34284.362730171,34284.591746617,38.3330078125,38.3330078125,0,,0
2966,GF-30-CAM-31,34284.959762409,34284.964894707,34285.122345184,38.3330078125,38.3330078125,0,,0
2968,GF-30-CAM-31,34285.634648748,34285.641357237,34285.802176852,38.3330078125,38.3330078125,0,,0
2970,GF-30-CAM-31,34286.246132519,34286.247942589,34286.386649101,38.3330078125,38.3330078125,0,,0
2972,GF-30-CAM-31,34286.812151648,34286.816263093,34287.025554137,38.3330078125,38.3330078125,0,,0
2974,GF-30-CAM-31,34287.48177458,34287.484303177,34287.665523429,38.3330078125,38.3330078125,0,,0
2976,GF-30-CAM-31,34288.178515364,34288.182766832,34288.327115214,38.3330078125,38.3330078125,0,,0
2978,GF-30-CAM-31,34288.713770662,34288.717147191,34288.874787784,38.3330078125,38.3330078125,0,,0
2980,GF-30-CAM-31,34289.330543359,34289.3327815,34289.5333539,38.3330078125,38.3330078125,0,,0
2982,GF-30-CAM-31,34290.092838969,34290.098346766,34290.196880131,38.3330078125,38.3330078125,0,,0
2984,GF-30-CAM-31,34290.551489868,34290.554189807,34290.663680667,38.3330078125,38.3330078125,0,,0
2986,GF-30-CAM-31,34291.057339511,34291.060436135,34291.168437931,38.3330078125,38.3330078125,0,,0
2988,GF-30-CAM-31,34291.522641264,34291.528707476,34291.665812382,38.3330078125,38.3330078125,0,,0
2990,GF-30-CAM-31,34292.057292958,34292.059678289,34292.17555537,38.3330078125,38.3330078125,0,,0
2992,GF-30-CAM-31,34292.590317673,34292.592803083,34292.692880669,38.3330078125,38.3330078125,0,,0
2994,GF-30-CAM-31,34293.072946057,34293.075364102,34293.21510669,38.3330078125,38.3330078125,0,,0
2996,GF-30-CAM-31,34293.555660488,34293.55767868,34293.654438526,38.3330078125,38.3330078125,0,,0
2998,GF-30-CAM-31,34294.054892997,34294.056860603,34294.229269236,38.3330078125,38.3330078125,0,,0
3000,GF-30-CAM-31,34294.597147706,34294.599222446,34294.711826414,38.3330078125,38.3330078125,0,,0
3004,GF-30-CAM-31,34295.745758327,34295.750238338,34296.023668241,38.33349609375,38.3330078125,0,,0
3020,GF-30-CAM-31,34300.345766027,34300.348172212,34300.475721444,38.333984375,38.3330078125,0,,0
3022,GF-30-CAM-31,34300.829193288,34300.832429776,34300.96219768,38.3330078125,38.3330078125,0,,0
3024,GF-30-CAM-31,34301.354368445,34301.356655383,34301.486417254,38.3330078125,38.3330078125,0,,0
3026,GF-30-CAM-31,34301.855598044,34301.864249887,34301.99693739,38.3330078125,38.3330078125,0,,0
3028,GF-30-CAM-31,34302.452390712,34302.458556396,34302.568294583,38.3330078125,38.3330078125,0,,0
3030,GF-30-CAM-31,34302.915454453,34302.917450853,34303.071491648,38.3330078125,38.3330078125,0,,0
3088,GF-30-CAM-31,34318.975048238,34318.976042104,34319.051577713,38.33349609375,38.3330078125,0,,0
3090,GF-30-CAM-31,34319.449899778,34319.453892658,34319.610103001,38.3330078125,38.3330078125,0,,0
3092,GF-30-CAM-31,34319.985594011,34319.987940092,34320.095168356,38.3330078125,38.3330078125,0,,0
3094,GF-30-CAM-31,34320.431239612,34320.434954731,34320.539993381,38.3330078125,38.3330078125,0,,0
3096,GF-30-CAM-31,34320.894353587,34320.899052537,34321.01194137,38.3330078125,38.3330078125,0,,0
3098,GF-30-CAM-31,34321.571264283,34321.57373844,34321.696706249,38.3330078125,38.3330078125,0,,0
3100,GF-30-CAM-31,34322.223843231,34322.227603483,34322.384877737,38.3330078125,38.3330078125,0,,0
3102,GF-30-CAM-31,34322.781315089,34322.78256822,34322.8692692,38.3330078125,38.3330078125,0,,0
3104,GF-30-CAM-31,34323.240597185,34323.242143161,34323.385834753,38.3330078125,38.3330078125,0,,0
3106,GF-30-CAM-31,34323.771257402,34323.773884719,34323.899604048,38.3330078125,38.3330078125,0,,0
3108,GF-30-CAM-31,34324.260864654,34324.263656014,34324.374079546,38.3330078125,38.3330078125,0,,0
3110,GF-30-CAM-31,34324.798819973,34324.805953368,34324.974808192,38.3330078125,38.3330078125,0,,0
3112,GF-30-CAM-31,34325.470606547,34325.474907312,34325.638699356,38.3330078125,38.3330078125,0,,0
3114,GF-30-CAM-31,34326.004133289,34326.00767518,34326.14068638,38.3330078125,38.3330078125,0,,0
3116,GF-30-CAM-31,34326.569921275,34326.574107007,34326.678113797,38.3330078125,38.3330078125,0,,0
3134,GF-30-CAM-31,34331.655989848,34331.658087356,34331.75450479,38.33349609375,38.3330078125,0,,0
3136,GF-30-CAM-31,34332.286705256,34332.293300574,34332.408759009,38.3330078125,38.3330078125,0,,0
3138,GF-30-CAM-31,34332.79373902,34332.796179814,34332.924542095,38.3330078125,38.3330078125,0,,0
3140,GF-30-CAM-31,34333.266576039,34333.270282817,34333.401175251,38.3330078125,38.3330078125,0,,0
3142,GF-30-CAM-31,34333.795331597,34333.797143981,34333.889511494,38.3330078125,38.3330078125,0,,0
3144,GF-30-CAM-31,34334.247583747,34334.250427284,34334.385185867,38.3330078125,38.3330078125,0,,0
3146,GF-30-CAM-31,34334.83203778,34334.836726615,34334.952561211,38.3330078125,38.3330078125,0,,0
3148,GF-30-CAM-31,34335.301837588,34335.30360425,34335.448910405,38.3330078125,38.3330078125,0,,0
3150,GF-30-CAM-31,34335.896387299,34335.899144034,34336.027874467,38.3330078125,38.3330078125,0,,0
3152,GF-30-CAM-31,34336.429573708,34336.432347947,34336.61033531,38.3330078125,38.3330078125,0,,0
3154,GF-30-CAM-31,34336.969941101,34336.972680713,34337.112151181,38.3330078125,38.3330078125,0,,0
3156,GF-30-CAM-31,34337.43668382,34337.448407284,34337.641835931,38.3330078125,38.3330078125,0,,0
3160,GF-30-CAM-31,34338.594550289,34338.597767344,34338.769870825,38.33349609375,38.3330078125,0,,0
3194,GF-30-CAM-31,34348.545162336,34348.549291893,34348.650051774,38.33349609375,38.3330078125,0,,0
3196,GF-30-CAM-31,34349.169298539,34349.176538061,34349.33760529,38.3330078125,38.3330078125,0,,0
3446,GF-30-CAM-31,34420.114596449,34420.117645494,34420.276561213,38.33349609375,38.3330078125,0,,0
3448,GF-30-CAM-31,34420.649215678,34420.654817402,34420.792892122,38.3330078125,38.3330078125,0,,0
3450,GF-30-CAM-31,34421.106395873,34421.109022434,34421.263121009,38.3330078125,38.3330078125,0,,0
3452,GF-30-CAM-31,34421.618174613,34421.619693949,34421.746597231,38.3330078125,38.3330078125,0,,0
3454,GF-30-CAM-31,34422.086646714,34422.089873809,34422.264760566,38.3330078125,38.3330078125,0,,0
3456,GF-30-CAM-31,34422.744012816,34422.746189468,34422.885779217,38.3330078125,38.3330078125,0,,0
3458,GF-30-CAM-31,34423.290166742,34423.292123711,34423.450202082,38.3330078125,38.3330078125,0,,0
3460,GF-30-CAM-31,34423.866950879,34423.869330174,34424.05080649,38.3330078125,38.3330078125,0,,0
3462,GF-30-CAM-31,34424.458047741,34424.46145125,34424.59499681,38.3330078125,38.3330078125,0,,0
3464,GF-30-CAM-31,34425.015439239,34425.022320836,34425.136719409,38.3330078125,38.3330078125,0,,0
3466,GF-30-CAM-31,34425.573137621,34425.575358409,34425.702834101,38.3330078125,38.3330078125,0,,0
3468,GF-30-CAM-31,34426.108057488,34426.111467379,34426.253718939,38.3330078125,38.3330078125,0,,0
3470,GF-30-CAM-31,34426.736308189,34426.738968698,34426.86123491,38.3330078125,38.3330078125,0,,0
3472,GF-30-CAM-31,34427.285037568,34427.288767154,34427.43076725,38.3330078125,38.3330078125,0,,0
3474,GF-30-CAM-31,34427.779613118,34427.781896963,34427.854858074,38.3330078125,38.3330078125,0,,0
3476,GF-30-CAM-31,34428.317689169,34428.321136701,34428.4304951,38.3330078125,38.3330078125,0,,0
3478,GF-30-CAM-31,34428.814193912,34428.815773083,34428.981761962,38.3330078125,38.3330078125,0,,0
3480,GF-30-CAM-31,34429.435518066,34429.437736644,34429.531824531,38.3330078125,38.3330078125,0,,0
3482,GF-30-CAM-31,34429.863220651,34429.871205197,34430.061479552,38.3330078125,38.3330078125,0,,0
3484,GF-30-CAM-31,34430.446508437,34430.449022304,34430.598528652,38.3330078125,38.3330078125,0,,0
3486,GF-30-CAM-31,34430.99402518,34431.006127916,34431.113649339,38.3330078125,38.3330078125,0,,0
3488,GF-30-CAM-31,34431.487408458,34431.491134613,34431.592533437,38.3330078125,38.3330078125,0,,0
3490,GF-30-CAM-31,34432.094269318,34432.09883692,34432.34606613,38.3330078125,38.3330078125,0,,0
3492,GF-30-CAM-31,34432.81226899,34432.814171911,34432.933164657,38.3330078125,38.3330078125,0,,0
3494,GF-30-CAM-31,34433.317504414,34433.319098322,34433.447471703,38.3330078125,38.3330078125,0,,0
3496,GF-30-CAM-31,34433.806409264,34433.809241261,34433.894566003,38.3330078125,38.3330078125,0,,0
3498,GF-30-CAM-31,34434.250043411,34434.255989847,34434.323394571,38.3330078125,38.3330078125,0,,0
3500,GF-30-CAM-31,34434.828982077,34434.830221711,34435.079073387,38.3330078125,38.3330078125,0,,0
3502,GF-30-CAM-31,34435.457536355,34435.461371717,34435.629582107,38.3330078125,38.3330078125,0,,0
3504,GF-30-CAM-31,34436.003090878,34436.005390971,34436.13982036,38.3330078125,38.3330078125,0,,0
3506,GF-30-CAM-31,34436.526202895,34436.529041659,34436.644474816,38.3330078125,38.3330078125,0,,0
3508,GF-30-CAM-31,34437.069879476,34437.074216094,34437.182186879,38.3330078125,38.3330078125,0,,0
3510,GF-30-CAM-31,34437.562901293,34437.564416651,34437.67084036,38.3330078125,38.3330078125,0,,0
3512,GF-30-CAM-31,34438.033970508,34438.035508045,34438.187956692,38.3330078125,38.3330078125,0,,0
3514,GF-30-CAM-31,34438.579379415,34438.581429804,34438.769297117,38.3330078125,38.3330078125,0,,0
3516,GF-30-CAM-31,34439.173464055,34439.177199904,34439.287705684,38.3330078125,38.3330078125,0,,0
3518,GF-30-CAM-31,34439.624604411,34439.626365639,34439.731019374,38.3330078125,38.3330078125,0,,0
3520,GF-30-CAM-31,34440.13845306,34440.141459736,34440.237720614,38.3330078125,38.3330078125,0,,0
3522,GF-30-CAM-31,34440.625562955,34440.62696234,34440.744557763,38.3330078125,38.3330078125,0,,0
3524,GF-30-CAM-31,34441.063516473,34441.066920071,34441.262463056,38.3330078125,38.3330078125,0,,0
3526,GF-30-CAM-31,34441.712420104,34441.714500661,34441.851984844,38.3330078125,38.3330078125,0,,0
3528,GF-30-CAM-31,34442.251469797,34442.254519883,34442.367478173,38.3330078125,38.3330078125,0,,0
3530,GF-30-CAM-31,34442.712905284,34442.716464145,34442.828464868,38.3330078125,38.3330078125,0,,0
3532,GF-30-CAM-31,34443.256730595,34443.258638475,34443.392561754,38.3330078125,38.3330078125,0,,0
3534,GF-30-CAM-31,34443.752996526,34443.757051707,34443.886834213,38.3330078125,38.3330078125,0,,0
3536,GF-30-CAM-31,34444.300849952,34444.303149046,34444.4669876,38.3330078125,38.3330078125,0,,0
3538,GF-30-CAM-31,34444.888874341,34444.890519335,34445.04259654,38.3330078125,38.3330078125,0,,0
3540,GF-30-CAM-31,34445.505825437,34445.51198095,34445.632857089,38.3330078125,38.3330078125,0,,0
3542,GF-30-CAM-31,34446.059413248,34446.062900984,34446.186215738,38.3330078125,38.3330078125,0,,0
3544,GF-30-CAM-31,34446.524839549,34446.527484247,34446.696668432,38.3330078125,38.3330078125,0,,0
3546,GF-30-CAM-31,34447.032319892,34447.034344333,34447.16408247,38.3330078125,38.3330078125,0,,0
3548,GF-30-CAM-31,34447.54129354,34447.558418525,34447.686353307,38.3330078125,38.3330078125,0,,0
3550,GF-30-CAM-31,34448.161854909,34448.165325352,34448.274309713,38.3330078125,38.3330078125,0,,0
3552,GF-30-CAM-31,34448.663989077,34448.666074051,34448.753691643,38.3330078125,38.3330078125,0,,0
3554,GF-30-CAM-31,34449.12274759,34449.124966776,34449.254612094,38.3330078125,38.3330078125,0,,0
3556,GF-30-CAM-31,34449.644608893,34449.647888411,34449.77491242,38.3330078125,38.3330078125,0,,0
3558,GF-30-CAM-31,34450.188964775,34450.191998598,34450.330292285,38.3330078125,38.3330078125,0,,0
3560,GF-30-CAM-31,34450.758412507,34450.760739546,34450.87841465,38.3330078125,38.3330078125,0,,0
3562,GF-30-CAM-31,34451.254868676,34451.259317661,34451.416936692,38.3330078125,38.3330078125,0,,0
3564,GF-30-CAM-31,34451.947268554,34451.958061149,34452.057136896,38.3330078125,38.3330078125,0,,0
3566,GF-30-CAM-31,34452.452799501,34452.456971958,34452.605726163,38.3330078125,38.3330078125,0,,0
3568,GF-30-CAM-31,34452.973137713,34452.976583974,34453.148942984,38.3330078125,38.3330078125,0,,0
3570,GF-30-CAM-31,34453.597081833,34453.601842744,34453.7753369,38.3330078125,38.3330078125,0,,0
3572,GF-30-CAM-31,34454.191373561,34454.195613333,34454.336112017,38.3330078125,38.3330078125,0,,0
3574,GF-30-CAM-31,34454.712391467,34454.713829577,34454.831461489,38.3330078125,38.3330078125,0,,0
3576,GF-30-CAM-31,34455.206235828,34455.209925723,34455.317336736,38.3330078125,38.3330078125,0,,0
3578,GF-30-CAM-31,34455.664116263,34455.666962346,34455.735951864,38.3330078125,38.3330078125,0,,0
3580,GF-30-CAM-31,34456.149625729,34456.153840171,34456.230778568,38.3330078125,38.3330078125,0,,0
3582,GF-30-CAM-31,34456.656328643,34456.658243176,34456.81107911,38.3330078125,38.3330078125,0,,0
3584,GF-30-CAM-31,34457.14163402,34457.144269841,34457.309597083,38.3330078125,38.3330078125,0,,0
3586,GF-30-CAM-31,34457.772854805,34457.77654504,34457.877136315,38.3330078125,38.3330078125,0,,0
3588,GF-30-CAM-31,34458.189107213,34458.192654306,34458.357488455,38.3330078125,38.3330078125,0,,0
3590,GF-30-CAM-31,34458.771166293,34458.773033249,34458.884190771,38.3330078125,38.3330078125,0,,0
3592,GF-30-CAM-31,34459.325716334,34459.328082713,34459.481662482,38.3330078125,38.3330078125,0,,0
3594,GF-30-CAM-31,34459.890167788,34459.893958538,34460.005852326,38.3330078125,38.3330078125,0,,0
3596,GF-30-CAM-31,34460.376624576,34460.378707705,34460.510585043,38.3330078125,38.3330078125,0,,0
3598,GF-30-CAM-31,34460.876381945,34460.87911515,34461.033910822,38.3330078125,38.3330078125,0,,0
3600,GF-30-CAM-31,34461.384475639,34461.388757738,34461.49968087,38.3330078125,38.3330078125,0,,0
3602,GF-30-CAM-31,34461.843337702,34461.854320826,34461.980719543,38.3330078125,38.3330078125,0,,0
3604,GF-30-CAM-31,34462.367653802,34462.370207886,34462.495097635,38.3330078125,38.3330078125,0,,0
3606,GF-30-CAM-31,34462.86170404,34462.863985309,34462.995263902,38.3330078125,38.3330078125,0,,0
3608,GF-30-CAM-31,34463.417895166,34463.420087257,34463.559651378,38.3330078125,38.3330078125,0,,0
3610,GF-30-CAM-31,34463.929454088,34463.933116575,34464.086774434,38.3330078125,38.3330078125,0,,0
3612,GF-30-CAM-31,34464.592336793,34464.594142266,34464.740832951,38.3330078125,38.3330078125,0,,0
3614,GF-30-CAM-31,34465.204768197,34465.207420261,34465.395757977,38.3330078125,38.3330078125,0,,0
3616,GF-30-CAM-31,34465.843158682,34465.845074811,34465.982767252,38.3330078125,38.3330078125,0,,0
3618,GF-30-CAM-31,34466.329108388,34466.332358277,34466.477698995,38.3330078125,38.3330078125,0,,0
3620,GF-30-CAM-31,34466.865196559,34466.86685676,34466.960028027,38.3330078125,38.3330078125,0,,0
3622,GF-30-CAM-31,34467.393519361,34467.39841849,34467.528975484,38.3330078125,38.3330078125,0,,0
3624,GF-30-CAM-31,34467.96378835,34467.966484057,34468.172572474,38.3330078125,38.3330078125,0,,0
3626,GF-30-CAM-31,34468.54044145,34468.542443719,34468.687472773,38.3330078125,38.3330078125,0,,0
3628,GF-30-CAM-31,34469.058194875,34469.061223013,34469.179126821,38.3330078125,38.3330078125,0,,0
3630,GF-30-CAM-31,34469.507900866,34469.510281265,34469.630950394,38.3330078125,38.3330078125,0,,0
3632,GF-30-CAM-31,34470.01511329,34470.018081896,34470.119702708,38.3330078125,38.3330078125,0,,0
3634,GF-30-CAM-31,34470.557930583,34470.562975122,34470.681335343,38.3330078125,38.3330078125,0,,0
3636,GF-30-CAM-31,34471.049983296,34471.051927515,34471.18353774,38.3330078125,38.3330078125,0,,0
3638,GF-30-CAM-31,34471.662403123,34471.664501189,34471.783688237,38.3330078125,38.3330078125,0,,0
3640,GF-30-CAM-31,34472.232872385,34472.237277718,34472.369556494,38.3330078125,38.3330078125,0,,0
3642,GF-30-CAM-31,34472.685814359,34472.688291617,34472.796445701,38.3330078125,38.3330078125,0,,0
3644,GF-30-CAM-31,34473.135758915,34473.137822511,34473.245379851,38.3330078125,38.3330078125,0,,0
3646,GF-30-CAM-31,34473.638499368,34473.642573933,34473.819130639,38.3330078125,38.3330078125,0,,0
3648,GF-30-CAM-31,34474.392545381,34474.398948339,34474.625830963,38.3330078125,38.3330078125,0,,0
3650,GF-30-CAM-31,34474.977238759,34474.980158031,34475.107966153,38.3330078125,38.3330078125,0,,0
3652,GF-30-CAM-31,34475.470157042,34475.479697559,34475.652787605,38.3330078125,38.3330078125,0,,0
3654,GF-30-CAM-31,34476.02585789,34476.031098472,34476.167419915,38.3330078125,38.3330078125,0,,0
3656,GF-30-CAM-31,34476.549785644,34476.55248777,34476.70942736,38.3330078125,38.3330078125,0,,0
3658,GF-30-CAM-31,34477.13397918,34477.136712007,34477.316780587,38.3330078125,38.3330078125,0,,0
3660,GF-30-CAM-31,34477.618188003,34477.622917462,34477.737269685,38.3330078125,38.3330078125,0,,0
3662,GF-30-CAM-31,34478.193341043,34478.19549272,34478.356729956,38.3330078125,38.3330078125,0,,0
3664,GF-30-CAM-31,34478.783313452,34478.786441473,34478.928633311,38.3330078125,38.3330078125,0,,0
3666,GF-30-CAM-31,34479.299679086,34479.302504152,34479.4060254,38.3330078125,38.3330078125,0,,0
3668,GF-30-CAM-31,34479.768902877,34479.7719097,34479.866394927,38.3330078125,38.3330078125,0,,0
3670,GF-30-CAM-31,34480.347089926,34480.349706753,34480.530801378,38.3330078125,38.3330078125,0,,0
3672,GF-30-CAM-31,34480.938197516,34480.943512367,34481.185457099,38.3330078125,38.3330078125,0,,0
3674,GF-30-CAM-31,34481.635477727,34481.639116106,34481.813439083,38.3330078125,38.3330078125,0,,0
3676,GF-30-CAM-31,34482.159075947,34482.162841184,34482.307646661,38.3330078125,38.3330078125,0,,0
3678,GF-30-CAM-31,34482.700539976,34482.703250851,34482.910452576,38.3330078125,38.3330078125,0,,0
3680,GF-30-CAM-31,34483.290643458,34483.293889986,34483.453321407,38.3330078125,38.3330078125,0,,0
3682,GF-30-CAM-31,34483.881802716,34483.884861307,34484.13441816,38.3330078125,38.3330078125,0,,0
3684,GF-30-CAM-31,34484.655785064,34484.658170959,34484.809309261,38.3330078125,38.3330078125,0,,0
3804,GF-30-CAM-31,34519.47488581,34519.482846011,34519.568409285,38.33349609375,38.3330078125,0,,0
3806,GF-30-CAM-31,34519.987484514,34519.991435596,34520.134204757,38.3330078125,38.3330078125,0,,0
3808,GF-30-CAM-31,34520.515059467,34520.517938788,34520.657661113,38.3330078125,38.3330078125,0,,0
3810,GF-30-CAM-31,34521.176323774,34521.179409374,34521.349637148,38.3330078125,38.3330078125,0,,0
3812,GF-30-CAM-31,34521.797329424,34521.799488627,34521.974589769,38.3330078125,38.3330078125,0,,0
3814,GF-30-CAM-31,34522.37351546,34522.375875232,34522.537883606,38.3330078125,38.3330078125,0,,0
3816,GF-30-CAM-31,34522.94482146,34522.947251339,34523.062940369,38.3330078125,38.3330078125,0,,0
3818,GF-30-CAM-31,34523.4552963,34523.457665497,34523.558548067,38.3330078125,38.3330078125,0,,0
3820,GF-30-CAM-31,34523.994855501,34524.002352695,34524.184229257,38.3330078125,38.3330078125,0,,0
3822,GF-30-CAM-31,34524.580125317,34524.58229645,34524.709737745,38.3330078125,38.3330078125,0,,0
3824,GF-30-CAM-31,34525.094880946,34525.097768416,34525.213242946,38.3330078125,38.3330078125,0,,0
3826,GF-30-CAM-31,34525.707865983,34525.714247164,34525.863093459,38.3330078125,38.3330078125,0,,0
3828,GF-30-CAM-31,34526.251068699,34526.256374766,34526.383683934,38.3330078125,38.3330078125,0,,0
3830,GF-30-CAM-31,34526.710110782,34526.71349144,34526.851597867,38.3330078125,38.3330078125,0,,0
3832,GF-30-CAM-31,34527.153505601,34527.156127246,34527.239653925,38.3330078125,38.3330078125,0,,0
3834,GF-30-CAM-31,34527.616048904,34527.618695096,34527.802026781,38.3330078125,38.3330078125,0,,0
3836,GF-30-CAM-31,34528.178797305,34528.182046124,34528.299517456,38.3330078125,38.3330078125,0,,0
3838,GF-30-CAM-31,34528.686206105,34528.688650301,34528.894926894,38.3330078125,38.3330078125,0,,0
3840,GF-30-CAM-31,34529.379263598,34529.381680512,34529.51407007,38.3330078125,38.3330078125,0,,0
3842,GF-30-CAM-31,34529.986995184,34529.989861802,34530.109810272,38.3330078125,38.3330078125,0,,0
3844,GF-30-CAM-31,34530.501438688,34530.502978606,34530.636939913,38.3330078125,38.3330078125,0,,0
3846,GF-30-CAM-31,34531.107834822,34531.111198576,34531.214033488,38.3330078125,38.3330078125,0,,0
3848,GF-30-CAM-31,34531.615571729,34531.619156702,34531.796430601,38.3330078125,38.3330078125,0,,0
3850,GF-30-CAM-31,34532.20478954,34532.207415374,34532.317704611,38.3330078125,38.3330078125,0,,0
3852,GF-30-CAM-31,34532.740591992,34532.74376878,34532.945482237,38.3330078125,38.3330078125,0,,0
3854,GF-30-CAM-31,34533.523134757,34533.525243428,34533.694402744,38.3330078125,38.3330078125,0,,0
3856,GF-30-CAM-31,34534.135833136,34534.139320145,34534.354778467,38.3330078125,38.3330078125,0,,0
3858,GF-30-CAM-31,34534.755917305,34534.759207427,34534.906025121,38.3330078125,38.3330078125,0,,0
3860,GF-30-CAM-31,34535.425535839,34535.428032057,34535.538237169,38.3330078125,38.3330078125,0,,0
3862,GF-30-CAM-31,34536.015832462,34536.01852278,34536.159116085,38.3330078125,38.3330078125,0,,0
3864,GF-30-CAM-31,34536.622892813,34536.627701706,34536.779892599,38.3330078125,38.3330078125,0,,0
3866,GF-30-CAM-31,34537.208264432,34537.210952438,34537.326886864,38.3330078125,38.3330078125,0,,0
3868,GF-30-CAM-31,34537.750890574,34537.752677737,34537.894027151,38.3330078125,38.3330078125,0,,0
3870,GF-30-CAM-31,34538.398884039,34538.40107336,34538.566752213,38.3330078125,38.3330078125,0,,0
3872,GF-30-CAM-31,34538.989660471,34538.99151978,34539.136350851,38.3330078125,38.3330078125,0,,0
3874,GF-30-CAM-31,34539.535106795,34539.538220768,34539.618362588,38.3330078125,38.3330078125,0,,0
3876,GF-30-CAM-31,34539.979841436,34539.982906683,34540.149697206,38.3330078125,38.3330078125,0,,0
3878,GF-30-CAM-31,34540.56702936,34540.569394742,34540.699963665,38.3330078125,38.3330078125,0,,0
3880,GF-30-CAM-31,34541.116557744,34541.120420378,34541.273080256,38.3330078125,38.3330078125,0,,0
3882,GF-30-CAM-31,34541.684421578,34541.697605733,34541.848155038,38.3330078125,38.3330078125,0,,0
3884,GF-30-CAM-31,34542.217781182,34542.219246963,34542.374702744,38.3330078125,38.3330078125,0,,0
3886,GF-30-CAM-31,34542.77077942,34542.773900821,34542.904457165,38.3330078125,38.3330078125,0,,0
3888,GF-30-CAM-31,34543.370265496,34543.373319687,34543.555139687,38.3330078125,38.3330078125,0,,0
3890,GF-30-CAM-31,34543.905966164,34543.91014776,34544.072818468,38.3330078125,38.3330078125,0,,0
3892,GF-30-CAM-31,34544.422314042,34544.424918793,34544.563121408,38.3330078125,38.3330078125,0,,0
3894,GF-30-CAM-31,34544.952667234,34544.956614098,34545.103086395,38.3330078125,38.3330078125,0,,0
3896,GF-30-CAM-31,34545.492033891,34545.495247474,34545.630207735,38.3330078125,38.3330078125,0,,0
3898,GF-30-CAM-31,34546.027916787,34546.030641222,34546.172438461,38.3330078125,38.3330078125,0,,0
3900,GF-30-CAM-31,34546.512112901,34546.513328191,34546.631517597,38.3330078125,38.3330078125,0,,0
3902,GF-30-CAM-31,34546.929635045,34546.932215581,34547.044382492,38.3330078125,38.3330078125,0,,0
3904,GF-30-CAM-31,34547.310190917,34547.311620465,34547.397650179,38.3330078125,38.3330078125,0,,0
3906,GF-30-CAM-31,34547.790463506,34547.793532684,34547.957159255,38.3330078125,38.3330078125,0,,0
3908,GF-30-CAM-31,34548.38273303,34548.385235913,34548.581639663,38.3330078125,38.3330078125,0,,0
3910,GF-30-CAM-31,34549.064855574,34549.069804886,34549.180601876,38.3330078125,38.3330078125,0,,0
3912,GF-30-CAM-31,34549.567909121,34549.571113361,34549.71382847,38.3330078125,38.3330078125,0,,0
3914,GF-30-CAM-31,34550.063895776,34550.066088725,34550.213166772,38.3330078125,38.3330078125,0,,0
3916,GF-30-CAM-31,34550.596442089,34550.598355137,34550.777459997,38.3330078125,38.3330078125,0,,0
3918,GF-30-CAM-31,34551.208676825,34551.210834692,34551.349161097,38.3330078125,38.3330078125,0,,0
3920,GF-30-CAM-31,34551.670109591,34551.672860186,34551.844917371,38.3330078125,38.3330078125,0,,0
3922,GF-30-CAM-31,34552.257818475,34552.260485682,34552.337741226,38.3330078125,38.3330078125,0,,0
3924,GF-30-CAM-31,34552.835128323,34552.83830979,34552.952531611,38.3330078125,38.3330078125,0,,0
3926,GF-30-CAM-31,34553.340337216,34553.343789818,34553.529716311,38.3330078125,38.3330078125,0,,0
3928,GF-30-CAM-31,34553.925566912,34553.928800971,34554.084544792,38.3330078125,38.3330078125,0,,0
3930,GF-30-CAM-31,34554.445520502,34554.447096829,34554.566175253,38.3330078125,38.3330078125,0,,0
4050,GF-30-CAM-31,34589.217505557,34589.22045165,34589.358520463,38.33349609375,38.3330078125,0,,0
4052,GF-30-CAM-31,34589.78027917,34589.782027595,34589.943371188,38.3330078125,38.3330078125,0,,0
4054,GF-30-CAM-31,34590.366873605,34590.369950795,34590.56587353,38.3330078125,38.3330078125,0,,0
4088,GF-30-CAM-31,34600.70127864,34600.70423813,34600.875091578,38.33349609375,38.3330078125,0,,0
4090,GF-30-CAM-31,34601.361294061,34601.370271236,34601.520293799,38.3330078125,38.3330078125,0,,0
4092,GF-30-CAM-31,34601.936336401,34601.937897194,34602.055040313,38.3330078125,38.3330078125,0,,0
4094,GF-30-CAM-31,34602.430353808,34602.433326901,34602.630987256,38.3330078125,38.3330078125,0,,0
4096,GF-30-CAM-31,34603.106291786,34603.108574327,34603.236932726,38.3330078125,38.3330078125,0,,0
4098,GF-30-CAM-31,34603.641127521,34603.64603239,34603.780543476,38.3330078125,38.3330078125,0,,0
4100,GF-30-CAM-31,34604.085878694,34604.088194246,34604.276787697,38.3330078125,38.3330078125,0,,0
4102,GF-30-CAM-31,34604.707712952,34604.710395228,34604.933262911,38.3330078125,38.3330078125,0,,0
4104,GF-30-CAM-31,34605.370251754,34605.373943899,34605.49605075,38.3330078125,38.3330078125,0,,0
4106,GF-30-CAM-31,34605.906417623,34605.909524876,34606.026880898,38.3330078125,38.3330078125,0,,0
4108,GF-30-CAM-31,34606.411660079,34606.416204804,34606.565897533,38.3330078125,38.3330078125,0,,0
4110,GF-30-CAM-31,34606.96546201,34606.96761643,34607.129965235,38.3330078125,38.3330078125,0,,0
4112,GF-30-CAM-31,34607.55807472,34607.560368439,34607.671177813,38.3330078125,38.3330078125,0,,0
4114,GF-30-CAM-31,34608.080675232,34608.082898786,34608.187813899,38.3330078125,38.3330078125,0,,0
4116,GF-30-CAM-31,34608.607480831,34608.612712129,34608.744280152,38.3330078125,38.3330078125,0,,0
4118,GF-30-CAM-31,34609.106641563,34609.108368632,34609.304297817,38.3330078125,38.3330078125,0,,0
4120,GF-30-CAM-31,34609.754399913,34609.756496084,34609.862221713,38.3330078125,38.3330078125,0,,0
4122,GF-30-CAM-31,34610.274074541,34610.275746819,34610.428999405,38.3330078125,38.3330078125,0,,0
4124,GF-30-CAM-31,34610.870456101,34610.87515816,34611.011108978,38.3330078125,38.3330078125,0,,0
4126,GF-30-CAM-31,34611.352947693,34611.354571189,34611.53611021,38.3330078125,38.3330078125,0,,0
4128,GF-30-CAM-31,34612.033294662,34612.035166856,34612.160370359,38.3330078125,38.3330078125,0,,0
4130,GF-30-CAM-31,34612.601721701,34612.606499383,34612.713122726,38.3330078125,38.3330078125,0,,0
4132,GF-30-CAM-31,34613.090660135,34613.093466098,34613.239430019,38.3330078125,38.3330078125,0,,0
4134,GF-30-CAM-31,34613.627666406,34613.630770281,34613.756305545,38.3330078125,38.3330078125,0,,0
4136,GF-30-CAM-31,34614.168708882,34614.176504318,34614.346840996,38.3330078125,38.3330078125,0,,0
4138,GF-30-CAM-31,34614.81061719,34614.81480173,34614.989416445,38.3330078125,38.3330078125,0,,0
4140,GF-30-CAM-31,34615.446892669,34615.449101628,34615.588228318,38.3330078125,38.3330078125,0,,0
4142,GF-30-CAM-31,34615.949973837,34615.951947413,34616.056739039,38.3330078125,38.3330078125,0,,0
4144,GF-30-CAM-31,34616.407415424,34616.409858186,34616.608048326,38.3330078125,38.3330078125,0,,0
4146,GF-30-CAM-31,34616.981638822,34616.984981652,34617.160309355,38.3330078125,38.3330078125,0,,0
4148,GF-30-CAM-31,34617.62795897,34617.630630661,34617.827669472,38.3330078125,38.3330078125,0,,0
4150,GF-30-CAM-31,34618.233471116,34618.23691553,34618.377088565,38.3330078125,38.3330078125,0,,0
4152,GF-30-CAM-31,34618.804753633,34618.820039545,34618.973706418,38.3330078125,38.3330078125,0,,0
4154,GF-30-CAM-31,34619.360383316,34619.363126921,34619.489603266,38.3330078125,38.3330078125,0,,0
4156,GF-30-CAM-31,34619.930198822,34619.935184678,34620.06241535,38.3330078125,38.3330078125,0,,0
4158,GF-30-CAM-31,34620.455134694,34620.458248186,34620.559355,38.3330078125,38.3330078125,0,,0
4160,GF-30-CAM-31,34620.94705152,34620.949779198,34621.089252899,38.3330078125,38.3330078125,0,,0
4162,GF-30-CAM-31,34621.48704707,34621.489197642,34621.64843539,38.3330078125,38.3330078125,0,,0
4164,GF-30-CAM-31,34622.016320437,34622.020449791,34622.144700408,38.3330078125,38.3330078125,0,,0
4166,GF-30-CAM-31,34622.632178616,34622.634580079,34622.744629903,38.3330078125,38.3330078125,0,,0
4168,GF-30-CAM-31,34623.199587581,34623.207748713,34623.354224706,38.3330078125,38.3330078125,0,,0
4170,GF-30-CAM-31,34623.780304368,34623.783531716,34623.868267093,38.3330078125,38.3330078125,0,,0
4172,GF-30-CAM-31,34624.367600629,34624.372748459,34624.529277189,38.3330078125,38.3330078125,0,,0
4174,GF-30-CAM-31,34624.94028631,34624.944852612,34625.20186437,38.3330078125,38.3330078125,0,,0
4176,GF-30-CAM-31,34625.615799078,34625.617885389,34625.779245548,38.3330078125,38.3330078125,0,,0
4178,GF-30-CAM-31,34626.237961756,34626.24069526,34626.320564191,38.3330078125,38.3330078125,0,,0
4198,GF-30-CAM-31,34632.254359614,34632.256570494,34632.462192306,38.33349609375,38.3330078125,0,,0
4204,GF-30-CAM-31,34634.015909439,34634.018582912,34634.16119958,38.33349609375,38.3330078125,0,,0
4206,GF-30-CAM-31,34634.561215923,34634.564349817,34634.716884261,38.3330078125,38.3330078125,0,,0
4208,GF-30-CAM-31,34635.047886393,34635.050213663,34635.194098483,38.3330078125,38.3330078125,0,,0
4210,GF-30-CAM-31,34635.602633627,34635.604777924,34635.774046524,38.3330078125,38.3330078125,0,,0
4212,GF-30-CAM-31,34636.269524969,34636.275776074,34636.470198975,38.3330078125,38.3330078125,0,,0
4214,GF-30-CAM-31,34636.881781853,34636.890440384,34637.028459101,38.3330078125,38.3330078125,0,,0
4216,GF-30-CAM-31,34637.488407944,34637.492397087,34637.652559368,38.3330078125,38.3330078125,0,,0
4218,GF-30-CAM-31,34638.046279886,34638.049852176,34638.303072492,38.3330078125,38.3330078125,0,,0
4220,GF-30-CAM-31,34638.683038909,34638.685070148,34638.801194397,38.3330078125,38.3330078125,0,,0
4222,GF-30-CAM-31,34639.140103346,34639.141745427,34639.278952811,38.3330078125,38.3330078125,0,,0
4224,GF-30-CAM-31,34639.717847013,34639.722832689,34639.847583327,38.3330078125,38.3330078125,0,,0
4226,GF-30-CAM-31,34640.232740923,34640.234650197,34640.364250294,38.3330078125,38.3330078125,0,,0
4228,GF-30-CAM-31,34640.726804006,34640.728443255,34640.91019099,38.3330078125,38.3330078125,0,,0
4230,GF-30-CAM-31,34641.247947933,34641.250574981,34641.364970983,38.3330078125,38.3330078125,0,,0
4232,GF-30-CAM-31,34641.748751153,34641.750318591,34641.845940577,38.3330078125,38.3330078125,0,,0
4234,GF-30-CAM-31,34642.249638747,34642.252515969,34642.398222891,38.3330078125,38.3330078125,0,,0
4236,GF-30-CAM-31,34642.790765301,34642.794369022,34642.934438982,38.3330078125,38.3330078125,0,,0
4238,GF-30-CAM-31,34643.293284289,34643.29605331,34643.430970683,38.3330078125,38.3330078125,0,,0
4240,GF-30-CAM-31,34643.870723587,34643.873747458,34643.986502414,38.3330078125,38.3330078125,0,,0
4242,GF-30-CAM-31,34644.346468397,34644.349859808,34644.589797431,38.3330078125,38.3330078125,0,,0
4244,GF-30-CAM-31,34645.011289098,34645.015724775,34645.183497392,38.3330078125,38.3330078125,0,,0
4246,GF-30-CAM-31,34645.562389491,34645.567567149,34645.85899141,38.3330078125,38.3330078125,0,,0
4248,GF-30-CAM-31,34646.347715173,34646.351083502,34646.472992274,38.3330078125,38.3330078125,0,,0
4250,GF-30-CAM-31,34646.935459571,34646.937669863,34647.058705654,38.3330078125,38.3330078125,0,,0
4252,GF-30-CAM-31,34647.462807507,34647.465643758,34647.667732392,38.3330078125,38.3330078125,0,,0
4254,GF-30-CAM-31,34648.06417184,34648.073633404,34648.170161348,38.3330078125,38.3330078125,0,,0
4256,GF-30-CAM-31,34648.596638156,34648.603647432,34648.704913982,38.3330078125,38.3330078125,0,,0
4258,GF-30-CAM-31,34649.005511169,34649.00840645,34649.10028029,38.3330078125,38.3330078125,0,,0
4260,GF-30-CAM-31,34649.472515076,34649.477324249,34649.595742306,38.3330078125,38.3330078125,0,,0
4262,GF-30-CAM-31,34650.040607442,34650.045864223,34650.233809218,38.3330078125,38.3330078125,0,,0
4264,GF-30-CAM-31,34650.64513922,34650.647876556,34650.820510946,38.3330078125,38.3330078125,0,,0
4266,GF-30-CAM-31,34651.187695846,34651.189945653,34651.332618207,38.3330078125,38.3330078125,0,,0
4268,GF-30-CAM-31,34651.737137282,34651.7390909,34651.911425866,38.3330078125,38.3330078125,0,,0
4270,GF-30-CAM-31,34652.301891767,34652.305169032,34652.457828252,38.3330078125,38.3330078125,0,,0
4272,GF-30-CAM-31,34652.942886801,34652.945879707,34653.055386806,38.3330078125,38.3330078125,0,,0
4274,GF-30-CAM-31,34653.474821633,34653.476671623,34653.604584502,38.3330078125,38.3330078125,0,,0
4276,GF-30-CAM-31,34654.041086283,34654.061438891,34654.204211196,38.3330078125,38.3330078125,0,,0
4278,GF-30-CAM-31,34654.595989564,34654.598824908,34654.752752506,38.3330078125,38.3330078125,0,,0
4280,GF-30-CAM-31,34655.160566553,34655.162110785,34655.312642961,38.3330078125,38.3330078125,0,,0
4282,GF-30-CAM-31,34655.70919975,34655.711201656,34655.84032962,38.3330078125,38.3330078125,0,,0
4284,GF-30-CAM-31,34656.237647801,34656.239046349,34656.432696016,38.3330078125,38.3330078125,0,,0
4286,GF-30-CAM-31,34656.89775251,34656.900753921,34657.02132607,38.3330078125,38.3330078125,0,,0
4288,GF-30-CAM-31,34657.3981054,34657.400333405,34657.509279247,38.3330078125,38.3330078125,0,,0
4290,GF-30-CAM-31,34658.047608044,34658.049486972,34658.113609577,38.3330078125,38.3330078125,0,,0
4292,GF-30-CAM-31,34658.477569406,34658.481508164,34658.688748987,38.3330078125,38.3330078125,0,,0
4294,GF-30-CAM-31,34659.080318883,34659.082995798,34659.191737184,38.3330078125,38.3330078125,0,,0
4296,GF-30-CAM-31,34659.585766033,34659.587140579,34659.757340538,38.3330078125,38.3330078125,0,,0
4298,GF-30-CAM-31,34660.161129394,34660.163604228,34660.315355515,38.3330078125,38.3330078125,0,,0
4300,GF-30-CAM-31,34660.768975283,34660.7715006,34660.929849239,38.3330078125,38.3330078125,0,,0
4302,GF-30-CAM-31,34661.385506484,34661.401253982,34661.558244852,38.3330078125,38.3330078125,0,,0
4304,GF-30-CAM-31,34661.961586431,34661.963993051,34662.140126319,38.3330078125,38.3330078125,0,,0
4306,GF-30-CAM-31,34662.556958783,34662.559953004,34662.707393439,38.3330078125,38.3330078125,0,,0
4308,GF-30-CAM-31,34663.088560161,34663.091957575,34663.205381601,38.3330078125,38.3330078125,0,,0
4310,GF-30-CAM-31,34663.624167889,34663.629475779,34663.778902591,38.3330078125,38.3330078125,0,,0
4312,GF-30-CAM-31,34664.149273896,34664.150949147,34664.300864612,38.3330078125,38.3330078125,0,,0
4314,GF-30-CAM-31,34664.6504281,34664.652089349,34664.782616317,38.3330078125,38.3330078125,0,,0
4316,GF-30-CAM-31,34665.190289039,34665.192504574,34665.336420656,38.3330078125,38.3330078125,0,,0
4318,GF-30-CAM-31,34665.703757976,34665.705295863,34665.8241924,38.3330078125,38.3330078125,0,,0
4320,GF-30-CAM-31,34666.220840512,34666.223028236,34666.359036988,38.3330078125,38.3330078125,0,,0
4322,GF-30-CAM-31,34666.805387714,34666.808888433,34666.955027797,38.3330078125,38.3330078125,0,,0
4324,GF-30-CAM-31,34667.379520878,34667.382473915,34667.553052542,38.3330078125,38.3330078125,0,,0
4326,GF-30-CAM-31,34668.139540972,34668.142275714,34668.334584941,38.3330078125,38.3330078125,0,,0
4328,GF-30-CAM-31,34668.823634101,34668.828218917,34668.968486086,38.3330078125,38.3330078125,0,,0
4330,GF-30-CAM-31,34669.335383581,34669.339810964,34669.46494364,38.3330078125,38.3330078125,0,,0
4332,GF-30-CAM-31,34669.898460907,34669.90123006,34670.014300807,38.3330078125,38.3330078125,0,,0
4334,GF-30-CAM-31,34670.542962991,34670.546384131,34670.64537342,38.3330078125,38.3330078125,0,,0
4336,GF-30-CAM-31,34671.064563039,34671.068276698,34671.167167261,38.3330078125,38.3330078125,0,,0
4338,GF-30-CAM-31,34671.493014681,34671.504207901,34671.657585318,38.3330078125,38.3330078125,0,,0
4340,GF-30-CAM-31,34672.095813838,34672.10367282,34672.237666355,38.3330078125,38.3330078125,0,,0
4342,GF-30-CAM-31,34672.662216223,34672.663831626,34672.799330435,38.3330078125,38.3330078125,0,,0
4344,GF-30-CAM-31,34673.157359365,34673.159067084,34673.247961136,38.3330078125,38.3330078125,0,,0
4346,GF-30-CAM-31,34673.604296,34673.607521207,34673.731234207,38.3330078125,38.3330078125,0,,0
4348,GF-30-CAM-31,34674.145225053,34674.148366065,34674.309922458,38.3330078125,38.3330078125,0,,0
4350,GF-30-CAM-31,34674.711366037,34674.713851969,34674.837088675,38.3330078125,38.3330078125,0,,0
4352,GF-30-CAM-31,34675.239031976,34675.241800637,34675.392164867,38.3330078125,38.3330078125,0,,0
4354,GF-30-CAM-31,34675.804825018,34675.809794588,34675.932844615,38.3330078125,38.3330078125,0,,0
4356,GF-30-CAM-31,34676.349062311,34676.350742369,34676.483571707,38.3330078125,38.3330078125,0,,0
4358,GF-30-CAM-31,34676.825853106,34676.826900864,34677.006259544,38.3330078125,38.3330078125,0,,0
4360,GF-30-CAM-31,34677.471304259,34677.474496033,34677.66025086,38.3330078125,38.3330078125,0,,0
4362,GF-30-CAM-31,34678.123524955,34678.127535943,34678.294227651,38.3330078125,38.3330078125,0,,0
4364,GF-30-CAM-31,34678.70379913,34678.706401047,34678.957405645,38.3330078125,38.3330078125,0,,0
4366,GF-30-CAM-31,34679.272935574,34679.275486072,34679.404510387,38.3330078125,38.3330078125,0,,0
4368,GF-30-CAM-31,34680.066161152,34680.069264156,34680.33134354,38.3330078125,38.3330078125,0,,0
4370,GF-30-CAM-31,34680.79351692,34680.795792676,34680.903712097,38.3330078125,38.3330078125,0,,0
4372,GF-30-CAM-31,34681.273054919,34681.275795471,34681.37972867,38.3330078125,38.3330078125,0,,0
4374,GF-30-CAM-31,34681.754951422,34681.758538398,34681.876140955,38.3330078125,38.3330078125,0,,0
4376,GF-30-CAM-31,34682.23784237,34682.239804548,34682.368532687,38.3330078125,38.3330078125,0,,0
4378,GF-30-CAM-31,34682.710955276,34682.715704519,34682.849274093,38.3330078125,38.3330078125,0,,0
4380,GF-30-CAM-31,34683.237872851,34683.267185771,34683.404925847,38.3330078125,38.3330078125,0,,0
4382,GF-30-CAM-31,34683.854362065,34683.862612236,34684.018866574,38.3330078125,38.3330078125,0,,0
4384,GF-30-CAM-31,34684.414344499,34684.416831924,34684.52770646,38.3330078125,38.3330078125,0,,0
4386,GF-30-CAM-31,34684.998602798,34685.000310141,34685.154787705,38.3330078125,38.3330078125,0,,0
4388,GF-30-CAM-31,34685.614896193,34685.617709753,34685.786187544,38.3330078125,38.3330078125,0,,0
4390,GF-30-CAM-31,34686.21794321,34686.219568492,34686.368707528,38.3330078125,38.3330078125,0,,0
4392,GF-30-CAM-31,34686.764909153,34686.768461275,34686.90678009,38.3330078125,38.3330078125,0,,0
4394,GF-30-CAM-31,34687.301838335,34687.303929351,34687.446365908,38.3330078125,38.3330078125,0,,0
4396,GF-30-CAM-31,34687.862943424,34687.86586122,34688.026464354,38.3330078125,38.3330078125,0,,0
4398,GF-30-CAM-31,34688.463077567,34688.467287748,34688.647872533,38.3330078125,38.3330078125,0,,0
4400,GF-30-CAM-31,34689.040381436,34689.042217137,34689.203894752,38.3330078125,38.3330078125,0,,0
4402,GF-30-CAM-31,34689.657851736,34689.662486248,34689.780351782,38.3330078125,38.3330078125,0,,0
4404,GF-30-CAM-31,34690.20084263,34690.203884273,34690.360211809,38.3330078125,38.3330078125,0,,0
4406,GF-30-CAM-31,34690.707461524,34690.710309798,34690.871941706,38.3330078125,38.3330078125,0,,0
4408,GF-30-CAM-31,34691.288494933,34691.292245649,34691.396656809,38.3330078125,38.3330078125,0,,0
4410,GF-30-CAM-31,34691.7823773,34691.784347008,34691.890771355,38.3330078125,38.3330078125,0,,0
4412,GF-30-CAM-31,34692.278161529,34692.284655836,34692.42156786,38.3330078125,38.3330078125,0,,0
4414,GF-30-CAM-31,34692.889703078,34692.893114538,34693.029881832,38.3330078125,38.3330078125,0,,0
4416,GF-30-CAM-31,34693.50451508,34693.506331955,34693.674974596,38.3330078125,38.3330078125,0,,0
4418,GF-30-CAM-31,34694.127903625,34694.130250555,34694.234377553,38.3330078125,38.3330078125,0,,0
4420,GF-30-CAM-31,34694.584502308,34694.586263682,34694.799759711,38.3330078125,38.3330078125,0,,0
4422,GF-30-CAM-31,34695.256585246,34695.261154387,34695.381518413,38.3330078125,38.3330078125,0,,0
4424,GF-30-CAM-31,34695.710419188,34695.712152382,34695.85775962,38.3330078125,38.3330078125,0,,0
4426,GF-30-CAM-31,34696.254086425,34696.2563514,34696.375272098,38.3330078125,38.3330078125,0,,0
4428,GF-30-CAM-31,34696.781791791,34696.784580348,34696.985155684,38.3330078125,38.3330078125,0,,0
4430,GF-30-CAM-31,34697.39866857,34697.40060595,34697.623426693,38.3330078125,38.3330078125,0,,0
4432,GF-30-CAM-31,34698.010629439,34698.012780894,34698.133571054,38.3330078125,38.3330078125,0,,0
4434,GF-30-CAM-31,34698.484820347,34698.487303496,34698.606214852,38.3330078125,38.3330078125,0,,0
4482,GF-30-CAM-31,34713.2464042,34713.24976779,34713.40669613,38.33349609375,38.3330078125,0,,0
4486,GF-30-CAM-31,34714.35789294,34714.362089524,34714.501199173,38.33349609375,38.3330078125,0,,0
4488,GF-30-CAM-31,34714.935805449,34714.937993876,34715.101051057,38.3330078125,38.3330078125,0,,0
4490,GF-30-CAM-31,34715.488328493,34715.490595269,34715.625311399,38.3330078125,38.3330078125,0,,0
4492,GF-30-CAM-31,34715.988566052,34715.990287417,34716.1224155,38.3330078125,38.3330078125,0,,0
4494,GF-30-CAM-31,34716.482612383,34716.484845793,34716.644416317,38.3330078125,38.3330078125,0,,0
4496,GF-30-CAM-31,34717.135329856,34717.138910103,34717.378318941,38.3330078125,38.3330078125,0,,0
4498,GF-30-CAM-31,34717.760133759,34717.762068724,34717.878804753,38.3330078125,38.3330078125,0,,0
4500,GF-30-CAM-31,34718.237985488,34718.240405396,34718.350658768,38.3330078125,38.3330078125,0,,0
4502,GF-30-CAM-31,34718.830616815,34718.832248869,34718.920040883,38.3330078125,38.3330078125,0,,0
4504,GF-30-CAM-31,34719.246593824,34719.248374027,34719.429925569,38.3330078125,38.3330078125,0,,0
4506,GF-30-CAM-31,34719.784960384,34719.786338154,34719.90951861,38.3330078125,38.3330078125,0,,0
4508,GF-30-CAM-31,34720.303866312,34720.307823379,34720.443774262,38.3330078125,38.3330078125,0,,0
4510,GF-30-CAM-31,34720.791237121,34720.793103945,34720.995348525,38.3330078125,38.3330078125,0,,0
4512,GF-30-CAM-31,34721.438600737,34721.441221384,34721.565069938,38.3330078125,38.3330078125,0,,0
4514,GF-30-CAM-31,34721.967395433,34721.969892484,34722.115819502,38.3330078125,38.3330078125,0,,0
4516,GF-30-CAM-31,34722.589726487,34722.59277829,34722.727482375,38.3330078125,38.3330078125,0,,0
4518,GF-30-CAM-31,34723.159474987,34723.162857522,34723.284263312,38.3330078125,38.3330078125,0,,0
4520,GF-30-CAM-31,34723.63893248,34723.641231329,34723.740846725,38.3330078125,38.3330078125,0,,0
4522,GF-30-CAM-31,34724.210274216,34724.213537299,34724.347444008,38.3330078125,38.3330078125,0,,0
4524,GF-30-CAM-31,34724.67952876,34724.682218798,34724.818136656,38.3330078125,38.3330078125,0,,0
4526,GF-30-CAM-31,34725.192188777,34725.196646663,34725.377489128,38.3330078125,38.3330078125,0,,0
4528,GF-30-CAM-31,34725.72192394,34725.723451072,34725.884462908,38.3330078125,38.3330078125,0,,0
4530,GF-30-CAM-31,34726.429678571,34726.433352102,34726.53935916,38.3330078125,38.3330078125,0,,0
4532,GF-30-CAM-31,34726.938971648,34726.941279565,34727.081672707,38.3330078125,38.3330078125,0,,0
4534,GF-30-CAM-31,34727.450716664,34727.454023941,34727.638935761,38.3330078125,38.3330078125,0,,0
4536,GF-30-CAM-31,34727.989277557,34727.990870281,34728.170535553,38.3330078125,38.3330078125,0,,0
4538,GF-30-CAM-31,34728.525522195,34728.528451462,34728.628843889,38.3330078125,38.3330078125,0,,0
4540,GF-30-CAM-31,34728.992328817,34728.993818378,34729.120568128,38.3330078125,38.3330078125,0,,0
4542,GF-30-CAM-31,34729.510929912,34729.51559153,34729.681831005,38.3330078125,38.3330078125,0,,0
4544,GF-30-CAM-31,34730.078643134,34730.080760121,34730.172199151,38.3330078125,38.3330078125,0,,0
4546,GF-30-CAM-31,34730.558064152,34730.566139929,34730.659249666,38.3330078125,38.3330078125,0,,0
4548,GF-30-CAM-31,34731.025075504,34731.030887143,34731.142412659,38.3330078125,38.3330078125,0,,0
4550,GF-30-CAM-31,34731.485616638,34731.496396495,34731.760117269,38.3330078125,38.3330078125,0,,0
4552,GF-30-CAM-31,34732.171446219,34732.175458676,34732.283016772,38.3330078125,38.3330078125,0,,0
4554,GF-30-CAM-31,34732.692081976,34732.693637602,34732.824155472,38.3330078125,38.3330078125,0,,0
4556,GF-30-CAM-31,34733.223541605,34733.227200287,34733.436856002,38.3330078125,38.3330078125,0,,0
4558,GF-30-CAM-31,34733.775604554,34733.77809827,34733.916503881,38.3330078125,38.3330078125,0,,0
4560,GF-30-CAM-31,34734.259081195,34734.261308035,34734.440644324,38.3330078125,38.3330078125,0,,0
4562,GF-30-CAM-31,34734.843187454,34734.847118621,34734.984660234,38.3330078125,38.3330078125,0,,0
4564,GF-30-CAM-31,34735.345069963,34735.361583535,34735.474849163,38.3330078125,38.3330078125,0,,0
4566,GF-30-CAM-31,34735.852206045,34735.854788827,34735.969146547,38.3330078125,38.3330078125,0,,0
4568,GF-30-CAM-31,34736.385019969,34736.388049876,34736.527867876,38.3330078125,38.3330078125,0,,0
4570,GF-30-CAM-31,34736.964239681,34736.971771196,34737.127481768,38.3330078125,38.3330078125,0,,0
4572,GF-30-CAM-31,34737.516739617,34737.518642995,34737.601413806,38.3330078125,38.3330078125,0,,0
4574,GF-30-CAM-31,34738.009473578,34738.011034057,34738.12827398,38.3330078125,38.3330078125,0,,0
4576,GF-30-CAM-31,34738.47355867,34738.47531661,34738.597084646,38.3330078125,38.3330078125,0,,0
4578,GF-30-CAM-31,34738.984102982,34738.986505618,34739.098332161,38.3330078125,38.3330078125,0,,0
4580,GF-30-CAM-31,34739.457014733,34739.460822447,34739.563980996,38.3330078125,38.3330078125,0,,0
4582,GF-30-CAM-31,34739.895269712,34739.897987826,34740.003750068,38.3330078125,38.3330078125,0,,0
4584,GF-30-CAM-31,34740.385785679,34740.388796915,34740.484961036,38.3330078125,38.3330078125,0,,0
4586,GF-30-CAM-31,34740.944200745,34740.946023664,34741.059082577,38.3330078125,38.3330078125,0,,0
4588,GF-30-CAM-31,34741.411122341,34741.417405973,34741.562342243,38.3330078125,38.3330078125,0,,0
4590,GF-30-CAM-31,34741.916084925,34741.918780921,34742.017437898,38.3330078125,38.3330078125,0,,0
4592,GF-30-CAM-31,34742.371874212,34742.373676816,34742.505674316,38.3330078125,38.3330078125,0,,0
4594,GF-30-CAM-31,34742.807338532,34742.809715866,34742.875284095,38.3330078125,38.3330078125,0,,0
4596,GF-30-CAM-31,34743.205750261,34743.207572654,34743.291393216,38.3330078125,38.3330078125,0,,0
4598,GF-30-CAM-31,34743.587501456,34743.58891579,34743.668981213,38.3330078125,38.3330078125,0,,0
4600,GF-30-CAM-31,34743.93895325,34743.940905638,34744.094177495,38.3330078125,38.3330078125,0,,0
4602,GF-30-CAM-31,34744.463746297,34744.46681306,34744.62858095,38.3330078125,38.3330078125,0,,0
4604,GF-30-CAM-31,34744.970212235,34744.971784539,34745.054226988,38.3330078125,38.3330078125,0,,0
4606,GF-30-CAM-31,34745.333631225,34745.338060743,34745.459479823,38.3330078125,38.3330078125,0,,0
4608,GF-30-CAM-31,34745.851160647,34745.852378723,34745.940831731,38.3330078125,38.3330078125,0,,0
4610,GF-30-CAM-31,34746.27330816,34746.276282814,34746.375923753,38.3330078125,38.3330078125,0,,0
4612,GF-30-CAM-31,34746.799894147,34746.802551064,34746.908788865,38.3330078125,38.3330078125,0,,0
4614,GF-30-CAM-31,34747.317087716,34747.320187377,34747.390075371,38.3330078125,38.3330078125,0,,0
4616,GF-30-CAM-31,34747.692142519,34747.693408185,34747.834781752,38.3330078125,38.3330078125,0,,0
4618,GF-30-CAM-31,34748.146337761,34748.147637789,34748.229270198,38.3330078125,38.3330078125,0,,0
4620,GF-30-CAM-31,34748.518554387,34748.52029028,34748.602037863,38.3330078125,38.3330078125,0,,0
4622,GF-30-CAM-31,34748.941261693,34748.944166297,34749.036629601,38.3330078125,38.3330078125,0,,0
4624,GF-30-CAM-31,34749.347092169,34749.350581155,34749.443046273,38.3330078125,38.3330078125,0,,0
4626,GF-30-CAM-31,34749.784124265,34749.787518148,34749.855762273,38.3330078125,38.3330078125,0,,0
4628,GF-30-CAM-31,34750.13132007,34750.134989526,34750.234028253,38.3330078125,38.3330078125,0,,0
4630,GF-30-CAM-31,34750.659079718,34750.662572653,34750.745132245,38.3330078125,38.3330078125,0,,0
4632,GF-30-CAM-31,34751.043226882,34751.045898828,34751.182751591,38.3330078125,38.3330078125,0,,0
4634,GF-30-CAM-31,34751.455078041,34751.462015889,34751.531234139,38.3330078125,38.3330078125,0,,0
4636,GF-30-CAM-31,34751.901304163,34751.904681483,34751.970540632,38.3330078125,38.3330078125,0,,0
4638,GF-30-CAM-31,34752.292372954,34752.296430715,34752.411037885,38.3330078125,38.3330078125,0,,0
4640,GF-30-CAM-31,34752.692920738,34752.694455873,34752.772714179,38.3330078125,38.3330078125,0,,0
4642,GF-30-CAM-31,34753.088829084,34753.090422556,34753.204133453,38.3330078125,38.3330078125,0,,0
4644,GF-30-CAM-31,34753.589424312,34753.590975162,34753.681342277,38.3330078125,38.3330078125,0,,0
4646,GF-30-CAM-31,34753.957402972,34753.958985715,34754.058785112,38.3330078125,38.3330078125,0,,0
4648,GF-30-CAM-31,34754.426958131,34754.428374574,34754.535713418,38.3330078125,38.3330078125,0,,0
4650,GF-30-CAM-31,34754.819105502,34754.826610598,34754.950194259,38.3330078125,38.3330078125,0,,0
4652,GF-30-CAM-31,34755.284654787,34755.286068529,34755.368932612,38.3330078125,38.3330078125,0,,0
4654,GF-30-CAM-31,34755.679859935,34755.681331787,34755.74698234,38.3330078125,38.3330078125,0,,0
4656,GF-30-CAM-31,34756.083356337,34756.085606409,34756.185759663,38.3330078125,38.3330078125,0,,0
4658,GF-30-CAM-31,34756.480230101,34756.481900454,34756.629690337,38.3330078125,38.3330078125,0,,0
4660,GF-30-CAM-31,34756.982250223,34756.984898856,34757.081633649,38.3330078125,38.3330078125,0,,0
4662,GF-30-CAM-31,34757.343125764,34757.345608391,34757.50902856,38.3330078125,38.3330078125,0,,0
4664,GF-30-CAM-31,34757.87008168,34757.874190132,34757.962759597,38.3330078125,38.3330078125,0,,0
4666,GF-30-CAM-31,34758.300394648,34758.301730423,34758.372458032,38.3330078125,38.3330078125,0,,0
4668,GF-30-CAM-31,34758.727117832,34758.729449899,34758.832636849,38.3330078125,38.3330078125,0,,0
4670,GF-30-CAM-31,34759.111019166,34759.11272913,34759.216992757,38.3330078125,38.3330078125,0,,0
4672,GF-30-CAM-31,34759.51369525,34759.516971194,34759.619228226,38.3330078125,38.3330078125,0,,0
4674,GF-30-CAM-31,34759.952464255,34759.954649162,34760.052916789,38.3330078125,38.3330078125,0,,0
4676,GF-30-CAM-31,34760.320434726,34760.323373645,34760.426992117,38.3330078125,38.3330078125,0,,0
4678,GF-30-CAM-31,34760.71719431,34760.719672155,34760.81417334,38.3330078125,38.3330078125,0,,0
4680,GF-30-CAM-31,34761.071282659,34761.072926099,34761.147943293,38.3330078125,38.3330078125,0,,0
4682,GF-30-CAM-31,34761.418597305,34761.420400406,34761.528725454,38.3330078125,38.3330078125,0,,0
4684,GF-30-CAM-31,34761.822898233,34761.827020394,34761.913921847,38.3330078125,38.3330078125,0,,0
4686,GF-30-CAM-31,34762.189560032,34762.192261318,34762.28350359,38.3330078125,38.3330078125,0,,0
4690,GF-30-CAM-31,34763.042602128,34763.044239947,34763.156821325,38.33349609375,38.3330078125,0,,0
4700,GF-30-CAM-31,34765.040898933,34765.043540041,34765.173597507,38.33349609375,38.3330078125,0,,0
4702,GF-30-CAM-31,34765.457581159,34765.459278756,34765.555408752,38.3330078125,38.3330078125,0,,0
4704,GF-30-CAM-31,34765.841369889,34765.843762147,34765.936119271,38.3330078125,38.3330078125,0,,0
4706,GF-30-CAM-31,34766.257584601,34766.263585139,34766.381443622,38.3330078125,38.3330078125,0,,0
4708,GF-30-CAM-31,34766.650654147,34766.651965468,34766.726287161,38.3330078125,38.3330078125,0,,0
4710,GF-30-CAM-31,34767.078720871,34767.081344893,34767.166205141,38.3330078125,38.3330078125,0,,0
4712,GF-30-CAM-31,34767.471737086,34767.47332465,34767.568018722,38.3330078125,38.3330078125,0,,0
4714,GF-30-CAM-31,34767.882889942,34767.886939675,34768.003954698,38.3330078125,38.3330078125,0,,0
4716,GF-30-CAM-31,34768.316810927,34768.319603502,34768.409867111,38.3330078125,38.3330078125,0,,0
4718,GF-30-CAM-31,34768.723800952,34768.725778474,34768.802485555,38.3330078125,38.3330078125,0,,0
4720,GF-30-CAM-31,34769.078524027,34769.08177556,34769.164248201,38.3330078125,38.3330078125,0,,0
4722,GF-30-CAM-31,34769.494576666,34769.496023697,34769.582488174,38.3330078125,38.3330078125,0,,0
4724,GF-30-CAM-31,34769.890080948,34769.891541565,34769.970194078,38.3330078125,38.3330078125,0,,0
4726,GF-30-CAM-31,34770.25399923,34770.256862431,34770.376706262,38.3330078125,38.3330078125,0,,0
4744,GF-30-CAM-31,34773.945079639,34773.946341823,34774.03672112,38.33349609375,38.3330078125,0,,0
4746,GF-30-CAM-31,34774.349927646,34774.351115707,34774.438637552,38.3330078125,38.3330078125,0,,0
4748,GF-30-CAM-31,34774.721678579,34774.724051942,34774.786019559,38.3330078125,38.3330078125,0,,0
4750,GF-30-CAM-31,34775.058739723,34775.06178603,34775.134107155,38.3330078125,38.3330078125,0,,0
4752,GF-30-CAM-31,34775.423065238,34775.424142331,34775.562747303,38.3330078125,38.3330078125,0,,0
4754,GF-30-CAM-31,34775.938702688,34775.978111043,34776.100811199,38.3330078125,38.3330078125,0,,0
4756,GF-30-CAM-31,34776.360718901,34776.362626657,34776.474789583,38.3330078125,38.3330078125,0,,0
4758,GF-30-CAM-31,34776.788673222,34776.791743178,34776.848177259,38.3330078125,38.3330078125,0,,0
4760,GF-30-CAM-31,34777.119980848,34777.121983859,34777.198624985,38.3330078125,38.3330078125,0,,0
4762,GF-30-CAM-31,34777.537541189,34777.539806762,34777.637157419,38.3330078125,38.3330078125,0,,0
4764,GF-30-CAM-31,34777.933684899,34777.935036172,34778.036193115,38.3330078125,38.3330078125,0,,0
4766,GF-30-CAM-31,34778.328350384,34778.329838308,34778.373193172,38.3330078125,38.3330078125,0,,0
4768,GF-30-CAM-31,34778.653132377,34778.654348032,34778.766687187,38.3330078125,38.3330078125,0,,0
4770,GF-30-CAM-31,34779.081269952,34779.083001393,34779.164412498,38.3330078125,38.3330078125,0,,0
4772,GF-30-CAM-31,34779.464439406,34779.467697852,34779.558341757,38.3330078125,38.3330078125,0,,0
4774,GF-30-CAM-31,34779.840217635,34779.846650558,34779.936684296,38.3330078125,38.3330078125,0,,0
4800,GF-30-CAM-31,34785.281660008,34785.283349638,34785.386474167,38.33349609375,38.3330078125,0,,0
4802,GF-30-CAM-31,34785.712188112,34785.716676604,34785.783281225,38.3330078125,38.3330078125,0,,0
4804,GF-30-CAM-31,34786.065144575,34786.066412615,34786.183794296,38.3330078125,38.3330078125,0,,0
4806,GF-30-CAM-31,34786.469061699,34786.474280444,34786.571373229,38.3330078125,38.3330078125,0,,0
4808,GF-30-CAM-31,34786.872042341,34786.873135614,34786.964940893,38.3330078125,38.3330078125,0,,0
4810,GF-30-CAM-31,34787.259311267,34787.261837416,34787.372228859,38.3330078125,38.3330078125,0,,0
4812,GF-30-CAM-31,34787.677386191,34787.679110007,34787.756287009,38.3330078125,38.3330078125,0,,0
4814,GF-30-CAM-31,34788.030306606,34788.032241879,34788.123024599,38.3330078125,38.3330078125,0,,0
4816,GF-30-CAM-31,34788.419803465,34788.428344371,34788.510388425,38.3330078125,38.3330078125,0,,0
4818,GF-30-CAM-31,34788.739707025,34788.742222239,34788.837910969,38.3330078125,38.3330078125,0,,0
4820,GF-30-CAM-31,34789.12524085,34789.126853435,34789.204355237,38.3330078125,38.3330078125,0,,0
4822,GF-30-CAM-31,34789.465234365,34789.467285277,34789.579573355,38.3330078125,38.3330078125,0,,0
4824,GF-30-CAM-31,34789.915152219,34789.916555644,34790.013161119,38.3330078125,38.3330078125,0,,0
4826,GF-30-CAM-31,34790.304461467,34790.306670811,34790.389648504,38.3330078125,38.3330078125,0,,0
4828,GF-30-CAM-31,34790.683212648,34790.687399755,34790.766764644,38.3330078125,38.3330078125,0,,0
4830,GF-30-CAM-31,34791.098118866,34791.100550182,34791.203023062,38.3330078125,38.3330078125,0,,0
4832,GF-30-CAM-31,34791.465670824,34791.467562931,34791.615367027,38.3330078125,38.3330078125,0,,0
4834,GF-30-CAM-31,34791.915034847,34791.916538585,34791.986625806,38.3330078125,38.3330078125,0,,0
4836,GF-30-CAM-31,34792.271254605,34792.274071895,34792.343138421,38.3330078125,38.3330078125,0,,0
4838,GF-30-CAM-31,34792.656749827,34792.659117232,34792.758281852,38.3330078125,38.3330078125,0,,0
4840,GF-30-CAM-31,34793.010454775,34793.012047119,34793.123090227,38.3330078125,38.3330078125,0,,0
4842,GF-30-CAM-31,34793.39022187,34793.392179978,34793.469454673,38.3330078125,38.3330078125,0,,0
4844,GF-30-CAM-31,34793.752955416,34793.758064035,34793.847536691,38.3330078125,38.3330078125,0,,0
4846,GF-30-CAM-31,34794.124731465,34794.126407047,34794.186601559,38.3330078125,38.3330078125,0,,0
4848,GF-30-CAM-31,34794.481647632,34794.484143553,34794.569403597,38.3330078125,38.3330078125,0,,0
4850,GF-30-CAM-31,34794.859912045,34794.861655733,34794.944309622,38.3330078125,38.3330078125,0,,0
4852,GF-30-CAM-31,34795.256514536,34795.259944128,34795.351570459,38.3330078125,38.3330078125,0,,0
4854,GF-30-CAM-31,34795.673233238,34795.675074047,34795.82010324,38.3330078125,38.3330078125,0,,0
4856,GF-30-CAM-31,34796.127530587,34796.130437673,34796.200656501,38.3330078125,38.3330078125,0,,0
4858,GF-30-CAM-31,34796.543193259,34796.547623918,34796.739852228,38.3330078125,38.3330078125,0,,0
4860,GF-30-CAM-31,34797.055117127,34797.056686511,34797.146609648,38.3330078125,38.3330078125,0,,0
4900,GF-30-CAM-31,34805.512693254,34805.521485355,34805.619141247,38.33349609375,38.3330078125,0,,0
4902,GF-30-CAM-31,34805.913294458,34805.917013223,34806.026286416,38.3330078125,38.3330078125,0,,0
4904,GF-30-CAM-31,34806.307255378,34806.308543183,34806.380483127,38.3330078125,38.3330078125,0,,0
4906,GF-30-CAM-31,34806.687446117,34806.689134042,34806.804980564,38.3330078125,38.3330078125,0,,0
4908,GF-30-CAM-31,34807.149843439,34807.151868446,34807.241795049,38.3330078125,38.3330078125,0,,0
4910,GF-30-CAM-31,34807.579749803,34807.581165434,34807.665822046,38.3330078125,38.3330078125,0,,0
4912,GF-30-CAM-31,34807.97662674,34807.978094844,34808.064620321,38.3330078125,38.3330078125,0,,0
4914,GF-30-CAM-31,34808.422628209,34808.423952732,34808.536558074,38.3330078125,38.3330078125,0,,0
4916,GF-30-CAM-31,34808.860630824,34808.862295177,34808.961461696,38.3330078125,38.3330078125,0,,0
4918,GF-30-CAM-31,34809.275793471,34809.277277324,34809.362289032,38.3330078125,38.3330078125,0,,0
4920,GF-30-CAM-31,34809.641341772,34809.64352962,34809.723119958,38.3330078125,38.3330078125,0,,0
4922,GF-30-CAM-31,34810.064207027,34810.066833318,34810.175061374,38.3330078125,38.3330078125,0,,0
4924,GF-30-CAM-31,34810.434726732,34810.438133808,34810.537166959,38.3330078125,38.3330078125,0,,0
4926,GF-30-CAM-31,34810.844601051,34810.847060636,34810.906060118,38.3330078125,38.3330078125,0,,0
4928,GF-30-CAM-31,34811.197872221,34811.201091752,34811.272132405,38.3330078125,38.3330078125,0,,0
4930,GF-30-CAM-31,34811.562816494,34811.56603711,34811.670836696,38.3330078125,38.3330078125,0,,0
4932,GF-30-CAM-31,34811.980580851,34811.983199743,34812.067998958,38.3330078125,38.3330078125,0,,0
4934,GF-30-CAM-31,34812.357842312,34812.360386716,34812.447995403,38.3330078125,38.3330078125,0,,0
4936,GF-30-CAM-31,34812.774591239,34812.776174152,34812.860088436,38.3330078125,38.3330078125,0,,0
4938,GF-30-CAM-31,34813.135981493,34813.138851988,34813.223389652,38.3330078125,38.3330078125,0,,0
4940,GF-30-CAM-31,34813.505495607,34813.507574381,34813.626282972,38.3330078125,38.3330078125,0,,0
4942,GF-30-CAM-31,34813.933399048,34813.936348568,34813.991461004,38.3330078125,38.3330078125,0,,0
4944,GF-30-CAM-31,34814.286211786,34814.289431478,34814.422765527,38.3330078125,38.3330078125,0,,0
4946,GF-30-CAM-31,34814.701754033,34814.703663883,34814.803381009,38.3330078125,38.3330078125,0,,0
4948,GF-30-CAM-31,34815.119177516,34815.121177163,34815.224954599,38.3330078125,38.3330078125,0,,0
4950,GF-30-CAM-31,34815.577197996,34815.580056768,34815.712234544,38.3330078125,38.3330078125,0,,0
4952,GF-30-CAM-31,34816.027789124,34816.030316462,34816.150504895,38.3330078125,38.3330078125,0,,0
4954,GF-30-CAM-31,34816.493154139,34816.495232031,34816.588347648,38.3330078125,38.3330078125,0,,0
4956,GF-30-CAM-31,34816.914343417,34816.917212188,34817.022012351,38.3330078125,38.3330078125,0,,0
4958,GF-30-CAM-31,34817.320289301,34817.322271985,34817.412983911,38.3330078125,38.3330078125,0,,0
4960,GF-30-CAM-31,34817.840954277,34817.845857517,34818.039799638,38.3330078125,38.3330078125,0,,0
4962,GF-30-CAM-31,34818.387941435,34818.394461287,34818.489062639,38.3330078125,38.3330078125,0,,0
4964,GF-30-CAM-31,34818.8619631,34818.863603538,34818.978324905,38.3330078125,38.3330078125,0,,0
4966,GF-30-CAM-31,34819.383620856,34819.385053448,34819.446009466,38.3330078125,38.3330078125,0,,0
4968,GF-30-CAM-31,34819.782123015,34819.784480727,34819.874483223,38.3330078125,38.3330078125,0,,0
4970,GF-30-CAM-31,34820.20508915,34820.207781523,34820.310814389,38.3330078125,38.3330078125,0,,0
4972,GF-30-CAM-31,34820.554109244,34820.555953567,34820.660614105,38.3330078125,38.3330078125,0,,0
4974,GF-30-CAM-31,34820.928191551,34820.932598459,34821.025333233,38.3330078125,38.3330078125,0,,0
4984,GF-30-CAM-31,34823.01314892,34823.016482791,34823.089940057,38.33349609375,38.3330078125,0,,0
4986,GF-30-CAM-31,34823.405787175,34823.407583236,34823.472849476,38.3330078125,38.3330078125,0,,0
4994,GF-30-CAM-31,34825.252225768,34825.256521108,34825.383031153,38.33349609375,38.3330078125,0,,0
4996,GF-30-CAM-31,34825.801876621,34825.806160719,34825.930503996,38.3330078125,38.3330078125,0,,0
4998,GF-30-CAM-31,34826.238210227,34826.240968724,34826.337766653,38.3330078125,38.3330078125,0,,0
5000,GF-30-CAM-31,34826.613063379,34826.614850004,34826.704335901,38.3330078125,38.3330078125,0,,0
5002,GF-30-CAM-31,34827.015659918,34827.017681462,34827.124781466,38.3330078125,38.3330078125,0,,0
5004,GF-30-CAM-31,34827.435824659,34827.44233332,34827.567764109,38.3330078125,38.3330078125,0,,0
5040,GF-30-CAM-31,34835.530795093,34835.534030331,34835.59962195,38.33349609375,38.3330078125,0,,0
5042,GF-30-CAM-31,34835.876230612,34835.877853456,34836.000997475,38.3330078125,38.3330078125,0,,0
5106,GF-30-CAM-31,34848.706289356,34848.70777059,34848.792936967,38.33349609375,38.3330078125,0,,0
5108,GF-30-CAM-31,34849.108549941,34849.123586753,34849.226246259,38.3330078125,38.3330078125,0,,0
5110,GF-30-CAM-31,34849.574209894,34849.577011608,34849.697768294,38.3330078125,38.3330078125,0,,0
5112,GF-30-CAM-31,34849.978364263,34849.979569308,34850.05297158,38.3330078125,38.3330078125,0,,0
5114,GF-30-CAM-31,34850.337595965,34850.339362337,34850.424114504,38.3330078125,38.3330078125,0,,0
5116,GF-30-CAM-31,34850.678419868,34850.680624022,34850.789437608,38.3330078125,38.3330078125,0,,0
5118,GF-30-CAM-31,34851.042697464,34851.044975369,34851.102798565,38.3330078125,38.3330078125,0,,0
5120,GF-30-CAM-31,34851.39982611,34851.401874064,34851.508423135,38.3330078125,38.3330078125,0,,0
5122,GF-30-CAM-31,34851.826069189,34851.827515644,34851.901854487,38.3330078125,38.3330078125,0,,0
5124,GF-30-CAM-31,34852.162607388,34852.165590659,34852.266034835,38.3330078125,38.3330078125,0,,0
5126,GF-30-CAM-31,34852.507674233,34852.510610419,34852.606879869,38.3330078125,38.3330078125,0,,0
5128,GF-30-CAM-31,34852.81580353,34852.817339947,34852.921812262,38.3330078125,38.3330078125,0,,0
5130,GF-30-CAM-31,34853.13839854,34853.140248749,34853.271395048,38.3330078125,38.3330078125,0,,0
5132,GF-30-CAM-31,34853.536999577,34853.53931076,34853.668796047,38.3330078125,38.3330078125,0,,0
5134,GF-30-CAM-31,34853.940582605,34853.942020862,34854.039681803,38.3330078125,38.3330078125,0,,0
5136,GF-30-CAM-31,34854.281938881,34854.283205419,34854.339725176,38.3330078125,38.3330078125,0,,0
5138,GF-30-CAM-31,34854.612170335,34854.615445257,34854.721145823,38.3330078125,38.3330078125,0,,0
5140,GF-30-CAM-31,34854.984477701,34854.986400422,34855.078446877,38.3330078125,38.3330078125,0,,0
5142,GF-30-CAM-31,34855.358321898,34855.362051159,34855.487596872,38.3330078125,38.3330078125,0,,0
5144,GF-30-CAM-31,34855.798391497,34855.804502757,34855.912896455,38.3330078125,38.3330078125,0,,0
5146,GF-30-CAM-31,34856.182278101,34856.185778538,34856.275306176,38.3330078125,38.3330078125,0,,0
5148,GF-30-CAM-31,34856.536808039,34856.539862896,34856.623473574,38.3330078125,38.3330078125,0,,0
5150,GF-30-CAM-31,34856.919863147,34856.921070083,34856.994862147,38.3330078125,38.3330078125,0,,0
5152,GF-30-CAM-31,34857.340798777,34857.344413708,34857.438792534,38.3330078125,38.3330078125,0,,0
5154,GF-30-CAM-31,34857.757963241,34857.76135914,34857.882552381,38.3330078125,38.3330078125,0,,0
5156,GF-30-CAM-31,34858.15627593,34858.15966331,34858.221124551,38.3330078125,38.3330078125,0,,0
5158,GF-30-CAM-31,34858.507676478,34858.509186925,34858.579586105,38.3330078125,38.3330078125,0,,0
5160,GF-30-CAM-31,34858.876851579,34858.879630186,34858.952342096,38.3330078125,38.3330078125,0,,0
5162,GF-30-CAM-31,34859.236897532,34859.239162669,34859.315617074,38.3330078125,38.3330078125,0,,0
5164,GF-30-CAM-31,34859.629541538,34859.631241391,34859.713944984,38.3330078125,38.3330078125,0,,0
5166,GF-30-CAM-31,34859.972182461,34859.974466432,34860.048685445,38.3330078125,38.3330078125,0,,0
5168,GF-30-CAM-31,34860.335626425,34860.337875728,34860.458849714,38.3330078125,38.3330078125,0,,0
5170,GF-30-CAM-31,34860.733853693,34860.735187732,34860.829560246,38.3330078125,38.3330078125,0,,0
5172,GF-30-CAM-31,34861.127450485,34861.129726464,34861.248128949,38.3330078125,38.3330078125,0,,0
5174,GF-30-CAM-31,34861.473285495,34861.474652837,34861.569858791,38.3330078125,38.3330078125,0,,0
5176,GF-30-CAM-31,34861.843252301,34861.845147604,34861.914786796,38.3330078125,38.3330078125,0,,0
5178,GF-30-CAM-31,34862.199281721,34862.202334714,34862.281033957,38.3330078125,38.3330078125,0,,0
5180,GF-30-CAM-31,34862.569836405,34862.57305904,34862.671584939,38.3330078125,38.3330078125,0,,0
5182,GF-30-CAM-31,34863.026824706,34863.02876415,34863.158858562,38.3330078125,38.3330078125,0,,0
5184,GF-30-CAM-31,34863.390225118,34863.392062293,34863.516525898,38.3330078125,38.3330078125,0,,0
5186,GF-30-CAM-31,34863.76346526,34863.765837483,34863.884332186,38.3330078125,38.3330078125,0,,0
5188,GF-30-CAM-31,34864.159300755,34864.161899579,34864.241487078,38.3330078125,38.3330078125,0,,0
5190,GF-30-CAM-31,34864.52105176,34864.523041625,34864.598463619,38.3330078125,38.3330078125,0,,0
5192,GF-30-CAM-31,34864.883520122,34864.888992537,34864.976499618,38.3330078125,38.3330078125,0,,0
5194,GF-30-CAM-31,34865.269453503,34865.27098546,34865.386772162,38.3330078125,38.3330078125,0,,0
5196,GF-30-CAM-31,34865.615209191,34865.616359826,34865.69645801,38.3330078125,38.3330078125,0,,0
5198,GF-30-CAM-31,34865.998209172,34866.001306018,34866.134258125,38.3330078125,38.3330078125,0,,0
5200,GF-30-CAM-31,34866.44861643,34866.451397423,34866.559566954,38.3330078125,38.3330078125,0,,0
5202,GF-30-CAM-31,34866.895491368,34866.898700011,34866.998383101,38.3330078125,38.3330078125,0,,0
5204,GF-30-CAM-31,34867.296436796,34867.297701169,34867.360342534,38.3330078125,38.3330078125,0,,0
5206,GF-30-CAM-31,34867.657831362,34867.660933464,34867.779759943,38.3330078125,38.3330078125,0,,0
5208,GF-30-CAM-31,34868.046133212,34868.048525502,34868.115550912,38.3330078125,38.3330078125,0,,0
5210,GF-30-CAM-31,34868.396628008,34868.398031749,34868.494561524,38.3330078125,38.3330078125,0,,0
5212,GF-30-CAM-31,34868.797347949,34868.799505795,34868.905076106,38.3330078125,38.3330078125,0,,0
5214,GF-30-CAM-31,34869.206349314,34869.207877272,34869.284387942,38.3330078125,38.3330078125,0,,0
5216,GF-30-CAM-31,34869.678033465,34869.680454847,34869.751404045,38.3330078125,38.3330078125,0,,0
5218,GF-30-CAM-31,34870.095264964,34870.097424313,34870.234429149,38.3330078125,38.3330078125,0,,0
5220,GF-30-CAM-31,34870.540055585,34870.542557527,34870.625451694,38.3330078125,38.3330078125,0,,0
5222,GF-30-CAM-31,34870.874983701,34870.879563825,34870.975543236,38.3330078125,38.3330078125,0,,0
5224,GF-30-CAM-31,34871.195405665,34871.197583536,34871.288079632,38.3330078125,38.3330078125,0,,0
5226,GF-30-CAM-31,34871.570829455,34871.572945179,34871.653435023,38.3330078125,38.3330078125,0,,0
5228,GF-30-CAM-31,34871.94352146,34871.945641717,34872.036413261,38.3330078125,38.3330078125,0,,0
5230,GF-30-CAM-31,34872.301549297,34872.303619562,34872.40833668,38.3330078125,38.3330078125,0,,0
5232,GF-30-CAM-31,34872.641966986,34872.643135187,34872.74149122,38.3330078125,38.3330078125,0,,0
5234,GF-30-CAM-31,34873.053760396,34873.05837013,34873.109918684,38.3330078125,38.3330078125,0,,0
5236,GF-30-CAM-31,34873.410218106,34873.412636493,34873.504743406,38.3330078125,38.3330078125,0,,0
5238,GF-30-CAM-31,34873.843903386,34873.845490619,34873.941925765,38.3330078125,38.3330078125,0,,0
5240,GF-30-CAM-31,34874.234383509,34874.235622153,34874.370240886,38.3330078125,38.3330078125,0,,0
5242,GF-30-CAM-31,34874.585412873,34874.58720507,34874.675224439,38.3330078125,38.3330078125,0,,0
5244,GF-30-CAM-31,34874.950473919,34874.951943956,34875.026623686,38.3330078125,38.3330078125,0,,0
5246,GF-30-CAM-31,34875.260950413,34875.263520929,34875.3484279,38.3330078125,38.3330078125,0,,0
5248,GF-30-CAM-31,34875.602818494,34875.604890718,34875.736588562,38.3330078125,38.3330078125,0,,0
5250,GF-30-CAM-31,34876.002382096,34876.004079704,34876.069635919,38.3330078125,38.3330078125,0,,0
5252,GF-30-CAM-31,34876.279653641,34876.282113688,34876.381857841,38.3330078125,38.3330078125,0,,0
5254,GF-30-CAM-31,34876.645761696,34876.653575316,34876.718012776,38.3330078125,38.3330078125,0,,0
5256,GF-30-CAM-31,34876.997951564,34877.001481434,34877.118581377,38.3330078125,38.3330078125,0,,0
5258,GF-30-CAM-31,34877.371200348,34877.375145516,34877.463154864,38.3330078125,38.3330078125,0,,0
5260,GF-30-CAM-31,34877.734174123,34877.73556825,34877.817678035,38.3330078125,38.3330078125,0,,0
5262,GF-30-CAM-31,34878.120599005,34878.121571591,34878.22475965,38.3330078125,38.3330078125,0,,0
5264,GF-30-CAM-31,34878.547967315,34878.550274521,34878.634402616,38.3330078125,38.3330078125,0,,0
5266,GF-30-CAM-31,34878.875430333,34878.876610465,34878.944233385,38.3330078125,38.3330078125,0,,0
5268,GF-30-CAM-31,34879.25895767,34879.263384619,34879.378800581,38.3330078125,38.3330078125,0,,0
5270,GF-30-CAM-31,34879.644067075,34879.645633946,34879.731491264,38.3330078125,38.3330078125,0,,0
5272,GF-30-CAM-31,34879.953101315,34879.954581891,34880.016034975,38.3330078125,38.3330078125,0,,0
5274,GF-30-CAM-31,34880.301653124,34880.303421747,34880.382780858,38.3330078125,38.3330078125,0,,0
5276,GF-30-CAM-31,34880.616937676,34880.619261848,34880.714082028,38.3330078125,38.3330078125,0,,0
5278,GF-30-CAM-31,34880.950348636,34880.951716347,34881.031925293,38.3330078125,38.3330078125,0,,0
5280,GF-30-CAM-31,34881.297349765,34881.300945096,34881.414887778,38.3330078125,38.3330078125,0,,0
5282,GF-30-CAM-31,34881.686826087,34881.688130544,34881.766446575,38.3330078125,38.3330078125,0,,0
5284,GF-30-CAM-31,34882.07334199,34882.075127957,34882.229369625,38.3330078125,38.3330078125,0,,0
5362,GF-30-CAM-31,34896.248114197,34896.250809155,34896.309777123,38.33349609375,38.3330078125,0,,0
5364,GF-30-CAM-31,34896.582048956,34896.584663798,34896.678604043,38.3330078125,38.3330078125,0,,0
5366,GF-30-CAM-31,34896.988516553,34896.990697966,34897.078394426,38.3330078125,38.3330078125,0,,0
5368,GF-30-CAM-31,34897.351329298,34897.353629169,34897.471124479,38.3330078125,38.3330078125,0,,0
5370,GF-30-CAM-31,34897.747188953,34897.749591652,34897.832514884,38.3330078125,38.3330078125,0,,0
5372,GF-30-CAM-31,34898.065635323,34898.066867518,34898.174483704,38.3330078125,38.3330078125,0,,0
5374,GF-30-CAM-31,34898.424529277,34898.426203573,34898.522882052,38.3330078125,38.3330078125,0,,0
5376,GF-30-CAM-31,34898.789919938,34898.792788758,34898.88014963,38.3330078125,38.3330078125,0,,0
5378,GF-30-CAM-31,34899.128895289,34899.130296782,34899.192206948,38.3330078125,38.3330078125,0,,0
5380,GF-30-CAM-31,34899.485282981,34899.486922364,34899.562459517,38.3330078125,38.3330078125,0,,0
5382,GF-30-CAM-31,34899.853997657,34899.855901537,34899.943132161,38.3330078125,38.3330078125,0,,0
5384,GF-30-CAM-31,34900.314878042,34900.316086075,34900.418285272,38.3330078125,38.3330078125,0,,0
5386,GF-30-CAM-31,34900.665878538,34900.667506893,34900.744345782,38.3330078125,38.3330078125,0,,0
5388,GF-30-CAM-31,34901.038917742,34901.040454568,34901.130206773,38.3330078125,38.3330078125,0,,0
5390,GF-30-CAM-31,34901.417415031,34901.421163587,34901.515826799,38.3330078125,38.3330078125,0,,0
5392,GF-30-CAM-31,34901.800447911,34901.802446757,34901.905244764,38.3330078125,38.3330078125,0,,0
5394,GF-30-CAM-31,34902.133207615,34902.135664968,34902.218425448,38.3330078125,38.3330078125,0,,0
5396,GF-30-CAM-31,34902.483016502,34902.48616756,34902.56770577,38.3330078125,38.3330078125,0,,0
5398,GF-30-CAM-31,34902.864498468,34902.866220203,34902.962842279,38.3330078125,38.3330078125,0,,0
5400,GF-30-CAM-31,34903.232598819,34903.234979981,34903.312060116,38.3330078125,38.3330078125,0,,0
5402,GF-30-CAM-31,34903.557950349,34903.563058529,34903.657710592,38.3330078125,38.3330078125,0,,0
5404,GF-30-CAM-31,34903.910851292,34903.914291531,34904.009351199,38.3330078125,38.3330078125,0,,0
5406,GF-30-CAM-31,34904.24564062,34904.247194894,34904.338829584,38.3330078125,38.3330078125,0,,0
5408,GF-30-CAM-31,34904.612811292,34904.61450287,34904.685624453,38.3330078125,38.3330078125,0,,0
5410,GF-30-CAM-31,34904.935576758,34904.936709033,34904.999521842,38.3330078125,38.3330078125,0,,0
5412,GF-30-CAM-31,34905.295344507,34905.297378486,34905.379853505,38.3330078125,38.3330078125,0,,0
5414,GF-30-CAM-31,34905.683129199,34905.685102244,34905.753215024,38.3330078125,38.3330078125,0,,0
5416,GF-30-CAM-31,34905.9679723,34905.968815256,34906.061955391,38.3330078125,38.3330078125,0,,0
5418,GF-30-CAM-31,34906.288199214,34906.289619879,34906.356086286,38.3330078125,38.3330078125,0,,0
5420,GF-30-CAM-31,34906.604120805,34906.61902137,34906.70404987,38.3330078125,38.3330078125,0,,0
5422,GF-30-CAM-31,34906.940778148,34906.94198507,34907.003570442,38.3330078125,38.3330078125,0,,0
5424,GF-30-CAM-31,34907.311988605,34907.313803398,34907.378200727,38.3330078125,38.3330078125,0,,0
5426,GF-30-CAM-31,34907.647289069,34907.648998554,34907.785660041,38.3330078125,38.3330078125,0,,0
5428,GF-30-CAM-31,34908.060073186,34908.064429245,34908.171729251,38.3330078125,38.3330078125,0,,0
5430,GF-30-CAM-31,34908.443685131,34908.446585194,34908.545063592,38.3330078125,38.3330078125,0,,0
5432,GF-30-CAM-31,34908.788995129,34908.791691671,34908.874629101,38.3330078125,38.3330078125,0,,0
5434,GF-30-CAM-31,34909.120104345,34909.122712204,34909.192227677,38.3330078125,38.3330078125,0,,0
5436,GF-30-CAM-31,34909.432458063,34909.434835605,34909.512469627,38.3330078125,38.3330078125,0,,0
5438,GF-30-CAM-31,34909.797145058,34909.799037557,34909.875569722,38.3330078125,38.3330078125,0,,0
5440,GF-30-CAM-31,34910.137031902,34910.13880148,34910.244267842,38.3330078125,38.3330078125,0,,0
5442,GF-30-CAM-31,34910.520625068,34910.52166781,34910.576791536,38.3330078125,38.3330078125,0,,0
5444,GF-30-CAM-31,34910.877217121,34910.878466911,34910.929391525,38.3330078125,38.3330078125,0,,0
5446,GF-30-CAM-31,34911.244716135,34911.246197644,34911.321994838,38.3330078125,38.3330078125,0,,0
5448,GF-30-CAM-31,34911.592097578,34911.595420371,34911.709319363,38.3330078125,38.3330078125,0,,0
5450,GF-30-CAM-31,34911.951340281,34911.95574257,34912.016831375,38.3330078125,38.3330078125,0,,0
5452,GF-30-CAM-31,34912.259251762,34912.260464143,34912.36218051,38.3330078125,38.3330078125,0,,0
5454,GF-30-CAM-31,34912.637847096,34912.639749233,34912.698823305,38.3330078125,38.3330078125,0,,0
5456,GF-30-CAM-31,34912.983294711,34912.984652475,34913.068264101,38.3330078125,38.3330078125,0,,0
5458,GF-30-CAM-31,34913.305346911,34913.307965832,34913.399086295,38.3330078125,38.3330078125,0,,0
5460,GF-30-CAM-31,34913.672220594,34913.675658275,34913.781888602,38.3330078125,38.3330078125,0,,0
5462,GF-30-CAM-31,34914.079115574,34914.08033576,34914.188062463,38.3330078125,38.3330078125,0,,0
5464,GF-30-CAM-31,34914.442241544,34914.443421514,34914.525101909,38.3330078125,38.3330078125,0,,0
5466,GF-30-CAM-31,34914.815654617,34914.817332815,34914.914108023,38.3330078125,38.3330078125,0,,0
5468,GF-30-CAM-31,34915.18858306,34915.18977407,34915.287136736,38.3330078125,38.3330078125,0,,0
5470,GF-30-CAM-31,34915.549415758,34915.550922603,34915.634200611,38.3330078125,38.3330078125,0,,0
5472,GF-30-CAM-31,34915.90831363,34915.911510585,34915.957492265,38.3330078125,38.3330078125,0,,0
5474,GF-30-CAM-31,34916.224492677,34916.229913205,34916.307483843,38.3330078125,38.3330078125,0,,0
5476,GF-30-CAM-31,34916.598541276,34916.600561298,34916.685420934,38.3330078125,38.3330078125,0,,0
5478,GF-30-CAM-31,34916.977434534,34916.979212548,34917.064120906,38.3330078125,38.3330078125,0,,0
5480,GF-30-CAM-31,34917.325940646,34917.327069268,34917.461865507,38.3330078125,38.3330078125,0,,0
5482,GF-30-CAM-31,34917.69865274,34917.699755622,34917.785410933,38.3330078125,38.3330078125,0,,0
5484,GF-30-CAM-31,34918.07712761,34918.078738443,34918.145365004,38.3330078125,38.3330078125,0,,0
5486,GF-30-CAM-31,34918.457803896,34918.459811993,34918.568385884,38.3330078125,38.3330078125,0,,0
5488,GF-30-CAM-31,34918.834986091,34918.837644041,34918.908143897,38.3330078125,38.3330078125,0,,0
5490,GF-30-CAM-31,34919.172560241,34919.174023236,34919.255849308,38.3330078125,38.3330078125,0,,0
5492,GF-30-CAM-31,34919.534267512,34919.538682408,34919.592595603,38.3330078125,38.3330078125,0,,0
5494,GF-30-CAM-31,34919.854188505,34919.855781338,34919.944191848,38.3330078125,38.3330078125,0,,0
5496,GF-30-CAM-31,34920.251171804,34920.252710743,34920.315493393,38.3330078125,38.3330078125,0,,0
5498,GF-30-CAM-31,34920.55917521,34920.560391803,34920.701585012,38.3330078125,38.3330078125,0,,0
5500,GF-30-CAM-31,34920.978008859,34920.980563304,34921.072028579,38.3330078125,38.3330078125,0,,0
5502,GF-30-CAM-31,34921.318984253,34921.320554415,34921.384733944,38.3330078125,38.3330078125,0,,0
5504,GF-30-CAM-31,34921.6579687,34921.659461645,34921.728444369,38.3330078125,38.3330078125,0,,0
5506,GF-30-CAM-31,34922.024224217,34922.026400067,34922.105941085,38.3330078125,38.3330078125,0,,0
5508,GF-30-CAM-31,34922.406197016,34922.407502632,34922.490909009,38.3330078125,38.3330078125,0,,0
5510,GF-30-CAM-31,34922.730013179,34922.731334921,34922.818357806,38.3330078125,38.3330078125,0,,0
5512,GF-30-CAM-31,34923.059747367,34923.060880949,34923.131141831,38.3330078125,38.3330078125,0,,0
5514,GF-30-CAM-31,34923.427197121,34923.431048917,34923.493352813,38.3330078125,38.3330078125,0,,0
5516,GF-30-CAM-31,34923.735398007,34923.736985891,34923.830011198,38.3330078125,38.3330078125,0,,0
5538,GF-30-CAM-31,34927.623919869,34927.625436372,34927.701764952,38.33349609375,38.3330078125,0,,0
5540,GF-30-CAM-31,34927.954751728,34927.956091209,34928.013871399,38.3330078125,38.3330078125,0,,0
5542,GF-30-CAM-31,34928.249491784,34928.253323568,34928.374106467,38.3330078125,38.3330078125,0,,0
5544,GF-30-CAM-31,34928.657465625,34928.659876193,34928.770063559,38.3330078125,38.3330078125,0,,0
5546,GF-30-CAM-31,34929.040340711,34929.041943327,34929.140050567,38.3330078125,38.3330078125,0,,0
5548,GF-30-CAM-31,34929.389951753,34929.391553694,34929.482746892,38.3330078125,38.3330078125,0,,0
5550,GF-30-CAM-31,34929.74099894,34929.742557103,34929.839288037,38.3330078125,38.3330078125,0,,0
5552,GF-30-CAM-31,34930.132341825,34930.133719653,34930.191638801,38.3330078125,38.3330078125,0,,0
5554,GF-30-CAM-31,34930.452384873,34930.453715593,34930.55187026,38.3330078125,38.3330078125,0,,0
5556,GF-30-CAM-31,34930.797985041,34930.801222203,34930.876113213,38.3330078125,38.3330078125,0,,0
5558,GF-30-CAM-31,34931.120376805,34931.122342754,34931.227951862,38.3330078125,38.3330078125,0,,0
5560,GF-30-CAM-31,34931.462127126,34931.462828999,34931.568869342,38.3330078125,38.3330078125,0,,0
5562,GF-30-CAM-31,34931.818759303,34931.819956518,34931.890286201,38.3330078125,38.3330078125,0,,0
5564,GF-30-CAM-31,34932.133538348,34932.135086285,34932.22205517,38.3330078125,38.3330078125,0,,0
5566,GF-30-CAM-31,34932.455796903,34932.457461193,34932.54633331,38.3330078125,38.3330078125,0,,0
5568,GF-30-CAM-31,34932.827554539,34932.829225045,34932.944145686,38.3330078125,38.3330078125,0,,0
5570,GF-30-CAM-31,34933.256661045,34933.257802514,34933.309799182,38.3330078125,38.3330078125,0,,0
5572,GF-30-CAM-31,34933.544514986,34933.546106608,34933.627077265,38.3330078125,38.3330078125,0,,0
5574,GF-30-CAM-31,34933.858918685,34933.860355608,34933.942096068,38.3330078125,38.3330078125,0,,0
5576,GF-30-CAM-31,34934.189802034,34934.191527476,34934.245117758,38.3330078125,38.3330078125,0,,0
5578,GF-30-CAM-31,34934.513383225,34934.516333238,34934.574921768,38.3330078125,38.3330078125,0,,0
5580,GF-30-CAM-31,34934.837802091,34934.839139339,34934.898870631,38.3330078125,38.3330078125,0,,0
5582,GF-30-CAM-31,34935.165368022,34935.166656106,34935.271392851,38.3330078125,38.3330078125,0,,0
5584,GF-30-CAM-31,34935.573260953,34935.574328478,34935.638206713,38.3330078125,38.3330078125,0,,0
5586,GF-30-CAM-31,34935.890530841,34935.895770508,34936.009928063,38.3330078125,38.3330078125,0,,0
5588,GF-30-CAM-31,34936.259855447,34936.261644432,34936.336294507,38.3330078125,38.3330078125,0,,0
5590,GF-30-CAM-31,34936.583066053,34936.585616681,34936.672369596,38.3330078125,38.3330078125,0,,0
5592,GF-30-CAM-31,34936.921589264,34936.92432821,34936.99229642,38.3330078125,38.3330078125,0,,0
5594,GF-30-CAM-31,34937.294108898,34937.295847236,34937.360774653,38.3330078125,38.3330078125,0,,0
5596,GF-30-CAM-31,34937.602585877,34937.603869256,34937.694801442,38.3330078125,38.3330078125,0,,0
5598,GF-30-CAM-31,34937.9485861,34937.950200677,34938.041231621,38.3330078125,38.3330078125,0,,0
5600,GF-30-CAM-31,34938.261296881,34938.263773214,34938.352548724,38.3330078125,38.3330078125,0,,0
5602,GF-30-CAM-31,34938.617423111,34938.620934527,34938.760715726,38.3330078125,38.3330078125,0,,0
5604,GF-30-CAM-31,34939.01955505,34939.02173721,34939.0952192,38.3330078125,38.3330078125,0,,0
5606,GF-30-CAM-31,34939.319193808,34939.320227615,34939.415131691,38.3330078125,38.3330078125,0,,0
5608,GF-30-CAM-31,34939.676475439,34939.680384817,34939.77919654,38.3330078125,38.3330078125,0,,0
5610,GF-30-CAM-31,34940.037923301,34940.039630212,34940.086144433,38.3330078125,38.3330078125,0,,0
5612,GF-30-CAM-31,34940.355057286,34940.356563457,34940.4129401,38.3330078125,38.3330078125,0,,0
5614,GF-30-CAM-31,34940.624405982,34940.625710538,34940.711339734,38.3330078125,38.3330078125,0,,0
5616,GF-30-CAM-31,34940.947612892,34940.949196287,34941.008506634,38.3330078125,38.3330078125,0,,0
5618,GF-30-CAM-31,34941.234661345,34941.235860835,34941.336189709,38.3330078125,38.3330078125,0,,0
5620,GF-30-CAM-31,34941.555466927,34941.556246774,34941.614883269,38.3330078125,38.3330078125,0,,0
5622,GF-30-CAM-31,34941.854789365,34941.856627973,34941.93060546,38.3330078125,38.3330078125,0,,0
5624,GF-30-CAM-31,34942.150534325,34942.151792561,34942.208989307,38.3330078125,38.3330078125,0,,0
5626,GF-30-CAM-31,34942.409673834,34942.411392101,34942.506216633,38.3330078125,38.3330078125,0,,0
5628,GF-30-CAM-31,34942.769058746,34942.770220929,34942.813735297,38.3330078125,38.3330078125,0,,0
5630,GF-30-CAM-31,34943.100517307,34943.105780186,34943.146856602,38.3330078125,38.3330078125,0,,0
5632,GF-30-CAM-31,34943.380163395,34943.381377018,34943.456036951,38.3330078125,38.3330078125,0,,0
5634,GF-30-CAM-31,34943.694068583,34943.695229577,34943.763971801,38.3330078125,38.3330078125,0,,0
5636,GF-30-CAM-31,34943.980030679,34943.983425705,34944.070685458,38.3330078125,38.3330078125,0,,0
5638,GF-30-CAM-31,34944.255631187,34944.256546573,34944.306606973,38.3330078125,38.3330078125,0,,0
5640,GF-30-CAM-31,34944.543941151,34944.546226214,34944.601331644,38.3330078125,38.3330078125,0,,0
5642,GF-30-CAM-31,34944.842781483,34944.845462179,34944.936381791,38.3330078125,38.3330078125,0,,0
5644,GF-30-CAM-31,34945.216728216,34945.217897622,34945.304563602,38.3330078125,38.3330078125,0,,0
5646,GF-30-CAM-31,34945.562326207,34945.563834015,34945.618691996,38.3330078125,38.3330078125,0,,0
5648,GF-30-CAM-31,34945.897693258,34945.909167992,34945.99782846,38.3330078125,38.3330078125,0,,0
5650,GF-30-CAM-31,34946.199817341,34946.201119673,34946.318341925,38.3330078125,38.3330078125,0,,0
5652,GF-30-CAM-31,34946.55374783,34946.555557641,34946.643883041,38.3330078125,38.3330078125,0,,0
5654,GF-30-CAM-31,34946.883638552,34946.892075258,34946.950610862,38.3330078125,38.3330078125,0,,0
5656,GF-30-CAM-31,34947.227233154,34947.229121045,34947.34695413,38.3330078125,38.3330078125,0,,0
5658,GF-30-CAM-31,34947.613527564,34947.615618237,34947.666426447,38.3330078125,38.3330078125,0,,0
5660,GF-30-CAM-31,34947.990686985,34947.993636,34948.089119576,38.3330078125,38.3330078125,0,,0
5662,GF-30-CAM-31,34948.396506672,34948.398350178,34948.466695928,38.3330078125,38.3330078125,0,,0
5664,GF-30-CAM-31,34948.729419664,34948.730898367,34948.80625466,38.3330078125,38.3330078125,0,,0
5666,GF-30-CAM-31,34949.076504319,34949.080585233,34949.162765082,38.3330078125,38.3330078125,0,,0
5668,GF-30-CAM-31,34949.392444504,34949.395024174,34949.466279605,38.3330078125,38.3330078125,0,,0
5670,GF-30-CAM-31,34949.731929977,34949.733522628,34949.806481145,38.3330078125,38.3330078125,0,,0
5672,GF-30-CAM-31,34950.029428964,34950.030634577,34950.102039728,38.3330078125,38.3330078125,0,,0
5674,GF-30-CAM-31,34950.359344142,34950.360791237,34950.438121339,38.3330078125,38.3330078125,0,,0
5676,GF-30-CAM-31,34950.656829908,34950.658251841,34950.734888291,38.3330078125,38.3330078125,0,,0
5678,GF-30-CAM-31,34950.961845283,34950.964511879,34951.04264748,38.3330078125,38.3330078125,0,,0
5680,GF-30-CAM-31,34951.281965817,34951.283229798,34951.332432688,38.3330078125,38.3330078125,0,,0
5682,GF-30-CAM-31,34951.596952875,34951.600123054,34951.675881532,38.3330078125,38.3330078125,0,,0
5684,GF-30-CAM-31,34951.881297846,34951.882667127,34951.953519577,38.3330078125,38.3330078125,0,,0
5686,GF-30-CAM-31,34952.173134037,34952.174378662,34952.245447906,38.3330078125,38.3330078125,0,,0
5688,GF-30-CAM-31,34952.49522384,34952.49597618,34952.54840149,38.3330078125,38.3330078125,0,,0
5690,GF-30-CAM-31,34952.819931037,34952.824711076,34952.885248301,38.3330078125,38.3330078125,0,,0
5692,GF-30-CAM-31,34953.134364296,34953.135821767,34953.208002492,38.3330078125,38.3330078125,0,,0
5694,GF-30-CAM-31,34953.439370875,34953.440581049,34953.507247551,38.3330078125,38.3330078125,0,,0
5696,GF-30-CAM-31,34953.781142535,34953.782845952,34953.872908345,38.3330078125,38.3330078125,0,,0
5698,GF-30-CAM-31,34954.072646355,34954.077018384,34954.137767233,38.3330078125,38.3330078125,0,,0
5700,GF-30-CAM-31,34954.344277165,34954.346518787,34954.428037029,38.3330078125,38.3330078125,0,,0
5702,GF-30-CAM-31,34954.692472395,34954.693945813,34954.763551482,38.3330078125,38.3330078125,0,,0
5704,GF-30-CAM-31,34954.983663722,34954.986782019,34955.065617083,38.3330078125,38.3330078125,0,,0
5706,GF-30-CAM-31,34955.283062335,34955.285919902,34955.348592147,38.3330078125,38.3330078125,0,,0
5708,GF-30-CAM-31,34955.626651118,34955.628340844,34955.701320221,38.3330078125,38.3330078125,0,,0
5710,GF-30-CAM-31,34955.962760474,34955.965725641,34956.074489857,38.3330078125,38.3330078125,0,,0
5712,GF-30-CAM-31,34956.343048491,34956.344313433,34956.437646731,38.3330078125,38.3330078125,0,,0
5714,GF-30-CAM-31,34956.673163487,34956.674156715,34956.76560468,38.3330078125,38.3330078125,0,,0
5716,GF-30-CAM-31,34957.004711324,34957.007256075,34957.072167696,38.3330078125,38.3330078125,0,,0
5718,GF-30-CAM-31,34957.346133625,34957.347773108,34957.41597832,38.3330078125,38.3330078125,0,,0
5720,GF-30-CAM-31,34957.671559531,34957.673020673,34957.746446502,38.3330078125,38.3330078125,0,,0
5722,GF-30-CAM-31,34957.998308522,34958.000655314,34958.056783641,38.3330078125,38.3330078125,0,,0
5724,GF-30-CAM-31,34958.303857782,34958.305753847,34958.370357819,38.3330078125,38.3330078125,0,,0
5726,GF-30-CAM-31,34958.613197078,34958.615200349,34958.676944692,38.3330078125,38.3330078125,0,,0
5728,GF-30-CAM-31,34958.900896925,34958.902836049,34958.985170716,38.3330078125,38.3330078125,0,,0
5730,GF-30-CAM-31,34959.251981735,34959.253303641,34959.341820865,38.3330078125,38.3330078125,0,,0
5732,GF-30-CAM-31,34959.535560279,34959.536361185,34959.612273166,38.3330078125,38.3330078125,0,,0
5734,GF-30-CAM-31,34959.846001943,34959.847073862,34959.953983766,38.3330078125,38.3330078125,0,,0
5736,GF-30-CAM-31,34960.19887403,34960.200572981,34960.26969654,38.3330078125,38.3330078125,0,,0
5738,GF-30-CAM-31,34960.493619033,34960.494924212,34960.575404235,38.3330078125,38.3330078125,0,,0
5740,GF-30-CAM-31,34960.815712767,34960.81714577,34960.884238712,38.3330078125,38.3330078125,0,,0
5742,GF-30-CAM-31,34961.093866293,34961.095860154,34961.205483357,38.3330078125,38.3330078125,0,,0
5744,GF-30-CAM-31,34961.420883491,34961.421907292,34961.469161889,38.3330078125,38.3330078125,0,,0
5746,GF-30-CAM-31,34961.69582412,34961.697559461,34961.768151593,38.3330078125,38.3330078125,0,,0
5748,GF-30-CAM-31,34962.001349176,34962.002354891,34962.067539278,38.3330078125,38.3330078125,0,,0
5750,GF-30-CAM-31,34962.286552608,34962.288415958,34962.368080096,38.3330078125,38.3330078125,0,,0
5752,GF-30-CAM-31,34962.633770966,34962.640405855,34962.680911599,38.3330078125,38.3330078125,0,,0
5754,GF-30-CAM-31,34962.908236535,34962.910211253,34962.990923748,38.3330078125,38.3330078125,0,,0
5756,GF-30-CAM-31,34963.213533781,34963.214831023,34963.289600212,38.3330078125,38.3330078125,0,,0
5758,GF-30-CAM-31,34963.538177623,34963.539460771,34963.603333268,38.3330078125,38.3330078125,0,,0
5760,GF-30-CAM-31,34963.867758357,34963.869269588,34963.955978846,38.3330078125,38.3330078125,0,,0
5762,GF-30-CAM-31,34964.196132061,34964.197244629,34964.259678717,38.3330078125,38.3330078125,0,,0
5764,GF-30-CAM-31,34964.485117713,34964.48621723,34964.560523754,38.3330078125,38.3330078125,0,,0
5766,GF-30-CAM-31,34964.83334245,34964.836705016,34964.902554784,38.3330078125,38.3330078125,0,,0
5768,GF-30-CAM-31,34965.162525536,34965.163865948,34965.222526991,38.3330078125,38.3330078125,0,,0
5770,GF-30-CAM-31,34965.468990116,34965.470912386,34965.525441812,38.3330078125,38.3330078125,0,,0
5772,GF-30-CAM-31,34965.797465649,34965.79946784,34965.858813594,38.3330078125,38.3330078125,0,,0
5774,GF-30-CAM-31,34966.098857153,34966.100383057,34966.176456716,38.3330078125,38.3330078125,0,,0
5776,GF-30-CAM-31,34966.438868169,34966.439703467,34966.499684207,38.3330078125,38.3330078125,0,,0
5778,GF-30-CAM-31,34966.736740349,34966.738520472,34966.813744212,38.3330078125,38.3330078125,0,,0
5780,GF-30-CAM-31,34967.063588841,34967.064422499,34967.131674784,38.3330078125,38.3330078125,0,,0
5782,GF-30-CAM-31,34967.410471295,34967.412720551,34967.525318735,38.3330078125,38.3330078125,0,,0
5784,GF-30-CAM-31,34967.813326593,34967.815518117,34967.928125804,38.3330078125,38.3330078125,0,,0
5876,GF-30-CAM-31,34983.071955976,34983.074612952,34983.152790916,38.33349609375,38.3330078125,0,,0
5878,GF-30-CAM-31,34983.37806491,34983.379159114,34983.461010993,38.3330078125,38.3330078125,0,,0
5880,GF-30-CAM-31,34983.669104504,34983.670391663,34983.743793608,38.3330078125,38.3330078125,0,,0
5882,GF-30-CAM-31,34983.962354946,34983.965416677,34984.024509695,38.3330078125,38.3330078125,0,,0
5884,GF-30-CAM-31,34984.258093946,34984.259169164,34984.344968289,38.3330078125,38.3330078125,0,,0
5886,GF-30-CAM-31,34984.56737857,34984.569452038,34984.637550709,38.3330078125,38.3330078125,0,,0
5888,GF-30-CAM-31,34984.85872968,34984.861877626,34984.940741212,38.3330078125,38.3330078125,0,,0
5890,GF-30-CAM-31,34985.164073165,34985.165982425,34985.251688104,38.3330078125,38.3330078125,0,,0
5892,GF-30-CAM-31,34985.457082771,34985.459340458,34985.528217092,38.3330078125,38.3330078125,0,,0
5894,GF-30-CAM-31,34985.750493182,34985.751716173,34985.835061005,38.3330078125,38.3330078125,0,,0
5896,GF-30-CAM-31,34986.039122522,34986.042855138,34986.162705828,38.3330078125,38.3330078125,0,,0
5898,GF-30-CAM-31,34986.395596465,34986.399059304,34986.468163462,38.3330078125,38.3330078125,0,,0
5900,GF-30-CAM-31,34986.754541952,34986.758127228,34986.824350849,38.3330078125,38.3330078125,0,,0
5902,GF-30-CAM-31,34987.049681509,34987.053033803,34987.147833569,38.3330078125,38.3330078125,0,,0
5904,GF-30-CAM-31,34987.394246769,34987.395797699,34987.486766713,38.3330078125,38.3330078125,0,,0
5906,GF-30-CAM-31,34987.705564607,34987.707388255,34987.792373797,38.3330078125,38.3330078125,0,,0
5908,GF-30-CAM-31,34988.011447429,34988.012674579,34988.072922472,38.3330078125,38.3330078125,0,,0
5910,GF-30-CAM-31,34988.30175383,34988.303182113,34988.37851775,38.3330078125,38.3330078125,0,,0
5912,GF-30-CAM-31,34988.643610979,34988.644736344,34988.699210502,38.3330078125,38.3330078125,0,,0
5914,GF-30-CAM-31,34988.920465681,34988.930445119,34989.017646296,38.3330078125,38.3330078125,0,,0
5916,GF-30-CAM-31,34989.275357385,34989.279201684,34989.366051599,38.3330078125,38.3330078125,0,,0
5918,GF-30-CAM-31,34989.562968566,34989.564873556,34989.631995914,38.3330078125,38.3330078125,0,,0
5920,GF-30-CAM-31,34989.879807858,34989.882462676,34989.948999441,38.3330078125,38.3330078125,0,,0
5922,GF-30-CAM-31,34990.189809543,34990.192132226,34990.264648594,38.3330078125,38.3330078125,0,,0
5924,GF-30-CAM-31,34990.522630011,34990.52445722,34990.598090254,38.3330078125,38.3330078125,0,,0
5926,GF-30-CAM-31,34990.842021597,34990.843935803,34990.913904385,38.3330078125,38.3330078125,0,,0
5928,GF-30-CAM-31,34991.217540101,34991.219662954,34991.306662838,38.3330078125,38.3330078125,0,,0
5930,GF-30-CAM-31,34991.52330212,34991.524672274,34991.580975486,38.3330078125,38.3330078125,0,,0
5932,GF-30-CAM-31,34991.788179019,34991.790319144,34991.88099231,38.3330078125,38.3330078125,0,,0
5934,GF-30-CAM-31,34992.093631382,34992.095206521,34992.149544954,38.3330078125,38.3330078125,0,,0
5936,GF-30-CAM-31,34992.373531988,34992.374575148,34992.448388721,38.3330078125,38.3330078125,0,,0
5938,GF-30-CAM-31,34992.691991509,34992.69293983,34992.751526351,38.3330078125,38.3330078125,0,,0
5940,GF-30-CAM-31,34992.978154676,34992.979388065,34993.072972755,38.3330078125,38.3330078125,0,,0
5942,GF-30-CAM-31,34993.314911683,34993.316571238,34993.397366989,38.3330078125,38.3330078125,0,,0
5944,GF-30-CAM-31,34993.649878145,34993.651458645,34993.715630373,38.3330078125,38.3330078125,0,,0
5946,GF-30-CAM-31,34993.913610855,34993.916565299,34993.995717374,38.3330078125,38.3330078125,0,,0
5948,GF-30-CAM-31,34994.209142746,34994.211265996,34994.292518722,38.3330078125,38.3330078125,0,,0
5950,GF-30-CAM-31,34994.51291968,34994.515703221,34994.592395467,38.3330078125,38.3330078125,0,,0
5952,GF-30-CAM-31,34994.819275093,34994.820319656,34994.894572845,38.3330078125,38.3330078125,0,,0
5954,GF-30-CAM-31,34995.119538655,34995.120444482,34995.171973129,38.3330078125,38.3330078125,0,,0
5956,GF-30-CAM-31,34995.416271734,34995.418212386,34995.529710477,38.3330078125,38.3330078125,0,,0
5958,GF-30-CAM-31,34995.746474227,34995.747833249,34995.816097473,38.3330078125,38.3330078125,0,,0
5960,GF-30-CAM-31,34996.035333923,34996.042480839,34996.145044798,38.3330078125,38.3330078125,0,,0
5962,GF-30-CAM-31,34996.380693281,34996.383372838,34996.488406757,38.3330078125,38.3330078125,0,,0
5964,GF-30-CAM-31,34996.75570953,34996.757871147,34996.829622426,38.3330078125,38.3330078125,0,,0
5966,GF-30-CAM-31,34997.046865839,34997.048235172,34997.093766068,38.3330078125,38.3330078125,0,,0
5968,GF-30-CAM-31,34997.319144713,34997.322423184,34997.400671694,38.3330078125,38.3330078125,0,,0
5970,GF-30-CAM-31,34997.597729685,34997.600376207,34997.663278167,38.3330078125,38.3330078125,0,,0
5972,GF-30-CAM-31,34997.882932619,34997.88367802,34997.964409573,38.3330078125,38.3330078125,0,,0
5974,GF-30-CAM-31,34998.209727839,34998.211106979,34998.261152931,38.3330078125,38.3330078125,0,,0
5976,GF-30-CAM-31,34998.464408485,34998.466591959,34998.556025464,38.3330078125,38.3330078125,0,,0
5978,GF-30-CAM-31,34998.771857455,34998.773859745,34998.834263171,38.3330078125,38.3330078125,0,,0
5980,GF-30-CAM-31,34999.077618463,34999.079233658,34999.173512852,38.3330078125,38.3330078125,0,,0
5982,GF-30-CAM-31,34999.377019629,34999.37967392,34999.465922883,38.3330078125,38.3330078125,0,,0
5984,GF-30-CAM-31,34999.703625738,34999.706516609,34999.788363535,38.3330078125,38.3330078125,0,,0
5986,GF-30-CAM-31,35000.03641618,35000.038299858,35000.133293145,38.3330078125,38.3330078125,0,,0
5988,GF-30-CAM-31,35000.358455693,35000.361126658,35000.43736048,38.3330078125,38.3330078125,0,,0
5990,GF-30-CAM-31,35000.669725574,35000.671208752,35000.744713241,38.3330078125,38.3330078125,0,,0
5992,GF-30-CAM-31,35000.987421775,35000.988659532,35001.063104998,38.3330078125,38.3330078125,0,,0
5994,GF-30-CAM-31,35001.30085851,35001.301923049,35001.36123675,38.3330078125,38.3330078125,0,,0
5996,GF-30-CAM-31,35001.573986428,35001.576254805,35001.66337222,38.3330078125,38.3330078125,0,,0
5998,GF-30-CAM-31,35001.892140003,35001.893727729,35001.972387151,38.3330078125,38.3330078125,0,,0
6000,GF-30-CAM-31,35002.191640135,35002.193811397,35002.263889153,38.3330078125,38.3330078125,0,,0
6002,GF-30-CAM-31,35002.507566808,35002.509404946,35002.590123467,38.3330078125,38.3330078125,0,,0
6004,GF-30-CAM-31,35002.821662774,35002.823689419,35002.894445464,38.3330078125,38.3330078125,0,,0
6006,GF-30-CAM-31,35003.109736618,35003.110848939,35003.17081521,38.3330078125,38.3330078125,0,,0
6008,GF-30-CAM-31,35003.417609397,35003.419384677,35003.474597536,38.3330078125,38.3330078125,0,,0
6010,GF-30-CAM-31,35003.703468728,35003.70458077,35003.751028519,38.3330078125,38.3330078125,0,,0
6012,GF-30-CAM-31,35003.981674189,35003.982717392,35004.035665493,38.3330078125,38.3330078125,0,,0
6014,GF-30-CAM-31,35004.291158772,35004.293937484,35004.360193628,38.3330078125,38.3330078125,0,,0
6016,GF-30-CAM-31,35004.569995996,35004.571405774,35004.666406647,38.3330078125,38.3330078125,0,,0
6018,GF-30-CAM-31,35004.901929023,35004.902829142,35004.980437529,38.3330078125,38.3330078125,0,,0
6020,GF-30-CAM-31,35005.207209629,35005.212276416,35005.260247403,38.3330078125,38.3330078125,0,,0
6022,GF-30-CAM-31,35005.497263449,35005.502958215,35005.569237003,38.3330078125,38.3330078125,0,,0
6024,GF-30-CAM-31,35005.804081514,35005.805416644,35005.878336291,38.3330078125,38.3330078125,0,,0
6026,GF-30-CAM-31,35006.124237146,35006.126996154,35006.194233613,38.3330078125,38.3330078125,0,,0
6028,GF-30-CAM-31,35006.413381759,35006.414810493,35006.532574663,38.3330078125,38.3330078125,0,,0
6030,GF-30-CAM-31,35006.754097428,35006.755403736,35006.806530179,38.3330078125,38.3330078125,0,,0
6032,GF-30-CAM-31,35007.027815873,35007.028881197,35007.158921539,38.3330078125,38.3330078125,0,,0
6034,GF-30-CAM-31,35007.39894818,35007.400863633,35007.482368964,38.3330078125,38.3330078125,0,,0
6036,GF-30-CAM-31,35007.777535306,35007.779402307,35007.889467001,38.3330078125,38.3330078125,0,,0
6038,GF-30-CAM-31,35008.144840561,35008.146399398,35008.236855776,38.3330078125,38.3330078125,0,,0
6040,GF-30-CAM-31,35008.46432836,35008.466776287,35008.541668011,38.3330078125,38.3330078125,0,,0
6042,GF-30-CAM-31,35008.790474267,35008.791741384,35008.865419157,38.3330078125,38.3330078125,0,,0
6044,GF-30-CAM-31,35009.080499093,35009.095151453,35009.142112356,38.3330078125,38.3330078125,0,,0
6046,GF-30-CAM-31,35009.400919588,35009.402506309,35009.482430423,38.3330078125,38.3330078125,0,,0
6048,GF-30-CAM-31,35009.738234406,35009.739533665,35009.798118171,38.3330078125,38.3330078125,0,,0
6050,GF-30-CAM-31,35010.040227808,35010.041818354,35010.117457483,38.3330078125,38.3330078125,0,,0
6052,GF-30-CAM-31,35010.334638838,35010.338182822,35010.425656347,38.3330078125,38.3330078125,0,,0
6054,GF-30-CAM-31,35010.657668517,35010.659687592,35010.726277414,38.3330078125,38.3330078125,0,,0
6056,GF-30-CAM-31,35010.933370044,35010.93419785,35010.9968017,38.3330078125,38.3330078125,0,,0
6058,GF-30-CAM-31,35011.27241802,35011.275299446,35011.347470741,38.3330078125,38.3330078125,0,,0
6060,GF-30-CAM-31,35011.55379116,35011.555142203,35011.630685043,38.3330078125,38.3330078125,0,,0
6062,GF-30-CAM-31,35011.903127075,35011.904180093,35011.988021035,38.3330078125,38.3330078125,0,,0
6064,GF-30-CAM-31,35012.203302738,35012.209723288,35012.275279464,38.3330078125,38.3330078125,0,,0
6066,GF-30-CAM-31,35012.490928591,35012.49326582,35012.573627327,38.3330078125,38.3330078125,0,,0
6068,GF-30-CAM-31,35012.783748461,35012.785935864,35012.885178642,38.3330078125,38.3330078125,0,,0
6070,GF-30-CAM-31,35013.145950385,35013.149367563,35013.22432259,38.3330078125,38.3330078125,0,,0
6072,GF-30-CAM-31,35013.473105915,35013.474146789,35013.548828991,38.3330078125,38.3330078125,0,,0
6074,GF-30-CAM-31,35013.773193335,35013.774275039,35013.828074378,38.3330078125,38.3330078125,0,,0
6076,GF-30-CAM-31,35014.062123214,35014.063568822,35014.117978686,38.3330078125,38.3330078125,0,,0
6078,GF-30-CAM-31,35014.386129078,35014.38714928,35014.465436707,38.3330078125,38.3330078125,0,,0
6080,GF-30-CAM-31,35014.677842445,35014.679481587,35014.764453653,38.3330078125,38.3330078125,0,,0
6082,GF-30-CAM-31,35014.959863381,35014.9617163,35015.04717411,38.3330078125,38.3330078125,0,,0
6084,GF-30-CAM-31,35015.292425017,35015.294497747,35015.348836111,38.3330078125,38.3330078125,0,,0
6086,GF-30-CAM-31,35015.602106841,35015.605066445,35015.663568183,38.3330078125,38.3330078125,0,,0
6088,GF-30-CAM-31,35015.894965114,35015.898727064,35015.991373838,38.3330078125,38.3330078125,0,,0
6090,GF-30-CAM-31,35016.220691944,35016.222731566,35016.300392299,38.3330078125,38.3330078125,0,,0
6092,GF-30-CAM-31,35016.529273913,35016.530516555,35016.647635478,38.3330078125,38.3330078125,0,,0
6094,GF-30-CAM-31,35016.864878416,35016.866133034,35016.992052394,38.3330078125,38.3330078125,0,,0
6096,GF-30-CAM-31,35017.222477955,35017.223851084,35017.301623162,38.3330078125,38.3330078125,0,,0
6098,GF-30-CAM-31,35017.519690609,35017.520663355,35017.585637159,38.3330078125,38.3330078125,0,,0
6100,GF-30-CAM-31,35017.831564806,35017.832634673,35017.898572463,38.3330078125,38.3330078125,0,,0
6102,GF-30-CAM-31,35018.101735742,35018.105683337,35018.19281246,38.3330078125,38.3330078125,0,,0
6104,GF-30-CAM-31,35018.454826945,35018.456318292,35018.569117007,38.3330078125,38.3330078125,0,,0
6106,GF-30-CAM-31,35018.791554801,35018.793188387,35018.900310395,38.3330078125,38.3330078125,0,,0
6108,GF-30-CAM-31,35019.188280626,35019.190429246,35019.247953462,38.3330078125,38.3330078125,0,,0
6110,GF-30-CAM-31,35019.533136859,35019.536387806,35019.592874417,38.3330078125,38.3330078125,0,,0
6112,GF-30-CAM-31,35019.84544576,35019.84765855,35019.912331744,38.3330078125,38.3330078125,0,,0
6114,GF-30-CAM-31,35020.126539406,35020.127482734,35020.197739582,38.3330078125,38.3330078125,0,,0
6116,GF-30-CAM-31,35020.503043198,35020.505775687,35020.58252697,38.3330078125,38.3330078125,0,,0
6118,GF-30-CAM-31,35020.846974088,35020.848140633,35020.901308899,38.3330078125,38.3330078125,0,,0
6120,GF-30-CAM-31,35021.148615257,35021.149591508,35021.25429879,38.3330078125,38.3330078125,0,,0
6122,GF-30-CAM-31,35021.462771679,35021.464960904,35021.547484914,38.3330078125,38.3330078125,0,,0
6124,GF-30-CAM-31,35021.801057944,35021.802824328,35021.883662506,38.3330078125,38.3330078125,0,,0
6126,GF-30-CAM-31,35022.105471533,35022.119142297,35022.188751058,38.3330078125,38.3330078125,0,,0
6128,GF-30-CAM-31,35022.411822351,35022.41381222,35022.499431372,38.3330078125,38.3330078125,0,,0
6130,GF-30-CAM-31,35022.75560367,35022.757090531,35022.887399315,38.3330078125,38.3330078125,0,,0
6132,GF-30-CAM-31,35023.104331875,35023.106223842,35023.164262753,38.3330078125,38.3330078125,0,,0
6134,GF-30-CAM-31,35023.414209692,35023.415958816,35023.491838811,38.3330078125,38.3330078125,0,,0
6136,GF-30-CAM-31,35023.772554755,35023.774166983,35023.846084783,38.3330078125,38.3330078125,0,,0
6138,GF-30-CAM-31,35024.080657749,35024.082252384,35024.164743581,38.3330078125,38.3330078125,0,,0
6140,GF-30-CAM-31,35024.395052462,35024.396583609,35024.468689812,38.3330078125,38.3330078125,0,,0
6142,GF-30-CAM-31,35024.727930678,35024.729325854,35024.78269292,38.3330078125,38.3330078125,0,,0
6144,GF-30-CAM-31,35024.953740846,35024.955658017,35025.050710992,38.3330078125,38.3330078125,0,,0
6146,GF-30-CAM-31,35025.274418,35025.27697128,35025.387654655,38.3330078125,38.3330078125,0,,0
6148,GF-30-CAM-31,35025.620345819,35025.622627338,35025.696283886,38.3330078125,38.3330078125,0,,0
6150,GF-30-CAM-31,35025.948662424,35025.951422706,35026.0335818,38.3330078125,38.3330078125,0,,0
6152,GF-30-CAM-31,35026.25337501,35026.255042679,35026.31524219,38.3330078125,38.3330078125,0,,0
6154,GF-30-CAM-31,35026.548775397,35026.550701346,35026.643434621,38.3330078125,38.3330078125,0,,0
6156,GF-30-CAM-31,35026.853261898,35026.854409937,35026.960466456,38.3330078125,38.3330078125,0,,0
6158,GF-30-CAM-31,35027.223637584,35027.225458002,35027.284986766,38.3330078125,38.3330078125,0,,0
6160,GF-30-CAM-31,35027.521712241,35027.522933216,35027.592468505,38.3330078125,38.3330078125,0,,0
6162,GF-30-CAM-31,35027.82942932,35027.8325875,35027.922466439,38.3330078125,38.3330078125,0,,0
6164,GF-30-CAM-31,35028.1323275,35028.134678776,35028.195445983,38.3330078125,38.3330078125,0,,0
6166,GF-30-CAM-31,35028.417136214,35028.419376468,35028.51847253,38.3330078125,38.3330078125,0,,0
6168,GF-30-CAM-31,35028.740609933,35028.741542413,35028.807659564,38.3330078125,38.3330078125,0,,0
6170,GF-30-CAM-31,35029.023593904,35029.025204856,35029.075778469,38.3330078125,38.3330078125,0,,0
6172,GF-30-CAM-31,35029.316067404,35029.317272963,35029.391859471,38.3330078125,38.3330078125,0,,0
6174,GF-30-CAM-31,35029.590363075,35029.59286233,35029.67022411,38.3330078125,38.3330078125,0,,0
6176,GF-30-CAM-31,35029.883502346,35029.88553064,35029.940169695,38.3330078125,38.3330078125,0,,0
6178,GF-30-CAM-31,35030.172231972,35030.174016094,35030.249815558,38.3330078125,38.3330078125,0,,0
6180,GF-30-CAM-31,35030.424831602,35030.426429686,35030.49980564,38.3330078125,38.3330078125,0,,0
6182,GF-30-CAM-31,35030.706422599,35030.708645588,35030.77206005,38.3330078125,38.3330078125,0,,0
6184,GF-30-CAM-31,35030.99292166,35030.994521139,35031.100049347,38.3330078125,38.3330078125,0,,0
6186,GF-30-CAM-31,35031.328489277,35031.331181691,35031.39704762,38.3330078125,38.3330078125,0,,0
6188,GF-30-CAM-31,35031.644204447,35031.664087576,35031.723938264,38.3330078125,38.3330078125,0,,0
6190,GF-30-CAM-31,35031.974141687,35031.975607585,35032.027659774,38.3330078125,38.3330078125,0,,0
6192,GF-30-CAM-31,35032.299673283,35032.302211444,35032.374705454,38.3330078125,38.3330078125,0,,0
6194,GF-30-CAM-31,35032.576345679,35032.57961184,35032.662051306,38.3330078125,38.3330078125,0,,0
6196,GF-30-CAM-31,35032.886871897,35032.888131398,35032.982308095,38.3330078125,38.3330078125,0,,0
6198,GF-30-CAM-31,35033.19939842,35033.200935109,35033.270817771,38.3330078125,38.3330078125,0,,0
6200,GF-30-CAM-31,35033.523400242,35033.524707945,35033.610703114,38.3330078125,38.3330078125,0,,0
6202,GF-30-CAM-31,35033.847326216,35033.848460405,35033.919283763,38.3330078125,38.3330078125,0,,0
6204,GF-30-CAM-31,35034.139184235,35034.14087771,35034.223087653,38.3330078125,38.3330078125,0,,0
6206,GF-30-CAM-31,35034.451489154,35034.453727102,35034.519718185,38.3330078125,38.3330078125,0,,0
6208,GF-30-CAM-31,35034.797533628,35034.799088284,35034.860739709,38.3330078125,38.3330078125,0,,0
6210,GF-30-CAM-31,35035.100955174,35035.103853031,35035.152854025,38.3330078125,38.3330078125,0,,0
6212,GF-30-CAM-31,35035.396336672,35035.39852949,35035.5066534,38.3330078125,38.3330078125,0,,0
6214,GF-30-CAM-31,35035.761453462,35035.763910412,35035.814886927,38.3330078125,38.3330078125,0,,0
6216,GF-30-CAM-31,35036.019475602,35036.021403152,35036.109765669,38.3330078125,38.3330078125,0,,0
6218,GF-30-CAM-31,35036.347119531,35036.348191952,35036.402738903,38.3330078125,38.3330078125,0,,0
6220,GF-30-CAM-31,35036.625908401,35036.627435912,35036.717763239,38.3330078125,38.3330078125,0,,0
6222,GF-30-CAM-31,35037.017526383,35037.019332441,35037.093493426,38.3330078125,38.3330078125,0,,0
6224,GF-30-CAM-31,35037.319756729,35037.321188642,35037.400274429,38.3330078125,38.3330078125,0,,0
6226,GF-30-CAM-31,35037.644191132,35037.647485535,35037.784111333,38.3330078125,38.3330078125,0,,0
6228,GF-30-CAM-31,35038.042867276,35038.043728328,35038.149667008,38.3330078125,38.3330078125,0,,0
6230,GF-30-CAM-31,35038.405549145,35038.411293227,35038.484765052,38.3330078125,38.3330078125,0,,0
6232,GF-30-CAM-31,35038.74947376,35038.750403316,35038.805282948,38.3330078125,38.3330078125,0,,0
6234,GF-30-CAM-31,35039.037785796,35039.038905151,35039.096830028,38.3330078125,38.3330078125,0,,0
6236,GF-30-CAM-31,35039.322647111,35039.324144271,35039.416172035,38.3330078125,38.3330078125,0,,0
6238,GF-30-CAM-31,35039.651798142,35039.652891686,35039.713740912,38.3330078125,38.3330078125,0,,0
6240,GF-30-CAM-31,35039.954218288,35039.957402008,35040.017888155,38.3330078125,38.3330078125,0,,0
6242,GF-30-CAM-31,35040.254163212,35040.25558666,35040.326799867,38.3330078125,38.3330078125,0,,0
6244,GF-30-CAM-31,35040.577188917,35040.578801066,35040.646378359,38.3330078125,38.3330078125,0,,0
6246,GF-30-CAM-31,35040.874589581,35040.877390871,35040.939625872,38.3330078125,38.3330078125,0,,0
6248,GF-30-CAM-31,35041.178377762,35041.179521823,35041.258388472,38.3330078125,38.3330078125,0,,0
6250,GF-30-CAM-31,35041.479104836,35041.480541279,35041.540350247,38.3330078125,38.3330078125,0,,0
6252,GF-30-CAM-31,35041.749863372,35041.751220633,35041.832872271,38.3330078125,38.3330078125,0,,0
6254,GF-30-CAM-31,35042.072559607,35042.073635484,35042.137611068,38.3330078125,38.3330078125,0,,0
6256,GF-30-CAM-31,35042.357371208,35042.360092698,35042.431087465,38.3330078125,38.3330078125,0,,0
6258,GF-30-CAM-31,35042.653130501,35042.654759119,35042.738279786,38.3330078125,38.3330078125,0,,0
6260,GF-30-CAM-31,35043.031980967,35043.036079211,35043.12028129,38.3330078125,38.3330078125,0,,0
6262,GF-30-CAM-31,35043.370818985,35043.371709685,35043.468070014,38.3330078125,38.3330078125,0,,0
6264,GF-30-CAM-31,35043.68901849,35043.690549824,35043.766136867,38.3330078125,38.3330078125,0,,0
6266,GF-30-CAM-31,35044.001353317,35044.003401956,35044.066640277,38.3330078125,38.3330078125,0,,0
6268,GF-30-CAM-31,35044.277458349,35044.280035837,35044.396026876,38.3330078125,38.3330078125,0,,0
6270,GF-30-CAM-31,35044.617796085,35044.618595566,35044.673038258,38.3330078125,38.3330078125,0,,0
6272,GF-30-CAM-31,35045.000487052,35045.002478621,35045.084029255,38.3330078125,38.3330078125,0,,0
6274,GF-30-CAM-31,35045.302949021,35045.304506337,35045.392755609,38.3330078125,38.3330078125,0,,0
6276,GF-30-CAM-31,35045.672439551,35045.674264783,35045.747579683,38.3330078125,38.3330078125,0,,0
6278,GF-30-CAM-31,35045.948598831,35045.950272755,35046.03617952,38.3330078125,38.3330078125,0,,0
6280,GF-30-CAM-31,35046.27882161,35046.280347922,35046.340217928,38.3330078125,38.3330078125,0,,0
6282,GF-30-CAM-31,35046.559822779,35046.562388052,35046.682033092,38.3330078125,38.3330078125,0,,0
6284,GF-30-CAM-31,35046.906095472,35046.90889765,35046.966228664,38.3330078125,38.3330078125,0,,0
6286,GF-30-CAM-31,35047.224628752,35047.225992855,35047.31943617,38.3330078125,38.3330078125,0,,0
6288,GF-30-CAM-31,35047.637872916,35047.639757706,35047.760942152,38.3330078125,38.3330078125,0,,0
6290,GF-30-CAM-31,35047.985046716,35047.986149647,35048.071627528,38.3330078125,38.3330078125,0,,0
6292,GF-30-CAM-31,35048.324114068,35048.333906674,35048.397548873,38.3330078125,38.3330078125,0,,0
6294,GF-30-CAM-31,35048.613588056,35048.614772021,35048.710903111,38.3330078125,38.3330078125,0,,0
6296,GF-30-CAM-31,35049.002088038,35049.003322349,35049.113559487,38.3330078125,38.3330078125,0,,0
6298,GF-30-CAM-31,35049.344428833,35049.345781431,35049.411857833,38.3330078125,38.3330078125,0,,0
6300,GF-30-CAM-31,35049.631897274,35049.633225302,35049.701857779,38.3330078125,38.3330078125,0,,0
6302,GF-30-CAM-31,35049.932888304,35049.935145292,35049.998650842,38.3330078125,38.3330078125,0,,0
6304,GF-30-CAM-31,35050.275430317,35050.276431903,35050.34629337,38.3330078125,38.3330078125,0,,0
6306,GF-30-CAM-31,35050.591768982,35050.593744914,35050.68124661,38.3330078125,38.3330078125,0,,0
6308,GF-30-CAM-31,35050.909293395,35050.911062762,35050.969261631,38.3330078125,38.3330078125,0,,0
6310,GF-30-CAM-31,35051.221089874,35051.221666387,35051.298918652,38.3330078125,38.3330078125,0,,0
6312,GF-30-CAM-31,35051.561873082,35051.563374054,35051.630594284,38.3330078125,38.3330078125,0,,0
6314,GF-30-CAM-31,35051.872490514,35051.874117954,35051.957113478,38.3330078125,38.3330078125,0,,0
6316,GF-30-CAM-31,35052.201685332,35052.204108131,35052.278973348,38.3330078125,38.3330078125,0,,0
6318,GF-30-CAM-31,35052.516609669,35052.519476979,35052.618639151,38.3330078125,38.3330078125,0,,0
6320,GF-30-CAM-31,35052.861107679,35052.863248255,35052.915384404,38.3330078125,38.3330078125,0,,0
6322,GF-30-CAM-31,35053.16321831,35053.164730976,35053.250172896,38.3330078125,38.3330078125,0,,0
6324,GF-30-CAM-31,35053.437360592,35053.438771561,35053.527715633,38.3330078125,38.3330078125,0,,0
6326,GF-30-CAM-31,35053.765347031,35053.76898521,35053.856974306,38.3330078125,38.3330078125,0,,0
6328,GF-30-CAM-31,35054.170397652,35054.171856674,35054.251460441,38.3330078125,38.3330078125,0,,0
6330,GF-30-CAM-31,35054.518763863,35054.521033481,35054.608416477,38.3330078125,38.3330078125,0,,0
6332,GF-30-CAM-31,35054.83578707,35054.839899763,35054.896442303,38.3330078125,38.3330078125,0,,0
6334,GF-30-CAM-31,35055.155334008,35055.156262507,35055.229270746,38.3330078125,38.3330078125,0,,0
6336,GF-30-CAM-31,35055.479648015,35055.483072485,35055.556143516,38.3330078125,38.3330078125,0,,0
6338,GF-30-CAM-31,35055.75603227,35055.756914426,35055.830602141,38.3330078125,38.3330078125,0,,0
6340,GF-30-CAM-31,35056.121949051,35056.123361263,35056.187811403,38.3330078125,38.3330078125,0,,0
6342,GF-30-CAM-31,35056.431177086,35056.432401103,35056.528624971,38.3330078125,38.3330078125,0,,0
6344,GF-30-CAM-31,35056.761262157,35056.763379018,35056.829770465,38.3330078125,38.3330078125,0,,0
6346,GF-30-CAM-31,35057.061042608,35057.062095409,35057.129681993,38.3330078125,38.3330078125,0,,0
6348,GF-30-CAM-31,35057.351740069,35057.353158769,35057.441027588,38.3330078125,38.3330078125,0,,0
6350,GF-30-CAM-31,35057.657967631,35057.659030814,35057.754340741,38.3330078125,38.3330078125,0,,0
6352,GF-30-CAM-31,35057.942896724,35057.945559869,35058.001191982,38.3330078125,38.3330078125,0,,0
6354,GF-30-CAM-31,35058.239327056,35058.25363626,35058.32724738,38.3330078125,38.3330078125,0,,0
6356,GF-30-CAM-31,35058.55087998,35058.552085432,35058.614895893,38.3330078125,38.3330078125,0,,0
6358,GF-30-CAM-31,35058.850388205,35058.85175681,35058.924392644,38.3330078125,38.3330078125,0,,0
6360,GF-30-CAM-31,35059.152911084,35059.154441957,35059.218456539,38.3330078125,38.3330078125,0,,0
6362,GF-30-CAM-31,35059.510082604,35059.511535374,35059.575368959,38.3330078125,38.3330078125,0,,0
6364,GF-30-CAM-31,35059.818800798,35059.820661922,35059.934683774,38.3330078125,38.3330078125,0,,0
6366,GF-30-CAM-31,35060.125482778,35060.129188364,35060.197201522,38.3330078125,38.3330078125,0,,0
6368,GF-30-CAM-31,35060.441078913,35060.442592478,35060.512383723,38.3330078125,38.3330078125,0,,0
6370,GF-30-CAM-31,35060.74601904,35060.748699772,35060.84220259,38.3330078125,38.3330078125,0,,0
6372,GF-30-CAM-31,35061.068416448,35061.071683125,35061.157595027,38.3330078125,38.3330078125,0,,0
6374,GF-30-CAM-31,35061.403215934,35061.404373523,35061.487444887,38.3330078125,38.3330078125,0,,0
6376,GF-30-CAM-31,35061.672721297,35061.679422519,35061.759841036,38.3330078125,38.3330078125,0,,0
6378,GF-30-CAM-31,35062.007277822,35062.009365164,35062.077941851,38.3330078125,38.3330078125,0,,0
6380,GF-30-CAM-31,35062.316798965,35062.319194991,35062.393317344,38.3330078125,38.3330078125,0,,0
6382,GF-30-CAM-31,35062.606376763,35062.607819843,35062.723779589,38.3330078125,38.3330078125,0,,0
6384,GF-30-CAM-31,35062.940766129,35062.941890181,35062.984400656,38.3330078125,38.3330078125,0,,0
6386,GF-30-CAM-31,35063.275363926,35063.276908733,35063.356905864,38.3330078125,38.3330078125,0,,0
6388,GF-30-CAM-31,35063.573532273,35063.57497844,35063.645811063,38.3330078125,38.3330078125,0,,0
6390,GF-30-CAM-31,35063.869735362,35063.871087078,35063.951057901,38.3330078125,38.3330078125,0,,0
6392,GF-30-CAM-31,35064.195202534,35064.196139541,35064.290210724,38.3330078125,38.3330078125,0,,0
6394,GF-30-CAM-31,35064.602342592,35064.604498873,35064.694154569,38.3330078125,38.3330078125,0,,0
6396,GF-30-CAM-31,35064.93860527,35064.939453177,35064.994262219,38.3330078125,38.3330078125,0,,0
6398,GF-30-CAM-31,35065.198502107,35065.20058193,35065.299270033,38.3330078125,38.3330078125,0,,0
6400,GF-30-CAM-31,35065.498610457,35065.50115638,35065.560380766,38.3330078125,38.3330078125,0,,0
6402,GF-30-CAM-31,35065.806427668,35065.808664042,35065.862275395,38.3330078125,38.3330078125,0,,0
6404,GF-30-CAM-31,35066.085670026,35066.088842432,35066.163539566,38.3330078125,38.3330078125,0,,0
6406,GF-30-CAM-31,35066.356208232,35066.35781646,35066.402867085,38.3330078125,38.3330078125,0,,0
6408,GF-30-CAM-31,35066.630157292,35066.631775125,35066.709286095,38.3330078125,38.3330078125,0,,0
6410,GF-30-CAM-31,35066.949408099,35066.951086577,35067.011924581,38.3330078125,38.3330078125,0,,0
6412,GF-30-CAM-31,35067.247220859,35067.249697513,35067.347925461,38.3330078125,38.3330078125,0,,0
6414,GF-30-CAM-31,35067.535811888,35067.538659764,35067.637991095,38.3330078125,38.3330078125,0,,0
6416,GF-30-CAM-31,35067.88790337,35067.888972302,35067.964463809,38.3330078125,38.3330078125,0,,0
6418,GF-30-CAM-31,35068.224541549,35068.225899433,35068.29166831,38.3330078125,38.3330078125,0,,0
6420,GF-30-CAM-31,35068.545117152,35068.548370917,35068.602887889,38.3330078125,38.3330078125,0,,0
6422,GF-30-CAM-31,35068.805633202,35068.807230679,35068.88119772,38.3330078125,38.3330078125,0,,0
6424,GF-30-CAM-31,35069.109541589,35069.111149934,35069.172059811,38.3330078125,38.3330078125,0,,0
6426,GF-30-CAM-31,35069.386234804,35069.387225467,35069.44852896,38.3330078125,38.3330078125,0,,0
6428,GF-30-CAM-31,35069.677982473,35069.679974298,35069.752149738,38.3330078125,38.3330078125,0,,0
6430,GF-30-CAM-31,35069.97398885,35069.975199781,35070.053279257,38.3330078125,38.3330078125,0,,0
6432,GF-30-CAM-31,35070.27362657,35070.275318186,35070.357534996,38.3330078125,38.3330078125,0,,0
6434,GF-30-CAM-31,35070.625776437,35070.629228186,35070.707872725,38.3330078125,38.3330078125,0,,0
6436,GF-30-CAM-31,35070.920540856,35070.922606253,35070.981620532,38.3330078125,38.3330078125,0,,0
6438,GF-30-CAM-31,35071.217897159,35071.219268306,35071.295380271,38.3330078125,38.3330078125,0,,0
6440,GF-30-CAM-31,35071.512468925,35071.513876752,35071.606642856,38.3330078125,38.3330078125,0,,0
6442,GF-30-CAM-31,35071.835716346,35071.841315861,35071.906812506,38.3330078125,38.3330078125,0,,0
6444,GF-30-CAM-31,35072.137475871,35072.139094673,35072.227557278,38.3330078125,38.3330078125,0,,0
6446,GF-30-CAM-31,35072.481769424,35072.483721811,35072.543421652,38.3330078125,38.3330078125,0,,0
6448,GF-30-CAM-31,35072.833852314,35072.835708387,35072.929476063,38.3330078125,38.3330078125,0,,0
6450,GF-30-CAM-31,35073.203633617,35073.204750329,35073.288407905,38.3330078125,38.3330078125,0,,0
6452,GF-30-CAM-31,35073.488819333,35073.490168409,35073.574553551,38.3330078125,38.3330078125,0,,0
6454,GF-30-CAM-31,35073.799832177,35073.801382466,35073.878956135,38.3330078125,38.3330078125,0,,0
6456,GF-30-CAM-31,35074.128597573,35074.130294389,35074.197835105,38.3330078125,38.3330078125,0,,0
6458,GF-30-CAM-31,35074.477803119,35074.482763404,35074.563272697,38.3330078125,38.3330078125,0,,0
6460,GF-30-CAM-31,35074.769372363,35074.771705146,35074.852313503,38.3330078125,38.3330078125,0,,0
6462,GF-30-CAM-31,35075.103637345,35075.106110782,35075.170528789,38.3330078125,38.3330078125,0,,0
6464,GF-30-CAM-31,35075.414295977,35075.415884247,35075.486837599,38.3330078125,38.3330078125,0,,0
6466,GF-30-CAM-31,35075.734749306,35075.735785215,35075.792957778,38.3330078125,38.3330078125,0,,0
6468,GF-30-CAM-31,35076.045783921,35076.047235946,35076.106318487,38.3330078125,38.3330078125,0,,0
6470,GF-30-CAM-31,35076.34526443,35076.347330348,35076.42888943,38.3330078125,38.3330078125,0,,0
6472,GF-30-CAM-31,35076.677916498,35076.679419151,35076.742866161,38.3330078125,38.3330078125,0,,0
6474,GF-30-CAM-31,35076.98797347,35076.99090745,35077.066733609,38.3330078125,38.3330078125,0,,0
6476,GF-30-CAM-31,35077.286316851,35077.288911225,35077.362048044,38.3330078125,38.3330078125,0,,0
6478,GF-30-CAM-31,35077.611340401,35077.614683222,35077.678398054,38.3330078125,38.3330078125,0,,0
6480,GF-30-CAM-31,35077.907824824,35077.910726723,35077.974309031,38.3330078125,38.3330078125,0,,0
6482,GF-30-CAM-31,35078.211885024,35078.213487414,35078.304955936,38.3330078125,38.3330078125,0,,0
6484,GF-30-CAM-31,35078.560862416,35078.563026815,35078.643695819,38.3330078125,38.3330078125,0,,0
6486,GF-30-CAM-31,35078.858416482,35078.861284752,35078.981372163,38.3330078125,38.3330078125,0,,0
6488,GF-30-CAM-31,35079.214567576,35079.216993411,35079.298582808,38.3330078125,38.3330078125,0,,0
6490,GF-30-CAM-31,35079.565604849,35079.567693805,35079.645788451,38.3330078125,38.3330078125,0,,0
6492,GF-30-CAM-31,35079.88047808,35079.881952018,35079.947949439,38.3330078125,38.3330078125,0,,0
6494,GF-30-CAM-31,35080.197436687,35080.198741651,35080.301164935,38.3330078125,38.3330078125,0,,0
6496,GF-30-CAM-31,35080.555899317,35080.556827863,35080.64588596,38.3330078125,38.3330078125,0,,0
6498,GF-30-CAM-31,35080.879183521,35080.880669695,35080.945737718,38.3330078125,38.3330078125,0,,0
6500,GF-30-CAM-31,35081.178292543,35081.181149899,35081.241950716,38.3330078125,38.3330078125,0,,0
6502,GF-30-CAM-31,35081.477720741,35081.479290544,35081.532418766,38.3330078125,38.3330078125,0,,0
6504,GF-30-CAM-31,35081.771532333,35081.772851059,35081.826549355,38.3330078125,38.3330078125,0,,0
6506,GF-30-CAM-31,35082.080455271,35082.082460344,35082.185639096,38.3330078125,38.3330078125,0,,0
6508,GF-30-CAM-31,35082.425818826,35082.427758274,35082.48718401,38.3330078125,38.3330078125,0,,0
6510,GF-30-CAM-31,35082.699133728,35082.700096809,35082.766599387,38.3330078125,38.3330078125,0,,0
6512,GF-30-CAM-31,35083.020666972,35083.022151872,35083.084871669,38.3330078125,38.3330078125,0,,0
6514,GF-30-CAM-31,35083.291117401,35083.296277914,35083.396620715,38.3330078125,38.3330078125,0,,0
6516,GF-30-CAM-31,35083.660449278,35083.661714015,35083.756770356,38.3330078125,38.3330078125,0,,0
6518,GF-30-CAM-31,35083.991053376,35083.994933053,35084.047672419,38.3330078125,38.3330078125,0,,0
6520,GF-30-CAM-31,35084.318629614,35084.322249695,35084.402643631,38.3330078125,38.3330078125,0,,0
6522,GF-30-CAM-31,35084.665908677,35084.667979839,35084.742937607,38.3330078125,38.3330078125,0,,0
6524,GF-30-CAM-31,35084.98628693,35084.98808307,35085.044856056,38.3330078125,38.3330078125,0,,0
6526,GF-30-CAM-31,35085.322089113,35085.324168538,35085.372492279,38.3330078125,38.3330078125,0,,0
6528,GF-30-CAM-31,35085.624783284,35085.627549279,35085.71313887,38.3330078125,38.3330078125,0,,0
6530,GF-30-CAM-31,35085.988373757,35085.98998606,35086.070953705,38.3330078125,38.3330078125,0,,0
6532,GF-30-CAM-31,35086.289530722,35086.290539917,35086.371909485,38.3330078125,38.3330078125,0,,0
6534,GF-30-CAM-31,35086.598902926,35086.599997071,35086.706042703,38.3330078125,38.3330078125,0,,0
6536,GF-30-CAM-31,35087.002683965,35087.006125731,35087.100647143,38.3330078125,38.3330078125,0,,0
6538,GF-30-CAM-31,35087.379207972,35087.382173715,35087.479697352,38.3330078125,38.3330078125,0,,0
6540,GF-30-CAM-31,35087.75739375,35087.759210462,35087.860586628,38.3330078125,38.3330078125,0,,0
6542,GF-30-CAM-31,35088.172445286,35088.173756184,35088.239452277,38.3330078125,38.3330078125,0,,0
6544,GF-30-CAM-31,35088.47842952,35088.480357099,35088.549745157,38.3330078125,38.3330078125,0,,0
6546,GF-30-CAM-31,35088.751429345,35088.753264147,35088.822872809,38.3330078125,38.3330078125,0,,0
6548,GF-30-CAM-31,35089.083353373,35089.084066419,35089.19139841,38.3330078125,38.3330078125,0,,0
6550,GF-30-CAM-31,35089.426360794,35089.427660005,35089.489483005,38.3330078125,38.3330078125,0,,0
6552,GF-30-CAM-31,35089.73524801,35089.737121311,35089.799984159,38.3330078125,38.3330078125,0,,0
6554,GF-30-CAM-31,35090.043077034,35090.047266257,35090.090676844,38.3330078125,38.3330078125,0,,0
6556,GF-30-CAM-31,35090.306645609,35090.307800362,35090.387796893,38.3330078125,38.3330078125,0,,0
6558,GF-30-CAM-31,35090.613609726,35090.616510783,35090.697752796,38.3330078125,38.3330078125,0,,0
6560,GF-30-CAM-31,35090.929835835,35090.932558846,35090.98186346,38.3330078125,38.3330078125,0,,0
6562,GF-30-CAM-31,35091.255822332,35091.257075845,35091.332874534,38.3330078125,38.3330078125,0,,0
6564,GF-30-CAM-31,35091.558042633,35091.561027521,35091.62992093,38.3330078125,38.3330078125,0,,0
6566,GF-30-CAM-31,35091.841484166,35091.844768401,35091.930421203,38.3330078125,38.3330078125,0,,0
6568,GF-30-CAM-31,35092.138106906,35092.139134216,35092.236538701,38.3330078125,38.3330078125,0,,0
6570,GF-30-CAM-31,35092.528305273,35092.529961205,35092.613955392,38.3330078125,38.3330078125,0,,0
6572,GF-30-CAM-31,35092.830528545,35092.834272691,35092.920890938,38.3330078125,38.3330078125,0,,0
6574,GF-30-CAM-31,35093.159675781,35093.16074819,35093.278317898,38.3330078125,38.3330078125,0,,0
6576,GF-30-CAM-31,35093.546983563,35093.548341691,35093.644711138,38.3330078125,38.3330078125,0,,0
6578,GF-30-CAM-31,35093.89018085,35093.893591211,35093.954400322,38.3330078125,38.3330078125,0,,0
6580,GF-30-CAM-31,35094.197247379,35094.198698613,35094.256892908,38.3330078125,38.3330078125,0,,0
6582,GF-30-CAM-31,35094.56375012,35094.574868847,35094.647657437,38.3330078125,38.3330078125,0,,0
6584,GF-30-CAM-31,35094.85166335,35094.852405864,35094.930965278,38.3330078125,38.3330078125,0,,0
6586,GF-30-CAM-31,35095.153939772,35095.155183042,35095.23683633,38.3330078125,38.3330078125,0,,0
6588,GF-30-CAM-31,35095.455925596,35095.457163444,35095.529970503,38.3330078125,38.3330078125,0,,0
6590,GF-30-CAM-31,35095.744693325,35095.746160426,35095.823699485,38.3330078125,38.3330078125,0,,0
6592,GF-30-CAM-31,35096.05807057,35096.05964573,35096.119991606,38.3330078125,38.3330078125,0,,0
6594,GF-30-CAM-31,35096.322383518,35096.323669227,35096.416831501,38.3330078125,38.3330078125,0,,0
6596,GF-30-CAM-31,35096.666115313,35096.669677588,35096.751684231,38.3330078125,38.3330078125,0,,0
6598,GF-30-CAM-31,35096.958468909,35096.960293458,35097.035940403,38.3330078125,38.3330078125,0,,0
6600,GF-30-CAM-31,35097.243782843,35097.245404118,35097.290235456,38.3330078125,38.3330078125,0,,0
6602,GF-30-CAM-31,35097.538054279,35097.539437062,35097.616267432,38.3330078125,38.3330078125,0,,0
6604,GF-30-CAM-31,35097.83664743,35097.838158691,35097.945141555,38.3330078125,38.3330078125,0,,0
6606,GF-30-CAM-31,35098.199841337,35098.201353352,35098.25549322,38.3330078125,38.3330078125,0,,0
6608,GF-30-CAM-31,35098.47759623,35098.480478562,35098.57309734,38.3330078125,38.3330078125,0,,0
6610,GF-30-CAM-31,35098.839790739,35098.845285527,35098.908627195,38.3330078125,38.3330078125,0,,0
6612,GF-30-CAM-31,35099.125576452,35099.126712808,35099.186438277,38.3330078125,38.3330078125,0,,0
6614,GF-30-CAM-31,35099.402234959,35099.404122705,35099.460030469,38.3330078125,38.3330078125,0,,0
6616,GF-30-CAM-31,35099.719426336,35099.720745017,35099.811043107,38.3330078125,38.3330078125,0,,0
6618,GF-30-CAM-31,35100.028700835,35100.029693039,35100.095098833,38.3330078125,38.3330078125,0,,0
6620,GF-30-CAM-31,35100.332848022,35100.334191481,35100.383418607,38.3330078125,38.3330078125,0,,0
6622,GF-30-CAM-31,35100.619199458,35100.620703906,35100.715455873,38.3330078125,38.3330078125,0,,0
6624,GF-30-CAM-31,35100.941082454,35100.941878011,35101.027280009,38.3330078125,38.3330078125,0,,0
6626,GF-30-CAM-31,35101.256295564,35101.258070391,35101.322606621,38.3330078125,38.3330078125,0,,0
6628,GF-30-CAM-31,35101.556820144,35101.560291,35101.646499265,38.3330078125,38.3330078125,0,,0
6630,GF-30-CAM-31,35101.889159629,35101.890655865,35101.959818495,38.3330078125,38.3330078125,0,,0
6632,GF-30-CAM-31,35102.202084205,35102.203117689,35102.269278176,38.3330078125,38.3330078125,0,,0
6634,GF-30-CAM-31,35102.494454903,35102.495587429,35102.590093434,38.3330078125,38.3330078125,0,,0
6636,GF-30-CAM-31,35102.830219023,35102.831492925,35102.879234201,38.3330078125,38.3330078125,0,,0
6638,GF-30-CAM-31,35103.106091819,35103.110589197,35103.209893332,38.3330078125,38.3330078125,0,,0
6640,GF-30-CAM-31,35103.443521301,35103.444807026,35103.505176272,38.3330078125,38.3330078125,0,,0
6642,GF-30-CAM-31,35103.70374045,35103.706251016,35103.800136253,38.3330078125,38.3330078125,0,,0
6644,GF-30-CAM-31,35104.039937234,35104.043078675,35104.106790706,38.3330078125,38.3330078125,0,,0
6646,GF-30-CAM-31,35104.344893143,35104.346437656,35104.400576583,38.3330078125,38.3330078125,0,,0
6648,GF-30-CAM-31,35104.636816751,35104.640810315,35104.714841932,38.3330078125,38.3330078125,0,,0
6650,GF-30-CAM-31,35104.952957064,35104.955131586,35105.046427092,38.3330078125,38.3330078125,0,,0
6652,GF-30-CAM-31,35105.29224662,35105.294303181,35105.365277033,38.3330078125,38.3330078125,0,,0
6654,GF-30-CAM-31,35105.610686439,35105.612155277,35105.662250718,38.3330078125,38.3330078125,0,,0
6742,GF-30-CAM-31,35119.618166273,35119.622792622,35119.678934481,38.33349609375,38.3330078125,0,,0
6744,GF-30-CAM-31,35119.928894295,35119.930407228,35119.990272363,38.3330078125,38.3330078125,0,,0
6746,GF-30-CAM-31,35120.208167225,35120.209429208,35120.291031157,38.3330078125,38.3330078125,0,,0
6748,GF-30-CAM-31,35120.525783911,35120.53010939,35120.599092962,38.3330078125,38.3330078125,0,,0
6750,GF-30-CAM-31,35120.823495968,35120.825288582,35120.90742608,38.3330078125,38.3330078125,0,,0
6752,GF-30-CAM-31,35121.122540965,35121.124151429,35121.183225892,38.3330078125,38.3330078125,0,,0
6754,GF-30-CAM-31,35121.386213697,35121.388172754,35121.453082773,38.3330078125,38.3330078125,0,,0
6756,GF-30-CAM-31,35121.675061106,35121.677275764,35121.73706763,38.3330078125,38.3330078125,0,,0
6758,GF-30-CAM-31,35121.985900747,35121.987144249,35122.076846378,38.3330078125,38.3330078125,0,,0
6760,GF-30-CAM-31,35122.305085836,35122.30608414,35122.390468407,38.3330078125,38.3330078125,0,,0
6762,GF-30-CAM-31,35122.621027674,35122.623839883,35122.706602861,38.3330078125,38.3330078125,0,,0
6764,GF-30-CAM-31,35122.918793593,35122.920398036,35122.963314826,38.3330078125,38.3330078125,0,,0
6766,GF-30-CAM-31,35123.205623273,35123.206837726,35123.260646283,38.3330078125,38.3330078125,0,,0
6768,GF-30-CAM-31,35123.515571188,35123.516703064,35123.569479213,38.3330078125,38.3330078125,0,,0
6770,GF-30-CAM-31,35123.823735931,35123.824998872,35123.913105674,38.3330078125,38.3330078125,0,,0
6772,GF-30-CAM-31,35124.120402711,35124.12275002,35124.184615189,38.3330078125,38.3330078125,0,,0
6774,GF-30-CAM-31,35124.410320672,35124.412912883,35124.498740502,38.3330078125,38.3330078125,0,,0
6776,GF-30-CAM-31,35124.761702426,35124.763647555,35124.88386113,38.3330078125,38.3330078125,0,,0
6778,GF-30-CAM-31,35125.180897785,35125.18337542,35125.262410705,38.3330078125,38.3330078125,0,,0
6780,GF-30-CAM-31,35125.498587363,35125.500123285,35125.565384931,38.3330078125,38.3330078125,0,,0
6782,GF-30-CAM-31,35125.829718766,35125.83092477,35125.894560845,38.3330078125,38.3330078125,0,,0
6784,GF-30-CAM-31,35126.108759322,35126.110548838,35126.197905854,38.3330078125,38.3330078125,0,,0
6786,GF-30-CAM-31,35126.439535418,35126.440813409,35126.504867338,38.3330078125,38.3330078125,0,,0
6788,GF-30-CAM-31,35126.754820481,35126.756964956,35126.814631544,38.3330078125,38.3330078125,0,,0
6790,GF-30-CAM-31,35127.040095635,35127.044218943,35127.103615333,38.3330078125,38.3330078125,0,,0
6792,GF-30-CAM-31,35127.351938109,35127.353588662,35127.45103613,38.3330078125,38.3330078125,0,,0
6794,GF-30-CAM-31,35127.709414161,35127.711063934,35127.781140238,38.3330078125,38.3330078125,0,,0
6796,GF-30-CAM-31,35127.997911454,35127.999213246,35128.061471878,38.3330078125,38.3330078125,0,,0
6798,GF-30-CAM-31,35128.370494309,35128.372021579,35128.452871017,38.3330078125,38.3330078125,0,,0
6800,GF-30-CAM-31,35128.693133355,35128.694284636,35128.741875828,38.3330078125,38.3330078125,0,,0
6802,GF-30-CAM-31,35128.98533531,35128.987218504,35129.058234083,38.3330078125,38.3330078125,0,,0
6804,GF-30-CAM-31,35129.264855374,35129.271029631,35129.335915343,38.3330078125,38.3330078125,0,,0
6806,GF-30-CAM-31,35129.581796226,35129.583012156,35129.677107266,38.3330078125,38.3330078125,0,,0
6808,GF-30-CAM-31,35129.897576377,35129.900281463,35129.959471513,38.3330078125,38.3330078125,0,,0
6810,GF-30-CAM-31,35130.192640137,35130.193994785,35130.262991661,38.3330078125,38.3330078125,0,,0
6812,GF-30-CAM-31,35130.524734932,35130.526857582,35130.615208545,38.3330078125,38.3330078125,0,,0
6814,GF-30-CAM-31,35130.827921489,35130.828732139,35130.897806499,38.3330078125,38.3330078125,0,,0
6816,GF-30-CAM-31,35131.118487046,35131.12114606,35131.17946479,38.3330078125,38.3330078125,0,,0
6818,GF-30-CAM-31,35131.417275526,35131.419482135,35131.48309499,38.3330078125,38.3330078125,0,,0
6820,GF-30-CAM-31,35131.698284878,35131.70146219,35131.754197329,38.3330078125,38.3330078125,0,,0
6822,GF-30-CAM-31,35131.99536079,35131.99741392,35132.078289125,38.3330078125,38.3330078125,0,,0
6824,GF-30-CAM-31,35132.285596556,35132.288302657,35132.355546132,38.3330078125,38.3330078125,0,,0
6826,GF-30-CAM-31,35132.586217125,35132.589649282,35132.653237037,38.3330078125,38.3330078125,0,,0
6828,GF-30-CAM-31,35132.913609759,35132.917589215,35132.987249625,38.3330078125,38.3330078125,0,,0
6830,GF-30-CAM-31,35133.251429221,35133.252317251,35133.332758555,38.3330078125,38.3330078125,0,,0
6832,GF-30-CAM-31,35133.548492693,35133.554961856,35133.609624251,38.3330078125,38.3330078125,0,,0
6834,GF-30-CAM-31,35133.851668731,35133.853077998,35133.91489417,38.3330078125,38.3330078125,0,,0
6836,GF-30-CAM-31,35134.123967777,35134.125309097,35134.200328679,38.3330078125,38.3330078125,0,,0
6838,GF-30-CAM-31,35134.466633265,35134.469220376,35134.53849585,38.3330078125,38.3330078125,0,,0
6840,GF-30-CAM-31,35134.796090828,35134.797349073,35134.85533916,38.3330078125,38.3330078125,0,,0
6842,GF-30-CAM-31,35135.10309216,35135.104696108,35135.222366876,38.3330078125,38.3330078125,0,,0
6844,GF-30-CAM-31,35135.449886885,35135.451278936,35135.526270259,38.3330078125,38.3330078125,0,,0
6846,GF-30-CAM-31,35135.815809081,35135.817205558,35135.91142576,38.3330078125,38.3330078125,0,,0
6848,GF-30-CAM-31,35136.135390081,35136.137349618,35136.199958504,38.3330078125,38.3330078125,0,,0
6850,GF-30-CAM-31,35136.421732852,35136.423450487,35136.504040754,38.3330078125,38.3330078125,0,,0
6852,GF-30-CAM-31,35136.754850092,35136.756197836,35136.852718755,38.3330078125,38.3330078125,0,,0
6854,GF-30-CAM-31,35137.061722109,35137.063397697,35137.129251024,38.3330078125,38.3330078125,0,,0
6856,GF-30-CAM-31,35137.368741179,35137.370430113,35137.436265383,38.3330078125,38.3330078125,0,,0
6858,GF-30-CAM-31,35137.706870509,35137.708718183,35137.793951776,38.3330078125,38.3330078125,0,,0
6860,GF-30-CAM-31,35138.010339552,35138.01127729,35138.097590837,38.3330078125,38.3330078125,0,,0
6862,GF-30-CAM-31,35138.335587687,35138.337712554,35138.388910946,38.3330078125,38.3330078125,0,,0
6864,GF-30-CAM-31,35138.589907073,35138.59153908,35138.656280429,38.3330078125,38.3330078125,0,,0
6866,GF-30-CAM-31,35138.933482285,35138.934895925,35139.007356454,38.3330078125,38.3330078125,0,,0
6868,GF-30-CAM-31,35139.265938288,35139.267258715,35139.333332955,38.3330078125,38.3330078125,0,,0
6870,GF-30-CAM-31,35139.561997147,35139.562722189,35139.609573487,38.3330078125,38.3330078125,0,,0
6872,GF-30-CAM-31,35139.817214295,35139.818463288,35139.90947614,38.3330078125,38.3330078125,0,,0
6874,GF-30-CAM-31,35140.141163429,35140.142652286,35140.221326301,38.3330078125,38.3330078125,0,,0
6876,GF-30-CAM-31,35140.442792202,35140.4449194,35140.504251504,38.3330078125,38.3330078125,0,,0
6878,GF-30-CAM-31,35140.716944712,35140.718021819,35140.78411769,38.3330078125,38.3330078125,0,,0
6880,GF-30-CAM-31,35141.032324447,35141.035542067,35141.108189768,38.3330078125,38.3330078125,0,,0
6882,GF-30-CAM-31,35141.330141443,35141.33105334,35141.388706901,38.3330078125,38.3330078125,0,,0
6884,GF-30-CAM-31,35141.653794962,35141.659981191,35141.739551564,38.3330078125,38.3330078125,0,,0
6886,GF-30-CAM-31,35141.978555667,35141.980098436,35142.050611109,38.3330078125,38.3330078125,0,,0
6888,GF-30-CAM-31,35142.310606061,35142.312268017,35142.366912532,38.3330078125,38.3330078125,0,,0
6890,GF-30-CAM-31,35142.613102393,35142.614840556,35142.69690711,38.3330078125,38.3330078125,0,,0
6892,GF-30-CAM-31,35142.92634511,35142.928346967,35143.011028647,38.3330078125,38.3330078125,0,,0
6894,GF-30-CAM-31,35143.234528727,35143.246225634,35143.313607749,38.3330078125,38.3330078125,0,,0
6896,GF-30-CAM-31,35143.542203696,35143.543662506,35143.596062833,38.3330078125,38.3330078125,0,,0
6898,GF-30-CAM-31,35143.806173241,35143.807607606,35143.899648838,38.3330078125,38.3330078125,0,,0
6900,GF-30-CAM-31,35144.14633722,35144.147906647,35144.208228856,38.3330078125,38.3330078125,0,,0
6902,GF-30-CAM-31,35144.431966629,35144.434615693,35144.493302676,38.3330078125,38.3330078125,0,,0
6904,GF-30-CAM-31,35144.744986017,35144.746670253,35144.834400998,38.3330078125,38.3330078125,0,,0
6906,GF-30-CAM-31,35145.062928773,35145.064242347,35145.125382649,38.3330078125,38.3330078125,0,,0
6908,GF-30-CAM-31,35145.44674611,35145.449519465,35145.527898457,38.3330078125,38.3330078125,0,,0
6910,GF-30-CAM-31,35145.795783663,35145.798785196,35145.902223911,38.3330078125,38.3330078125,0,,0
6912,GF-30-CAM-31,35146.235618223,35146.238021573,35146.288752539,38.3330078125,38.3330078125,0,,0
6914,GF-30-CAM-31,35146.525598396,35146.52940589,35146.600160702,38.3330078125,38.3330078125,0,,0
6916,GF-30-CAM-31,35146.853905366,35146.855128026,35146.949977878,38.3330078125,38.3330078125,0,,0
6918,GF-30-CAM-31,35147.243337055,35147.245762987,35147.309803878,38.3330078125,38.3330078125,0,,0
6920,GF-30-CAM-31,35147.585310499,35147.586845717,35147.646461944,38.3330078125,38.3330078125,0,,0
6922,GF-30-CAM-31,35147.929764995,35147.931899926,35147.992379553,38.3330078125,38.3330078125,0,,0
6924,GF-30-CAM-31,35148.243105923,35148.243926838,35148.297435917,38.3330078125,38.3330078125,0,,0
6926,GF-30-CAM-31,35148.629721598,35148.636055306,35148.730610033,38.3330078125,38.3330078125,0,,0
6928,GF-30-CAM-31,35148.929833315,35148.932412113,35148.977164389,38.3330078125,38.3330078125,0,,0
6930,GF-30-CAM-31,35149.24531277,35149.248713781,35149.328546864,38.3330078125,38.3330078125,0,,0
6932,GF-30-CAM-31,35149.552225732,35149.553356108,35149.665335909,38.3330078125,38.3330078125,0,,0
6934,GF-30-CAM-31,35149.912078778,35149.912955433,35149.968230952,38.3330078125,38.3330078125,0,,0
6936,GF-30-CAM-31,35150.205536444,35150.206977922,35150.299238323,38.3330078125,38.3330078125,0,,0
6938,GF-30-CAM-31,35150.537180481,35150.539093671,35150.595271075,38.3330078125,38.3330078125,0,,0
6940,GF-30-CAM-31,35150.855438929,35150.857488412,35150.916890767,38.3330078125,38.3330078125,0,,0
6942,GF-30-CAM-31,35151.151462839,35151.152798667,35151.214339527,38.3330078125,38.3330078125,0,,0
6944,GF-30-CAM-31,35151.444416322,35151.447463294,35151.495075851,38.3330078125,38.3330078125,0,,0
6946,GF-30-CAM-31,35151.737926832,35151.741062412,35151.829272542,38.3330078125,38.3330078125,0,,0
6948,GF-30-CAM-31,35152.080970723,35152.085088467,35152.135371415,38.3330078125,38.3330078125,0,,0
6950,GF-30-CAM-31,35152.368103307,35152.37007046,35152.420295911,38.3330078125,38.3330078125,0,,0
6952,GF-30-CAM-31,35152.647944764,35152.649023862,35152.704341356,38.3330078125,38.3330078125,0,,0
6954,GF-30-CAM-31,35152.927457918,35152.929066381,35152.995836782,38.3330078125,38.3330078125,0,,0
6956,GF-30-CAM-31,35153.220675106,35153.227466389,35153.308326591,38.3330078125,38.3330078125,0,,0
6958,GF-30-CAM-31,35153.559904008,35153.561911704,35153.620735192,38.3330078125,38.3330078125,0,,0
6960,GF-30-CAM-31,35153.828652994,35153.830171366,35153.910261168,38.3330078125,38.3330078125,0,,0
6962,GF-30-CAM-31,35154.132143766,35154.133645789,35154.211267165,38.3330078125,38.3330078125,0,,0
6964,GF-30-CAM-31,35154.414058978,35154.416499794,35154.480225557,38.3330078125,38.3330078125,0,,0
6966,GF-30-CAM-31,35154.720173997,35154.721372815,35154.785551067,38.3330078125,38.3330078125,0,,0
6968,GF-30-CAM-31,35155.00677822,35155.007756258,35155.072469104,38.3330078125,38.3330078125,0,,0
6970,GF-30-CAM-31,35155.311620415,35155.313038482,35155.391672957,38.3330078125,38.3330078125,0,,0
6972,GF-30-CAM-31,35155.63263585,35155.634118668,35155.693021294,38.3330078125,38.3330078125,0,,0
6974,GF-30-CAM-31,35155.915287957,35155.916403565,35155.984253017,38.3330078125,38.3330078125,0,,0
6976,GF-30-CAM-31,35156.220917084,35156.223182199,35156.289761309,38.3330078125,38.3330078125,0,,0
6978,GF-30-CAM-31,35156.520051945,35156.521601905,35156.580736766,38.3330078125,38.3330078125,0,,0
6980,GF-30-CAM-31,35156.8409622,35156.841654395,35156.914325142,38.3330078125,38.3330078125,0,,0
6982,GF-30-CAM-31,35157.090043769,35157.091693856,35157.207058126,38.3330078125,38.3330078125,0,,0
6984,GF-30-CAM-31,35157.421609224,35157.423040092,35157.504211747,38.3330078125,38.3330078125,0,,0
6986,GF-30-CAM-31,35157.763307703,35157.765471099,35157.835605043,38.3330078125,38.3330078125,0,,0
6988,GF-30-CAM-31,35158.059674565,35158.063364468,35158.164997843,38.3330078125,38.3330078125,0,,0
6990,GF-30-CAM-31,35158.410127004,35158.410990753,35158.466655551,38.3330078125,38.3330078125,0,,0
6992,GF-30-CAM-31,35158.69014195,35158.693381725,35158.755085523,38.3330078125,38.3330078125,0,,0
6994,GF-30-CAM-31,35159.000815411,35159.002455799,35159.090039037,38.3330078125,38.3330078125,0,,0
6996,GF-30-CAM-31,35159.32958855,35159.331482232,35159.379259097,38.3330078125,38.3330078125,0,,0
6998,GF-30-CAM-31,35159.639165231,35159.646085646,35159.72028966,38.3330078125,38.3330078125,0,,0
7000,GF-30-CAM-31,35159.971188962,35159.973621822,35160.046626239,38.3330078125,38.3330078125,0,,0
7002,GF-30-CAM-31,35160.277666234,35160.279334442,35160.385131428,38.3330078125,38.3330078125,0,,0
7004,GF-30-CAM-31,35160.635448617,35160.637856582,35160.705728574,38.3330078125,38.3330078125,0,,0
7006,GF-30-CAM-31,35160.923714778,35160.925237736,35161.004140237,38.3330078125,38.3330078125,0,,0
7008,GF-30-CAM-31,35161.273302529,35161.275105503,35161.333206546,38.3330078125,38.3330078125,0,,0
7010,GF-30-CAM-31,35161.547547257,35161.54917693,35161.629217702,38.3330078125,38.3330078125,0,,0
7012,GF-30-CAM-31,35161.814144738,35161.814911656,35161.887121044,38.3330078125,38.3330078125,0,,0
7014,GF-30-CAM-31,35162.147224196,35162.14886734,35162.217506064,38.3330078125,38.3330078125,0,,0
7016,GF-30-CAM-31,35162.460580952,35162.463052722,35162.526417888,38.3330078125,38.3330078125,0,,0
7018,GF-30-CAM-31,35162.741860366,35162.743533767,35162.817802362,38.3330078125,38.3330078125,0,,0
7020,GF-30-CAM-31,35163.041465665,35163.044089796,35163.135183377,38.3330078125,38.3330078125,0,,0
7022,GF-30-CAM-31,35163.364553593,35163.36610402,35163.421510823,38.3330078125,38.3330078125,0,,0
7024,GF-30-CAM-31,35163.672647635,35163.673992955,35163.741067619,38.3330078125,38.3330078125,0,,0
7026,GF-30-CAM-31,35164.033471341,35164.036151629,35164.101603779,38.3330078125,38.3330078125,0,,0
7028,GF-30-CAM-31,35164.31624369,35164.318129751,35164.382294339,38.3330078125,38.3330078125,0,,0
7030,GF-30-CAM-31,35164.62408488,35164.625385794,35164.711917594,38.3330078125,38.3330078125,0,,0
7032,GF-30-CAM-31,35164.949620769,35164.951945561,35165.02352921,38.3330078125,38.3330078125,0,,0
7034,GF-30-CAM-31,35165.245797967,35165.247229354,35165.31377195,38.3330078125,38.3330078125,0,,0
7036,GF-30-CAM-31,35165.516050453,35165.518275438,35165.595724334,38.3330078125,38.3330078125,0,,0
7038,GF-30-CAM-31,35165.868834186,35165.870998472,35165.923425207,38.3330078125,38.3330078125,0,,0
7040,GF-30-CAM-31,35166.168546008,35166.170389818,35166.248976718,38.3330078125,38.3330078125,0,,0
7042,GF-30-CAM-31,35166.501036946,35166.502496984,35166.617079136,38.3330078125,38.3330078125,0,,0
7044,GF-30-CAM-31,35166.857062165,35166.858175625,35166.948211848,38.3330078125,38.3330078125,0,,0
7046,GF-30-CAM-31,35167.178987582,35167.180471016,35167.220723225,38.3330078125,38.3330078125,0,,0
7048,GF-30-CAM-31,35167.473902497,35167.474820127,35167.552489808,38.3330078125,38.3330078125,0,,0
7050,GF-30-CAM-31,35167.789083015,35167.790480035,35167.875784061,38.3330078125,38.3330078125,0,,0
7052,GF-30-CAM-31,35168.147997743,35168.149517349,35168.229420739,38.3330078125,38.3330078125,0,,0
7054,GF-30-CAM-31,35168.488681158,35168.490388831,35168.546088352,38.3330078125,38.3330078125,0,,0
7056,GF-30-CAM-31,35168.75335424,35168.754605259,35168.796088902,38.3330078125,38.3330078125,0,,0
7058,GF-30-CAM-31,35169.001495539,35169.0030889,35169.087741818,38.3330078125,38.3330078125,0,,0
7060,GF-30-CAM-31,35169.315867723,35169.322758621,35169.389088969,38.3330078125,38.3330078125,0,,0
7062,GF-30-CAM-31,35169.631233335,35169.632899314,35169.701333684,38.3330078125,38.3330078125,0,,0
7064,GF-30-CAM-31,35169.951395541,35169.952697356,35170.021305585,38.3330078125,38.3330078125,0,,0
7066,GF-30-CAM-31,35170.246010988,35170.249918528,35170.342203495,38.3330078125,38.3330078125,0,,0
7068,GF-30-CAM-31,35170.535871408,35170.540456814,35170.665502461,38.3330078125,38.3330078125,0,,0
7070,GF-30-CAM-31,35170.880625731,35170.881705828,35170.947051575,38.3330078125,38.3330078125,0,,0
7072,GF-30-CAM-31,35171.187780283,35171.190221378,35171.245819169,38.3330078125,38.3330078125,0,,0
7074,GF-30-CAM-31,35171.512228045,35171.513929348,35171.584810822,38.3330078125,38.3330078125,0,,0
7076,GF-30-CAM-31,35171.821785408,35171.829909289,35171.947795876,38.3330078125,38.3330078125,0,,0
7078,GF-30-CAM-31,35172.165824915,35172.167234187,35172.223057995,38.3330078125,38.3330078125,0,,0
7080,GF-30-CAM-31,35172.46021903,35172.4610848,35172.520836818,38.3330078125,38.3330078125,0,,0
7082,GF-30-CAM-31,35172.791779207,35172.793644653,35172.850489119,38.3330078125,38.3330078125,0,,0
7084,GF-30-CAM-31,35173.086583238,35173.087699457,35173.186741405,38.3330078125,38.3330078125,0,,0
7086,GF-30-CAM-31,35173.427902305,35173.429103683,35173.502172475,38.3330078125,38.3330078125,0,,0
7088,GF-30-CAM-31,35173.773862256,35173.777358243,35173.854157554,38.3330078125,38.3330078125,0,,0
7090,GF-30-CAM-31,35174.066504968,35174.068640289,35174.161137195,38.3330078125,38.3330078125,0,,0
7092,GF-30-CAM-31,35174.400378218,35174.402076671,35174.46125268,38.3330078125,38.3330078125,0,,0
7094,GF-30-CAM-31,35174.717670747,35174.719083056,35174.792333214,38.3330078125,38.3330078125,0,,0
7096,GF-30-CAM-31,35175.028042757,35175.0296052,35175.108158964,38.3330078125,38.3330078125,0,,0
7098,GF-30-CAM-31,35175.335493835,35175.338447813,35175.401717968,38.3330078125,38.3330078125,0,,0
7100,GF-30-CAM-31,35175.610168906,35175.616033301,35175.671986116,38.3330078125,38.3330078125,0,,0
7102,GF-30-CAM-31,35175.928448626,35175.929930924,35175.981452552,38.3330078125,38.3330078125,0,,0
7104,GF-30-CAM-31,35176.199075065,35176.200935428,35176.270125107,38.3330078125,38.3330078125,0,,0
7106,GF-30-CAM-31,35176.516608004,35176.51844036,35176.613792595,38.3330078125,38.3330078125,0,,0
7108,GF-30-CAM-31,35176.85797713,35176.860042807,35176.923840814,38.3330078125,38.3330078125,0,,0
7110,GF-30-CAM-31,35177.161637479,35177.164309976,35177.225455385,38.3330078125,38.3330078125,0,,0
7112,GF-30-CAM-31,35177.448333973,35177.449750456,35177.514736014,38.3330078125,38.3330078125,0,,0
7114,GF-30-CAM-31,35177.715629763,35177.716953334,35177.791388971,38.3330078125,38.3330078125,0,,0
7116,GF-30-CAM-31,35178.026600398,35178.027678896,35178.116329892,38.3330078125,38.3330078125,0,,0
7118,GF-30-CAM-31,35178.331663696,35178.334227979,35178.392260932,38.3330078125,38.3330078125,0,,0
7120,GF-30-CAM-31,35178.64022575,35178.642831163,35178.697875635,38.3330078125,38.3330078125,0,,0
7122,GF-30-CAM-31,35178.900654684,35178.904365186,35178.967859264,38.3330078125,38.3330078125,0,,0
7124,GF-30-CAM-31,35179.198701933,35179.200285265,35179.278243714,38.3330078125,38.3330078125,0,,0
7126,GF-30-CAM-31,35179.516049321,35179.517482866,35179.57324505,38.3330078125,38.3330078125,0,,0
7128,GF-30-CAM-31,35179.839231138,35179.842030112,35179.895460902,38.3330078125,38.3330078125,0,,0
7130,GF-30-CAM-31,35180.098730634,35180.09973928,35180.18065109,38.3330078125,38.3330078125,0,,0
7132,GF-30-CAM-31,35180.412068278,35180.414895422,35180.486200052,38.3330078125,38.3330078125,0,,0
7134,GF-30-CAM-31,35180.696237188,35180.69752094,35180.765467364,38.3330078125,38.3330078125,0,,0
7136,GF-30-CAM-31,35181.028423618,35181.031666744,35181.09611138,38.3330078125,38.3330078125,0,,0
7138,GF-30-CAM-31,35181.312583848,35181.314630144,35181.380567215,38.3330078125,38.3330078125,0,,0
7140,GF-30-CAM-31,35181.606429721,35181.608077184,35181.659144237,38.3330078125,38.3330078125,0,,0
7142,GF-30-CAM-31,35181.900987955,35181.901969508,35181.983404113,38.3330078125,38.3330078125,0,,0
7144,GF-30-CAM-31,35182.246328283,35182.248126727,35182.309062685,38.3330078125,38.3330078125,0,,0
7146,GF-30-CAM-31,35182.521486104,35182.523476843,35182.586491308,38.3330078125,38.3330078125,0,,0
7148,GF-30-CAM-31,35182.816640107,35182.817736698,35182.865800555,38.3330078125,38.3330078125,0,,0
7150,GF-30-CAM-31,35183.081410825,35183.082108451,35183.171223597,38.3330078125,38.3330078125,0,,0
7152,GF-30-CAM-31,35183.44454526,35183.446108997,35183.524715027,38.3330078125,38.3330078125,0,,0
7154,GF-30-CAM-31,35183.752320393,35183.753913784,35183.803166712,38.3330078125,38.3330078125,0,,0
7156,GF-30-CAM-31,35184.011465924,35184.01247422,35184.077573823,38.3330078125,38.3330078125,0,,0
7158,GF-30-CAM-31,35184.312932944,35184.314878959,35184.37449048,38.3330078125,38.3330078125,0,,0
7160,GF-30-CAM-31,35184.599734179,35184.601332028,35184.660934199,38.3330078125,38.3330078125,0,,0
7162,GF-30-CAM-31,35184.877723608,35184.878882186,35184.955818974,38.3330078125,38.3330078125,0,,0
7164,GF-30-CAM-31,35185.176785229,35185.179140062,35185.274509404,38.3330078125,38.3330078125,0,,0
7166,GF-30-CAM-31,35185.525549591,35185.52675113,35185.581626981,38.3330078125,38.3330078125,0,,0
7168,GF-30-CAM-31,35185.822825642,35185.826290392,35185.885836727,38.3330078125,38.3330078125,0,,0
7170,GF-30-CAM-31,35186.093690348,35186.096853726,35186.181772569,38.3330078125,38.3330078125,0,,0
7172,GF-30-CAM-31,35186.40425124,35186.405828436,35186.469283282,38.3330078125,38.3330078125,0,,0
7174,GF-30-CAM-31,35186.694380499,35186.695654816,35186.760121508,38.3330078125,38.3330078125,0,,0
7176,GF-30-CAM-31,35186.966558777,35186.967803955,35187.066197587,38.3330078125,38.3330078125,0,,0
7178,GF-30-CAM-31,35187.283585331,35187.28465749,35187.340186904,38.3330078125,38.3330078125,0,,0
7180,GF-30-CAM-31,35187.573842221,35187.575323479,35187.65724487,38.3330078125,38.3330078125,0,,0
7182,GF-30-CAM-31,35187.838344204,35187.839535352,35187.900823259,38.3330078125,38.3330078125,0,,0
7184,GF-30-CAM-31,35188.110177016,35188.115312919,35188.214151212,38.3330078125,38.3330078125,0,,0
7186,GF-30-CAM-31,35188.479700499,35188.483076579,35188.539830412,38.3330078125,38.3330078125,0,,0
7188,GF-30-CAM-31,35188.7412856,35188.743261539,35188.818567103,38.3330078125,38.3330078125,0,,0
7190,GF-30-CAM-31,35189.057704768,35189.060507188,35189.115374342,38.3330078125,38.3330078125,0,,0
7192,GF-30-CAM-31,35189.344976646,35189.346091136,35189.409040843,38.3330078125,38.3330078125,0,,0
7194,GF-30-CAM-31,35189.657755126,35189.658814185,35189.729434135,38.3330078125,38.3330078125,0,,0
7196,GF-30-CAM-31,35189.958985453,35189.961525896,35190.018920197,38.3330078125,38.3330078125,0,,0
7198,GF-30-CAM-31,35190.26372236,35190.266113203,35190.316782635,38.3330078125,38.3330078125,0,,0
7200,GF-30-CAM-31,35190.605369884,35190.608495611,35190.67438266,38.3330078125,38.3330078125,0,,0
7202,GF-30-CAM-31,35190.933516972,35190.936958382,35191.019997032,38.3330078125,38.3330078125,0,,0
7204,GF-30-CAM-31,35191.260868475,35191.262440428,35191.344818893,38.3330078125,38.3330078125,0,,0
7206,GF-30-CAM-31,35191.565832619,35191.567322536,35191.639204326,38.3330078125,38.3330078125,0,,0
7208,GF-30-CAM-31,35191.84441429,35191.845566324,35191.936609582,38.3330078125,38.3330078125,0,,0
7210,GF-30-CAM-31,35192.183070741,35192.18566107,35192.259915049,38.3330078125,38.3330078125,0,,0
7212,GF-30-CAM-31,35192.484330513,35192.486424161,35192.550103679,38.3330078125,38.3330078125,0,,0
7214,GF-30-CAM-31,35192.803125329,35192.804274441,35192.865637843,38.3330078125,38.3330078125,0,,0
7216,GF-30-CAM-31,35193.105807138,35193.107506025,35193.168524036,38.3330078125,38.3330078125,0,,0
7218,GF-30-CAM-31,35193.403527943,35193.405588349,35193.499265165,38.3330078125,38.3330078125,0,,0
7220,GF-30-CAM-31,35193.760598304,35193.763058509,35193.831178498,38.3330078125,38.3330078125,0,,0
7222,GF-30-CAM-31,35194.11437414,35194.115409388,35194.172278351,38.3330078125,38.3330078125,0,,0
7224,GF-30-CAM-31,35194.398781958,35194.400183908,35194.457509521,38.3330078125,38.3330078125,0,,0
7226,GF-30-CAM-31,35194.716953894,35194.718529464,35194.796414056,38.3330078125,38.3330078125,0,,0
7228,GF-30-CAM-31,35195.048947319,35195.053804845,35195.166295101,38.3330078125,38.3330078125,0,,0
7230,GF-30-CAM-31,35195.472519992,35195.473399649,35195.548594276,38.3330078125,38.3330078125,0,,0
7232,GF-30-CAM-31,35195.80953619,35195.811186854,35195.923799075,38.3330078125,38.3330078125,0,,0
7234,GF-30-CAM-31,35196.135077967,35196.136740823,35196.192192722,38.3330078125,38.3330078125,0,,0
7236,GF-30-CAM-31,35196.417052677,35196.418690535,35196.507815069,38.3330078125,38.3330078125,0,,0
7238,GF-30-CAM-31,35196.788105755,35196.790061963,35196.834603896,38.3330078125,38.3330078125,0,,0
7240,GF-30-CAM-31,35197.082787714,35197.083602422,35197.143932206,38.3330078125,38.3330078125,0,,0
7242,GF-30-CAM-31,35197.38764733,35197.388136562,35197.487547154,38.3330078125,38.3330078125,0,,0
7244,GF-30-CAM-31,35197.734154605,35197.737883137,35197.805785373,38.3330078125,38.3330078125,0,,0
7246,GF-30-CAM-31,35198.031237747,35198.03936634,35198.106464467,38.3330078125,38.3330078125,0,,0
7248,GF-30-CAM-31,35198.321750038,35198.324634124,35198.385041147,38.3330078125,38.3330078125,0,,0
7250,GF-30-CAM-31,35198.623411142,35198.624576329,35198.714249408,38.3330078125,38.3330078125,0,,0
7252,GF-30-CAM-31,35198.972241893,35198.973908202,35199.038863851,38.3330078125,38.3330078125,0,,0
7254,GF-30-CAM-31,35199.262656914,35199.263877293,35199.346681507,38.3330078125,38.3330078125,0,,0
7256,GF-30-CAM-31,35199.619656657,35199.621421618,35199.706658848,38.3330078125,38.3330078125,0,,0
7258,GF-30-CAM-31,35200.056744738,35200.060324694,35200.12571538,38.3330078125,38.3330078125,0,,0
7260,GF-30-CAM-31,35200.450551155,35200.453522895,35200.516320873,38.3330078125,38.3330078125,0,,0
7262,GF-30-CAM-31,35200.741143028,35200.742280565,35200.806439631,38.3330078125,38.3330078125,0,,0
7264,GF-30-CAM-31,35201.083058869,35201.086334891,35201.14534214,38.3330078125,38.3330078125,0,,0
7266,GF-30-CAM-31,35201.367493172,35201.368353779,35201.425078974,38.3330078125,38.3330078125,0,,0
7268,GF-30-CAM-31,35201.730999792,35201.732141056,35201.803647544,38.3330078125,38.3330078125,0,,0
7270,GF-30-CAM-31,35202.057561632,35202.059064684,35202.156485115,38.3330078125,38.3330078125,0,,0
7272,GF-30-CAM-31,35202.404455356,35202.406462714,35202.492403812,38.3330078125,38.3330078125,0,,0
7274,GF-30-CAM-31,35202.767606844,35202.768757984,35202.871617062,38.3330078125,38.3330078125,0,,0
7276,GF-30-CAM-31,35203.13547228,35203.137083838,35203.195195508,38.3330078125,38.3330078125,0,,0
7278,GF-30-CAM-31,35203.487720258,35203.490507536,35203.570191278,38.3330078125,38.3330078125,0,,0
7280,GF-30-CAM-31,35203.785528163,35203.787452622,35203.842848276,38.3330078125,38.3330078125,0,,0
7282,GF-30-CAM-31,35204.098708647,35204.099907838,35204.18648354,38.3330078125,38.3330078125,0,,0
7284,GF-30-CAM-31,35204.412649535,35204.414639743,35204.496960586,38.3330078125,38.3330078125,0,,0
7286,GF-30-CAM-31,35204.767481841,35204.76898429,35204.831041323,38.3330078125,38.3330078125,0,,0
7288,GF-30-CAM-31,35205.106770327,35205.108385993,35205.176344925,38.3330078125,38.3330078125,0,,0
7290,GF-30-CAM-31,35205.418369544,35205.419839793,35205.516980334,38.3330078125,38.3330078125,0,,0
7292,GF-30-CAM-31,35205.716517583,35205.718683402,35205.783370197,38.3330078125,38.3330078125,0,,0
7294,GF-30-CAM-31,35206.000530664,35206.001953653,35206.064766171,38.3330078125,38.3330078125,0,,0
7296,GF-30-CAM-31,35206.331554898,35206.333129286,35206.394223583,38.3330078125,38.3330078125,0,,0
7298,GF-30-CAM-31,35206.633478518,35206.634996094,35206.694168382,38.3330078125,38.3330078125,0,,0
7300,GF-30-CAM-31,35206.942693865,35206.943967798,35206.997316381,38.3330078125,38.3330078125,0,,0
7302,GF-30-CAM-31,35207.225820314,35207.234260756,35207.300639112,38.3330078125,38.3330078125,0,,0
7304,GF-30-CAM-31,35207.514646551,35207.515650829,35207.577692218,38.3330078125,38.3330078125,0,,0
7306,GF-30-CAM-31,35207.809760786,35207.811072279,35207.897612205,38.3330078125,38.3330078125,0,,0
7308,GF-30-CAM-31,35208.115776734,35208.120389456,35208.195194603,38.3330078125,38.3330078125,0,,0
7310,GF-30-CAM-31,35208.451881175,35208.453656499,35208.510968004,38.3330078125,38.3330078125,0,,0
7312,GF-30-CAM-31,35208.730239929,35208.733202689,35208.825257131,38.3330078125,38.3330078125,0,,0
7314,GF-30-CAM-31,35209.047031255,35209.048041898,35209.098645104,38.3330078125,38.3330078125,0,,0
7316,GF-30-CAM-31,35209.313010708,35209.314759179,35209.38744154,38.3330078125,38.3330078125,0,,0
7318,GF-30-CAM-31,35209.588292155,35209.589340233,35209.655279888,38.3330078125,38.3330078125,0,,0
7320,GF-30-CAM-31,35209.896199586,35209.899118206,35209.945521595,38.3330078125,38.3330078125,0,,0
7322,GF-30-CAM-31,35210.228564402,35210.230121982,35210.331713586,38.3330078125,38.3330078125,0,,0
7324,GF-30-CAM-31,35210.532728293,35210.533635116,35210.613166077,38.3330078125,38.3330078125,0,,0
7326,GF-30-CAM-31,35210.822859163,35210.824550388,35210.875518884,38.3330078125,38.3330078125,0,,0
7328,GF-30-CAM-31,35211.100904533,35211.103037885,35211.187357429,38.3330078125,38.3330078125,0,,0
7330,GF-30-CAM-31,35211.444597821,35211.446793543,35211.512660588,38.3330078125,38.3330078125,0,,0
7332,GF-30-CAM-31,35211.76411024,35211.765631694,35211.84626645,38.3330078125,38.3330078125,0,,0
7334,GF-30-CAM-31,35212.115107028,35212.117429049,35212.167806227,38.3330078125,38.3330078125,0,,0
7336,GF-30-CAM-31,35212.407551332,35212.408932719,35212.508234657,38.3330078125,38.3330078125,0,,0
7338,GF-30-CAM-31,35212.712371348,35212.714067946,35212.769977719,38.3330078125,38.3330078125,0,,0
7340,GF-30-CAM-31,35213.017781188,35213.018523121,35213.08982226,38.3330078125,38.3330078125,0,,0
7342,GF-30-CAM-31,35213.359775501,35213.36446878,35213.440985248,38.3330078125,38.3330078125,0,,0
7344,GF-30-CAM-31,35213.695141546,35213.69580684,35213.738535046,38.3330078125,38.3330078125,0,,0
7346,GF-30-CAM-31,35213.962307914,35213.963326948,35214.081904132,38.3330078125,38.3330078125,0,,0
7348,GF-30-CAM-31,35214.344582621,35214.345844145,35214.41062902,38.3330078125,38.3330078125,0,,0
7350,GF-30-CAM-31,35214.691859334,35214.693161859,35214.785363463,38.3330078125,38.3330078125,0,,0
7352,GF-30-CAM-31,35215.000148511,35215.001407426,35215.067257884,38.3330078125,38.3330078125,0,,0
7354,GF-30-CAM-31,35215.290968357,35215.291874857,35215.378246802,38.3330078125,38.3330078125,0,,0
7356,GF-30-CAM-31,35215.576395533,35215.579572502,35215.64392241,38.3330078125,38.3330078125,0,,0
7358,GF-30-CAM-31,35215.818768607,35215.821784158,35215.886087633,38.3330078125,38.3330078125,0,,0
7360,GF-30-CAM-31,35216.115080033,35216.117883495,35216.187253991,38.3330078125,38.3330078125,0,,0
7362,GF-30-CAM-31,35216.391347348,35216.393041299,35216.441129184,38.3330078125,38.3330078125,0,,0
7364,GF-30-CAM-31,35216.640369369,35216.641422411,35216.710521185,38.3330078125,38.3330078125,0,,0
7366,GF-30-CAM-31,35216.906475387,35216.907800431,35216.994552885,38.3330078125,38.3330078125,0,,0
7368,GF-30-CAM-31,35217.205598048,35217.207320335,35217.244131236,38.3330078125,38.3330078125,0,,0
7370,GF-30-CAM-31,35217.520316219,35217.526478935,35217.584193616,38.3330078125,38.3330078125,0,,0
7372,GF-30-CAM-31,35217.795606123,35217.796732464,35217.855207051,38.3330078125,38.3330078125,0,,0
7374,GF-30-CAM-31,35218.083058436,35218.084165342,35218.154476699,38.3330078125,38.3330078125,0,,0
7376,GF-30-CAM-31,35218.407851552,35218.409417982,35218.49198815,38.3330078125,38.3330078125,0,,0
7378,GF-30-CAM-31,35218.72543912,35218.727855273,35218.799252618,38.3330078125,38.3330078125,0,,0
7380,GF-30-CAM-31,35219.040851373,35219.042939456,35219.110297589,38.3330078125,38.3330078125,0,,0
7382,GF-30-CAM-31,35219.349844139,35219.350698069,35219.387148388,38.3330078125,38.3330078125,0,,0
7384,GF-30-CAM-31,35219.692652648,35219.694956906,35219.766190769,38.3330078125,38.3330078125,0,,0
7386,GF-30-CAM-31,35219.98690894,35219.988110746,35220.047242962,38.3330078125,38.3330078125,0,,0
7388,GF-30-CAM-31,35220.285883662,35220.286971764,35220.347292944,38.3330078125,38.3330078125,0,,0
7390,GF-30-CAM-31,35220.593609969,35220.594818142,35220.684837368,38.3330078125,38.3330078125,0,,0
7392,GF-30-CAM-31,35220.923835113,35220.92482194,35221.012122761,38.3330078125,38.3330078125,0,,0
7394,GF-30-CAM-31,35221.225936877,35221.227290941,35221.281969467,38.3330078125,38.3330078125,0,,0
7396,GF-30-CAM-31,35221.546047828,35221.547622508,35221.60406054,38.3330078125,38.3330078125,0,,0
7398,GF-30-CAM-31,35221.840768533,35221.841997431,35221.911552907,38.3330078125,38.3330078125,0,,0
7400,GF-30-CAM-31,35222.154118521,35222.15669136,35222.226814925,38.3330078125,38.3330078125,0,,0
7402,GF-30-CAM-31,35222.581096483,35222.585030554,35222.64744852,38.3330078125,38.3330078125,0,,0
7404,GF-30-CAM-31,35222.848505949,35222.850088091,35222.928533892,38.3330078125,38.3330078125,0,,0
7406,GF-30-CAM-31,35223.111521403,35223.113601813,35223.179218316,38.3330078125,38.3330078125,0,,0
7408,GF-30-CAM-31,35223.374822547,35223.377011488,35223.441689715,38.3330078125,38.3330078125,0,,0
7410,GF-30-CAM-31,35223.6406169,35223.641920796,35223.708181657,38.3330078125,38.3330078125,0,,0
7412,GF-30-CAM-31,35223.937072712,35223.944359492,35223.988175267,38.3330078125,38.3330078125,0,,0
7414,GF-30-CAM-31,35224.202827862,35224.205031948,35224.290139983,38.3330078125,38.3330078125,0,,0
7416,GF-30-CAM-31,35224.522850803,35224.524655481,35224.580177855,38.3330078125,38.3330078125,0,,0
7418,GF-30-CAM-31,35224.773020995,35224.774456303,35224.816047296,38.3330078125,38.3330078125,0,,0
7420,GF-30-CAM-31,35225.049375525,35225.050753637,35225.139609595,38.3330078125,38.3330078125,0,,0
7422,GF-30-CAM-31,35225.364225306,35225.366842084,35225.424939893,38.3330078125,38.3330078125,0,,0
7424,GF-30-CAM-31,35225.617970546,35225.619211164,35225.676462782,38.3330078125,38.3330078125,0,,0
7426,GF-30-CAM-31,35225.895979348,35225.897149752,35225.958697871,38.3330078125,38.3330078125,0,,0
7428,GF-30-CAM-31,35226.174234681,35226.175378509,35226.222688699,38.3330078125,38.3330078125,0,,0
7430,GF-30-CAM-31,35226.437480273,35226.439509769,35226.521768658,38.3330078125,38.3330078125,0,,0
7432,GF-30-CAM-31,35226.751337029,35226.752913029,35226.853147805,38.3330078125,38.3330078125,0,,0
7434,GF-30-CAM-31,35227.05762584,35227.060095113,35227.138996972,38.3330078125,38.3330078125,0,,0
7436,GF-30-CAM-31,35227.3361223,35227.338196367,35227.390968171,38.3330078125,38.3330078125,0,,0
7438,GF-30-CAM-31,35227.60269045,35227.604531522,35227.658554745,38.3330078125,38.3330078125,0,,0
7440,GF-30-CAM-31,35227.854685938,35227.856897721,35227.934823441,38.3330078125,38.3330078125,0,,0
7442,GF-30-CAM-31,35228.124420932,35228.125562601,35228.181981466,38.3330078125,38.3330078125,0,,0
7444,GF-30-CAM-31,35228.398489111,35228.399673967,35228.457037473,38.3330078125,38.3330078125,0,,0
7446,GF-30-CAM-31,35228.639552934,35228.640691335,35228.696276682,38.3330078125,38.3330078125,0,,0
7448,GF-30-CAM-31,35228.926341385,35228.927046476,35228.988256321,38.3330078125,38.3330078125,0,,0
7450,GF-30-CAM-31,35229.191128833,35229.192779317,35229.269676342,38.3330078125,38.3330078125,0,,0
7452,GF-30-CAM-31,35229.485848505,35229.487128325,35229.574030734,38.3330078125,38.3330078125,0,,0
7454,GF-30-CAM-31,35229.827547896,35229.829080678,35229.9090365,38.3330078125,38.3330078125,0,,0
7456,GF-30-CAM-31,35230.098815615,35230.099544107,35230.145944908,38.3330078125,38.3330078125,0,,0
7458,GF-30-CAM-31,35230.347853654,35230.350439374,35230.403836324,38.3330078125,38.3330078125,0,,0
7460,GF-30-CAM-31,35230.59369924,35230.594504611,35230.650542545,38.3330078125,38.3330078125,0,,0
7462,GF-30-CAM-31,35230.838044883,35230.839892828,35230.896523554,38.3330078125,38.3330078125,0,,0
7464,GF-30-CAM-31,35231.123588358,35231.127821686,35231.18745326,38.3330078125,38.3330078125,0,,0
7466,GF-30-CAM-31,35231.379489215,35231.381252976,35231.450963331,38.3330078125,38.3330078125,0,,0
7468,GF-30-CAM-31,35231.637677959,35231.640311064,35231.707748923,38.3330078125,38.3330078125,0,,0
7470,GF-30-CAM-31,35231.944992494,35231.946201536,35232.018781343,38.3330078125,38.3330078125,0,,0
7472,GF-30-CAM-31,35232.262250575,35232.264446356,35232.316441563,38.3330078125,38.3330078125,0,,0
7474,GF-30-CAM-31,35232.493568117,35232.50473242,35232.564869998,38.3330078125,38.3330078125,0,,0
7476,GF-30-CAM-31,35232.779068831,35232.779914188,35232.826104513,38.3330078125,38.3330078125,0,,0
7478,GF-30-CAM-31,35233.04718133,35233.049618288,35233.107197166,38.3330078125,38.3330078125,0,,0
7480,GF-30-CAM-31,35233.351413659,35233.353863939,35233.406627052,38.3330078125,38.3330078125,0,,0
7482,GF-30-CAM-31,35233.592293675,35233.593410743,35233.655259844,38.3330078125,38.3330078125,0,,0
7484,GF-30-CAM-31,35233.905522856,35233.906683682,35233.962022672,38.3330078125,38.3330078125,0,,0
7486,GF-30-CAM-31,35234.184847976,35234.185541796,35234.271198646,38.3330078125,38.3330078125,0,,0
7488,GF-30-CAM-31,35234.512082958,35234.513853101,35234.596673289,38.3330078125,38.3330078125,0,,0
7490,GF-30-CAM-31,35234.79142623,35234.792642507,35234.841647039,38.3330078125,38.3330078125,0,,0
7492,GF-30-CAM-31,35235.033574836,35235.035648415,35235.09287747,38.3330078125,38.3330078125,0,,0
7494,GF-30-CAM-31,35235.293893285,35235.295262163,35235.350235892,38.3330078125,38.3330078125,0,,0
7496,GF-30-CAM-31,35235.589644874,35235.590725428,35235.648830229,38.3330078125,38.3330078125,0,,0
7498,GF-30-CAM-31,35235.861129158,35235.862993612,35235.933044125,38.3330078125,38.3330078125,0,,0
7500,GF-30-CAM-31,35236.165735708,35236.166829321,35236.208916432,38.3330078125,38.3330078125,0,,0
7502,GF-30-CAM-31,35236.406399583,35236.407215077,35236.469556866,38.3330078125,38.3330078125,0,,0
7504,GF-30-CAM-31,35236.68392456,35236.685361474,35236.732426392,38.3330078125,38.3330078125,0,,0
7506,GF-30-CAM-31,35236.921293208,35236.922983842,35236.986637416,38.3330078125,38.3330078125,0,,0
7508,GF-30-CAM-31,35237.191965036,35237.193950398,35237.252468497,38.3330078125,38.3330078125,0,,0
7510,GF-30-CAM-31,35237.453082416,35237.454290822,35237.536391263,38.3330078125,38.3330078125,0,,0
7512,GF-30-CAM-31,35237.725214591,35237.726484921,35237.78731257,38.3330078125,38.3330078125,0,,0
7514,GF-30-CAM-31,35237.99877745,35237.999822452,35238.062213529,38.3330078125,38.3330078125,0,,0
7516,GF-30-CAM-31,35238.257516621,35238.258346196,35238.319772265,38.3330078125,38.3330078125,0,,0
7518,GF-30-CAM-31,35238.512962135,35238.514377015,35238.562768112,38.3330078125,38.3330078125,0,,0
7520,GF-30-CAM-31,35238.748170136,35238.750931361,35238.811787007,38.3330078125,38.3330078125,0,,0
7522,GF-30-CAM-31,35239.004958524,35239.00621673,35239.049041157,38.3330078125,38.3330078125,0,,0
7524,GF-30-CAM-31,35239.23092797,35239.231736841,35239.280576453,38.3330078125,38.3330078125,0,,0
7526,GF-30-CAM-31,35239.462237665,35239.463335391,35239.503501248,38.3330078125,38.3330078125,0,,0
7528,GF-30-CAM-31,35239.719686198,35239.720850767,35239.788706461,38.3330078125,38.3330078125,0,,0
7530,GF-30-CAM-31,35239.99670558,35239.997468594,35240.059019123,38.3330078125,38.3330078125,0,,0
7532,GF-30-CAM-31,35240.255136574,35240.256024512,35240.311042319,38.3330078125,38.3330078125,0,,0
7534,GF-30-CAM-31,35240.503086743,35240.504202944,35240.566934885,38.3330078125,38.3330078125,0,,0
7536,GF-30-CAM-31,35240.776888684,35240.785635448,35240.896818089,38.3330078125,38.3330078125,0,,0
7538,GF-30-CAM-31,35241.089698329,35241.091404697,35241.156459704,38.3330078125,38.3330078125,0,,0
7540,GF-30-CAM-31,35241.365266876,35241.366264509,35241.413013567,38.3330078125,38.3330078125,0,,0
7542,GF-30-CAM-31,35241.618519903,35241.621479405,35241.722798935,38.3330078125,38.3330078125,0,,0
7544,GF-30-CAM-31,35241.961591092,35241.962949388,35242.036476899,38.3330078125,38.3330078125,0,,0
7546,GF-30-CAM-31,35242.298347109,35242.301279956,35242.355748831,38.3330078125,38.3330078125,0,,0
7548,GF-30-CAM-31,35242.562435188,35242.563174265,35242.619301453,38.3330078125,38.3330078125,0,,0
7550,GF-30-CAM-31,35242.830539282,35242.832503271,35242.888201781,38.3330078125,38.3330078125,0,,0
7552,GF-30-CAM-31,35243.12313005,35243.125222687,35243.168499801,38.3330078125,38.3330078125,0,,0
7554,GF-30-CAM-31,35243.388665613,35243.391297361,35243.475793658,38.3330078125,38.3330078125,0,,0
7556,GF-30-CAM-31,35243.70469615,35243.707287168,35243.827074336,38.3330078125,38.3330078125,0,,0
7558,GF-30-CAM-31,35244.070398813,35244.071752523,35244.11093179,38.3330078125,38.3330078125,0,,0
7560,GF-30-CAM-31,35244.388035071,35244.389788068,35244.438678377,38.3330078125,38.3330078125,0,,0
7562,GF-30-CAM-31,35244.656967737,35244.658503746,35244.728051302,38.3330078125,38.3330078125,0,,0
7564,GF-30-CAM-31,35244.921730435,35244.923152862,35244.986211907,38.3330078125,38.3330078125,0,,0
7566,GF-30-CAM-31,35245.204340727,35245.208207361,35245.261967435,38.3330078125,38.3330078125,0,,0
7568,GF-30-CAM-31,35245.472725283,35245.47426309,35245.564386235,38.3330078125,38.3330078125,0,,0
7570,GF-30-CAM-31,35245.837691522,35245.838729027,35245.896173242,38.3330078125,38.3330078125,0,,0
7572,GF-30-CAM-31,35246.103805501,35246.104703043,35246.16828827,38.3330078125,38.3330078125,0,,0
7574,GF-30-CAM-31,35246.387641964,35246.38951201,35246.482470714,38.3330078125,38.3330078125,0,,0
7576,GF-30-CAM-31,35246.720510438,35246.721560474,35246.773091391,38.3330078125,38.3330078125,0,,0
7578,GF-30-CAM-31,35247.037187829,35247.038518249,35247.094713995,38.3330078125,38.3330078125,0,,0
7580,GF-30-CAM-31,35247.335660858,35247.337634987,35247.390617355,38.3330078125,38.3330078125,0,,0
7582,GF-30-CAM-31,35247.613548091,35247.615084559,35247.686566444,38.3330078125,38.3330078125,0,,0
7584,GF-30-CAM-31,35247.922299271,35247.924134501,35248.001648641,38.3330078125,38.3330078125,0,,0
7586,GF-30-CAM-31,35248.204334631,35248.205733224,35248.254127919,38.3330078125,38.3330078125,0,,0
7588,GF-30-CAM-31,35248.475030687,35248.475795367,35248.533383316,38.3330078125,38.3330078125,0,,0
7590,GF-30-CAM-31,35248.736368325,35248.737552018,35248.802443985,38.3330078125,38.3330078125,0,,0
7592,GF-30-CAM-31,35249.006209403,35249.007746867,35249.069517925,38.3330078125,38.3330078125,0,,0
7594,GF-30-CAM-31,35249.257567686,35249.258220773,35249.337723659,38.3330078125,38.3330078125,0,,0
7596,GF-30-CAM-31,35249.637862755,35249.640020168,35249.698115729,38.3330078125,38.3330078125,0,,0
7598,GF-30-CAM-31,35249.907142728,35249.909168936,35249.9771709,38.3330078125,38.3330078125,0,,0
7600,GF-30-CAM-31,35250.180624796,35250.182153727,35250.260296507,38.3330078125,38.3330078125,0,,0
7602,GF-30-CAM-31,35250.49987997,35250.501637649,35250.604837355,38.3330078125,38.3330078125,0,,0
7604,GF-30-CAM-31,35250.882756831,35250.884470179,35250.942296846,38.3330078125,38.3330078125,0,,0
7606,GF-30-CAM-31,35251.147571861,35251.14960656,35251.200084343,38.3330078125,38.3330078125,0,,0
7608,GF-30-CAM-31,35251.424062979,35251.42507411,35251.471190675,38.3330078125,38.3330078125,0,,0
7610,GF-30-CAM-31,35251.693315377,35251.694454599,35251.753916892,38.3330078125,38.3330078125,0,,0
7612,GF-30-CAM-31,35251.964642164,35251.965811428,35252.026477923,38.3330078125,38.3330078125,0,,0
7614,GF-30-CAM-31,35252.233418914,35252.23496969,35252.302192008,38.3330078125,38.3330078125,0,,0
7616,GF-30-CAM-31,35252.542971864,35252.543961675,35252.596133286,38.3330078125,38.3330078125,0,,0
7618,GF-30-CAM-31,35252.789502735,35252.790670661,35252.864936063,38.3330078125,38.3330078125,0,,0
7620,GF-30-CAM-31,35253.073160322,35253.07454183,35253.137597801,38.3330078125,38.3330078125,0,,0
7622,GF-30-CAM-31,35253.360980631,35253.362576198,35253.417710779,38.3330078125,38.3330078125,0,,0
7624,GF-30-CAM-31,35253.622084316,35253.623849912,35253.676620956,38.3330078125,38.3330078125,0,,0
7626,GF-30-CAM-31,35253.869243125,35253.870287353,35253.93802363,38.3330078125,38.3330078125,0,,0
7628,GF-30-CAM-31,35254.125300778,35254.127277393,35254.199633935,38.3330078125,38.3330078125,0,,0
7630,GF-30-CAM-31,35254.386388915,35254.388774302,35254.443872594,38.3330078125,38.3330078125,0,,0
7632,GF-30-CAM-31,35254.656369435,35254.657888703,35254.762628566,38.3330078125,38.3330078125,0,,0
7634,GF-30-CAM-31,35254.961335424,35254.961871599,35255.041481265,38.3330078125,38.3330078125,0,,0
7636,GF-30-CAM-31,35255.25268031,35255.253834767,35255.316543907,38.3330078125,38.3330078125,0,,0
7638,GF-30-CAM-31,35255.517124289,35255.518119295,35255.587100846,38.3330078125,38.3330078125,0,,0
7640,GF-30-CAM-31,35255.804122832,35255.808656186,35255.859930895,38.3330078125,38.3330078125,0,,0
7642,GF-30-CAM-31,35256.107076861,35256.109139327,35256.199606362,38.3330078125,38.3330078125,0,,0
7644,GF-30-CAM-31,35256.427974899,35256.429200679,35256.538435185,38.3330078125,38.3330078125,0,,0
7646,GF-30-CAM-31,35256.766961178,35256.768647125,35256.83717924,38.3330078125,38.3330078125,0,,0
7648,GF-30-CAM-31,35257.047061035,35257.04851465,35257.123722413,38.3330078125,38.3330078125,0,,0
7650,GF-30-CAM-31,35257.311411686,35257.312350775,35257.393090956,38.3330078125,38.3330078125,0,,0
7652,GF-30-CAM-31,35257.592116409,35257.593530212,35257.660196351,38.3330078125,38.3330078125,0,,0
7654,GF-30-CAM-31,35257.887269369,35257.888394605,35257.954428041,38.3330078125,38.3330078125,0,,0
7656,GF-30-CAM-31,35258.226628105,35258.229308669,35258.265805476,38.3330078125,38.3330078125,0,,0
7658,GF-30-CAM-31,35258.473881564,35258.475927252,35258.531775487,38.3330078125,38.3330078125,0,,0
7660,GF-30-CAM-31,35258.747199946,35258.748779869,35258.819132831,38.3330078125,38.3330078125,0,,0
7662,GF-30-CAM-31,35259.020792282,35259.021980471,35259.090846345,38.3330078125,38.3330078125,0,,0
7664,GF-30-CAM-31,35259.303631458,35259.305944155,35259.370635189,38.3330078125,38.3330078125,0,,0
7666,GF-30-CAM-31,35259.591552469,35259.592802491,35259.685498909,38.3330078125,38.3330078125,0,,0
7668,GF-30-CAM-31,35259.910832339,35259.912157106,35259.991829148,38.3330078125,38.3330078125,0,,0
7670,GF-30-CAM-31,35260.252053302,35260.252830848,35260.309498247,38.3330078125,38.3330078125,0,,0
7672,GF-30-CAM-31,35260.477730162,35260.47887163,35260.539828452,38.3330078125,38.3330078125,0,,0
7674,GF-30-CAM-31,35260.752454563,35260.755855527,35260.803464522,38.3330078125,38.3330078125,0,,0
7676,GF-30-CAM-31,35261.007459187,35261.008568343,35261.07703911,38.3330078125,38.3330078125,0,,0
7678,GF-30-CAM-31,35261.250569623,35261.257190533,35261.307157414,38.3330078125,38.3330078125,0,,0
7680,GF-30-CAM-31,35261.530330022,35261.531753201,35261.584957978,38.3330078125,38.3330078125,0,,0
7682,GF-30-CAM-31,35261.789206352,35261.790786045,35261.87751889,38.3330078125,38.3330078125,0,,0
7684,GF-30-CAM-31,35262.08933108,35262.090583156,35262.141180488,38.3330078125,38.3330078125,0,,0
7686,GF-30-CAM-31,35262.343492843,35262.345567315,35262.413366022,38.3330078125,38.3330078125,0,,0
7688,GF-30-CAM-31,35262.611134955,35262.613383905,35262.693733067,38.3330078125,38.3330078125,0,,0
7690,GF-30-CAM-31,35262.890864898,35262.891888528,35262.954808439,38.3330078125,38.3330078125,0,,0
7692,GF-30-CAM-31,35263.193854195,35263.196652767,35263.250339508,38.3330078125,38.3330078125,0,,0
7694,GF-30-CAM-31,35263.448494994,35263.449467146,35263.539596814,38.3330078125,38.3330078125,0,,0
7696,GF-30-CAM-31,35263.753858432,35263.756382235,35263.810704242,38.3330078125,38.3330078125,0,,0
7698,GF-30-CAM-31,35264.027113529,35264.028808421,35264.104498479,38.3330078125,38.3330078125,0,,0
7700,GF-30-CAM-31,35264.312387573,35264.31370244,35264.39260817,38.3330078125,38.3330078125,0,,0
7702,GF-30-CAM-31,35264.604537289,35264.61124506,35264.654803867,38.3330078125,38.3330078125,0,,0
7704,GF-30-CAM-31,35264.901102592,35264.903595641,35264.964401005,38.3330078125,38.3330078125,0,,0
7706,GF-30-CAM-31,35265.17644491,35265.178416911,35265.222057106,38.3330078125,38.3330078125,0,,0
7708,GF-30-CAM-31,35265.43766687,35265.440495928,35265.500770679,38.3330078125,38.3330078125,0,,0
7710,GF-30-CAM-31,35265.68451951,35265.68608309,35265.756800331,38.3330078125,38.3330078125,0,,0
7712,GF-30-CAM-31,35265.986785119,35265.987910234,35266.049415488,38.3330078125,38.3330078125,0,,0
7714,GF-30-CAM-31,35266.251567543,35266.253544663,35266.346216804,38.3330078125,38.3330078125,0,,0
7716,GF-30-CAM-31,35266.55378105,35266.554839558,35266.609824954,38.3330078125,38.3330078125,0,,0
7718,GF-30-CAM-31,35266.834293072,35266.835317534,35266.881589012,38.3330078125,38.3330078125,0,,0
7720,GF-30-CAM-31,35267.105235514,35267.107242177,35267.165080323,38.3330078125,38.3330078125,0,,0
7722,GF-30-CAM-31,35267.374969583,35267.377075862,35267.443200565,38.3330078125,38.3330078125,0,,0
7724,GF-30-CAM-31,35267.644336841,35267.646864475,35267.706344532,38.3330078125,38.3330078125,0,,0
7726,GF-30-CAM-31,35267.938022398,35267.939087444,35268.008139622,38.3330078125,38.3330078125,0,,0
7728,GF-30-CAM-31,35268.193774041,35268.199692553,35268.249097153,38.3330078125,38.3330078125,0,,0
7730,GF-30-CAM-31,35268.447096895,35268.4491402,35268.51788104,38.3330078125,38.3330078125,0,,0
7732,GF-30-CAM-31,35268.717486781,35268.720595107,35268.773180856,38.3330078125,38.3330078125,0,,0
7734,GF-30-CAM-31,35268.979914323,35268.980840964,35269.041310477,38.3330078125,38.3330078125,0,,0
7736,GF-30-CAM-31,35269.263292257,35269.264340501,35269.314776888,38.3330078125,38.3330078125,0,,0
7738,GF-30-CAM-31,35269.590973767,35269.592225344,35269.651825826,38.3330078125,38.3330078125,0,,0
7740,GF-30-CAM-31,35269.892521927,35269.893468842,35269.949436557,38.3330078125,38.3330078125,0,,0
7742,GF-30-CAM-31,35270.17570466,35270.177113159,35270.234716886,38.3330078125,38.3330078125,0,,0
7744,GF-30-CAM-31,35270.512308356,35270.513843383,35270.580642722,38.3330078125,38.3330078125,0,,0
7746,GF-30-CAM-31,35270.802219138,35270.80354085,35270.837259936,38.3330078125,38.3330078125,0,,0
7748,GF-30-CAM-31,35271.054301682,35271.055274993,35271.132803108,38.3330078125,38.3330078125,0,,0
7750,GF-30-CAM-31,35271.332825362,35271.333806617,35271.394428644,38.3330078125,38.3330078125,0,,0
7752,GF-30-CAM-31,35271.60780783,35271.609200443,35271.678594295,38.3330078125,38.3330078125,0,,0
7754,GF-30-CAM-31,35271.871606016,35271.872709749,35271.940774742,38.3330078125,38.3330078125,0,,0
7756,GF-30-CAM-31,35272.168402969,35272.169394372,35272.230493766,38.3330078125,38.3330078125,0,,0
7758,GF-30-CAM-31,35272.42120658,35272.422566345,35272.49960628,38.3330078125,38.3330078125,0,,0
7760,GF-30-CAM-31,35272.720470481,35272.722696991,35272.79070663,38.3330078125,38.3330078125,0,,0
7762,GF-30-CAM-31,35273.022175161,35273.025361578,35273.105442495,38.3330078125,38.3330078125,0,,0
7764,GF-30-CAM-31,35273.311846818,35273.318416496,35273.376703356,38.3330078125,38.3330078125,0,,0
7766,GF-30-CAM-31,35273.584460008,35273.588343676,35273.650076601,38.3330078125,38.3330078125,0,,0
7768,GF-30-CAM-31,35273.875570142,35273.876912461,35273.937860993,38.3330078125,38.3330078125,0,,0
7770,GF-30-CAM-31,35274.163865797,35274.16559501,35274.24754276,38.3330078125,38.3330078125,0,,0
7772,GF-30-CAM-31,35274.473619517,35274.475469785,35274.562213059,38.3330078125,38.3330078125,0,,0
7774,GF-30-CAM-31,35274.793807248,35274.794847606,35274.842987592,38.3330078125,38.3330078125,0,,0
7776,GF-30-CAM-31,35275.067669458,35275.068790279,35275.157334341,38.3330078125,38.3330078125,0,,0
7778,GF-30-CAM-31,35275.389990734,35275.392345361,35275.486802537,38.3330078125,38.3330078125,0,,0
7780,GF-30-CAM-31,35275.731989374,35275.733659552,35275.791337993,38.3330078125,38.3330078125,0,,0
7782,GF-30-CAM-31,35275.999473938,35276.001827801,35276.102479476,38.3330078125,38.3330078125,0,,0
7784,GF-30-CAM-31,35276.36614551,35276.367351105,35276.423952657,38.3330078125,38.3330078125,0,,0
7786,GF-30-CAM-31,35276.662206326,35276.663606663,35276.75319003,38.3330078125,38.3330078125,0,,0
7788,GF-30-CAM-31,35276.945289284,35276.946727809,35277.025042706,38.3330078125,38.3330078125,0,,0
7790,GF-30-CAM-31,35277.246685973,35277.247694062,35277.298918897,38.3330078125,38.3330078125,0,,0
7792,GF-30-CAM-31,35277.533831637,35277.535361849,35277.593997549,38.3330078125,38.3330078125,0,,0
7794,GF-30-CAM-31,35277.79922741,35277.800688465,35277.854479266,38.3330078125,38.3330078125,0,,0
7796,GF-30-CAM-31,35278.065638934,35278.068477308,35278.143901351,38.3330078125,38.3330078125,0,,0
7798,GF-30-CAM-31,35278.332061042,35278.332908306,35278.37943713,38.3330078125,38.3330078125,0,,0
7800,GF-30-CAM-31,35278.60451835,35278.60573559,35278.68267236,38.3330078125,38.3330078125,0,,0
7802,GF-30-CAM-31,35278.896427009,35278.898068903,35278.944730286,38.3330078125,38.3330078125,0,,0
7804,GF-30-CAM-31,35279.180017518,35279.181171679,35279.236255576,38.3330078125,38.3330078125,0,,0
7806,GF-30-CAM-31,35279.452224873,35279.458177147,35279.543040879,38.3330078125,38.3330078125,0,,0
7808,GF-30-CAM-31,35279.766129971,35279.767342743,35279.833708339,38.3330078125,38.3330078125,0,,0
7810,GF-30-CAM-31,35280.042765388,35280.043740407,35280.133238711,38.3330078125,38.3330078125,0,,0
7812,GF-30-CAM-31,35280.366542077,35280.36787733,35280.417254111,38.3330078125,38.3330078125,0,,0
7814,GF-30-CAM-31,35280.666172636,35280.668845578,35280.723929641,38.3330078125,38.3330078125,0,,0
7816,GF-30-CAM-31,35280.932604017,35280.933883976,35280.982443517,38.3330078125,38.3330078125,0,,0
7818,GF-30-CAM-31,35281.275889902,35281.282033627,35281.342710951,38.3330078125,38.3330078125,0,,0
7820,GF-30-CAM-31,35281.570693077,35281.572646716,35281.630489699,38.3330078125,38.3330078125,0,,0
7822,GF-30-CAM-31,35281.85031228,35281.852460171,35281.956693595,38.3330078125,38.3330078125,0,,0
7824,GF-30-CAM-31,35282.207682528,35282.209013697,35282.280505258,38.3330078125,38.3330078125,0,,0
7826,GF-30-CAM-31,35282.502099268,35282.502928915,35282.565416782,38.3330078125,38.3330078125,0,,0
7828,GF-30-CAM-31,35282.788479976,35282.789313266,35282.850780882,38.3330078125,38.3330078125,0,,0
7830,GF-30-CAM-31,35283.0536999,35283.054506983,35283.130034202,38.3330078125,38.3330078125,0,,0
7832,GF-30-CAM-31,35283.385737332,35283.38754698,35283.45904506,38.3330078125,38.3330078125,0,,0
7834,GF-30-CAM-31,35283.704263803,35283.707230595,35283.780502198,38.3330078125,38.3330078125,0,,0
7836,GF-30-CAM-31,35284.003869591,35284.00738247,35284.042601443,38.3330078125,38.3330078125,0,,0
7838,GF-30-CAM-31,35284.25516863,35284.256756475,35284.301129912,38.3330078125,38.3330078125,0,,0
7840,GF-30-CAM-31,35284.512384069,35284.514068912,35284.57240227,38.3330078125,38.3330078125,0,,0
7842,GF-30-CAM-31,35284.838190615,35284.840744289,35284.926075673,38.3330078125,38.3330078125,0,,0
7844,GF-30-CAM-31,35285.163807934,35285.165836594,35285.228755239,38.3330078125,38.3330078125,0,,0
7846,GF-30-CAM-31,35285.454217252,35285.457118957,35285.519076099,38.3330078125,38.3330078125,0,,0
7848,GF-30-CAM-31,35285.705764856,35285.706757444,35285.787500602,38.3330078125,38.3330078125,0,,0
7850,GF-30-CAM-31,35285.973284009,35285.974648018,35286.06751389,38.3330078125,38.3330078125,0,,0
7852,GF-30-CAM-31,35286.279464861,35286.280430769,35286.344639978,38.3330078125,38.3330078125,0,,0
7854,GF-30-CAM-31,35286.614101709,35286.616883803,35286.791165166,38.3330078125,38.3330078125,0,,0
7856,GF-30-CAM-31,35287.017049017,35287.018358344,35287.087325564,38.3330078125,38.3330078125,0,,0
7858,GF-30-CAM-31,35287.267962104,35287.269198911,35287.361284854,38.3330078125,38.3330078125,0,,0
7860,GF-30-CAM-31,35287.563838824,35287.565367019,35287.636865459,38.3330078125,38.3330078125,0,,0
7862,GF-30-CAM-31,35287.834865068,35287.836229764,35287.912293243,38.3330078125,38.3330078125,0,,0
7864,GF-30-CAM-31,35288.114025776,35288.116405965,35288.169769931,38.3330078125,38.3330078125,0,,0
7866,GF-30-CAM-31,35288.383603902,35288.386218672,35288.443756827,38.3330078125,38.3330078125,0,,0
7868,GF-30-CAM-31,35288.646860816,35288.652074971,35288.710913406,38.3330078125,38.3330078125,0,,0
7870,GF-30-CAM-31,35288.947404763,35288.950520835,35289.0028283,38.3330078125,38.3330078125,0,,0
7872,GF-30-CAM-31,35289.236064095,35289.237606382,35289.286493116,38.3330078125,38.3330078125,0,,0
7874,GF-30-CAM-31,35289.514494071,35289.515862945,35289.582579525,38.3330078125,38.3330078125,0,,0
7876,GF-30-CAM-31,35289.770320807,35289.771982428,35289.823470945,38.3330078125,38.3330078125,0,,0
7878,GF-30-CAM-31,35290.027370331,35290.028704208,35290.086245347,38.3330078125,38.3330078125,0,,0
7880,GF-30-CAM-31,35290.281596328,35290.283132737,35290.344793226,38.3330078125,38.3330078125,0,,0
7882,GF-30-CAM-31,35290.551926176,35290.553787397,35290.597824911,38.3330078125,38.3330078125,0,,0
7884,GF-30-CAM-31,35290.816179926,35290.817911378,35290.890290889,38.3330078125,38.3330078125,0,,0
7886,GF-30-CAM-31,35291.104500039,35291.10548649,35291.203395806,38.3330078125,38.3330078125,0,,0
7888,GF-30-CAM-31,35291.475624668,35291.476925273,35291.545992589,38.3330078125,38.3330078125,0,,0
7890,GF-30-CAM-31,35291.750442836,35291.751488703,35291.821768225,38.3330078125,38.3330078125,0,,0
7892,GF-30-CAM-31,35292.046486133,35292.047866999,35292.089496409,38.3330078125,38.3330078125,0,,0
7894,GF-30-CAM-31,35292.351917891,35292.353666504,35292.417370853,38.3330078125,38.3330078125,0,,0
7896,GF-30-CAM-31,35292.644081303,35292.645057019,35292.724227896,38.3330078125,38.3330078125,0,,0
7898,GF-30-CAM-31,35292.92109014,35292.922226579,35293.011033241,38.3330078125,38.3330078125,0,,0
7900,GF-30-CAM-31,35293.21436486,35293.21625252,35293.293225277,38.3330078125,38.3330078125,0,,0
7902,GF-30-CAM-31,35293.546789227,35293.548472679,35293.619253358,38.3330078125,38.3330078125,0,,0
7904,GF-30-CAM-31,35293.840373979,35293.842014764,35293.924414475,38.3330078125,38.3330078125,0,,0
7906,GF-30-CAM-31,35294.163854709,35294.164938714,35294.240121846,38.3330078125,38.3330078125,0,,0
7908,GF-30-CAM-31,35294.442161296,35294.444313187,35294.532785243,38.3330078125,38.3330078125,0,,0
7910,GF-30-CAM-31,35294.782974977,35294.784672549,35294.837548811,38.3330078125,38.3330078125,0,,0
7912,GF-30-CAM-31,35295.073347168,35295.074448136,35295.125575347,38.3330078125,38.3330078125,0,,0
7914,GF-30-CAM-31,35295.39160715,35295.393180819,35295.438205255,38.3330078125,38.3330078125,0,,0
7916,GF-30-CAM-31,35295.664319978,35295.665355167,35295.737383897,38.3330078125,38.3330078125,0,,0
7918,GF-30-CAM-31,35295.942742739,35295.944130507,35296.018150128,38.3330078125,38.3330078125,0,,0
7920,GF-30-CAM-31,35296.240362175,35296.241609736,35296.297473323,38.3330078125,38.3330078125,0,,0
7922,GF-30-CAM-31,35296.539108437,35296.540757771,35296.629656278,38.3330078125,38.3330078125,0,,0
7924,GF-30-CAM-31,35296.874192859,35296.876412382,35296.944223867,38.3330078125,38.3330078125,0,,0
7926,GF-30-CAM-31,35297.156146603,35297.158309925,35297.225365724,38.3330078125,38.3330078125,0,,0
7928,GF-30-CAM-31,35297.490930199,35297.491803178,35297.573726492,38.3330078125,38.3330078125,0,,0
7930,GF-30-CAM-31,35297.807074988,35297.815154627,35297.888606257,38.3330078125,38.3330078125,0,,0
7932,GF-30-CAM-31,35298.07873369,35298.080197363,35298.146691555,38.3330078125,38.3330078125,0,,0
7934,GF-30-CAM-31,35298.365023134,35298.366165863,35298.425950726,38.3330078125,38.3330078125,0,,0
7936,GF-30-CAM-31,35298.676894164,35298.677882942,35298.732352661,38.3330078125,38.3330078125,0,,0
7938,GF-30-CAM-31,35298.925423483,35298.926607523,35298.980690471,38.3330078125,38.3330078125,0,,0
7940,GF-30-CAM-31,35299.171789946,35299.173040634,35299.231960732,38.3330078125,38.3330078125,0,,0
7942,GF-30-CAM-31,35299.442763877,35299.444090047,35299.540564074,38.3330078125,38.3330078125,0,,0
7944,GF-30-CAM-31,35299.737603539,35299.739062202,35299.788766254,38.3330078125,38.3330078125,0,,0
7946,GF-30-CAM-31,35299.987566536,35299.989310273,35300.059194093,38.3330078125,38.3330078125,0,,0
7948,GF-30-CAM-31,35300.264059855,35300.26534744,35300.322578951,38.3330078125,38.3330078125,0,,0
7950,GF-30-CAM-31,35300.522971806,35300.524664052,35300.587289214,38.3330078125,38.3330078125,0,,0
7952,GF-30-CAM-31,35300.811897996,35300.813799431,35300.878186312,38.3330078125,38.3330078125,0,,0
7954,GF-30-CAM-31,35301.058699044,35301.060648235,35301.13737125,38.3330078125,38.3330078125,0,,0
7956,GF-30-CAM-31,35301.365508226,35301.367124706,35301.432875634,38.3330078125,38.3330078125,0,,0
7958,GF-30-CAM-31,35301.663482077,35301.664099955,35301.706246358,38.3330078125,38.3330078125,0,,0
7960,GF-30-CAM-31,35301.904497637,35301.905220397,35301.947720961,38.3330078125,38.3330078125,0,,0
7962,GF-30-CAM-31,35302.168145012,35302.169734956,35302.256880431,38.3330078125,38.3330078125,0,,0
7964,GF-30-CAM-31,35302.459187182,35302.461628042,35302.528277862,38.3330078125,38.3330078125,0,,0
7966,GF-30-CAM-31,35302.763604015,35302.768102793,35302.870999827,38.3330078125,38.3330078125,0,,0
7968,GF-30-CAM-31,35303.062886356,35303.065062213,35303.116761297,38.3330078125,38.3330078125,0,,0
7970,GF-30-CAM-31,35303.311607159,35303.31228219,35303.366182264,38.3330078125,38.3330078125,0,,0
7972,GF-30-CAM-31,35303.57963528,35303.580613943,35303.646774896,38.3330078125,38.3330078125,0,,0
7974,GF-30-CAM-31,35303.875542293,35303.877571121,35303.938582339,38.3330078125,38.3330078125,0,,0
7976,GF-30-CAM-31,35304.140545245,35304.141934028,35304.23016784,38.3330078125,38.3330078125,0,,0
7978,GF-30-CAM-31,35304.457860805,35304.458832381,35304.526989275,38.3330078125,38.3330078125,0,,0
7980,GF-30-CAM-31,35304.714094417,35304.717127581,35304.801883343,38.3330078125,38.3330078125,0,,0
7982,GF-30-CAM-31,35305.020167782,35305.02233083,35305.079923991,38.3330078125,38.3330078125,0,,0
7984,GF-30-CAM-31,35305.30006944,35305.30109055,35305.357135364,38.3330078125,38.3330078125,0,,0
7986,GF-30-CAM-31,35305.553457042,35305.554459735,35305.619998267,38.3330078125,38.3330078125,0,,0
7988,GF-30-CAM-31,35305.809158685,35305.810355817,35305.860761712,38.3330078125,38.3330078125,0,,0
7990,GF-30-CAM-31,35306.055912611,35306.058159175,35306.12592815,38.3330078125,38.3330078125,0,,0
7992,GF-30-CAM-31,35306.308981906,35306.316089749,35306.391451511,38.3330078125,38.3330078125,0,,0
7994,GF-30-CAM-31,35306.618318548,35306.61935851,35306.668379471,38.3330078125,38.3330078125,0,,0
7996,GF-30-CAM-31,35306.894250435,35306.89504778,35306.95706287,38.3330078125,38.3330078125,0,,0
7998,GF-30-CAM-31,35307.161048162,35307.162177323,35307.221884504,38.3330078125,38.3330078125,0,,0
8000,GF-30-CAM-31,35307.395385896,35307.397927695,35307.44101759,38.3330078125,38.3330078125,0,,0
8002,GF-30-CAM-31,35307.667660204,35307.66984239,35307.731947113,38.3330078125,38.3330078125,0,,0
8004,GF-30-CAM-31,35307.953525372,35307.954562609,35308.01644525,38.3330078125,38.3330078125,0,,0
8006,GF-30-CAM-31,35308.217422638,35308.21868541,35308.263390453,38.3330078125,38.3330078125,0,,0
8008,GF-30-CAM-31,35308.513162075,35308.514712907,35308.588364,38.3330078125,38.3330078125,0,,0
8010,GF-30-CAM-31,35308.796033161,35308.796886924,35308.892317791,38.3330078125,38.3330078125,0,,0
8012,GF-30-CAM-31,35309.092474571,35309.093292942,35309.140196675,38.3330078125,38.3330078125,0,,0
8014,GF-30-CAM-31,35309.337596343,35309.341980215,35309.401584482,38.3330078125,38.3330078125,0,,0
8016,GF-30-CAM-31,35309.610666931,35309.611661911,35309.686773423,38.3330078125,38.3330078125,0,,0
8018,GF-30-CAM-31,35309.911821184,35309.913077009,35309.962959615,38.3330078125,38.3330078125,0,,0
8020,GF-30-CAM-31,35310.140398798,35310.142191128,35310.201056029,38.3330078125,38.3330078125,0,,0
8022,GF-30-CAM-31,35310.393234121,35310.394442545,35310.482151652,38.3330078125,38.3330078125,0,,0
8024,GF-30-CAM-31,35310.682649111,35310.684648169,35310.748422166,38.3330078125,38.3330078125,0,,0
8026,GF-30-CAM-31,35310.935950274,35310.9368353,35311.027772866,38.3330078125,38.3330078125,0,,0
8028,GF-30-CAM-31,35311.229313819,35311.230213347,35311.292650695,38.3330078125,38.3330078125,0,,0
8030,GF-30-CAM-31,35311.505796853,35311.506697624,35311.589400358,38.3330078125,38.3330078125,0,,0
8032,GF-30-CAM-31,35311.783988139,35311.785638691,35311.826106934,38.3330078125,38.3330078125,0,,0
8034,GF-30-CAM-31,35312.028746248,35312.038735409,35312.080555224,38.3330078125,38.3330078125,0,,0
8036,GF-30-CAM-31,35312.305881146,35312.307473329,35312.376521684,38.3330078125,38.3330078125,0,,0
8038,GF-30-CAM-31,35312.586806728,35312.589032104,35312.65853046,38.3330078125,38.3330078125,0,,0
8040,GF-30-CAM-31,35312.954039688,35312.958111288,35313.016518585,38.3330078125,38.3330078125,0,,0
8042,GF-30-CAM-31,35313.20803777,35313.209309529,35313.27064648,38.3330078125,38.3330078125,0,,0
8044,GF-30-CAM-31,35313.516471606,35313.518078927,35313.562501886,38.3330078125,38.3330078125,0,,0
8046,GF-30-CAM-31,35313.783095578,35313.784099029,35313.870204465,38.3330078125,38.3330078125,0,,0
8048,GF-30-CAM-31,35314.038747447,35314.040040372,35314.099947896,38.3330078125,38.3330078125,0,,0
8050,GF-30-CAM-31,35314.322358364,35314.323649041,35314.382530858,38.3330078125,38.3330078125,0,,0
8052,GF-30-CAM-31,35314.602106025,35314.604904727,35314.684427645,38.3330078125,38.3330078125,0,,0
8054,GF-30-CAM-31,35314.904502173,35314.905738337,35314.957153433,38.3330078125,38.3330078125,0,,0
8056,GF-30-CAM-31,35315.165875713,35315.169061639,35315.229593252,38.3330078125,38.3330078125,0,,0
8058,GF-30-CAM-31,35315.450377031,35315.451520003,35315.512902996,38.3330078125,38.3330078125,0,,0
8060,GF-30-CAM-31,35315.725807906,35315.727249229,35315.781053809,38.3330078125,38.3330078125,0,,0
8062,GF-30-CAM-31,35315.98916655,35315.990916714,35316.072782603,38.3330078125,38.3330078125,0,,0
8064,GF-30-CAM-31,35316.289940239,35316.291468202,35316.335217686,38.3330078125,38.3330078125,0,,0
8066,GF-30-CAM-31,35316.551753146,35316.553607792,35316.615476584,38.3330078125,38.3330078125,0,,0
8068,GF-30-CAM-31,35316.783292452,35316.786431258,35316.880711464,38.3330078125,38.3330078125,0,,0
8070,GF-30-CAM-31,35317.079166893,35317.080685516,35317.134153531,38.3330078125,38.3330078125,0,,0
8072,GF-30-CAM-31,35317.398779878,35317.400229834,35317.491112543,38.3330078125,38.3330078125,0,,0
8074,GF-30-CAM-31,35317.701102219,35317.702167372,35317.785672072,38.3330078125,38.3330078125,0,,0
8076,GF-30-CAM-31,35318.002616536,35318.00355517,35318.045830107,38.3330078125,38.3330078125,0,,0
8078,GF-30-CAM-31,35318.242965741,35318.244063197,35318.298340363,38.3330078125,38.3330078125,0,,0
8080,GF-30-CAM-31,35318.525141094,35318.527194604,35318.588463952,38.3330078125,38.3330078125,0,,0
8082,GF-30-CAM-31,35318.785489477,35318.786415017,35318.838326203,38.3330078125,38.3330078125,0,,0
8084,GF-30-CAM-31,35319.059126741,35319.060328588,35319.104853919,38.3330078125,38.3330078125,0,,0
8086,GF-30-CAM-31,35319.30643121,35319.307548402,35319.357459465,38.3330078125,38.3330078125,0,,0
8088,GF-30-CAM-31,35319.594949136,35319.595963153,35319.637681435,38.3330078125,38.3330078125,0,,0
8090,GF-30-CAM-31,35319.863348073,35319.864545553,35319.909691129,38.3330078125,38.3330078125,0,,0
8092,GF-30-CAM-31,35320.130871381,35320.132414939,35320.176308595,38.3330078125,38.3330078125,0,,0
8094,GF-30-CAM-31,35320.382253987,35320.383138185,35320.440527613,38.3330078125,38.3330078125,0,,0
8096,GF-30-CAM-31,35320.65887662,35320.665448743,35320.72520029,38.3330078125,38.3330078125,0,,0
8098,GF-30-CAM-31,35320.92653657,35320.927627168,35320.978512586,38.3330078125,38.3330078125,0,,0
8100,GF-30-CAM-31,35321.169747903,35321.172299819,35321.214145393,38.3330078125,38.3330078125,0,,0
8102,GF-30-CAM-31,35321.427974075,35321.428752246,35321.485865114,38.3330078125,38.3330078125,0,,0
8104,GF-30-CAM-31,35321.716857438,35321.718104545,35321.780163454,38.3330078125,38.3330078125,0,,0
8106,GF-30-CAM-31,35322.003875212,35322.006774675,35322.084172519,38.3330078125,38.3330078125,0,,0
8108,GF-30-CAM-31,35322.261126789,35322.262521755,35322.321868877,38.3330078125,38.3330078125,0,,0
8110,GF-30-CAM-31,35322.529121835,35322.532526536,35322.592358394,38.3330078125,38.3330078125,0,,0
8112,GF-30-CAM-31,35322.806497636,35322.807562007,35322.876335904,38.3330078125,38.3330078125,0,,0
8114,GF-30-CAM-31,35323.090810379,35323.091325477,35323.14917835,38.3330078125,38.3330078125,0,,0
8116,GF-30-CAM-31,35323.33605293,35323.339692343,35323.421226287,38.3330078125,38.3330078125,0,,0
8118,GF-30-CAM-31,35323.602256453,35323.60349482,35323.675070812,38.3330078125,38.3330078125,0,,0
8120,GF-30-CAM-31,35323.891397746,35323.89285629,35323.943400779,38.3330078125,38.3330078125,0,,0
8122,GF-30-CAM-31,35324.128913604,35324.129983879,35324.17615707,38.3330078125,38.3330078125,0,,0
8124,GF-30-CAM-31,35324.424963383,35324.427298676,35324.48126286,38.3330078125,38.3330078125,0,,0
8126,GF-30-CAM-31,35324.736044659,35324.737178633,35324.806189938,38.3330078125,38.3330078125,0,,0
8128,GF-30-CAM-31,35325.032168093,35325.033091468,35325.092427021,38.3330078125,38.3330078125,0,,0
8130,GF-30-CAM-31,35325.288343448,35325.289908248,35325.335674029,38.3330078125,38.3330078125,0,,0
8132,GF-30-CAM-31,35325.524276107,35325.526996947,35325.594706783,38.3330078125,38.3330078125,0,,0
8134,GF-30-CAM-31,35325.813279091,35325.814781337,35325.878403723,38.3330078125,38.3330078125,0,,0
8136,GF-30-CAM-31,35326.081080593,35326.08222881,35326.121276418,38.3330078125,38.3330078125,0,,0
8138,GF-30-CAM-31,35326.338330334,35326.339914535,35326.392659866,38.3330078125,38.3330078125,0,,0
8140,GF-30-CAM-31,35326.591842946,35326.594607976,35326.646150988,38.3330078125,38.3330078125,0,,0
8142,GF-30-CAM-31,35326.858697745,35326.860020453,35326.92291301,38.3330078125,38.3330078125,0,,0
8144,GF-30-CAM-31,35327.135235101,35327.137620132,35327.224311958,38.3330078125,38.3330078125,0,,0
8146,GF-30-CAM-31,35327.451398588,35327.452457073,35327.497881285,38.3330078125,38.3330078125,0,,0
8148,GF-30-CAM-31,35327.7087739,35327.71163091,35327.811279203,38.3330078125,38.3330078125,0,,0
8150,GF-30-CAM-31,35327.999701657,35328.000959359,35328.071771403,38.3330078125,38.3330078125,0,,0
8152,GF-30-CAM-31,35328.285688811,35328.288301247,35328.360665563,38.3330078125,38.3330078125,0,,0
8154,GF-30-CAM-31,35328.538199282,35328.539193422,35328.583566313,38.3330078125,38.3330078125,0,,0
8156,GF-30-CAM-31,35328.794723151,35328.796689018,35328.850553108,38.3330078125,38.3330078125,0,,0
8158,GF-30-CAM-31,35329.040804155,35329.04287186,35329.114334758,38.3330078125,38.3330078125,0,,0
8160,GF-30-CAM-31,35329.336397898,35329.337354158,35329.386172177,38.3330078125,38.3330078125,0,,0
8162,GF-30-CAM-31,35329.601817275,35329.602729198,35329.671535255,38.3330078125,38.3330078125,0,,0
8164,GF-30-CAM-31,35329.909238607,35329.910594512,35329.95286528,38.3330078125,38.3330078125,0,,0
8166,GF-30-CAM-31,35330.154733457,35330.155504324,35330.219136909,38.3330078125,38.3330078125,0,,0
8168,GF-30-CAM-31,35330.426174486,35330.4271903,35330.488295239,38.3330078125,38.3330078125,0,,0
8170,GF-30-CAM-31,35330.713160696,35330.715542458,35330.806800536,38.3330078125,38.3330078125,0,,0
8172,GF-30-CAM-31,35331.011313102,35331.012162482,35331.068443161,38.3330078125,38.3330078125,0,,0
8174,GF-30-CAM-31,35331.271031654,35331.272266686,35331.310715495,38.3330078125,38.3330078125,0,,0
8176,GF-30-CAM-31,35331.536032966,35331.537841414,35331.621445703,38.3330078125,38.3330078125,0,,0
8178,GF-30-CAM-31,35331.824713811,35331.825533116,35331.906067766,38.3330078125,38.3330078125,0,,0
8180,GF-30-CAM-31,35332.111855775,35332.112597761,35332.156233603,38.3330078125,38.3330078125,0,,0
8182,GF-30-CAM-31,35332.36011384,35332.361084781,35332.404630739,38.3330078125,38.3330078125,0,,0
8184,GF-30-CAM-31,35332.608591137,35332.609714572,35332.661921256,38.3330078125,38.3330078125,0,,0
8186,GF-30-CAM-31,35332.833101,35332.833742898,35332.882432232,38.3330078125,38.3330078125,0,,0
8188,GF-30-CAM-31,35333.064185485,35333.07026863,35333.120170569,38.3330078125,38.3330078125,0,,0
8190,GF-30-CAM-31,35333.312769566,35333.314064154,35333.378397498,38.3330078125,38.3330078125,0,,0
8192,GF-30-CAM-31,35333.649667271,35333.651015191,35333.690240145,38.3330078125,38.3330078125,0,,0
8194,GF-30-CAM-31,35333.891601461,35333.894659552,35333.941853912,38.3330078125,38.3330078125,0,,0
8196,GF-30-CAM-31,35334.138284244,35334.139702356,35334.198482839,38.3330078125,38.3330078125,0,,0
8198,GF-30-CAM-31,35334.392134934,35334.393207866,35334.451404203,38.3330078125,38.3330078125,0,,0
8200,GF-30-CAM-31,35334.685440434,35334.686970929,35334.769459865,38.3330078125,38.3330078125,0,,0
8202,GF-30-CAM-31,35334.976175398,35334.977856984,35335.029750996,38.3330078125,38.3330078125,0,,0
8204,GF-30-CAM-31,35335.254691162,35335.255918573,35335.304984842,38.3330078125,38.3330078125,0,,0
8206,GF-30-CAM-31,35335.506757686,35335.508627055,35335.565347946,38.3330078125,38.3330078125,0,,0
8208,GF-30-CAM-31,35335.74790607,35335.748756285,35335.800196257,38.3330078125,38.3330078125,0,,0
8210,GF-30-CAM-31,35336.004350194,35336.006314942,35336.073780574,38.3330078125,38.3330078125,0,,0
8212,GF-30-CAM-31,35336.276621792,35336.279930937,35336.347981806,38.3330078125,38.3330078125,0,,0
8214,GF-30-CAM-31,35336.550300167,35336.551965749,35336.642181658,38.3330078125,38.3330078125,0,,0
8216,GF-30-CAM-31,35336.83413091,35336.835457919,35336.895544385,38.3330078125,38.3330078125,0,,0
8218,GF-30-CAM-31,35337.134703681,35337.135824067,35337.210878732,38.3330078125,38.3330078125,0,,0
8220,GF-30-CAM-31,35337.405836098,35337.410898502,35337.479519772,38.3330078125,38.3330078125,0,,0
8222,GF-30-CAM-31,35337.691166524,35337.69210108,35337.74804702,38.3330078125,38.3330078125,0,,0
8224,GF-30-CAM-31,35337.981114571,35337.98295073,35338.056367272,38.3330078125,38.3330078125,0,,0
8226,GF-30-CAM-31,35338.259284188,35338.261770395,35338.322351427,38.3330078125,38.3330078125,0,,0
8228,GF-30-CAM-31,35338.555329094,35338.557050951,35338.623187555,38.3330078125,38.3330078125,0,,0
8230,GF-30-CAM-31,35338.817549421,35338.820822462,35338.898144672,38.3330078125,38.3330078125,0,,0
8232,GF-30-CAM-31,35339.133291423,35339.134819752,35339.192823141,38.3330078125,38.3330078125,0,,0
8234,GF-30-CAM-31,35339.371585615,35339.373403147,35339.427800612,38.3330078125,38.3330078125,0,,0
8236,GF-30-CAM-31,35339.665169654,35339.666250472,35339.727529514,38.3330078125,38.3330078125,0,,0
8238,GF-30-CAM-31,35339.940367793,35339.943838022,35339.995894065,38.3330078125,38.3330078125,0,,0
8240,GF-30-CAM-31,35340.179364831,35340.182032235,35340.246269506,38.3330078125,38.3330078125,0,,0
8242,GF-30-CAM-31,35340.459453051,35340.461834797,35340.519241682,38.3330078125,38.3330078125,0,,0
8244,GF-30-CAM-31,35340.69762112,35340.698941213,35340.774623524,38.3330078125,38.3330078125,0,,0
8246,GF-30-CAM-31,35340.986691015,35340.988710407,35341.044399034,38.3330078125,38.3330078125,0,,0
8248,GF-30-CAM-31,35341.241029766,35341.242306772,35341.318243031,38.3330078125,38.3330078125,0,,0
8250,GF-30-CAM-31,35341.519105195,35341.522417482,35341.571164233,38.3330078125,38.3330078125,0,,0
8252,GF-30-CAM-31,35341.811635737,35341.812756023,35341.866282485,38.3330078125,38.3330078125,0,,0
8254,GF-30-CAM-31,35342.077930718,35342.082039163,35342.139323877,38.3330078125,38.3330078125,0,,0
8256,GF-30-CAM-31,35342.331404528,35342.333141484,35342.407070283,38.3330078125,38.3330078125,0,,0
8258,GF-30-CAM-31,35342.577179926,35342.580572647,35342.647897244,38.3330078125,38.3330078125,0,,0
8260,GF-30-CAM-31,35342.832317439,35342.833335528,35342.893358167,38.3330078125,38.3330078125,0,,0
8262,GF-30-CAM-31,35343.112937444,35343.117064262,35343.182830583,38.3330078125,38.3330078125,0,,0
8264,GF-30-CAM-31,35343.394367757,35343.39552129,35343.441159018,38.3330078125,38.3330078125,0,,0
8266,GF-30-CAM-31,35343.642893366,35343.644426606,35343.696520676,38.3330078125,38.3330078125,0,,0
8268,GF-30-CAM-31,35343.898144278,35343.899947308,35343.956160429,38.3330078125,38.3330078125,0,,0
8270,GF-30-CAM-31,35344.157340245,35344.158099526,35344.204836148,38.3330078125,38.3330078125,0,,0
8272,GF-30-CAM-31,35344.423166158,35344.424996474,35344.484306939,38.3330078125,38.3330078125,0,,0
8274,GF-30-CAM-31,35344.657369555,35344.658349288,35344.71464378,38.3330078125,38.3330078125,0,,0
8276,GF-30-CAM-31,35344.922058552,35344.922807265,35344.995873953,38.3330078125,38.3330078125,0,,0
8278,GF-30-CAM-31,35345.169701827,35345.170901438,35345.21999102,38.3330078125,38.3330078125,0,,0
8280,GF-30-CAM-31,35345.422431219,35345.424500838,35345.496601785,38.3330078125,38.3330078125,0,,0
8282,GF-30-CAM-31,35345.706093693,35345.710353558,35345.786377988,38.3330078125,38.3330078125,0,,0
8284,GF-30-CAM-31,35345.972683906,35345.973616337,35346.023030204,38.3330078125,38.3330078125,0,,0
8286,GF-30-CAM-31,35346.217899779,35346.219541722,35346.30288023,38.3330078125,38.3330078125,0,,0
8288,GF-30-CAM-31,35346.505729879,35346.507896258,35346.577927128,38.3330078125,38.3330078125,0,,0
8290,GF-30-CAM-31,35346.780691267,35346.782222981,35346.839247736,38.3330078125,38.3330078125,0,,0
8292,GF-30-CAM-31,35347.085980523,35347.087455034,35347.137045204,38.3330078125,38.3330078125,0,,0
8294,GF-30-CAM-31,35347.346595815,35347.347979033,35347.430615392,38.3330078125,38.3330078125,0,,0
8296,GF-30-CAM-31,35347.647406546,35347.648618887,35347.7155853,38.3330078125,38.3330078125,0,,0
8298,GF-30-CAM-31,35347.95347621,35347.955438195,35348.027247925,38.3330078125,38.3330078125,0,,0
8300,GF-30-CAM-31,35348.232787599,35348.234561106,35348.29795971,38.3330078125,38.3330078125,0,,0
8302,GF-30-CAM-31,35348.487489134,35348.488421902,35348.567073633,38.3330078125,38.3330078125,0,,0
8304,GF-30-CAM-31,35348.773819671,35348.776298721,35348.83413617,38.3330078125,38.3330078125,0,,0
8306,GF-30-CAM-31,35349.041892185,35349.042765576,35349.099838892,38.3330078125,38.3330078125,0,,0
8308,GF-30-CAM-31,35349.279806631,35349.28128547,35349.374299151,38.3330078125,38.3330078125,0,,0
8310,GF-30-CAM-31,35349.64073059,35349.642219644,35349.74537566,38.3330078125,38.3330078125,0,,0
8312,GF-30-CAM-31,35349.951726865,35349.952744669,35350.045682559,38.3330078125,38.3330078125,0,,0
8314,GF-30-CAM-31,35350.26872129,35350.270613071,35350.333819155,38.3330078125,38.3330078125,0,,0
8316,GF-30-CAM-31,35350.556188497,35350.557607076,35350.637828621,38.3330078125,38.3330078125,0,,0
8318,GF-30-CAM-31,35350.835817828,35350.83703076,35350.902057763,38.3330078125,38.3330078125,0,,0
8320,GF-30-CAM-31,35351.120945158,35351.121805738,35351.159856186,38.3330078125,38.3330078125,0,,0
8322,GF-30-CAM-31,35351.365401529,35351.366613632,35351.434123011,38.3330078125,38.3330078125,0,,0
8324,GF-30-CAM-31,35351.641595151,35351.646048947,35351.744654207,38.3330078125,38.3330078125,0,,0
8326,GF-30-CAM-31,35351.991177886,35351.9931884,35352.087246854,38.3330078125,38.3330078125,0,,0
8328,GF-30-CAM-31,35352.297724829,35352.298828409,35352.374708544,38.3330078125,38.3330078125,0,,0
8330,GF-30-CAM-31,35352.559110816,35352.560085515,35352.59879591,38.3330078125,38.3330078125,0,,0
8332,GF-30-CAM-31,35352.785806095,35352.786767057,35352.865956003,38.3330078125,38.3330078125,0,,0
8334,GF-30-CAM-31,35353.046315841,35353.047449439,35353.092400918,38.3330078125,38.3330078125,0,,0
8336,GF-30-CAM-31,35353.295210501,35353.295884628,35353.342520819,38.3330078125,38.3330078125,0,,0
8338,GF-30-CAM-31,35353.532925273,35353.533698079,35353.577832197,38.3330078125,38.3330078125,0,,0
8340,GF-30-CAM-31,35353.788696254,35353.789600878,35353.848361546,38.3330078125,38.3330078125,0,,0
8342,GF-30-CAM-31,35354.060613144,35354.061889132,35354.110381446,38.3330078125,38.3330078125,0,,0
8344,GF-30-CAM-31,35354.329507566,35354.330631282,35354.418958287,38.3330078125,38.3330078125,0,,0
8346,GF-30-CAM-31,35354.625684053,35354.627230269,35354.690645781,38.3330078125,38.3330078125,0,,0
8348,GF-30-CAM-31,35354.874252902,35354.876108267,35354.944945513,38.3330078125,38.3330078125,0,,0
8350,GF-30-CAM-31,35355.155872781,35355.157106476,35355.232749811,38.3330078125,38.3330078125,0,,0
8352,GF-30-CAM-31,35355.499094996,35355.500251773,35355.583885266,38.3330078125,38.3330078125,0,,0
8354,GF-30-CAM-31,35355.781479215,35355.782902692,35355.823037682,38.3330078125,38.3330078125,0,,0
8356,GF-30-CAM-31,35356.11092548,35356.112042413,35356.181601729,38.3330078125,38.3330078125,0,,0
8358,GF-30-CAM-31,35356.406340127,35356.407784143,35356.46006061,38.3330078125,38.3330078125,0,,0
8360,GF-30-CAM-31,35356.661095402,35356.662555921,35356.723600025,38.3330078125,38.3330078125,0,,0
8362,GF-30-CAM-31,35356.921729954,35356.923222089,35356.971650219,38.3330078125,38.3330078125,0,,0
8364,GF-30-CAM-31,35357.178930373,35357.18081575,35357.227617575,38.3330078125,38.3330078125,0,,0
8366,GF-30-CAM-31,35357.423303166,35357.424350255,35357.490847705,38.3330078125,38.3330078125,0,,0
8368,GF-30-CAM-31,35357.692887966,35357.695718826,35357.768347964,38.3330078125,38.3330078125,0,,0
8370,GF-30-CAM-31,35357.994706628,35357.995489405,35358.031232876,38.3330078125,38.3330078125,0,,0
8372,GF-30-CAM-31,35358.267403944,35358.27030176,35358.325360787,38.3330078125,38.3330078125,0,,0
8374,GF-30-CAM-31,35358.536139745,35358.537729532,35358.600095166,38.3330078125,38.3330078125,0,,0
8376,GF-30-CAM-31,35358.7963157,35358.797847904,35358.874034239,38.3330078125,38.3330078125,0,,0
8378,GF-30-CAM-31,35359.07417754,35359.074893484,35359.135748585,38.3330078125,38.3330078125,0,,0
8380,GF-30-CAM-31,35359.341157226,35359.343161843,35359.411407427,38.3330078125,38.3330078125,0,,0
8382,GF-30-CAM-31,35359.613251713,35359.615179461,35359.663678049,38.3330078125,38.3330078125,0,,0
8384,GF-30-CAM-31,35359.896869415,35359.898138639,35359.958375306,38.3330078125,38.3330078125,0,,0
8386,GF-30-CAM-31,35360.135478222,35360.138141174,35360.222219627,38.3330078125,38.3330078125,0,,0
8388,GF-30-CAM-31,35360.451062492,35360.452562497,35360.522619968,38.3330078125,38.3330078125,0,,0
8390,GF-30-CAM-31,35360.732180228,35360.73315576,35360.788698263,38.3330078125,38.3330078125,0,,0
8392,GF-30-CAM-31,35360.983418814,35360.984248007,35361.052561224,38.3330078125,38.3330078125,0,,0
8394,GF-30-CAM-31,35361.247609164,35361.251390754,35361.301613559,38.3330078125,38.3330078125,0,,0
8396,GF-30-CAM-31,35361.494865263,35361.495815637,35361.560084076,38.3330078125,38.3330078125,0,,0
8398,GF-30-CAM-31,35361.76044708,35361.761559641,35361.827876251,38.3330078125,38.3330078125,0,,0
8400,GF-30-CAM-31,35362.059535985,35362.060728581,35362.12527226,38.3330078125,38.3330078125,0,,0
8402,GF-30-CAM-31,35362.333191066,35362.334437392,35362.411368571,38.3330078125,38.3330078125,0,,0
8404,GF-30-CAM-31,35362.601260663,35362.602546156,35362.652115364,38.3330078125,38.3330078125,0,,0
8406,GF-30-CAM-31,35362.835192419,35362.838146067,35362.899069585,38.3330078125,38.3330078125,0,,0
8408,GF-30-CAM-31,35363.084533852,35363.086448944,35363.146048452,38.3330078125,38.3330078125,0,,0
8410,GF-30-CAM-31,35363.359792391,35363.361155085,35363.409915743,38.3330078125,38.3330078125,0,,0
8412,GF-30-CAM-31,35363.627953662,35363.629451074,35363.699474363,38.3330078125,38.3330078125,0,,0
8414,GF-30-CAM-31,35363.907101922,35363.908166902,35363.962683795,38.3330078125,38.3330078125,0,,0
8416,GF-30-CAM-31,35364.150285396,35364.152545738,35364.225514894,38.3330078125,38.3330078125,0,,0
8418,GF-30-CAM-31,35364.435100229,35364.436545529,35364.510881661,38.3330078125,38.3330078125,0,,0
8420,GF-30-CAM-31,35364.711698689,35364.712832251,35364.793567258,38.3330078125,38.3330078125,0,,0
8422,GF-30-CAM-31,35364.974771078,35364.975842576,35365.050809316,38.3330078125,38.3330078125,0,,0
8424,GF-30-CAM-31,35365.28637419,35365.287867679,35365.366047081,38.3330078125,38.3330078125,0,,0
8426,GF-30-CAM-31,35365.580195847,35365.582609779,35365.635809048,38.3330078125,38.3330078125,0,,0
8428,GF-30-CAM-31,35365.839609288,35365.841254079,35365.908499896,38.3330078125,38.3330078125,0,,0
8430,GF-30-CAM-31,35366.118394,35366.119844174,35366.181445824,38.3330078125,38.3330078125,0,,0
8432,GF-30-CAM-31,35366.386408858,35366.388601461,35366.458804472,38.3330078125,38.3330078125,0,,0
8434,GF-30-CAM-31,35366.656732628,35366.659574833,35366.703553609,38.3330078125,38.3330078125,0,,0
8436,GF-30-CAM-31,35366.89685296,35366.897758343,35366.954867318,38.3330078125,38.3330078125,0,,0
8438,GF-30-CAM-31,35367.181542553,35367.183228181,35367.225261471,38.3330078125,38.3330078125,0,,0
8440,GF-30-CAM-31,35367.398261747,35367.399529719,35367.470622576,38.3330078125,38.3330078125,0,,0
8442,GF-30-CAM-31,35367.659565879,35367.660494936,35367.710437684,38.3330078125,38.3330078125,0,,0
8444,GF-30-CAM-31,35367.926531813,35367.927319221,35367.995747745,38.3330078125,38.3330078125,0,,0
8446,GF-30-CAM-31,35368.21573339,35368.216677894,35368.274674576,38.3330078125,38.3330078125,0,,0
8448,GF-30-CAM-31,35368.486551982,35368.493992217,35368.538617485,38.3330078125,38.3330078125,0,,0
8450,GF-30-CAM-31,35368.749688512,35368.751234273,35368.806377227,38.3330078125,38.3330078125,0,,0
8452,GF-30-CAM-31,35369.014478287,35369.015772042,35369.094897321,38.3330078125,38.3330078125,0,,0
8454,GF-30-CAM-31,35369.282847193,35369.283728228,35369.320478816,38.3330078125,38.3330078125,0,,0
8456,GF-30-CAM-31,35369.549365309,35369.550740627,35369.604845082,38.3330078125,38.3330078125,0,,0
8458,GF-30-CAM-31,35369.794975777,35369.795783432,35369.85262653,38.3330078125,38.3330078125,0,,0
8460,GF-30-CAM-31,35370.088190237,35370.089525623,35370.143478537,38.3330078125,38.3330078125,0,,0
8462,GF-30-CAM-31,35370.354539355,35370.355444045,35370.404767551,38.3330078125,38.3330078125,0,,0
8464,GF-30-CAM-31,35370.622693172,35370.624381087,35370.696103088,38.3330078125,38.3330078125,0,,0
8466,GF-30-CAM-31,35370.938254833,35370.939252486,35371.015440614,38.3330078125,38.3330078125,0,,0
8468,GF-30-CAM-31,35371.228340311,35371.229488029,35371.27919593,38.3330078125,38.3330078125,0,,0
8470,GF-30-CAM-31,35371.489979899,35371.491625088,35371.548306141,38.3330078125,38.3330078125,0,,0
8472,GF-30-CAM-31,35371.767111767,35371.768563753,35371.824614863,38.3330078125,38.3330078125,0,,0
8474,GF-30-CAM-31,35372.03736836,35372.038374659,35372.107382632,38.3330078125,38.3330078125,0,,0
8476,GF-30-CAM-31,35372.296177992,35372.298433656,35372.34104379,38.3330078125,38.3330078125,0,,0
8478,GF-30-CAM-31,35372.553672281,35372.557263339,35372.620080702,38.3330078125,38.3330078125,0,,0
8480,GF-30-CAM-31,35372.80969002,35372.810670344,35372.905901742,38.3330078125,38.3330078125,0,,0
8482,GF-30-CAM-31,35373.145739714,35373.146878605,35373.185363411,38.3330078125,38.3330078125,0,,0
8484,GF-30-CAM-31,35373.38294556,35373.384346018,35373.450438432,38.3330078125,38.3330078125,0,,0
8486,GF-30-CAM-31,35373.640131912,35373.641153336,35373.707445226,38.3330078125,38.3330078125,0,,0
8488,GF-30-CAM-31,35373.915276871,35373.916752701,35373.967667306,38.3330078125,38.3330078125,0,,0
8490,GF-30-CAM-31,35374.16583933,35374.17850078,35374.265045141,38.3330078125,38.3330078125,0,,0
8492,GF-30-CAM-31,35374.456991521,35374.461762581,35374.541656012,38.3330078125,38.3330078125,0,,0
8494,GF-30-CAM-31,35374.78568282,35374.786954546,35374.851075251,38.3330078125,38.3330078125,0,,0
8496,GF-30-CAM-31,35375.096801446,35375.097667979,35375.159106164,38.3330078125,38.3330078125,0,,0
8498,GF-30-CAM-31,35375.389169355,35375.3907058,35375.441126563,38.3330078125,38.3330078125,0,,0
8500,GF-30-CAM-31,35375.628456237,35375.629211736,35375.686576718,38.3330078125,38.3330078125,0,,0
8502,GF-30-CAM-31,35375.870333441,35375.871024353,35375.908459858,38.3330078125,38.3330078125,0,,0
8504,GF-30-CAM-31,35376.13644915,35376.139219691,35376.213074189,38.3330078125,38.3330078125,0,,0
8506,GF-30-CAM-31,35376.420930688,35376.421667928,35376.463492588,38.3330078125,38.3330078125,0,,0
8508,GF-30-CAM-31,35376.659661918,35376.662817959,35376.730066334,38.3330078125,38.3330078125,0,,0
8510,GF-30-CAM-31,35376.930406447,35376.93119841,35377.006459878,38.3330078125,38.3330078125,0,,0
8512,GF-30-CAM-31,35377.220570828,35377.222684211,35377.29530613,38.3330078125,38.3330078125,0,,0
8514,GF-30-CAM-31,35377.500310321,35377.501708701,35377.551238294,38.3330078125,38.3330078125,0,,0
8516,GF-30-CAM-31,35377.739192256,35377.74142495,35377.780608713,38.3330078125,38.3330078125,0,,0
8518,GF-30-CAM-31,35377.979755317,35377.98241811,35378.053021433,38.3330078125,38.3330078125,0,,0
8520,GF-30-CAM-31,35378.281020833,35378.282077176,35378.333093248,38.3330078125,38.3330078125,0,,0
8522,GF-30-CAM-31,35378.533945249,35378.536122213,35378.587815457,38.3330078125,38.3330078125,0,,0
8524,GF-30-CAM-31,35378.78239154,35378.783657565,35378.825292064,38.3330078125,38.3330078125,0,,0
8526,GF-30-CAM-31,35379.038062624,35379.039195199,35379.128151167,38.3330078125,38.3330078125,0,,0
8528,GF-30-CAM-31,35379.307875696,35379.309035316,35379.379747552,38.3330078125,38.3330078125,0,,0
8530,GF-30-CAM-31,35379.580240006,35379.581060614,35379.636872575,38.3330078125,38.3330078125,0,,0
8532,GF-30-CAM-31,35379.826535229,35379.828272258,35379.888535474,38.3330078125,38.3330078125,0,,0
8534,GF-30-CAM-31,35380.137581567,35380.138850765,35380.221779964,38.3330078125,38.3330078125,0,,0
8536,GF-30-CAM-31,35380.397829637,35380.398816142,35380.457527176,38.3330078125,38.3330078125,0,,0
8538,GF-30-CAM-31,35380.65590288,35380.657454786,35380.710015277,38.3330078125,38.3330078125,0,,0
8540,GF-30-CAM-31,35380.91468117,35380.915994216,35380.971844552,38.3330078125,38.3330078125,0,,0
8542,GF-30-CAM-31,35381.166126887,35381.16680904,35381.214330839,38.3330078125,38.3330078125,0,,0
8544,GF-30-CAM-31,35381.446829671,35381.447841996,35381.504104557,38.3330078125,38.3330078125,0,,0
8546,GF-30-CAM-31,35381.70191303,35381.703724989,35381.745555758,38.3330078125,38.3330078125,0,,0
8548,GF-30-CAM-31,35381.908457354,35381.91114587,35381.992420171,38.3330078125,38.3330078125,0,,0
8550,GF-30-CAM-31,35382.154341826,35382.156292667,35382.249762374,38.3330078125,38.3330078125,0,,0
8552,GF-30-CAM-31,35382.497908498,35382.500374502,35382.557162655,38.3330078125,38.3330078125,0,,0
8554,GF-30-CAM-31,35382.759934961,35382.76092154,35382.818071217,38.3330078125,38.3330078125,0,,0
8556,GF-30-CAM-31,35382.996205846,35382.9973553,35383.055809611,38.3330078125,38.3330078125,0,,0
8558,GF-30-CAM-31,35383.267101778,35383.268460439,35383.328161363,38.3330078125,38.3330078125,0,,0
8560,GF-30-CAM-31,35383.540724058,35383.542155828,35383.603206836,38.3330078125,38.3330078125,0,,0
8562,GF-30-CAM-31,35383.779566298,35383.780763424,35383.829876743,38.3330078125,38.3330078125,0,,0
8564,GF-30-CAM-31,35384.01893898,35384.019568285,35384.082467601,38.3330078125,38.3330078125,0,,0
8566,GF-30-CAM-31,35384.264506583,35384.266334641,35384.319115941,38.3330078125,38.3330078125,0,,0
8568,GF-30-CAM-31,35384.536469636,35384.537700872,35384.599351591,38.3330078125,38.3330078125,0,,0
8570,GF-30-CAM-31,35384.807239457,35384.810752224,35384.878232454,38.3330078125,38.3330078125,0,,0
8572,GF-30-CAM-31,35385.17481576,35385.1759799,35385.248778451,38.3330078125,38.3330078125,0,,0
8574,GF-30-CAM-31,35385.427968195,35385.428636026,35385.519102229,38.3330078125,38.3330078125,0,,0
8576,GF-30-CAM-31,35385.729165618,35385.731650819,35385.804019398,38.3330078125,38.3330078125,0,,0
8578,GF-30-CAM-31,35386.010183783,35386.011815138,35386.058645555,38.3330078125,38.3330078125,0,,0
8580,GF-30-CAM-31,35386.253439847,35386.254230684,35386.312452106,38.3330078125,38.3330078125,0,,0
8582,GF-30-CAM-31,35386.526723198,35386.527306102,35386.579240079,38.3330078125,38.3330078125,0,,0
8584,GF-30-CAM-31,35386.761270523,35386.763734476,35386.804504945,38.3330078125,38.3330078125,0,,0
8586,GF-30-CAM-31,35387.103936741,35387.104959647,35387.150110809,38.3330078125,38.3330078125,0,,0
8588,GF-30-CAM-31,35387.336326939,35387.341430605,35387.428834247,38.3330078125,38.3330078125,0,,0
8590,GF-30-CAM-31,35387.622655201,35387.623734737,35387.67361937,38.3330078125,38.3330078125,0,,0
8592,GF-30-CAM-31,35387.876899518,35387.87797006,35387.956534768,38.3330078125,38.3330078125,0,,0
8594,GF-30-CAM-31,35388.150843953,35388.153199029,35388.206057603,38.3330078125,38.3330078125,0,,0
8596,GF-30-CAM-31,35388.402169242,35388.403018402,35388.514699082,38.3330078125,38.3330078125,0,,0
8598,GF-30-CAM-31,35388.720065914,35388.721191595,35388.772102418,38.3330078125,38.3330078125,0,,0
8600,GF-30-CAM-31,35388.987607079,35388.989683209,35389.060842353,38.3330078125,38.3330078125,0,,0
8602,GF-30-CAM-31,35389.240624858,35389.241672211,35389.311153693,38.3330078125,38.3330078125,0,,0
8604,GF-30-CAM-31,35389.49653663,35389.497844798,35389.560055447,38.3330078125,38.3330078125,0,,0
8606,GF-30-CAM-31,35389.759337291,35389.760612651,35389.812350394,38.3330078125,38.3330078125,0,,0
8608,GF-30-CAM-31,35390.003349384,35390.004455693,35390.068530908,38.3330078125,38.3330078125,0,,0
8610,GF-30-CAM-31,35390.267952918,35390.268873444,35390.314877597,38.3330078125,38.3330078125,0,,0
8612,GF-30-CAM-31,35390.517385095,35390.519162591,35390.556617968,38.3330078125,38.3330078125,0,,0
8614,GF-30-CAM-31,35390.776662176,35390.78495173,35390.842795477,38.3330078125,38.3330078125,0,,0
8616,GF-30-CAM-31,35391.032447867,35391.033643299,35391.078124945,38.3330078125,38.3330078125,0,,0
8618,GF-30-CAM-31,35391.32461977,35391.327195264,35391.377763473,38.3330078125,38.3330078125,0,,0
8620,GF-30-CAM-31,35391.575721338,35391.576982322,35391.630393078,38.3330078125,38.3330078125,0,,0
8622,GF-30-CAM-31,35391.84071225,35391.841862943,35391.900534284,38.3330078125,38.3330078125,0,,0
8624,GF-30-CAM-31,35392.099734346,35392.103641025,35392.179503227,38.3330078125,38.3330078125,0,,0
8626,GF-30-CAM-31,35392.374270895,35392.374886572,35392.429608526,38.3330078125,38.3330078125,0,,0
8628,GF-30-CAM-31,35392.640800161,35392.64313104,35392.710480462,38.3330078125,38.3330078125,0,,0
8630,GF-30-CAM-31,35392.892690198,35392.893679375,35392.940468914,38.3330078125,38.3330078125,0,,0
8632,GF-30-CAM-31,35393.178138847,35393.179215701,35393.250969534,38.3330078125,38.3330078125,0,,0
8634,GF-30-CAM-31,35393.463499189,35393.464728159,35393.521192703,38.3330078125,38.3330078125,0,,0
8636,GF-30-CAM-31,35393.694383907,35393.695957243,35393.754513383,38.3330078125,38.3330078125,0,,0
8638,GF-30-CAM-31,35393.939288642,35393.940491688,35393.996836426,38.3330078125,38.3330078125,0,,0
8640,GF-30-CAM-31,35394.203976745,35394.205311991,35394.270451223,38.3330078125,38.3330078125,0,,0
8642,GF-30-CAM-31,35394.447895795,35394.448682538,35394.511733354,38.3330078125,38.3330078125,0,,0
8644,GF-30-CAM-31,35394.698776599,35394.699504503,35394.774795132,38.3330078125,38.3330078125,0,,0
8646,GF-30-CAM-31,35394.950498416,35394.953314461,35395.020245274,38.3330078125,38.3330078125,0,,0
8648,GF-30-CAM-31,35395.235124893,35395.237705894,35395.310504242,38.3330078125,38.3330078125,0,,0
8650,GF-30-CAM-31,35395.4872027,35395.488644526,35395.546417572,38.3330078125,38.3330078125,0,,0
8652,GF-30-CAM-31,35395.755044965,35395.755951985,35395.798567199,38.3330078125,38.3330078125,0,,0
8654,GF-30-CAM-31,35396.000934563,35396.002140283,35396.060715274,38.3330078125,38.3330078125,0,,0
8656,GF-30-CAM-31,35396.285163422,35396.286270787,35396.336928329,38.3330078125,38.3330078125,0,,0
8658,GF-30-CAM-31,35396.548263088,35396.549976039,35396.598964647,38.3330078125,38.3330078125,0,,0
8660,GF-30-CAM-31,35396.842116208,35396.844069205,35396.903235734,38.3330078125,38.3330078125,0,,0
8662,GF-30-CAM-31,35397.088142683,35397.088921318,35397.132193491,38.3330078125,38.3330078125,0,,0
8664,GF-30-CAM-31,35397.330867863,35397.332035563,35397.407460972,38.3330078125,38.3330078125,0,,0
8666,GF-30-CAM-31,35397.608774592,35397.609596662,35397.660313442,38.3330078125,38.3330078125,0,,0
8668,GF-30-CAM-31,35397.854905558,35397.85754995,35397.942139562,38.3330078125,38.3330078125,0,,0
8670,GF-30-CAM-31,35398.12162541,35398.123324333,35398.177649015,38.3330078125,38.3330078125,0,,0
8672,GF-30-CAM-31,35398.415919003,35398.423732094,35398.499693744,38.3330078125,38.3330078125,0,,0
8674,GF-30-CAM-31,35398.672625333,35398.674713647,35398.736157898,38.3330078125,38.3330078125,0,,0
8676,GF-30-CAM-31,35398.925214886,35398.933608804,35398.988414623,38.3330078125,38.3330078125,0,,0
8678,GF-30-CAM-31,35399.189445036,35399.191393155,35399.274841803,38.3330078125,38.3330078125,0,,0
8680,GF-30-CAM-31,35399.47230548,35399.474083123,35399.51941137,38.3330078125,38.3330078125,0,,0
8682,GF-30-CAM-31,35399.722020284,35399.723613542,35399.791529839,38.3330078125,38.3330078125,0,,0
8684,GF-30-CAM-31,35399.974401703,35399.977432265,35400.040093662,38.3330078125,38.3330078125,0,,0
8686,GF-30-CAM-31,35400.248709388,35400.253444939,35400.301122267,38.3330078125,38.3330078125,0,,0
8688,GF-30-CAM-31,35400.526368737,35400.528354519,35400.596152402,38.3330078125,38.3330078125,0,,0
8690,GF-30-CAM-31,35400.801187983,35400.80571634,35400.864284199,38.3330078125,38.3330078125,0,,0
8692,GF-30-CAM-31,35401.063110918,35401.065332959,35401.124095348,38.3330078125,38.3330078125,0,,0
8694,GF-30-CAM-31,35401.335338569,35401.336380247,35401.424814974,38.3330078125,38.3330078125,0,,0
8696,GF-30-CAM-31,35401.607155451,35401.608586195,35401.685683485,38.3330078125,38.3330078125,0,,0
8698,GF-30-CAM-31,35401.889865743,35401.891237351,35401.937685811,38.3330078125,38.3330078125,0,,0
8700,GF-30-CAM-31,35402.131772575,35402.134069601,35402.182678225,38.3330078125,38.3330078125,0,,0
8702,GF-30-CAM-31,35402.405762312,35402.406873778,35402.48388434,38.3330078125,38.3330078125,0,,0
8704,GF-30-CAM-31,35402.688700857,35402.689983133,35402.755728087,38.3330078125,38.3330078125,0,,0
8706,GF-30-CAM-31,35402.972067782,35402.974600653,35403.025267841,38.3330078125,38.3330078125,0,,0
8708,GF-30-CAM-31,35403.222697634,35403.225478062,35403.304978884,38.3330078125,38.3330078125,0,,0
8710,GF-30-CAM-31,35403.543349164,35403.54582784,35403.612519029,38.3330078125,38.3330078125,0,,0
8712,GF-30-CAM-31,35403.820789729,35403.821405033,35403.87725151,38.3330078125,38.3330078125,0,,0
8724,GF-30-CAM-31,35404.945408915,35404.946169867,35405.012028689,38.3330078125,38.3330078125,0,,0
8726,GF-30-CAM-31,35405.194229621,35405.196912032,35405.264462153,38.3330078125,38.3330078125,0,,0
8728,GF-30-CAM-31,35405.472272227,35405.474456163,35405.526524727,38.3330078125,38.3330078125,0,,0
8730,GF-30-CAM-31,35405.720104224,35405.722972749,35405.777412248,38.3330078125,38.3330078125,0,,0
8732,GF-30-CAM-31,35405.953452101,35405.954138696,35406.028663003,38.3330078125,38.3330078125,0,,0
8734,GF-30-CAM-31,35406.224182584,35406.225151827,35406.296529286,38.3330078125,38.3330078125,0,,0
8736,GF-30-CAM-31,35406.478482568,35406.479882891,35406.541574319,38.3330078125,38.3330078125,0,,0
8738,GF-30-CAM-31,35406.751947748,35406.752939836,35406.801381192,38.3330078125,38.3330078125,0,,0
8740,GF-30-CAM-31,35406.999753643,35407.002043003,35407.057460792,38.3330078125,38.3330078125,0,,0
8742,GF-30-CAM-31,35407.253311879,35407.257046016,35407.313328977,38.3330078125,38.3330078125,0,,0
8744,GF-30-CAM-31,35407.531849661,35407.532918906,35407.592430519,38.3330078125,38.3330078125,0,,0
8746,GF-30-CAM-31,35407.808170827,35407.810457779,35407.865204452,38.3330078125,38.3330078125,0,,0
8748,GF-30-CAM-31,35408.043258629,35408.054751349,35408.12359325,38.3330078125,38.3330078125,0,,0
8750,GF-30-CAM-31,35408.327944521,35408.330449913,35408.373542386,38.3330078125,38.3330078125,0,,0
8752,GF-30-CAM-31,35408.600817583,35408.602576473,35408.653508554,38.3330078125,38.3330078125,0,,0
8754,GF-30-CAM-31,35408.858351349,35408.86002024,35408.922029965,38.3330078125,38.3330078125,0,,0
8756,GF-30-CAM-31,35409.154948661,35409.155970153,35409.210798727,38.3330078125,38.3330078125,0,,0
8758,GF-30-CAM-31,35409.407230535,35409.40841029,35409.476340791,38.3330078125,38.3330078125,0,,0
8760,GF-30-CAM-31,35409.719803985,35409.720809278,35409.807017438,38.3330078125,38.3330078125,0,,0
8762,GF-30-CAM-31,35410.016887841,35410.018395991,35410.081826708,38.3330078125,38.3330078125,0,,0
8764,GF-30-CAM-31,35410.316550795,35410.319283863,35410.393946667,38.3330078125,38.3330078125,0,,0
8766,GF-30-CAM-31,35410.672647196,35410.674183272,35410.720664982,38.3330078125,38.3330078125,0,,0
8768,GF-30-CAM-31,35410.917018122,35410.918881048,35410.974662185,38.3330078125,38.3330078125,0,,0
8770,GF-30-CAM-31,35411.190166982,35411.193424855,35411.240177024,38.3330078125,38.3330078125,0,,0
8772,GF-30-CAM-31,35411.463695054,35411.466913295,35411.5192061,38.3330078125,38.3330078125,0,,0
8774,GF-30-CAM-31,35411.730334595,35411.731265557,35411.808477043,38.3330078125,38.3330078125,0,,0
8776,GF-30-CAM-31,35412.031522572,35412.032126618,35412.091648721,38.3330078125,38.3330078125,0,,0
8778,GF-30-CAM-31,35412.307289728,35412.308937428,35412.37089989,38.3330078125,38.3330078125,0,,0
8780,GF-30-CAM-31,35412.578912413,35412.579790529,35412.640201544,38.3330078125,38.3330078125,0,,0
8782,GF-30-CAM-31,35412.862742079,35412.863979763,35412.935772594,38.3330078125,38.3330078125,0,,0
8784,GF-30-CAM-31,35413.14474034,35413.14680387,35413.184080476,38.3330078125,38.3330078125,0,,0
8786,GF-30-CAM-31,35413.394161638,35413.395299645,35413.467087781,38.3330078125,38.3330078125,0,,0
8788,GF-30-CAM-31,35413.664564874,35413.666026752,35413.719922933,38.3330078125,38.3330078125,0,,0
8790,GF-30-CAM-31,35413.947165082,35413.949838221,35414.000993563,38.3330078125,38.3330078125,0,,0
8792,GF-30-CAM-31,35414.210391785,35414.211594411,35414.2771259,38.3330078125,38.3330078125,0,,0
8794,GF-30-CAM-31,35414.493792421,35414.495599053,35414.579617815,38.3330078125,38.3330078125,0,,0
8796,GF-30-CAM-31,35414.797736864,35414.79929552,35414.880666991,38.3330078125,38.3330078125,0,,0
8798,GF-30-CAM-31,35415.079295688,35415.081073185,35415.141821882,38.3330078125,38.3330078125,0,,0
8800,GF-30-CAM-31,35415.350137076,35415.351448498,35415.425875962,38.3330078125,38.3330078125,0,,0
8802,GF-30-CAM-31,35415.671593229,35415.674107801,35415.738808902,38.3330078125,38.3330078125,0,,0
8804,GF-30-CAM-31,35415.959693694,35415.961122101,35416.029499365,38.3330078125,38.3330078125,0,,0
8806,GF-30-CAM-31,35416.286701334,35416.287940455,35416.355407115,38.3330078125,38.3330078125,0,,0
8808,GF-30-CAM-31,35416.598516718,35416.599854733,35416.672900934,38.3330078125,38.3330078125,0,,0
8810,GF-30-CAM-31,35416.915845137,35416.922610622,35416.996348838,38.3330078125,38.3330078125,0,,0
8812,GF-30-CAM-31,35417.233270126,35417.234741712,35417.300284963,38.3330078125,38.3330078125,0,,0
8814,GF-30-CAM-31,35417.530437299,35417.534070785,35417.587576107,38.3330078125,38.3330078125,0,,0
8816,GF-30-CAM-31,35417.829959428,35417.831363522,35417.898684085,38.3330078125,38.3330078125,0,,0
8818,GF-30-CAM-31,35418.173789118,35418.174925599,35418.226681986,38.3330078125,38.3330078125,0,,0
8820,GF-30-CAM-31,35418.46151291,35418.464289625,35418.553107664,38.3330078125,38.3330078125,0,,0
8822,GF-30-CAM-31,35418.789181185,35418.792075896,35418.842686165,38.3330078125,38.3330078125,0,,0
8824,GF-30-CAM-31,35419.0869219,35419.08905639,35419.161472285,38.3330078125,38.3330078125,0,,0
8826,GF-30-CAM-31,35419.399731019,35419.400945166,35419.494282743,38.3330078125,38.3330078125,0,,0
8828,GF-30-CAM-31,35419.699753078,35419.702692419,35419.788994519,38.3330078125,38.3330078125,0,,0
8830,GF-30-CAM-31,35420.04314194,35420.044485853,35420.098931063,38.3330078125,38.3330078125,0,,0
8832,GF-30-CAM-31,35420.325598326,35420.326656798,35420.410047361,38.3330078125,38.3330078125,0,,0
8834,GF-30-CAM-31,35420.6171594,35420.619357684,35420.686709834,38.3330078125,38.3330078125,0,,0
8836,GF-30-CAM-31,35420.915550169,35420.918640828,35420.988154629,38.3330078125,38.3330078125,0,,0
8838,GF-30-CAM-31,35421.190969389,35421.191830821,35421.270926844,38.3330078125,38.3330078125,0,,0
8840,GF-30-CAM-31,35421.460479701,35421.461539656,35421.523960352,38.3330078125,38.3330078125,0,,0
8842,GF-30-CAM-31,35421.75109612,35421.752096796,35421.820116893,38.3330078125,38.3330078125,0,,0
8844,GF-30-CAM-31,35422.00362334,35422.004486762,35422.074782793,38.3330078125,38.3330078125,0,,0
8846,GF-30-CAM-31,35422.284456081,35422.285441617,35422.346215691,38.3330078125,38.3330078125,0,,0
8848,GF-30-CAM-31,35422.548726304,35422.550120365,35422.617558638,38.3330078125,38.3330078125,0,,0
8850,GF-30-CAM-31,35422.815325884,35422.816586412,35422.894709692,38.3330078125,38.3330078125,0,,0
8852,GF-30-CAM-31,35423.103411566,35423.104486596,35423.166555294,38.3330078125,38.3330078125,0,,0
8854,GF-30-CAM-31,35423.374221014,35423.375511001,35423.438153172,38.3330078125,38.3330078125,0,,0
8856,GF-30-CAM-31,35423.653907728,35423.655035457,35423.718617287,38.3330078125,38.3330078125,0,,0
8858,GF-30-CAM-31,35423.918526163,35423.92029614,35423.982885044,38.3330078125,38.3330078125,0,,0
8860,GF-30-CAM-31,35424.184232269,35424.186549805,35424.243447887,38.3330078125,38.3330078125,0,,0
8862,GF-30-CAM-31,35424.489315875,35424.490782199,35424.552537975,38.3330078125,38.3330078125,0,,0
8864,GF-30-CAM-31,35424.789263301,35424.789916622,35424.824401958,38.3330078125,38.3330078125,0,,0
8866,GF-30-CAM-31,35425.050095948,35425.050787176,35425.111493248,38.3330078125,38.3330078125,0,,0
8868,GF-30-CAM-31,35425.329108405,35425.33049639,35425.408097648,38.3330078125,38.3330078125,0,,0
8870,GF-30-CAM-31,35425.58795339,35425.589696545,35425.640695979,38.3330078125,38.3330078125,0,,0
8872,GF-30-CAM-31,35425.850839917,35425.857513397,35425.91717576,38.3330078125,38.3330078125,0,,0
8874,GF-30-CAM-31,35426.107778317,35426.108845928,35426.163732705,38.3330078125,38.3330078125,0,,0
8876,GF-30-CAM-31,35426.377940512,35426.378859235,35426.434298601,38.3330078125,38.3330078125,0,,0
8878,GF-30-CAM-31,35426.664267724,35426.665963151,35426.767169923,38.3330078125,38.3330078125,0,,0
8880,GF-30-CAM-31,35426.979192088,35426.980370867,35427.063431427,38.3330078125,38.3330078125,0,,0
8882,GF-30-CAM-31,35427.281676897,35427.283243841,35427.334373736,38.3330078125,38.3330078125,0,,0
8884,GF-30-CAM-31,35427.524755388,35427.525839738,35427.58484829,38.3330078125,38.3330078125,0,,0
8886,GF-30-CAM-31,35427.810603803,35427.812623042,35427.880548342,38.3330078125,38.3330078125,0,,0
8888,GF-30-CAM-31,35428.081334956,35428.082881107,35428.137989266,38.3330078125,38.3330078125,0,,0
8890,GF-30-CAM-31,35428.350872822,35428.352214495,35428.413600819,38.3330078125,38.3330078125,0,,0
8892,GF-30-CAM-31,35428.599199097,35428.600264102,35428.657521591,38.3330078125,38.3330078125,0,,0
8894,GF-30-CAM-31,35428.872515229,35428.873791114,35428.922570417,38.3330078125,38.3330078125,0,,0
8896,GF-30-CAM-31,35429.120494108,35429.124114011,35429.184540502,38.3330078125,38.3330078125,0,,0
8898,GF-30-CAM-31,35429.376498442,35429.380238562,35429.449573568,38.3330078125,38.3330078125,0,,0
8900,GF-30-CAM-31,35429.652116625,35429.653073132,35429.729468875,38.3330078125,38.3330078125,0,,0
8902,GF-30-CAM-31,35429.9160906,35429.917567733,35429.974855867,38.3330078125,38.3330078125,0,,0
8904,GF-30-CAM-31,35430.157858051,35430.159427352,35430.208168403,38.3330078125,38.3330078125,0,,0
8906,GF-30-CAM-31,35430.419512493,35430.421574976,35430.468831773,38.3330078125,38.3330078125,0,,0
8908,GF-30-CAM-31,35430.709289199,35430.711486157,35430.784142572,38.3330078125,38.3330078125,0,,0
8910,GF-30-CAM-31,35430.974821427,35430.977296852,35431.039463481,38.3330078125,38.3330078125,0,,0
8912,GF-30-CAM-31,35431.204631419,35431.205953696,35431.269582081,38.3330078125,38.3330078125,0,,0
8914,GF-30-CAM-31,35431.477916597,35431.481818885,35431.536978028,38.3330078125,38.3330078125,0,,0
8916,GF-30-CAM-31,35431.748392153,35431.749240447,35431.792167328,38.3330078125,38.3330078125,0,,0
8918,GF-30-CAM-31,35431.971894767,35431.972900773,35432.032330345,38.3330078125,38.3330078125,0,,0
8920,GF-30-CAM-31,35432.228450717,35432.229248032,35432.284658206,38.3330078125,38.3330078125,0,,0
8922,GF-30-CAM-31,35432.49056381,35432.49182988,35432.534431666,38.3330078125,38.3330078125,0,,0
8924,GF-30-CAM-31,35432.728219379,35432.73060861,35432.784845186,38.3330078125,38.3330078125,0,,0
8926,GF-30-CAM-31,35432.968982274,35432.969843991,35433.047923826,38.3330078125,38.3330078125,0,,0
8928,GF-30-CAM-31,35433.219848832,35433.221186225,35433.272194118,38.3330078125,38.3330078125,0,,0
8930,GF-30-CAM-31,35433.457508402,35433.459955784,35433.522745046,38.3330078125,38.3330078125,0,,0
8932,GF-30-CAM-31,35433.707992798,35433.708785432,35433.775755463,38.3330078125,38.3330078125,0,,0
8934,GF-30-CAM-31,35434.023651555,35434.024648064,35434.080865637,38.3330078125,38.3330078125,0,,0
8936,GF-30-CAM-31,35434.250453591,35434.251496434,35434.338886437,38.3330078125,38.3330078125,0,,0
8938,GF-30-CAM-31,35434.553561379,35434.555040355,35434.598672777,38.3330078125,38.3330078125,0,,0
8940,GF-30-CAM-31,35434.793597951,35434.794682324,35434.870526169,38.3330078125,38.3330078125,0,,0
8942,GF-30-CAM-31,35435.069534962,35435.070383248,35435.111314906,38.3330078125,38.3330078125,0,,0
8944,GF-30-CAM-31,35435.357203973,35435.358072524,35435.4260935,38.3330078125,38.3330078125,0,,0
8946,GF-30-CAM-31,35435.705849975,35435.70737276,35435.783175866,38.3330078125,38.3330078125,0,,0
8948,GF-30-CAM-31,35435.995711197,35435.996963816,35436.065047589,38.3330078125,38.3330078125,0,,0
8950,GF-30-CAM-31,35436.285461853,35436.287360084,35436.341595691,38.3330078125,38.3330078125,0,,0
8952,GF-30-CAM-31,35436.512961761,35436.51388188,35436.566340116,38.3330078125,38.3330078125,0,,0
8954,GF-30-CAM-31,35436.745097945,35436.746375666,35436.798354931,38.3330078125,38.3330078125,0,,0
8956,GF-30-CAM-31,35436.976470501,35436.977151342,35437.050220279,38.3330078125,38.3330078125,0,,0
8958,GF-30-CAM-31,35437.265472637,35437.266252555,35437.34219855,38.3330078125,38.3330078125,0,,0
8960,GF-30-CAM-31,35437.519586652,35437.52089907,35437.57998599,38.3330078125,38.3330078125,0,,0
8962,GF-30-CAM-31,35437.763490947,35437.764489933,35437.804539998,38.3330078125,38.3330078125,0,,0
8964,GF-30-CAM-31,35438.020787112,35438.022423093,35438.085668927,38.3330078125,38.3330078125,0,,0
8966,GF-30-CAM-31,35438.313567863,35438.314745346,35438.356071257,38.3330078125,38.3330078125,0,,0
8968,GF-30-CAM-31,35438.558765412,35438.56061571,35438.683528112,38.3330078125,38.3330078125,0,,0
8970,GF-30-CAM-31,35438.939516304,35438.940733998,35439.012253779,38.3330078125,38.3330078125,0,,0
8972,GF-30-CAM-31,35439.229169921,35439.230413062,35439.296918314,38.3330078125,38.3330078125,0,,0
8974,GF-30-CAM-31,35439.510265218,35439.511318238,35439.571273484,38.3330078125,38.3330078125,0,,0
8976,GF-30-CAM-31,35439.736493183,35439.741676144,35439.831604151,38.3330078125,38.3330078125,0,,0
8978,GF-30-CAM-31,35440.020850222,35440.021798101,35440.102236205,38.3330078125,38.3330078125,0,,0
8980,GF-30-CAM-31,35440.270826323,35440.2719086,35440.320339246,38.3330078125,38.3330078125,0,,0
8982,GF-30-CAM-31,35440.531030508,35440.533425416,35440.585494468,38.3330078125,38.3330078125,0,,0
8984,GF-30-CAM-31,35440.803293992,35440.806590038,35440.864772944,38.3330078125,38.3330078125,0,,0
8986,GF-30-CAM-31,35441.057906821,35441.059355891,35441.122241813,38.3330078125,38.3330078125,0,,0
8988,GF-30-CAM-31,35441.31476662,35441.31539318,35441.38146089,38.3330078125,38.3330078125,0,,0
8990,GF-30-CAM-31,35441.575244012,35441.57629359,35441.643086006,38.3330078125,38.3330078125,0,,0
8992,GF-30-CAM-31,35441.904380322,35441.906091718,35441.980841253,38.3330078125,38.3330078125,0,,0
8994,GF-30-CAM-31,35442.189402787,35442.190464467,35442.226742196,38.3330078125,38.3330078125,0,,0
8996,GF-30-CAM-31,35442.436829105,35442.439170297,35442.504499924,38.3330078125,38.3330078125,0,,0
8998,GF-30-CAM-31,35442.712407643,35442.713725244,35442.791058407,38.3330078125,38.3330078125,0,,0
9000,GF-30-CAM-31,35442.983180278,35442.986566663,35443.037372902,38.3330078125,38.3330078125,0,,0
9002,GF-30-CAM-31,35443.229132905,35443.230280453,35443.267082129,38.3330078125,38.3330078125,0,,0
9004,GF-30-CAM-31,35443.482997727,35443.484552726,35443.542541872,38.3330078125,38.3330078125,0,,0
9006,GF-30-CAM-31,35443.736443582,35443.737763218,35443.782852694,38.3330078125,38.3330078125,0,,0
9008,GF-30-CAM-31,35444.006541245,35444.007895909,35444.0635524,38.3330078125,38.3330078125,0,,0
9010,GF-30-CAM-31,35444.27544909,35444.276630926,35444.327992003,38.3330078125,38.3330078125,0,,0
9012,GF-30-CAM-31,35444.512831128,35444.514181236,35444.577330756,38.3330078125,38.3330078125,0,,0
9014,GF-30-CAM-31,35444.762156778,35444.763049966,35444.831769448,38.3330078125,38.3330078125,0,,0
9016,GF-30-CAM-31,35445.03392799,35445.035049248,35445.123588749,38.3330078125,38.3330078125,0,,0
9018,GF-30-CAM-31,35445.337272609,35445.338206246,35445.381910276,38.3330078125,38.3330078125,0,,0
9020,GF-30-CAM-31,35445.613273736,35445.615960603,35445.678682638,38.3330078125,38.3330078125,0,,0
9022,GF-30-CAM-31,35445.886616572,35445.887599658,35445.928945167,38.3330078125,38.3330078125,0,,0
9024,GF-30-CAM-31,35446.163984108,35446.164907441,35446.219691421,38.3330078125,38.3330078125,0,,0
9026,GF-30-CAM-31,35446.459104799,35446.460050244,35446.515881982,38.3330078125,38.3330078125,0,,0
9028,GF-30-CAM-31,35446.713368876,35446.714392096,35446.810737394,38.3330078125,38.3330078125,0,,0
9030,GF-30-CAM-31,35447.063824293,35447.064600751,35447.104872343,38.3330078125,38.3330078125,0,,0
9032,GF-30-CAM-31,35447.333329914,35447.334037855,35447.375677347,38.3330078125,38.3330078125,0,,0
9034,GF-30-CAM-31,35447.572941939,35447.574969508,35447.662407092,38.3330078125,38.3330078125,0,,0
9036,GF-30-CAM-31,35447.848371682,35447.849483616,35447.924940968,38.3330078125,38.3330078125,0,,0
9038,GF-30-CAM-31,35448.098646025,35448.105374103,35448.198201338,38.3330078125,38.3330078125,0,,0
9040,GF-30-CAM-31,35448.407534272,35448.409725964,35448.467754555,38.3330078125,38.3330078125,0,,0
9042,GF-30-CAM-31,35448.687303038,35448.688715989,35448.741597217,38.3330078125,38.3330078125,0,,0
9044,GF-30-CAM-31,35448.952943661,35448.954631198,35449.007930843,38.3330078125,38.3330078125,0,,0
9046,GF-30-CAM-31,35449.226677934,35449.229169331,35449.286621357,38.3330078125,38.3330078125,0,,0
9048,GF-30-CAM-31,35449.479435684,35449.480588554,35449.545612108,38.3330078125,38.3330078125,0,,0
9050,GF-30-CAM-31,35449.735080001,35449.736328346,35449.800471827,38.3330078125,38.3330078125,0,,0
9052,GF-30-CAM-31,35450.007817635,35450.008358637,35450.06419838,38.3330078125,38.3330078125,0,,0
9054,GF-30-CAM-31,35450.282573724,35450.283400907,35450.356655373,38.3330078125,38.3330078125,0,,0
9056,GF-30-CAM-31,35450.540592136,35450.541823971,35450.598781179,38.3330078125,38.3330078125,0,,0
9058,GF-30-CAM-31,35450.796963295,35450.79815395,35450.853911427,38.3330078125,38.3330078125,0,,0
9060,GF-30-CAM-31,35451.048968872,35451.050657846,35451.116324324,38.3330078125,38.3330078125,0,,0
9062,GF-30-CAM-31,35451.299871815,35451.300818725,35451.371737368,38.3330078125,38.3330078125,0,,0
9064,GF-30-CAM-31,35451.568517772,35451.569798286,35451.636628002,38.3330078125,38.3330078125,0,,0
9066,GF-30-CAM-31,35451.846045748,35451.84857359,35451.924301543,38.3330078125,38.3330078125,0,,0
9068,GF-30-CAM-31,35452.143888859,35452.145313925,35452.199904808,38.3330078125,38.3330078125,0,,0
9070,GF-30-CAM-31,35452.406884134,35452.409811871,35452.454594729,38.3330078125,38.3330078125,0,,0
9072,GF-30-CAM-31,35452.657709497,35452.658711064,35452.753215045,38.3330078125,38.3330078125,0,,0
9074,GF-30-CAM-31,35452.980917371,35452.981744386,35453.028724467,38.3330078125,38.3330078125,0,,0
9076,GF-30-CAM-31,35453.237615759,35453.24040174,35453.310647708,38.3330078125,38.3330078125,0,,0
9078,GF-30-CAM-31,35453.484322603,35453.485303062,35453.54412988,38.3330078125,38.3330078125,0,,0
9080,GF-30-CAM-31,35453.73821515,35453.739498404,35453.815103764,38.3330078125,38.3330078125,0,,0
9082,GF-30-CAM-31,35454.014999892,35454.016382606,35454.071493893,38.3330078125,38.3330078125,0,,0
9084,GF-30-CAM-31,35454.273276595,35454.275184096,35454.349739497,38.3330078125,38.3330078125,0,,0
9086,GF-30-CAM-31,35454.527592952,35454.529259595,35454.595627948,38.3330078125,38.3330078125,0,,0
9088,GF-30-CAM-31,35454.838385528,35454.842150245,35454.890264227,38.3330078125,38.3330078125,0,,0
9090,GF-30-CAM-31,35455.084689468,35455.086345953,35455.151327134,38.3330078125,38.3330078125,0,,0
9092,GF-30-CAM-31,35455.328571874,35455.329776352,35455.409203793,38.3330078125,38.3330078125,0,,0
9094,GF-30-CAM-31,35455.630937175,35455.632607786,35455.682723057,38.3330078125,38.3330078125,0,,0
9096,GF-30-CAM-31,35455.930358215,35455.93198554,35456.015341192,38.3330078125,38.3330078125,0,,0
9098,GF-30-CAM-31,35456.231930054,35456.232828013,35456.306385639,38.3330078125,38.3330078125,0,,0
9100,GF-30-CAM-31,35456.504904117,35456.510761346,35456.586304647,38.3330078125,38.3330078125,0,,0
9102,GF-30-CAM-31,35456.790658211,35456.794100889,35456.871919032,38.3330078125,38.3330078125,0,,0
9104,GF-30-CAM-31,35457.080101498,35457.081017366,35457.153587401,38.3330078125,38.3330078125,0,,0
9106,GF-30-CAM-31,35457.360506474,35457.3613621,35457.426620396,38.3330078125,38.3330078125,0,,0
9108,GF-30-CAM-31,35457.634554495,35457.635602975,35457.711847317,38.3330078125,38.3330078125,0,,0
9110,GF-30-CAM-31,35457.914145949,35457.91591745,35457.969177801,38.3330078125,38.3330078125,0,,0
9112,GF-30-CAM-31,35458.16940364,35458.171977186,35458.250111867,38.3330078125,38.3330078125,0,,0
9114,GF-30-CAM-31,35458.448232538,35458.449237324,35458.520019845,38.3330078125,38.3330078125,0,,0
9116,GF-30-CAM-31,35458.743514508,35458.744660386,35458.814196845,38.3330078125,38.3330078125,0,,0
9118,GF-30-CAM-31,35459.020062484,35459.021208117,35459.092143945,38.3330078125,38.3330078125,0,,0
9120,GF-30-CAM-31,35459.352631428,35459.356111539,35459.438271358,38.3330078125,38.3330078125,0,,0
9122,GF-30-CAM-31,35459.640203443,35459.64341135,35459.709696255,38.3330078125,38.3330078125,0,,0
9124,GF-30-CAM-31,35459.94124834,35459.942544657,35460.022984508,38.3330078125,38.3330078125,0,,0
9126,GF-30-CAM-31,35460.268510731,35460.273316425,35460.334584573,38.3330078125,38.3330078125,0,,0
9128,GF-30-CAM-31,35460.568866587,35460.572191108,35460.619126825,38.3330078125,38.3330078125,0,,0
9130,GF-30-CAM-31,35460.882804288,35460.884236979,35460.942086847,38.3330078125,38.3330078125,0,,0
9132,GF-30-CAM-31,35461.164570847,35461.16537403,35461.2122766,38.3330078125,38.3330078125,0,,0
9134,GF-30-CAM-31,35461.448485327,35461.451338111,35461.552128605,38.3330078125,38.3330078125,0,,0
9136,GF-30-CAM-31,35461.788274398,35461.793884292,35461.872514532,38.3330078125,38.3330078125,0,,0
9138,GF-30-CAM-31,35462.101338641,35462.102343285,35462.146888602,38.3330078125,38.3330078125,0,,0
9140,GF-30-CAM-31,35462.364553984,35462.369283538,35462.439348961,38.3330078125,38.3330078125,0,,0
9142,GF-30-CAM-31,35462.645757145,35462.648395289,35462.783210504,38.3330078125,38.3330078125,0,,0
9144,GF-30-CAM-31,35463.026823897,35463.029672599,35463.126575508,38.3330078125,38.3330078125,0,,0
9146,GF-30-CAM-31,35463.317292781,35463.317866461,35463.408287855,38.3330078125,38.3330078125,0,,0
9148,GF-30-CAM-31,35463.603926868,35463.60537924,35463.666327961,38.3330078125,38.3330078125,0,,0
9150,GF-30-CAM-31,35463.864814039,35463.866905222,35463.929070922,38.3330078125,38.3330078125,0,,0
9152,GF-30-CAM-31,35464.13394892,35464.135650591,35464.201371377,38.3330078125,38.3330078125,0,,0
9154,GF-30-CAM-31,35464.397169248,35464.399603132,35464.471717516,38.3330078125,38.3330078125,0,,0
9156,GF-30-CAM-31,35464.672303178,35464.673715171,35464.719013708,38.3330078125,38.3330078125,0,,0
9158,GF-30-CAM-31,35464.904385686,35464.905515564,35464.96351359,38.3330078125,38.3330078125,0,,0
9160,GF-30-CAM-31,35465.20530802,35465.206308583,35465.26887468,38.3330078125,38.3330078125,0,,0
9162,GF-30-CAM-31,35465.496240517,35465.504069743,35465.550692915,38.3330078125,38.3330078125,0,,0
9164,GF-30-CAM-31,35465.75950445,35465.761896965,35465.829108879,38.3330078125,38.3330078125,0,,0
9166,GF-30-CAM-31,35466.016046806,35466.017775791,35466.111099309,38.3330078125,38.3330078125,0,,0
9168,GF-30-CAM-31,35466.337544445,35466.338534398,35466.392433665,38.3330078125,38.3330078125,0,,0
9170,GF-30-CAM-31,35466.584340936,35466.585584736,35466.679752934,38.3330078125,38.3330078125,0,,0
9172,GF-30-CAM-31,35466.868724988,35466.870147443,35466.936489202,38.3330078125,38.3330078125,0,,0
9174,GF-30-CAM-31,35467.17318973,35467.174482634,35467.230655429,38.3330078125,38.3330078125,0,,0
9176,GF-30-CAM-31,35467.433907467,35467.435098603,35467.489676823,38.3330078125,38.3330078125,0,,0
9178,GF-30-CAM-31,35467.697032886,35467.698090457,35467.761297741,38.3330078125,38.3330078125,0,,0
9180,GF-30-CAM-31,35468.000768381,35468.002033398,35468.050173118,38.3330078125,38.3330078125,0,,0
9182,GF-30-CAM-31,35468.298340932,35468.300844125,35468.390543937,38.3330078125,38.3330078125,0,,0
9184,GF-30-CAM-31,35468.642179939,35468.643394906,35468.721745731,38.3330078125,38.3330078125,0,,0
9186,GF-30-CAM-31,35468.939214392,35468.942115748,35469.006057375,38.3330078125,38.3330078125,0,,0
9188,GF-30-CAM-31,35469.245721298,35469.247157776,35469.319152401,38.3330078125,38.3330078125,0,,0
9190,GF-30-CAM-31,35469.538104058,35469.54052536,35469.602553482,38.3330078125,38.3330078125,0,,0
9192,GF-30-CAM-31,35469.807093372,35469.808247663,35469.885874274,38.3330078125,38.3330078125,0,,0
9194,GF-30-CAM-31,35470.104303089,35470.105479462,35470.162726376,38.3330078125,38.3330078125,0,,0
9196,GF-30-CAM-31,35470.388959037,35470.390354813,35470.474635267,38.3330078125,38.3330078125,0,,0
9198,GF-30-CAM-31,35470.696695308,35470.697820614,35470.753095616,38.3330078125,38.3330078125,0,,0
9200,GF-30-CAM-31,35470.990555349,35470.992667558,35471.040503754,38.3330078125,38.3330078125,0,,0
9202,GF-30-CAM-31,35471.296473919,35471.297750417,35471.3764343,38.3330078125,38.3330078125,0,,0
9204,GF-30-CAM-31,35471.579352274,35471.580353427,35471.655906677,38.3330078125,38.3330078125,0,,0
9206,GF-30-CAM-31,35471.867743005,35471.868843375,35471.934944861,38.3330078125,38.3330078125,0,,0
9208,GF-30-CAM-31,35472.11435007,35472.115579064,35472.220312159,38.3330078125,38.3330078125,0,,0
9210,GF-30-CAM-31,35472.426318507,35472.428519182,35472.497791723,38.3330078125,38.3330078125,0,,0
9212,GF-30-CAM-31,35472.728019607,35472.729496682,35472.778374578,38.3330078125,38.3330078125,0,,0
9214,GF-30-CAM-31,35473.005636799,35473.007179904,35473.071954288,38.3330078125,38.3330078125,0,,0
9216,GF-30-CAM-31,35473.271465059,35473.272891938,35473.337263618,38.3330078125,38.3330078125,0,,0
9218,GF-30-CAM-31,35473.524713076,35473.525482752,35473.590692133,38.3330078125,38.3330078125,0,,0
9220,GF-30-CAM-31,35473.867574286,35473.869156524,35473.932292619,38.3330078125,38.3330078125,0,,0
9222,GF-30-CAM-31,35474.126626807,35474.127508128,35474.188630797,38.3330078125,38.3330078125,0,,0
9224,GF-30-CAM-31,35474.392368914,35474.397329057,35474.462205721,38.3330078125,38.3330078125,0,,0
9226,GF-30-CAM-31,35474.689785569,35474.693821859,35474.771993646,38.3330078125,38.3330078125,0,,0
9228,GF-30-CAM-31,35474.989099326,35474.989952118,35475.065753542,38.3330078125,38.3330078125,0,,0
9230,GF-30-CAM-31,35475.257618754,35475.258418945,35475.342143946,38.3330078125,38.3330078125,0,,0
9232,GF-30-CAM-31,35475.561770647,35475.562895701,35475.613974103,38.3330078125,38.3330078125,0,,0
9234,GF-30-CAM-31,35475.855463951,35475.857930658,35475.922507071,38.3330078125,38.3330078125,0,,0
9236,GF-30-CAM-31,35476.153431574,35476.154685314,35476.198931207,38.3330078125,38.3330078125,0,,0
9238,GF-30-CAM-31,35476.43170454,35476.433122969,35476.501821362,38.3330078125,38.3330078125,0,,0
9240,GF-30-CAM-31,35476.697205889,35476.699706759,35476.763123533,38.3330078125,38.3330078125,0,,0
9242,GF-30-CAM-31,35477.001669133,35477.002487016,35477.042562177,38.3330078125,38.3330078125,0,,0
9244,GF-30-CAM-31,35477.285172163,35477.287217888,35477.349268755,38.3330078125,38.3330078125,0,,0
9246,GF-30-CAM-31,35477.589518188,35477.590979441,35477.655211637,38.3330078125,38.3330078125,0,,0
9248,GF-30-CAM-31,35477.897610581,35477.898986775,35477.951583144,38.3330078125,38.3330078125,0,,0
9250,GF-30-CAM-31,35478.148802773,35478.15226345,35478.257178549,38.3330078125,38.3330078125,0,,0
9252,GF-30-CAM-31,35478.493006683,35478.49606106,35478.548476159,38.3330078125,38.3330078125,0,,0
9254,GF-30-CAM-31,35478.754417667,35478.755914987,35478.822890252,38.3330078125,38.3330078125,0,,0
9256,GF-30-CAM-31,35479.014908229,35479.015895649,35479.075974762,38.3330078125,38.3330078125,0,,0
9258,GF-30-CAM-31,35479.301696455,35479.303282667,35479.362751349,38.3330078125,38.3330078125,0,,0
9260,GF-30-CAM-31,35479.595431231,35479.597315766,35479.673242811,38.3330078125,38.3330078125,0,,0
9262,GF-30-CAM-31,35479.917370651,35479.919356402,35479.981548206,38.3330078125,38.3330078125,0,,0
9264,GF-30-CAM-31,35480.187917362,35480.188962712,35480.242164056,38.3330078125,38.3330078125,0,,0
9266,GF-30-CAM-31,35480.436895863,35480.438388702,35480.521738307,38.3330078125,38.3330078125,0,,0
9268,GF-30-CAM-31,35480.724115617,35480.726076527,35480.798272054,38.3330078125,38.3330078125,0,,0
9270,GF-30-CAM-31,35481.023739432,35481.025651185,35481.095812827,38.3330078125,38.3330078125,0,,0
9272,GF-30-CAM-31,35481.332836314,35481.33380871,35481.393810629,38.3330078125,38.3330078125,0,,0
9274,GF-30-CAM-31,35481.613537935,35481.615315027,35481.674245511,38.3330078125,38.3330078125,0,,0
9276,GF-30-CAM-31,35481.876475088,35481.87775234,35481.941945603,38.3330078125,38.3330078125,0,,0
9278,GF-30-CAM-31,35482.170851491,35482.172323405,35482.232285528,38.3330078125,38.3330078125,0,,0
9280,GF-30-CAM-31,35482.469915253,35482.471523368,35482.527405593,38.3330078125,38.3330078125,0,,0
9282,GF-30-CAM-31,35482.725926054,35482.727475632,35482.790566934,38.3330078125,38.3330078125,0,,0
9284,GF-30-CAM-31,35482.978049092,35482.978825697,35483.033365501,38.3330078125,38.3330078125,0,,0
9286,GF-30-CAM-31,35483.246026809,35483.252501857,35483.32204183,38.3330078125,38.3330078125,0,,0
9288,GF-30-CAM-31,35483.540460678,35483.541572767,35483.605295166,38.3330078125,38.3330078125,0,,0
9290,GF-30-CAM-31,35483.803829478,35483.8053254,35483.858596314,38.3330078125,38.3330078125,0,,0
9292,GF-30-CAM-31,35484.090137635,35484.093581514,35484.151218841,38.3330078125,38.3330078125,0,,0
9294,GF-30-CAM-31,35484.344506087,35484.34617456,35484.397629235,38.3330078125,38.3330078125,0,,0
9296,GF-30-CAM-31,35484.619215388,35484.621385599,35484.701553149,38.3330078125,38.3330078125,0,,0
9298,GF-30-CAM-31,35484.953866081,35484.959067996,35485.027327988,38.3330078125,38.3330078125,0,,0
9300,GF-30-CAM-31,35485.257222118,35485.259174831,35485.328807967,38.3330078125,38.3330078125,0,,0
9302,GF-30-CAM-31,35485.579515032,35485.580731873,35485.625353875,38.3330078125,38.3330078125,0,,0
9304,GF-30-CAM-31,35485.840216919,35485.841457167,35485.915017736,38.3330078125,38.3330078125,0,,0
9306,GF-30-CAM-31,35486.123324499,35486.127433989,35486.213621085,38.3330078125,38.3330078125,0,,0
9308,GF-30-CAM-31,35486.391039023,35486.391910556,35486.437667565,38.3330078125,38.3330078125,0,,0
9310,GF-30-CAM-31,35486.642346553,35486.645512767,35486.707772758,38.3330078125,38.3330078125,0,,0
9312,GF-30-CAM-31,35486.894957374,35486.897361305,35486.965439465,38.3330078125,38.3330078125,0,,0
9314,GF-30-CAM-31,35487.161942985,35487.162676553,35487.216417033,38.3330078125,38.3330078125,0,,0
9316,GF-30-CAM-31,35487.420955221,35487.421774924,35487.473350413,38.3330078125,38.3330078125,0,,0
9318,GF-30-CAM-31,35487.721740516,35487.723310864,35487.776089819,38.3330078125,38.3330078125,0,,0
9320,GF-30-CAM-31,35488.004663137,35488.0061394,35488.062163829,38.3330078125,38.3330078125,0,,0
9322,GF-30-CAM-31,35488.266976099,35488.268661053,35488.338725781,38.3330078125,38.3330078125,0,,0
9324,GF-30-CAM-31,35488.556284061,35488.557400453,35488.607348406,38.3330078125,38.3330078125,0,,0
9326,GF-30-CAM-31,35488.835879871,35488.837519445,35488.889598861,38.3330078125,38.3330078125,0,,0
9328,GF-30-CAM-31,35489.183421745,35489.187772828,35489.278975604,38.3330078125,38.3330078125,0,,0
9330,GF-30-CAM-31,35489.506758632,35489.510865136,35489.61066753,38.3330078125,38.3330078125,0,,0
9332,GF-30-CAM-31,35489.851323565,35489.853747861,35489.920730135,38.3330078125,38.3330078125,0,,0
9334,GF-30-CAM-31,35490.107568171,35490.108623282,35490.21439986,38.3330078125,38.3330078125,0,,0
9336,GF-30-CAM-31,35490.456786758,35490.458552973,35490.542010746,38.3330078125,38.3330078125,0,,0
9338,GF-30-CAM-31,35490.739418516,35490.740740014,35490.809976997,38.3330078125,38.3330078125,0,,0
9340,GF-30-CAM-31,35491.020577591,35491.021885423,35491.096761758,38.3330078125,38.3330078125,0,,0
9342,GF-30-CAM-31,35491.29789286,35491.299948124,35491.39232925,38.3330078125,38.3330078125,0,,0
9344,GF-30-CAM-31,35491.632477284,35491.634894921,35491.700546301,38.3330078125,38.3330078125,0,,0
9346,GF-30-CAM-31,35491.926123857,35491.927183163,35492.004940951,38.3330078125,38.3330078125,0,,0
9348,GF-30-CAM-31,35492.202996675,35492.204775443,35492.273191022,38.3330078125,38.3330078125,0,,0
9350,GF-30-CAM-31,35492.513630818,35492.514949625,35492.573726012,38.3330078125,38.3330078125,0,,0
9352,GF-30-CAM-31,35492.794999393,35492.796696212,35492.859490117,38.3330078125,38.3330078125,0,,0
9354,GF-30-CAM-31,35493.083317312,35493.08427945,35493.143512315,38.3330078125,38.3330078125,0,,0
9356,GF-30-CAM-31,35493.335451171,35493.338612036,35493.415284458,38.3330078125,38.3330078125,0,,0
9358,GF-30-CAM-31,35493.610819426,35493.611850096,35493.658268161,38.3330078125,38.3330078125,0,,0
9360,GF-30-CAM-31,35493.860012683,35493.861850518,35493.922376581,38.3330078125,38.3330078125,0,,0
9362,GF-30-CAM-31,35494.12066438,35494.122499656,35494.190018674,38.3330078125,38.3330078125,0,,0
9364,GF-30-CAM-31,35494.406630253,35494.407856265,35494.469849405,38.3330078125,38.3330078125,0,,0
9366,GF-30-CAM-31,35494.699732214,35494.702433751,35494.771382813,38.3330078125,38.3330078125,0,,0
9368,GF-30-CAM-31,35494.986799088,35494.988151828,35495.057097372,38.3330078125,38.3330078125,0,,0
9370,GF-30-CAM-31,35495.241148231,35495.242260178,35495.290838153,38.3330078125,38.3330078125,0,,0
9372,GF-30-CAM-31,35495.512292219,35495.513820304,35495.575649749,38.3330078125,38.3330078125,0,,0
9374,GF-30-CAM-31,35495.774911646,35495.775884596,35495.849121577,38.3330078125,38.3330078125,0,,0
9376,GF-30-CAM-31,35496.108145459,35496.109086739,35496.183132016,38.3330078125,38.3330078125,0,,0
9378,GF-30-CAM-31,35496.422886148,35496.424690385,35496.487719246,38.3330078125,38.3330078125,0,,0
9380,GF-30-CAM-31,35496.681255074,35496.68231449,35496.76974584,38.3330078125,38.3330078125,0,,0
9382,GF-30-CAM-31,35496.990442086,35496.992099016,35497.053044313,38.3330078125,38.3330078125,0,,0
9384,GF-30-CAM-31,35497.298437453,35497.300155752,35497.371220458,38.3330078125,38.3330078125,0,,0
9386,GF-30-CAM-31,35497.650471595,35497.65304722,35497.732095171,38.3330078125,38.3330078125,0,,0
9388,GF-30-CAM-31,35497.949716011,35497.951433028,35498.024666823,38.3330078125,38.3330078125,0,,0
9390,GF-30-CAM-31,35498.249930775,35498.25926576,35498.312435101,38.3330078125,38.3330078125,0,,0
9392,GF-30-CAM-31,35498.54649311,35498.547844954,35498.612601083,38.3330078125,38.3330078125,0,,0
9394,GF-30-CAM-31,35498.825339899,35498.827769258,35498.898925008,38.3330078125,38.3330078125,0,,0
9396,GF-30-CAM-31,35499.117193227,35499.119422652,35499.181125066,38.3330078125,38.3330078125,0,,0
9398,GF-30-CAM-31,35499.424095933,35499.425483616,35499.471521112,38.3330078125,38.3330078125,0,,0
9400,GF-30-CAM-31,35499.699571883,35499.70152618,35499.763511371,38.3330078125,38.3330078125,0,,0
9402,GF-30-CAM-31,35499.961815292,35499.96371085,35500.063981988,38.3330078125,38.3330078125,0,,0
9404,GF-30-CAM-31,35500.282667608,35500.284384913,35500.356572146,38.3330078125,38.3330078125,0,,0
9406,GF-30-CAM-31,35500.598330587,35500.59958505,35500.659919924,38.3330078125,38.3330078125,0,,0
9408,GF-30-CAM-31,35500.953324288,35500.954822044,35501.020963704,38.3330078125,38.3330078125,0,,0
9410,GF-30-CAM-31,35501.273872248,35501.275800115,35501.365989356,38.3330078125,38.3330078125,0,,0
9412,GF-30-CAM-31,35501.590337591,35501.59198666,35501.664335581,38.3330078125,38.3330078125,0,,0
9414,GF-30-CAM-31,35501.885796583,35501.887772356,35501.973585138,38.3330078125,38.3330078125,0,,0
9416,GF-30-CAM-31,35502.175265399,35502.176823812,35502.229731285,38.3330078125,38.3330078125,0,,0
9418,GF-30-CAM-31,35502.479466208,35502.48021104,35502.532718445,38.3330078125,38.3330078125,0,,0
9420,GF-30-CAM-31,35502.763757492,35502.766766304,35502.82965252,38.3330078125,38.3330078125,0,,0
9422,GF-30-CAM-31,35503.04407917,35503.045023794,35503.111124149,38.3330078125,38.3330078125,0,,0
9424,GF-30-CAM-31,35503.321038194,35503.322243026,35503.409641785,38.3330078125,38.3330078125,0,,0
9426,GF-30-CAM-31,35503.620766928,35503.621611127,35503.6873322,38.3330078125,38.3330078125,0,,0
9428,GF-30-CAM-31,35503.882393396,35503.884507644,35503.940859184,38.3330078125,38.3330078125,0,,0
9430,GF-30-CAM-31,35504.159612527,35504.161226498,35504.214599281,38.3330078125,38.3330078125,0,,0
9432,GF-30-CAM-31,35504.423125505,35504.42675058,35504.47809584,38.3330078125,38.3330078125,0,,0
9434,GF-30-CAM-31,35504.68179564,35504.682439838,35504.746618828,38.3330078125,38.3330078125,0,,0
9436,GF-30-CAM-31,35504.981663749,35504.983832187,35505.035751814,38.3330078125,38.3330078125,0,,0
9438,GF-30-CAM-31,35505.2408314,35505.241979435,35505.319447384,38.3330078125,38.3330078125,0,,0
9440,GF-30-CAM-31,35505.525916262,35505.527271649,35505.596557774,38.3330078125,38.3330078125,0,,0
9442,GF-30-CAM-31,35505.818043181,35505.820980419,35505.865687193,38.3330078125,38.3330078125,0,,0
9444,GF-30-CAM-31,35506.072573646,35506.077968441,35506.147940631,38.3330078125,38.3330078125,0,,0
9446,GF-30-CAM-31,35506.366720624,35506.36825284,35506.424495633,38.3330078125,38.3330078125,0,,0
9448,GF-30-CAM-31,35506.671609065,35506.673186522,35506.737819181,38.3330078125,38.3330078125,0,,0
9450,GF-30-CAM-31,35506.969261978,35506.971376697,35507.05404416,38.3330078125,38.3330078125,0,,0
9452,GF-30-CAM-31,35507.251759073,35507.2629447,35507.322700224,38.3330078125,38.3330078125,0,,0
9454,GF-30-CAM-31,35507.610256225,35507.611780477,35507.675654294,38.3330078125,38.3330078125,0,,0
9456,GF-30-CAM-31,35507.923829556,35507.927734495,35508.011901727,38.3330078125,38.3330078125,0,,0
9458,GF-30-CAM-31,35508.259145876,35508.262755389,35508.332827721,38.3330078125,38.3330078125,0,,0
9460,GF-30-CAM-31,35508.519958457,35508.520982829,35508.579924429,38.3330078125,38.3330078125,0,,0
9462,GF-30-CAM-31,35508.789285256,35508.791222381,35508.864957274,38.3330078125,38.3330078125,0,,0
9464,GF-30-CAM-31,35509.080065795,35509.081463236,35509.161199581,38.3330078125,38.3330078125,0,,0
9466,GF-30-CAM-31,35509.341757697,35509.343648726,35509.41089358,38.3330078125,38.3330078125,0,,0
9468,GF-30-CAM-31,35509.621152386,35509.622304512,35509.690762626,38.3330078125,38.3330078125,0,,0
9470,GF-30-CAM-31,35509.912168033,35509.914019968,35509.986416639,38.3330078125,38.3330078125,0,,0
9472,GF-30-CAM-31,35510.167241275,35510.167931589,35510.229613668,38.3330078125,38.3330078125,0,,0
9474,GF-30-CAM-31,35510.435042866,35510.43613866,35510.512378994,38.3330078125,38.3330078125,0,,0
9476,GF-30-CAM-31,35510.704119096,35510.704917155,35510.755600208,38.3330078125,38.3330078125,0,,0
9478,GF-30-CAM-31,35510.96192859,35510.962919779,35511.017832255,38.3330078125,38.3330078125,0,,0
9480,GF-30-CAM-31,35511.272566711,35511.27480419,35511.330066792,38.3330078125,38.3330078125,0,,0
9482,GF-30-CAM-31,35511.540908512,35511.542280195,35511.627160004,38.3330078125,38.3330078125,0,,0
9484,GF-30-CAM-31,35511.845613622,35511.846673697,35511.907888182,38.3330078125,38.3330078125,0,,0
9486,GF-30-CAM-31,35512.099179834,35512.101014884,35512.179356841,38.3330078125,38.3330078125,0,,0
9488,GF-30-CAM-31,35512.395296606,35512.397112514,35512.473697288,38.3330078125,38.3330078125,0,,0
9490,GF-30-CAM-31,35512.69823595,35512.701593555,35512.756401158,38.3330078125,38.3330078125,0,,0
9492,GF-30-CAM-31,35512.987899754,35512.988719415,35513.04071694,38.3330078125,38.3330078125,0,,0
9494,GF-30-CAM-31,35513.263312306,35513.264351487,35513.3251708,38.3330078125,38.3330078125,0,,0
9496,GF-30-CAM-31,35513.543596432,35513.544936255,35513.607145704,38.3330078125,38.3330078125,0,,0
9498,GF-30-CAM-31,35513.783303313,35513.786150718,35513.875644646,38.3330078125,38.3330078125,0,,0
9500,GF-30-CAM-31,35514.06020059,35514.063248906,35514.11819506,38.3330078125,38.3330078125,0,,0
9502,GF-30-CAM-31,35514.317825263,35514.319317209,35514.387654405,38.3330078125,38.3330078125,0,,0
9504,GF-30-CAM-31,35514.607906749,35514.609279315,35514.654491796,38.3330078125,38.3330078125,0,,0
9506,GF-30-CAM-31,35514.870110444,35514.871314944,35514.936932739,38.3330078125,38.3330078125,0,,0
9508,GF-30-CAM-31,35515.178213834,35515.179514811,35515.230158253,38.3330078125,38.3330078125,0,,0
9510,GF-30-CAM-31,35515.426122362,35515.426873709,35515.482441015,38.3330078125,38.3330078125,0,,0
9512,GF-30-CAM-31,35515.658115184,35515.658882363,35515.732467929,38.3330078125,38.3330078125,0,,0
9514,GF-30-CAM-31,35515.955766635,35515.96379781,35516.020674091,38.3330078125,38.3330078125,0,,0
9516,GF-30-CAM-31,35516.211973441,35516.214813728,35516.303293036,38.3330078125,38.3330078125,0,,0
9518,GF-30-CAM-31,35516.486176062,35516.487262387,35516.531546547,38.3330078125,38.3330078125,0,,0
9520,GF-30-CAM-31,35516.761574372,35516.76469138,35516.832592415,38.3330078125,38.3330078125,0,,0
9522,GF-30-CAM-31,35517.033588266,35517.035216597,35517.093767803,38.3330078125,38.3330078125,0,,0
9524,GF-30-CAM-31,35517.300585157,35517.301580483,35517.363941135,38.3330078125,38.3330078125,0,,0
9526,GF-30-CAM-31,35517.572994485,35517.574682138,35517.652173542,38.3330078125,38.3330078125,0,,0
9528,GF-30-CAM-31,35517.865156138,35517.866607423,35517.933884435,38.3330078125,38.3330078125,0,,0
9530,GF-30-CAM-31,35518.143837312,35518.146270268,35518.199176744,38.3330078125,38.3330078125,0,,0
9532,GF-30-CAM-31,35518.39434906,35518.396128666,35518.460456079,38.3330078125,38.3330078125,0,,0
9534,GF-30-CAM-31,35518.685509698,35518.687761756,35518.750348345,38.3330078125,38.3330078125,0,,0
9536,GF-30-CAM-31,35518.959621914,35518.962458722,35519.017448455,38.3330078125,38.3330078125,0,,0
9538,GF-30-CAM-31,35519.223423141,35519.224250903,35519.300982099,38.3330078125,38.3330078125,0,,0
9540,GF-30-CAM-31,35519.508367296,35519.518841269,35519.560465873,38.3330078125,38.3330078125,0,,0
9542,GF-30-CAM-31,35519.765088264,35519.766066739,35519.877134478,38.3330078125,38.3330078125,0,,0
9544,GF-30-CAM-31,35520.077265324,35520.078713093,35520.131821718,38.3330078125,38.3330078125,0,,0
9546,GF-30-CAM-31,35520.351445269,35520.352921668,35520.404633081,38.3330078125,38.3330078125,0,,0
9548,GF-30-CAM-31,35520.588955829,35520.590175726,35520.633359428,38.3330078125,38.3330078125,0,,0
9550,GF-30-CAM-31,35520.864663863,35520.866946587,35520.919986516,38.3330078125,38.3330078125,0,,0
9552,GF-30-CAM-31,35521.122251171,35521.123428138,35521.17605852,38.3330078125,38.3330078125,0,,0
9554,GF-30-CAM-31,35521.375136525,35521.377305756,35521.458086053,38.3330078125,38.3330078125,0,,0
9556,GF-30-CAM-31,35521.632621988,35521.639647424,35521.704098068,38.3330078125,38.3330078125,0,,0
9558,GF-30-CAM-31,35521.901130055,35521.903935992,35521.957416877,38.3330078125,38.3330078125,0,,0
9560,GF-30-CAM-31,35522.143507125,35522.144633487,35522.193347688,38.3330078125,38.3330078125,0,,0
9562,GF-30-CAM-31,35522.403865479,35522.405196265,35522.47559168,38.3330078125,38.3330078125,0,,0
9564,GF-30-CAM-31,35522.697075927,35522.698521476,35522.765228695,38.3330078125,38.3330078125,0,,0
9566,GF-30-CAM-31,35522.984404853,35522.98671923,35523.049857453,38.3330078125,38.3330078125,0,,0
9568,GF-30-CAM-31,35523.240812108,35523.241745018,35523.30845683,38.3330078125,38.3330078125,0,,0
9570,GF-30-CAM-31,35523.506103282,35523.508388499,35523.580692042,38.3330078125,38.3330078125,0,,0
9572,GF-30-CAM-31,35523.788148154,35523.788999442,35523.851161762,38.3330078125,38.3330078125,0,,0
9574,GF-30-CAM-31,35524.06381927,35524.064998109,35524.141844461,38.3330078125,38.3330078125,0,,0
9576,GF-30-CAM-31,35524.366464171,35524.367552135,35524.438541672,38.3330078125,38.3330078125,0,,0
9578,GF-30-CAM-31,35524.627799336,35524.631158238,35524.680989817,38.3330078125,38.3330078125,0,,0
9580,GF-30-CAM-31,35524.908515788,35524.909772057,35524.949803971,38.3330078125,38.3330078125,0,,0
9582,GF-30-CAM-31,35525.133904814,35525.136233199,35525.225673912,38.3330078125,38.3330078125,0,,0
9584,GF-30-CAM-31,35525.464809445,35525.466218511,35525.534511476,38.3330078125,38.3330078125,0,,0
9586,GF-30-CAM-31,35525.737671458,35525.738741827,35525.793932114,38.3330078125,38.3330078125,0,,0
9588,GF-30-CAM-31,35526.014895603,35526.016733235,35526.075054415,38.3330078125,38.3330078125,0,,0
9590,GF-30-CAM-31,35526.266902478,35526.269229169,35526.337425251,38.3330078125,38.3330078125,0,,0
9592,GF-30-CAM-31,35526.515818759,35526.517142794,35526.567442189,38.3330078125,38.3330078125,0,,0
9594,GF-30-CAM-31,35526.752224679,35526.753880642,35526.823611199,38.3330078125,38.3330078125,0,,0
9596,GF-30-CAM-31,35527.04163882,35527.042908768,35527.114721405,38.3330078125,38.3330078125,0,,0
9598,GF-30-CAM-31,35527.315186904,35527.316616083,35527.358914861,38.3330078125,38.3330078125,0,,0
9600,GF-30-CAM-31,35527.555205154,35527.556567691,35527.622030132,38.3330078125,38.3330078125,0,,0
9602,GF-30-CAM-31,35527.805352162,35527.808239127,35527.885364053,38.3330078125,38.3330078125,0,,0
9604,GF-30-CAM-31,35528.08741766,35528.089273335,35528.169475038,38.3330078125,38.3330078125,0,,0
9606,GF-30-CAM-31,35528.353304058,35528.354583816,35528.413755287,38.3330078125,38.3330078125,0,,0
9608,GF-30-CAM-31,35528.6450842,35528.645757044,35528.700212252,38.3330078125,38.3330078125,0,,0
9610,GF-30-CAM-31,35528.895771847,35528.897791691,35528.941017894,38.3330078125,38.3330078125,0,,0
9612,GF-30-CAM-31,35529.153354419,35529.154457602,35529.191878994,38.3330078125,38.3330078125,0,,0
9614,GF-30-CAM-31,35529.413560151,35529.414717774,35529.461409354,38.3330078125,38.3330078125,0,,0
9616,GF-30-CAM-31,35529.67264964,35529.674328489,35529.723826479,38.3330078125,38.3330078125,0,,0
9618,GF-30-CAM-31,35529.932207206,35529.935204395,35529.983760289,38.3330078125,38.3330078125,0,,0
9620,GF-30-CAM-31,35530.183369593,35530.185872115,35530.25695477,38.3330078125,38.3330078125,0,,0
9622,GF-30-CAM-31,35530.461797268,35530.4636404,35530.520805521,38.3330078125,38.3330078125,0,,0
9624,GF-30-CAM-31,35530.728401062,35530.729273525,35530.785912433,38.3330078125,38.3330078125,0,,0
9626,GF-30-CAM-31,35530.98285023,35530.983718689,35531.016891816,38.3330078125,38.3330078125,0,,0
9628,GF-30-CAM-31,35531.2209251,35531.224161725,35531.289305292,38.3330078125,38.3330078125,0,,0
9630,GF-30-CAM-31,35531.474400195,35531.478041726,35531.539818841,38.3330078125,38.3330078125,0,,0
9632,GF-30-CAM-31,35531.746164594,35531.748646454,35531.794834389,38.3330078125,38.3330078125,0,,0
9634,GF-30-CAM-31,35532.014592273,35532.015378387,35532.09536529,38.3330078125,38.3330078125,0,,0
9636,GF-30-CAM-31,35532.289999482,35532.291583011,35532.324256452,38.3330078125,38.3330078125,0,,0
9638,GF-30-CAM-31,35532.518178087,35532.524897837,35532.598853256,38.3330078125,38.3330078125,0,,0
9640,GF-30-CAM-31,35532.808637862,35532.809897011,35532.845343609,38.3330078125,38.3330078125,0,,0
9642,GF-30-CAM-31,35533.018163882,35533.019489033,35533.06949711,38.3330078125,38.3330078125,0,,0
9644,GF-30-CAM-31,35533.275156795,35533.277790706,35533.318720054,38.3330078125,38.3330078125,0,,0
9646,GF-30-CAM-31,35533.488686917,35533.490196728,35533.556918872,38.3330078125,38.3330078125,0,,0
9648,GF-30-CAM-31,35533.784064176,35533.78496582,35533.848672597,38.3330078125,38.3330078125,0,,0
9650,GF-30-CAM-31,35534.040050147,35534.051417341,35534.1083835,38.3330078125,38.3330078125,0,,0
9652,GF-30-CAM-31,35534.316844189,35534.317605135,35534.381709452,38.3330078125,38.3330078125,0,,0
9654,GF-30-CAM-31,35534.575715587,35534.577299356,35534.625436361,38.3330078125,38.3330078125,0,,0
9656,GF-30-CAM-31,35534.816270684,35534.817388587,35534.87770337,38.3330078125,38.3330078125,0,,0
9658,GF-30-CAM-31,35535.089657904,35535.091910269,35535.163421824,38.3330078125,38.3330078125,0,,0
9660,GF-30-CAM-31,35535.378267064,35535.379269816,35535.442206928,38.3330078125,38.3330078125,0,,0
9662,GF-30-CAM-31,35535.633240153,35535.636044275,35535.702441065,38.3330078125,38.3330078125,0,,0
9664,GF-30-CAM-31,35535.915730832,35535.917152596,35535.981503927,38.3330078125,38.3330078125,0,,0
9666,GF-30-CAM-31,35536.187472234,35536.18826542,35536.239238262,38.3330078125,38.3330078125,0,,0
9668,GF-30-CAM-31,35536.4511453,35536.452456388,35536.511450327,38.3330078125,38.3330078125,0,,0
9670,GF-30-CAM-31,35536.688569057,35536.689476921,35536.74592196,38.3330078125,38.3330078125,0,,0
9672,GF-30-CAM-31,35536.973375557,35536.975624202,35537.026803203,38.3330078125,38.3330078125,0,,0
9674,GF-30-CAM-31,35537.217374076,35537.218218182,35537.281935872,38.3330078125,38.3330078125,0,,0
9676,GF-30-CAM-31,35537.491597931,35537.492926235,35537.545867095,38.3330078125,38.3330078125,0,,0
9678,GF-30-CAM-31,35537.769360016,35537.770522432,35537.825694515,38.3330078125,38.3330078125,0,,0
9680,GF-30-CAM-31,35538.033784555,35538.034664782,35538.073544143,38.3330078125,38.3330078125,0,,0
9682,GF-30-CAM-31,35538.277625691,35538.279180705,35538.33422243,38.3330078125,38.3330078125,0,,0
9684,GF-30-CAM-31,35538.49771318,35538.499935524,35538.572151117,38.3330078125,38.3330078125,0,,0
9686,GF-30-CAM-31,35538.761465291,35538.762130405,35538.816368253,38.3330078125,38.3330078125,0,,0
9688,GF-30-CAM-31,35539.011397726,35539.013156612,35539.079421568,38.3330078125,38.3330078125,0,,0
9690,GF-30-CAM-31,35539.31206975,35539.315404208,35539.363483852,38.3330078125,38.3330078125,0,,0
9692,GF-30-CAM-31,35539.575059451,35539.57635103,35539.628578932,38.3330078125,38.3330078125,0,,0
9694,GF-30-CAM-31,35539.853824005,35539.855788462,35539.917920257,38.3330078125,38.3330078125,0,,0
9696,GF-30-CAM-31,35540.095443042,35540.098475733,35540.13295926,38.3330078125,38.3330078125,0,,0
9698,GF-30-CAM-31,35540.323772611,35540.325558079,35540.374804452,38.3330078125,38.3330078125,0,,0
9700,GF-30-CAM-31,35540.569582992,35540.574671901,35540.626623158,38.3330078125,38.3330078125,0,,0
9702,GF-30-CAM-31,35540.805517676,35540.806839599,35540.864267759,38.3330078125,38.3330078125,0,,0
9704,GF-30-CAM-31,35541.102979351,35541.103973365,35541.156694851,38.3330078125,38.3330078125,0,,0
9706,GF-30-CAM-31,35541.333744914,35541.334976486,35541.399523148,38.3330078125,38.3330078125,0,,0
9708,GF-30-CAM-31,35541.582646745,35541.584302624,35541.646157051,38.3330078125,38.3330078125,0,,0
9710,GF-30-CAM-31,35541.839209863,35541.842094993,35541.900833167,38.3330078125,38.3330078125,0,,0
9712,GF-30-CAM-31,35542.076360658,35542.077825997,35542.132977116,38.3330078125,38.3330078125,0,,0
9714,GF-30-CAM-31,35542.407440474,35542.410695186,35542.467761124,38.3330078125,38.3330078125,0,,0
9716,GF-30-CAM-31,35542.678581683,35542.679990887,35542.759874523,38.3330078125,38.3330078125,0,,0
9718,GF-30-CAM-31,35542.939902502,35542.944385568,35542.998496929,38.3330078125,38.3330078125,0,,0
9720,GF-30-CAM-31,35543.229775172,35543.231589853,35543.297403408,38.3330078125,38.3330078125,0,,0
9722,GF-30-CAM-31,35543.495818644,35543.496601866,35543.549535789,38.3330078125,38.3330078125,0,,0
9724,GF-30-CAM-31,35543.742922965,35543.745068637,35543.813217993,38.3330078125,38.3330078125,0,,0
9726,GF-30-CAM-31,35544.016782469,35544.018368342,35544.08018396,38.3330078125,38.3330078125,0,,0
9728,GF-30-CAM-31,35544.336483047,35544.337363831,35544.399037005,38.3330078125,38.3330078125,0,,0
9730,GF-30-CAM-31,35544.605522928,35544.607137401,35544.671289219,38.3330078125,38.3330078125,0,,0
9732,GF-30-CAM-31,35544.864298184,35544.868780571,35544.9253833,38.3330078125,38.3330078125,0,,0
9734,GF-30-CAM-31,35545.140567676,35545.142039349,35545.193317613,38.3330078125,38.3330078125,0,,0
9736,GF-30-CAM-31,35545.38562588,35545.386888862,35545.438776319,38.3330078125,38.3330078125,0,,0
9738,GF-30-CAM-31,35545.620905609,35545.622081797,35545.684694078,38.3330078125,38.3330078125,0,,0
9740,GF-30-CAM-31,35545.892434126,35545.893843931,35545.942166801,38.3330078125,38.3330078125,0,,0
9742,GF-30-CAM-31,35546.16253088,35546.163550314,35546.210339346,38.3330078125,38.3330078125,0,,0
9744,GF-30-CAM-31,35546.419739456,35546.420679924,35546.464219789,38.3330078125,38.3330078125,0,,0
9746,GF-30-CAM-31,35546.668368212,35546.67096989,35546.723646176,38.3330078125,38.3330078125,0,,0
9748,GF-30-CAM-31,35546.934860001,35546.935956962,35546.981657332,38.3330078125,38.3330078125,0,,0
9750,GF-30-CAM-31,35547.217856226,35547.218678466,35547.257365025,38.3330078125,38.3330078125,0,,0
9752,GF-30-CAM-31,35547.456865538,35547.458067194,35547.507867048,38.3330078125,38.3330078125,0,,0
9754,GF-30-CAM-31,35547.707678998,35547.708580741,35547.792329403,38.3330078125,38.3330078125,0,,0
9756,GF-30-CAM-31,35547.972820957,35547.974172327,35548.033713041,38.3330078125,38.3330078125,0,,0
9758,GF-30-CAM-31,35548.221248759,35548.222697284,35548.277377218,38.3330078125,38.3330078125,0,,0
9760,GF-30-CAM-31,35548.478048457,35548.480706189,35548.530125617,38.3330078125,38.3330078125,0,,0
9762,GF-30-CAM-31,35548.738140278,35548.747171464,35548.811905518,38.3330078125,38.3330078125,0,,0
9764,GF-30-CAM-31,35549.056587338,35549.057351843,35549.109805942,38.3330078125,38.3330078125,0,,0
9766,GF-30-CAM-31,35549.345925938,35549.348304879,35549.405452959,38.3330078125,38.3330078125,0,,0
9768,GF-30-CAM-31,35549.624482304,35549.626277571,35549.692266965,38.3330078125,38.3330078125,0,,0
9770,GF-30-CAM-31,35549.871465263,35549.875660025,35549.946920054,38.3330078125,38.3330078125,0,,0
9772,GF-30-CAM-31,35550.151395151,35550.15252291,35550.242189113,38.3330078125,38.3330078125,0,,0
9774,GF-30-CAM-31,35550.419921564,35550.421803015,35550.490900416,38.3330078125,38.3330078125,0,,0
9776,GF-30-CAM-31,35550.691132573,35550.692220005,35550.764022911,38.3330078125,38.3330078125,0,,0
9778,GF-30-CAM-31,35550.970512344,35550.971514339,35551.031505645,38.3330078125,38.3330078125,0,,0
9780,GF-30-CAM-31,35551.240235355,35551.242425258,35551.299975515,38.3330078125,38.3330078125,0,,0
9782,GF-30-CAM-31,35551.480277981,35551.480998463,35551.520293285,38.3330078125,38.3330078125,0,,0
9784,GF-30-CAM-31,35551.74041513,35551.74262917,35551.785417853,38.3330078125,38.3330078125,0,,0
9786,GF-30-CAM-31,35552.004790739,35552.006780868,35552.054089521,38.3330078125,38.3330078125,0,,0
9788,GF-30-CAM-31,35552.253448431,35552.254390425,35552.319998677,38.3330078125,38.3330078125,0,,0
9790,GF-30-CAM-31,35552.509578237,35552.510826594,35552.56074689,38.3330078125,38.3330078125,0,,0
9792,GF-30-CAM-31,35552.776746184,35552.778418784,35552.823375015,38.3330078125,38.3330078125,0,,0
9794,GF-30-CAM-31,35553.047057873,35553.049205863,35553.101677427,38.3330078125,38.3330078125,0,,0
9796,GF-30-CAM-31,35553.307562525,35553.30841172,35553.383377613,38.3330078125,38.3330078125,0,,0
9798,GF-30-CAM-31,35553.603211615,35553.604142301,35553.663760697,38.3330078125,38.3330078125,0,,0
9800,GF-30-CAM-31,35553.86249968,35553.863846654,35553.919794675,38.3330078125,38.3330078125,0,,0
9802,GF-30-CAM-31,35554.139022329,35554.142211802,35554.197511523,38.3330078125,38.3330078125,0,,0
9804,GF-30-CAM-31,35554.411554141,35554.415213691,35554.498159926,38.3330078125,38.3330078125,0,,0
9806,GF-30-CAM-31,35554.673198836,35554.674247407,35554.728472934,38.3330078125,38.3330078125,0,,0
9808,GF-30-CAM-31,35554.945619124,35554.947099029,35555.024871425,38.3330078125,38.3330078125,0,,0
9810,GF-30-CAM-31,35555.241356158,35555.244100473,35555.32398361,38.3330078125,38.3330078125,0,,0
9812,GF-30-CAM-31,35555.511402143,35555.51213843,35555.564718579,38.3330078125,38.3330078125,0,,0
9814,GF-30-CAM-31,35555.773148687,35555.777569238,35555.831302207,38.3330078125,38.3330078125,0,,0
9816,GF-30-CAM-31,35556.008498439,35556.010071116,35556.073471591,38.3330078125,38.3330078125,0,,0
9818,GF-30-CAM-31,35556.284906406,35556.286959188,35556.33871465,38.3330078125,38.3330078125,0,,0
9820,GF-30-CAM-31,35556.545869634,35556.547126133,35556.626065342,38.3330078125,38.3330078125,0,,0
9822,GF-30-CAM-31,35556.80539356,35556.806300523,35556.879962376,38.3330078125,38.3330078125,0,,0
9824,GF-30-CAM-31,35557.085603303,35557.088641383,35557.146739626,38.3330078125,38.3330078125,0,,0
9826,GF-30-CAM-31,35557.367777532,35557.36928682,35557.429531392,38.3330078125,38.3330078125,0,,0
9828,GF-30-CAM-31,35557.623586163,35557.628326958,35557.670082889,38.3330078125,38.3330078125,0,,0
9830,GF-30-CAM-31,35557.860073104,35557.861540344,35557.948180842,38.3330078125,38.3330078125,0,,0
9832,GF-30-CAM-31,35558.151617641,35558.153280862,35558.219062988,38.3330078125,38.3330078125,0,,0
9834,GF-30-CAM-31,35558.444907393,35558.446055266,35558.509236158,38.3330078125,38.3330078125,0,,0
9836,GF-30-CAM-31,35558.720690151,35558.722196903,35558.770779127,38.3330078125,38.3330078125,0,,0
9838,GF-30-CAM-31,35558.987261288,35558.988583022,35559.059876064,38.3330078125,38.3330078125,0,,0
9840,GF-30-CAM-31,35559.257519899,35559.26030992,35559.330604331,38.3330078125,38.3330078125,0,,0
9842,GF-30-CAM-31,35559.548926163,35559.551724125,35559.609747762,38.3330078125,38.3330078125,0,,0
9844,GF-30-CAM-31,35559.79982968,35559.800654171,35559.851998045,38.3330078125,38.3330078125,0,,0
9846,GF-30-CAM-31,35560.046349697,35560.047313045,35560.120083085,38.3330078125,38.3330078125,0,,0
9848,GF-30-CAM-31,35560.314534946,35560.316022085,35560.385399855,38.3330078125,38.3330078125,0,,0
9850,GF-30-CAM-31,35560.599907542,35560.601219594,35560.660588822,38.3330078125,38.3330078125,0,,0
9852,GF-30-CAM-31,35560.879495231,35560.881926544,35560.951064365,38.3330078125,38.3330078125,0,,0
9854,GF-30-CAM-31,35561.140637293,35561.141600446,35561.209028579,38.3330078125,38.3330078125,0,,0
9856,GF-30-CAM-31,35561.433837963,35561.435222038,35561.484532008,38.3330078125,38.3330078125,0,,0
9858,GF-30-CAM-31,35561.687728096,35561.689296433,35561.779365546,38.3330078125,38.3330078125,0,,0
9860,GF-30-CAM-31,35561.980741968,35561.981677922,35562.041407183,38.3330078125,38.3330078125,0,,0
9862,GF-30-CAM-31,35562.263950522,35562.265287489,35562.323708681,38.3330078125,38.3330078125,0,,0
9864,GF-30-CAM-31,35562.513105368,35562.51436143,35562.584966379,38.3330078125,38.3330078125,0,,0
9866,GF-30-CAM-31,35562.767886454,35562.773684612,35562.848714632,38.3330078125,38.3330078125,0,,0
9868,GF-30-CAM-31,35563.046309816,35563.047716785,35563.121482487,38.3330078125,38.3330078125,0,,0
9870,GF-30-CAM-31,35563.328428189,35563.329422916,35563.371198986,38.3330078125,38.3330078125,0,,0
9872,GF-30-CAM-31,35563.553821119,35563.554755956,35563.607150704,38.3330078125,38.3330078125,0,,0
9874,GF-30-CAM-31,35563.795632415,35563.797585904,35563.848683596,38.3330078125,38.3330078125,0,,0
9876,GF-30-CAM-31,35564.0470487,35564.050050594,35564.100953448,38.3330078125,38.3330078125,0,,0
9878,GF-30-CAM-31,35564.286377937,35564.289029738,35564.334346017,38.3330078125,38.3330078125,0,,0
9880,GF-30-CAM-31,35564.566896524,35564.569738677,35564.6499338,38.3330078125,38.3330078125,0,,0
9882,GF-30-CAM-31,35564.838824599,35564.841067824,35564.899907846,38.3330078125,38.3330078125,0,,0
9884,GF-30-CAM-31,35565.101148821,35565.104999188,35565.178585354,38.3330078125,38.3330078125,0,,0
9886,GF-30-CAM-31,35565.375379339,35565.376767639,35565.448495901,38.3330078125,38.3330078125,0,,0
9888,GF-30-CAM-31,35565.650268855,35565.651309663,35565.712769589,38.3330078125,38.3330078125,0,,0
9890,GF-30-CAM-31,35565.936530273,35565.938208225,35565.975133039,38.3330078125,38.3330078125,0,,0
9892,GF-30-CAM-31,35566.159609864,35566.160778735,35566.220177232,38.3330078125,38.3330078125,0,,0
9894,GF-30-CAM-31,35566.413543897,35566.414937565,35566.449482826,38.3330078125,38.3330078125,0,,0
9896,GF-30-CAM-31,35566.686572414,35566.689358488,35566.726119679,38.3330078125,38.3330078125,0,,0
9898,GF-30-CAM-31,35566.933872411,35566.934997695,35566.986192379,38.3330078125,38.3330078125,0,,0
9900,GF-30-CAM-31,35567.174025916,35567.175923101,35567.208176694,38.3330078125,38.3330078125,0,,0
9902,GF-30-CAM-31,35567.411997534,35567.413284739,35567.483344436,38.3330078125,38.3330078125,0,,0
9904,GF-30-CAM-31,35567.717322777,35567.71827513,35567.765970648,38.3330078125,38.3330078125,0,,0
9906,GF-30-CAM-31,35567.979171508,35567.980196684,35568.041206097,38.3330078125,38.3330078125,0,,0
9908,GF-30-CAM-31,35568.247165976,35568.248415299,35568.30534461,38.3330078125,38.3330078125,0,,0
9910,GF-30-CAM-31,35568.600195298,35568.601826549,35568.662102984,38.3330078125,38.3330078125,0,,0
9912,GF-30-CAM-31,35568.875776407,35568.877675632,35568.940088937,38.3330078125,38.3330078125,0,,0
9914,GF-30-CAM-31,35569.13638981,35569.137669274,35569.19637868,38.3330078125,38.3330078125,0,,0
9916,GF-30-CAM-31,35569.407697375,35569.409222916,35569.471670145,38.3330078125,38.3330078125,0,,0
9918,GF-30-CAM-31,35569.682082137,35569.685570685,35569.744318449,38.3330078125,38.3330078125,0,,0
9920,GF-30-CAM-31,35569.946172543,35569.948762744,35570.016868578,38.3330078125,38.3330078125,0,,0
9922,GF-30-CAM-31,35570.191073785,35570.192387806,35570.245344036,38.3330078125,38.3330078125,0,,0
9924,GF-30-CAM-31,35570.433497793,35570.434554579,35570.484939298,38.3330078125,38.3330078125,0,,0
9926,GF-30-CAM-31,35570.700129534,35570.702556621,35570.752488553,38.3330078125,38.3330078125,0,,0
9928,GF-30-CAM-31,35570.952598112,35570.958531594,35571.006131184,38.3330078125,38.3330078125,0,,0
9930,GF-30-CAM-31,35571.205714518,35571.206378735,35571.250318823,38.3330078125,38.3330078125,0,,0
9932,GF-30-CAM-31,35571.418896949,35571.419782729,35571.461839456,38.3330078125,38.3330078125,0,,0
9934,GF-30-CAM-31,35571.683225617,35571.684663198,35571.745689151,38.3330078125,38.3330078125,0,,0
9936,GF-30-CAM-31,35571.926545602,35571.928101323,35571.981524379,38.3330078125,38.3330078125,0,,0
9938,GF-30-CAM-31,35572.20927118,35572.21046194,35572.263444049,38.3330078125,38.3330078125,0,,0
9940,GF-30-CAM-31,35572.478981032,35572.479486018,35572.536486947,38.3330078125,38.3330078125,0,,0
9942,GF-30-CAM-31,35572.726198034,35572.727099028,35572.784359753,38.3330078125,38.3330078125,0,,0
9944,GF-30-CAM-31,35573.041092928,35573.042343649,35573.099907313,38.3330078125,38.3330078125,0,,0
9946,GF-30-CAM-31,35573.291763586,35573.293329042,35573.352204083,38.3330078125,38.3330078125,0,,0
9948,GF-30-CAM-31,35573.525421232,35573.526539237,35573.572843529,38.3330078125,38.3330078125,0,,0
9950,GF-30-CAM-31,35573.755538755,35573.757448765,35573.819164386,38.3330078125,38.3330078125,0,,0
9952,GF-30-CAM-31,35574.085571889,35574.088441511,35574.146643576,38.3330078125,38.3330078125,0,,0
9954,GF-30-CAM-31,35574.377043132,35574.37899042,35574.442366188,38.3330078125,38.3330078125,0,,0
9956,GF-30-CAM-31,35574.652685664,35574.65469885,35574.697246958,38.3330078125,38.3330078125,0,,0
9958,GF-30-CAM-31,35574.92124231,35574.921934257,35574.980703394,38.3330078125,38.3330078125,0,,0
9960,GF-30-CAM-31,35575.176997369,35575.178420226,35575.257527723,38.3330078125,38.3330078125,0,,0
9962,GF-30-CAM-31,35575.497072219,35575.499146237,35575.59912342,38.3330078125,38.3330078125,0,,0
9964,GF-30-CAM-31,35575.833150776,35575.834189484,35575.887890201,38.3330078125,38.3330078125,0,,0
9966,GF-30-CAM-31,35576.096635605,35576.097586865,35576.177128067,38.3330078125,38.3330078125,0,,0
9968,GF-30-CAM-31,35576.371470611,35576.374588939,35576.418479417,38.3330078125,38.3330078125,0,,0
9970,GF-30-CAM-31,35576.642808493,35576.64347746,35576.712473703,38.3330078125,38.3330078125,0,,0
9972,GF-30-CAM-31,35576.930423174,35576.932637677,35576.980233434,38.3330078125,38.3330078125,0,,0
9974,GF-30-CAM-31,35577.174268141,35577.175330863,35577.250854485,38.3330078125,38.3330078125,0,,0
9976,GF-30-CAM-31,35577.432779266,35577.434069554,35577.487422557,38.3330078125,38.3330078125,0,,0
9978,GF-30-CAM-31,35577.702893578,35577.704901846,35577.764336442,38.3330078125,38.3330078125,0,,0
9980,GF-30-CAM-31,35577.945193364,35577.948537615,35578.009025934,38.3330078125,38.3330078125,0,,0
9982,GF-30-CAM-31,35578.174554984,35578.175550345,35578.254440862,38.3330078125,38.3330078125,0,,0
9984,GF-30-CAM-31,35578.476816101,35578.478765317,35578.558331871,38.3330078125,38.3330078125,0,,0
9986,GF-30-CAM-31,35578.745947989,35578.749533868,35578.810878253,38.3330078125,38.3330078125,0,,0
9988,GF-30-CAM-31,35579.005215723,35579.007984719,35579.073776592,38.3330078125,38.3330078125,0,,0
9990,GF-30-CAM-31,35579.263815682,35579.273333997,35579.341969402,38.3330078125,38.3330078125,0,,0
9992,GF-30-CAM-31,35579.548330131,35579.549869363,35579.602678936,38.3330078125,38.3330078125,0,,0
9994,GF-30-CAM-31,35579.786167293,35579.788780107,35579.862737125,38.3330078125,38.3330078125,0,,0
9996,GF-30-CAM-31,35580.072617035,35580.075100017,35580.128950474,38.3330078125,38.3330078125,0,,0
9998,GF-30-CAM-31,35580.346394881,35580.34818217,35580.41897062,38.3330078125,38.3330078125,0,,0
10000,GF-30-CAM-31,35580.626216499,35580.6291103,35580.695406733,38.3330078125,38.3330078125,0,,0
10002,GF-30-CAM-31,35580.929569508,35580.931101085,35580.993658718,38.3330078125,38.3330078125,0,,0
10004,GF-30-CAM-31,35581.17924715,35581.182654977,35581.250856039,38.3330078125,38.3330078125,0,,0
10006,GF-30-CAM-31,35581.431558853,35581.432994769,35581.511248784,38.3330078125,38.3330078125,0,,0
10008,GF-30-CAM-31,35581.672718847,35581.673706644,35581.764905975,38.3330078125,38.3330078125,0,,0
10010,GF-30-CAM-31,35581.966608663,35581.967943618,35582.029884901,38.3330078125,38.3330078125,0,,0
10012,GF-30-CAM-31,35582.216971632,35582.21940336,35582.289863973,38.3330078125,38.3330078125,0,,0
10014,GF-30-CAM-31,35582.486143718,35582.487294214,35582.563548949,38.3330078125,38.3330078125,0,,0
10016,GF-30-CAM-31,35582.728123941,35582.729434747,35582.789304972,38.3330078125,38.3330078125,0,,0
10018,GF-30-CAM-31,35582.97634138,35582.977614453,35583.024412549,38.3330078125,38.3330078125,0,,0
10020,GF-30-CAM-31,35583.19724842,35583.198169719,35583.258606616,38.3330078125,38.3330078125,0,,0
10022,GF-30-CAM-31,35583.480918542,35583.483865781,35583.527948029,38.3330078125,38.3330078125,0,,0
10024,GF-30-CAM-31,35583.719142642,35583.720069053,35583.78336646,38.3330078125,38.3330078125,0,,0
10026,GF-30-CAM-31,35583.960214436,35583.961851198,35584.007612811,38.3330078125,38.3330078125,0,,0
10028,GF-30-CAM-31,35584.196709368,35584.20014161,35584.25605905,38.3330078125,38.3330078125,0,,0
10030,GF-30-CAM-31,35584.467227695,35584.468484218,35584.534215123,38.3330078125,38.3330078125,0,,0
10032,GF-30-CAM-31,35584.728178971,35584.733630194,35584.77983568,38.3330078125,38.3330078125,0,,0
10034,GF-30-CAM-31,35584.955742414,35584.956366958,35585.023199388,38.3330078125,38.3330078125,0,,0
10036,GF-30-CAM-31,35585.200409197,35585.20137592,35585.243561833,38.3330078125,38.3330078125,0,,0
10038,GF-30-CAM-31,35585.446823725,35585.448224235,35585.506138271,38.3330078125,38.3330078125,0,,0
10040,GF-30-CAM-31,35585.696672217,35585.698067463,35585.754997485,38.3330078125,38.3330078125,0,,0
10042,GF-30-CAM-31,35585.934418963,35585.939149249,35585.980935082,38.3330078125,38.3330078125,0,,0
10044,GF-30-CAM-31,35586.156116777,35586.157172413,35586.209127886,38.3330078125,38.3330078125,0,,0
10046,GF-30-CAM-31,35586.399269656,35586.400393836,35586.462295836,38.3330078125,38.3330078125,0,,0
10048,GF-30-CAM-31,35586.667675276,35586.668800946,35586.720852263,38.3330078125,38.3330078125,0,,0
10050,GF-30-CAM-31,35586.897220789,35586.899217362,35586.953212055,38.3330078125,38.3330078125,0,,0
10052,GF-30-CAM-31,35587.141899353,35587.142802855,35587.204741333,38.3330078125,38.3330078125,0,,0
10054,GF-30-CAM-31,35587.406403389,35587.409551431,35587.483119156,38.3330078125,38.3330078125,0,,0
10056,GF-30-CAM-31,35587.689027512,35587.689930805,35587.745157085,38.3330078125,38.3330078125,0,,0
10058,GF-30-CAM-31,35587.94995511,35587.950875567,35588.006247945,38.3330078125,38.3330078125,0,,0
10060,GF-30-CAM-31,35588.169225291,35588.170302748,35588.223768588,38.3330078125,38.3330078125,0,,0
10062,GF-30-CAM-31,35588.433155948,35588.43474708,35588.471836971,38.3330078125,38.3330078125,0,,0
10064,GF-30-CAM-31,35588.673931783,35588.675154239,35588.752922581,38.3330078125,38.3330078125,0,,0
10066,GF-30-CAM-31,35588.950200028,35588.951417072,35589.011112562,38.3330078125,38.3330078125,0,,0
10068,GF-30-CAM-31,35589.202575021,35589.203963739,35589.266207509,38.3330078125,38.3330078125,0,,0
10070,GF-30-CAM-31,35589.44188043,35589.443262614,35589.511849696,38.3330078125,38.3330078125,0,,0
10072,GF-30-CAM-31,35589.735531452,35589.7368004,35589.805487718,38.3330078125,38.3330078125,0,,0
10074,GF-30-CAM-31,35590.000406156,35590.001056735,35590.062203797,38.3330078125,38.3330078125,0,,0
10076,GF-30-CAM-31,35590.247750799,35590.24949788,35590.295044461,38.3330078125,38.3330078125,0,,0
10078,GF-30-CAM-31,35590.486942649,35590.48839052,35590.551197029,38.3330078125,38.3330078125,0,,0
10080,GF-30-CAM-31,35590.768945935,35590.770295537,35590.827562969,38.3330078125,38.3330078125,0,,0
10082,GF-30-CAM-31,35591.020531148,35591.02267343,35591.078152736,38.3330078125,38.3330078125,0,,0
10084,GF-30-CAM-31,35591.25501084,35591.257383078,35591.337673114,38.3330078125,38.3330078125,0,,0
10086,GF-30-CAM-31,35591.519460235,35591.520841919,35591.571489237,38.3330078125,38.3330078125,0,,0
10088,GF-30-CAM-31,35591.786586029,35591.788246986,35591.84102746,38.3330078125,38.3330078125,0,,0
10090,GF-30-CAM-31,35592.0367046,35592.037972262,35592.105669607,38.3330078125,38.3330078125,0,,0
10092,GF-30-CAM-31,35592.289122579,35592.290296819,35592.341284091,38.3330078125,38.3330078125,0,,0
10094,GF-30-CAM-31,35592.523948846,35592.530061014,35592.583642712,38.3330078125,38.3330078125,0,,0
10096,GF-30-CAM-31,35592.784775868,35592.78615269,35592.836898278,38.3330078125,38.3330078125,0,,0
10098,GF-30-CAM-31,35593.046269683,35593.047693268,35593.119724663,38.3330078125,38.3330078125,0,,0
10100,GF-30-CAM-31,35593.325161278,35593.327219191,35593.37879856,38.3330078125,38.3330078125,0,,0
10102,GF-30-CAM-31,35593.56860318,35593.569312448,35593.628455117,38.3330078125,38.3330078125,0,,0
10104,GF-30-CAM-31,35593.790187368,35593.791052056,35593.837239848,38.3330078125,38.3330078125,0,,0
10106,GF-30-CAM-31,35594.023699391,35594.024640873,35594.085092422,38.3330078125,38.3330078125,0,,0
10108,GF-30-CAM-31,35594.270372782,35594.271380444,35594.31265228,38.3330078125,38.3330078125,0,,0
10110,GF-30-CAM-31,35594.526873081,35594.527722558,35594.57967168,38.3330078125,38.3330078125,0,,0
10112,GF-30-CAM-31,35594.770251671,35594.771221286,35594.810961784,38.3330078125,38.3330078125,0,,0
10114,GF-30-CAM-31,35594.986144681,35594.987179201,35595.045451709,38.3330078125,38.3330078125,0,,0
10116,GF-30-CAM-31,35595.248841957,35595.250046301,35595.301367259,38.3330078125,38.3330078125,0,,0
10118,GF-30-CAM-31,35595.485218408,35595.485987012,35595.534476352,38.3330078125,38.3330078125,0,,0
10120,GF-30-CAM-31,35595.724485867,35595.72520861,35595.772938859,38.3330078125,38.3330078125,0,,0
10122,GF-30-CAM-31,35595.994018224,35595.996970657,35596.063427767,38.3330078125,38.3330078125,0,,0
10124,GF-30-CAM-31,35596.255955437,35596.256792591,35596.300842285,38.3330078125,38.3330078125,0,,0
10126,GF-30-CAM-31,35596.498282056,35596.499289023,35596.556143932,38.3330078125,38.3330078125,0,,0
10128,GF-30-CAM-31,35596.737216721,35596.738274377,35596.819920064,38.3330078125,38.3330078125,0,,0
10130,GF-30-CAM-31,35597.040271392,35597.042424827,35597.088935827,38.3330078125,38.3330078125,0,,0
10132,GF-30-CAM-31,35597.298275914,35597.299028514,35597.345830131,38.3330078125,38.3330078125,0,,0
10134,GF-30-CAM-31,35597.51726539,35597.519677067,35597.603701207,38.3330078125,38.3330078125,0,,0
10136,GF-30-CAM-31,35597.804574421,35597.806913722,35597.867062945,38.3330078125,38.3330078125,0,,0
10138,GF-30-CAM-31,35598.058504754,35598.060303534,35598.111879151,38.3330078125,38.3330078125,0,,0
10140,GF-30-CAM-31,35598.296493665,35598.299528887,35598.346220591,38.3330078125,38.3330078125,0,,0
10142,GF-30-CAM-31,35598.553574729,35598.555498919,35598.621124928,38.3330078125,38.3330078125,0,,0
10144,GF-30-CAM-31,35598.805024064,35598.806783237,35598.879391251,38.3330078125,38.3330078125,0,,0
10146,GF-30-CAM-31,35599.075601026,35599.07708496,35599.134738939,38.3330078125,38.3330078125,0,,0
10148,GF-30-CAM-31,35599.323546554,35599.325996905,35599.382740823,38.3330078125,38.3330078125,0,,0
10150,GF-30-CAM-31,35599.581772031,35599.583469688,35599.640962337,38.3330078125,38.3330078125,0,,0
10152,GF-30-CAM-31,35599.82080399,35599.821387955,35599.871489173,38.3330078125,38.3330078125,0,,0
10154,GF-30-CAM-31,35600.071887502,35600.072933885,35600.131048477,38.3330078125,38.3330078125,0,,0
10156,GF-30-CAM-31,35600.326339753,35600.330378418,35600.382275003,38.3330078125,38.3330078125,0,,0
10158,GF-30-CAM-31,35600.567100694,35600.568306944,35600.623448337,38.3330078125,38.3330078125,0,,0
10160,GF-30-CAM-31,35600.851016582,35600.851963837,35600.900986206,38.3330078125,38.3330078125,0,,0
10162,GF-30-CAM-31,35601.122879798,35601.123598348,35601.169302462,38.3330078125,38.3330078125,0,,0
10164,GF-30-CAM-31,35601.367238263,35601.368824245,35601.434723372,38.3330078125,38.3330078125,0,,0
10166,GF-30-CAM-31,35601.622303429,35601.623414012,35601.682582724,38.3330078125,38.3330078125,0,,0
10168,GF-30-CAM-31,35601.876701802,35601.879027348,35601.939820854,38.3330078125,38.3330078125,0,,0
10170,GF-30-CAM-31,35602.122039638,35602.122828973,35602.185541266,38.3330078125,38.3330078125,0,,0
10172,GF-30-CAM-31,35602.38271266,35602.383698793,35602.42825663,38.3330078125,38.3330078125,0,,0
10174,GF-30-CAM-31,35602.622830521,35602.623861016,35602.668388387,38.3330078125,38.3330078125,0,,0
10176,GF-30-CAM-31,35602.836177476,35602.837412823,35602.904347667,38.3330078125,38.3330078125,0,,0
10178,GF-30-CAM-31,35603.075142946,35603.079839749,35603.174374772,38.3330078125,38.3330078125,0,,0
10180,GF-30-CAM-31,35603.40194232,35603.402874654,35603.462497305,38.3330078125,38.3330078125,0,,0
10182,GF-30-CAM-31,35603.648782343,35603.650663112,35603.705417301,38.3330078125,38.3330078125,0,,0
10184,GF-30-CAM-31,35603.94281309,35603.943643044,35603.983118435,38.3330078125,38.3330078125,0,,0
10186,GF-30-CAM-31,35604.164837938,35604.166121675,35604.235837884,38.3330078125,38.3330078125,0,,0
10188,GF-30-CAM-31,35604.430017631,35604.434208601,35604.497806752,38.3330078125,38.3330078125,0,,0
10190,GF-30-CAM-31,35604.715334416,35604.716589875,35604.757913067,38.3330078125,38.3330078125,0,,0
10192,GF-30-CAM-31,35604.98971461,35604.991292405,35605.053636851,38.3330078125,38.3330078125,0,,0
10194,GF-30-CAM-31,35605.250915855,35605.25231783,35605.312159819,38.3330078125,38.3330078125,0,,0
10196,GF-30-CAM-31,35605.505170065,35605.505904767,35605.566173398,38.3330078125,38.3330078125,0,,0
10198,GF-30-CAM-31,35605.803984636,35605.807262152,35605.869642008,38.3330078125,38.3330078125,0,,0
10200,GF-30-CAM-31,35606.092938711,35606.094929932,35606.160639257,38.3330078125,38.3330078125,0,,0
10202,GF-30-CAM-31,35606.346348439,35606.347062905,35606.403934357,38.3330078125,38.3330078125,0,,0
10204,GF-30-CAM-31,35606.585581549,35606.587043115,35606.651710438,38.3330078125,38.3330078125,0,,0
10206,GF-30-CAM-31,35606.874672249,35606.877110826,35606.938984514,38.3330078125,38.3330078125,0,,0
10208,GF-30-CAM-31,35607.193588643,35607.194550063,35607.261791642,38.3330078125,38.3330078125,0,,0
10210,GF-30-CAM-31,35607.55440216,35607.555416787,35607.6533542,38.3330078125,38.3330078125,0,,0
10212,GF-30-CAM-31,35607.848800559,35607.849909658,35607.951556462,38.3330078125,38.3330078125,0,,0
10214,GF-30-CAM-31,35608.160832833,35608.162566425,35608.238544354,38.3330078125,38.3330078125,0,,0
10216,GF-30-CAM-31,35608.468111753,35608.469367167,35608.527373001,38.3330078125,38.3330078125,0,,0
10218,GF-30-CAM-31,35608.726387745,35608.748774023,35608.811176183,38.3330078125,38.3330078125,0,,0
10220,GF-30-CAM-31,35609.103463796,35609.105085596,35609.160147144,38.3330078125,38.3330078125,0,,0
10222,GF-30-CAM-31,35609.349274491,35609.351667037,35609.432312124,38.3330078125,38.3330078125,0,,0
10224,GF-30-CAM-31,35609.628650604,35609.629702172,35609.68786627,38.3330078125,38.3330078125,0,,0
10226,GF-30-CAM-31,35609.893769638,35609.895349082,35609.946948035,38.3330078125,38.3330078125,0,,0
10228,GF-30-CAM-31,35610.157573057,35610.159459139,35610.219652125,38.3330078125,38.3330078125,0,,0
10230,GF-30-CAM-31,35610.445199888,35610.446775756,35610.519720808,38.3330078125,38.3330078125,0,,0
10232,GF-30-CAM-31,35610.734323623,35610.735870484,35610.780105515,38.3330078125,38.3330078125,0,,0
10234,GF-30-CAM-31,35611.002413081,35611.003375837,35611.063796247,38.3330078125,38.3330078125,0,,0
10236,GF-30-CAM-31,35611.258768779,35611.259881751,35611.330195359,38.3330078125,38.3330078125,0,,0
10238,GF-30-CAM-31,35611.547025273,35611.548348868,35611.648352373,38.3330078125,38.3330078125,0,,0
10240,GF-30-CAM-31,35611.846130712,35611.8486452,35611.895129499,38.3330078125,38.3330078125,0,,0
10242,GF-30-CAM-31,35612.112484827,35612.113403317,35612.149530928,38.3330078125,38.3330078125,0,,0
10244,GF-30-CAM-31,35612.371363894,35612.372416456,35612.446583897,38.3330078125,38.3330078125,0,,0
10246,GF-30-CAM-31,35612.627941989,35612.629214698,35612.687453631,38.3330078125,38.3330078125,0,,0
10248,GF-30-CAM-31,35612.883310127,35612.884281376,35612.932130141,38.3330078125,38.3330078125,0,,0
10250,GF-30-CAM-31,35613.137430515,35613.13951836,35613.197212172,38.3330078125,38.3330078125,0,,0
10252,GF-30-CAM-31,35613.394586874,35613.39590806,35613.448703815,38.3330078125,38.3330078125,0,,0
10254,GF-30-CAM-31,35613.654205285,35613.655164101,35613.745024922,38.3330078125,38.3330078125,0,,0
10256,GF-30-CAM-31,35613.932661917,35613.93353828,35613.988240071,38.3330078125,38.3330078125,0,,0
10258,GF-30-CAM-31,35614.185104501,35614.187719252,35614.230761724,38.3330078125,38.3330078125,0,,0
10260,GF-30-CAM-31,35614.447708078,35614.455583203,35614.514648552,38.3330078125,38.3330078125,0,,0
10262,GF-30-CAM-31,35614.731810733,35614.733053351,35614.77207744,38.3330078125,38.3330078125,0,,0
10264,GF-30-CAM-31,35614.966986174,35614.968271795,35615.017549291,38.3330078125,38.3330078125,0,,0
10266,GF-30-CAM-31,35615.211223092,35615.212488809,35615.265002399,38.3330078125,38.3330078125,0,,0
10268,GF-30-CAM-31,35615.499215656,35615.500742813,35615.56586194,38.3330078125,38.3330078125,0,,0
10270,GF-30-CAM-31,35615.807973034,35615.808901368,35615.894096456,38.3330078125,38.3330078125,0,,0
10272,GF-30-CAM-31,35616.117237828,35616.118454868,35616.207835673,38.3330078125,38.3330078125,0,,0
10274,GF-30-CAM-31,35616.408699958,35616.41027838,35616.508955308,38.3330078125,38.3330078125,0,,0
10276,GF-30-CAM-31,35616.697861002,35616.699364391,35616.756823714,38.3330078125,38.3330078125,0,,0
10278,GF-30-CAM-31,35616.939583737,35616.941867397,35616.992333061,38.3330078125,38.3330078125,0,,0
10280,GF-30-CAM-31,35617.213364295,35617.215340368,35617.281873091,38.3330078125,38.3330078125,0,,0
10282,GF-30-CAM-31,35617.492972038,35617.493837338,35617.555458832,38.3330078125,38.3330078125,0,,0
10284,GF-30-CAM-31,35617.745379634,35617.750730789,35617.799605064,38.3330078125,38.3330078125,0,,0
10286,GF-30-CAM-31,35617.999108649,35618.00030129,35618.058587293,38.3330078125,38.3330078125,0,,0
10288,GF-30-CAM-31,35618.276484262,35618.277747032,35618.319198933,38.3330078125,38.3330078125,0,,0
10290,GF-30-CAM-31,35618.533067521,35618.535409843,35618.576254022,38.3330078125,38.3330078125,0,,0
10292,GF-30-CAM-31,35618.78927974,35618.790684189,35618.824628219,38.3330078125,38.3330078125,0,,0
10294,GF-30-CAM-31,35619.0179161,35619.019239855,35619.080920112,38.3330078125,38.3330078125,0,,0
10296,GF-30-CAM-31,35619.281437659,35619.28394287,35619.338140567,38.3330078125,38.3330078125,0,,0
10298,GF-30-CAM-31,35619.552601287,35619.553623903,35619.595213948,38.3330078125,38.3330078125,0,,0
10300,GF-30-CAM-31,35619.794480459,35619.796455537,35619.876886205,38.3330078125,38.3330078125,0,,0
10302,GF-30-CAM-31,35620.114178028,35620.115136077,35620.157882229,38.3330078125,38.3330078125,0,,0
10304,GF-30-CAM-31,35620.366218376,35620.367636215,35620.423553957,38.3330078125,38.3330078125,0,,0
10306,GF-30-CAM-31,35620.628949237,35620.629692024,35620.694966006,38.3330078125,38.3330078125,0,,0
10308,GF-30-CAM-31,35620.894137776,35620.896050904,35620.963781584,38.3330078125,38.3330078125,0,,0
10310,GF-30-CAM-31,35621.151786164,35621.15318432,35621.227595358,38.3330078125,38.3330078125,0,,0
10312,GF-30-CAM-31,35621.419236204,35621.430865743,35621.481566396,38.3330078125,38.3330078125,0,,0
10314,GF-30-CAM-31,35621.681385049,35621.682784082,35621.75002391,38.3330078125,38.3330078125,0,,0
10316,GF-30-CAM-31,35621.996523591,35621.998136831,35622.082751238,38.3330078125,38.3330078125,0,,0
10318,GF-30-CAM-31,35622.306355435,35622.307707752,35622.361922154,38.3330078125,38.3330078125,0,,0
10320,GF-30-CAM-31,35622.564467238,35622.565571027,35622.632129262,38.3330078125,38.3330078125,0,,0
10322,GF-30-CAM-31,35622.822915583,35622.841363766,35622.883406296,38.3330078125,38.3330078125,0,,0
10324,GF-30-CAM-31,35623.102405781,35623.103659248,35623.171771306,38.3330078125,38.3330078125,0,,0
10326,GF-30-CAM-31,35623.397369241,35623.398975178,35623.452745905,38.3330078125,38.3330078125,0,,0
10328,GF-30-CAM-31,35623.660480763,35623.661142203,35623.732149586,38.3330078125,38.3330078125,0,,0
10330,GF-30-CAM-31,35623.924679591,35623.92592478,35623.991691683,38.3330078125,38.3330078125,0,,0
10332,GF-30-CAM-31,35624.18708431,35624.188166241,35624.227587467,38.3330078125,38.3330078125,0,,0
10334,GF-30-CAM-31,35624.430488089,35624.432139598,35624.484257533,38.3330078125,38.3330078125,0,,0
10336,GF-30-CAM-31,35624.678361088,35624.681064204,35624.735049293,38.3330078125,38.3330078125,0,,0
10338,GF-30-CAM-31,35624.923415615,35624.924810459,35624.982689499,38.3330078125,38.3330078125,0,,0
10340,GF-30-CAM-31,35625.200409668,35625.205584514,35625.267938564,38.3330078125,38.3330078125,0,,0
10342,GF-30-CAM-31,35625.477850812,35625.478779939,35625.562578928,38.3330078125,38.3330078125,0,,0
10344,GF-30-CAM-31,35625.788397179,35625.789733465,35625.855944472,38.3330078125,38.3330078125,0,,0
10346,GF-30-CAM-31,35626.064427253,35626.065722521,35626.121246988,38.3330078125,38.3330078125,0,,0
10348,GF-30-CAM-31,35626.321615752,35626.322919327,35626.384377846,38.3330078125,38.3330078125,0,,0
10350,GF-30-CAM-31,35626.610977242,35626.612459874,35626.70181054,38.3330078125,38.3330078125,0,,0
10352,GF-30-CAM-31,35626.921060065,35626.923643444,35626.972064197,38.3330078125,38.3330078125,0,,0
10354,GF-30-CAM-31,35627.168730873,35627.171596814,35627.253421328,38.3330078125,38.3330078125,0,,0
10356,GF-30-CAM-31,35627.451404225,35627.455818263,35627.526345288,38.3330078125,38.3330078125,0,,0
10358,GF-30-CAM-31,35627.724168214,35627.725227009,35627.780669345,38.3330078125,38.3330078125,0,,0
10360,GF-30-CAM-31,35627.972844962,35627.973812163,35628.066538321,38.3330078125,38.3330078125,0,,0
10362,GF-30-CAM-31,35628.257382052,35628.258446103,35628.318157201,38.3330078125,38.3330078125,0,,0
10364,GF-30-CAM-31,35628.541504896,35628.54310613,35628.619914925,38.3330078125,38.3330078125,0,,0
10366,GF-30-CAM-31,35628.820934693,35628.821740695,35628.856802723,38.3330078125,38.3330078125,0,,0
10368,GF-30-CAM-31,35629.083471911,35629.084559683,35629.136592127,38.3330078125,38.3330078125,0,,0
10370,GF-30-CAM-31,35629.337701822,35629.339058193,35629.387489486,38.3330078125,38.3330078125,0,,0
10372,GF-30-CAM-31,35629.579272604,35629.581464409,35629.648862852,38.3330078125,38.3330078125,0,,0
10374,GF-30-CAM-31,35629.825524432,35629.826464099,35629.901422179,38.3330078125,38.3330078125,0,,0
10376,GF-30-CAM-31,35630.109410638,35630.110656752,35630.190659049,38.3330078125,38.3330078125,0,,0
10378,GF-30-CAM-31,35630.422151998,35630.424959805,35630.503555779,38.3330078125,38.3330078125,0,,0
10380,GF-30-CAM-31,35630.710302981,35630.711992965,35630.783512645,38.3330078125,38.3330078125,0,,0
10382,GF-30-CAM-31,35630.988216727,35630.989805223,35631.053461581,38.3330078125,38.3330078125,0,,0
10384,GF-30-CAM-31,35631.249438061,35631.265190208,35631.311485151,38.3330078125,38.3330078125,0,,0
10386,GF-30-CAM-31,35631.519524915,35631.521787209,35631.598433234,38.3330078125,38.3330078125,0,,0
10388,GF-30-CAM-31,35631.785693623,35631.786470066,35631.844079451,38.3330078125,38.3330078125,0,,0
10390,GF-30-CAM-31,35632.083710064,35632.086902042,35632.158857354,38.3330078125,38.3330078125,0,,0
10392,GF-30-CAM-31,35632.391184735,35632.39231289,35632.425148205,38.3330078125,38.3330078125,0,,0
10394,GF-30-CAM-31,35632.603742492,35632.605507953,35632.665664858,38.3330078125,38.3330078125,0,,0
10396,GF-30-CAM-31,35632.89371275,35632.89535997,35632.950185454,38.3330078125,38.3330078125,0,,0
10398,GF-30-CAM-31,35633.170821347,35633.1741167,35633.232562394,38.3330078125,38.3330078125,0,,0
10400,GF-30-CAM-31,35633.493735269,35633.494671506,35633.549938469,38.3330078125,38.3330078125,0,,0
10402,GF-30-CAM-31,35633.776621561,35633.77922228,35633.835868006,38.3330078125,38.3330078125,0,,0
10404,GF-30-CAM-31,35634.050819809,35634.05216536,35634.110957758,38.3330078125,38.3330078125,0,,0
10406,GF-30-CAM-31,35634.319273042,35634.320354421,35634.398852643,38.3330078125,38.3330078125,0,,0
10408,GF-30-CAM-31,35634.608468622,35634.610309272,35634.657968567,38.3330078125,38.3330078125,0,,0
10410,GF-30-CAM-31,35634.860490123,35634.864054689,35634.942987851,38.3330078125,38.3330078125,0,,0
10412,GF-30-CAM-31,35635.151943738,35635.153248273,35635.204245593,38.3330078125,38.3330078125,0,,0
10414,GF-30-CAM-31,35635.402597273,35635.40442966,35635.47643175,38.3330078125,38.3330078125,0,,0
10416,GF-30-CAM-31,35635.680591447,35635.682112699,35635.75771588,38.3330078125,38.3330078125,0,,0
10418,GF-30-CAM-31,35635.972798605,35635.974998814,35636.040540385,38.3330078125,38.3330078125,0,,0
10420,GF-30-CAM-31,35636.243360561,35636.244296528,35636.332207037,38.3330078125,38.3330078125,0,,0
10422,GF-30-CAM-31,35636.550801753,35636.553469027,35636.611182612,38.3330078125,38.3330078125,0,,0
10424,GF-30-CAM-31,35636.813494386,35636.816095813,35636.846283642,38.3330078125,38.3330078125,0,,0
10426,GF-30-CAM-31,35637.07222842,35637.073653237,35637.124533324,38.3330078125,38.3330078125,0,,0
10428,GF-30-CAM-31,35637.362861003,35637.364780388,35637.414699877,38.3330078125,38.3330078125,0,,0
10430,GF-30-CAM-31,35637.612017116,35637.613331775,35637.663447856,38.3330078125,38.3330078125,0,,0
10432,GF-30-CAM-31,35637.867783176,35637.870152403,35637.932016442,38.3330078125,38.3330078125,0,,0
10434,GF-30-CAM-31,35638.119622051,35638.121302778,35638.175407354,38.3330078125,38.3330078125,0,,0
10436,GF-30-CAM-31,35638.395974602,35638.397436006,35638.450260495,38.3330078125,38.3330078125,0,,0
10438,GF-30-CAM-31,35638.665352878,35638.668818254,35638.719682756,38.3330078125,38.3330078125,0,,0
10440,GF-30-CAM-31,35638.914030683,35638.916601599,35638.97024709,38.3330078125,38.3330078125,0,,0
10442,GF-30-CAM-31,35639.150179674,35639.151691828,35639.216492303,38.3330078125,38.3330078125,0,,0
10444,GF-30-CAM-31,35639.396020616,35639.397435214,35639.477800153,38.3330078125,38.3330078125,0,,0
10446,GF-30-CAM-31,35639.693403751,35639.698738439,35639.743168531,38.3330078125,38.3330078125,0,,0
10448,GF-30-CAM-31,35639.940919732,35639.94172641,35640.027875011,38.3330078125,38.3330078125,0,,0
10450,GF-30-CAM-31,35640.237046819,35640.238355345,35640.287587509,38.3330078125,38.3330078125,0,,0
10452,GF-30-CAM-31,35640.510079875,35640.511064189,35640.590025267,38.3330078125,38.3330078125,0,,0
10454,GF-30-CAM-31,35640.827130765,35640.828824304,35640.91440456,38.3330078125,38.3330078125,0,,0
10456,GF-30-CAM-31,35641.092797887,35641.093936538,35641.154444477,38.3330078125,38.3330078125,0,,0
10458,GF-30-CAM-31,35641.358262367,35641.359958839,35641.424614063,38.3330078125,38.3330078125,0,,0
10460,GF-30-CAM-31,35641.635672864,35641.637386713,35641.701762114,38.3330078125,38.3330078125,0,,0
10462,GF-30-CAM-31,35641.900447223,35641.903521058,35641.962370186,38.3330078125,38.3330078125,0,,0
10464,GF-30-CAM-31,35642.162714204,35642.163871802,35642.2385103,38.3330078125,38.3330078125,0,,0
10466,GF-30-CAM-31,35642.413985567,35642.415788716,35642.479061828,38.3330078125,38.3330078125,0,,0
10468,GF-30-CAM-31,35642.706267927,35642.70755552,35642.774149747,38.3330078125,38.3330078125,0,,0
10470,GF-30-CAM-31,35642.988558953,35642.990935389,35643.07608262,38.3330078125,38.3330078125,0,,0
10472,GF-30-CAM-31,35643.254468226,35643.255193539,35643.315223112,38.3330078125,38.3330078125,0,,0
10474,GF-30-CAM-31,35643.518045181,35643.519414508,35643.567100194,38.3330078125,38.3330078125,0,,0
10476,GF-30-CAM-31,35643.795411615,35643.799168393,35643.864867323,38.3330078125,38.3330078125,0,,0
10478,GF-30-CAM-31,35644.07064327,35644.073313082,35644.115759277,38.3330078125,38.3330078125,0,,0
10480,GF-30-CAM-31,35644.348164526,35644.349300824,35644.430198237,38.3330078125,38.3330078125,0,,0
10482,GF-30-CAM-31,35644.654981834,35644.655908258,35644.741337381,38.3330078125,38.3330078125,0,,0
10484,GF-30-CAM-31,35644.954032571,35644.955131826,35645.053798573,38.3330078125,38.3330078125,0,,0
10486,GF-30-CAM-31,35645.243068266,35645.244134112,35645.289509187,38.3330078125,38.3330078125,0,,0
10488,GF-30-CAM-31,35645.555838568,35645.563838259,35645.636592381,38.3330078125,38.3330078125,0,,0
10490,GF-30-CAM-31,35645.840518038,35645.843644495,35645.890494432,38.3330078125,38.3330078125,0,,0
10492,GF-30-CAM-31,35646.067800777,35646.06849543,35646.132330082,38.3330078125,38.3330078125,0,,0
10494,GF-30-CAM-31,35646.325289193,35646.326089289,35646.374116684,38.3330078125,38.3330078125,0,,0
10496,GF-30-CAM-31,35646.56529699,35646.566176621,35646.620185556,38.3330078125,38.3330078125,0,,0
10498,GF-30-CAM-31,35646.833729341,35646.835508361,35646.904521913,38.3330078125,38.3330078125,0,,0
10500,GF-30-CAM-31,35647.093986927,35647.095265424,35647.145262775,38.3330078125,38.3330078125,0,,0
10502,GF-30-CAM-31,35647.38940707,35647.390851382,35647.437775456,38.3330078125,38.3330078125,0,,0
10504,GF-30-CAM-31,35647.637705661,35647.638673432,35647.685718553,38.3330078125,38.3330078125,0,,0
10506,GF-30-CAM-31,35647.870248011,35647.871064894,35647.929980206,38.3330078125,38.3330078125,0,,0
10508,GF-30-CAM-31,35648.117682591,35648.118846783,35648.186142013,38.3330078125,38.3330078125,0,,0
10510,GF-30-CAM-31,35648.388655023,35648.390614894,35648.467482961,38.3330078125,38.3330078125,0,,0
10512,GF-30-CAM-31,35648.683136601,35648.685495436,35648.746837246,38.3330078125,38.3330078125,0,,0
10514,GF-30-CAM-31,35648.925801046,35648.926998618,35648.980292173,38.3330078125,38.3330078125,0,,0
10516,GF-30-CAM-31,35649.187572332,35649.189134681,35649.247810827,38.3330078125,38.3330078125,0,,0
10518,GF-30-CAM-31,35649.438178253,35649.43922363,35649.518281902,38.3330078125,38.3330078125,0,,0
10520,GF-30-CAM-31,35649.718743875,35649.720598226,35649.780989967,38.3330078125,38.3330078125,0,,0
10522,GF-30-CAM-31,35649.997932921,35650.002509487,35650.060857109,38.3330078125,38.3330078125,0,,0
10524,GF-30-CAM-31,35650.243272454,35650.244646883,35650.292543978,38.3330078125,38.3330078125,0,,0
10526,GF-30-CAM-31,35650.501201763,35650.502080184,35650.550370465,38.3330078125,38.3330078125,0,,0
10528,GF-30-CAM-31,35650.752361649,35650.753985042,35650.844701747,38.3330078125,38.3330078125,0,,0
10530,GF-30-CAM-31,35651.029459253,35651.030424001,35651.090053088,38.3330078125,38.3330078125,0,,0
10532,GF-30-CAM-31,35651.307946489,35651.31128689,35651.374756848,38.3330078125,38.3330078125,0,,0
10534,GF-30-CAM-31,35651.619709772,35651.621428344,35651.690977465,38.3330078125,38.3330078125,0,,0
10536,GF-30-CAM-31,35651.868974492,35651.870956808,35651.913367161,38.3330078125,38.3330078125,0,,0
10538,GF-30-CAM-31,35652.089552989,35652.090755059,35652.145544342,38.3330078125,38.3330078125,0,,0
10540,GF-30-CAM-31,35652.348881963,35652.350273845,35652.417632938,38.3330078125,38.3330078125,0,,0
10542,GF-30-CAM-31,35652.610826481,35652.611827643,35652.671422305,38.3330078125,38.3330078125,0,,0
10544,GF-30-CAM-31,35652.860316729,35652.862178679,35652.926800749,38.3330078125,38.3330078125,0,,0
10546,GF-30-CAM-31,35653.141754463,35653.144575006,35653.204524248,38.3330078125,38.3330078125,0,,0
10548,GF-30-CAM-31,35653.391593808,35653.393413948,35653.4530908,38.3330078125,38.3330078125,0,,0
10550,GF-30-CAM-31,35653.673582947,35653.676224954,35653.729636933,38.3330078125,38.3330078125,0,,0
10552,GF-30-CAM-31,35653.94955707,35653.950840516,35654.004830066,38.3330078125,38.3330078125,0,,0
10554,GF-30-CAM-31,35654.198355018,35654.200766723,35654.258481468,38.3330078125,38.3330078125,0,,0
10556,GF-30-CAM-31,35654.460246489,35654.461505486,35654.521023863,38.3330078125,38.3330078125,0,,0
10558,GF-30-CAM-31,35654.697338831,35654.699386817,35654.770137032,38.3330078125,38.3330078125,0,,0
10560,GF-30-CAM-31,35654.957669208,35654.959479671,35655.008315038,38.3330078125,38.3330078125,0,,0
10562,GF-30-CAM-31,35655.207016614,35655.208279975,35655.269742468,38.3330078125,38.3330078125,0,,0
10564,GF-30-CAM-31,35655.475182944,35655.47657649,35655.537630261,38.3330078125,38.3330078125,0,,0
10566,GF-30-CAM-31,35655.72546969,35655.726550233,35655.779020108,38.3330078125,38.3330078125,0,,0
10568,GF-30-CAM-31,35655.962050074,35655.962854805,35656.014269145,38.3330078125,38.3330078125,0,,0
10570,GF-30-CAM-31,35656.213831455,35656.214899522,35656.268315155,38.3330078125,38.3330078125,0,,0
10572,GF-30-CAM-31,35656.488030769,35656.490396715,35656.535766553,38.3330078125,38.3330078125,0,,0
10574,GF-30-CAM-31,35656.733321726,35656.734243532,35656.787926814,38.3330078125,38.3330078125,0,,0
10576,GF-30-CAM-31,35656.992052122,35656.993471818,35657.065272689,38.3330078125,38.3330078125,0,,0
10578,GF-30-CAM-31,35657.290197038,35657.291724526,35657.348592143,38.3330078125,38.3330078125,0,,0
10580,GF-30-CAM-31,35657.546542852,35657.547911956,35657.628118204,38.3330078125,38.3330078125,0,,0
10582,GF-30-CAM-31,35657.876076827,35657.87718851,35657.940623512,38.3330078125,38.3330078125,0,,0
10584,GF-30-CAM-31,35658.135040595,35658.136020416,35658.199037576,38.3330078125,38.3330078125,0,,0
10586,GF-30-CAM-31,35658.404039385,35658.405599216,35658.479989202,38.3330078125,38.3330078125,0,,0
10588,GF-30-CAM-31,35658.657591286,35658.658513901,35658.72182994,38.3330078125,38.3330078125,0,,0
10590,GF-30-CAM-31,35658.907650446,35658.908292282,35658.968876931,38.3330078125,38.3330078125,0,,0
10592,GF-30-CAM-31,35659.200712517,35659.202036288,35659.252341523,38.3330078125,38.3330078125,0,,0
10594,GF-30-CAM-31,35659.432025316,35659.433612022,35659.48127383,38.3330078125,38.3330078125,0,,0
10596,GF-30-CAM-31,35659.672323445,35659.67375826,35659.726819132,38.3330078125,38.3330078125,0,,0
10598,GF-30-CAM-31,35659.913879851,35659.914618755,35659.986763382,38.3330078125,38.3330078125,0,,0
10600,GF-30-CAM-31,35660.26469935,35660.267719145,35660.34434313,38.3330078125,38.3330078125,0,,0
10602,GF-30-CAM-31,35660.546215232,35660.547542693,35660.601831839,38.3330078125,38.3330078125,0,,0
10604,GF-30-CAM-31,35660.816483998,35660.817261304,35660.873082451,38.3330078125,38.3330078125,0,,0
10606,GF-30-CAM-31,35661.067835204,35661.069978741,35661.119941874,38.3330078125,38.3330078125,0,,0
10608,GF-30-CAM-31,35661.302385879,35661.303146752,35661.362432834,38.3330078125,38.3330078125,0,,0
10610,GF-30-CAM-31,35661.58398244,35661.585381739,35661.670613827,38.3330078125,38.3330078125,0,,0
10612,GF-30-CAM-31,35661.883342729,35661.893263526,35661.950399383,38.3330078125,38.3330078125,0,,0
10614,GF-30-CAM-31,35662.17861678,35662.180018304,35662.240556467,38.3330078125,38.3330078125,0,,0
10616,GF-30-CAM-31,35662.438366147,35662.439399054,35662.498475423,38.3330078125,38.3330078125,0,,0
10618,GF-30-CAM-31,35662.708422041,35662.709684269,35662.762843015,38.3330078125,38.3330078125,0,,0
10620,GF-30-CAM-31,35662.953665112,35662.954444897,35663.015191662,38.3330078125,38.3330078125,0,,0
10622,GF-30-CAM-31,35663.213715905,35663.214379832,35663.280796537,38.3330078125,38.3330078125,0,,0
10624,GF-30-CAM-31,35663.466801842,35663.467589295,35663.519477132,38.3330078125,38.3330078125,0,,0
10626,GF-30-CAM-31,35663.720685722,35663.721609744,35663.775975663,38.3330078125,38.3330078125,0,,0
10628,GF-30-CAM-31,35664.009939944,35664.010995699,35664.066638319,38.3330078125,38.3330078125,0,,0
10630,GF-30-CAM-31,35664.266904931,35664.270302492,35664.324317904,38.3330078125,38.3330078125,0,,0
10632,GF-30-CAM-31,35664.503156349,35664.50413711,35664.562418749,38.3330078125,38.3330078125,0,,0
10634,GF-30-CAM-31,35664.790605281,35664.791489777,35664.856064736,38.3330078125,38.3330078125,0,,0
10636,GF-30-CAM-31,35665.02744003,35665.028401242,35665.097563276,38.3330078125,38.3330078125,0,,0
10638,GF-30-CAM-31,35665.293213398,35665.294706807,35665.364566525,38.3330078125,38.3330078125,0,,0
10640,GF-30-CAM-31,35665.571490171,35665.572254215,35665.635481675,38.3330078125,38.3330078125,0,,0
10642,GF-30-CAM-31,35665.836255862,35665.837622503,35665.921038642,38.3330078125,38.3330078125,0,,0
10644,GF-30-CAM-31,35666.131536613,35666.132787422,35666.195847093,38.3330078125,38.3330078125,0,,0
10646,GF-30-CAM-31,35666.394310445,35666.395561123,35666.465488246,38.3330078125,38.3330078125,0,,0
10648,GF-30-CAM-31,35666.666314327,35666.666933247,35666.715162867,38.3330078125,38.3330078125,0,,0
10650,GF-30-CAM-31,35666.913760819,35666.914822715,35667.015863889,38.3330078125,38.3330078125,0,,0
10652,GF-30-CAM-31,35667.22187443,35667.222849027,35667.273754397,38.3330078125,38.3330078125,0,,0
10654,GF-30-CAM-31,35667.490044953,35667.491480354,35667.574228404,38.3330078125,38.3330078125,0,,0
10656,GF-30-CAM-31,35667.783838209,35667.785696291,35667.83284131,38.3330078125,38.3330078125,0,,0
10658,GF-30-CAM-31,35668.05032294,35668.051519321,35668.111219732,38.3330078125,38.3330078125,0,,0
10660,GF-30-CAM-31,35668.310162905,35668.311379619,35668.368865075,38.3330078125,38.3330078125,0,,0
10662,GF-30-CAM-31,35668.574627761,35668.576229001,35668.638079508,38.3330078125,38.3330078125,0,,0
10664,GF-30-CAM-31,35668.842557936,35668.843488162,35668.902927149,38.3330078125,38.3330078125,0,,0
10666,GF-30-CAM-31,35669.128686402,35669.130531634,35669.193287534,38.3330078125,38.3330078125,0,,0
10668,GF-30-CAM-31,35669.393048075,35669.39420058,35669.437450525,38.3330078125,38.3330078125,0,,0
10670,GF-30-CAM-31,35669.626259082,35669.627458238,35669.721339807,38.3330078125,38.3330078125,0,,0
10672,GF-30-CAM-31,35669.963998206,35669.966154546,35670.058804303,38.3330078125,38.3330078125,0,,0
10674,GF-30-CAM-31,35670.233584105,35670.237336083,35670.312840041,38.3330078125,38.3330078125,0,,0
10676,GF-30-CAM-31,35670.529341343,35670.53043559,35670.583891925,38.3330078125,38.3330078125,0,,0
10678,GF-30-CAM-31,35670.78208597,35670.783950865,35670.837746734,38.3330078125,38.3330078125,0,,0
10680,GF-30-CAM-31,35671.016510323,35671.019045556,35671.081919969,38.3330078125,38.3330078125,0,,0
10682,GF-30-CAM-31,35671.276707056,35671.278741107,35671.333818633,38.3330078125,38.3330078125,0,,0
10684,GF-30-CAM-31,35671.506544919,35671.50753301,35671.578177996,38.3330078125,38.3330078125,0,,0
10686,GF-30-CAM-31,35671.855201713,35671.857535481,35671.926837985,38.3330078125,38.3330078125,0,,0
10688,GF-30-CAM-31,35672.117586356,35672.119245461,35672.16522508,38.3330078125,38.3330078125,0,,0
10690,GF-30-CAM-31,35672.360459438,35672.361668229,35672.417190888,38.3330078125,38.3330078125,0,,0
10692,GF-30-CAM-31,35672.664628078,35672.666848185,35672.737695082,38.3330078125,38.3330078125,0,,0
10694,GF-30-CAM-31,35672.944797345,35672.947078881,35672.99487413,38.3330078125,38.3330078125,0,,0
10696,GF-30-CAM-31,35673.189948,35673.190724068,35673.24453009,38.3330078125,38.3330078125,0,,0
10698,GF-30-CAM-31,35673.451149017,35673.454442272,35673.507207574,38.3330078125,38.3330078125,0,,0
10700,GF-30-CAM-31,35673.732451116,35673.734281505,35673.785489242,38.3330078125,38.3330078125,0,,0
10702,GF-30-CAM-31,35673.980449566,35673.983294098,35674.047333821,38.3330078125,38.3330078125,0,,0
10704,GF-30-CAM-31,35674.250186176,35674.251719426,35674.285434407,38.3330078125,38.3330078125,0,,0
10706,GF-30-CAM-31,35674.497699158,35674.499154509,35674.547108702,38.3330078125,38.3330078125,0,,0
10708,GF-30-CAM-31,35674.709291052,35674.710636018,35674.770060351,38.3330078125,38.3330078125,0,,0
10710,GF-30-CAM-31,35674.966140818,35674.967314431,35675.014983735,38.3330078125,38.3330078125,0,,0
10712,GF-30-CAM-31,35675.219416598,35675.225019807,35675.2831536,38.3330078125,38.3330078125,0,,0
10714,GF-30-CAM-31,35675.483164702,35675.485579622,35675.548284059,38.3330078125,38.3330078125,0,,0
10716,GF-30-CAM-31,35675.747805249,35675.748790973,35675.787205163,38.3330078125,38.3330078125,0,,0
10718,GF-30-CAM-31,35676.008212651,35676.010742434,35676.055507555,38.3330078125,38.3330078125,0,,0
10720,GF-30-CAM-31,35676.248288894,35676.251429229,35676.306919107,38.3330078125,38.3330078125,0,,0
10722,GF-30-CAM-31,35676.504596532,35676.50641867,35676.581712755,38.3330078125,38.3330078125,0,,0
10724,GF-30-CAM-31,35676.754301506,35676.75514364,35676.822836383,38.3330078125,38.3330078125,0,,0
10726,GF-30-CAM-31,35677.008722646,35677.012225014,35677.056567738,38.3330078125,38.3330078125,0,,0
10728,GF-30-CAM-31,35677.258075072,35677.259201504,35677.305823817,38.3330078125,38.3330078125,0,,0
10730,GF-30-CAM-31,35677.487876995,35677.488883662,35677.534218588,38.3330078125,38.3330078125,0,,0
10732,GF-30-CAM-31,35677.781077487,35677.782684736,35677.835731376,38.3330078125,38.3330078125,0,,0
10734,GF-30-CAM-31,35678.093953091,35678.095309752,35678.159150706,38.3330078125,38.3330078125,0,,0
10736,GF-30-CAM-31,35678.347409488,35678.353173562,35678.41043855,38.3330078125,38.3330078125,0,,0
10738,GF-30-CAM-31,35678.624600859,35678.625427488,35678.669904989,38.3330078125,38.3330078125,0,,0
10740,GF-30-CAM-31,35678.854764827,35678.858068493,35678.92008914,38.3330078125,38.3330078125,0,,0
10742,GF-30-CAM-31,35679.116556317,35679.118017002,35679.168423928,38.3330078125,38.3330078125,0,,0
10744,GF-30-CAM-31,35679.386725302,35679.389079742,35679.450201698,38.3330078125,38.3330078125,0,,0
10746,GF-30-CAM-31,35679.656527484,35679.657472995,35679.699235648,38.3330078125,38.3330078125,0,,0
10748,GF-30-CAM-31,35679.898018752,35679.899355204,35679.953026086,38.3330078125,38.3330078125,0,,0
10750,GF-30-CAM-31,35680.158978503,35680.161397875,35680.204165111,38.3330078125,38.3330078125,0,,0
10752,GF-30-CAM-31,35680.447943045,35680.450361516,35680.499341662,38.3330078125,38.3330078125,0,,0
10754,GF-30-CAM-31,35680.72324081,35680.724377302,35680.778225718,38.3330078125,38.3330078125,0,,0
10756,GF-30-CAM-31,35680.949953889,35680.950953787,35681.009244374,38.3330078125,38.3330078125,0,,0
10758,GF-30-CAM-31,35681.214168959,35681.216045328,35681.266168814,38.3330078125,38.3330078125,0,,0
10760,GF-30-CAM-31,35681.478550802,35681.482084988,35681.560939686,38.3330078125,38.3330078125,0,,0
10762,GF-30-CAM-31,35681.782928406,35681.784185901,35681.842475088,38.3330078125,38.3330078125,0,,0
10764,GF-30-CAM-31,35682.036507454,35682.041512476,35682.098995063,38.3330078125,38.3330078125,0,,0
10766,GF-30-CAM-31,35682.309539057,35682.310961293,35682.375701846,38.3330078125,38.3330078125,0,,0
10768,GF-30-CAM-31,35682.598817681,35682.60030972,35682.670496966,38.3330078125,38.3330078125,0,,0
10770,GF-30-CAM-31,35682.869084685,35682.870304762,35682.917213022,38.3330078125,38.3330078125,0,,0
10772,GF-30-CAM-31,35683.110049809,35683.111984361,35683.174213188,38.3330078125,38.3330078125,0,,0
10774,GF-30-CAM-31,35683.388820383,35683.392013243,35683.446268562,38.3330078125,38.3330078125,0,,0
10776,GF-30-CAM-31,35683.651605009,35683.652251331,35683.699385565,38.3330078125,38.3330078125,0,,0
10778,GF-30-CAM-31,35683.888093988,35683.888977434,35683.939988116,38.3330078125,38.3330078125,0,,0
10780,GF-30-CAM-31,35684.124667826,35684.126586174,35684.183955449,38.3330078125,38.3330078125,0,,0
10782,GF-30-CAM-31,35684.377786603,35684.378993673,35684.448468612,38.3330078125,38.3330078125,0,,0
10784,GF-30-CAM-31,35684.662695596,35684.664487577,35684.718627004,38.3330078125,38.3330078125,0,,0
10786,GF-30-CAM-31,35684.918805872,35684.920314363,35684.983755816,38.3330078125,38.3330078125,0,,0
10788,GF-30-CAM-31,35685.170977656,35685.174137204,35685.25118029,38.3330078125,38.3330078125,0,,0
10790,GF-30-CAM-31,35685.511106297,35685.511889384,35685.569203271,38.3330078125,38.3330078125,0,,0
10792,GF-30-CAM-31,35685.776959573,35685.778378867,35685.830369248,38.3330078125,38.3330078125,0,,0
10794,GF-30-CAM-31,35686.027304055,35686.028137857,35686.084125147,38.3330078125,38.3330078125,0,,0
10796,GF-30-CAM-31,35686.281670058,35686.282779657,35686.326112734,38.3330078125,38.3330078125,0,,0
10798,GF-30-CAM-31,35686.554201234,35686.562842724,35686.597296247,38.3330078125,38.3330078125,0,,0
10800,GF-30-CAM-31,35686.797576472,35686.798835904,35686.847461663,38.3330078125,38.3330078125,0,,0
10802,GF-30-CAM-31,35687.041492966,35687.042992107,35687.116168206,38.3330078125,38.3330078125,0,,0
10804,GF-30-CAM-31,35687.302774358,35687.304209073,35687.358226675,38.3330078125,38.3330078125,0,,0
10806,GF-30-CAM-31,35687.554407008,35687.557528717,35687.613143724,38.3330078125,38.3330078125,0,,0
10808,GF-30-CAM-31,35687.804300803,35687.805916127,35687.850441311,38.3330078125,38.3330078125,0,,0
10810,GF-30-CAM-31,35688.07751619,35688.080251715,35688.146075748,38.3330078125,38.3330078125,0,,0
10812,GF-30-CAM-31,35688.335536691,35688.33838117,35688.398754213,38.3330078125,38.3330078125,0,,0
10814,GF-30-CAM-31,35688.604428667,35688.605366931,35688.646322233,38.3330078125,38.3330078125,0,,0
10816,GF-30-CAM-31,35688.814608423,35688.815456474,35688.863878173,38.3330078125,38.3330078125,0,,0
10818,GF-30-CAM-31,35689.055067124,35689.056435178,35689.106140471,38.3330078125,38.3330078125,0,,0
10820,GF-30-CAM-31,35689.319871822,35689.321318638,35689.381170791,38.3330078125,38.3330078125,0,,0
10822,GF-30-CAM-31,35689.576222406,35689.577882886,35689.645277241,38.3330078125,38.3330078125,0,,0
10824,GF-30-CAM-31,35689.885211263,35689.886787056,35689.935306629,38.3330078125,38.3330078125,0,,0
10826,GF-30-CAM-31,35690.120810468,35690.122191551,35690.181643439,38.3330078125,38.3330078125,0,,0
10828,GF-30-CAM-31,35690.357715782,35690.35879562,35690.410904006,38.3330078125,38.3330078125,0,,0
10830,GF-30-CAM-31,35690.627525719,35690.631015309,35690.688064064,38.3330078125,38.3330078125,0,,0
10832,GF-30-CAM-31,35690.858347539,35690.860256079,35690.924493279,38.3330078125,38.3330078125,0,,0
10834,GF-30-CAM-31,35691.155954997,35691.158329631,35691.258821618,38.3330078125,38.3330078125,0,,0
10836,GF-30-CAM-31,35691.453165422,35691.454437978,35691.506608528,38.3330078125,38.3330078125,0,,0
10838,GF-30-CAM-31,35691.703294076,35691.704433403,35691.764739227,38.3330078125,38.3330078125,0,,0
10840,GF-30-CAM-31,35691.956380488,35691.95686141,35691.990329923,38.3330078125,38.3330078125,0,,0
10842,GF-30-CAM-31,35692.197336428,35692.198771919,35692.265158507,38.3330078125,38.3330078125,0,,0
10844,GF-30-CAM-31,35692.451694455,35692.452748567,35692.50328576,38.3330078125,38.3330078125,0,,0
10846,GF-30-CAM-31,35692.721031486,35692.722441831,35692.792391474,38.3330078125,38.3330078125,0,,0
10848,GF-30-CAM-31,35693.029918354,35693.033368051,35693.105219036,38.3330078125,38.3330078125,0,,0
10850,GF-30-CAM-31,35693.305676897,35693.30692438,35693.354081688,38.3330078125,38.3330078125,0,,0
10852,GF-30-CAM-31,35693.546295231,35693.547451311,35693.604950304,38.3330078125,38.3330078125,0,,0
10854,GF-30-CAM-31,35693.790243942,35693.792107607,35693.852074467,38.3330078125,38.3330078125,0,,0
10856,GF-30-CAM-31,35694.016900038,35694.017733732,35694.054984204,38.3330078125,38.3330078125,0,,0
10858,GF-30-CAM-31,35694.249187707,35694.249866588,35694.300125125,38.3330078125,38.3330078125,0,,0
10860,GF-30-CAM-31,35694.49971115,35694.503444163,35694.551489213,38.3330078125,38.3330078125,0,,0
10862,GF-30-CAM-31,35694.775543309,35694.77758127,35694.846424862,38.3330078125,38.3330078125,0,,0
10864,GF-30-CAM-31,35695.004468958,35695.007254169,35695.066139105,38.3330078125,38.3330078125,0,,0
10866,GF-30-CAM-31,35695.280266799,35695.281555827,35695.332103126,38.3330078125,38.3330078125,0,,0
10868,GF-30-CAM-31,35695.516428101,35695.517388875,35695.571670154,38.3330078125,38.3330078125,0,,0
10870,GF-30-CAM-31,35695.76270108,35695.766420593,35695.820201354,38.3330078125,38.3330078125,0,,0
10872,GF-30-CAM-31,35696.022282068,35696.023760837,35696.089407179,38.3330078125,38.3330078125,0,,0
10874,GF-30-CAM-31,35696.281133867,35696.282204949,35696.329925869,38.3330078125,38.3330078125,0,,0
10876,GF-30-CAM-31,35696.533713381,35696.534505537,35696.596840542,38.3330078125,38.3330078125,0,,0
10878,GF-30-CAM-31,35696.795452604,35696.796237696,35696.850638411,38.3330078125,38.3330078125,0,,0
10880,GF-30-CAM-31,35697.045185749,35697.046468375,35697.12651843,38.3330078125,38.3330078125,0,,0
10882,GF-30-CAM-31,35697.331270347,35697.332682121,35697.373096129,38.3330078125,38.3330078125,0,,0
10884,GF-30-CAM-31,35697.597053797,35697.598327362,35697.64989842,38.3330078125,38.3330078125,0,,0
10886,GF-30-CAM-31,35697.862369031,35697.865135717,35697.918841282,38.3330078125,38.3330078125,0,,0
10888,GF-30-CAM-31,35698.134443932,35698.137916902,35698.202674881,38.3330078125,38.3330078125,0,,0
10890,GF-30-CAM-31,35698.410626157,35698.412474459,35698.46954972,38.3330078125,38.3330078125,0,,0
10892,GF-30-CAM-31,35698.653347821,35698.656044191,35698.71134677,38.3330078125,38.3330078125,0,,0
10894,GF-30-CAM-31,35698.889742306,35698.891176962,35698.953196803,38.3330078125,38.3330078125,0,,0
10896,GF-30-CAM-31,35699.167139358,35699.168142339,35699.226157966,38.3330078125,38.3330078125,0,,0
10898,GF-30-CAM-31,35699.418728384,35699.421178839,35699.476749142,38.3330078125,38.3330078125,0,,0
10900,GF-30-CAM-31,35699.674198961,35699.675469231,35699.739750546,38.3330078125,38.3330078125,0,,0
10902,GF-30-CAM-31,35699.944113057,35699.944956446,35700.008256363,38.3330078125,38.3330078125,0,,0
10904,GF-30-CAM-31,35700.204983401,35700.20613897,35700.255961996,38.3330078125,38.3330078125,0,,0
10906,GF-30-CAM-31,35700.475841545,35700.476773536,35700.532724651,38.3330078125,38.3330078125,0,,0
10908,GF-30-CAM-31,35700.696998822,35700.698451968,35700.759351526,38.3330078125,38.3330078125,0,,0
10910,GF-30-CAM-31,35700.946907983,35700.94774977,35701.003918412,38.3330078125,38.3330078125,0,,0
10912,GF-30-CAM-31,35701.203935568,35701.207224651,35701.281948035,38.3330078125,38.3330078125,0,,0
10914,GF-30-CAM-31,35701.529308246,35701.530715123,35701.637153497,38.3330078125,38.3330078125,0,,0
10916,GF-30-CAM-31,35701.825300368,35701.82658943,35701.90752758,38.3330078125,38.3330078125,0,,0
10918,GF-30-CAM-31,35702.114896023,35702.116987133,35702.164489161,38.3330078125,38.3330078125,0,,0
10920,GF-30-CAM-31,35702.366102847,35702.36719005,35702.425178993,38.3330078125,38.3330078125,0,,0
10922,GF-30-CAM-31,35702.650095322,35702.652438094,35702.714767841,38.3330078125,38.3330078125,0,,0
10924,GF-30-CAM-31,35702.933619213,35702.934672163,35702.977140845,38.3330078125,38.3330078125,0,,0
10926,GF-30-CAM-31,35703.195166844,35703.196732463,35703.24734982,38.3330078125,38.3330078125,0,,0
10928,GF-30-CAM-31,35703.446912063,35703.448329756,35703.51476973,38.3330078125,38.3330078125,0,,0
10930,GF-30-CAM-31,35703.699402825,35703.700282381,35703.755382386,38.3330078125,38.3330078125,0,,0
10932,GF-30-CAM-31,35703.954949084,35703.957443405,35704.009185099,38.3330078125,38.3330078125,0,,0
10934,GF-30-CAM-31,35704.202761862,35704.203639676,35704.255212717,38.3330078125,38.3330078125,0,,0
10936,GF-30-CAM-31,35704.434910973,35704.436944742,35704.489586382,38.3330078125,38.3330078125,0,,0
10938,GF-30-CAM-31,35704.672568894,35704.673339344,35704.72060477,38.3330078125,38.3330078125,0,,0
10940,GF-30-CAM-31,35704.932421488,35704.933782845,35704.989184012,38.3330078125,38.3330078125,0,,0
10942,GF-30-CAM-31,35705.195693524,35705.197133662,35705.246035337,38.3330078125,38.3330078125,0,,0
10944,GF-30-CAM-31,35705.427238151,35705.428457727,35705.489541863,38.3330078125,38.3330078125,0,,0
10946,GF-30-CAM-31,35705.68168511,35705.682397259,35705.727171366,38.3330078125,38.3330078125,0,,0
10948,GF-30-CAM-31,35705.925515649,35705.927266095,35705.984434693,38.3330078125,38.3330078125,0,,0
10950,GF-30-CAM-31,35706.171535389,35706.172291904,35706.223950105,38.3330078125,38.3330078125,0,,0
10952,GF-30-CAM-31,35706.412214551,35706.413261036,35706.471529776,38.3330078125,38.3330078125,0,,0
10954,GF-30-CAM-31,35706.69186041,35706.693248332,35706.759137374,38.3330078125,38.3330078125,0,,0
10956,GF-30-CAM-31,35706.947034505,35706.949548495,35707.010302701,38.3330078125,38.3330078125,0,,0
10958,GF-30-CAM-31,35707.208155597,35707.209529834,35707.256622269,38.3330078125,38.3330078125,0,,0
10960,GF-30-CAM-31,35707.455770256,35707.456585569,35707.507815819,38.3330078125,38.3330078125,0,,0
10962,GF-30-CAM-31,35707.709256392,35707.709959438,35707.760595811,38.3330078125,38.3330078125,0,,0
10964,GF-30-CAM-31,35707.954602155,35707.968185037,35708.019362877,38.3330078125,38.3330078125,0,,0
10966,GF-30-CAM-31,35708.238719327,35708.23984868,35708.30405964,38.3330078125,38.3330078125,0,,0
10968,GF-30-CAM-31,35708.534664449,35708.535621183,35708.603376902,38.3330078125,38.3330078125,0,,0
10970,GF-30-CAM-31,35708.826354263,35708.827776903,35708.877177305,38.3330078125,38.3330078125,0,,0
10972,GF-30-CAM-31,35709.144372126,35709.145565685,35709.186990031,38.3330078125,38.3330078125,0,,0
10974,GF-30-CAM-31,35709.433550582,35709.434460392,35709.536679575,38.3330078125,38.3330078125,0,,0
10976,GF-30-CAM-31,35709.774265599,35709.776141196,35709.851661847,38.3330078125,38.3330078125,0,,0
10978,GF-30-CAM-31,35710.092736616,35710.093747338,35710.15653053,38.3330078125,38.3330078125,0,,0
10980,GF-30-CAM-31,35710.344021517,35710.34568164,35710.394457687,38.3330078125,38.3330078125,0,,0
10982,GF-30-CAM-31,35710.607662812,35710.609778288,35710.673292575,38.3330078125,38.3330078125,0,,0
10984,GF-30-CAM-31,35710.849701005,35710.851324584,35710.933982154,38.3330078125,38.3330078125,0,,0
10986,GF-30-CAM-31,35711.106821044,35711.108458398,35711.204232716,38.3330078125,38.3330078125,0,,0
10988,GF-30-CAM-31,35711.418294763,35711.419250758,35711.477606788,38.3330078125,38.3330078125,0,,0
10990,GF-30-CAM-31,35711.686267542,35711.687422262,35711.733424972,38.3330078125,38.3330078125,0,,0
10992,GF-30-CAM-31,35711.963643591,35711.965445748,35712.030923086,38.3330078125,38.3330078125,0,,0
10994,GF-30-CAM-31,35712.262633974,35712.263562107,35712.323454263,38.3330078125,38.3330078125,0,,0
10996,GF-30-CAM-31,35712.499279753,35712.500402829,35712.578377647,38.3330078125,38.3330078125,0,,0
10998,GF-30-CAM-31,35712.740721077,35712.741979118,35712.80378502,38.3330078125,38.3330078125,0,,0
11000,GF-30-CAM-31,35713.006217574,35713.007637318,35713.061771596,38.3330078125,38.3330078125,0,,0
11002,GF-30-CAM-31,35713.246206793,35713.246877324,35713.287284933,38.3330078125,38.3330078125,0,,0
11004,GF-30-CAM-31,35713.504866508,35713.505985223,35713.562072322,38.3330078125,38.3330078125,0,,0
11006,GF-30-CAM-31,35713.750523188,35713.752182025,35713.829952593,38.3330078125,38.3330078125,0,,0
11008,GF-30-CAM-31,35714.030708816,35714.031483377,35714.093867971,38.3330078125,38.3330078125,0,,0
11010,GF-30-CAM-31,35714.277248902,35714.278293777,35714.32823373,38.3330078125,38.3330078125,0,,0
11012,GF-30-CAM-31,35714.52248235,35714.523267419,35714.587678217,38.3330078125,38.3330078125,0,,0
11014,GF-30-CAM-31,35714.770911657,35714.771812868,35714.840015237,38.3330078125,38.3330078125,0,,0
11016,GF-30-CAM-31,35715.04910564,35715.050266354,35715.095784976,38.3330078125,38.3330078125,0,,0
11018,GF-30-CAM-31,35715.325287884,35715.327075499,35715.389042325,38.3330078125,38.3330078125,0,,0
11020,GF-30-CAM-31,35715.556031988,35715.557221312,35715.604909132,38.3330078125,38.3330078125,0,,0
11022,GF-30-CAM-31,35715.791348913,35715.792580051,35715.860053122,38.3330078125,38.3330078125,0,,0
11024,GF-30-CAM-31,35716.03209682,35716.033032269,35716.089252882,38.3330078125,38.3330078125,0,,0
11026,GF-30-CAM-31,35716.295457733,35716.305573807,35716.368856132,38.3330078125,38.3330078125,0,,0
11028,GF-30-CAM-31,35716.622574085,35716.623625082,35716.674994058,38.3330078125,38.3330078125,0,,0
11030,GF-30-CAM-31,35716.913268922,35716.917504482,35716.980704559,38.3330078125,38.3330078125,0,,0
11032,GF-30-CAM-31,35717.1627024,35717.16566432,35717.214924922,38.3330078125,38.3330078125,0,,0
11034,GF-30-CAM-31,35717.424800588,35717.425570076,35717.470050079,38.3330078125,38.3330078125,0,,0
11036,GF-30-CAM-31,35717.687329307,35717.688595921,35717.768813506,38.3330078125,38.3330078125,0,,0
11038,GF-30-CAM-31,35717.943327671,35717.944305547,35718.016120346,38.3330078125,38.3330078125,0,,0
11040,GF-30-CAM-31,35718.206951,35718.208172757,35718.266595574,38.3330078125,38.3330078125,0,,0
11042,GF-30-CAM-31,35718.454793681,35718.455564133,35718.497621377,38.3330078125,38.3330078125,0,,0
11044,GF-30-CAM-31,35718.720365282,35718.722761879,35718.7750395,38.3330078125,38.3330078125,0,,0
11046,GF-30-CAM-31,35718.960371919,35718.961710399,35719.026369009,38.3330078125,38.3330078125,0,,0
11048,GF-30-CAM-31,35719.205176656,35719.206843861,35719.24975641,38.3330078125,38.3330078125,0,,0
11050,GF-30-CAM-31,35719.438065239,35719.438713178,35719.489553777,38.3330078125,38.3330078125,0,,0
11052,GF-30-CAM-31,35719.699927792,35719.701169112,35719.768367973,38.3330078125,38.3330078125,0,,0
11054,GF-30-CAM-31,35719.944473109,35719.947104028,35720.024975845,38.3330078125,38.3330078125,0,,0
11056,GF-30-CAM-31,35720.24528013,35720.246295822,35720.323943752,38.3330078125,38.3330078125,0,,0
11058,GF-30-CAM-31,35720.520312224,35720.521403527,35720.595341237,38.3330078125,38.3330078125,0,,0
11060,GF-30-CAM-31,35720.797717489,35720.798454339,35720.893309136,38.3330078125,38.3330078125,0,,0
11062,GF-30-CAM-31,35721.112365333,35721.113939311,35721.200522115,38.3330078125,38.3330078125,0,,0
11064,GF-30-CAM-31,35721.437099847,35721.438789112,35721.498698666,38.3330078125,38.3330078125,0,,0
11066,GF-30-CAM-31,35721.688784268,35721.690956188,35721.768741456,38.3330078125,38.3330078125,0,,0
11068,GF-30-CAM-31,35722.020333854,35722.021297785,35722.102157115,38.3330078125,38.3330078125,0,,0
11070,GF-30-CAM-31,35722.295763864,35722.296468855,35722.35127031,38.3330078125,38.3330078125,0,,0
11072,GF-30-CAM-31,35722.546096584,35722.547161308,35722.609840707,38.3330078125,38.3330078125,0,,0
11074,GF-30-CAM-31,35722.817779597,35722.819101849,35722.866579033,38.3330078125,38.3330078125,0,,0
11076,GF-30-CAM-31,35723.079532465,35723.080772598,35723.127153123,38.3330078125,38.3330078125,0,,0
11078,GF-30-CAM-31,35723.299196869,35723.300526111,35723.353335795,38.3330078125,38.3330078125,0,,0
11080,GF-30-CAM-31,35723.541201488,35723.542276754,35723.592454899,38.3330078125,38.3330078125,0,,0
11082,GF-30-CAM-31,35723.774068312,35723.776313543,35723.856745603,38.3330078125,38.3330078125,0,,0
11084,GF-30-CAM-31,35724.051171652,35724.052693027,35724.103442432,38.3330078125,38.3330078125,0,,0
11086,GF-30-CAM-31,35724.305490361,35724.306300954,35724.389992564,38.3330078125,38.3330078125,0,,0
11088,GF-30-CAM-31,35724.569512349,35724.578216355,35724.652835692,38.3330078125,38.3330078125,0,,0
11090,GF-30-CAM-31,35724.846454549,35724.847527488,35724.92481376,38.3330078125,38.3330078125,0,,0
11092,GF-30-CAM-31,35725.135045019,35725.136076157,35725.178632181,38.3330078125,38.3330078125,0,,0
11094,GF-30-CAM-31,35725.367979309,35725.369603056,35725.438697705,38.3330078125,38.3330078125,0,,0
11096,GF-30-CAM-31,35725.621189363,35725.62247796,35725.671080955,38.3330078125,38.3330078125,0,,0
11098,GF-30-CAM-31,35725.864150065,35725.866291234,35725.927464574,38.3330078125,38.3330078125,0,,0
11100,GF-30-CAM-31,35726.161281768,35726.162121054,35726.201819047,38.3330078125,38.3330078125,0,,0
11102,GF-30-CAM-31,35726.414704314,35726.415813389,35726.469568135,38.3330078125,38.3330078125,0,,0
11104,GF-30-CAM-31,35726.670968162,35726.671937005,35726.704865025,38.3330078125,38.3330078125,0,,0
11106,GF-30-CAM-31,35726.881024701,35726.882764557,35726.934728386,38.3330078125,38.3330078125,0,,0
11108,GF-30-CAM-31,35727.129810343,35727.133930137,35727.209629359,38.3330078125,38.3330078125,0,,0
11110,GF-30-CAM-31,35727.390595374,35727.391776075,35727.45073029,38.3330078125,38.3330078125,0,,0
11112,GF-30-CAM-31,35727.618184573,35727.619260347,35727.673196372,38.3330078125,38.3330078125,0,,0
11114,GF-30-CAM-31,35727.883986145,35727.885253131,35727.928725398,38.3330078125,38.3330078125,0,,0
11116,GF-30-CAM-31,35728.133838731,35728.134452282,35728.213506141,38.3330078125,38.3330078125,0,,0
11118,GF-30-CAM-31,35728.400711119,35728.401710677,35728.45329858,38.3330078125,38.3330078125,0,,0
11120,GF-30-CAM-31,35728.669962877,35728.671109878,35728.720825572,38.3330078125,38.3330078125,0,,0
11122,GF-30-CAM-31,35728.918085214,35728.919374693,35728.973360733,38.3330078125,38.3330078125,0,,0
11124,GF-30-CAM-31,35729.175824301,35729.176359235,35729.23647793,38.3330078125,38.3330078125,0,,0
11126,GF-30-CAM-31,35729.438617107,35729.441197218,35729.508859385,38.3330078125,38.3330078125,0,,0
11128,GF-30-CAM-31,35729.702743044,35729.703626639,35729.768294384,38.3330078125,38.3330078125,0,,0
11130,GF-30-CAM-31,35729.984725192,35729.986333027,35730.043082825,38.3330078125,38.3330078125,0,,0
11132,GF-30-CAM-31,35730.246528978,35730.247457862,35730.319670301,38.3330078125,38.3330078125,0,,0
11134,GF-30-CAM-31,35730.524904706,35730.525721498,35730.557775425,38.3330078125,38.3330078125,0,,0
11136,GF-30-CAM-31,35730.737450243,35730.739794177,35730.813377564,38.3330078125,38.3330078125,0,,0
11138,GF-30-CAM-31,35731.00510828,35731.006404248,35731.072316717,38.3330078125,38.3330078125,0,,0
11140,GF-30-CAM-31,35731.269463684,35731.270332513,35731.313484765,38.3330078125,38.3330078125,0,,0
11142,GF-30-CAM-31,35731.507397711,35731.508148253,35731.55088478,38.3330078125,38.3330078125,0,,0
11144,GF-30-CAM-31,35731.749638398,35731.7530743,35731.816762123,38.3330078125,38.3330078125,0,,0
11146,GF-30-CAM-31,35732.014513527,35732.016835594,35732.110996127,38.3330078125,38.3330078125,0,,0
11148,GF-30-CAM-31,35732.321880268,35732.323100761,35732.369145089,38.3330078125,38.3330078125,0,,0
11150,GF-30-CAM-31,35732.570747375,35732.572307019,35732.632388518,38.3330078125,38.3330078125,0,,0
11152,GF-30-CAM-31,35732.816725126,35732.81790347,35732.898159684,38.3330078125,38.3330078125,0,,0
11154,GF-30-CAM-31,35733.072199181,35733.073229029,35733.118199363,38.3330078125,38.3330078125,0,,0
11156,GF-30-CAM-31,35733.329413521,35733.330560194,35733.423464679,38.3330078125,38.3330078125,0,,0
11158,GF-30-CAM-31,35733.614942394,35733.616111215,35733.663559887,38.3330078125,38.3330078125,0,,0
11160,GF-30-CAM-31,35733.854248964,35733.855309533,35733.913519699,38.3330078125,38.3330078125,0,,0
11162,GF-30-CAM-31,35734.113312035,35734.116209858,35734.174840692,38.3330078125,38.3330078125,0,,0
11164,GF-30-CAM-31,35734.345628512,35734.347261392,35734.393483311,38.3330078125,38.3330078125,0,,0
11166,GF-30-CAM-31,35734.598929859,35734.607790724,35734.657803382,38.3330078125,38.3330078125,0,,0
11168,GF-30-CAM-31,35734.876572512,35734.878484846,35734.93832577,38.3330078125,38.3330078125,0,,0
11170,GF-30-CAM-31,35735.181400593,35735.182425226,35735.240730404,38.3330078125,38.3330078125,0,,0
11172,GF-30-CAM-31,35735.429627187,35735.431137137,35735.507408184,38.3330078125,38.3330078125,0,,0
11174,GF-30-CAM-31,35735.716779368,35735.719403618,35735.774856187,38.3330078125,38.3330078125,0,,0
11176,GF-30-CAM-31,35735.988114511,35735.989325075,35736.049693827,38.3330078125,38.3330078125,0,,0
11178,GF-30-CAM-31,35736.261638363,35736.262755918,35736.310397046,38.3330078125,38.3330078125,0,,0
11180,GF-30-CAM-31,35736.534431905,35736.537090219,35736.590212661,38.3330078125,38.3330078125,0,,0
11182,GF-30-CAM-31,35736.828731431,35736.830999612,35736.918503196,38.3330078125,38.3330078125,0,,0
11184,GF-30-CAM-31,35737.113785829,35737.117177301,35737.15494915,38.3330078125,38.3330078125,0,,0
11186,GF-30-CAM-31,35737.356074038,35737.358506851,35737.434274341,38.3330078125,38.3330078125,0,,0
11188,GF-30-CAM-31,35737.649128486,35737.651433536,35737.702779613,38.3330078125,38.3330078125,0,,0
11190,GF-30-CAM-31,35737.906159409,35737.907895651,35737.966970589,38.3330078125,38.3330078125,0,,0
11192,GF-30-CAM-31,35738.150873413,35738.153663235,35738.234948629,38.3330078125,38.3330078125,0,,0
11194,GF-30-CAM-31,35738.43333227,35738.434380697,35738.52231344,38.3330078125,38.3330078125,0,,0
11196,GF-30-CAM-31,35738.769153897,35738.770397121,35738.816746829,38.3330078125,38.3330078125,0,,0
11198,GF-30-CAM-31,35739.018653647,35739.01906305,35739.064012276,38.3330078125,38.3330078125,0,,0
11200,GF-30-CAM-31,35739.259680597,35739.261303085,35739.315271884,38.3330078125,38.3330078125,0,,0
11202,GF-30-CAM-31,35739.491562554,35739.492732785,35739.557647083,38.3330078125,38.3330078125,0,,0
11204,GF-30-CAM-31,35739.780494571,35739.78170634,35739.843442498,38.3330078125,38.3330078125,0,,0
11206,GF-30-CAM-31,35740.023534393,35740.024725666,35740.08214464,38.3330078125,38.3330078125,0,,0
11208,GF-30-CAM-31,35740.287649799,35740.289630452,35740.34038881,38.3330078125,38.3330078125,0,,0
11210,GF-30-CAM-31,35740.523957844,35740.525588422,35740.600838918,38.3330078125,38.3330078125,0,,0
11212,GF-30-CAM-31,35740.815638902,35740.816604039,35740.8766046,38.3330078125,38.3330078125,0,,0
11214,GF-30-CAM-31,35741.047263822,35741.048208453,35741.103462949,38.3330078125,38.3330078125,0,,0
11216,GF-30-CAM-31,35741.3119621,35741.313008637,35741.367944167,38.3330078125,38.3330078125,0,,0
11218,GF-30-CAM-31,35741.552871999,35741.55443158,35741.619516022,38.3330078125,38.3330078125,0,,0
11220,GF-30-CAM-31,35741.816915315,35741.818305697,35741.869330961,38.3330078125,38.3330078125,0,,0
11222,GF-30-CAM-31,35742.070440476,35742.072715745,35742.141830805,38.3330078125,38.3330078125,0,,0
11224,GF-30-CAM-31,35742.417589361,35742.41903515,35742.466164526,38.3330078125,38.3330078125,0,,0
11226,GF-30-CAM-31,35742.707313752,35742.709131904,35742.773072353,38.3330078125,38.3330078125,0,,0
11228,GF-30-CAM-31,35742.959771338,35742.960750723,35743.042258595,38.3330078125,38.3330078125,0,,0
11230,GF-30-CAM-31,35743.27562175,35743.278115005,35743.349611154,38.3330078125,38.3330078125,0,,0
11232,GF-30-CAM-31,35743.555693607,35743.557159812,35743.631208432,38.3330078125,38.3330078125,0,,0
11234,GF-30-CAM-31,35743.844662374,35743.845301786,35743.950568924,38.3330078125,38.3330078125,0,,0
11236,GF-30-CAM-31,35744.20247535,35744.203796382,35744.256971485,38.3330078125,38.3330078125,0,,0
11238,GF-30-CAM-31,35744.450210184,35744.451405803,35744.509305712,38.3330078125,38.3330078125,0,,0
11240,GF-30-CAM-31,35744.701249252,35744.704361718,35744.773105639,38.3330078125,38.3330078125,0,,0
11242,GF-30-CAM-31,35744.999321941,35745.001470795,35745.061677081,38.3330078125,38.3330078125,0,,0
11244,GF-30-CAM-31,35745.264552377,35745.266259506,35745.330846139,38.3330078125,38.3330078125,0,,0
11246,GF-30-CAM-31,35745.540927587,35745.54156504,35745.598804703,38.3330078125,38.3330078125,0,,0
11248,GF-30-CAM-31,35745.861244506,35745.86206494,35745.911315131,38.3330078125,38.3330078125,0,,0
11250,GF-30-CAM-31,35746.109610009,35746.111112745,35746.190572945,38.3330078125,38.3330078125,0,,0
11252,GF-30-CAM-31,35746.439863605,35746.441557941,35746.563393248,38.3330078125,38.3330078125,0,,0
11254,GF-30-CAM-31,35746.785103143,35746.790734714,35746.860647065,38.3330078125,38.3330078125,0,,0
11256,GF-30-CAM-31,35747.068436115,35747.071442018,35747.14040988,38.3330078125,38.3330078125,0,,0
11258,GF-30-CAM-31,35747.409185485,35747.41015965,35747.4726613,38.3330078125,38.3330078125,0,,0
11260,GF-30-CAM-31,35747.671110982,35747.673433461,35747.743293645,38.3330078125,38.3330078125,0,,0
11262,GF-30-CAM-31,35747.95575277,35747.957081597,35748.028048621,38.3330078125,38.3330078125,0,,0
11264,GF-30-CAM-31,35748.238836782,35748.240051901,35748.288736175,38.3330078125,38.3330078125,0,,0
11266,GF-30-CAM-31,35748.505600628,35748.509183179,35748.561773532,38.3330078125,38.3330078125,0,,0
11268,GF-30-CAM-31,35748.785591286,35748.786741854,35748.836401586,38.3330078125,38.3330078125,0,,0
11270,GF-30-CAM-31,35749.056641281,35749.061019936,35749.13918373,38.3330078125,38.3330078125,0,,0
11272,GF-30-CAM-31,35749.360253404,35749.362657496,35749.458902047,38.3330078125,38.3330078125,0,,0
11274,GF-30-CAM-31,35749.655572448,35749.659559365,35749.717953231,38.3330078125,38.3330078125,0,,0
11276,GF-30-CAM-31,35749.928266168,35749.929881932,35749.98755912,38.3330078125,38.3330078125,0,,0
11278,GF-30-CAM-31,35750.180159379,35750.181297128,35750.256297147,38.3330078125,38.3330078125,0,,0
11280,GF-30-CAM-31,35750.439363484,35750.44062657,35750.503011664,38.3330078125,38.3330078125,0,,0
11282,GF-30-CAM-31,35750.695209687,35750.69607571,35750.737307384,38.3330078125,38.3330078125,0,,0
11284,GF-30-CAM-31,35750.934197392,35750.935512906,35751.016488864,38.3330078125,38.3330078125,0,,0
11286,GF-30-CAM-31,35751.296536033,35751.298195249,35751.360517549,38.3330078125,38.3330078125,0,,0
11288,GF-30-CAM-31,35751.549460389,35751.552118371,35751.603498421,38.3330078125,38.3330078125,0,,0
11290,GF-30-CAM-31,35751.822145906,35751.823225585,35751.874412259,38.3330078125,38.3330078125,0,,0
11292,GF-30-CAM-31,35752.073175817,35752.074464455,35752.125359639,38.3330078125,38.3330078125,0,,0
11294,GF-30-CAM-31,35752.316373146,35752.317777336,35752.371398284,38.3330078125,38.3330078125,0,,0
11296,GF-30-CAM-31,35752.581735927,35752.583254585,35752.640764769,38.3330078125,38.3330078125,0,,0
11298,GF-30-CAM-31,35752.855240505,35752.856471854,35752.928889671,38.3330078125,38.3330078125,0,,0
11300,GF-30-CAM-31,35753.13705836,35753.138151839,35753.182313186,38.3330078125,38.3330078125,0,,0
11302,GF-30-CAM-31,35753.39505253,35753.39606632,35753.459082226,38.3330078125,38.3330078125,0,,0
11304,GF-30-CAM-31,35753.693301502,35753.6951217,35753.742090196,38.3330078125,38.3330078125,0,,0
11306,GF-30-CAM-31,35753.936987051,35753.938558566,35754.010297304,38.3330078125,38.3330078125,0,,0
11308,GF-30-CAM-31,35754.210414923,35754.211915608,35754.287299117,38.3330078125,38.3330078125,0,,0
11310,GF-30-CAM-31,35754.483570436,35754.48476054,35754.559370628,38.3330078125,38.3330078125,0,,0
11312,GF-30-CAM-31,35754.758881069,35754.760054,35754.83206294,38.3330078125,38.3330078125,0,,0
11314,GF-30-CAM-31,35755.072883943,35755.07401553,35755.120779518,38.3330078125,38.3330078125,0,,0
11316,GF-30-CAM-31,35755.313671761,35755.317369636,35755.375250469,38.3330078125,38.3330078125,0,,0
11318,GF-30-CAM-31,35755.554259117,35755.556331958,35755.609665477,38.3330078125,38.3330078125,0,,0
11320,GF-30-CAM-31,35755.791567602,35755.792572124,35755.858363108,38.3330078125,38.3330078125,0,,0
11322,GF-30-CAM-31,35756.071435362,35756.072387687,35756.14786497,38.3330078125,38.3330078125,0,,0
11324,GF-30-CAM-31,35756.393530523,35756.397615654,35756.460156302,38.3330078125,38.3330078125,0,,0
11326,GF-30-CAM-31,35756.647906471,35756.649306609,35756.700765872,38.3330078125,38.3330078125,0,,0
11328,GF-30-CAM-31,35756.887576944,35756.889399291,35756.95770234,38.3330078125,38.3330078125,0,,0
11330,GF-30-CAM-31,35757.145843647,35757.146938439,35757.226322722,38.3330078125,38.3330078125,0,,0
11332,GF-30-CAM-31,35757.423315702,35757.424748713,35757.484936574,38.3330078125,38.3330078125,0,,0
11334,GF-30-CAM-31,35757.675878966,35757.677668843,35757.731111377,38.3330078125,38.3330078125,0,,0
11336,GF-30-CAM-31,35757.894517103,35757.896473859,35757.951740569,38.3330078125,38.3330078125,0,,0
11338,GF-30-CAM-31,35758.150909882,35758.152798073,35758.228411777,38.3330078125,38.3330078125,0,,0
11340,GF-30-CAM-31,35758.446343583,35758.447121478,35758.50347976,38.3330078125,38.3330078125,0,,0
11342,GF-30-CAM-31,35758.687935715,35758.689682149,35758.742469314,38.3330078125,38.3330078125,0,,0
11344,GF-30-CAM-31,35758.947566657,35758.950470326,35758.992090602,38.3330078125,38.3330078125,0,,0
11346,GF-30-CAM-31,35759.211995117,35759.212859204,35759.260838795,38.3330078125,38.3330078125,0,,0
11348,GF-30-CAM-31,35759.445737501,35759.447022346,35759.51614685,38.3330078125,38.3330078125,0,,0
11350,GF-30-CAM-31,35759.707086819,35759.709239548,35759.785263945,38.3330078125,38.3330078125,0,,0
11352,GF-30-CAM-31,35759.976526429,35759.97728221,35760.029301559,38.3330078125,38.3330078125,0,,0
11354,GF-30-CAM-31,35760.237427818,35760.23873801,35760.324437811,38.3330078125,38.3330078125,0,,0
11356,GF-30-CAM-31,35760.52234386,35760.523436944,35760.572934614,38.3330078125,38.3330078125,0,,0
11358,GF-30-CAM-31,35760.772073833,35760.773600308,35760.828460189,38.3330078125,38.3330078125,0,,0
11360,GF-30-CAM-31,35761.04645131,35761.04840094,35761.126986119,38.3330078125,38.3330078125,0,,0
11362,GF-30-CAM-31,35761.320200225,35761.321239176,35761.369972376,38.3330078125,38.3330078125,0,,0
11364,GF-30-CAM-31,35761.588737413,35761.590058264,35761.637058935,38.3330078125,38.3330078125,0,,0
11366,GF-30-CAM-31,35761.821567819,35761.823033963,35761.900317616,38.3330078125,38.3330078125,0,,0
11368,GF-30-CAM-31,35762.093057336,35762.093994374,35762.170649855,38.3330078125,38.3330078125,0,,0
11370,GF-30-CAM-31,35762.346588349,35762.347575793,35762.387629233,38.3330078125,38.3330078125,0,,0
11372,GF-30-CAM-31,35762.570137489,35762.571229256,35762.618168,38.3330078125,38.3330078125,0,,0
11374,GF-30-CAM-31,35762.817667919,35762.819160809,35762.874404979,38.3330078125,38.3330078125,0,,0
11376,GF-30-CAM-31,35763.119552304,35763.121749993,35763.188256599,38.3330078125,38.3330078125,0,,0
11378,GF-30-CAM-31,35763.375083917,35763.3758981,35763.436755497,38.3330078125,38.3330078125,0,,0
11380,GF-30-CAM-31,35763.617512722,35763.619307941,35763.690421558,38.3330078125,38.3330078125,0,,0
11382,GF-30-CAM-31,35763.880185414,35763.881460441,35763.955617663,38.3330078125,38.3330078125,0,,0
11384,GF-30-CAM-31,35764.151348832,35764.152371164,35764.194747375,38.3330078125,38.3330078125,0,,0
11386,GF-30-CAM-31,35764.381193505,35764.384099139,35764.439387454,38.3330078125,38.3330078125,0,,0
11388,GF-30-CAM-31,35764.635648327,35764.636673468,35764.712025243,38.3330078125,38.3330078125,0,,0
11390,GF-30-CAM-31,35764.899809206,35764.900934646,35764.975669063,38.3330078125,38.3330078125,0,,0
11392,GF-30-CAM-31,35765.174632566,35765.176164033,35765.23649585,38.3330078125,38.3330078125,0,,0
11394,GF-30-CAM-31,35765.430458906,35765.432826962,35765.487185802,38.3330078125,38.3330078125,0,,0
11396,GF-30-CAM-31,35765.699964386,35765.701308771,35765.771336506,38.3330078125,38.3330078125,0,,0
11398,GF-30-CAM-31,35765.959915998,35765.961165584,35766.021346758,38.3330078125,38.3330078125,0,,0
11400,GF-30-CAM-31,35766.222133224,35766.223773199,35766.315589831,38.3330078125,38.3330078125,0,,0
11402,GF-30-CAM-31,35766.523985844,35766.524823405,35766.604949751,38.3330078125,38.3330078125,0,,0
11404,GF-30-CAM-31,35766.782150828,35766.783701667,35766.841513605,38.3330078125,38.3330078125,0,,0
11406,GF-30-CAM-31,35767.022880998,35767.024908807,35767.081802538,38.3330078125,38.3330078125,0,,0
11408,GF-30-CAM-31,35767.293216824,35767.294080052,35767.359038783,38.3330078125,38.3330078125,0,,0
11410,GF-30-CAM-31,35767.543058729,35767.543977832,35767.613677908,38.3330078125,38.3330078125,0,,0
11412,GF-30-CAM-31,35767.807502314,35767.809830287,35767.863795518,38.3330078125,38.3330078125,0,,0
11414,GF-30-CAM-31,35768.056121986,35768.057168903,35768.135701178,38.3330078125,38.3330078125,0,,0
11416,GF-30-CAM-31,35768.327197748,35768.329900753,35768.387287085,38.3330078125,38.3330078125,0,,0
11418,GF-30-CAM-31,35768.591251963,35768.592682267,35768.65512686,38.3330078125,38.3330078125,0,,0
11420,GF-30-CAM-31,35768.877618611,35768.883536431,35768.942969569,38.3330078125,38.3330078125,0,,0
11422,GF-30-CAM-31,35769.148192796,35769.150411296,35769.201733585,38.3330078125,38.3330078125,0,,0
11424,GF-30-CAM-31,35769.397362171,35769.398417177,35769.458249032,38.3330078125,38.3330078125,0,,0
11426,GF-30-CAM-31,35769.659173934,35769.660513713,35769.737767425,38.3330078125,38.3330078125,0,,0
11428,GF-30-CAM-31,35769.97824562,35769.980130309,35770.053311398,38.3330078125,38.3330078125,0,,0
11430,GF-30-CAM-31,35770.276629982,35770.277485786,35770.341523463,38.3330078125,38.3330078125,0,,0
11432,GF-30-CAM-31,35770.546275751,35770.547693919,35770.614848892,38.3330078125,38.3330078125,0,,0
11434,GF-30-CAM-31,35770.814731919,35770.815771078,35770.869602339,38.3330078125,38.3330078125,0,,0
11436,GF-30-CAM-31,35771.065709452,35771.06678481,35771.115681488,38.3330078125,38.3330078125,0,,0
11438,GF-30-CAM-31,35771.319093359,35771.320316193,35771.367409904,38.3330078125,38.3330078125,0,,0
11440,GF-30-CAM-31,35771.56555458,35771.566069784,35771.627414909,38.3330078125,38.3330078125,0,,0
11442,GF-30-CAM-31,35771.814514107,35771.81604096,35771.877303477,38.3330078125,38.3330078125,0,,0
11444,GF-30-CAM-31,35772.079707162,35772.081162564,35772.136688589,38.3330078125,38.3330078125,0,,0
11446,GF-30-CAM-31,35772.37003186,35772.37185511,35772.441147079,38.3330078125,38.3330078125,0,,0
11448,GF-30-CAM-31,35772.642143844,35772.643686409,35772.721872222,38.3330078125,38.3330078125,0,,0
11450,GF-30-CAM-31,35772.92593159,35772.927162606,35772.99697623,38.3330078125,38.3330078125,0,,0
11452,GF-30-CAM-31,35773.257963317,35773.259406457,35773.328879183,38.3330078125,38.3330078125,0,,0
11454,GF-30-CAM-31,35773.530232777,35773.532021754,35773.581574564,38.3330078125,38.3330078125,0,,0
11456,GF-30-CAM-31,35773.794908017,35773.796102317,35773.85706233,38.3330078125,38.3330078125,0,,0
11458,GF-30-CAM-31,35774.073469947,35774.077088201,35774.140640122,38.3330078125,38.3330078125,0,,0
11460,GF-30-CAM-31,35774.348133494,35774.34904886,35774.416616381,38.3330078125,38.3330078125,0,,0
11462,GF-30-CAM-31,35774.613780996,35774.614867496,35774.667334816,38.3330078125,38.3330078125,0,,0
11464,GF-30-CAM-31,35774.862717002,35774.863653632,35774.91353429,38.3330078125,38.3330078125,0,,0
11466,GF-30-CAM-31,35775.134633257,35775.136193346,35775.208319568,38.3330078125,38.3330078125,0,,0
11468,GF-30-CAM-31,35775.444926213,35775.44825131,35775.507569175,38.3330078125,38.3330078125,0,,0
11470,GF-30-CAM-31,35775.720204519,35775.72138952,35775.786417749,38.3330078125,38.3330078125,0,,0
11472,GF-30-CAM-31,35775.997871669,35775.999676334,35776.060502519,38.3330078125,38.3330078125,0,,0
11474,GF-30-CAM-31,35776.242808095,35776.245243071,35776.327699541,38.3330078125,38.3330078125,0,,0
11476,GF-30-CAM-31,35776.547098786,35776.548861424,35776.619066549,38.3330078125,38.3330078125,0,,0
11478,GF-30-CAM-31,35776.837015886,35776.838348159,35776.916174596,38.3330078125,38.3330078125,0,,0
11480,GF-30-CAM-31,35777.113855881,35777.115778956,35777.167556437,38.3330078125,38.3330078125,0,,0
11482,GF-30-CAM-31,35777.374463002,35777.382028105,35777.433542387,38.3330078125,38.3330078125,0,,0
11484,GF-30-CAM-31,35777.62440533,35777.627671427,35777.670584694,38.3330078125,38.3330078125,0,,0
11486,GF-30-CAM-31,35777.897985197,35777.898999048,35777.954787039,38.3330078125,38.3330078125,0,,0
11488,GF-30-CAM-31,35778.153488305,35778.154787586,35778.208364914,38.3330078125,38.3330078125,0,,0
11490,GF-30-CAM-31,35778.418877164,35778.419705689,35778.487428926,38.3330078125,38.3330078125,0,,0
11492,GF-30-CAM-31,35778.692832854,35778.693522716,35778.742721778,38.3330078125,38.3330078125,0,,0
11494,GF-30-CAM-31,35778.925945763,35778.926818637,35778.97306516,38.3330078125,38.3330078125,0,,0
11496,GF-30-CAM-31,35779.160214474,35779.16126215,35779.20462441,38.3330078125,38.3330078125,0,,0
11498,GF-30-CAM-31,35779.424887779,35779.42604222,35779.477102457,38.3330078125,38.3330078125,0,,0
11500,GF-30-CAM-31,35779.668295928,35779.670122597,35779.723151614,38.3330078125,38.3330078125,0,,0
11502,GF-30-CAM-31,35779.915629812,35779.91692739,35779.985208685,38.3330078125,38.3330078125,0,,0
11504,GF-30-CAM-31,35780.225496067,35780.227677621,35780.292625504,38.3330078125,38.3330078125,0,,0
11506,GF-30-CAM-31,35780.50041691,35780.501636238,35780.553964373,38.3330078125,38.3330078125,0,,0
11508,GF-30-CAM-31,35780.76198447,35780.76324911,35780.823921472,38.3330078125,38.3330078125,0,,0
11510,GF-30-CAM-31,35781.09481823,35781.096623366,35781.191397105,38.3330078125,38.3330078125,0,,0
11512,GF-30-CAM-31,35781.367967958,35781.368860246,35781.414355965,38.3330078125,38.3330078125,0,,0
11514,GF-30-CAM-31,35781.599971449,35781.602462468,35781.652973201,38.3330078125,38.3330078125,0,,0
11516,GF-30-CAM-31,35781.863032364,35781.863875029,35781.93482485,38.3330078125,38.3330078125,0,,0
11518,GF-30-CAM-31,35782.120268742,35782.12240068,35782.186577959,38.3330078125,38.3330078125,0,,0
11520,GF-30-CAM-31,35782.407914904,35782.409230086,35782.456635834,38.3330078125,38.3330078125,0,,0
11522,GF-30-CAM-31,35782.657159,35782.658216965,35782.706901878,38.3330078125,38.3330078125,0,,0
11524,GF-30-CAM-31,35782.907631614,35782.908488527,35782.953785452,38.3330078125,38.3330078125,0,,0
11526,GF-30-CAM-31,35783.141799142,35783.142884518,35783.208665778,38.3330078125,38.3330078125,0,,0
11528,GF-30-CAM-31,35783.387640491,35783.389014151,35783.449941815,38.3330078125,38.3330078125,0,,0
11530,GF-30-CAM-31,35783.664811711,35783.665898112,35783.73720563,38.3330078125,38.3330078125,0,,0
11532,GF-30-CAM-31,35783.930018343,35783.931165305,35783.974652069,38.3330078125,38.3330078125,0,,0
11534,GF-30-CAM-31,35784.152526111,35784.153738583,35784.206957495,38.3330078125,38.3330078125,0,,0
11536,GF-30-CAM-31,35784.40728474,35784.408234305,35784.458414249,38.3330078125,38.3330078125,0,,0
11538,GF-30-CAM-31,35784.683341423,35784.684224308,35784.743929923,38.3330078125,38.3330078125,0,,0
11540,GF-30-CAM-31,35784.928624722,35784.929437286,35785.005590207,38.3330078125,38.3330078125,0,,0
11542,GF-30-CAM-31,35785.203671443,35785.204901441,35785.267024544,38.3330078125,38.3330078125,0,,0
11544,GF-30-CAM-31,35785.441949386,35785.445937736,35785.492424144,38.3330078125,38.3330078125,0,,0
11546,GF-30-CAM-31,35785.71698855,35785.718225249,35785.762127369,38.3330078125,38.3330078125,0,,0
11548,GF-30-CAM-31,35785.969984939,35785.971837575,35786.013775429,38.3330078125,38.3330078125,0,,0
11550,GF-30-CAM-31,35786.213383919,35786.214070327,35786.256154366,38.3330078125,38.3330078125,0,,0
11552,GF-30-CAM-31,35786.465053271,35786.465878588,35786.518474966,38.3330078125,38.3330078125,0,,0
11554,GF-30-CAM-31,35786.73969919,35786.74114903,35786.8051167,38.3330078125,38.3330078125,0,,0
11556,GF-30-CAM-31,35786.991751923,35786.992637596,35787.042665305,38.3330078125,38.3330078125,0,,0
11558,GF-30-CAM-31,35787.251430898,35787.252488573,35787.33920174,38.3330078125,38.3330078125,0,,0
11560,GF-30-CAM-31,35787.533074973,35787.534659866,35787.592258267,38.3330078125,38.3330078125,0,,0
11562,GF-30-CAM-31,35787.78278858,35787.78433987,35787.860488908,38.3330078125,38.3330078125,0,,0
11564,GF-30-CAM-31,35788.057453156,35788.058874382,35788.12228337,38.3330078125,38.3330078125,0,,0
11566,GF-30-CAM-31,35788.326723933,35788.328008848,35788.374442012,38.3330078125,38.3330078125,0,,0
11568,GF-30-CAM-31,35788.600222025,35788.601160833,35788.651359343,38.3330078125,38.3330078125,0,,0
11570,GF-30-CAM-31,35788.863556835,35788.864850889,35788.907435706,38.3330078125,38.3330078125,0,,0
11572,GF-30-CAM-31,35789.095132941,35789.096762078,35789.149170894,38.3330078125,38.3330078125,0,,0
11574,GF-30-CAM-31,35789.343733952,35789.345378819,35789.394719284,38.3330078125,38.3330078125,0,,0
11576,GF-30-CAM-31,35789.601081934,35789.603293116,35789.676126872,38.3330078125,38.3330078125,0,,0
11578,GF-30-CAM-31,35789.901014529,35789.902066375,35789.969675889,38.3330078125,38.3330078125,0,,0
11580,GF-30-CAM-31,35790.136273994,35790.139446989,35790.188105227,38.3330078125,38.3330078125,0,,0
11582,GF-30-CAM-31,35790.408965407,35790.410312169,35790.472924059,38.3330078125,38.3330078125,0,,0
11584,GF-30-CAM-31,35790.70927699,35790.710154009,35790.764963768,38.3330078125,38.3330078125,0,,0
11586,GF-30-CAM-31,35790.97352093,35790.976412808,35791.039346268,38.3330078125,38.3330078125,0,,0
11588,GF-30-CAM-31,35791.215297205,35791.218120633,35791.285616466,38.3330078125,38.3330078125,0,,0
11590,GF-30-CAM-31,35791.476097993,35791.477375755,35791.522488118,38.3330078125,38.3330078125,0,,0
11592,GF-30-CAM-31,35791.791622168,35791.795535851,35791.830931884,38.3330078125,38.3330078125,0,,0
11594,GF-30-CAM-31,35792.038258912,35792.039367979,35792.111451809,38.3330078125,38.3330078125,0,,0
11596,GF-30-CAM-31,35792.30055087,35792.30240846,35792.355553134,38.3330078125,38.3330078125,0,,0
11598,GF-30-CAM-31,35792.555693724,35792.556647112,35792.629435099,38.3330078125,38.3330078125,0,,0
11600,GF-30-CAM-31,35792.819551721,35792.820641775,35792.871215312,38.3330078125,38.3330078125,0,,0
11602,GF-30-CAM-31,35793.084550361,35793.085454647,35793.166144096,38.3330078125,38.3330078125,0,,0
11604,GF-30-CAM-31,35793.35485229,35793.355914528,35793.420043778,38.3330078125,38.3330078125,0,,0
11606,GF-30-CAM-31,35793.606797049,35793.610337971,35793.66943913,38.3330078125,38.3330078125,0,,0
11608,GF-30-CAM-31,35793.869328674,35793.870233187,35793.915557923,38.3330078125,38.3330078125,0,,0
11610,GF-30-CAM-31,35794.165210512,35794.167058218,35794.246631522,38.3330078125,38.3330078125,0,,0
11612,GF-30-CAM-31,35794.456341952,35794.459544954,35794.515944114,38.3330078125,38.3330078125,0,,0
11614,GF-30-CAM-31,35794.71562438,35794.718051372,35794.770962169,38.3330078125,38.3330078125,0,,0
11616,GF-30-CAM-31,35794.949798687,35794.951254109,35795.010640239,38.3330078125,38.3330078125,0,,0
11618,GF-30-CAM-31,35795.214797027,35795.216800648,35795.262203474,38.3330078125,38.3330078125,0,,0
11620,GF-30-CAM-31,35795.461235357,35795.461971744,35795.503212346,38.3330078125,38.3330078125,0,,0
11622,GF-30-CAM-31,35795.698045241,35795.699381875,35795.763575124,38.3330078125,38.3330078125,0,,0
11624,GF-30-CAM-31,35795.948439927,35795.949230615,35796.005525069,38.3330078125,38.3330078125,0,,0
11626,GF-30-CAM-31,35796.219292002,35796.220614026,35796.283032643,38.3330078125,38.3330078125,0,,0
11628,GF-30-CAM-31,35796.477372525,35796.48325941,35796.559803399,38.3330078125,38.3330078125,0,,0
11630,GF-30-CAM-31,35796.771187809,35796.772192351,35796.826127181,38.3330078125,38.3330078125,0,,0
11632,GF-30-CAM-31,35797.042630488,35797.044483008,35797.098224913,38.3330078125,38.3330078125,0,,0
11634,GF-30-CAM-31,35797.289677716,35797.290700029,35797.341852696,38.3330078125,38.3330078125,0,,0
11636,GF-30-CAM-31,35797.529079889,35797.5302795,35797.587477457,38.3330078125,38.3330078125,0,,0
11638,GF-30-CAM-31,35797.787239495,35797.79038067,35797.855935395,38.3330078125,38.3330078125,0,,0
11640,GF-30-CAM-31,35798.060349345,35798.061388763,35798.124247777,38.3330078125,38.3330078125,0,,0
11642,GF-30-CAM-31,35798.347419301,35798.34873112,35798.433228221,38.3330078125,38.3330078125,0,,0
11644,GF-30-CAM-31,35798.653869813,35798.655091052,35798.700041986,38.3330078125,38.3330078125,0,,0
11646,GF-30-CAM-31,35798.899898161,35798.900796868,35798.966408157,38.3330078125,38.3330078125,0,,0
11648,GF-30-CAM-31,35799.168285907,35799.171781278,35799.225404612,38.3330078125,38.3330078125,0,,0
11650,GF-30-CAM-31,35799.427128842,35799.428080583,35799.482531789,38.3330078125,38.3330078125,0,,0
11652,GF-30-CAM-31,35799.700938201,35799.702202337,35799.761912854,38.3330078125,38.3330078125,0,,0
11654,GF-30-CAM-31,35799.946998696,35799.947731306,35800.022664126,38.3330078125,38.3330078125,0,,0
11656,GF-30-CAM-31,35800.253997747,35800.254917262,35800.319131535,38.3330078125,38.3330078125,0,,0
11664,GF-30-CAM-31,35801.016091372,35801.018881801,35801.066757678,38.3330078125,38.3330078125,0,,0
11666,GF-30-CAM-31,35801.235719872,35801.236600874,35801.273707596,38.3330078125,38.3330078125,0,,0
11668,GF-30-CAM-31,35801.462203728,35801.465517294,35801.517070633,38.3330078125,38.3330078125,0,,0
11670,GF-30-CAM-31,35801.733085856,35801.733909332,35801.785130331,38.3330078125,38.3330078125,0,,0
11672,GF-30-CAM-31,35801.986740349,35801.987635626,35802.039453816,38.3330078125,38.3330078125,0,,0
11674,GF-30-CAM-31,35802.234089297,35802.2424208,35802.314375076,38.3330078125,38.3330078125,0,,0
11676,GF-30-CAM-31,35802.52654572,35802.528958367,35802.588156126,38.3330078125,38.3330078125,0,,0
11678,GF-30-CAM-31,35802.804193454,35802.806391742,35802.855857051,38.3330078125,38.3330078125,0,,0
11680,GF-30-CAM-31,35803.077370952,35803.078402552,35803.131987884,38.3330078125,38.3330078125,0,,0
11682,GF-30-CAM-31,35803.364212335,35803.36649222,35803.421801066,38.3330078125,38.3330078125,0,,0
11684,GF-30-CAM-31,35803.600527046,35803.601630551,35803.660054153,38.3330078125,38.3330078125,0,,0
11686,GF-30-CAM-31,35803.83461111,35803.83643898,35803.90911334,38.3330078125,38.3330078125,0,,0
11688,GF-30-CAM-31,35804.09308077,35804.093941719,35804.159683589,38.3330078125,38.3330078125,0,,0
11690,GF-30-CAM-31,35804.341052818,35804.341919487,35804.381783319,38.3330078125,38.3330078125,0,,0
11692,GF-30-CAM-31,35804.598175674,35804.598697739,35804.671774734,38.3330078125,38.3330078125,0,,0
11694,GF-30-CAM-31,35804.857498166,35804.858208292,35804.906262885,38.3330078125,38.3330078125,0,,0
11696,GF-30-CAM-31,35805.091390694,35805.092314985,35805.150662075,38.3330078125,38.3330078125,0,,0
11698,GF-30-CAM-31,35805.319098517,35805.320036675,35805.383227572,38.3330078125,38.3330078125,0,,0
11700,GF-30-CAM-31,35805.585256425,35805.586410001,35805.637624182,38.3330078125,38.3330078125,0,,0
11702,GF-30-CAM-31,35805.856298224,35805.859753951,35805.902935062,38.3330078125,38.3330078125,0,,0
11704,GF-30-CAM-31,35806.103867589,35806.106213371,35806.161231044,38.3330078125,38.3330078125,0,,0
11706,GF-30-CAM-31,35806.34686492,35806.348534903,35806.419996556,38.3330078125,38.3330078125,0,,0
11708,GF-30-CAM-31,35806.606863939,35806.608986152,35806.648019674,38.3330078125,38.3330078125,0,,0
11710,GF-30-CAM-31,35806.85340782,35806.856282882,35806.897466461,38.3330078125,38.3330078125,0,,0
11712,GF-30-CAM-31,35807.087676898,35807.088663623,35807.125652773,38.3330078125,38.3330078125,0,,0
11714,GF-30-CAM-31,35807.321818892,35807.328675299,35807.375098661,38.3330078125,38.3330078125,0,,0
11716,GF-30-CAM-31,35807.550982905,35807.55178695,35807.626337729,38.3330078125,38.3330078125,0,,0
11718,GF-30-CAM-31,35807.83318269,35807.835674186,35807.880520924,38.3330078125,38.3330078125,0,,0
11720,GF-30-CAM-31,35808.099234518,35808.100474651,35808.138656795,38.3330078125,38.3330078125,0,,0
11722,GF-30-CAM-31,35808.348993721,35808.350102284,35808.407112047,38.3330078125,38.3330078125,0,,0
11724,GF-30-CAM-31,35808.596864378,35808.597778197,35808.651686867,38.3330078125,38.3330078125,0,,0
11726,GF-30-CAM-31,35808.834450727,35808.835976689,35808.897563652,38.3330078125,38.3330078125,0,,0
11728,GF-30-CAM-31,35809.090433195,35809.091524645,35809.140052101,38.3330078125,38.3330078125,0,,0
11730,GF-30-CAM-31,35809.351928696,35809.354246837,35809.406402066,38.3330078125,38.3330078125,0,,0
11732,GF-30-CAM-31,35809.630512295,35809.632401654,35809.671333126,38.3330078125,38.3330078125,0,,0
11734,GF-30-CAM-31,35809.889451205,35809.891844392,35809.940493067,38.3330078125,38.3330078125,0,,0
11736,GF-30-CAM-31,35810.158246666,35810.163547028,35810.213832539,38.3330078125,38.3330078125,0,,0
11738,GF-30-CAM-31,35810.401304364,35810.402723838,35810.500151779,38.3330078125,38.3330078125,0,,0
11740,GF-30-CAM-31,35810.700635331,35810.704628954,35810.77667377,38.3330078125,38.3330078125,0,,0
11742,GF-30-CAM-31,35810.965740089,35810.966585439,35811.039782494,38.3330078125,38.3330078125,0,,0
11744,GF-30-CAM-31,35811.233353033,35811.234378269,35811.271225153,38.3330078125,38.3330078125,0,,0
11746,GF-30-CAM-31,35811.452264869,35811.456801179,35811.529859672,38.3330078125,38.3330078125,0,,0
11748,GF-30-CAM-31,35811.729141799,35811.73054733,35811.830411275,38.3330078125,38.3330078125,0,,0
11750,GF-30-CAM-31,35812.032490105,35812.03322487,35812.102611676,38.3330078125,38.3330078125,0,,0
11752,GF-30-CAM-31,35812.309473972,35812.312142996,35812.363158926,38.3330078125,38.3330078125,0,,0
11754,GF-30-CAM-31,35812.563506651,35812.564794504,35812.665350569,38.3330078125,38.3330078125,0,,0
11756,GF-30-CAM-31,35812.907807533,35812.910489658,35812.994476899,38.3330078125,38.3330078125,0,,0
11758,GF-30-CAM-31,35813.169339124,35813.170410638,35813.230264419,38.3330078125,38.3330078125,0,,0
11760,GF-30-CAM-31,35813.407183974,35813.409773487,35813.478242924,38.3330078125,38.3330078125,0,,0
11762,GF-30-CAM-31,35813.666817497,35813.667743332,35813.716990302,38.3330078125,38.3330078125,0,,0
11764,GF-30-CAM-31,35813.900500665,35813.901760525,35813.942212529,38.3330078125,38.3330078125,0,,0
11766,GF-30-CAM-31,35814.166996264,35814.170321633,35814.251823675,38.3330078125,38.3330078125,0,,0
11768,GF-30-CAM-31,35814.445358569,35814.449712852,35814.513627518,38.3330078125,38.3330078125,0,,0
11770,GF-30-CAM-31,35814.695614627,35814.696939618,35814.736615049,38.3330078125,38.3330078125,0,,0
11772,GF-30-CAM-31,35814.963519565,35814.964723909,35815.007568824,38.3330078125,38.3330078125,0,,0
11774,GF-30-CAM-31,35815.219156989,35815.220042937,35815.261511624,38.3330078125,38.3330078125,0,,0
11776,GF-30-CAM-31,35815.437039519,35815.438212505,35815.510291984,38.3330078125,38.3330078125,0,,0
11778,GF-30-CAM-31,35815.707412798,35815.709153894,35815.762840252,38.3330078125,38.3330078125,0,,0
11780,GF-30-CAM-31,35815.943903035,35815.945251339,35816.006592028,38.3330078125,38.3330078125,0,,0
11782,GF-30-CAM-31,35816.220109029,35816.22099851,35816.282099814,38.3330078125,38.3330078125,0,,0
11784,GF-30-CAM-31,35816.460890711,35816.462941482,35816.525560257,38.3330078125,38.3330078125,0,,0
11786,GF-30-CAM-31,35816.728446658,35816.728913823,35816.772401424,38.3330078125,38.3330078125,0,,0
11788,GF-30-CAM-31,35816.985216496,35816.986252569,35817.026705573,38.3330078125,38.3330078125,0,,0
11790,GF-30-CAM-31,35817.210141238,35817.21138302,35817.267842366,38.3330078125,38.3330078125,0,,0
11792,GF-30-CAM-31,35817.480087159,35817.482994011,35817.532925182,38.3330078125,38.3330078125,0,,0
11794,GF-30-CAM-31,35817.760261217,35817.762618565,35817.856363126,38.3330078125,38.3330078125,0,,0
11796,GF-30-CAM-31,35818.052085051,35818.053075279,35818.11486706,38.3330078125,38.3330078125,0,,0
11798,GF-30-CAM-31,35818.312868886,35818.315875218,35818.357039021,38.3330078125,38.3330078125,0,,0
11800,GF-30-CAM-31,35818.558997789,35818.560085397,35818.631551878,38.3330078125,38.3330078125,0,,0
11802,GF-30-CAM-31,35818.808867155,35818.809741341,35818.881051553,38.3330078125,38.3330078125,0,,0
11804,GF-30-CAM-31,35819.101141474,35819.102539846,35819.163542377,38.3330078125,38.3330078125,0,,0
11806,GF-30-CAM-31,35819.389808264,35819.391839492,35819.454562053,38.3330078125,38.3330078125,0,,0
11808,GF-30-CAM-31,35819.642243163,35819.642954891,35819.688207287,38.3330078125,38.3330078125,0,,0
11810,GF-30-CAM-31,35819.893320957,35819.894453173,35819.946827097,38.3330078125,38.3330078125,0,,0
11812,GF-30-CAM-31,35820.137131603,35820.139256311,35820.207979939,38.3330078125,38.3330078125,0,,0
11814,GF-30-CAM-31,35820.395145058,35820.398037351,35820.453472806,38.3330078125,38.3330078125,0,,0
11816,GF-30-CAM-31,35820.65329942,35820.654616424,35820.707463759,38.3330078125,38.3330078125,0,,0
11818,GF-30-CAM-31,35820.898714738,35820.899484649,35820.943134684,38.3330078125,38.3330078125,0,,0
11820,GF-30-CAM-31,35821.154871611,35821.157883762,35821.2256315,38.3330078125,38.3330078125,0,,0
11822,GF-30-CAM-31,35821.401367857,35821.40278489,35821.489266811,38.3330078125,38.3330078125,0,,0
11824,GF-30-CAM-31,35821.698126731,35821.698977733,35821.757087631,38.3330078125,38.3330078125,0,,0
11826,GF-30-CAM-31,35821.92934308,35821.930657768,35821.994199372,38.3330078125,38.3330078125,0,,0
11828,GF-30-CAM-31,35822.190968112,35822.191609567,35822.239245205,38.3330078125,38.3330078125,0,,0
11830,GF-30-CAM-31,35822.46247426,35822.463673495,35822.518213596,38.3330078125,38.3330078125,0,,0
11832,GF-30-CAM-31,35822.717596191,35822.718400566,35822.78377949,38.3330078125,38.3330078125,0,,0
11834,GF-30-CAM-31,35822.991228947,35822.992395007,35823.055472836,38.3330078125,38.3330078125,0,,0
11836,GF-30-CAM-31,35823.310167057,35823.311650991,35823.365325675,38.3330078125,38.3330078125,0,,0
11838,GF-30-CAM-31,35823.55985329,35823.560541812,35823.63388271,38.3330078125,38.3330078125,0,,0
11840,GF-30-CAM-31,35823.851416236,35823.852646676,35823.911578311,38.3330078125,38.3330078125,0,,0
11842,GF-30-CAM-31,35824.088420755,35824.089822906,35824.125212267,38.3330078125,38.3330078125,0,,0
11844,GF-30-CAM-31,35824.320912276,35824.321613271,35824.4003927,38.3330078125,38.3330078125,0,,0
11846,GF-30-CAM-31,35824.605166042,35824.606055387,35824.661977128,38.3330078125,38.3330078125,0,,0
11848,GF-30-CAM-31,35824.844727871,35824.84565411,35824.89441113,38.3330078125,38.3330078125,0,,0
11850,GF-30-CAM-31,35825.089208465,35825.090256836,35825.139449101,38.3330078125,38.3330078125,0,,0
11852,GF-30-CAM-31,35825.337099874,35825.339755824,35825.388044749,38.3330078125,38.3330078125,0,,0
11854,GF-30-CAM-31,35825.648107398,35825.649744804,35825.691797016,38.3330078125,38.3330078125,0,,0
11856,GF-30-CAM-31,35825.90183547,35825.902844057,35825.950685037,38.3330078125,38.3330078125,0,,0
11858,GF-30-CAM-31,35826.203544228,35826.206141054,35826.245430792,38.3330078125,38.3330078125,0,,0
11860,GF-30-CAM-31,35826.432530899,35826.435921085,35826.516622467,38.3330078125,38.3330078125,0,,0
11862,GF-30-CAM-31,35826.725289258,35826.726300217,35826.800554602,38.3330078125,38.3330078125,0,,0
11864,GF-30-CAM-31,35826.99375914,35826.994890997,35827.049242002,38.3330078125,38.3330078125,0,,0
11866,GF-30-CAM-31,35827.265519196,35827.266426022,35827.309857516,38.3330078125,38.3330078125,0,,0
11868,GF-30-CAM-31,35827.50724976,35827.509359155,35827.560437834,38.3330078125,38.3330078125,0,,0
11870,GF-30-CAM-31,35827.750047014,35827.75194705,35827.840785827,38.3330078125,38.3330078125,0,,0
11872,GF-30-CAM-31,35828.044448732,35828.04585505,35828.096765854,38.3330078125,38.3330078125,0,,0
11874,GF-30-CAM-31,35828.297674779,35828.298567012,35828.395868731,38.3330078125,38.3330078125,0,,0
11876,GF-30-CAM-31,35828.603124553,35828.604656714,35828.665964518,38.3330078125,38.3330078125,0,,0
11878,GF-30-CAM-31,35828.896891864,35828.897565103,35828.950937374,38.3330078125,38.3330078125,0,,0
11880,GF-30-CAM-31,35829.13402554,35829.135400164,35829.203952021,38.3330078125,38.3330078125,0,,0
11882,GF-30-CAM-31,35829.408961839,35829.41021881,35829.456111509,38.3330078125,38.3330078125,0,,0
11884,GF-30-CAM-31,35829.684038489,35829.685441736,35829.736734547,38.3330078125,38.3330078125,0,,0
11886,GF-30-CAM-31,35829.938513746,35829.939756273,35829.976595827,38.3330078125,38.3330078125,0,,0
11888,GF-30-CAM-31,35830.172018459,35830.17355008,35830.235763813,38.3330078125,38.3330078125,0,,0
11890,GF-30-CAM-31,35830.430645141,35830.431571366,35830.480707021,38.3330078125,38.3330078125,0,,0
11892,GF-30-CAM-31,35830.694877252,35830.697525482,35830.746665582,38.3330078125,38.3330078125,0,,0
11894,GF-30-CAM-31,35830.934052369,35830.934914716,35831.012162678,38.3330078125,38.3330078125,0,,0
11896,GF-30-CAM-31,35831.243334409,35831.245240199,35831.304140956,38.3330078125,38.3330078125,0,,0
11898,GF-30-CAM-31,35831.468819311,35831.470122675,35831.530789233,38.3330078125,38.3330078125,0,,0
11900,GF-30-CAM-31,35831.744532979,35831.74692321,35831.795826424,38.3330078125,38.3330078125,0,,0
11902,GF-30-CAM-31,35831.992231333,35831.993240904,35832.055407286,38.3330078125,38.3330078125,0,,0
11904,GF-30-CAM-31,35832.220140879,35832.221506566,35832.282861671,38.3330078125,38.3330078125,0,,0
11906,GF-30-CAM-31,35832.48082967,35832.481787584,35832.536639136,38.3330078125,38.3330078125,0,,0
11908,GF-30-CAM-31,35832.754211164,35832.758586516,35832.812954903,38.3330078125,38.3330078125,0,,0
11910,GF-30-CAM-31,35832.980516098,35832.981732432,35833.04449731,38.3330078125,38.3330078125,0,,0
11912,GF-30-CAM-31,35833.255420171,35833.257703591,35833.312402612,38.3330078125,38.3330078125,0,,0
11914,GF-30-CAM-31,35833.491321582,35833.492620022,35833.537873447,38.3330078125,38.3330078125,0,,0
11916,GF-30-CAM-31,35833.735556511,35833.737206628,35833.804909848,38.3330078125,38.3330078125,0,,0
11918,GF-30-CAM-31,35833.97350353,35833.974533225,35834.019078091,38.3330078125,38.3330078125,0,,0
11920,GF-30-CAM-31,35834.215865467,35834.217956402,35834.254401939,38.3330078125,38.3330078125,0,,0
11922,GF-30-CAM-31,35834.499092185,35834.504319272,35834.543695751,38.3330078125,38.3330078125,0,,0
11924,GF-30-CAM-31,35834.717284338,35834.719976607,35834.783427344,38.3330078125,38.3330078125,0,,0
11926,GF-30-CAM-31,35834.968887759,35834.970018025,35835.011984031,38.3330078125,38.3330078125,0,,0
11928,GF-30-CAM-31,35835.239957279,35835.244893254,35835.282518332,38.3330078125,38.3330078125,0,,0
11930,GF-30-CAM-31,35835.477742695,35835.479561584,35835.526320313,38.3330078125,38.3330078125,0,,0
11932,GF-30-CAM-31,35835.729700607,35835.731744186,35835.78304232,38.3330078125,38.3330078125,0,,0
11934,GF-30-CAM-31,35835.959613038,35835.961254053,35836.015119075,38.3330078125,38.3330078125,0,,0
11936,GF-30-CAM-31,35836.198397296,35836.20006635,35836.251508641,38.3330078125,38.3330078125,0,,0
11938,GF-30-CAM-31,35836.439965223,35836.442179712,35836.494021089,38.3330078125,38.3330078125,0,,0
11940,GF-30-CAM-31,35836.699436945,35836.700540432,35836.785239088,38.3330078125,38.3330078125,0,,0
11942,GF-30-CAM-31,35836.985558513,35836.98680215,35837.06146107,38.3330078125,38.3330078125,0,,0
11944,GF-30-CAM-31,35837.246893631,35837.248128158,35837.298578731,38.3330078125,38.3330078125,0,,0
11946,GF-30-CAM-31,35837.491555644,35837.49275651,35837.553307432,38.3330078125,38.3330078125,0,,0
11948,GF-30-CAM-31,35837.738026247,35837.740820478,35837.802904616,38.3330078125,38.3330078125,0,,0
11950,GF-30-CAM-31,35837.985410824,35837.989788299,35838.055632348,38.3330078125,38.3330078125,0,,0
11952,GF-30-CAM-31,35838.259330796,35838.26058912,35838.313910111,38.3330078125,38.3330078125,0,,0
11954,GF-30-CAM-31,35838.495525199,35838.496615741,35838.566462733,38.3330078125,38.3330078125,0,,0
11956,GF-30-CAM-31,35838.748587488,35838.750967538,35838.805388604,38.3330078125,38.3330078125,0,,0
11958,GF-30-CAM-31,35838.992377436,35838.993305596,35839.065992954,38.3330078125,38.3330078125,0,,0
11960,GF-30-CAM-31,35839.275217263,35839.276627856,35839.320778223,38.3330078125,38.3330078125,0,,0
11962,GF-30-CAM-31,35839.517844528,35839.519597407,35839.569935627,38.3330078125,38.3330078125,0,,0
11964,GF-30-CAM-31,35839.767075358,35839.768370857,35839.828530346,38.3330078125,38.3330078125,0,,0
11966,GF-30-CAM-31,35840.017791293,35840.020316109,35840.05790326,38.3330078125,38.3330078125,0,,0
11968,GF-30-CAM-31,35840.296171717,35840.297492217,35840.344890121,38.3330078125,38.3330078125,0,,0
11970,GF-30-CAM-31,35840.547907118,35840.549496751,35840.600305918,38.3330078125,38.3330078125,0,,0
11972,GF-30-CAM-31,35840.855817272,35840.856895766,35840.941705032,38.3330078125,38.3330078125,0,,0
11974,GF-30-CAM-31,35841.18967976,35841.190641671,35841.256341106,38.3330078125,38.3330078125,0,,0
11976,GF-30-CAM-31,35841.479171698,35841.480310447,35841.56603514,38.3330078125,38.3330078125,0,,0
11978,GF-30-CAM-31,35841.787431628,35841.789021405,35841.854189575,38.3330078125,38.3330078125,0,,0
11980,GF-30-CAM-31,35842.057534147,35842.058375651,35842.13448525,38.3330078125,38.3330078125,0,,0
11982,GF-30-CAM-31,35842.358948744,35842.36114547,35842.454596523,38.3330078125,38.3330078125,0,,0
11984,GF-30-CAM-31,35842.672416957,35842.681679092,35842.728536734,38.3330078125,38.3330078125,0,,0
11986,GF-30-CAM-31,35842.89470864,35842.897125194,35842.974096371,38.3330078125,38.3330078125,0,,0
11988,GF-30-CAM-31,35843.170534119,35843.174584811,35843.231364784,38.3330078125,38.3330078125,0,,0
11990,GF-30-CAM-31,35843.437228584,35843.438750278,35843.48690976,38.3330078125,38.3330078125,0,,0
11992,GF-30-CAM-31,35843.706366511,35843.707507475,35843.79333414,38.3330078125,38.3330078125,0,,0
11994,GF-30-CAM-31,35843.992038909,35843.994553069,35844.049769784,38.3330078125,38.3330078125,0,,0
11996,GF-30-CAM-31,35844.258027173,35844.259393815,35844.309395369,38.3330078125,38.3330078125,0,,0
11998,GF-30-CAM-31,35844.5141173,35844.515116576,35844.581830278,38.3330078125,38.3330078125,0,,0
12000,GF-30-CAM-31,35844.758941117,35844.760022836,35844.816217714,38.3330078125,38.3330078125,0,,0
12002,GF-30-CAM-31,35845.026881831,35845.029993617,35845.081308285,38.3330078125,38.3330078125,0,,0
12004,GF-30-CAM-31,35845.268787685,35845.269996246,35845.342758237,38.3330078125,38.3330078125,0,,0
12006,GF-30-CAM-31,35845.5098294,35845.516748132,35845.575575376,38.3330078125,38.3330078125,0,,0
12008,GF-30-CAM-31,35845.763502105,35845.764766589,35845.80248971,38.3330078125,38.3330078125,0,,0
12010,GF-30-CAM-31,35846.051690922,35846.052657793,35846.105771627,38.3330078125,38.3330078125,0,,0
12012,GF-30-CAM-31,35846.315737613,35846.316867226,35846.369583717,38.3330078125,38.3330078125,0,,0
12014,GF-30-CAM-31,35846.604107669,35846.605115077,35846.639035082,38.3330078125,38.3330078125,0,,0
12016,GF-30-CAM-31,35846.822394293,35846.822947462,35846.895419236,38.3330078125,38.3330078125,0,,0
12018,GF-30-CAM-31,35847.057984344,35847.059538566,35847.123622831,38.3330078125,38.3330078125,0,,0
12020,GF-30-CAM-31,35847.313274972,35847.315039946,35847.363521297,38.3330078125,38.3330078125,0,,0
12022,GF-30-CAM-31,35847.566376254,35847.567683089,35847.616131463,38.3330078125,38.3330078125,0,,0
12024,GF-30-CAM-31,35847.81225912,35847.813164282,35847.883357666,38.3330078125,38.3330078125,0,,0
12026,GF-30-CAM-31,35848.071327509,35848.072479205,35848.130023483,38.3330078125,38.3330078125,0,,0
12028,GF-30-CAM-31,35848.309267587,35848.310407111,35848.353089415,38.3330078125,38.3330078125,0,,0
12030,GF-30-CAM-31,35848.523960854,35848.525077696,35848.601707329,38.3330078125,38.3330078125,0,,0
12032,GF-30-CAM-31,35848.814933176,35848.816424237,35848.890796061,38.3330078125,38.3330078125,0,,0
12034,GF-30-CAM-31,35849.10036703,35849.104289463,35849.153129011,38.3330078125,38.3330078125,0,,0
12036,GF-30-CAM-31,35849.342542735,35849.343637551,35849.392423021,38.3330078125,38.3330078125,0,,0
12038,GF-30-CAM-31,35849.59302055,35849.595125078,35849.648900965,38.3330078125,38.3330078125,0,,0
12040,GF-30-CAM-31,35849.820715177,35849.82217393,35849.898885235,38.3330078125,38.3330078125,0,,0
12042,GF-30-CAM-31,35850.069366126,35850.071612246,35850.137586522,38.3330078125,38.3330078125,0,,0
12044,GF-30-CAM-31,35850.339379077,35850.341291703,35850.394142955,38.3330078125,38.3330078125,0,,0
12046,GF-30-CAM-31,35850.585139838,35850.590555071,35850.631328005,38.3330078125,38.3330078125,0,,0
12048,GF-30-CAM-31,35850.812986506,35850.814324775,35850.88192934,38.3330078125,38.3330078125,0,,0
12050,GF-30-CAM-31,35851.026623305,35851.02771928,35851.080025874,38.3330078125,38.3330078125,0,,0
12052,GF-30-CAM-31,35851.287534019,35851.288393298,35851.353379937,38.3330078125,38.3330078125,0,,0
12054,GF-30-CAM-31,35851.564090824,35851.564966025,35851.620149787,38.3330078125,38.3330078125,0,,0
12056,GF-30-CAM-31,35851.799347517,35851.801067544,35851.886483525,38.3330078125,38.3330078125,0,,0
12058,GF-30-CAM-31,35852.072895493,35852.073943648,35852.117107252,38.3330078125,38.3330078125,0,,0
12060,GF-30-CAM-31,35852.304706322,35852.305918257,35852.399953544,38.3330078125,38.3330078125,0,,0
12062,GF-30-CAM-31,35852.649504085,35852.651648875,35852.711724585,38.3330078125,38.3330078125,0,,0
12064,GF-30-CAM-31,35852.887841084,35852.888841865,35852.93178379,38.3330078125,38.3330078125,0,,0
12066,GF-30-CAM-31,35853.120955425,35853.121727862,35853.166015297,38.3330078125,38.3330078125,0,,0
12068,GF-30-CAM-31,35853.338299489,35853.340167732,35853.408477418,38.3330078125,38.3330078125,0,,0
12070,GF-30-CAM-31,35853.590089667,35853.591412219,35853.653246393,38.3330078125,38.3330078125,0,,0
12072,GF-30-CAM-31,35853.820984877,35853.822606784,35853.90580568,38.3330078125,38.3330078125,0,,0
12074,GF-30-CAM-31,35854.129222319,35854.130344778,35854.198173475,38.3330078125,38.3330078125,0,,0
12076,GF-30-CAM-31,35854.371390011,35854.373456492,35854.420454002,38.3330078125,38.3330078125,0,,0
12078,GF-30-CAM-31,35854.628748841,35854.631098781,35854.675020313,38.3330078125,38.3330078125,0,,0
12080,GF-30-CAM-31,35854.868551764,35854.869587133,35854.9142217,38.3330078125,38.3330078125,0,,0
12082,GF-30-CAM-31,35855.1225636,35855.123378554,35855.15738281,38.3330078125,38.3330078125,0,,0
12084,GF-30-CAM-31,35855.325458543,35855.328039238,35855.376033866,38.3330078125,38.3330078125,0,,0
12086,GF-30-CAM-31,35855.576817976,35855.578467993,35855.621568721,38.3330078125,38.3330078125,0,,0
12088,GF-30-CAM-31,35855.808774937,35855.818092913,35855.875453745,38.3330078125,38.3330078125,0,,0
12090,GF-30-CAM-31,35856.06124189,35856.062307278,35856.110573322,38.3330078125,38.3330078125,0,,0
12092,GF-30-CAM-31,35856.31250086,35856.313759397,35856.374478074,38.3330078125,38.3330078125,0,,0
12094,GF-30-CAM-31,35856.583867871,35856.585220566,35856.681200476,38.3330078125,38.3330078125,0,,0
12096,GF-30-CAM-31,35856.866969985,35856.867783062,35856.911902503,38.3330078125,38.3330078125,0,,0
12098,GF-30-CAM-31,35857.088792434,35857.091522036,35857.159937514,38.3330078125,38.3330078125,0,,0
12100,GF-30-CAM-31,35857.391197422,35857.392443612,35857.447889521,38.3330078125,38.3330078125,0,,0
12102,GF-30-CAM-31,35857.627862751,35857.629220316,35857.694024249,38.3330078125,38.3330078125,0,,0
12104,GF-30-CAM-31,35857.877095616,35857.879518284,35857.927522636,38.3330078125,38.3330078125,0,,0
12106,GF-30-CAM-31,35858.084212753,35858.085183004,35858.136041929,38.3330078125,38.3330078125,0,,0
12108,GF-30-CAM-31,35858.309042736,35858.310178999,35858.364138853,38.3330078125,38.3330078125,0,,0
12110,GF-30-CAM-31,35858.568379052,35858.569357641,35858.611837557,38.3330078125,38.3330078125,0,,0
12112,GF-30-CAM-31,35858.773492458,35858.775953111,35858.828281397,38.3330078125,38.3330078125,0,,0
12114,GF-30-CAM-31,35859.029727172,35859.032486832,35859.092628103,38.3330078125,38.3330078125,0,,0
12116,GF-30-CAM-31,35859.27106627,35859.271693451,35859.329653439,38.3330078125,38.3330078125,0,,0
12118,GF-30-CAM-31,35859.514343048,35859.515423119,35859.56008852,38.3330078125,38.3330078125,0,,0
12120,GF-30-CAM-31,35859.756425587,35859.758824766,35859.817898817,38.3330078125,38.3330078125,0,,0
12122,GF-30-CAM-31,35859.993273675,35859.994286948,35860.038734734,38.3330078125,38.3330078125,0,,0
12124,GF-30-CAM-31,35860.234172892,35860.23512944,35860.273036395,38.3330078125,38.3330078125,0,,0
12126,GF-30-CAM-31,35860.443701533,35860.446115742,35860.503078118,38.3330078125,38.3330078125,0,,0
12128,GF-30-CAM-31,35860.670989145,35860.671890719,35860.72555132,38.3330078125,38.3330078125,0,,0
12130,GF-30-CAM-31,35860.891913748,35860.893530386,35860.941027558,38.3330078125,38.3330078125,0,,0
12132,GF-30-CAM-31,35861.144970847,35861.145974942,35861.190575751,38.3330078125,38.3330078125,0,,0
12134,GF-30-CAM-31,35861.380552751,35861.38130245,35861.427468548,38.3330078125,38.3330078125,0,,0
12136,GF-30-CAM-31,35861.608809936,35861.615102963,35861.670179463,38.3330078125,38.3330078125,0,,0
12138,GF-30-CAM-31,35861.841390945,35861.842142111,35861.893659133,38.3330078125,38.3330078125,0,,0
12140,GF-30-CAM-31,35862.051855132,35862.053937859,35862.108538397,38.3330078125,38.3330078125,0,,0
12142,GF-30-CAM-31,35862.28431475,35862.285966014,35862.334297615,38.3330078125,38.3330078125,0,,0
12144,GF-30-CAM-31,35862.540056329,35862.542087638,35862.588155469,38.3330078125,38.3330078125,0,,0
12146,GF-30-CAM-31,35862.775118641,35862.77719816,35862.831152329,38.3330078125,38.3330078125,0,,0
12148,GF-30-CAM-31,35863.011136483,35863.0122108,35863.05907816,38.3330078125,38.3330078125,0,,0
12150,GF-30-CAM-31,35863.264989061,35863.271231792,35863.323972485,38.3330078125,38.3330078125,0,,0
12152,GF-30-CAM-31,35863.506311476,35863.507538361,35863.566065849,38.3330078125,38.3330078125,0,,0
12154,GF-30-CAM-31,35863.767088301,35863.769206585,35863.804926915,38.3330078125,38.3330078125,0,,0
12156,GF-30-CAM-31,35863.983283585,35863.983899579,35864.038220211,38.3330078125,38.3330078125,0,,0
12158,GF-30-CAM-31,35864.198819211,35864.200287689,35864.23468144,38.3330078125,38.3330078125,0,,0
12160,GF-30-CAM-31,35864.447606147,35864.449701357,35864.508370902,38.3330078125,38.3330078125,0,,0
12162,GF-30-CAM-31,35864.680854223,35864.683146053,35864.76765611,38.3330078125,38.3330078125,0,,0
12164,GF-30-CAM-31,35864.937550225,35864.938881436,35864.999810729,38.3330078125,38.3330078125,0,,0
12166,GF-30-CAM-31,35865.188110653,35865.188845633,35865.240293453,38.3330078125,38.3330078125,0,,0
12168,GF-30-CAM-31,35865.398445049,35865.399733258,35865.436737941,38.3330078125,38.3330078125,0,,0
12170,GF-30-CAM-31,35865.643063982,35865.644463967,35865.710202875,38.3330078125,38.3330078125,0,,0
12172,GF-30-CAM-31,35865.894520387,35865.897513565,35865.958346213,38.3330078125,38.3330078125,0,,0
12174,GF-30-CAM-31,35866.19013111,35866.191455437,35866.246320476,38.3330078125,38.3330078125,0,,0
12176,GF-30-CAM-31,35866.428177608,35866.428991109,35866.487702257,38.3330078125,38.3330078125,0,,0
12178,GF-30-CAM-31,35866.667632939,35866.668862621,35866.707850052,38.3330078125,38.3330078125,0,,0
12180,GF-30-CAM-31,35866.923933851,35866.926556637,35866.964214655,38.3330078125,38.3330078125,0,,0
12182,GF-30-CAM-31,35867.181654313,35867.18272387,35867.243403125,38.3330078125,38.3330078125,0,,0
12184,GF-30-CAM-31,35867.42492096,35867.426952127,35867.501271141,38.3330078125,38.3330078125,0,,0
12186,GF-30-CAM-31,35867.686513234,35867.689517101,35867.739747239,38.3330078125,38.3330078125,0,,0
12188,GF-30-CAM-31,35867.92530335,35867.927447668,35867.989385115,38.3330078125,38.3330078125,0,,0
12190,GF-30-CAM-31,35868.173682389,35868.174648804,35868.216657969,38.3330078125,38.3330078125,0,,0
12192,GF-30-CAM-31,35868.410967428,35868.412054259,35868.491647462,38.3330078125,38.3330078125,0,,0
12194,GF-30-CAM-31,35868.669648293,35868.673055056,35868.749294598,38.3330078125,38.3330078125,0,,0
12196,GF-30-CAM-31,35868.931563874,35868.932379215,35869.00390554,38.3330078125,38.3330078125,0,,0
12198,GF-30-CAM-31,35869.186738615,35869.18778517,35869.231237589,38.3330078125,38.3330078125,0,,0
12200,GF-30-CAM-31,35869.43759652,35869.440301946,35869.503135558,38.3330078125,38.3330078125,0,,0
12202,GF-30-CAM-31,35869.702782741,35869.704332945,35869.757659939,38.3330078125,38.3330078125,0,,0
12204,GF-30-CAM-31,35869.966147931,35869.96713189,35870.026441948,38.3330078125,38.3330078125,0,,0
12206,GF-30-CAM-31,35870.218361476,35870.219475865,35870.278902894,38.3330078125,38.3330078125,0,,0
12208,GF-30-CAM-31,35870.467476896,35870.468798997,35870.511882253,38.3330078125,38.3330078125,0,,0
12210,GF-30-CAM-31,35870.716825225,35870.719816685,35870.7714849,38.3330078125,38.3330078125,0,,0
12212,GF-30-CAM-31,35870.986722,35870.995117563,35871.044015953,38.3330078125,38.3330078125,0,,0
12214,GF-30-CAM-31,35871.243649285,35871.244681188,35871.287161585,38.3330078125,38.3330078125,0,,0
12216,GF-30-CAM-31,35871.4872837,35871.489089094,35871.543473123,38.3330078125,38.3330078125,0,,0
12218,GF-30-CAM-31,35871.723303957,35871.726193011,35871.805113455,38.3330078125,38.3330078125,0,,0
12220,GF-30-CAM-31,35871.994070769,35871.995488937,35872.048527087,38.3330078125,38.3330078125,0,,0
12222,GF-30-CAM-31,35872.247899061,35872.24996793,35872.303337884,38.3330078125,38.3330078125,0,,0
12224,GF-30-CAM-31,35872.495295804,35872.496368046,35872.570512344,38.3330078125,38.3330078125,0,,0
12226,GF-30-CAM-31,35872.777266892,35872.778825607,35872.840747966,38.3330078125,38.3330078125,0,,0
12228,GF-30-CAM-31,35873.026371964,35873.027062891,35873.080712071,38.3330078125,38.3330078125,0,,0
12230,GF-30-CAM-31,35873.250620263,35873.251513718,35873.300751191,38.3330078125,38.3330078125,0,,0
12232,GF-30-CAM-31,35873.485382774,35873.486717821,35873.550242174,38.3330078125,38.3330078125,0,,0
12234,GF-30-CAM-31,35873.739264456,35873.740827435,35873.806369979,38.3330078125,38.3330078125,0,,0
12236,GF-30-CAM-31,35873.993790738,35873.996211898,35874.094156051,38.3330078125,38.3330078125,0,,0
12238,GF-30-CAM-31,35874.291471024,35874.292895794,35874.358070421,38.3330078125,38.3330078125,0,,0
12240,GF-30-CAM-31,35874.583680321,35874.584759752,35874.62969202,38.3330078125,38.3330078125,0,,0
12242,GF-30-CAM-31,35874.808528609,35874.80955005,35874.856328656,38.3330078125,38.3330078125,0,,0
12244,GF-30-CAM-31,35875.058111209,35875.059853746,35875.125684145,38.3330078125,38.3330078125,0,,0
12246,GF-30-CAM-31,35875.322469481,35875.323584751,35875.403687071,38.3330078125,38.3330078125,0,,0
12248,GF-30-CAM-31,35875.629514508,35875.630491026,35875.687646125,38.3330078125,38.3330078125,0,,0
12250,GF-30-CAM-31,35875.858493687,35875.85972551,35875.914854717,38.3330078125,38.3330078125,0,,0
12252,GF-30-CAM-31,35876.079583852,35876.082750092,35876.134331634,38.3330078125,38.3330078125,0,,0
12254,GF-30-CAM-31,35876.349276199,35876.350426257,35876.401157487,38.3330078125,38.3330078125,0,,0
12256,GF-30-CAM-31,35876.612423346,35876.613977215,35876.697658008,38.3330078125,38.3330078125,0,,0
12258,GF-30-CAM-31,35876.893558726,35876.895376769,35876.944235648,38.3330078125,38.3330078125,0,,0
12260,GF-30-CAM-31,35877.161926743,35877.163066809,35877.218803008,38.3330078125,38.3330078125,0,,0
12262,GF-30-CAM-31,35877.435944896,35877.436882914,35877.4947364,38.3330078125,38.3330078125,0,,0
12264,GF-30-CAM-31,35877.680807801,35877.682585061,35877.758510453,38.3330078125,38.3330078125,0,,0
12266,GF-30-CAM-31,35877.975192438,35877.97628954,35878.02079429,38.3330078125,38.3330078125,0,,0
12268,GF-30-CAM-31,35878.215610658,35878.216877572,35878.279799259,38.3330078125,38.3330078125,0,,0
12270,GF-30-CAM-31,35878.5282345,35878.529894155,35878.57147205,38.3330078125,38.3330078125,0,,0
12272,GF-30-CAM-31,35878.772049839,35878.773335302,35878.84507071,38.3330078125,38.3330078125,0,,0
12274,GF-30-CAM-31,35879.052732031,35879.058252964,35879.114900668,38.3330078125,38.3330078125,0,,0
12276,GF-30-CAM-31,35879.296194152,35879.297117655,35879.338748712,38.3330078125,38.3330078125,0,,0
12278,GF-30-CAM-31,35879.570511202,35879.573514471,35879.635786913,38.3330078125,38.3330078125,0,,0
12280,GF-30-CAM-31,35879.830938206,35879.832195997,35879.884410993,38.3330078125,38.3330078125,0,,0
12282,GF-30-CAM-31,35880.059121695,35880.060169493,35880.104366895,38.3330078125,38.3330078125,0,,0
12284,GF-30-CAM-31,35880.308788536,35880.310160217,35880.37044593,38.3330078125,38.3330078125,0,,0
12286,GF-30-CAM-31,35880.562168768,35880.563269763,35880.605506468,38.3330078125,38.3330078125,0,,0
12288,GF-30-CAM-31,35880.817033968,35880.818495733,35880.867568019,38.3330078125,38.3330078125,0,,0
12290,GF-30-CAM-31,35881.056168272,35881.057480355,35881.122943221,38.3330078125,38.3330078125,0,,0
12292,GF-30-CAM-31,35881.291178789,35881.291568685,35881.362330934,38.3330078125,38.3330078125,0,,0
12294,GF-30-CAM-31,35881.584420014,35881.586055747,35881.687095575,38.3330078125,38.3330078125,0,,0
12296,GF-30-CAM-31,35881.86862214,35881.874532844,35881.93389609,38.3330078125,38.3330078125,0,,0
12298,GF-30-CAM-31,35882.101419914,35882.101941564,35882.174598255,38.3330078125,38.3330078125,0,,0
12300,GF-30-CAM-31,35882.383846456,35882.38479883,35882.438420589,38.3330078125,38.3330078125,0,,0
12302,GF-30-CAM-31,35882.636078128,35882.637925794,35882.683578122,38.3330078125,38.3330078125,0,,0
12304,GF-30-CAM-31,35882.881961997,35882.882806636,35882.936183267,38.3330078125,38.3330078125,0,,0
12306,GF-30-CAM-31,35883.125466407,35883.126853978,35883.181258195,38.3330078125,38.3330078125,0,,0
12308,GF-30-CAM-31,35883.417146325,35883.418575221,35883.473850476,38.3330078125,38.3330078125,0,,0
12310,GF-30-CAM-31,35883.659185895,35883.660736421,35883.72390158,38.3330078125,38.3330078125,0,,0
12312,GF-30-CAM-31,35883.927128038,35883.928469606,35883.990303688,38.3330078125,38.3330078125,0,,0
12314,GF-30-CAM-31,35884.173284275,35884.173947783,35884.223726515,38.3330078125,38.3330078125,0,,0
12316,GF-30-CAM-31,35884.398727952,35884.401515146,35884.443789323,38.3330078125,38.3330078125,0,,0
12318,GF-30-CAM-31,35884.656847426,35884.659635663,35884.708572212,38.3330078125,38.3330078125,0,,0
12320,GF-30-CAM-31,35884.919797701,35884.921638793,35884.969036037,38.3330078125,38.3330078125,0,,0
12322,GF-30-CAM-31,35885.160186847,35885.161612212,35885.210046998,38.3330078125,38.3330078125,0,,0
12324,GF-30-CAM-31,35885.40320206,35885.404256207,35885.448750048,38.3330078125,38.3330078125,0,,0
12326,GF-30-CAM-31,35885.668421842,35885.670089098,35885.718938812,38.3330078125,38.3330078125,0,,0
12328,GF-30-CAM-31,35885.895474634,35885.89649578,35885.952738419,38.3330078125,38.3330078125,0,,0
12330,GF-30-CAM-31,35886.149383091,35886.150690523,35886.20331565,38.3330078125,38.3330078125,0,,0
12332,GF-30-CAM-31,35886.396173614,35886.397559092,35886.45177311,38.3330078125,38.3330078125,0,,0
12334,GF-30-CAM-31,35886.643662771,35886.644534766,35886.698245679,38.3330078125,38.3330078125,0,,0
12336,GF-30-CAM-31,35886.900810693,35886.902996177,35886.961248751,38.3330078125,38.3330078125,0,,0
12338,GF-30-CAM-31,35887.185831933,35887.187205549,35887.245490531,38.3330078125,38.3330078125,0,,0
12340,GF-30-CAM-31,35887.438157429,35887.438836934,35887.483269104,38.3330078125,38.3330078125,0,,0
12342,GF-30-CAM-31,35887.659893304,35887.661214417,35887.709222594,38.3330078125,38.3330078125,0,,0
12344,GF-30-CAM-31,35887.898866007,35887.900598619,35887.985658102,38.3330078125,38.3330078125,0,,0
12346,GF-30-CAM-31,35888.166096705,35888.16674985,35888.228596842,38.3330078125,38.3330078125,0,,0
12348,GF-30-CAM-31,35888.44074522,35888.44180232,35888.505288361,38.3330078125,38.3330078125,0,,0
12350,GF-30-CAM-31,35888.678231779,35888.679407742,35888.746337831,38.3330078125,38.3330078125,0,,0
12352,GF-30-CAM-31,35888.927292307,35888.928468062,35888.976139682,38.3330078125,38.3330078125,0,,0
12354,GF-30-CAM-31,35889.192837226,35889.194169813,35889.250893814,38.3330078125,38.3330078125,0,,0
12356,GF-30-CAM-31,35889.45858066,35889.459802198,35889.520607028,38.3330078125,38.3330078125,0,,0
12358,GF-30-CAM-31,35889.715736143,35889.717331246,35889.759626112,38.3330078125,38.3330078125,0,,0
12360,GF-30-CAM-31,35889.96090226,35889.9626483,35890.014468974,38.3330078125,38.3330078125,0,,0
12362,GF-30-CAM-31,35890.196170912,35890.197079461,35890.275566455,38.3330078125,38.3330078125,0,,0
12364,GF-30-CAM-31,35890.470304394,35890.47193288,35890.539145272,38.3330078125,38.3330078125,0,,0
12366,GF-30-CAM-31,35890.756735009,35890.759153536,35890.808427569,38.3330078125,38.3330078125,0,,0
12368,GF-30-CAM-31,35891.007618294,35891.00867623,35891.058483395,38.3330078125,38.3330078125,0,,0
12370,GF-30-CAM-31,35891.243328817,35891.245884026,35891.298998933,38.3330078125,38.3330078125,0,,0
12372,GF-30-CAM-31,35891.485920552,35891.48717874,35891.547453051,38.3330078125,38.3330078125,0,,0
12374,GF-30-CAM-31,35891.702762329,35891.703646509,35891.80762926,38.3330078125,38.3330078125,0,,0
12376,GF-30-CAM-31,35891.984621418,35891.985585239,35892.049102604,38.3330078125,38.3330078125,0,,0
12378,GF-30-CAM-31,35892.24084219,35892.257663557,35892.324525786,38.3330078125,38.3330078125,0,,0
12380,GF-30-CAM-31,35892.528175264,35892.529821787,35892.589314362,38.3330078125,38.3330078125,0,,0
12382,GF-30-CAM-31,35892.769474601,35892.772592141,35892.825689983,38.3330078125,38.3330078125,0,,0
12384,GF-30-CAM-31,35893.03474899,35893.038479849,35893.099212842,38.3330078125,38.3330078125,0,,0
12386,GF-30-CAM-31,35893.285563124,35893.288397655,35893.359955476,38.3330078125,38.3330078125,0,,0
12388,GF-30-CAM-31,35893.545581611,35893.548840982,35893.621545672,38.3330078125,38.3330078125,0,,0
12390,GF-30-CAM-31,35893.820036629,35893.821069601,35893.873994512,38.3330078125,38.3330078125,0,,0
12392,GF-30-CAM-31,35894.078092567,35894.080285175,35894.125613067,38.3330078125,38.3330078125,0,,0
12394,GF-30-CAM-31,35894.320541779,35894.321817265,35894.389209867,38.3330078125,38.3330078125,0,,0
12396,GF-30-CAM-31,35894.594529733,35894.597231303,35894.649081809,38.3330078125,38.3330078125,0,,0
12398,GF-30-CAM-31,35894.856959282,35894.858826024,35894.932801789,38.3330078125,38.3330078125,0,,0
12400,GF-30-CAM-31,35895.127403291,35895.128781053,35895.18987147,38.3330078125,38.3330078125,0,,0
12402,GF-30-CAM-31,35895.377614491,35895.378430634,35895.432514511,38.3330078125,38.3330078125,0,,0
12404,GF-30-CAM-31,35895.632037697,35895.632946005,35895.675344492,38.3330078125,38.3330078125,0,,0
12406,GF-30-CAM-31,35895.926225661,35895.928054395,35895.978781467,38.3330078125,38.3330078125,0,,0
12408,GF-30-CAM-31,35896.175301029,35896.176722895,35896.216110097,38.3330078125,38.3330078125,0,,0
12410,GF-30-CAM-31,35896.414621216,35896.415995087,35896.490047688,38.3330078125,38.3330078125,0,,0
12412,GF-30-CAM-31,35896.690055048,35896.690786618,35896.749864336,38.3330078125,38.3330078125,0,,0
12414,GF-30-CAM-31,35896.934562939,35896.935568065,35896.982226654,38.3330078125,38.3330078125,0,,0
12416,GF-30-CAM-31,35897.182706995,35897.186653119,35897.255150484,38.3330078125,38.3330078125,0,,0
12418,GF-30-CAM-31,35897.440946167,35897.441827017,35897.518793324,38.3330078125,38.3330078125,0,,0
12420,GF-30-CAM-31,35897.714892429,35897.716422273,35897.773191915,38.3330078125,38.3330078125,0,,0
12422,GF-30-CAM-31,35897.957217377,35897.96053952,35898.029315932,38.3330078125,38.3330078125,0,,0
12424,GF-30-CAM-31,35898.212257368,35898.214034394,35898.270363043,38.3330078125,38.3330078125,0,,0
12426,GF-30-CAM-31,35898.487937825,35898.489596312,35898.537787844,38.3330078125,38.3330078125,0,,0
12428,GF-30-CAM-31,35898.723948063,35898.724624231,35898.806488424,38.3330078125,38.3330078125,0,,0
12430,GF-30-CAM-31,35898.984423673,35898.985877988,35899.030721932,38.3330078125,38.3330078125,0,,0
12432,GF-30-CAM-31,35899.251283918,35899.252459141,35899.312228768,38.3330078125,38.3330078125,0,,0
12434,GF-30-CAM-31,35899.520083371,35899.523159234,35899.59243656,38.3330078125,38.3330078125,0,,0
12436,GF-30-CAM-31,35899.768046053,35899.768802792,35899.81349014,38.3330078125,38.3330078125,0,,0
12438,GF-30-CAM-31,35900.009481086,35900.01043461,35900.053401025,38.3330078125,38.3330078125,0,,0
12440,GF-30-CAM-31,35900.25284312,35900.262109762,35900.324357226,38.3330078125,38.3330078125,0,,0
12442,GF-30-CAM-31,35900.527714092,35900.529589739,35900.572841148,38.3330078125,38.3330078125,0,,0
12444,GF-30-CAM-31,35900.756913036,35900.757617355,35900.843410613,38.3330078125,38.3330078125,0,,0
12446,GF-30-CAM-31,35901.031648607,35901.034034735,35901.083600343,38.3330078125,38.3330078125,0,,0
12448,GF-30-CAM-31,35901.298157753,35901.301847519,35901.352413371,38.3330078125,38.3330078125,0,,0
12450,GF-30-CAM-31,35901.553960244,35901.554923042,35901.593381213,38.3330078125,38.3330078125,0,,0
12452,GF-30-CAM-31,35901.812701864,35901.813971822,35901.862772108,38.3330078125,38.3330078125,0,,0
12454,GF-30-CAM-31,35902.075443749,35902.076390048,35902.123336182,38.3330078125,38.3330078125,0,,0
12456,GF-30-CAM-31,35902.30363854,35902.304716714,35902.371141198,38.3330078125,38.3330078125,0,,0
12458,GF-30-CAM-31,35902.577797405,35902.57854163,35902.63749149,38.3330078125,38.3330078125,0,,0
12460,GF-30-CAM-31,35902.828901182,35902.83009408,35902.91008933,38.3330078125,38.3330078125,0,,0
12462,GF-30-CAM-31,35903.109150876,35903.110314446,35903.175769965,38.3330078125,38.3330078125,0,,0
12464,GF-30-CAM-31,35903.374377962,35903.375430518,35903.432864903,38.3330078125,38.3330078125,0,,0
12466,GF-30-CAM-31,35903.622233373,35903.624225257,35903.663013526,38.3330078125,38.3330078125,0,,0
12468,GF-30-CAM-31,35903.867990401,35903.870563268,35903.930119359,38.3330078125,38.3330078125,0,,0
12470,GF-30-CAM-31,35904.154992652,35904.155967477,35904.210030677,38.3330078125,38.3330078125,0,,0
12472,GF-30-CAM-31,35904.401593302,35904.403076832,35904.483424185,38.3330078125,38.3330078125,0,,0
12474,GF-30-CAM-31,35904.700455383,35904.70174666,35904.769084716,38.3330078125,38.3330078125,0,,0
12476,GF-30-CAM-31,35904.957242576,35904.958263204,35905.019653335,38.3330078125,38.3330078125,0,,0
12478,GF-30-CAM-31,35905.215125917,35905.216815901,35905.275143239,38.3330078125,38.3330078125,0,,0
12480,GF-30-CAM-31,35905.487938837,35905.488664558,35905.535072974,38.3330078125,38.3330078125,0,,0
12482,GF-30-CAM-31,35905.736158111,35905.737020636,35905.797300692,38.3330078125,38.3330078125,0,,0
12484,GF-30-CAM-31,35906.010426584,35906.012801954,35906.075333454,38.3330078125,38.3330078125,0,,0
12486,GF-30-CAM-31,35906.281799182,35906.284206803,35906.33084644,38.3330078125,38.3330078125,0,,0
12488,GF-30-CAM-31,35906.546404858,35906.547541542,35906.627072398,38.3330078125,38.3330078125,0,,0
12490,GF-30-CAM-31,35906.797425907,35906.798601568,35906.87246986,38.3330078125,38.3330078125,0,,0
12492,GF-30-CAM-31,35907.115200074,35907.116906702,35907.180907511,38.3330078125,38.3330078125,0,,0
12494,GF-30-CAM-31,35907.419058973,35907.419882758,35907.476585367,38.3330078125,38.3330078125,0,,0
12496,GF-30-CAM-31,35907.655617077,35907.656713435,35907.750699836,38.3330078125,38.3330078125,0,,0
12508,GF-30-CAM-31,35908.816598953,35908.817819543,35908.896694919,38.3330078125,38.3330078125,0,,0
12510,GF-30-CAM-31,35909.092970481,35909.095237876,35909.145306383,38.3330078125,38.3330078125,0,,0
12512,GF-30-CAM-31,35909.34223448,35909.350083458,35909.394924093,38.3330078125,38.3330078125,0,,0
12514,GF-30-CAM-31,35909.589416592,35909.590820068,35909.645531204,38.3330078125,38.3330078125,0,,0
12516,GF-30-CAM-31,35909.863296156,35909.864611131,35909.934160124,38.3330078125,38.3330078125,0,,0
12518,GF-30-CAM-31,35910.141366537,35910.144798444,35910.186939745,38.3330078125,38.3330078125,0,,0
12520,GF-30-CAM-31,35910.385241193,35910.386381977,35910.435745252,38.3330078125,38.3330078125,0,,0
12522,GF-30-CAM-31,35910.640957437,35910.642401848,35910.690315715,38.3330078125,38.3330078125,0,,0
12524,GF-30-CAM-31,35910.90480578,35910.907545368,35910.964389314,38.3330078125,38.3330078125,0,,0
12526,GF-30-CAM-31,35911.162586951,35911.165221668,35911.219997143,38.3330078125,38.3330078125,0,,0
12528,GF-30-CAM-31,35911.422924462,35911.425918116,35911.493971043,38.3330078125,38.3330078125,0,,0
12530,GF-30-CAM-31,35911.665468911,35911.667046804,35911.726410969,38.3330078125,38.3330078125,0,,0
12532,GF-30-CAM-31,35911.929595764,35911.930427534,35912.013021152,38.3330078125,38.3330078125,0,,0
12534,GF-30-CAM-31,35912.215749859,35912.21676532,35912.269181804,38.3330078125,38.3330078125,0,,0
12536,GF-30-CAM-31,35912.481353361,35912.482904691,35912.543170032,38.3330078125,38.3330078125,0,,0
12538,GF-30-CAM-31,35912.746807736,35912.747753606,35912.797198324,38.3330078125,38.3330078125,0,,0
12540,GF-30-CAM-31,35912.973542501,35912.974949168,35913.023015518,38.3330078125,38.3330078125,0,,0
12542,GF-30-CAM-31,35913.217068587,35913.218817021,35913.298127058,38.3330078125,38.3330078125,0,,0
