frame_idx,camera_id,t_arrival,t_inference_start,t_inference_end,gpu_mem_before_mb,gpu_mem_after_mb,num_persons,avg_confidence,wrist_keypoints
43,GF-5-CAM-25,33578.842395117,33578.846269672,33579.034324153,38.33349609375,38.3330078125,0,,0
45,GF-5-CAM-25,33579.546972549,33579.551258786,33579.739703324,38.3330078125,38.3330078125,0,,0
47,GF-5-CAM-25,33580.129661098,33580.131148608,33580.310645158,38.3330078125,38.3330078125,0,,0
49,GF-5-CAM-25,33580.712872996,33580.715888861,33580.845600164,38.3330078125,38.3330078125,0,,0
51,GF-5-CAM-25,33581.341947392,33581.346175266,33581.465381397,38.3330078125,38.3330078125,0,,0
53,GF-5-CAM-25,33581.86241483,33581.866090432,33582.021655918,38.3330078125,38.3330078125,0,,0
55,GF-5-CAM-25,33582.528412965,33582.53044724,33582.659867185,38.3330078125,38.3330078125,0,,0
57,GF-5-CAM-25,33583.09811127,33583.100784772,33583.253486039,38.3330078125,38.3330078125,0,,0
59,GF-5-CAM-25,33583.669253668,33583.670865388,33583.841782756,38.3330078125,38.3330078125,0,,0
61,GF-5-CAM-25,33584.220377683,33584.222726097,33584.379356175,38.3330078125,38.3330078125,0,,0
63,GF-5-CAM-25,33584.749575683,33584.754155867,33584.859957137,38.3330078125,38.3330078125,0,,0
65,GF-5-CAM-25,33585.257799205,33585.266328775,33585.451177931,38.3330078125,38.3330078125,0,,0
67,GF-5-CAM-25,33585.918775273,33585.922727621,33586.085505241,38.3330078125,38.3330078125,0,,0
69,GF-5-CAM-25,33586.579016908,33586.580712872,33586.934903479,38.3330078125,38.3330078125,0,,0
71,GF-5-CAM-25,33587.519113859,33587.521725298,33587.640559148,38.3330078125,38.3330078125,0,,0
73,GF-5-CAM-25,33588.037975874,33588.049696095,33588.219344528,38.3330078125,38.3330078125,0,,0
75,GF-5-CAM-25,33588.689512178,33588.691124953,33588.81576544,38.3330078125,38.3330078125,0,,0
77,GF-5-CAM-25,33589.266375169,33589.267924822,33589.368945509,38.3330078125,38.3330078125,0,,0
79,GF-5-CAM-25,33589.758656248,33589.761560157,33589.891824312,38.3330078125,38.3330078125,0,,0
81,GF-5-CAM-25,33590.366187122,33590.368745095,33590.453259596,38.3330078125,38.3330078125,0,,0
83,GF-5-CAM-25,33590.895549126,33590.898074495,33591.116174889,38.3330078125,38.3330078125,0,,0
85,GF-5-CAM-25,33591.562745208,33591.564462949,33591.724711312,38.3330078125,38.3330078125,0,,0
87,GF-5-CAM-25,33592.100873728,33592.102483359,33592.298287887,38.3330078125,38.3330078125,0,,0
89,GF-5-CAM-25,33592.785598919,33592.788599389,33592.965897752,38.3330078125,38.3330078125,0,,0
91,GF-5-CAM-25,33593.487515057,33593.491891779,33593.594241369,38.3330078125,38.3330078125,0,,0
93,GF-5-CAM-25,33593.957880768,33593.959417773,33594.102736082,38.3330078125,38.3330078125,0,,0
95,GF-5-CAM-25,33594.556400887,33594.559697637,33594.71345251,38.3330078125,38.3330078125,0,,0
97,GF-5-CAM-25,33595.150895643,33595.161256988,33595.267396161,38.3330078125,38.3330078125,0,,0
99,GF-5-CAM-25,33595.695848527,33595.698229097,33595.843532641,38.3330078125,38.3330078125,0,,0
101,GF-5-CAM-25,33596.278075605,33596.279936547,33596.437709125,38.3330078125,38.3330078125,0,,0
103,GF-5-CAM-25,33596.915775683,33596.919943601,33597.067359591,38.3330078125,38.3330078125,0,,0
105,GF-5-CAM-25,33597.472880232,33597.478150229,33597.607028402,38.3330078125,38.3330078125,0,,0
107,GF-5-CAM-25,33598.001807903,33598.005064524,33598.140551037,38.3330078125,38.3330078125,0,,0
109,GF-5-CAM-25,33598.551858234,33598.555541108,33598.784795917,38.3330078125,38.3330078125,0,,0
111,GF-5-CAM-25,33599.336957863,33599.339579073,33599.56374167,38.3330078125,38.3330078125,0,,0
113,GF-5-CAM-25,33600.003461191,33600.006872318,33600.202060661,38.3330078125,38.3330078125,0,,0
115,GF-5-CAM-25,33600.591369738,33600.637377213,33600.806904177,38.3330078125,38.3330078125,0,,0
119,GF-5-CAM-25,33601.848834309,33601.852243292,33601.944179232,38.33349609375,38.3330078125,0,,0
121,GF-5-CAM-25,33602.366682271,33602.369202656,33602.48949742,38.3330078125,38.3330078125,0,,0
123,GF-5-CAM-25,33602.8471366,33602.848338632,33602.959112967,38.3330078125,38.3330078125,0,,0
125,GF-5-CAM-25,33603.348236217,33603.350323171,33603.447337565,38.3330078125,38.3330078125,0,,0
137,GF-5-CAM-25,33606.644918657,33606.647536178,33606.775767266,38.33349609375,38.3330078125,0,,0
141,GF-5-CAM-25,33607.789886757,33607.792675818,33607.91915727,38.33349609375,38.3330078125,0,,0
315,GF-5-CAM-25,33654.78509485,33654.795435673,33654.959729196,38.33349609375,38.3330078125,0,,0
333,GF-5-CAM-25,33660.050281421,33660.052165371,33660.182964938,38.33349609375,38.3330078125,0,,0
411,GF-5-CAM-25,33682.881414006,33682.884285507,33683.069222763,38.33349609375,38.3330078125,0,,0
433,GF-5-CAM-25,33689.85478081,33689.857036587,33689.997958178,38.33349609375,38.3330078125,0,,0
435,GF-5-CAM-25,33690.406838919,33690.408734628,33690.574133833,38.3330078125,38.3330078125,0,,0
437,GF-5-CAM-25,33690.921204053,33690.930727191,33691.140607564,38.3330078125,38.3330078125,0,,0
439,GF-5-CAM-25,33691.552307336,33691.555028755,33691.702516425,38.3330078125,38.3330078125,0,,0
441,GF-5-CAM-25,33692.160601543,33692.163252828,33692.291384808,38.3330078125,38.3330078125,0,,0
443,GF-5-CAM-25,33692.764100191,33692.769063364,33692.926418305,38.3330078125,38.3330078125,0,,0
445,GF-5-CAM-25,33693.366665216,33693.36855524,33693.564116422,38.3330078125,38.3330078125,0,,0
447,GF-5-CAM-25,33694.007043673,33694.009409031,33694.169713485,38.3330078125,38.3330078125,0,,0
449,GF-5-CAM-25,33694.554126043,33694.558101682,33694.689865786,38.3330078125,38.3330078125,0,,0
451,GF-5-CAM-25,33695.111064838,33695.114845688,33695.255063133,38.3330078125,38.3330078125,0,,0
459,GF-5-CAM-25,33697.387547579,33697.38985827,33697.546935863,38.33349609375,38.3330078125,0,,0
483,GF-5-CAM-25,33704.244424011,33704.246783248,33704.399151345,38.33349609375,38.3330078125,0,,0
485,GF-5-CAM-25,33704.778623009,33704.781789924,33704.916874174,38.3330078125,38.3330078125,0,,0
487,GF-5-CAM-25,33705.362465595,33705.366519167,33705.44664688,38.3330078125,38.3330078125,0,,0
489,GF-5-CAM-25,33705.804108141,33705.807611796,33705.950800181,38.3330078125,38.3330078125,0,,0
491,GF-5-CAM-25,33706.298560063,33706.301553663,33706.408757212,38.3330078125,38.3330078125,0,,0
493,GF-5-CAM-25,33706.759618833,33706.761591077,33706.857170142,38.3330078125,38.3330078125,0,,0
495,GF-5-CAM-25,33707.211521309,33707.215102831,33707.377433022,38.3330078125,38.3330078125,0,,0
497,GF-5-CAM-25,33707.731027715,33707.733292605,33707.837983483,38.3330078125,38.3330078125,0,,0
499,GF-5-CAM-25,33708.26107533,33708.279424289,33708.4510602,38.3330078125,38.3330078125,0,,0
501,GF-5-CAM-25,33708.846602046,33708.848850712,33708.958642251,38.3330078125,38.3330078125,0,,0
503,GF-5-CAM-25,33709.316016869,33709.317571937,33709.459146657,38.3330078125,38.3330078125,0,,0
505,GF-5-CAM-25,33709.851394176,33709.853739898,33710.03207299,38.3330078125,38.3330078125,0,,0
507,GF-5-CAM-25,33710.410953394,33710.413552373,33710.534950644,38.3330078125,38.3330078125,0,,0
509,GF-5-CAM-25,33710.96588629,33710.97040449,33711.145272409,38.3330078125,38.3330078125,0,,0
511,GF-5-CAM-25,33711.569949515,33711.571821234,33711.672950431,38.3330078125,38.3330078125,0,,0
523,GF-5-CAM-25,33715.518273527,33715.522591896,33715.69864613,38.33349609375,38.3330078125,0,,0
525,GF-5-CAM-25,33716.034709446,33716.036253977,33716.160109392,38.3330078125,38.3330078125,0,,0
529,GF-5-CAM-25,33717.149920588,33717.151949939,33717.287210966,38.33349609375,38.3330078125,0,,0
531,GF-5-CAM-25,33717.815758003,33717.817449152,33718.020956853,38.3330078125,38.3330078125,0,,0
533,GF-5-CAM-25,33718.461342378,33718.464090511,33718.576832466,38.3330078125,38.3330078125,0,,0
535,GF-5-CAM-25,33719.056898113,33719.059667155,33719.164389954,38.3330078125,38.3330078125,0,,0
537,GF-5-CAM-25,33719.629065205,33719.633307035,33719.821800227,38.3330078125,38.3330078125,0,,0
539,GF-5-CAM-25,33720.228723847,33720.231237517,33720.56925326,38.3330078125,38.3330078125,0,,0
541,GF-5-CAM-25,33720.987823877,33720.996331883,33721.16074995,38.3330078125,38.3330078125,0,,0
543,GF-5-CAM-25,33721.54593849,33721.54889295,33721.692191102,38.3330078125,38.3330078125,0,,0
545,GF-5-CAM-25,33722.123539128,33722.126434677,33722.286511182,38.3330078125,38.3330078125,0,,0
547,GF-5-CAM-25,33722.675508262,33722.677303148,33722.772514087,38.3330078125,38.3330078125,0,,0
549,GF-5-CAM-25,33723.140353142,33723.143793083,33723.375318801,38.3330078125,38.3330078125,0,,0
551,GF-5-CAM-25,33723.736948731,33723.739744941,33723.853578616,38.3330078125,38.3330078125,0,,0
553,GF-5-CAM-25,33724.338146231,33724.345860722,33724.52736898,38.3330078125,38.3330078125,0,,0
555,GF-5-CAM-25,33725.037984391,33725.039998709,33725.206482455,38.3330078125,38.3330078125,0,,0
557,GF-5-CAM-25,33725.571138334,33725.573546581,33725.721555593,38.3330078125,38.3330078125,0,,0
559,GF-5-CAM-25,33726.158139724,33726.162527155,33726.272960713,38.3330078125,38.3330078125,0,,0
561,GF-5-CAM-25,33726.735878789,33726.738193061,33726.97235841,38.3330078125,38.3330078125,0,,0
563,GF-5-CAM-25,33727.389800687,33727.392665056,33727.514531689,38.3330078125,38.3330078125,0,,0
565,GF-5-CAM-25,33727.962986459,33727.966251461,33728.101600394,38.3330078125,38.3330078125,0,,0
567,GF-5-CAM-25,33728.518353583,33728.520273189,33728.586217385,38.3330078125,38.3330078125,0,,0
569,GF-5-CAM-25,33729.049850207,33729.054462314,33729.18055214,38.3330078125,38.3330078125,0,,0
571,GF-5-CAM-25,33729.575663157,33729.580275317,33729.728660819,38.3330078125,38.3330078125,0,,0
573,GF-5-CAM-25,33730.059063568,33730.061629232,33730.211061289,38.3330078125,38.3330078125,0,,0
575,GF-5-CAM-25,33730.579670896,33730.581970996,33730.689713024,38.3330078125,38.3330078125,0,,0
577,GF-5-CAM-25,33731.09614957,33731.098723896,33731.223313459,38.3330078125,38.3330078125,0,,0
579,GF-5-CAM-25,33731.602290929,33731.609837153,33731.732939889,38.3330078125,38.3330078125,0,,0
581,GF-5-CAM-25,33732.124636142,33732.127681125,33732.222679446,38.3330078125,38.3330078125,0,,0
583,GF-5-CAM-25,33732.631146045,33732.634835085,33732.839961507,38.3330078125,38.3330078125,0,,0
585,GF-5-CAM-25,33733.329391831,33733.333819177,33733.533578583,38.3330078125,38.3330078125,0,,0
587,GF-5-CAM-25,33733.964738613,33733.966546658,33734.109523829,38.3330078125,38.3330078125,0,,0
589,GF-5-CAM-25,33734.498540035,33734.500775591,33734.598415632,38.3330078125,38.3330078125,0,,0
591,GF-5-CAM-25,33734.993034347,33734.995116449,33735.132417071,38.3330078125,38.3330078125,0,,0
593,GF-5-CAM-25,33735.54765706,33735.551626889,33735.7411764,38.3330078125,38.3330078125,0,,0
595,GF-5-CAM-25,33736.083845813,33736.089776311,33736.261116361,38.3330078125,38.3330078125,0,,0
597,GF-5-CAM-25,33736.648855024,33736.651813579,33736.765505411,38.3330078125,38.3330078125,0,,0
599,GF-5-CAM-25,33737.281744918,33737.285131724,33737.434157909,38.3330078125,38.3330078125,0,,0
601,GF-5-CAM-25,33737.886886026,33737.890379704,33738.037473028,38.3330078125,38.3330078125,0,,0
603,GF-5-CAM-25,33738.626690186,33738.658161001,33738.841766274,38.3330078125,38.3330078125,0,,0
605,GF-5-CAM-25,33739.344574204,33739.347597005,33739.471445141,38.3330078125,38.3330078125,0,,0
607,GF-5-CAM-25,33739.903884627,33739.906449088,33739.98963453,38.3330078125,38.3330078125,0,,0
609,GF-5-CAM-25,33740.335660685,33740.337520215,33740.555874395,38.3330078125,38.3330078125,0,,0
611,GF-5-CAM-25,33740.992616329,33740.994786192,33741.186191593,38.3330078125,38.3330078125,0,,0
613,GF-5-CAM-25,33741.639320068,33741.642179341,33741.77242513,38.3330078125,38.3330078125,0,,0
615,GF-5-CAM-25,33742.159381649,33742.161264595,33742.315869756,38.3330078125,38.3330078125,0,,0
617,GF-5-CAM-25,33742.654236903,33742.655814033,33742.766805752,38.3330078125,38.3330078125,0,,0
619,GF-5-CAM-25,33743.029876967,33743.032517123,33743.206612653,38.3330078125,38.3330078125,0,,0
625,GF-5-CAM-25,33744.811128962,33744.813365095,33744.929938708,38.33349609375,38.3330078125,0,,0
629,GF-5-CAM-25,33746.163686677,33746.165844011,33746.285543225,38.33349609375,38.3330078125,0,,0
631,GF-5-CAM-25,33746.688585536,33746.691149258,33746.834527179,38.3330078125,38.3330078125,0,,0
633,GF-5-CAM-25,33747.276348018,33747.279182892,33747.434593608,38.3330078125,38.3330078125,0,,0
647,GF-5-CAM-25,33751.844172598,33751.848289455,33752.072613775,38.33349609375,38.3330078125,0,,0
649,GF-5-CAM-25,33752.52383104,33752.52686485,33752.638162435,38.3330078125,38.3330078125,0,,0
651,GF-5-CAM-25,33753.069073611,33753.072536942,33753.221865577,38.3330078125,38.3330078125,0,,0
653,GF-5-CAM-25,33753.798725012,33753.805272153,33753.979193316,38.3330078125,38.3330078125,0,,0
655,GF-5-CAM-25,33754.376595331,33754.37961372,33754.504891566,38.3330078125,38.3330078125,0,,0
667,GF-5-CAM-25,33757.935298022,33757.938896824,33758.113429976,38.33349609375,38.3330078125,0,,0
669,GF-5-CAM-25,33758.532187922,33758.536560521,33758.73742897,38.3330078125,38.3330078125,0,,0
673,GF-5-CAM-25,33759.732523558,33759.735924693,33759.919776527,38.33349609375,38.3330078125,0,,0
675,GF-5-CAM-25,33760.320659338,33760.323248824,33760.469233162,38.3330078125,38.3330078125,0,,0
677,GF-5-CAM-25,33760.864749267,33760.866296379,33761.000600823,38.3330078125,38.3330078125,0,,0
679,GF-5-CAM-25,33761.397728689,33761.400591896,33761.536181815,38.3330078125,38.3330078125,0,,0
681,GF-5-CAM-25,33762.118161265,33762.123807017,33762.30717666,38.3330078125,38.3330078125,0,,0
683,GF-5-CAM-25,33762.703585412,33762.705834492,33762.927504226,38.3330078125,38.3330078125,0,,0
685,GF-5-CAM-25,33763.308124634,33763.309535426,33763.45865899,38.3330078125,38.3330078125,0,,0
687,GF-5-CAM-25,33763.954384059,33763.956943747,33764.218825385,38.3330078125,38.3330078125,0,,0
689,GF-5-CAM-25,33764.69898368,33764.70264162,33764.858645067,38.3330078125,38.3330078125,0,,0
691,GF-5-CAM-25,33765.29818345,33765.300075213,33765.449471987,38.3330078125,38.3330078125,0,,0
715,GF-5-CAM-25,33772.33953997,33772.341665092,33772.446740619,38.33349609375,38.3330078125,0,,0
717,GF-5-CAM-25,33772.892261499,33772.894395047,33773.058277755,38.3330078125,38.3330078125,0,,0
719,GF-5-CAM-25,33773.459108712,33773.462410391,33773.565633232,38.3330078125,38.3330078125,0,,0
721,GF-5-CAM-25,33773.979465785,33773.984262846,33774.116758313,38.3330078125,38.3330078125,0,,0
723,GF-5-CAM-25,33774.569377214,33774.571240533,33774.693992414,38.3330078125,38.3330078125,0,,0
725,GF-5-CAM-25,33775.141366121,33775.14418967,33775.277559425,38.3330078125,38.3330078125,0,,0
727,GF-5-CAM-25,33775.758197969,33775.762582622,33775.998063758,38.3330078125,38.3330078125,0,,0
729,GF-5-CAM-25,33776.431519085,33776.433057184,33776.545791258,38.3330078125,38.3330078125,0,,0
875,GF-5-CAM-25,33818.727106171,33818.730287982,33818.891217513,38.33349609375,38.3330078125,0,,0
877,GF-5-CAM-25,33819.362991374,33819.365605861,33819.473996332,38.3330078125,38.3330078125,0,,0
879,GF-5-CAM-25,33819.917525867,33819.92022808,33820.084156034,38.3330078125,38.3330078125,0,,0
881,GF-5-CAM-25,33820.507496372,33820.509645771,33820.622570798,38.3330078125,38.3330078125,0,,0
883,GF-5-CAM-25,33821.006435511,33821.009195136,33821.124353491,38.3330078125,38.3330078125,0,,0
885,GF-5-CAM-25,33821.532242729,33821.535175872,33821.677763733,38.3330078125,38.3330078125,0,,0
887,GF-5-CAM-25,33822.113263311,33822.115678507,33822.234787977,38.3330078125,38.3330078125,0,,0
889,GF-5-CAM-25,33822.655917697,33822.658839274,33822.793616451,38.3330078125,38.3330078125,0,,0
891,GF-5-CAM-25,33823.2054264,33823.207323783,33823.332752226,38.3330078125,38.3330078125,0,,0
893,GF-5-CAM-25,33823.725069995,33823.726975736,33823.880935124,38.3330078125,38.3330078125,0,,0
959,GF-5-CAM-25,33844.107956068,33844.110505701,33844.268219537,38.33349609375,38.3330078125,0,,0
961,GF-5-CAM-25,33844.675241271,33844.677671976,33844.800125191,38.3330078125,38.3330078125,0,,0
963,GF-5-CAM-25,33845.235133023,33845.23696168,33845.364383241,38.3330078125,38.3330078125,0,,0
969,GF-5-CAM-25,33847.069854899,33847.07156079,33847.244652394,38.33349609375,38.3330078125,0,,0
971,GF-5-CAM-25,33847.608086069,33847.614672957,33847.759280107,38.3330078125,38.3330078125,0,,0
973,GF-5-CAM-25,33848.167161178,33848.169446046,33848.455248782,38.3330078125,38.3330078125,0,,0
989,GF-5-CAM-25,33853.143784814,33853.145900691,33853.304155161,38.33349609375,38.3330078125,0,,0
991,GF-5-CAM-25,33853.693609318,33853.69491481,33853.889954914,38.3330078125,38.3330078125,0,,0
993,GF-5-CAM-25,33854.331023726,33854.333539569,33854.499330161,38.3330078125,38.3330078125,0,,0
997,GF-5-CAM-25,33855.695214701,33855.700213166,33855.901659353,38.33349609375,38.3330078125,0,,0
1001,GF-5-CAM-25,33857.088547556,33857.090345856,33857.200685044,38.33349609375,38.3330078125,0,,0
1003,GF-5-CAM-25,33857.622144693,33857.624797032,33857.736410322,38.3330078125,38.3330078125,0,,0
1005,GF-5-CAM-25,33858.140712491,33858.14458062,33858.307399183,38.3330078125,38.3330078125,0,,0
1007,GF-5-CAM-25,33858.729864505,33858.732250139,33858.834588963,38.3330078125,38.3330078125,0,,0
1009,GF-5-CAM-25,33859.254218171,33859.258322143,33859.363386667,38.3330078125,38.3330078125,0,,0
1011,GF-5-CAM-25,33859.719188399,33859.721110237,33859.877555853,38.3330078125,38.3330078125,0,,0
1013,GF-5-CAM-25,33860.249278344,33860.251711448,33860.344739391,38.3330078125,38.3330078125,0,,0
1015,GF-5-CAM-25,33860.746426626,33860.749327582,33860.840266137,38.3330078125,38.3330078125,0,,0
1017,GF-5-CAM-25,33861.235611776,33861.237263698,33861.377625895,38.3330078125,38.3330078125,0,,0
1019,GF-5-CAM-25,33861.745862935,33861.747333571,33861.898115076,38.3330078125,38.3330078125,0,,0
1021,GF-5-CAM-25,33862.2703036,33862.278803673,33862.404377342,38.3330078125,38.3330078125,0,,0
1023,GF-5-CAM-25,33862.80059122,33862.80248361,33862.977371406,38.3330078125,38.3330078125,0,,0
1025,GF-5-CAM-25,33863.443676154,33863.446507042,33863.627078351,38.3330078125,38.3330078125,0,,0
1027,GF-5-CAM-25,33864.007381452,33864.011180569,33864.15347721,38.3330078125,38.3330078125,0,,0
1029,GF-5-CAM-25,33864.548503034,33864.552223435,33864.755151918,38.3330078125,38.3330078125,0,,0
1031,GF-5-CAM-25,33865.187587404,33865.190634342,33865.278999896,38.3330078125,38.3330078125,0,,0
1033,GF-5-CAM-25,33865.690919698,33865.695638306,33865.931218966,38.3330078125,38.3330078125,0,,0
1035,GF-5-CAM-25,33866.545177473,33866.547891617,33866.667834576,38.3330078125,38.3330078125,0,,0
1037,GF-5-CAM-25,33867.264535062,33867.268505883,33867.45066219,38.3330078125,38.3330078125,0,,0
1039,GF-5-CAM-25,33867.902891767,33867.912529807,33868.052827543,38.3330078125,38.3330078125,0,,0
1041,GF-5-CAM-25,33868.528471832,33868.53343738,33868.652833858,38.3330078125,38.3330078125,0,,0
1045,GF-5-CAM-25,33869.549138547,33869.552149839,33869.704088328,38.33349609375,38.3330078125,0,,0
1047,GF-5-CAM-25,33870.056821785,33870.058465032,33870.17788949,38.3330078125,38.3330078125,0,,0
1049,GF-5-CAM-25,33870.621726896,33870.623982725,33870.805928352,38.3330078125,38.3330078125,0,,0
1053,GF-5-CAM-25,33871.845968232,33871.84909055,33871.971549946,38.33349609375,38.3330078125,0,,0
1055,GF-5-CAM-25,33872.456017274,33872.457863271,33872.673725537,38.3330078125,38.3330078125,0,,0
1057,GF-5-CAM-25,33873.220713241,33873.22374994,33873.36153086,38.3330078125,38.3330078125,0,,0
1059,GF-5-CAM-25,33873.769783288,33873.771812333,33874.014471179,38.3330078125,38.3330078125,0,,0
1061,GF-5-CAM-25,33874.464722506,33874.466566138,33874.587734259,38.3330078125,38.3330078125,0,,0
1063,GF-5-CAM-25,33874.954587834,33874.961981112,33875.133579332,38.3330078125,38.3330078125,0,,0
1067,GF-5-CAM-25,33876.188763485,33876.190384797,33876.337353333,38.33349609375,38.3330078125,0,,0
1069,GF-5-CAM-25,33876.71778676,33876.720239542,33876.84743356,38.3330078125,38.3330078125,0,,0
1071,GF-5-CAM-25,33877.255171888,33877.259897225,33877.446629587,38.3330078125,38.3330078125,0,,0
1073,GF-5-CAM-25,33877.857644565,33877.860603852,33877.966708482,38.3330078125,38.3330078125,0,,0
1075,GF-5-CAM-25,33878.445183948,33878.448685272,33878.608562514,38.3330078125,38.3330078125,0,,0
1077,GF-5-CAM-25,33879.005122528,33879.007038696,33879.126410012,38.3330078125,38.3330078125,0,,0
1081,GF-5-CAM-25,33880.227543596,33880.230795445,33880.366136454,38.33349609375,38.3330078125,0,,0
1083,GF-5-CAM-25,33880.802915312,33880.808662341,33880.976344873,38.3330078125,38.3330078125,0,,0
1085,GF-5-CAM-25,33881.370474173,33881.372823659,33881.539157062,38.3330078125,38.3330078125,0,,0
1087,GF-5-CAM-25,33881.963041544,33881.968042517,33882.106722565,38.3330078125,38.3330078125,0,,0
1089,GF-5-CAM-25,33882.552792621,33882.55655107,33882.737615906,38.3330078125,38.3330078125,0,,0
1091,GF-5-CAM-25,33883.234381315,33883.238531469,33883.495309535,38.3330078125,38.3330078125,0,,0
1093,GF-5-CAM-25,33883.912499515,33883.916591127,33884.050603585,38.3330078125,38.3330078125,0,,0
1095,GF-5-CAM-25,33884.395925332,33884.398033954,33884.561758908,38.3330078125,38.3330078125,0,,0
1097,GF-5-CAM-25,33884.98239213,33884.98417743,33885.123281801,38.3330078125,38.3330078125,0,,0
1099,GF-5-CAM-25,33885.611441939,33885.612995565,33885.842300169,38.3330078125,38.3330078125,0,,0
1101,GF-5-CAM-25,33886.323843948,33886.327848426,33886.621823872,38.3330078125,38.3330078125,0,,0
1103,GF-5-CAM-25,33887.087801068,33887.091243149,33887.241225205,38.3330078125,38.3330078125,0,,0
1105,GF-5-CAM-25,33887.712361528,33887.71609978,33887.85365516,38.3330078125,38.3330078125,0,,0
1107,GF-5-CAM-25,33888.228260756,33888.229932527,33888.367882534,38.3330078125,38.3330078125,0,,0
1109,GF-5-CAM-25,33888.778774419,33888.78121599,33889.01006423,38.3330078125,38.3330078125,0,,0
1340,GF-5-CAM-25,33953.321841829,33953.323393572,33953.450494653,38.33349609375,38.3330078125,0,,0
1342,GF-5-CAM-25,33953.820497971,33953.823076549,33953.981784802,38.3330078125,38.3330078125,0,,0
1356,GF-5-CAM-25,33958.026469303,33958.03289972,33958.243439273,38.33349609375,38.3330078125,0,,0
1358,GF-5-CAM-25,33958.617264077,33958.620034752,33958.741743375,38.3330078125,38.3330078125,0,,0
1360,GF-5-CAM-25,33959.233552494,33959.234988395,33959.365770013,38.3330078125,38.3330078125,0,,0
1362,GF-5-CAM-25,33959.80238677,33959.804869302,33959.897990317,38.3330078125,38.3330078125,0,,0
1364,GF-5-CAM-25,33960.317221375,33960.319137932,33960.425079557,38.3330078125,38.3330078125,0,,0
1366,GF-5-CAM-25,33960.85063418,33960.85609939,33961.002009976,38.3330078125,38.3330078125,0,,0
1368,GF-5-CAM-25,33961.373335782,33961.375853737,33961.511607938,38.3330078125,38.3330078125,0,,0
1372,GF-5-CAM-25,33962.517120388,33962.522606381,33962.745819861,38.33349609375,38.3330078125,0,,0
1374,GF-5-CAM-25,33963.178866403,33963.18111199,33963.322532206,38.3330078125,38.3330078125,0,,0
1376,GF-5-CAM-25,33963.732507978,33963.738973933,33963.90214626,38.3330078125,38.3330078125,0,,0
1378,GF-5-CAM-25,33964.395100345,33964.397000903,33964.55985612,38.3330078125,38.3330078125,0,,0
1380,GF-5-CAM-25,33964.916050961,33964.918739059,33965.035426803,38.3330078125,38.3330078125,0,,0
1382,GF-5-CAM-25,33965.479038057,33965.482154242,33965.607235121,38.3330078125,38.3330078125,0,,0
1384,GF-5-CAM-25,33965.958783654,33965.960845233,33966.111838792,38.3330078125,38.3330078125,0,,0
1386,GF-5-CAM-25,33966.559730429,33966.561987343,33966.732159298,38.3330078125,38.3330078125,0,,0
1388,GF-5-CAM-25,33967.139044902,33967.143847526,33967.270642695,38.3330078125,38.3330078125,0,,0
1390,GF-5-CAM-25,33967.701341489,33967.703422425,33967.926933524,38.3330078125,38.3330078125,0,,0
1392,GF-5-CAM-25,33968.290618769,33968.292714257,33968.428733569,38.3330078125,38.3330078125,0,,0
1394,GF-5-CAM-25,33968.755304993,33968.757456387,33968.877363594,38.3330078125,38.3330078125,0,,0
1604,GF-5-CAM-25,34026.837703282,34026.843296481,34026.948145655,38.33349609375,38.3330078125,0,,0
1606,GF-5-CAM-25,34027.383675442,34027.385224195,34027.517607921,38.3330078125,38.3330078125,0,,0
1608,GF-5-CAM-25,34027.982508616,34027.986258602,34028.172863088,38.3330078125,38.3330078125,0,,0
1618,GF-5-CAM-25,34030.908299116,34030.909773804,34031.034365346,38.33349609375,38.3330078125,0,,0
1620,GF-5-CAM-25,34031.499898766,34031.505167602,34031.621242075,38.3330078125,38.3330078125,0,,0
1626,GF-5-CAM-25,34033.189706691,34033.191166571,34033.343185179,38.33349609375,38.3330078125,0,,0
1628,GF-5-CAM-25,34033.709718579,34033.712833103,34033.867952946,38.3330078125,38.3330078125,0,,0
1630,GF-5-CAM-25,34034.26766598,34034.271568793,34034.438164807,38.3330078125,38.3330078125,0,,0
1632,GF-5-CAM-25,34034.833147951,34034.834866808,34034.923730441,38.3330078125,38.3330078125,0,,0
1634,GF-5-CAM-25,34035.276113309,34035.27744069,34035.381953852,38.3330078125,38.3330078125,0,,0
1636,GF-5-CAM-25,34035.748137177,34035.752329206,34035.842102321,38.3330078125,38.3330078125,0,,0
1678,GF-5-CAM-25,34047.378103595,34047.379742392,34047.508603186,38.33349609375,38.3330078125,0,,0
1690,GF-5-CAM-25,34050.758814379,34050.764552218,34050.958947248,38.33349609375,38.3330078125,0,,0
1692,GF-5-CAM-25,34051.367878903,34051.370180802,34051.508471022,38.3330078125,38.3330078125,0,,0
1694,GF-5-CAM-25,34051.889417437,34051.891739848,34052.015241247,38.3330078125,38.3330078125,0,,0
1696,GF-5-CAM-25,34052.396959391,34052.398487235,34052.528515529,38.3330078125,38.3330078125,0,,0
1700,GF-5-CAM-25,34053.457839018,34053.46199314,34053.555662548,38.33349609375,38.3330078125,0,,0
1704,GF-5-CAM-25,34054.547627438,34054.549452814,34054.695041409,38.33349609375,38.3330078125,0,,0
1706,GF-5-CAM-25,34055.051152014,34055.055764283,34055.205472069,38.3330078125,38.3330078125,0,,0
1708,GF-5-CAM-25,34055.615529754,34055.618584764,34055.814048325,38.3330078125,38.3330078125,0,,0
1710,GF-5-CAM-25,34056.274304099,34056.277583153,34056.408392611,38.3330078125,38.3330078125,0,,0
1712,GF-5-CAM-25,34056.803941657,34056.807274298,34056.92750573,38.3330078125,38.3330078125,0,,0
1714,GF-5-CAM-25,34057.333096432,34057.335949291,34057.434295404,38.3330078125,38.3330078125,0,,0
1716,GF-5-CAM-25,34057.788698016,34057.792140742,34057.945814674,38.3330078125,38.3330078125,0,,0
1718,GF-5-CAM-25,34058.290168769,34058.292547374,34058.43210883,38.3330078125,38.3330078125,0,,0
1720,GF-5-CAM-25,34058.854986135,34058.857487879,34058.999083091,38.3330078125,38.3330078125,0,,0
1722,GF-5-CAM-25,34059.364257392,34059.36670237,34059.468405832,38.3330078125,38.3330078125,0,,0
1724,GF-5-CAM-25,34059.843921036,34059.846347536,34059.972776999,38.3330078125,38.3330078125,0,,0
1726,GF-5-CAM-25,34060.358536775,34060.361704643,34060.484038412,38.3330078125,38.3330078125,0,,0
1728,GF-5-CAM-25,34060.852311509,34060.855315445,34061.016776251,38.3330078125,38.3330078125,0,,0
1730,GF-5-CAM-25,34061.429026456,34061.431775889,34061.623814182,38.3330078125,38.3330078125,0,,0
1732,GF-5-CAM-25,34062.173106936,34062.176680663,34062.287330926,38.3330078125,38.3330078125,0,,0
1734,GF-5-CAM-25,34062.627376991,34062.634024113,34062.804475557,38.3330078125,38.3330078125,0,,0
1736,GF-5-CAM-25,34063.164193251,34063.167922411,34063.261147383,38.3330078125,38.3330078125,0,,0
1738,GF-5-CAM-25,34063.798879515,34063.801631217,34063.956824304,38.3330078125,38.3330078125,0,,0
1740,GF-5-CAM-25,34064.290403668,34064.292572507,34064.424824926,38.3330078125,38.3330078125,0,,0
1742,GF-5-CAM-25,34064.816803195,34064.819281139,34064.948275226,38.3330078125,38.3330078125,0,,0
1744,GF-5-CAM-25,34065.288447434,34065.292083332,34065.412320433,38.3330078125,38.3330078125,0,,0
1746,GF-5-CAM-25,34065.761391199,34065.764092848,34065.90331184,38.3330078125,38.3330078125,0,,0
1748,GF-5-CAM-25,34066.283709868,34066.285387483,34066.424650741,38.3330078125,38.3330078125,0,,0
1750,GF-5-CAM-25,34066.821605061,34066.825159116,34066.919034276,38.3330078125,38.3330078125,0,,0
1752,GF-5-CAM-25,34067.448840336,34067.482199214,34067.661673985,38.3330078125,38.3330078125,0,,0
1754,GF-5-CAM-25,34067.999431628,34068.001168886,34068.1211079,38.3330078125,38.3330078125,0,,0
1756,GF-5-CAM-25,34068.456523828,34068.458562999,34068.574358352,38.3330078125,38.3330078125,0,,0
1758,GF-5-CAM-25,34068.922134519,34068.923942446,34069.051069679,38.3330078125,38.3330078125,0,,0
1760,GF-5-CAM-25,34069.445906832,34069.448433476,34069.620342559,38.3330078125,38.3330078125,0,,0
1762,GF-5-CAM-25,34069.953566493,34069.955976002,34070.059531876,38.3330078125,38.3330078125,0,,0
1764,GF-5-CAM-25,34070.432824965,34070.434336538,34070.576088429,38.3330078125,38.3330078125,0,,0
1766,GF-5-CAM-25,34071.007754582,34071.01584599,34071.109403342,38.3330078125,38.3330078125,0,,0
1768,GF-5-CAM-25,34071.496465132,34071.499324097,34071.596656303,38.3330078125,38.3330078125,0,,0
1770,GF-5-CAM-25,34072.014397782,34072.016307846,34072.136913093,38.3330078125,38.3330078125,0,,0
1772,GF-5-CAM-25,34072.503939589,34072.5069227,34072.636420019,38.3330078125,38.3330078125,0,,0
1774,GF-5-CAM-25,34073.026742257,34073.028315146,34073.181322853,38.3330078125,38.3330078125,0,,0
1776,GF-5-CAM-25,34073.700800502,34073.703147737,34073.844110467,38.3330078125,38.3330078125,0,,0
1778,GF-5-CAM-25,34074.256484998,34074.258065142,34074.371739259,38.3330078125,38.3330078125,0,,0
1780,GF-5-CAM-25,34074.793041427,34074.796395029,34074.916955786,38.3330078125,38.3330078125,0,,0
1782,GF-5-CAM-25,34075.308848951,34075.311960583,34075.43698636,38.3330078125,38.3330078125,0,,0
1784,GF-5-CAM-25,34075.784016576,34075.787077476,34075.968463999,38.3330078125,38.3330078125,0,,0
1786,GF-5-CAM-25,34076.407557031,34076.409991596,34076.566293499,38.3330078125,38.3330078125,0,,0
1788,GF-5-CAM-25,34076.87736082,34076.879031352,34076.996286863,38.3330078125,38.3330078125,0,,0
1790,GF-5-CAM-25,34077.322843751,34077.325248558,34077.450384647,38.3330078125,38.3330078125,0,,0
1792,GF-5-CAM-25,34077.786271024,34077.788577803,34077.875190902,38.3330078125,38.3330078125,0,,0
1794,GF-5-CAM-25,34078.187024975,34078.192061663,34078.386209491,38.3330078125,38.3330078125,0,,0
1796,GF-5-CAM-25,34078.728711227,34078.732458527,34078.853990736,38.3330078125,38.3330078125,0,,0
1798,GF-5-CAM-25,34079.218571187,34079.220613623,34079.338899615,38.3330078125,38.3330078125,0,,0
1800,GF-5-CAM-25,34079.71263476,34079.714821998,34079.877038165,38.3330078125,38.3330078125,0,,0
1802,GF-5-CAM-25,34080.301932055,34080.304095247,34080.442141591,38.3330078125,38.3330078125,0,,0
1811,GF-5-CAM-25,34082.230391076,34082.233138392,34082.388334863,38.3330078125,38.3330078125,0,,0
1813,GF-5-CAM-25,34082.765935987,34082.767645974,34082.948631016,38.3330078125,38.3330078125,0,,0
1815,GF-5-CAM-25,34083.319325318,34083.321762041,34083.436885147,38.3330078125,38.3330078125,0,,0
1817,GF-5-CAM-25,34083.811220782,34083.814763948,34083.930348381,38.3330078125,38.3330078125,0,,0
1819,GF-5-CAM-25,34084.398066362,34084.400621872,34084.518040958,38.3330078125,38.3330078125,0,,0
1821,GF-5-CAM-25,34084.889760869,34084.892141723,34085.015058427,38.3330078125,38.3330078125,0,,0
1823,GF-5-CAM-25,34085.323595682,34085.326303688,34085.426835002,38.3330078125,38.3330078125,0,,0
1825,GF-5-CAM-25,34085.780375665,34085.78256857,34085.944963456,38.3330078125,38.3330078125,0,,0
1827,GF-5-CAM-25,34086.314903092,34086.317552755,34086.481844694,38.3330078125,38.3330078125,0,,0
1829,GF-5-CAM-25,34087.024622367,34087.027735355,34087.120508822,38.3330078125,38.3330078125,0,,0
1831,GF-5-CAM-25,34087.450962927,34087.452508523,34087.536590415,38.3330078125,38.3330078125,0,,0
1833,GF-5-CAM-25,34087.909495745,34087.911760468,34088.024298353,38.3330078125,38.3330078125,0,,0
1835,GF-5-CAM-25,34088.398130985,34088.399912964,34088.572234599,38.3330078125,38.3330078125,0,,0
1837,GF-5-CAM-25,34088.981164357,34088.989926574,34089.15836789,38.3330078125,38.3330078125,0,,0
1839,GF-5-CAM-25,34089.548134395,34089.552839922,34089.731966006,38.3330078125,38.3330078125,0,,0
1841,GF-5-CAM-25,34090.132438482,34090.134807454,34090.233187934,38.3330078125,38.3330078125,0,,0
1843,GF-5-CAM-25,34090.716236379,34090.718164656,34090.863221835,38.3330078125,38.3330078125,0,,0
1845,GF-5-CAM-25,34091.269489214,34091.271602035,34091.390329195,38.3330078125,38.3330078125,0,,0
1847,GF-5-CAM-25,34091.79686134,34091.799650969,34091.876900897,38.3330078125,38.3330078125,0,,0
1849,GF-5-CAM-25,34092.229624094,34092.231306084,34092.339531217,38.3330078125,38.3330078125,0,,0
1851,GF-5-CAM-25,34092.729381872,34092.731203401,34092.82758619,38.3330078125,38.3330078125,0,,0
1853,GF-5-CAM-25,34093.243920595,34093.247360236,34093.379392459,38.3330078125,38.3330078125,0,,0
1855,GF-5-CAM-25,34093.752749926,34093.755922768,34093.861983607,38.3330078125,38.3330078125,0,,0
1857,GF-5-CAM-25,34094.271634401,34094.274309155,34094.402604065,38.3330078125,38.3330078125,0,,0
1859,GF-5-CAM-25,34094.7505928,34094.754873834,34094.886509845,38.3330078125,38.3330078125,0,,0
1861,GF-5-CAM-25,34095.251460735,34095.253789603,34095.313712759,38.3330078125,38.3330078125,0,,0
1863,GF-5-CAM-25,34095.637879661,34095.646680562,34095.8492971,38.3330078125,38.3330078125,0,,0
1865,GF-5-CAM-25,34096.270803307,34096.272876826,34096.388092547,38.3330078125,38.3330078125,0,,0
1867,GF-5-CAM-25,34096.712435509,34096.714905123,34096.81229452,38.3330078125,38.3330078125,0,,0
1869,GF-5-CAM-25,34097.18715786,34097.190344114,34097.297210667,38.3330078125,38.3330078125,0,,0
1871,GF-5-CAM-25,34097.668057343,34097.670466122,34097.791357722,38.3330078125,38.3330078125,0,,0
1873,GF-5-CAM-25,34098.163389615,34098.168489861,34098.285556697,38.3330078125,38.3330078125,0,,0
1875,GF-5-CAM-25,34098.636873356,34098.639620922,34098.780821321,38.3330078125,38.3330078125,0,,0
1877,GF-5-CAM-25,34099.265386125,34099.267199623,34099.425582945,38.3330078125,38.3330078125,0,,0
1879,GF-5-CAM-25,34099.850360923,34099.85189024,34099.955852938,38.3330078125,38.3330078125,0,,0
1881,GF-5-CAM-25,34100.332748204,34100.334549927,34100.501410917,38.3330078125,38.3330078125,0,,0
1883,GF-5-CAM-25,34100.890228295,34100.893383197,34101.063308189,38.3330078125,38.3330078125,0,,0
1885,GF-5-CAM-25,34101.483098311,34101.486809659,34101.611831777,38.3330078125,38.3330078125,0,,0
1887,GF-5-CAM-25,34102.008957282,34102.011932457,34102.130848453,38.3330078125,38.3330078125,0,,0
1889,GF-5-CAM-25,34102.532807599,34102.540693386,34102.626530695,38.3330078125,38.3330078125,0,,0
1891,GF-5-CAM-25,34103.079448632,34103.083806558,34103.25669414,38.3330078125,38.3330078125,0,,0
1893,GF-5-CAM-25,34103.637881413,34103.64272044,34103.795516841,38.3330078125,38.3330078125,0,,0
1895,GF-5-CAM-25,34104.185087777,34104.186949362,34104.335552861,38.3330078125,38.3330078125,0,,0
1897,GF-5-CAM-25,34104.726330832,34104.728032139,34104.825717668,38.3330078125,38.3330078125,0,,0
1899,GF-5-CAM-25,34105.171224499,34105.173408741,34105.323727923,38.3330078125,38.3330078125,0,,0
1901,GF-5-CAM-25,34105.67823914,34105.680628997,34105.825172657,38.3330078125,38.3330078125,0,,0
1903,GF-5-CAM-25,34106.152863036,34106.160432324,34106.285516422,38.3330078125,38.3330078125,0,,0
1905,GF-5-CAM-25,34106.711089898,34106.71566352,34106.857231104,38.3330078125,38.3330078125,0,,0
1907,GF-5-CAM-25,34107.341728667,34107.343867087,34107.51962369,38.3330078125,38.3330078125,0,,0
1909,GF-5-CAM-25,34107.915428191,34107.91793745,34108.046804265,38.3330078125,38.3330078125,0,,0
1911,GF-5-CAM-25,34108.584993194,34108.591086392,34108.76486496,38.3330078125,38.3330078125,0,,0
1913,GF-5-CAM-25,34109.351995544,34109.356056571,34109.584365826,38.3330078125,38.3330078125,0,,0
1915,GF-5-CAM-25,34110.035634714,34110.037413986,34110.202581767,38.3330078125,38.3330078125,0,,0
1917,GF-5-CAM-25,34110.618889272,34110.62030837,34110.743347129,38.3330078125,38.3330078125,0,,0
1919,GF-5-CAM-25,34111.201206558,34111.203403668,34111.301987206,38.3330078125,38.3330078125,0,,0
1921,GF-5-CAM-25,34111.722902001,34111.724964679,34111.839856126,38.3330078125,38.3330078125,0,,0
1923,GF-5-CAM-25,34112.30337799,34112.305475815,34112.447496239,38.3330078125,38.3330078125,0,,0
1925,GF-5-CAM-25,34112.956790508,34112.97393047,34113.087437325,38.3330078125,38.3330078125,0,,0
1927,GF-5-CAM-25,34113.511895064,34113.51408859,34113.650836653,38.3330078125,38.3330078125,0,,0
1929,GF-5-CAM-25,34113.977250685,34113.979363593,34114.075149756,38.3330078125,38.3330078125,0,,0
1931,GF-5-CAM-25,34114.445291096,34114.448760776,34114.609784538,38.3330078125,38.3330078125,0,,0
1933,GF-5-CAM-25,34115.021302387,34115.025224062,34115.144117239,38.3330078125,38.3330078125,0,,0
1935,GF-5-CAM-25,34115.507558301,34115.50985065,34115.630711523,38.3330078125,38.3330078125,0,,0
1937,GF-5-CAM-25,34116.01268402,34116.016300526,34116.14316491,38.3330078125,38.3330078125,0,,0
1939,GF-5-CAM-25,34116.445998449,34116.447330867,34116.577400644,38.3330078125,38.3330078125,0,,0
1941,GF-5-CAM-25,34116.926540348,34116.931478223,34117.080244158,38.3330078125,38.3330078125,0,,0
1943,GF-5-CAM-25,34117.496130464,34117.49899326,34117.639661372,38.3330078125,38.3330078125,0,,0
1945,GF-5-CAM-25,34117.989278067,34117.991228979,34118.181550354,38.3330078125,38.3330078125,0,,0
1947,GF-5-CAM-25,34118.5738564,34118.575442359,34118.738377421,38.3330078125,38.3330078125,0,,0
1949,GF-5-CAM-25,34119.065289486,34119.067969826,34119.180467686,38.3330078125,38.3330078125,0,,0
1951,GF-5-CAM-25,34119.568435257,34119.575988462,34119.668656611,38.3330078125,38.3330078125,0,,0
1953,GF-5-CAM-25,34120.013553451,34120.016988945,34120.182188795,38.3330078125,38.3330078125,0,,0
1955,GF-5-CAM-25,34120.60028873,34120.603591135,34120.708040964,38.3330078125,38.3330078125,0,,0
1957,GF-5-CAM-25,34121.165169339,34121.168593047,34121.350221053,38.3330078125,38.3330078125,0,,0
1959,GF-5-CAM-25,34121.833265033,34121.836587652,34121.999971561,38.3330078125,38.3330078125,0,,0
1961,GF-5-CAM-25,34122.423781674,34122.425593444,34122.553510201,38.3330078125,38.3330078125,0,,0
1963,GF-5-CAM-25,34123.004644999,34123.007433661,34123.14492407,38.3330078125,38.3330078125,0,,0
1965,GF-5-CAM-25,34123.543166847,34123.547370553,34123.629831636,38.3330078125,38.3330078125,0,,0
1967,GF-5-CAM-25,34124.054157333,34124.056789039,34124.239528546,38.3330078125,38.3330078125,0,,0
1969,GF-5-CAM-25,34124.623291691,34124.626506357,34124.740132617,38.3330078125,38.3330078125,0,,0
1971,GF-5-CAM-25,34125.093216266,34125.095397006,34125.208937746,38.3330078125,38.3330078125,0,,0
1973,GF-5-CAM-25,34125.750764075,34125.752765132,34125.923535538,38.3330078125,38.3330078125,0,,0
1975,GF-5-CAM-25,34126.292358632,34126.295299486,34126.458115806,38.3330078125,38.3330078125,0,,0
1977,GF-5-CAM-25,34126.905711581,34126.908965627,34127.083359426,38.3330078125,38.3330078125,0,,0
1979,GF-5-CAM-25,34127.513029505,34127.515497277,34127.684497198,38.3330078125,38.3330078125,0,,0
1981,GF-5-CAM-25,34128.106889023,34128.110965341,34128.256594186,38.3330078125,38.3330078125,0,,0
1983,GF-5-CAM-25,34128.628424552,34128.631623847,34128.780295439,38.3330078125,38.3330078125,0,,0
1985,GF-5-CAM-25,34129.173493831,34129.176689087,34129.274384585,38.3330078125,38.3330078125,0,,0
1987,GF-5-CAM-25,34129.69384159,34129.699972953,34129.866289352,38.3330078125,38.3330078125,0,,0
1989,GF-5-CAM-25,34130.22651441,34130.231671314,34130.362834245,38.3330078125,38.3330078125,0,,0
1991,GF-5-CAM-25,34130.733082376,34130.737840832,34130.888408895,38.3330078125,38.3330078125,0,,0
1993,GF-5-CAM-25,34131.298268455,34131.306769368,34131.544031866,38.3330078125,38.3330078125,0,,0
1995,GF-5-CAM-25,34131.906648996,34131.908189811,34132.044119698,38.3330078125,38.3330078125,0,,0
1997,GF-5-CAM-25,34132.394450694,34132.396531261,34132.58346824,38.3330078125,38.3330078125,0,,0
1999,GF-5-CAM-25,34132.9519158,34132.954463514,34133.099620359,38.3330078125,38.3330078125,0,,0
2001,GF-5-CAM-25,34133.590857255,34133.593628573,34133.782939915,38.3330078125,38.3330078125,0,,0
2003,GF-5-CAM-25,34134.134653134,34134.136836199,34134.323183855,38.3330078125,38.3330078125,0,,0
2005,GF-5-CAM-25,34134.688330351,34134.690209161,34134.800203203,38.3330078125,38.3330078125,0,,0
2007,GF-5-CAM-25,34135.145906363,34135.150703695,34135.274433127,38.3330078125,38.3330078125,0,,0
2009,GF-5-CAM-25,34135.626290579,34135.631369854,34135.781692053,38.3330078125,38.3330078125,0,,0
2011,GF-5-CAM-25,34136.167600217,34136.174857792,34136.281685727,38.3330078125,38.3330078125,0,,0
2013,GF-5-CAM-25,34136.649937051,34136.651994719,34136.804358261,38.3330078125,38.3330078125,0,,0
2015,GF-5-CAM-25,34137.222107547,34137.225096271,34137.380445816,38.3330078125,38.3330078125,0,,0
2017,GF-5-CAM-25,34137.784774001,34137.788014817,34137.948050681,38.3330078125,38.3330078125,0,,0
2019,GF-5-CAM-25,34138.397779378,34138.401734813,34138.580531732,38.3330078125,38.3330078125,0,,0
2021,GF-5-CAM-25,34138.965382841,34138.969146214,34139.088857033,38.3330078125,38.3330078125,0,,0
2023,GF-5-CAM-25,34139.543197699,34139.546238125,34139.667410418,38.3330078125,38.3330078125,0,,0
2025,GF-5-CAM-25,34140.036944117,34140.040945522,34140.167428437,38.3330078125,38.3330078125,0,,0
2027,GF-5-CAM-25,34140.559117423,34140.566321576,34140.688359595,38.3330078125,38.3330078125,0,,0
2029,GF-5-CAM-25,34141.023957253,34141.026497247,34141.127484025,38.3330078125,38.3330078125,0,,0
2031,GF-5-CAM-25,34141.595496417,34141.599188902,34141.74087409,38.3330078125,38.3330078125,0,,0
2033,GF-5-CAM-25,34142.105844873,34142.109690104,34142.212335733,38.3330078125,38.3330078125,0,,0
2035,GF-5-CAM-25,34142.588040507,34142.589754085,34142.748690973,38.3330078125,38.3330078125,0,,0
2037,GF-5-CAM-25,34143.152633804,34143.154646729,34143.328300939,38.3330078125,38.3330078125,0,,0
2039,GF-5-CAM-25,34143.766949846,34143.769234707,34143.894344543,38.3330078125,38.3330078125,0,,0
2041,GF-5-CAM-25,34144.308478151,34144.312318796,34144.50506839,38.3330078125,38.3330078125,0,,0
2043,GF-5-CAM-25,34144.889527336,34144.896118811,34145.052077931,38.3330078125,38.3330078125,0,,0
2045,GF-5-CAM-25,34145.425223086,34145.427581156,34145.556160332,38.3330078125,38.3330078125,0,,0
2047,GF-5-CAM-25,34145.871655168,34145.875091888,34146.028331643,38.3330078125,38.3330078125,0,,0
2049,GF-5-CAM-25,34146.38302184,34146.38493351,34146.489973243,38.3330078125,38.3330078125,0,,0
2051,GF-5-CAM-25,34146.828061327,34146.830301508,34146.934318447,38.3330078125,38.3330078125,0,,0
2053,GF-5-CAM-25,34147.32441246,34147.327317217,34147.443901171,38.3330078125,38.3330078125,0,,0
2055,GF-5-CAM-25,34147.896847699,34147.899517699,34148.036788274,38.3330078125,38.3330078125,0,,0
2057,GF-5-CAM-25,34148.357603731,34148.360417478,34148.482077336,38.3330078125,38.3330078125,0,,0
2059,GF-5-CAM-25,34148.910039051,34148.912253067,34149.064316016,38.3330078125,38.3330078125,0,,0
2061,GF-5-CAM-25,34149.408163257,34149.411882413,34149.615405681,38.3330078125,38.3330078125,0,,0
2063,GF-5-CAM-25,34149.966231117,34149.968166186,34150.115508487,38.3330078125,38.3330078125,0,,0
2065,GF-5-CAM-25,34150.479711222,34150.481611454,34150.636494218,38.3330078125,38.3330078125,0,,0
2067,GF-5-CAM-25,34151.006050325,34151.009273807,34151.159613674,38.3330078125,38.3330078125,0,,0
2069,GF-5-CAM-25,34151.509292162,34151.512441523,34151.628441116,38.3330078125,38.3330078125,0,,0
2071,GF-5-CAM-25,34151.982184314,34151.98538788,34152.107314965,38.3330078125,38.3330078125,0,,0
2073,GF-5-CAM-25,34152.512480679,34152.51637676,34152.692762615,38.3330078125,38.3330078125,0,,0
2075,GF-5-CAM-25,34153.013879736,34153.016231049,34153.163992013,38.3330078125,38.3330078125,0,,0
2077,GF-5-CAM-25,34153.549101538,34153.552210625,34153.67078103,38.3330078125,38.3330078125,0,,0
2079,GF-5-CAM-25,34154.023435727,34154.03313575,34154.156628697,38.3330078125,38.3330078125,0,,0
2081,GF-5-CAM-25,34154.489245046,34154.491291224,34154.57017958,38.3330078125,38.3330078125,0,,0
2083,GF-5-CAM-25,34154.926791756,34154.929966458,34155.042918742,38.3330078125,38.3330078125,0,,0
2085,GF-5-CAM-25,34155.402723589,34155.410818952,34155.530828813,38.3330078125,38.3330078125,0,,0
2087,GF-5-CAM-25,34155.917236789,34155.921057641,34156.054087669,38.3330078125,38.3330078125,0,,0
2089,GF-5-CAM-25,34156.502523853,34156.503841668,34156.649322477,38.3330078125,38.3330078125,0,,0
2091,GF-5-CAM-25,34156.999400491,34157.007102196,34157.149950744,38.3330078125,38.3330078125,0,,0
2093,GF-5-CAM-25,34157.520345992,34157.523678659,34157.603738468,38.3330078125,38.3330078125,0,,0
2095,GF-5-CAM-25,34158.039564337,34158.043836881,34158.1697655,38.3330078125,38.3330078125,0,,0
2097,GF-5-CAM-25,34158.639433763,34158.652337881,34158.784098974,38.3330078125,38.3330078125,0,,0
2099,GF-5-CAM-25,34159.132067593,34159.135301146,34159.232028078,38.3330078125,38.3330078125,0,,0
2101,GF-5-CAM-25,34159.635152122,34159.645539465,34159.788374847,38.3330078125,38.3330078125,0,,0
2103,GF-5-CAM-25,34160.116529251,34160.119352528,34160.222555929,38.3330078125,38.3330078125,0,,0
2105,GF-5-CAM-25,34160.616735511,34160.618993456,34160.71666436,38.3330078125,38.3330078125,0,,0
2107,GF-5-CAM-25,34161.066417006,34161.069713202,34161.180131733,38.3330078125,38.3330078125,0,,0
2109,GF-5-CAM-25,34161.616409686,34161.619069455,34161.701576343,38.3330078125,38.3330078125,0,,0
2111,GF-5-CAM-25,34162.051353537,34162.052961406,34162.226962887,38.3330078125,38.3330078125,0,,0
2113,GF-5-CAM-25,34162.604281553,34162.605803111,34162.796218296,38.3330078125,38.3330078125,0,,0
2115,GF-5-CAM-25,34163.145104738,34163.147753425,34163.299535494,38.3330078125,38.3330078125,0,,0
2117,GF-5-CAM-25,34163.705119633,34163.706971618,34163.877923089,38.3330078125,38.3330078125,0,,0
2119,GF-5-CAM-25,34164.239491085,34164.242384154,34164.349642136,38.3330078125,38.3330078125,0,,0
2121,GF-5-CAM-25,34164.719989444,34164.721926603,34164.89595397,38.3330078125,38.3330078125,0,,0
2123,GF-5-CAM-25,34165.261082423,34165.264713362,34165.389319376,38.3330078125,38.3330078125,0,,0
2125,GF-5-CAM-25,34165.781263202,34165.788349179,34165.951239075,38.3330078125,38.3330078125,0,,0
2127,GF-5-CAM-25,34166.356979149,34166.371394744,34166.524498675,38.3330078125,38.3330078125,0,,0
2129,GF-5-CAM-25,34166.870827817,34166.87606933,34167.014492097,38.3330078125,38.3330078125,0,,0
2131,GF-5-CAM-25,34167.421143585,34167.422823664,34167.529587364,38.3330078125,38.3330078125,0,,0
2133,GF-5-CAM-25,34167.978629881,34167.981904065,34168.148221921,38.3330078125,38.3330078125,0,,0
2135,GF-5-CAM-25,34168.506773608,34168.508695482,34168.654917319,38.3330078125,38.3330078125,0,,0
2137,GF-5-CAM-25,34169.010780953,34169.012836578,34169.136838276,38.3330078125,38.3330078125,0,,0
2139,GF-5-CAM-25,34169.54684828,34169.549743199,34169.704520106,38.3330078125,38.3330078125,0,,0
2141,GF-5-CAM-25,34170.143570808,34170.14931517,34170.305781986,38.3330078125,38.3330078125,0,,0
2143,GF-5-CAM-25,34170.711776517,34170.715152508,34170.884359849,38.3330078125,38.3330078125,0,,0
2145,GF-5-CAM-25,34171.371575955,34171.373076916,34171.546587645,38.3330078125,38.3330078125,0,,0
2147,GF-5-CAM-25,34171.996284229,34171.998567316,34172.144899079,38.3330078125,38.3330078125,0,,0
2149,GF-5-CAM-25,34172.585590451,34172.591363494,34172.752524013,38.3330078125,38.3330078125,0,,0
2151,GF-5-CAM-25,34173.089201168,34173.090887106,34173.187107671,38.3330078125,38.3330078125,0,,0
2153,GF-5-CAM-25,34173.490708159,34173.495433966,34173.635405676,38.3330078125,38.3330078125,0,,0
2155,GF-5-CAM-25,34174.03089252,34174.034103792,34174.201882538,38.3330078125,38.3330078125,0,,0
2157,GF-5-CAM-25,34174.567879004,34174.569762476,34174.650675823,38.3330078125,38.3330078125,0,,0
2159,GF-5-CAM-25,34175.053783375,34175.057572714,34175.233642764,38.3330078125,38.3330078125,0,,0
2161,GF-5-CAM-25,34175.638187455,34175.647958715,34175.79018022,38.3330078125,38.3330078125,0,,0
2163,GF-5-CAM-25,34176.294524325,34176.300460818,34176.514024433,38.3330078125,38.3330078125,0,,0
2165,GF-5-CAM-25,34177.025213505,34177.028671666,34177.174000026,38.3330078125,38.3330078125,0,,0
2167,GF-5-CAM-25,34177.632948417,34177.635609947,34177.766611686,38.3330078125,38.3330078125,0,,0
2169,GF-5-CAM-25,34178.198965195,34178.202439796,34178.325543496,38.3330078125,38.3330078125,0,,0
2171,GF-5-CAM-25,34178.772360381,34178.774749026,34178.883764061,38.3330078125,38.3330078125,0,,0
2173,GF-5-CAM-25,34179.293714592,34179.296853253,34179.446746892,38.3330078125,38.3330078125,0,,0
2175,GF-5-CAM-25,34179.844147031,34179.848811027,34180.006154658,38.3330078125,38.3330078125,0,,0
2177,GF-5-CAM-25,34180.421499544,34180.427582143,34180.632128523,38.3330078125,38.3330078125,0,,0
2179,GF-5-CAM-25,34181.038050138,34181.041404646,34181.163552863,38.3330078125,38.3330078125,0,,0
2181,GF-5-CAM-25,34181.548780776,34181.551436951,34181.673428048,38.3330078125,38.3330078125,0,,0
2183,GF-5-CAM-25,34182.115336208,34182.119368679,34182.247939279,38.3330078125,38.3330078125,0,,0
2185,GF-5-CAM-25,34182.649328461,34182.651365478,34182.757431291,38.3330078125,38.3330078125,0,,0
2187,GF-5-CAM-25,34183.16569465,34183.169380108,34183.27770864,38.3330078125,38.3330078125,0,,0
2189,GF-5-CAM-25,34183.657537265,34183.661884481,34183.74525809,38.3330078125,38.3330078125,0,,0
2191,GF-5-CAM-25,34184.124626673,34184.12719164,34184.24648223,38.3330078125,38.3330078125,0,,0
2193,GF-5-CAM-25,34184.651974504,34184.653619762,34184.741309415,38.3330078125,38.3330078125,0,,0
2195,GF-5-CAM-25,34185.107989972,34185.110745272,34185.213522389,38.3330078125,38.3330078125,0,,0
2197,GF-5-CAM-25,34185.593097628,34185.595121077,34185.692933957,38.3330078125,38.3330078125,0,,0
2199,GF-5-CAM-25,34186.08219057,34186.084996586,34186.204715337,38.3330078125,38.3330078125,0,,0
2201,GF-5-CAM-25,34186.610754922,34186.613435482,34186.774884166,38.3330078125,38.3330078125,0,,0
2203,GF-5-CAM-25,34187.154893564,34187.156999756,34187.290449611,38.3330078125,38.3330078125,0,,0
2205,GF-5-CAM-25,34187.712898599,34187.715501487,34187.881511516,38.3330078125,38.3330078125,0,,0
2207,GF-5-CAM-25,34188.21315004,34188.215208229,34188.334383309,38.3330078125,38.3330078125,0,,0
2209,GF-5-CAM-25,34188.705400685,34188.710144497,34188.853542765,38.3330078125,38.3330078125,0,,0
2211,GF-5-CAM-25,34189.242928038,34189.247444054,34189.390197562,38.3330078125,38.3330078125,0,,0
2213,GF-5-CAM-25,34189.844192992,34189.848648894,34189.929531809,38.3330078125,38.3330078125,0,,0
2215,GF-5-CAM-25,34190.373060997,34190.399032444,34190.63255797,38.3330078125,38.3330078125,0,,0
2217,GF-5-CAM-25,34191.016728803,34191.018646579,34191.199362858,38.3330078125,38.3330078125,0,,0
2219,GF-5-CAM-25,34191.597019374,34191.598859953,34191.748392159,38.3330078125,38.3330078125,0,,0
2221,GF-5-CAM-25,34192.074933273,34192.076877329,34192.198928945,38.3330078125,38.3330078125,0,,0
2223,GF-5-CAM-25,34192.5415191,34192.544453536,34192.70066412,38.3330078125,38.3330078125,0,,0
2225,GF-5-CAM-25,34193.043017038,34193.046489037,34193.17426501,38.3330078125,38.3330078125,0,,0
2227,GF-5-CAM-25,34193.545891086,34193.5490919,34193.640575091,38.3330078125,38.3330078125,0,,0
2229,GF-5-CAM-25,34194.001645885,34194.004681523,34194.152356926,38.3330078125,38.3330078125,0,,0
2231,GF-5-CAM-25,34194.525423209,34194.527636105,34194.653568872,38.3330078125,38.3330078125,0,,0
2233,GF-5-CAM-25,34195.038216407,34195.03991214,34195.184553693,38.3330078125,38.3330078125,0,,0
2235,GF-5-CAM-25,34195.566490902,34195.571644171,34195.839847111,38.3330078125,38.3330078125,0,,0
2237,GF-5-CAM-25,34196.191963721,34196.194159757,34196.330749757,38.3330078125,38.3330078125,0,,0
2239,GF-5-CAM-25,34196.731947323,34196.733457623,34196.90990423,38.3330078125,38.3330078125,0,,0
2241,GF-5-CAM-25,34197.360642409,34197.363143095,34197.530108966,38.3330078125,38.3330078125,0,,0
2243,GF-5-CAM-25,34197.965417653,34197.968771701,34198.045477992,38.3330078125,38.3330078125,0,,0
2245,GF-5-CAM-25,34198.508319098,34198.510929134,34198.687130202,38.3330078125,38.3330078125,0,,0
2247,GF-5-CAM-25,34199.069599456,34199.072342727,34199.160680294,38.3330078125,38.3330078125,0,,0
2266,GF-5-CAM-25,34202.816998798,34202.81926554,34202.93260164,38.3330078125,38.3330078125,0,,0
2268,GF-5-CAM-25,34203.404631607,34203.407325411,34203.546098629,38.3330078125,38.3330078125,0,,0
2270,GF-5-CAM-25,34203.905691478,34203.907119519,34204.089032057,38.3330078125,38.3330078125,0,,0
2272,GF-5-CAM-25,34204.448617247,34204.450518573,34204.566391501,38.3330078125,38.3330078125,0,,0
2274,GF-5-CAM-25,34204.960642365,34204.992591458,34205.113099171,38.3330078125,38.3330078125,0,,0
2276,GF-5-CAM-25,34205.526022821,34205.528096094,34205.743075142,38.3330078125,38.3330078125,0,,0
2278,GF-5-CAM-25,34206.194342898,34206.196181586,34206.327514561,38.3330078125,38.3330078125,0,,0
2280,GF-5-CAM-25,34206.694842058,34206.696581802,34206.813927514,38.3330078125,38.3330078125,0,,0
2282,GF-5-CAM-25,34207.19668605,34207.205587093,34207.30830262,38.3330078125,38.3330078125,0,,0
2284,GF-5-CAM-25,34207.699748706,34207.701600853,34207.821109107,38.3330078125,38.3330078125,0,,0
2286,GF-5-CAM-25,34208.226046362,34208.228175078,34208.406750789,38.3330078125,38.3330078125,0,,0
2288,GF-5-CAM-25,34208.856763686,34208.858673298,34209.082099758,38.3330078125,38.3330078125,0,,0
2290,GF-5-CAM-25,34209.516072177,34209.519338157,34209.706362933,38.3330078125,38.3330078125,0,,0
2292,GF-5-CAM-25,34210.142691876,34210.144552814,34210.267168842,38.3330078125,38.3330078125,0,,0
2294,GF-5-CAM-25,34210.664289275,34210.665948923,34210.79232919,38.3330078125,38.3330078125,0,,0
2296,GF-5-CAM-25,34211.116934651,34211.119549792,34211.31558117,38.3330078125,38.3330078125,0,,0
2298,GF-5-CAM-25,34211.700876974,34211.703352118,34211.890649889,38.3330078125,38.3330078125,0,,0
2300,GF-5-CAM-25,34212.321069634,34212.324027266,34212.629881799,38.3330078125,38.3330078125,0,,0
2302,GF-5-CAM-25,34213.145042677,34213.148169829,34213.33871734,38.3330078125,38.3330078125,0,,0
2304,GF-5-CAM-25,34213.758100331,34213.759973552,34213.935650492,38.3330078125,38.3330078125,0,,0
2306,GF-5-CAM-25,34214.415432527,34214.417087046,34214.498269277,38.3330078125,38.3330078125,0,,0
2308,GF-5-CAM-25,34214.876231407,34214.879145354,34215.007057929,38.3330078125,38.3330078125,0,,0
2310,GF-5-CAM-25,34215.366100036,34215.369469817,34215.478312277,38.3330078125,38.3330078125,0,,0
2312,GF-5-CAM-25,34215.880724388,34215.885048255,34216.008805186,38.3330078125,38.3330078125,0,,0
2314,GF-5-CAM-25,34216.381927305,34216.383438095,34216.500228111,38.3330078125,38.3330078125,0,,0
2316,GF-5-CAM-25,34216.829283488,34216.831883343,34216.956512298,38.3330078125,38.3330078125,0,,0
2318,GF-5-CAM-25,34217.32030079,34217.325528773,34217.53454037,38.3330078125,38.3330078125,0,,0
2320,GF-5-CAM-25,34217.893404014,34217.896025681,34217.982618251,38.3330078125,38.3330078125,0,,0
2322,GF-5-CAM-25,34218.509850802,34218.515322366,34218.626352126,38.3330078125,38.3330078125,0,,0
2324,GF-5-CAM-25,34218.981736902,34218.983331158,34219.101576088,38.3330078125,38.3330078125,0,,0
2326,GF-5-CAM-25,34219.4271313,34219.429074904,34219.556162746,38.3330078125,38.3330078125,0,,0
2328,GF-5-CAM-25,34219.977799145,34219.979584213,34220.104723455,38.3330078125,38.3330078125,0,,0
2330,GF-5-CAM-25,34220.49086444,34220.492846929,34220.568901354,38.3330078125,38.3330078125,0,,0
2332,GF-5-CAM-25,34220.942764718,34220.944677388,34221.083178996,38.3330078125,38.3330078125,0,,0
2334,GF-5-CAM-25,34221.529982428,34221.531626439,34221.678012216,38.3330078125,38.3330078125,0,,0
2336,GF-5-CAM-25,34222.077456796,34222.080664997,34222.274610122,38.3330078125,38.3330078125,0,,0
2338,GF-5-CAM-25,34222.681083472,34222.682624886,34222.852766569,38.3330078125,38.3330078125,0,,0
2340,GF-5-CAM-25,34223.198651467,34223.204199432,34223.371122136,38.3330078125,38.3330078125,0,,0
2342,GF-5-CAM-25,34223.736101839,34223.73792463,34223.844739821,38.3330078125,38.3330078125,0,,0
2344,GF-5-CAM-25,34224.221615671,34224.224483718,34224.463121684,38.3330078125,38.3330078125,0,,0
2346,GF-5-CAM-25,34224.849958345,34224.851875306,34225.02545304,38.3330078125,38.3330078125,0,,0
2348,GF-5-CAM-25,34225.434547507,34225.436927069,34225.560701415,38.3330078125,38.3330078125,0,,0
2350,GF-5-CAM-25,34226.040270628,34226.04237781,34226.159878179,38.3330078125,38.3330078125,0,,0
2352,GF-5-CAM-25,34226.615174143,34226.622524106,34226.713391317,38.3330078125,38.3330078125,0,,0
2354,GF-5-CAM-25,34227.135424121,34227.137134098,34227.255907159,38.3330078125,38.3330078125,0,,0
2356,GF-5-CAM-25,34227.6495384,34227.6654792,34227.879454377,38.3330078125,38.3330078125,0,,0
2358,GF-5-CAM-25,34228.202189454,34228.20470165,34228.280350276,38.3330078125,38.3330078125,0,,0
2360,GF-5-CAM-25,34228.618726426,34228.620469101,34228.754592242,38.3330078125,38.3330078125,0,,0
2362,GF-5-CAM-25,34229.102235434,34229.10396886,34229.261585069,38.3330078125,38.3330078125,0,,0
2364,GF-5-CAM-25,34229.638649382,34229.641517573,34229.775274371,38.3330078125,38.3330078125,0,,0
2366,GF-5-CAM-25,34230.161465029,34230.164132314,34230.31269551,38.3330078125,38.3330078125,0,,0
2368,GF-5-CAM-25,34230.774466583,34230.776585516,34230.890385031,38.3330078125,38.3330078125,0,,0
2370,GF-5-CAM-25,34231.231680902,34231.234616946,34231.369075068,38.3330078125,38.3330078125,0,,0
2372,GF-5-CAM-25,34231.806185206,34231.809049518,34231.887399592,38.3330078125,38.3330078125,0,,0
2374,GF-5-CAM-25,34232.252480696,34232.255890118,34232.376899877,38.3330078125,38.3330078125,0,,0
2376,GF-5-CAM-25,34232.746942691,34232.749237537,34232.886303457,38.3330078125,38.3330078125,0,,0
2378,GF-5-CAM-25,34233.198452047,34233.200265498,34233.345922244,38.3330078125,38.3330078125,0,,0
2380,GF-5-CAM-25,34233.695841521,34233.698655056,34233.78706178,38.3330078125,38.3330078125,0,,0
2382,GF-5-CAM-25,34234.208961102,34234.214493972,34234.336755042,38.3330078125,38.3330078125,0,,0
2384,GF-5-CAM-25,34234.773908097,34234.778597275,34234.924961687,38.3330078125,38.3330078125,0,,0
2386,GF-5-CAM-25,34235.369151032,34235.372719857,34235.692317005,38.3330078125,38.3330078125,0,,0
2388,GF-5-CAM-25,34236.237466044,34236.239939053,34236.328056287,38.3330078125,38.3330078125,0,,0
2390,GF-5-CAM-25,34236.744935326,34236.747612342,34236.904267772,38.3330078125,38.3330078125,0,,0
2392,GF-5-CAM-25,34237.268748006,34237.27021435,34237.445602252,38.3330078125,38.3330078125,0,,0
2394,GF-5-CAM-25,34237.822061619,34237.824364415,34238.012334562,38.3330078125,38.3330078125,0,,0
2396,GF-5-CAM-25,34238.37176525,34238.373762331,34238.50537381,38.3330078125,38.3330078125,0,,0
2398,GF-5-CAM-25,34238.855094313,34238.870274763,34238.989391841,38.3330078125,38.3330078125,0,,0
2400,GF-5-CAM-25,34239.362404093,34239.364019717,34239.52858736,38.3330078125,38.3330078125,0,,0
2402,GF-5-CAM-25,34239.93746222,34239.940493137,34240.077925726,38.3330078125,38.3330078125,0,,0
2404,GF-5-CAM-25,34240.546255927,34240.552392369,34240.70895771,38.3330078125,38.3330078125,0,,0
2406,GF-5-CAM-25,34241.138255661,34241.141341412,34241.275581494,38.3330078125,38.3330078125,0,,0
2408,GF-5-CAM-25,34241.715491282,34241.728164149,34241.86376465,38.3330078125,38.3330078125,0,,0
2410,GF-5-CAM-25,34242.215768686,34242.217717186,34242.312042011,38.3330078125,38.3330078125,0,,0
2412,GF-5-CAM-25,34242.728288505,34242.730756984,34242.94207723,38.3330078125,38.3330078125,0,,0
2414,GF-5-CAM-25,34243.369361798,34243.372510456,34243.499460613,38.3330078125,38.3330078125,0,,0
2416,GF-5-CAM-25,34243.982458169,34243.986873821,34244.123910985,38.3330078125,38.3330078125,0,,0
2418,GF-5-CAM-25,34244.622976768,34244.625817577,34244.797654321,38.3330078125,38.3330078125,0,,0
2420,GF-5-CAM-25,34245.189910113,34245.195055802,34245.302057065,38.3330078125,38.3330078125,0,,0
2422,GF-5-CAM-25,34245.695765415,34245.698207593,34245.844602966,38.3330078125,38.3330078125,0,,0
2424,GF-5-CAM-25,34246.287167291,34246.290307429,34246.423437492,38.3330078125,38.3330078125,0,,0
2426,GF-5-CAM-25,34246.907623947,34246.910957729,34247.063033852,38.3330078125,38.3330078125,0,,0
2428,GF-5-CAM-25,34247.602928871,34247.605635593,34247.744901627,38.3330078125,38.3330078125,0,,0
2430,GF-5-CAM-25,34248.126657571,34248.130945618,34248.368932854,38.3330078125,38.3330078125,0,,0
2432,GF-5-CAM-25,34248.784093449,34248.786275796,34249.01166175,38.3330078125,38.3330078125,0,,0
2434,GF-5-CAM-25,34249.406911433,34249.409360639,34249.571993057,38.3330078125,38.3330078125,0,,0
2436,GF-5-CAM-25,34249.97653081,34249.979963383,34250.162220943,38.3330078125,38.3330078125,0,,0
2438,GF-5-CAM-25,34250.563478363,34250.566627969,34250.858555337,38.3330078125,38.3330078125,0,,0
2440,GF-5-CAM-25,34251.284145079,34251.286399039,34251.471971326,38.3330078125,38.3330078125,0,,0
2442,GF-5-CAM-25,34251.840410749,34251.842380672,34251.940614357,38.3330078125,38.3330078125,0,,0
2444,GF-5-CAM-25,34252.350531391,34252.352508539,34252.493132873,38.3330078125,38.3330078125,0,,0
2446,GF-5-CAM-25,34252.888365302,34252.892512303,34253.041939108,38.3330078125,38.3330078125,0,,0
2448,GF-5-CAM-25,34253.476273097,34253.47862828,34253.597036977,38.3330078125,38.3330078125,0,,0
2450,GF-5-CAM-25,34254.010293319,34254.012520527,34254.17071379,38.3330078125,38.3330078125,0,,0
2452,GF-5-CAM-25,34254.538590928,34254.541676059,34254.66998192,38.3330078125,38.3330078125,0,,0
2454,GF-5-CAM-25,34255.075355926,34255.079960617,34255.181747639,38.3330078125,38.3330078125,0,,0
2456,GF-5-CAM-25,34255.540775594,34255.542958185,34255.646379727,38.3330078125,38.3330078125,0,,0
2458,GF-5-CAM-25,34255.974795906,34255.976237484,34256.101832937,38.3330078125,38.3330078125,0,,0
2460,GF-5-CAM-25,34256.48363227,34256.499313011,34256.686448072,38.3330078125,38.3330078125,0,,0
2462,GF-5-CAM-25,34257.072456364,34257.074639956,34257.248451486,38.3330078125,38.3330078125,0,,0
2464,GF-5-CAM-25,34257.599354563,34257.605510028,34257.731770344,38.3330078125,38.3330078125,0,,0
2466,GF-5-CAM-25,34258.24949443,34258.252920211,34258.384185588,38.3330078125,38.3330078125,0,,0
2468,GF-5-CAM-25,34258.734623445,34258.736347296,34258.847623616,38.3330078125,38.3330078125,0,,0
2470,GF-5-CAM-25,34259.142046382,34259.14412259,34259.242403017,38.3330078125,38.3330078125,0,,0
2472,GF-5-CAM-25,34259.5860864,34259.588821413,34259.708360184,38.3330078125,38.3330078125,0,,0
2474,GF-5-CAM-25,34260.106316825,34260.10848813,34260.406502094,38.3330078125,38.3330078125,0,,0
2476,GF-5-CAM-25,34260.802528565,34260.804822836,34260.959104774,38.3330078125,38.3330078125,0,,0
2478,GF-5-CAM-25,34261.420963543,34261.425292341,34261.570893006,38.3330078125,38.3330078125,0,,0
2480,GF-5-CAM-25,34261.923576853,34261.926765839,34262.092800095,38.3330078125,38.3330078125,0,,0
2482,GF-5-CAM-25,34262.49747934,34262.500240068,34262.615276408,38.3330078125,38.3330078125,0,,0
2484,GF-5-CAM-25,34262.989435795,34262.991598042,34263.092669473,38.3330078125,38.3330078125,0,,0
2486,GF-5-CAM-25,34263.459476984,34263.463413925,34263.566549132,38.3330078125,38.3330078125,0,,0
2488,GF-5-CAM-25,34264.003400372,34264.005424171,34264.127154586,38.3330078125,38.3330078125,0,,0
2490,GF-5-CAM-25,34264.579823015,34264.582627962,34264.75792435,38.3330078125,38.3330078125,0,,0
2492,GF-5-CAM-25,34265.122466641,34265.124908992,34265.249518132,38.3330078125,38.3330078125,0,,0
2494,GF-5-CAM-25,34265.618733675,34265.620749413,34265.715351762,38.3330078125,38.3330078125,0,,0
2496,GF-5-CAM-25,34266.115221333,34266.116950231,34266.231288704,38.3330078125,38.3330078125,0,,0
2498,GF-5-CAM-25,34266.603982071,34266.605832336,34266.709609016,38.3330078125,38.3330078125,0,,0
2500,GF-5-CAM-25,34267.034257049,34267.037865387,34267.168872582,38.3330078125,38.3330078125,0,,0
2502,GF-5-CAM-25,34267.537495904,34267.547077026,34267.631047599,38.3330078125,38.3330078125,0,,0
2504,GF-5-CAM-25,34268.084980901,34268.088865,34268.180608317,38.3330078125,38.3330078125,0,,0
2506,GF-5-CAM-25,34268.587707594,34268.589485672,34268.758539704,38.3330078125,38.3330078125,0,,0
2508,GF-5-CAM-25,34269.126403944,34269.129817103,34269.197646875,38.3330078125,38.3330078125,0,,0
2510,GF-5-CAM-25,34269.623713876,34269.626631087,34269.743249176,38.3330078125,38.3330078125,0,,0
2512,GF-5-CAM-25,34270.129625972,34270.136602051,34270.313128518,38.3330078125,38.3330078125,0,,0
2514,GF-5-CAM-25,34270.741465731,34270.743688938,34270.882308213,38.3330078125,38.3330078125,0,,0
2516,GF-5-CAM-25,34271.257105984,34271.260167829,34271.393804764,38.3330078125,38.3330078125,0,,0
2518,GF-5-CAM-25,34271.738231219,34271.741636082,34271.849904164,38.3330078125,38.3330078125,0,,0
2520,GF-5-CAM-25,34272.201470489,34272.204474741,34272.313745299,38.3330078125,38.3330078125,0,,0
2522,GF-5-CAM-25,34272.667303371,34272.669766669,34272.771181428,38.3330078125,38.3330078125,0,,0
2524,GF-5-CAM-25,34273.118834854,34273.12042438,34273.171830596,38.3330078125,38.3330078125,0,,0
2526,GF-5-CAM-25,34273.530693292,34273.533776455,34273.630287959,38.3330078125,38.3330078125,0,,0
2528,GF-5-CAM-25,34273.93338481,34273.935781571,34274.056819087,38.3330078125,38.3330078125,0,,0
2530,GF-5-CAM-25,34274.473502114,34274.475597279,34274.607678643,38.3330078125,38.3330078125,0,,0
2532,GF-5-CAM-25,34274.958795146,34274.960670262,34275.085396377,38.3330078125,38.3330078125,0,,0
2534,GF-5-CAM-25,34275.411308158,34275.412785267,34275.509936676,38.3330078125,38.3330078125,0,,0
2536,GF-5-CAM-25,34275.89558614,34275.89925855,34276.033765234,38.3330078125,38.3330078125,0,,0
2538,GF-5-CAM-25,34276.431206329,34276.434442993,34276.6072538,38.3330078125,38.3330078125,0,,0
2540,GF-5-CAM-25,34277.071724376,34277.074569831,34277.205627297,38.3330078125,38.3330078125,0,,0
2542,GF-5-CAM-25,34277.601885032,34277.605923373,34277.750505982,38.3330078125,38.3330078125,0,,0
2544,GF-5-CAM-25,34278.249296401,34278.252752958,34278.433584123,38.3330078125,38.3330078125,0,,0
2546,GF-5-CAM-25,34278.779456289,34278.781487979,34278.926076154,38.3330078125,38.3330078125,0,,0
2548,GF-5-CAM-25,34279.427444196,34279.430244831,34279.690521681,38.3330078125,38.3330078125,0,,0
2550,GF-5-CAM-25,34280.054575877,34280.057342527,34280.159954689,38.3330078125,38.3330078125,0,,0
2552,GF-5-CAM-25,34280.626672395,34280.63065414,34280.828126251,38.3330078125,38.3330078125,0,,0
2554,GF-5-CAM-25,34281.21843242,34281.220477746,34281.337256386,38.3330078125,38.3330078125,0,,0
2556,GF-5-CAM-25,34281.710188965,34281.712185963,34281.922630365,38.3330078125,38.3330078125,0,,0
2558,GF-5-CAM-25,34282.370994823,34282.374238738,34282.478997008,38.3330078125,38.3330078125,0,,0
2560,GF-5-CAM-25,34282.856530671,34282.861096017,34282.987683645,38.3330078125,38.3330078125,0,,0
2562,GF-5-CAM-25,34283.38804633,34283.392942232,34283.635222366,38.3330078125,38.3330078125,0,,0
2564,GF-5-CAM-25,34284.009706997,34284.022633902,34284.209599414,38.3330078125,38.3330078125,0,,0
2566,GF-5-CAM-25,34284.612666048,34284.615052526,34284.712193692,38.3330078125,38.3330078125,0,,0
2568,GF-5-CAM-25,34285.193032498,34285.194828146,34285.378722922,38.3330078125,38.3330078125,0,,0
2570,GF-5-CAM-25,34285.844801775,34285.849855647,34286.075654878,38.3330078125,38.3330078125,0,,0
2572,GF-5-CAM-25,34286.444886906,34286.447171597,34286.608146709,38.3330078125,38.3330078125,0,,0
2574,GF-5-CAM-25,34286.978958999,34286.981386948,34287.133047045,38.3330078125,38.3330078125,0,,0
2576,GF-5-CAM-25,34287.500991406,34287.503948619,34287.654919822,38.3330078125,38.3330078125,0,,0
2578,GF-5-CAM-25,34288.047180936,34288.053731523,34288.233914297,38.3330078125,38.3330078125,0,,0
2580,GF-5-CAM-25,34288.61678761,34288.618945971,34288.744732245,38.3330078125,38.3330078125,0,,0
2582,GF-5-CAM-25,34289.130589545,34289.132479936,34289.254945024,38.3330078125,38.3330078125,0,,0
2584,GF-5-CAM-25,34289.609616227,34289.612272787,34289.7886352,38.3330078125,38.3330078125,0,,0
2586,GF-5-CAM-25,34290.136450272,34290.139369354,34290.213900901,38.3330078125,38.3330078125,0,,0
2588,GF-5-CAM-25,34290.589018189,34290.591685144,34290.671142035,38.3330078125,38.3330078125,0,,0
2590,GF-5-CAM-25,34291.086904424,34291.090254608,34291.22849939,38.3330078125,38.3330078125,0,,0
2592,GF-5-CAM-25,34291.637415527,34291.640497713,34291.745026068,38.3330078125,38.3330078125,0,,0
2594,GF-5-CAM-25,34292.128748444,34292.1355849,34292.247766735,38.3330078125,38.3330078125,0,,0
2596,GF-5-CAM-25,34292.71810808,34292.724626965,34292.836254812,38.3330078125,38.3330078125,0,,0
2598,GF-5-CAM-25,34293.345142083,34293.347305713,34293.551714254,38.3330078125,38.3330078125,0,,0
2600,GF-5-CAM-25,34293.961521703,34293.964221989,34294.135238861,38.3330078125,38.3330078125,0,,0
2602,GF-5-CAM-25,34294.483638582,34294.489194275,34294.64823652,38.3330078125,38.3330078125,0,,0
2604,GF-5-CAM-25,34295.042414114,34295.044289267,34295.243583907,38.3330078125,38.3330078125,0,,0
2606,GF-5-CAM-25,34295.656690418,34295.658997988,34295.738453594,38.3330078125,38.3330078125,0,,0
2608,GF-5-CAM-25,34296.203155379,34296.20615365,34296.379628232,38.3330078125,38.3330078125,0,,0
2610,GF-5-CAM-25,34296.811619216,34296.813848424,34296.988586495,38.3330078125,38.3330078125,0,,0
2612,GF-5-CAM-25,34297.493861303,34297.497661828,34297.666777274,38.3330078125,38.3330078125,0,,0
2614,GF-5-CAM-25,34298.071171705,34298.07323175,34298.220298004,38.3330078125,38.3330078125,0,,0
2616,GF-5-CAM-25,34298.615544045,34298.618493105,34298.704674715,38.3330078125,38.3330078125,0,,0
2618,GF-5-CAM-25,34299.081776641,34299.084158141,34299.231221293,38.3330078125,38.3330078125,0,,0
2620,GF-5-CAM-25,34299.638317025,34299.642459998,34299.743505164,38.3330078125,38.3330078125,0,,0
2622,GF-5-CAM-25,34300.208086957,34300.21559848,34300.447207842,38.3330078125,38.3330078125,0,,0
2624,GF-5-CAM-25,34300.809325776,34300.811031074,34300.996120839,38.3330078125,38.3330078125,0,,0
2626,GF-5-CAM-25,34301.497901953,34301.502876701,34301.628696487,38.3330078125,38.3330078125,0,,0
2628,GF-5-CAM-25,34302.042346522,34302.044628731,34302.183487189,38.3330078125,38.3330078125,0,,0
2630,GF-5-CAM-25,34302.620866989,34302.626264502,34302.779616401,38.3330078125,38.3330078125,0,,0
2632,GF-5-CAM-25,34303.180634517,34303.183900456,34303.337344389,38.3330078125,38.3330078125,0,,0
2634,GF-5-CAM-25,34303.742600784,34303.746632505,34303.840654465,38.3330078125,38.3330078125,0,,0
2636,GF-5-CAM-25,34304.197754755,34304.200503144,34304.338755662,38.3330078125,38.3330078125,0,,0
2638,GF-5-CAM-25,34304.728054014,34304.730175775,34304.81228761,38.3330078125,38.3330078125,0,,0
2640,GF-5-CAM-25,34305.192554244,34305.195446838,34305.290499303,38.3330078125,38.3330078125,0,,0
2642,GF-5-CAM-25,34305.653761504,34305.656334448,34305.838474924,38.3330078125,38.3330078125,0,,0
2644,GF-5-CAM-25,34306.187583394,34306.189873355,34306.330841008,38.3330078125,38.3330078125,0,,0
2646,GF-5-CAM-25,34306.741481574,34306.750998525,34306.89453367,38.3330078125,38.3330078125,0,,0
2648,GF-5-CAM-25,34307.290096523,34307.291745722,34307.383498586,38.3330078125,38.3330078125,0,,0
2650,GF-5-CAM-25,34307.847146586,34307.859548107,34307.993900929,38.3330078125,38.3330078125,0,,0
2652,GF-5-CAM-25,34308.364180505,34308.367192534,34308.49160115,38.3330078125,38.3330078125,0,,0
2654,GF-5-CAM-25,34308.927018987,34308.92918181,34309.033921995,38.3330078125,38.3330078125,0,,0
2656,GF-5-CAM-25,34309.373930977,34309.376430421,34309.523524232,38.3330078125,38.3330078125,0,,0
2658,GF-5-CAM-25,34309.916157773,34309.92056091,34310.102663484,38.3330078125,38.3330078125,0,,0
2660,GF-5-CAM-25,34310.482910823,34310.485442571,34310.584437193,38.3330078125,38.3330078125,0,,0
2662,GF-5-CAM-25,34310.908267516,34310.911251268,34311.046523675,38.3330078125,38.3330078125,0,,0
2664,GF-5-CAM-25,34311.436134673,34311.438708315,34311.549877755,38.3330078125,38.3330078125,0,,0
2666,GF-5-CAM-25,34311.988778275,34311.995570212,34312.148829608,38.3330078125,38.3330078125,0,,0
2668,GF-5-CAM-25,34312.507535526,34312.510361544,34312.637515731,38.3330078125,38.3330078125,0,,0
2670,GF-5-CAM-25,34313.018305888,34313.021432983,34313.179373907,38.3330078125,38.3330078125,0,,0
2672,GF-5-CAM-25,34313.518634953,34313.522801852,34313.672869884,38.3330078125,38.3330078125,0,,0
2674,GF-5-CAM-25,34314.046730131,34314.049060394,34314.152865844,38.3330078125,38.3330078125,0,,0
2676,GF-5-CAM-25,34314.482373843,34314.485345734,34314.59753773,38.3330078125,38.3330078125,0,,0
2678,GF-5-CAM-25,34315.037806978,34315.0405141,34315.197819049,38.3330078125,38.3330078125,0,,0
2680,GF-5-CAM-25,34315.63271364,34315.634530865,34315.761279516,38.3330078125,38.3330078125,0,,0
2682,GF-5-CAM-25,34316.211553197,34316.213827837,34316.312462708,38.3330078125,38.3330078125,0,,0
2684,GF-5-CAM-25,34316.689290403,34316.690519227,34316.763945257,38.3330078125,38.3330078125,0,,0
2686,GF-5-CAM-25,34317.135316131,34317.138292108,34317.249133848,38.3330078125,38.3330078125,0,,0
2688,GF-5-CAM-25,34317.647368964,34317.650974688,34317.779443214,38.3330078125,38.3330078125,0,,0
2690,GF-5-CAM-25,34318.136630116,34318.14048885,34318.269123367,38.3330078125,38.3330078125,0,,0
2692,GF-5-CAM-25,34318.594977275,34318.597335158,34318.695053527,38.3330078125,38.3330078125,0,,0
2694,GF-5-CAM-25,34318.985492887,34318.986914798,34319.061067032,38.3330078125,38.3330078125,0,,0
2696,GF-5-CAM-25,34319.533385703,34319.536860959,34319.651644113,38.3330078125,38.3330078125,0,,0
2698,GF-5-CAM-25,34320.012174534,34320.01535589,34320.145342924,38.3330078125,38.3330078125,0,,0
2700,GF-5-CAM-25,34320.496278392,34320.498535828,34320.576047957,38.3330078125,38.3330078125,0,,0
2702,GF-5-CAM-25,34320.954972947,34320.956967999,34321.080213259,38.3330078125,38.3330078125,0,,0
2704,GF-5-CAM-25,34321.502060702,34321.510379927,34321.617152449,38.3330078125,38.3330078125,0,,0
2706,GF-5-CAM-25,34321.992536753,34321.994884138,34322.14192855,38.3330078125,38.3330078125,0,,0
2708,GF-5-CAM-25,34322.535243235,34322.557139831,34322.732726489,38.3330078125,38.3330078125,0,,0
2710,GF-5-CAM-25,34323.080813871,34323.084153315,34323.198860325,38.3330078125,38.3330078125,0,,0
2712,GF-5-CAM-25,34323.528048957,34323.5309658,34323.647910413,38.3330078125,38.3330078125,0,,0
2714,GF-5-CAM-25,34324.01383345,34324.016558718,34324.14181089,38.3330078125,38.3330078125,0,,0
2716,GF-5-CAM-25,34324.575945793,34324.57964296,34324.730521435,38.3330078125,38.3330078125,0,,0
2718,GF-5-CAM-25,34325.090573301,34325.095123899,34325.233264731,38.3330078125,38.3330078125,0,,0
2720,GF-5-CAM-25,34325.657442665,34325.663341778,34325.773577815,38.3330078125,38.3330078125,0,,0
2722,GF-5-CAM-25,34326.142996589,34326.144808211,34326.279178398,38.3330078125,38.3330078125,0,,0
2724,GF-5-CAM-25,34326.738451047,34326.743558545,34326.934146082,38.3330078125,38.3330078125,0,,0
2726,GF-5-CAM-25,34327.392358184,34327.397250176,34327.495409562,38.3330078125,38.3330078125,0,,0
2728,GF-5-CAM-25,34327.959136133,34327.963490342,34328.091202571,38.3330078125,38.3330078125,0,,0
2730,GF-5-CAM-25,34328.532859012,34328.535824292,34328.649721703,38.3330078125,38.3330078125,0,,0
2732,GF-5-CAM-25,34328.999681189,34329.002461658,34329.173490128,38.3330078125,38.3330078125,0,,0
2734,GF-5-CAM-25,34329.568975079,34329.571310805,34329.697763542,38.3330078125,38.3330078125,0,,0
2736,GF-5-CAM-25,34330.16273004,34330.165982962,34330.288252729,38.3330078125,38.3330078125,0,,0
2738,GF-5-CAM-25,34330.660934256,34330.66284571,34330.780322742,38.3330078125,38.3330078125,0,,0
2740,GF-5-CAM-25,34331.353119776,34331.359122118,34331.524970935,38.3330078125,38.3330078125,0,,0
2742,GF-5-CAM-25,34331.914730269,34331.917102061,34332.006238633,38.3330078125,38.3330078125,0,,0
2744,GF-5-CAM-25,34332.429139959,34332.434709094,34332.590864924,38.3330078125,38.3330078125,0,,0
2746,GF-5-CAM-25,34333.00932165,34333.012269175,34333.128936231,38.3330078125,38.3330078125,0,,0
2748,GF-5-CAM-25,34333.451751583,34333.455681599,34333.562941337,38.3330078125,38.3330078125,0,,0
2750,GF-5-CAM-25,34333.924707581,34333.936528849,34334.020526932,38.3330078125,38.3330078125,0,,0
2752,GF-5-CAM-25,34334.368981762,34334.371285475,34334.551235008,38.3330078125,38.3330078125,0,,0
2754,GF-5-CAM-25,34334.898827049,34334.901526943,34335.024871748,38.3330078125,38.3330078125,0,,0
2756,GF-5-CAM-25,34335.337472804,34335.339857696,34335.444786438,38.3330078125,38.3330078125,0,,0
2758,GF-5-CAM-25,34335.763747063,34335.766367418,34335.864446737,38.3330078125,38.3330078125,0,,0
2760,GF-5-CAM-25,34336.128102882,34336.129829406,34336.213815359,38.3330078125,38.3330078125,0,,0
2762,GF-5-CAM-25,34336.54390195,34336.544852137,34336.652342064,38.3330078125,38.3330078125,0,,0
2764,GF-5-CAM-25,34336.922411552,34336.924897317,34337.014174676,38.3330078125,38.3330078125,0,,0
2766,GF-5-CAM-25,34337.304032282,34337.306209415,34337.396503575,38.3330078125,38.3330078125,0,,0
2768,GF-5-CAM-25,34337.729327572,34337.731981464,34337.834466253,38.3330078125,38.3330078125,0,,0
2770,GF-5-CAM-25,34338.104567813,34338.107527982,34338.213055453,38.3330078125,38.3330078125,0,,0
2772,GF-5-CAM-25,34338.49945163,34338.501968464,34338.625130305,38.3330078125,38.3330078125,0,,0
2774,GF-5-CAM-25,34338.911067913,34338.913057018,34338.988630269,38.3330078125,38.3330078125,0,,0
2776,GF-5-CAM-25,34339.306963161,34339.311677505,34339.417223769,38.3330078125,38.3330078125,0,,0
2778,GF-5-CAM-25,34339.769258492,34339.772554391,34339.875327647,38.3330078125,38.3330078125,0,,0
2780,GF-5-CAM-25,34340.134068693,34340.14315088,34340.249652334,38.3330078125,38.3330078125,0,,0
2782,GF-5-CAM-25,34340.571903087,34340.574547549,34340.669546751,38.3330078125,38.3330078125,0,,0
2784,GF-5-CAM-25,34341.027489621,34341.032388669,34341.196455716,38.3330078125,38.3330078125,0,,0
2786,GF-5-CAM-25,34341.530783436,34341.534484374,34341.639848667,38.3330078125,38.3330078125,0,,0
2788,GF-5-CAM-25,34341.918653841,34341.920779624,34341.999054501,38.3330078125,38.3330078125,0,,0
2790,GF-5-CAM-25,34342.341295194,34342.345285043,34342.516542464,38.3330078125,38.3330078125,0,,0
2792,GF-5-CAM-25,34342.788872644,34342.791282745,34342.876314131,38.3330078125,38.3330078125,0,,0
2794,GF-5-CAM-25,34343.163755435,34343.165083114,34343.270229072,38.3330078125,38.3330078125,0,,0
2796,GF-5-CAM-25,34343.627867689,34343.631060426,34343.744129877,38.3330078125,38.3330078125,0,,0
2798,GF-5-CAM-25,34344.073379862,34344.07733068,34344.191950234,38.3330078125,38.3330078125,0,,0
2800,GF-5-CAM-25,34344.569980709,34344.572518163,34344.691908425,38.3330078125,38.3330078125,0,,0
2802,GF-5-CAM-25,34344.917759484,34344.920296002,34345.045447811,38.3330078125,38.3330078125,0,,0
2804,GF-5-CAM-25,34345.335831007,34345.337545153,34345.469268757,38.3330078125,38.3330078125,0,,0
2806,GF-5-CAM-25,34345.826757281,34345.828861597,34345.927649982,38.3330078125,38.3330078125,0,,0
2808,GF-5-CAM-25,34346.244309505,34346.246627994,34346.380532364,38.3330078125,38.3330078125,0,,0
2810,GF-5-CAM-25,34346.717550128,34346.719159958,34346.805288655,38.3330078125,38.3330078125,0,,0
2812,GF-5-CAM-25,34347.081049849,34347.091547547,34347.192313031,38.3330078125,38.3330078125,0,,0
2814,GF-5-CAM-25,34347.4799603,34347.482172027,34347.589360447,38.3330078125,38.3330078125,0,,0
2816,GF-5-CAM-25,34347.868270803,34347.869898857,34347.958978296,38.3330078125,38.3330078125,0,,0
2818,GF-5-CAM-25,34348.258849591,34348.262122922,34348.357282313,38.3330078125,38.3330078125,0,,0
2820,GF-5-CAM-25,34348.701528112,34348.706270461,34348.853509305,38.3330078125,38.3330078125,0,,0
2822,GF-5-CAM-25,34349.242192177,34349.24583956,34349.345267965,38.3330078125,38.3330078125,0,,0
2824,GF-5-CAM-25,34349.625901708,34349.627751427,34349.774457788,38.3330078125,38.3330078125,0,,0
2826,GF-5-CAM-25,34350.134260072,34350.137878063,34350.305612646,38.3330078125,38.3330078125,0,,0
2828,GF-5-CAM-25,34350.699381277,34350.702045124,34350.793439119,38.3330078125,38.3330078125,0,,0
2830,GF-5-CAM-25,34351.06003793,34351.062248521,34351.153453598,38.3330078125,38.3330078125,0,,0
2832,GF-5-CAM-25,34351.511160436,34351.512531982,34351.6075319,38.3330078125,38.3330078125,0,,0
2834,GF-5-CAM-25,34351.858941602,34351.862449139,34351.992554304,38.3330078125,38.3330078125,0,,0
2836,GF-5-CAM-25,34352.327136257,34352.331856956,34352.43849427,38.3330078125,38.3330078125,0,,0
2838,GF-5-CAM-25,34352.723962715,34352.725487527,34352.821756296,38.3330078125,38.3330078125,0,,0
2840,GF-5-CAM-25,34353.120599482,34353.121905568,34353.214271949,38.3330078125,38.3330078125,0,,0
2842,GF-5-CAM-25,34353.525849516,34353.527884539,34353.646472027,38.3330078125,38.3330078125,0,,0
2844,GF-5-CAM-25,34353.934272085,34353.936563986,34354.030319698,38.3330078125,38.3330078125,0,,0
2846,GF-5-CAM-25,34354.332883453,34354.334284917,34354.432486182,38.3330078125,38.3330078125,0,,0
2848,GF-5-CAM-25,34354.841124956,34354.845801043,34354.995661915,38.3330078125,38.3330078125,0,,0
2850,GF-5-CAM-25,34355.381868988,34355.383856961,34355.519137731,38.3330078125,38.3330078125,0,,0
2852,GF-5-CAM-25,34355.811733073,34355.813554944,34355.943761104,38.3330078125,38.3330078125,0,,0
2854,GF-5-CAM-25,34356.313247739,34356.324298093,34356.432324048,38.3330078125,38.3330078125,0,,0
2856,GF-5-CAM-25,34356.817383614,34356.818738871,34356.903792626,38.3330078125,38.3330078125,0,,0
2858,GF-5-CAM-25,34357.283156594,34357.284169025,34357.388145049,38.3330078125,38.3330078125,0,,0
2860,GF-5-CAM-25,34357.671088116,34357.672181954,34357.821735358,38.3330078125,38.3330078125,0,,0
2862,GF-5-CAM-25,34358.118377541,34358.121757162,34358.232816042,38.3330078125,38.3330078125,0,,0
2864,GF-5-CAM-25,34358.52658873,34358.52896664,34358.616950612,38.3330078125,38.3330078125,0,,0
2866,GF-5-CAM-25,34358.971768972,34358.973237285,34359.059457976,38.3330078125,38.3330078125,0,,0
2868,GF-5-CAM-25,34359.352427362,34359.354402326,34359.471544682,38.3330078125,38.3330078125,0,,0
2870,GF-5-CAM-25,34359.778504913,34359.780136695,34359.893084111,38.3330078125,38.3330078125,0,,0
2872,GF-5-CAM-25,34360.15512794,34360.158678119,34360.251197393,38.3330078125,38.3330078125,0,,0
2874,GF-5-CAM-25,34360.526331402,34360.528254204,34360.636926818,38.3330078125,38.3330078125,0,,0
2876,GF-5-CAM-25,34360.944058047,34360.945241708,34361.029110957,38.3330078125,38.3330078125,0,,0
2878,GF-5-CAM-25,34361.304073844,34361.30643059,34361.431590614,38.3330078125,38.3330078125,0,,0
2880,GF-5-CAM-25,34361.806857922,34361.80928801,34361.90355719,38.3330078125,38.3330078125,0,,0
2882,GF-5-CAM-25,34362.240658954,34362.243435853,34362.34591856,38.3330078125,38.3330078125,0,,0
2884,GF-5-CAM-25,34362.612123127,34362.613757738,34362.708530906,38.3330078125,38.3330078125,0,,0
2886,GF-5-CAM-25,34363.08461067,34363.088357438,34363.216409326,38.3330078125,38.3330078125,0,,0
2888,GF-5-CAM-25,34363.503034377,34363.504424077,34363.641749231,38.3330078125,38.3330078125,0,,0
2890,GF-5-CAM-25,34363.942391078,34363.944145568,34364.035243422,38.3330078125,38.3330078125,0,,0
2892,GF-5-CAM-25,34364.375249681,34364.378207137,34364.473595848,38.3330078125,38.3330078125,0,,0
2894,GF-5-CAM-25,34364.792689195,34364.794915744,34364.876743342,38.3330078125,38.3330078125,0,,0
2896,GF-5-CAM-25,34365.211627269,34365.215029088,34365.329709875,38.3330078125,38.3330078125,0,,0
2898,GF-5-CAM-25,34365.687048012,34365.688073759,34365.778945917,38.3330078125,38.3330078125,0,,0
2900,GF-5-CAM-25,34366.086917647,34366.088451567,34366.218860676,38.3330078125,38.3330078125,0,,0
2902,GF-5-CAM-25,34366.507143634,34366.508826053,34366.617820878,38.3330078125,38.3330078125,0,,0
2904,GF-5-CAM-25,34366.902286528,34366.903917719,34367.009985277,38.3330078125,38.3330078125,0,,0
2906,GF-5-CAM-25,34367.317377675,34367.320035594,34367.409420569,38.3330078125,38.3330078125,0,,0
2908,GF-5-CAM-25,34367.722133929,34367.72310771,34367.836208442,38.3330078125,38.3330078125,0,,0
2910,GF-5-CAM-25,34368.153737709,34368.154976319,34368.246900304,38.3330078125,38.3330078125,0,,0
2912,GF-5-CAM-25,34368.527740371,34368.529712238,34368.63328912,38.3330078125,38.3330078125,0,,0
2914,GF-5-CAM-25,34368.893500675,34368.895167236,34368.997986335,38.3330078125,38.3330078125,0,,0
2916,GF-5-CAM-25,34369.279369367,34369.285872086,34369.388204641,38.3330078125,38.3330078125,0,,0
2918,GF-5-CAM-25,34369.731571609,34369.732870342,34369.810239225,38.3330078125,38.3330078125,0,,0
2920,GF-5-CAM-25,34370.106751871,34370.1084166,34370.222613673,38.3330078125,38.3330078125,0,,0
2922,GF-5-CAM-25,34370.526125797,34370.528524375,34370.622557829,38.3330078125,38.3330078125,0,,0
2924,GF-5-CAM-25,34370.916278136,34370.923550301,34371.01339877,38.3330078125,38.3330078125,0,,0
2926,GF-5-CAM-25,34371.281788743,34371.28412737,34371.379289927,38.3330078125,38.3330078125,0,,0
2928,GF-5-CAM-25,34371.654919057,34371.656742587,34371.756777123,38.3330078125,38.3330078125,0,,0
2930,GF-5-CAM-25,34372.021131483,34372.024866173,34372.122527367,38.3330078125,38.3330078125,0,,0
2932,GF-5-CAM-25,34372.340245812,34372.342522981,34372.448610835,38.3330078125,38.3330078125,0,,0
2934,GF-5-CAM-25,34372.791944862,34372.795952413,34372.923222408,38.3330078125,38.3330078125,0,,0
2936,GF-5-CAM-25,34373.220082146,34373.224476461,34373.346027907,38.3330078125,38.3330078125,0,,0
2938,GF-5-CAM-25,34373.61419991,34373.616570351,34373.723280128,38.3330078125,38.3330078125,0,,0
2940,GF-5-CAM-25,34374.021991903,34374.023902682,34374.115155965,38.3330078125,38.3330078125,0,,0
2942,GF-5-CAM-25,34374.429655709,34374.432399992,34374.510962216,38.3330078125,38.3330078125,0,,0
2944,GF-5-CAM-25,34374.74088944,34374.742056381,34374.830729028,38.3330078125,38.3330078125,0,,0
2946,GF-5-CAM-25,34375.060224038,34375.062031091,34375.147025042,38.3330078125,38.3330078125,0,,0
2948,GF-5-CAM-25,34375.450227116,34375.45129978,34375.631528591,38.3330078125,38.3330078125,0,,0
2950,GF-5-CAM-25,34375.884282567,34375.885595886,34375.983929046,38.3330078125,38.3330078125,0,,0
2952,GF-5-CAM-25,34376.306235612,34376.308434664,34376.422450782,38.3330078125,38.3330078125,0,,0
2954,GF-5-CAM-25,34376.866493431,34376.868645451,34376.95966859,38.3330078125,38.3330078125,0,,0
2956,GF-5-CAM-25,34377.296754369,34377.298849697,34377.405955058,38.3330078125,38.3330078125,0,,0
2958,GF-5-CAM-25,34377.678251704,34377.679132796,34377.767277786,38.3330078125,38.3330078125,0,,0
2960,GF-5-CAM-25,34378.014554822,34378.016953282,34378.120231847,38.3330078125,38.3330078125,0,,0
2962,GF-5-CAM-25,34378.393200887,34378.394975575,34378.490993191,38.3330078125,38.3330078125,0,,0
2964,GF-5-CAM-25,34378.770396909,34378.772138196,34378.855541536,38.3330078125,38.3330078125,0,,0
2966,GF-5-CAM-25,34379.163258896,34379.164864367,34379.255328092,38.3330078125,38.3330078125,0,,0
2968,GF-5-CAM-25,34379.585233685,34379.5875725,34379.674917648,38.3330078125,38.3330078125,0,,0
2970,GF-5-CAM-25,34380.036510284,34380.040144637,34380.180514348,38.3330078125,38.3330078125,0,,0
2972,GF-5-CAM-25,34380.474864981,34380.476664678,34380.600814201,38.3330078125,38.3330078125,0,,0
2974,GF-5-CAM-25,34380.964182607,34380.966782225,34381.048114415,38.3330078125,38.3330078125,0,,0
2976,GF-5-CAM-25,34381.353632832,34381.355083343,34381.486371125,38.3330078125,38.3330078125,0,,0
2978,GF-5-CAM-25,34381.911716886,34381.920861305,34382.005238936,38.3330078125,38.3330078125,0,,0
2980,GF-5-CAM-25,34382.29086953,34382.293624201,34382.420464709,38.3330078125,38.3330078125,0,,0
2982,GF-5-CAM-25,34382.74002727,34382.741916795,34382.880754075,38.3330078125,38.3330078125,0,,0
2984,GF-5-CAM-25,34383.178687321,34383.181438253,34383.289755883,38.3330078125,38.3330078125,0,,0
2986,GF-5-CAM-25,34383.607955583,34383.609593935,34383.752092319,38.3330078125,38.3330078125,0,,0
2988,GF-5-CAM-25,34384.060453473,34384.062214163,34384.148901097,38.3330078125,38.3330078125,0,,0
2990,GF-5-CAM-25,34384.526878275,34384.529381583,34384.676894717,38.3330078125,38.3330078125,0,,0
2992,GF-5-CAM-25,34385.025563552,34385.031419458,34385.147420995,38.3330078125,38.3330078125,0,,0
2994,GF-5-CAM-25,34385.574379501,34385.579244962,34385.728620372,38.3330078125,38.3330078125,0,,0
2996,GF-5-CAM-25,34386.107017385,34386.114178025,34386.256110912,38.3330078125,38.3330078125,0,,0
2998,GF-5-CAM-25,34386.556208691,34386.559332456,34386.690130889,38.3330078125,38.3330078125,0,,0
3000,GF-5-CAM-25,34387.074208315,34387.081531576,34387.228035587,38.3330078125,38.3330078125,0,,0
3002,GF-5-CAM-25,34387.646416904,34387.649550367,34387.82536132,38.3330078125,38.3330078125,0,,0
3004,GF-5-CAM-25,34388.192098348,34388.194613033,34388.335850767,38.3330078125,38.3330078125,0,,0
3006,GF-5-CAM-25,34388.687315518,34388.692949404,34388.794345953,38.3330078125,38.3330078125,0,,0
3008,GF-5-CAM-25,34389.080583674,34389.083769479,34389.281734705,38.3330078125,38.3330078125,0,,0
3010,GF-5-CAM-25,34389.732821228,34389.736843774,34389.8735892,38.3330078125,38.3330078125,0,,0
3012,GF-5-CAM-25,34390.173840747,34390.17612708,34390.320517995,38.3330078125,38.3330078125,0,,0
3014,GF-5-CAM-25,34390.593518366,34390.596091045,34390.69612041,38.3330078125,38.3330078125,0,,0
3016,GF-5-CAM-25,34390.97681867,34390.981577378,34391.122472884,38.3330078125,38.3330078125,0,,0
3018,GF-5-CAM-25,34391.49199119,34391.49418875,34391.669221843,38.3330078125,38.3330078125,0,,0
3020,GF-5-CAM-25,34392.068683061,34392.075888371,34392.231185608,38.3330078125,38.3330078125,0,,0
3022,GF-5-CAM-25,34392.573324373,34392.578720842,34392.776767137,38.3330078125,38.3330078125,0,,0
3024,GF-5-CAM-25,34393.106638203,34393.108553119,34393.238337701,38.3330078125,38.3330078125,0,,0
3026,GF-5-CAM-25,34393.587369538,34393.591722615,34393.743114197,38.3330078125,38.3330078125,0,,0
3028,GF-5-CAM-25,34394.133675145,34394.13625557,34394.3068623,38.3330078125,38.3330078125,0,,0
3030,GF-5-CAM-25,34394.642740301,34394.646365405,34394.784696492,38.3330078125,38.3330078125,0,,0
3032,GF-5-CAM-25,34395.158660128,34395.1605968,34395.285757761,38.3330078125,38.3330078125,0,,0
3034,GF-5-CAM-25,34395.730510229,34395.733360359,34395.848656316,38.3330078125,38.3330078125,0,,0
3036,GF-5-CAM-25,34396.283856056,34396.286638916,34396.381863931,38.3330078125,38.3330078125,0,,0
3038,GF-5-CAM-25,34396.791360995,34396.793706146,34396.871067575,38.3330078125,38.3330078125,0,,0
3040,GF-5-CAM-25,34397.246672784,34397.249273065,34397.432347657,38.3330078125,38.3330078125,0,,0
3042,GF-5-CAM-25,34397.825844354,34397.830702022,34397.930632051,38.3330078125,38.3330078125,0,,0
3044,GF-5-CAM-25,34398.337300072,34398.340109997,34398.470572102,38.3330078125,38.3330078125,0,,0
3046,GF-5-CAM-25,34398.96016851,34398.967541915,34399.072719746,38.3330078125,38.3330078125,0,,0
3048,GF-5-CAM-25,34399.449406254,34399.452572129,34399.546551835,38.3330078125,38.3330078125,0,,0
3050,GF-5-CAM-25,34399.949438401,34399.952765816,34400.090206873,38.3330078125,38.3330078125,0,,0
3052,GF-5-CAM-25,34400.394277863,34400.395591162,34400.478191383,38.3330078125,38.3330078125,0,,0
3054,GF-5-CAM-25,34400.799325736,34400.801046045,34400.940581628,38.3330078125,38.3330078125,0,,0
3056,GF-5-CAM-25,34401.247804272,34401.250076154,34401.35816469,38.3330078125,38.3330078125,0,,0
3058,GF-5-CAM-25,34401.734595664,34401.736207209,34401.861683627,38.3330078125,38.3330078125,0,,0
3060,GF-5-CAM-25,34402.240409004,34402.244066479,34402.358969396,38.3330078125,38.3330078125,0,,0
3062,GF-5-CAM-25,34402.70440856,34402.706070681,34402.83362319,38.3330078125,38.3330078125,0,,0
3064,GF-5-CAM-25,34403.141220526,34403.144275675,34403.352804317,38.3330078125,38.3330078125,0,,0
3066,GF-5-CAM-25,34403.686652503,34403.688338396,34403.825995268,38.3330078125,38.3330078125,0,,0
3068,GF-5-CAM-25,34404.111128588,34404.113713032,34404.193158007,38.3330078125,38.3330078125,0,,0
3070,GF-5-CAM-25,34404.552616011,34404.556486649,34404.664279635,38.3330078125,38.3330078125,0,,0
3072,GF-5-CAM-25,34404.86698011,34404.868447168,34404.938970298,38.3330078125,38.3330078125,0,,0
3074,GF-5-CAM-25,34405.22526924,34405.227460624,34405.329724967,38.3330078125,38.3330078125,0,,0
3076,GF-5-CAM-25,34405.609123054,34405.609957648,34405.726711831,38.3330078125,38.3330078125,0,,0
3078,GF-5-CAM-25,34406.08717855,34406.088094383,34406.183024791,38.3330078125,38.3330078125,0,,0
3080,GF-5-CAM-25,34406.485885149,34406.487414602,34406.568725396,38.3330078125,38.3330078125,0,,0
3082,GF-5-CAM-25,34406.763678084,34406.768607521,34406.847147923,38.3330078125,38.3330078125,0,,0
3084,GF-5-CAM-25,34407.079312889,34407.081067921,34407.156206837,38.3330078125,38.3330078125,0,,0
3086,GF-5-CAM-25,34407.428638327,34407.430649883,34407.496052112,38.3330078125,38.3330078125,0,,0
3088,GF-5-CAM-25,34407.748212615,34407.749932274,34407.838395074,38.3330078125,38.3330078125,0,,0
3090,GF-5-CAM-25,34408.086180556,34408.088019863,34408.202935092,38.3330078125,38.3330078125,0,,0
3092,GF-5-CAM-25,34408.421230284,34408.422438984,34408.523327405,38.3330078125,38.3330078125,0,,0
3094,GF-5-CAM-25,34408.820825004,34408.823051511,34408.910931189,38.3330078125,38.3330078125,0,,0
3096,GF-5-CAM-25,34409.177970388,34409.179265701,34409.290651986,38.3330078125,38.3330078125,0,,0
3098,GF-5-CAM-25,34409.580682839,34409.583379114,34409.679896399,38.3330078125,38.3330078125,0,,0
3100,GF-5-CAM-25,34409.905427115,34409.909060718,34410.003255247,38.3330078125,38.3330078125,0,,0
3102,GF-5-CAM-25,34410.2497324,34410.253114458,34410.327345162,38.3330078125,38.3330078125,0,,0
3104,GF-5-CAM-25,34410.613068227,34410.614254895,34410.691887312,38.3330078125,38.3330078125,0,,0
3106,GF-5-CAM-25,34410.938491446,34410.939388216,34411.071398235,38.3330078125,38.3330078125,0,,0
3108,GF-5-CAM-25,34411.460840552,34411.461917286,34411.574037087,38.3330078125,38.3330078125,0,,0
3110,GF-5-CAM-25,34411.868798694,34411.870558212,34411.965914464,38.3330078125,38.3330078125,0,,0
3112,GF-5-CAM-25,34412.313920289,34412.315829881,34412.411644965,38.3330078125,38.3330078125,0,,0
3114,GF-5-CAM-25,34412.68089995,34412.682082859,34412.784663499,38.3330078125,38.3330078125,0,,0
3116,GF-5-CAM-25,34413.092355661,34413.096075916,34413.254669038,38.3330078125,38.3330078125,0,,0
3118,GF-5-CAM-25,34413.492347658,34413.494219996,34413.581186573,38.3330078125,38.3330078125,0,,0
3120,GF-5-CAM-25,34413.795511298,34413.79711539,34413.915344597,38.3330078125,38.3330078125,0,,0
3122,GF-5-CAM-25,34414.203070433,34414.204628739,34414.328045962,38.3330078125,38.3330078125,0,,0
3124,GF-5-CAM-25,34414.794336953,34414.797927698,34414.897680074,38.3330078125,38.3330078125,0,,0
3126,GF-5-CAM-25,34415.197215707,34415.198663434,34415.289989753,38.3330078125,38.3330078125,0,,0
3128,GF-5-CAM-25,34415.654206395,34415.658117298,34415.769862915,38.3330078125,38.3330078125,0,,0
3130,GF-5-CAM-25,34416.089476268,34416.092923047,34416.263198217,38.3330078125,38.3330078125,0,,0
3132,GF-5-CAM-25,34416.609865037,34416.615788234,34416.748103623,38.3330078125,38.3330078125,0,,0
3134,GF-5-CAM-25,34417.026377786,34417.027528936,34417.127056366,38.3330078125,38.3330078125,0,,0
3136,GF-5-CAM-25,34417.411476015,34417.416515535,34417.511597184,38.3330078125,38.3330078125,0,,0
3138,GF-5-CAM-25,34417.805144349,34417.806536734,34417.916942774,38.3330078125,38.3330078125,0,,0
3140,GF-5-CAM-25,34418.253945759,34418.25838344,34418.347981493,38.3330078125,38.3330078125,0,,0
3142,GF-5-CAM-25,34418.639905217,34418.641114839,34418.742617443,38.3330078125,38.3330078125,0,,0
3144,GF-5-CAM-25,34419.03267871,34419.033919867,34419.143990102,38.3330078125,38.3330078125,0,,0
3146,GF-5-CAM-25,34419.463223303,34419.464655613,34419.633142693,38.3330078125,38.3330078125,0,,0
3148,GF-5-CAM-25,34420.003370722,34420.004680263,34420.236276233,38.3330078125,38.3330078125,0,,0
3150,GF-5-CAM-25,34420.534867192,34420.5372453,34420.629534057,38.3330078125,38.3330078125,0,,0
3152,GF-5-CAM-25,34420.911908646,34420.914346872,34420.989428206,38.3330078125,38.3330078125,0,,0
3154,GF-5-CAM-25,34421.224130218,34421.225150589,34421.312899961,38.3330078125,38.3330078125,0,,0
3156,GF-5-CAM-25,34421.563844834,34421.564971064,34421.675277935,38.3330078125,38.3330078125,0,,0
3158,GF-5-CAM-25,34421.920181585,34421.92297833,34422.013849781,38.3330078125,38.3330078125,0,,0
3160,GF-5-CAM-25,34422.282868653,34422.285145616,34422.383895624,38.3330078125,38.3330078125,0,,0
3162,GF-5-CAM-25,34422.738439987,34422.744161039,34422.870526317,38.3330078125,38.3330078125,0,,0
3164,GF-5-CAM-25,34423.28006756,34423.282884029,34423.44441945,38.3330078125,38.3330078125,0,,0
3166,GF-5-CAM-25,34423.743423088,34423.744620815,34423.851975943,38.3330078125,38.3330078125,0,,0
3168,GF-5-CAM-25,34424.18605642,34424.188196802,34424.28497073,38.3330078125,38.3330078125,0,,0
3170,GF-5-CAM-25,34424.620359963,34424.623304145,34424.716801297,38.3330078125,38.3330078125,0,,0
3172,GF-5-CAM-25,34425.032807286,34425.034577534,34425.121537118,38.3330078125,38.3330078125,0,,0
3174,GF-5-CAM-25,34425.403146588,34425.404033434,34425.493752341,38.3330078125,38.3330078125,0,,0
3176,GF-5-CAM-25,34425.968858596,34425.971151656,34426.093494214,38.3330078125,38.3330078125,0,,0
3178,GF-5-CAM-25,34426.480835989,34426.48351256,34426.569764742,38.3330078125,38.3330078125,0,,0
3180,GF-5-CAM-25,34426.845463383,34426.846930205,34426.937349521,38.3330078125,38.3330078125,0,,0
3182,GF-5-CAM-25,34427.274392085,34427.278279021,34427.39629404,38.3330078125,38.3330078125,0,,0
3184,GF-5-CAM-25,34427.735650988,34427.737741563,34427.821428417,38.3330078125,38.3330078125,0,,0
3186,GF-5-CAM-25,34428.23628354,34428.247367078,34428.383262612,38.3330078125,38.3330078125,0,,0
3188,GF-5-CAM-25,34428.754039767,34428.757371436,34428.883548983,38.3330078125,38.3330078125,0,,0
3190,GF-5-CAM-25,34429.322544697,34429.325782116,34429.46527002,38.3330078125,38.3330078125,0,,0
3192,GF-5-CAM-25,34429.792670452,34429.79548937,34429.976748008,38.3330078125,38.3330078125,0,,0
3194,GF-5-CAM-25,34430.30886929,34430.310878527,34430.436692262,38.3330078125,38.3330078125,0,,0
3196,GF-5-CAM-25,34430.788581342,34430.796430576,34430.888247886,38.3330078125,38.3330078125,0,,0
3198,GF-5-CAM-25,34431.146581879,34431.149502727,34431.228135189,38.3330078125,38.3330078125,0,,0
3200,GF-5-CAM-25,34431.517247933,34431.518636071,34431.608652329,38.3330078125,38.3330078125,0,,0
3202,GF-5-CAM-25,34431.875425045,34431.877658677,34431.967659372,38.3330078125,38.3330078125,0,,0
3204,GF-5-CAM-25,34432.30419883,34432.310208743,34432.425726177,38.3330078125,38.3330078125,0,,0
3206,GF-5-CAM-25,34432.714343401,34432.716373588,34432.829580351,38.3330078125,38.3330078125,0,,0
3208,GF-5-CAM-25,34433.080013085,34433.080884958,34433.163290015,38.3330078125,38.3330078125,0,,0
3210,GF-5-CAM-25,34433.500104493,34433.501420573,34433.587095355,38.3330078125,38.3330078125,0,,0
3212,GF-5-CAM-25,34433.888379886,34433.891041042,34434.022395483,38.3330078125,38.3330078125,0,,0
3214,GF-5-CAM-25,34434.361060532,34434.364485252,34434.475377025,38.3330078125,38.3330078125,0,,0
3216,GF-5-CAM-25,34434.763737921,34434.765249887,34434.838751168,38.3330078125,38.3330078125,0,,0
3218,GF-5-CAM-25,34435.102110158,34435.103712536,34435.206454749,38.3330078125,38.3330078125,0,,0
3220,GF-5-CAM-25,34435.539726712,34435.541141708,34435.726232495,38.3330078125,38.3330078125,0,,0
3222,GF-5-CAM-25,34436.188590443,34436.190825858,34436.310329913,38.3330078125,38.3330078125,0,,0
3224,GF-5-CAM-25,34436.782494665,34436.784478781,34436.895631396,38.3330078125,38.3330078125,0,,0
3226,GF-5-CAM-25,34437.256923638,34437.262278191,34437.334280143,38.3330078125,38.3330078125,0,,0
3228,GF-5-CAM-25,34437.620377735,34437.623180145,34437.703524745,38.3330078125,38.3330078125,0,,0
3230,GF-5-CAM-25,34437.997726308,34437.999382153,34438.106570022,38.3330078125,38.3330078125,0,,0
3232,GF-5-CAM-25,34438.564278155,34438.565571553,34438.70498822,38.3330078125,38.3330078125,0,,0
3234,GF-5-CAM-25,34439.123780399,34439.125336772,34439.215175722,38.3330078125,38.3330078125,0,,0
3236,GF-5-CAM-25,34439.625338028,34439.627163013,34439.712631805,38.3330078125,38.3330078125,0,,0
3238,GF-5-CAM-25,34440.082034578,34440.084725188,34440.233488236,38.3330078125,38.3330078125,0,,0
3240,GF-5-CAM-25,34440.57432746,34440.576369361,34440.661709034,38.3330078125,38.3330078125,0,,0
3242,GF-5-CAM-25,34440.957324194,34440.95922083,34441.048161496,38.3330078125,38.3330078125,0,,0
3244,GF-5-CAM-25,34441.319657452,34441.321507685,34441.438023275,38.3330078125,38.3330078125,0,,0
3246,GF-5-CAM-25,34441.698948362,34441.701105295,34441.790288496,38.3330078125,38.3330078125,0,,0
3248,GF-5-CAM-25,34442.160780448,34442.169705277,34442.319068464,38.3330078125,38.3330078125,0,,0
3250,GF-5-CAM-25,34442.594625381,34442.595874175,34442.717027881,38.3330078125,38.3330078125,0,,0
3252,GF-5-CAM-25,34442.99745167,34443.001502508,34443.110948203,38.3330078125,38.3330078125,0,,0
3254,GF-5-CAM-25,34443.391350171,34443.39278678,34443.477883162,38.3330078125,38.3330078125,0,,0
3256,GF-5-CAM-25,34443.788341607,34443.791863789,34443.881151574,38.3330078125,38.3330078125,0,,0
3258,GF-5-CAM-25,34444.206783596,34444.208574688,34444.345949457,38.3330078125,38.3330078125,0,,0
3260,GF-5-CAM-25,34444.770364561,34444.774329,34444.906392425,38.3330078125,38.3330078125,0,,0
3262,GF-5-CAM-25,34445.263368801,34445.26790676,34445.447845196,38.3330078125,38.3330078125,0,,0
3264,GF-5-CAM-25,34445.898922462,34445.901309779,34446.141599541,38.3330078125,38.3330078125,0,,0
3266,GF-5-CAM-25,34446.484235449,34446.485815004,34446.582777533,38.3330078125,38.3330078125,0,,0
3268,GF-5-CAM-25,34446.936220821,34446.939702919,34447.041168096,38.3330078125,38.3330078125,0,,0
3270,GF-5-CAM-25,34447.407252363,34447.410666801,34447.526084101,38.3330078125,38.3330078125,0,,0
3272,GF-5-CAM-25,34447.988455725,34447.990905241,34448.115729121,38.3330078125,38.3330078125,0,,0
3274,GF-5-CAM-25,34448.514585952,34448.516577125,34448.668493892,38.3330078125,38.3330078125,0,,0
3276,GF-5-CAM-25,34449.078578758,34449.082241184,34449.205941609,38.3330078125,38.3330078125,0,,0
3278,GF-5-CAM-25,34449.610472532,34449.614328299,34449.741712626,38.3330078125,38.3330078125,0,,0
3280,GF-5-CAM-25,34450.142468196,34450.144121719,34450.261114003,38.3330078125,38.3330078125,0,,0
3282,GF-5-CAM-25,34450.603224328,34450.60477582,34450.775784564,38.3330078125,38.3330078125,0,,0
3284,GF-5-CAM-25,34451.144987257,34451.147472568,34451.226378042,38.3330078125,38.3330078125,0,,0
3286,GF-5-CAM-25,34451.789634396,34451.793720576,34452.005887288,38.3330078125,38.3330078125,0,,0
3288,GF-5-CAM-25,34452.389572949,34452.392401335,34452.551292389,38.3330078125,38.3330078125,0,,0
3290,GF-5-CAM-25,34452.932573034,34452.945317288,34453.122228116,38.3330078125,38.3330078125,0,,0
3292,GF-5-CAM-25,34453.479651131,34453.481654884,34453.664350572,38.3330078125,38.3330078125,0,,0
3294,GF-5-CAM-25,34454.057161116,34454.060281714,34454.177914068,38.3330078125,38.3330078125,0,,0
3296,GF-5-CAM-25,34454.646403678,34454.650928567,34454.749718763,38.3330078125,38.3330078125,0,,0
3298,GF-5-CAM-25,34455.151106304,34455.152846015,34455.256651767,38.3330078125,38.3330078125,0,,0
3300,GF-5-CAM-25,34455.566400615,34455.56822408,34455.711266517,38.3330078125,38.3330078125,0,,0
3302,GF-5-CAM-25,34456.059115823,34456.061027688,34456.201960744,38.3330078125,38.3330078125,0,,0
3304,GF-5-CAM-25,34456.58383477,34456.588495859,34456.694097061,38.3330078125,38.3330078125,0,,0
3306,GF-5-CAM-25,34457.111581674,34457.113957899,34457.216801751,38.3330078125,38.3330078125,0,,0
3308,GF-5-CAM-25,34457.712231072,34457.714383803,34457.828167218,38.3330078125,38.3330078125,0,,0
3310,GF-5-CAM-25,34458.146825427,34458.148918044,34458.33840225,38.3330078125,38.3330078125,0,,0
3312,GF-5-CAM-25,34458.648793371,34458.653169677,34458.748385288,38.3330078125,38.3330078125,0,,0
3314,GF-5-CAM-25,34459.092436222,34459.0950516,34459.241604084,38.3330078125,38.3330078125,0,,0
3316,GF-5-CAM-25,34459.713681521,34459.716878543,34459.878320932,38.3330078125,38.3330078125,0,,0
3318,GF-5-CAM-25,34460.289389815,34460.292300093,34460.4018388,38.3330078125,38.3330078125,0,,0
3320,GF-5-CAM-25,34460.776979688,34460.779169774,34460.890414465,38.3330078125,38.3330078125,0,,0
3322,GF-5-CAM-25,34461.297065721,34461.299128339,34461.434406805,38.3330078125,38.3330078125,0,,0
3324,GF-5-CAM-25,34461.803368273,34461.804821476,34461.956032693,38.3330078125,38.3330078125,0,,0
3326,GF-5-CAM-25,34462.321910564,34462.324486628,34462.461247025,38.3330078125,38.3330078125,0,,0
3328,GF-5-CAM-25,34462.784759779,34462.788295656,34462.92056748,38.3330078125,38.3330078125,0,,0
3330,GF-5-CAM-25,34463.256968118,34463.258529433,34463.392163854,38.3330078125,38.3330078125,0,,0
3332,GF-5-CAM-25,34463.770035021,34463.772572582,34463.933548781,38.3330078125,38.3330078125,0,,0
3334,GF-5-CAM-25,34464.386231519,34464.388655221,34464.54038918,38.3330078125,38.3330078125,0,,0
3336,GF-5-CAM-25,34464.976649075,34464.980058135,34465.159494195,38.3330078125,38.3330078125,0,,0
3338,GF-5-CAM-25,34465.56348434,34465.566262114,34465.738965194,38.3330078125,38.3330078125,0,,0
3340,GF-5-CAM-25,34466.083722292,34466.087791774,34466.299818461,38.3330078125,38.3330078125,0,,0
3342,GF-5-CAM-25,34466.700297907,34466.702098021,34466.813572181,38.3330078125,38.3330078125,0,,0
3344,GF-5-CAM-25,34467.132438408,34467.134380885,34467.295281556,38.3330078125,38.3330078125,0,,0
3346,GF-5-CAM-25,34467.688629601,34467.691852278,34467.844141529,38.3330078125,38.3330078125,0,,0
3348,GF-5-CAM-25,34468.205198538,34468.208643813,34468.332076246,38.3330078125,38.3330078125,0,,0
3350,GF-5-CAM-25,34468.670966053,34468.674199674,34468.765786403,38.3330078125,38.3330078125,0,,0
3352,GF-5-CAM-25,34469.189568399,34469.20031459,34469.330965367,38.3330078125,38.3330078125,0,,0
3354,GF-5-CAM-25,34469.672267856,34469.675125755,34469.786898596,38.3330078125,38.3330078125,0,,0
3356,GF-5-CAM-25,34470.119316624,34470.121261778,34470.286409262,38.3330078125,38.3330078125,0,,0
3358,GF-5-CAM-25,34470.670498938,34470.672048036,34470.77962739,38.3330078125,38.3330078125,0,,0
3360,GF-5-CAM-25,34471.141984479,34471.143943752,34471.277585647,38.3330078125,38.3330078125,0,,0
3362,GF-5-CAM-25,34471.722195691,34471.724677572,34471.901640091,38.3330078125,38.3330078125,0,,0
3364,GF-5-CAM-25,34472.330394924,34472.335104679,34472.439127415,38.3330078125,38.3330078125,0,,0
3366,GF-5-CAM-25,34472.804809189,34472.807018245,34472.917261698,38.3330078125,38.3330078125,0,,0
3368,GF-5-CAM-25,34473.296390327,34473.298599845,34473.391805655,38.3330078125,38.3330078125,0,,0
3370,GF-5-CAM-25,34473.770699612,34473.774281093,34473.872913457,38.3330078125,38.3330078125,0,,0
3372,GF-5-CAM-25,34474.325195978,34474.328164247,34474.534051257,38.3330078125,38.3330078125,0,,0
3374,GF-5-CAM-25,34474.899410495,34474.901543133,34474.995683633,38.3330078125,38.3330078125,0,,0
3376,GF-5-CAM-25,34475.41278244,34475.416879564,34475.54233944,38.3330078125,38.3330078125,0,,0
3378,GF-5-CAM-25,34475.899551444,34475.901744013,34476.009600025,38.3330078125,38.3330078125,0,,0
3380,GF-5-CAM-25,34476.445391329,34476.446884843,34476.594909369,38.3330078125,38.3330078125,0,,0
3382,GF-5-CAM-25,34477.056418854,34477.059654123,34477.249266922,38.3330078125,38.3330078125,0,,0
3384,GF-5-CAM-25,34477.707106475,34477.708881387,34477.856034545,38.3330078125,38.3330078125,0,,0
3386,GF-5-CAM-25,34478.292121807,34478.293951983,34478.47481512,38.3330078125,38.3330078125,0,,0
3388,GF-5-CAM-25,34478.84215544,34478.845195651,34478.996048072,38.3330078125,38.3330078125,0,,0
3390,GF-5-CAM-25,34479.457496093,34479.46075559,34479.610926633,38.3330078125,38.3330078125,0,,0
3392,GF-5-CAM-25,34480.047377294,34480.052533386,34480.16587216,38.3330078125,38.3330078125,0,,0
3394,GF-5-CAM-25,34480.602064402,34480.620456461,34480.844672173,38.3330078125,38.3330078125,0,,0
3396,GF-5-CAM-25,34481.318429597,34481.321054517,34481.411537915,38.3330078125,38.3330078125,0,,0
3398,GF-5-CAM-25,34481.865043281,34481.868518687,34481.99556614,38.3330078125,38.3330078125,0,,0
3400,GF-5-CAM-25,34482.35256236,34482.355449674,34482.489870128,38.3330078125,38.3330078125,0,,0
3402,GF-5-CAM-25,34482.957280251,34482.95955964,34483.089099236,38.3330078125,38.3330078125,0,,0
3404,GF-5-CAM-25,34483.507194669,34483.509501879,34483.595513383,38.3330078125,38.3330078125,0,,0
3406,GF-5-CAM-25,34483.942801202,34483.94431161,34484.106802934,38.3330078125,38.3330078125,0,,0
3408,GF-5-CAM-25,34484.521839167,34484.523489417,34484.637483951,38.3330078125,38.3330078125,0,,0
3410,GF-5-CAM-25,34485.090728568,34485.09446629,34485.365801866,38.3330078125,38.3330078125,0,,0
3412,GF-5-CAM-25,34485.725818415,34485.727905341,34485.810811651,38.3330078125,38.3330078125,0,,0
3414,GF-5-CAM-25,34486.226063973,34486.229053703,34486.466025216,38.3330078125,38.3330078125,0,,0
3416,GF-5-CAM-25,34486.803121698,34486.805045493,34487.007355268,38.3330078125,38.3330078125,0,,0
3418,GF-5-CAM-25,34487.410521842,34487.41208055,34487.504194038,38.3330078125,38.3330078125,0,,0
3420,GF-5-CAM-25,34487.979419134,34487.982039639,34488.109784025,38.3330078125,38.3330078125,0,,0
3422,GF-5-CAM-25,34488.509104185,34488.512256189,34488.618506639,38.3330078125,38.3330078125,0,,0
3424,GF-5-CAM-25,34488.967497501,34488.970717274,34489.120707412,38.3330078125,38.3330078125,0,,0
3426,GF-5-CAM-25,34489.456950253,34489.458420154,34489.627753373,38.3330078125,38.3330078125,0,,0
3428,GF-5-CAM-25,34489.943173328,34489.944963011,34490.065169829,38.3330078125,38.3330078125,0,,0
3430,GF-5-CAM-25,34490.45639129,34490.458826203,34490.580805219,38.3330078125,38.3330078125,0,,0
3432,GF-5-CAM-25,34490.937202417,34490.940943181,34491.09915956,38.3330078125,38.3330078125,0,,0
3434,GF-5-CAM-25,34491.453864647,34491.456753185,34491.649440149,38.3330078125,38.3330078125,0,,0
3436,GF-5-CAM-25,34492.078132851,34492.080954696,34492.218281332,38.3330078125,38.3330078125,0,,0
3438,GF-5-CAM-25,34492.607653213,34492.609603228,34492.709312895,38.3330078125,38.3330078125,0,,0
3440,GF-5-CAM-25,34493.053581567,34493.056378712,34493.249383205,38.3330078125,38.3330078125,0,,0
3442,GF-5-CAM-25,34493.710285657,34493.712667769,34493.808575108,38.3330078125,38.3330078125,0,,0
3444,GF-5-CAM-25,34494.221986766,34494.22537214,34494.330696877,38.3330078125,38.3330078125,0,,0
3446,GF-5-CAM-25,34494.737476629,34494.739405382,34494.879616131,38.3330078125,38.3330078125,0,,0
3448,GF-5-CAM-25,34495.245299237,34495.247303313,34495.388555003,38.3330078125,38.3330078125,0,,0
3450,GF-5-CAM-25,34495.844786288,34495.853905022,34495.983584954,38.3330078125,38.3330078125,0,,0
3452,GF-5-CAM-25,34496.41909438,34496.422220384,34496.52873314,38.3330078125,38.3330078125,0,,0
3454,GF-5-CAM-25,34496.88406031,34496.886978903,34497.020960562,38.3330078125,38.3330078125,0,,0
3456,GF-5-CAM-25,34497.477379918,34497.518536949,34497.655728837,38.3330078125,38.3330078125,0,,0
3458,GF-5-CAM-25,34497.994624793,34497.996989061,34498.114292151,38.3330078125,38.3330078125,0,,0
3460,GF-5-CAM-25,34498.428934106,34498.430412665,34498.587156319,38.3330078125,38.3330078125,0,,0
3462,GF-5-CAM-25,34498.90337952,34498.905977913,34499.075781386,38.3330078125,38.3330078125,0,,0
3464,GF-5-CAM-25,34499.465495759,34499.467375133,34499.590752444,38.3330078125,38.3330078125,0,,0
3466,GF-5-CAM-25,34499.996508084,34499.99982072,34500.103301961,38.3330078125,38.3330078125,0,,0
3468,GF-5-CAM-25,34500.555764889,34500.558320018,34500.672189583,38.3330078125,38.3330078125,0,,0
3470,GF-5-CAM-25,34501.050937659,34501.055479957,34501.198665192,38.3330078125,38.3330078125,0,,0
3472,GF-5-CAM-25,34501.524983873,34501.528936765,34501.709882704,38.3330078125,38.3330078125,0,,0
3474,GF-5-CAM-25,34502.01810636,34502.020505182,34502.241181479,38.3330078125,38.3330078125,0,,0
3476,GF-5-CAM-25,34502.597864529,34502.60033274,34502.720820131,38.3330078125,38.3330078125,0,,0
3478,GF-5-CAM-25,34503.09357494,34503.096687499,34503.337146991,38.3330078125,38.3330078125,0,,0
3480,GF-5-CAM-25,34503.783093082,34503.785730292,34503.994434715,38.3330078125,38.3330078125,0,,0
3482,GF-5-CAM-25,34504.380453651,34504.383714834,34504.480728999,38.3330078125,38.3330078125,0,,0
3484,GF-5-CAM-25,34504.827490378,34504.829846081,34504.990164782,38.3330078125,38.3330078125,0,,0
3486,GF-5-CAM-25,34505.372619623,34505.374271229,34505.477781782,38.3330078125,38.3330078125,0,,0
3488,GF-5-CAM-25,34505.862036558,34505.864372811,34505.989027101,38.3330078125,38.3330078125,0,,0
3490,GF-5-CAM-25,34506.430711641,34506.433467072,34506.628158367,38.3330078125,38.3330078125,0,,0
3492,GF-5-CAM-25,34507.016168893,34507.018477247,34507.173800245,38.3330078125,38.3330078125,0,,0
3494,GF-5-CAM-25,34507.504710032,34507.512121233,34507.60176923,38.3330078125,38.3330078125,0,,0
3496,GF-5-CAM-25,34507.929600267,34507.932498966,34508.070384128,38.3330078125,38.3330078125,0,,0
3498,GF-5-CAM-25,34508.404104388,34508.413538918,34508.525390684,38.3330078125,38.3330078125,0,,0
3500,GF-5-CAM-25,34508.843073878,34508.845258897,34508.96694963,38.3330078125,38.3330078125,0,,0
3502,GF-5-CAM-25,34509.356459672,34509.359564524,34509.458317945,38.3330078125,38.3330078125,0,,0
3504,GF-5-CAM-25,34509.841276783,34509.843842978,34510.044804665,38.3330078125,38.3330078125,0,,0
3506,GF-5-CAM-25,34510.408880363,34510.411475397,34510.518826909,38.3330078125,38.3330078125,0,,0
3508,GF-5-CAM-25,34510.909157071,34510.911694877,34511.003203539,38.3330078125,38.3330078125,0,,0
3510,GF-5-CAM-25,34511.371044475,34511.372548368,34511.498734772,38.3330078125,38.3330078125,0,,0
3512,GF-5-CAM-25,34511.829517259,34511.831650718,34511.954768706,38.3330078125,38.3330078125,0,,0
3514,GF-5-CAM-25,34512.354863578,34512.359288152,34512.554061986,38.3330078125,38.3330078125,0,,0
3516,GF-5-CAM-25,34512.972092228,34512.973975266,34513.060051666,38.3330078125,38.3330078125,0,,0
3518,GF-5-CAM-25,34513.436782354,34513.438655217,34513.575450523,38.3330078125,38.3330078125,0,,0
3520,GF-5-CAM-25,34514.006416236,34514.011227514,34514.111381799,38.3330078125,38.3330078125,0,,0
3522,GF-5-CAM-25,34514.458056828,34514.460490476,34514.612319047,38.3330078125,38.3330078125,0,,0
3524,GF-5-CAM-25,34514.965706546,34514.96695762,34515.049873427,38.3330078125,38.3330078125,0,,0
3526,GF-5-CAM-25,34515.383442959,34515.386631908,34515.469755724,38.3330078125,38.3330078125,0,,0
3528,GF-5-CAM-25,34515.754548698,34515.75540405,34515.850865752,38.3330078125,38.3330078125,0,,0
3530,GF-5-CAM-25,34516.210505024,34516.212428024,34516.31790443,38.3330078125,38.3330078125,0,,0
3532,GF-5-CAM-25,34516.732601584,34516.747283922,34516.846095592,38.3330078125,38.3330078125,0,,0
3534,GF-5-CAM-25,34517.249815615,34517.252098376,34517.400561358,38.3330078125,38.3330078125,0,,0
3536,GF-5-CAM-25,34517.78551468,34517.787680925,34517.874178336,38.3330078125,38.3330078125,0,,0
3538,GF-5-CAM-25,34518.267137019,34518.268529322,34518.407590458,38.3330078125,38.3330078125,0,,0
3540,GF-5-CAM-25,34518.776146475,34518.77845316,34518.909254397,38.3330078125,38.3330078125,0,,0
3542,GF-5-CAM-25,34519.30589243,34519.312107381,34519.414116039,38.3330078125,38.3330078125,0,,0
3544,GF-5-CAM-25,34519.793402229,34519.79557191,34519.956172393,38.3330078125,38.3330078125,0,,0
3546,GF-5-CAM-25,34520.298469497,34520.302152984,34520.419737756,38.3330078125,38.3330078125,0,,0
3548,GF-5-CAM-25,34520.789562827,34520.793277927,34520.979243991,38.3330078125,38.3330078125,0,,0
3550,GF-5-CAM-25,34521.506556739,34521.508703255,34521.627775878,38.3330078125,38.3330078125,0,,0
3552,GF-5-CAM-25,34522.022376275,34522.02551196,34522.163655453,38.3330078125,38.3330078125,0,,0
3554,GF-5-CAM-25,34522.513058055,34522.515827644,34522.639508209,38.3330078125,38.3330078125,0,,0
3556,GF-5-CAM-25,34523.060967044,34523.063738904,34523.214984123,38.3330078125,38.3330078125,0,,0
3558,GF-5-CAM-25,34523.669534938,34523.673226188,34523.79828894,38.3330078125,38.3330078125,0,,0
3560,GF-5-CAM-25,34524.186366548,34524.188051007,34524.309597252,38.3330078125,38.3330078125,0,,0
3562,GF-5-CAM-25,34524.735452637,34524.737331171,34524.929606454,38.3330078125,38.3330078125,0,,0
3564,GF-5-CAM-25,34525.342341446,34525.344892116,34525.525376341,38.3330078125,38.3330078125,0,,0
3566,GF-5-CAM-25,34525.842452929,34525.846006027,34526.032791439,38.3330078125,38.3330078125,0,,0
3568,GF-5-CAM-25,34526.490497194,34526.495960782,34526.618276715,38.3330078125,38.3330078125,0,,0
3570,GF-5-CAM-25,34527.084466401,34527.0877116,34527.157739812,38.3330078125,38.3330078125,0,,0
3572,GF-5-CAM-25,34527.539569831,34527.541942738,34527.668184722,38.3330078125,38.3330078125,0,,0
3574,GF-5-CAM-25,34528.139952551,34528.142493319,34528.298414456,38.3330078125,38.3330078125,0,,0
3576,GF-5-CAM-25,34528.721966081,34528.725552495,34528.875769448,38.3330078125,38.3330078125,0,,0
3578,GF-5-CAM-25,34529.275452935,34529.278689835,34529.415885785,38.3330078125,38.3330078125,0,,0
3580,GF-5-CAM-25,34529.780801667,34529.790359526,34530.012534378,38.3330078125,38.3330078125,0,,0
3582,GF-5-CAM-25,34530.33777213,34530.341906835,34530.468542623,38.3330078125,38.3330078125,0,,0
3584,GF-5-CAM-25,34530.828464363,34530.832140691,34531.042162286,38.3330078125,38.3330078125,0,,0
3586,GF-5-CAM-25,34531.472435285,34531.476118185,34531.607963637,38.3330078125,38.3330078125,0,,0
3588,GF-5-CAM-25,34532.117166667,34532.119903424,34532.25824175,38.3330078125,38.3330078125,0,,0
3590,GF-5-CAM-25,34532.648028509,34532.651447225,34532.784561453,38.3330078125,38.3330078125,0,,0
3592,GF-5-CAM-25,34533.174750941,34533.17725466,34533.29344123,38.3330078125,38.3330078125,0,,0
3594,GF-5-CAM-25,34533.696375265,34533.698339649,34533.858703493,38.3330078125,38.3330078125,0,,0
3596,GF-5-CAM-25,34534.246094513,34534.249877806,34534.415141432,38.3330078125,38.3330078125,0,,0
3598,GF-5-CAM-25,34534.840103762,34534.84481542,34534.999696015,38.3330078125,38.3330078125,0,,0
3600,GF-5-CAM-25,34535.364669555,34535.366595563,34535.488438898,38.3330078125,38.3330078125,0,,0
3602,GF-5-CAM-25,34535.856889164,34535.859401533,34536.040783611,38.3330078125,38.3330078125,0,,0
3604,GF-5-CAM-25,34536.504765358,34536.506657369,34536.672101767,38.3330078125,38.3330078125,0,,0
3606,GF-5-CAM-25,34537.04362513,34537.045849027,34537.147878147,38.3330078125,38.3330078125,0,,0
3608,GF-5-CAM-25,34537.564419574,34537.567030968,34537.729582723,38.3330078125,38.3330078125,0,,0
3610,GF-5-CAM-25,34538.077416544,34538.079286168,34538.291674198,38.3330078125,38.3330078125,0,,0
3612,GF-5-CAM-25,34538.702372703,34538.705306702,34538.877291025,38.3330078125,38.3330078125,0,,0
3614,GF-5-CAM-25,34539.365306996,34539.368075745,34539.543812888,38.3330078125,38.3330078125,0,,0
3616,GF-5-CAM-25,34539.890627458,34539.894222109,34540.01553567,38.3330078125,38.3330078125,0,,0
3618,GF-5-CAM-25,34540.397785457,34540.404648711,34540.554234746,38.3330078125,38.3330078125,0,,0
3620,GF-5-CAM-25,34540.913771385,34540.918946388,34541.052047792,38.3330078125,38.3330078125,0,,0
3622,GF-5-CAM-25,34541.54754588,34541.550386614,34541.747038375,38.3330078125,38.3330078125,0,,0
3624,GF-5-CAM-25,34542.134571762,34542.137313388,34542.240575491,38.3330078125,38.3330078125,0,,0
3626,GF-5-CAM-25,34542.638032792,34542.640677621,34542.765986525,38.3330078125,38.3330078125,0,,0
3628,GF-5-CAM-25,34543.215280533,34543.218140211,34543.389980707,38.3330078125,38.3330078125,0,,0
3630,GF-5-CAM-25,34543.796159851,34543.798679095,34543.930729669,38.3330078125,38.3330078125,0,,0
3632,GF-5-CAM-25,34544.254969131,34544.258444663,34544.468292572,38.3330078125,38.3330078125,0,,0
3634,GF-5-CAM-25,34544.838614628,34544.841556944,34544.969610235,38.3330078125,38.3330078125,0,,0
3636,GF-5-CAM-25,34545.302790127,34545.305120368,34545.433363349,38.3330078125,38.3330078125,0,,0
3638,GF-5-CAM-25,34545.837995634,34545.839841156,34546.099707003,38.3330078125,38.3330078125,0,,0
3640,GF-5-CAM-25,34546.71026882,34546.715585076,34546.817245712,38.3330078125,38.3330078125,0,,0
3642,GF-5-CAM-25,34547.145082854,34547.154100582,34547.318072511,38.3330078125,38.3330078125,0,,0
3644,GF-5-CAM-25,34547.770129308,34547.772426378,34547.966283233,38.3330078125,38.3330078125,0,,0
3646,GF-5-CAM-25,34548.363403949,34548.365114457,34548.535598038,38.3330078125,38.3330078125,0,,0
3648,GF-5-CAM-25,34548.946495772,34548.948366377,34549.108074248,38.3330078125,38.3330078125,0,,0
3650,GF-5-CAM-25,34549.460503549,34549.462637486,34549.653771631,38.3330078125,38.3330078125,0,,0
3652,GF-5-CAM-25,34549.995221215,34549.996507968,34550.087469042,38.3330078125,38.3330078125,0,,0
3654,GF-5-CAM-25,34550.521057605,34550.525482706,34550.646810916,38.3330078125,38.3330078125,0,,0
3656,GF-5-CAM-25,34551.066025965,34551.070184429,34551.242457915,38.3330078125,38.3330078125,0,,0
3658,GF-5-CAM-25,34551.664514108,34551.667563895,34551.848339221,38.3330078125,38.3330078125,0,,0
3660,GF-5-CAM-25,34552.244332226,34552.24716547,34552.328585834,38.3330078125,38.3330078125,0,,0
3662,GF-5-CAM-25,34552.746489546,34552.748859102,34552.882502809,38.3330078125,38.3330078125,0,,0
3664,GF-5-CAM-25,34553.275746068,34553.279117527,34553.368962583,38.3330078125,38.3330078125,0,,0
3666,GF-5-CAM-25,34553.77836083,34553.783327476,34553.899384339,38.3330078125,38.3330078125,0,,0
3668,GF-5-CAM-25,34554.277229589,34554.279185015,34554.416451752,38.3330078125,38.3330078125,0,,0
3670,GF-5-CAM-25,34554.739177449,34554.742277285,34554.873557707,38.3330078125,38.3330078125,0,,0
3672,GF-5-CAM-25,34555.224883205,34555.228188578,34555.337594999,38.3330078125,38.3330078125,0,,0
3674,GF-5-CAM-25,34555.749078351,34555.750653205,34555.861364797,38.3330078125,38.3330078125,0,,0
3676,GF-5-CAM-25,34556.22579877,34556.229275809,34556.379366412,38.3330078125,38.3330078125,0,,0
3678,GF-5-CAM-25,34556.726699604,34556.73143021,34556.953354287,38.3330078125,38.3330078125,0,,0
3680,GF-5-CAM-25,34557.317436793,34557.318934778,34557.406927943,38.3330078125,38.3330078125,0,,0
3682,GF-5-CAM-25,34557.747211105,34557.751648456,34557.924485577,38.3330078125,38.3330078125,0,,0
3684,GF-5-CAM-25,34558.322103343,34558.323630225,34558.489092325,38.3330078125,38.3330078125,0,,0
3686,GF-5-CAM-25,34558.825399273,34558.827524442,34558.976251445,38.3330078125,38.3330078125,0,,0
3688,GF-5-CAM-25,34559.386708965,34559.388176089,34559.552371112,38.3330078125,38.3330078125,0,,0
3690,GF-5-CAM-25,34559.953712108,34559.95643277,34560.111243113,38.3330078125,38.3330078125,0,,0
3692,GF-5-CAM-25,34560.447250586,34560.448881214,34560.555647774,38.3330078125,38.3330078125,0,,0
3694,GF-5-CAM-25,34560.920152949,34560.923775878,34561.012651974,38.3330078125,38.3330078125,0,,0
3696,GF-5-CAM-25,34561.424839467,34561.427396356,34561.57340915,38.3330078125,38.3330078125,0,,0
3698,GF-5-CAM-25,34561.967909363,34561.97028911,34562.07153931,38.3330078125,38.3330078125,0,,0
3702,GF-5-CAM-25,34563.032895129,34563.037174429,34563.161380435,38.33349609375,38.3330078125,0,,0
3704,GF-5-CAM-25,34563.540813513,34563.54699882,34563.71657252,38.3330078125,38.3330078125,0,,0
3706,GF-5-CAM-25,34564.080134877,34564.082251801,34564.19810987,38.3330078125,38.3330078125,0,,0
3708,GF-5-CAM-25,34564.666808518,34564.668493779,34564.802336173,38.3330078125,38.3330078125,0,,0
3710,GF-5-CAM-25,34565.172141819,34565.175337298,34565.298614355,38.3330078125,38.3330078125,0,,0
3712,GF-5-CAM-25,34565.763985265,34565.7675556,34565.905949984,38.3330078125,38.3330078125,0,,0
3714,GF-5-CAM-25,34566.315384797,34566.318347752,34566.465158571,38.3330078125,38.3330078125,0,,0
3716,GF-5-CAM-25,34566.833962223,34566.83725763,34567.016672621,38.3330078125,38.3330078125,0,,0
3718,GF-5-CAM-25,34567.454661074,34567.458145543,34567.668585429,38.3330078125,38.3330078125,0,,0
3720,GF-5-CAM-25,34568.106831765,34568.110451026,34568.248089537,38.3330078125,38.3330078125,0,,0
3722,GF-5-CAM-25,34568.754173432,34568.759487908,34568.916562246,38.3330078125,38.3330078125,0,,0
3724,GF-5-CAM-25,34569.372956043,34569.377693954,34569.549273891,38.3330078125,38.3330078125,0,,0
3726,GF-5-CAM-25,34569.937742206,34569.940060914,34570.071110125,38.3330078125,38.3330078125,0,,0
3728,GF-5-CAM-25,34570.42741482,34570.432909987,34570.633558944,38.3330078125,38.3330078125,0,,0
3730,GF-5-CAM-25,34570.994393847,34570.998514507,34571.107741553,38.3330078125,38.3330078125,0,,0
3732,GF-5-CAM-25,34571.49670787,34571.500717823,34571.623763578,38.3330078125,38.3330078125,0,,0
3734,GF-5-CAM-25,34572.075160233,34572.079370227,34572.210639823,38.3330078125,38.3330078125,0,,0
3736,GF-5-CAM-25,34572.618834562,34572.622160635,34572.718823765,38.3330078125,38.3330078125,0,,0
3738,GF-5-CAM-25,34573.086767271,34573.090500741,34573.241066199,38.3330078125,38.3330078125,0,,0
3740,GF-5-CAM-25,34573.691936069,34573.695686277,34573.789876526,38.3330078125,38.3330078125,0,,0
3742,GF-5-CAM-25,34574.134069247,34574.13760111,34574.366213592,38.3330078125,38.3330078125,0,,0
3744,GF-5-CAM-25,34574.828307549,34574.833761739,34574.997186886,38.3330078125,38.3330078125,0,,0
3746,GF-5-CAM-25,34575.329701495,34575.34357359,34575.521386257,38.3330078125,38.3330078125,0,,0
3748,GF-5-CAM-25,34575.879417973,34575.881703453,34576.025902813,38.3330078125,38.3330078125,0,,0
3750,GF-5-CAM-25,34576.429328684,34576.432218855,34576.583829187,38.3330078125,38.3330078125,0,,0
3752,GF-5-CAM-25,34577.06836787,34577.072477226,34577.160953141,38.3330078125,38.3330078125,0,,0
3754,GF-5-CAM-25,34577.539414624,34577.545227262,34577.693815196,38.3330078125,38.3330078125,0,,0
3756,GF-5-CAM-25,34578.18811309,34578.194662107,34578.366450863,38.3330078125,38.3330078125,0,,0
3758,GF-5-CAM-25,34578.806121472,34578.808419625,34578.926494541,38.3330078125,38.3330078125,0,,0
3760,GF-5-CAM-25,34579.422822064,34579.427093818,34579.588821647,38.3330078125,38.3330078125,0,,0
3762,GF-5-CAM-25,34579.980117533,34579.981928192,34580.106328503,38.3330078125,38.3330078125,0,,0
3764,GF-5-CAM-25,34580.637195733,34580.641211677,34580.737519781,38.3330078125,38.3330078125,0,,0
3766,GF-5-CAM-25,34581.084167644,34581.086498894,34581.236514967,38.3330078125,38.3330078125,0,,0
3768,GF-5-CAM-25,34581.59753812,34581.600487917,34581.725321248,38.3330078125,38.3330078125,0,,0
3770,GF-5-CAM-25,34582.100834594,34582.103489957,34582.22480254,38.3330078125,38.3330078125,0,,0
3772,GF-5-CAM-25,34582.659192684,34582.662577438,34582.757762648,38.3330078125,38.3330078125,0,,0
3774,GF-5-CAM-25,34583.139590215,34583.141505881,34583.234188521,38.3330078125,38.3330078125,0,,0
3776,GF-5-CAM-25,34583.668705388,34583.671298429,34583.877777797,38.3330078125,38.3330078125,0,,0
3778,GF-5-CAM-25,34584.159968129,34584.162081225,34584.356012769,38.3330078125,38.3330078125,0,,0
3780,GF-5-CAM-25,34584.705900384,34584.709929259,34584.857289263,38.3330078125,38.3330078125,0,,0
3782,GF-5-CAM-25,34585.332692357,34585.334936413,34585.490501549,38.3330078125,38.3330078125,0,,0
3784,GF-5-CAM-25,34585.853775754,34585.856834161,34586.035025238,38.3330078125,38.3330078125,0,,0
3786,GF-5-CAM-25,34586.522888852,34586.526154385,34586.644724427,38.3330078125,38.3330078125,0,,0
3788,GF-5-CAM-25,34586.99261211,34586.995682056,34587.135520383,38.3330078125,38.3330078125,0,,0
3790,GF-5-CAM-25,34587.557096893,34587.56004654,34587.673112377,38.3330078125,38.3330078125,0,,0
3792,GF-5-CAM-25,34588.074348564,34588.078636173,34588.177107587,38.3330078125,38.3330078125,0,,0
3794,GF-5-CAM-25,34588.6300502,34588.632358174,34588.720844265,38.3330078125,38.3330078125,0,,0
3796,GF-5-CAM-25,34589.07579955,34589.079760434,34589.261855223,38.3330078125,38.3330078125,0,,0
3798,GF-5-CAM-25,34589.687378157,34589.690944297,34589.815596146,38.3330078125,38.3330078125,0,,0
3800,GF-5-CAM-25,34590.255308418,34590.256692085,34590.423075202,38.3330078125,38.3330078125,0,,0
3802,GF-5-CAM-25,34590.845768457,34590.850654009,34591.016040853,38.3330078125,38.3330078125,0,,0
3804,GF-5-CAM-25,34591.444886039,34591.447991912,34591.550264459,38.3330078125,38.3330078125,0,,0
3806,GF-5-CAM-25,34592.020123383,34592.024617753,34592.22810431,38.3330078125,38.3330078125,0,,0
3808,GF-5-CAM-25,34592.586613728,34592.60832885,34592.737809512,38.3330078125,38.3330078125,0,,0
3810,GF-5-CAM-25,34593.167812441,34593.170684256,34593.329494927,38.3330078125,38.3330078125,0,,0
3812,GF-5-CAM-25,34593.70259054,34593.704154286,34593.864968067,38.3330078125,38.3330078125,0,,0
3814,GF-5-CAM-25,34594.276349325,34594.2782737,34594.41156356,38.3330078125,38.3330078125,0,,0
3816,GF-5-CAM-25,34594.836861372,34594.840194605,34594.94245296,38.3330078125,38.3330078125,0,,0
3818,GF-5-CAM-25,34595.380215289,34595.383833173,34595.515260026,38.3330078125,38.3330078125,0,,0
3820,GF-5-CAM-25,34595.900380117,34595.902051996,34596.018714622,38.3330078125,38.3330078125,0,,0
3822,GF-5-CAM-25,34596.501346698,34596.503180424,34596.671420937,38.3330078125,38.3330078125,0,,0
3824,GF-5-CAM-25,34597.08150903,34597.084790946,34597.247170821,38.3330078125,38.3330078125,0,,0
3826,GF-5-CAM-25,34597.772969678,34597.774672907,34597.928838553,38.3330078125,38.3330078125,0,,0
3828,GF-5-CAM-25,34598.318182162,34598.320072358,34598.502084534,38.3330078125,38.3330078125,0,,0
3830,GF-5-CAM-25,34598.897780404,34598.900031428,34599.030476878,38.3330078125,38.3330078125,0,,0
3832,GF-5-CAM-25,34599.454227418,34599.457142131,34599.579242198,38.3330078125,38.3330078125,0,,0
3834,GF-5-CAM-25,34599.989261858,34599.991291179,34600.127659344,38.3330078125,38.3330078125,0,,0
3836,GF-5-CAM-25,34600.528238451,34600.53122865,34600.666519356,38.3330078125,38.3330078125,0,,0
3838,GF-5-CAM-25,34601.107795246,34601.112352129,34601.276824725,38.3330078125,38.3330078125,0,,0
3840,GF-5-CAM-25,34601.780394134,34601.782813502,34601.923233328,38.3330078125,38.3330078125,0,,0
3842,GF-5-CAM-25,34602.284283485,34602.286477951,34602.42995171,38.3330078125,38.3330078125,0,,0
3844,GF-5-CAM-25,34602.849525877,34602.852437242,34602.993668662,38.3330078125,38.3330078125,0,,0
3846,GF-5-CAM-25,34603.316782343,34603.323164639,34603.471158542,38.3330078125,38.3330078125,0,,0
3848,GF-5-CAM-25,34603.871485904,34603.873971235,34603.989608282,38.3330078125,38.3330078125,0,,0
3850,GF-5-CAM-25,34604.479800941,34604.517168082,34604.703231462,38.3330078125,38.3330078125,0,,0
3852,GF-5-CAM-25,34605.305221071,34605.313421381,34605.410418275,38.3330078125,38.3330078125,0,,0
3854,GF-5-CAM-25,34605.805936039,34605.807780351,34606.054239678,38.3330078125,38.3330078125,0,,0
3856,GF-5-CAM-25,34606.529849075,34606.531556947,34606.67872338,38.3330078125,38.3330078125,0,,0
3858,GF-5-CAM-25,34607.083923818,34607.086368968,34607.205989953,38.3330078125,38.3330078125,0,,0
3860,GF-5-CAM-25,34607.643312055,34607.646184022,34607.810829172,38.3330078125,38.3330078125,0,,0
3862,GF-5-CAM-25,34608.20279868,34608.205069053,34608.3261456,38.3330078125,38.3330078125,0,,0
3864,GF-5-CAM-25,34608.74749394,34608.751907772,34608.861162038,38.3330078125,38.3330078125,0,,0
3866,GF-5-CAM-25,34609.264469704,34609.266478246,34609.352439852,38.3330078125,38.3330078125,0,,0
3868,GF-5-CAM-25,34609.790021268,34609.791676824,34609.975473234,38.3330078125,38.3330078125,0,,0
3870,GF-5-CAM-25,34610.340797731,34610.343937385,34610.4589221,38.3330078125,38.3330078125,0,,0
3872,GF-5-CAM-25,34610.886340696,34610.892259641,34611.067083119,38.3330078125,38.3330078125,0,,0
3874,GF-5-CAM-25,34611.445106821,34611.448476065,34611.602269828,38.3330078125,38.3330078125,0,,0
3876,GF-5-CAM-25,34612.037530407,34612.039116956,34612.158821288,38.3330078125,38.3330078125,0,,0
3878,GF-5-CAM-25,34612.581326603,34612.585624468,34612.717369324,38.3330078125,38.3330078125,0,,0
3880,GF-5-CAM-25,34613.100506586,34613.102234672,34613.238685365,38.3330078125,38.3330078125,0,,0
3882,GF-5-CAM-25,34613.65928324,34613.660987596,34613.774223545,38.3330078125,38.3330078125,0,,0
3884,GF-5-CAM-25,34614.210226312,34614.212037776,34614.362534145,38.3330078125,38.3330078125,0,,0
3886,GF-5-CAM-25,34614.831351549,34614.836072216,34614.967579813,38.3330078125,38.3330078125,0,,0
3888,GF-5-CAM-25,34615.34947141,34615.352105135,34615.53320576,38.3330078125,38.3330078125,0,,0
3890,GF-5-CAM-25,34615.919897842,34615.922057871,34616.016733246,38.3330078125,38.3330078125,0,,0
3892,GF-5-CAM-25,34616.382307264,34616.390751697,34616.518941972,38.3330078125,38.3330078125,0,,0
3894,GF-5-CAM-25,34616.906643108,34616.909253228,34617.078145175,38.3330078125,38.3330078125,0,,0
3896,GF-5-CAM-25,34617.452253488,34617.455393794,34617.599046098,38.3330078125,38.3330078125,0,,0
3898,GF-5-CAM-25,34617.924099267,34617.928124382,34618.103402004,38.3330078125,38.3330078125,0,,0
3900,GF-5-CAM-25,34618.601881202,34618.604737196,34618.77319721,38.3330078125,38.3330078125,0,,0
3902,GF-5-CAM-25,34619.194266433,34619.198168571,34619.373562757,38.3330078125,38.3330078125,0,,0
3904,GF-5-CAM-25,34619.773470999,34619.776047369,34619.934181544,38.3330078125,38.3330078125,0,,0
3906,GF-5-CAM-25,34620.242992785,34620.245422963,34620.322676797,38.3330078125,38.3330078125,0,,0
3908,GF-5-CAM-25,34620.731479537,34620.732987129,34620.83068826,38.3330078125,38.3330078125,0,,0
3910,GF-5-CAM-25,34621.211173937,34621.213361431,34621.354663317,38.3330078125,38.3330078125,0,,0
3912,GF-5-CAM-25,34621.744059777,34621.752951006,34621.860077218,38.3330078125,38.3330078125,0,,0
3914,GF-5-CAM-25,34622.210535488,34622.213239337,34622.339679239,38.3330078125,38.3330078125,0,,0
3916,GF-5-CAM-25,34622.73261374,34622.735288231,34622.912675494,38.3330078125,38.3330078125,0,,0
3918,GF-5-CAM-25,34623.403124668,34623.405979905,34623.581880496,38.3330078125,38.3330078125,0,,0
3920,GF-5-CAM-25,34623.99587944,34623.999589504,34624.125401109,38.3330078125,38.3330078125,0,,0
3922,GF-5-CAM-25,34624.501393091,34624.504817392,34624.666962438,38.3330078125,38.3330078125,0,,0
3924,GF-5-CAM-25,34625.125696054,34625.128693251,34625.286280245,38.3330078125,38.3330078125,0,,0
3926,GF-5-CAM-25,34625.704488519,34625.709600876,34625.813362851,38.3330078125,38.3330078125,0,,0
3928,GF-5-CAM-25,34626.239499702,34626.242159762,34626.320605266,38.3330078125,38.3330078125,0,,0
3930,GF-5-CAM-25,34626.736128018,34626.739460531,34626.886043783,38.3330078125,38.3330078125,0,,0
3932,GF-5-CAM-25,34627.377953265,34627.38123468,34627.571942935,38.3330078125,38.3330078125,0,,0
3934,GF-5-CAM-25,34627.912938294,34627.916594145,34628.056503712,38.3330078125,38.3330078125,0,,0
3936,GF-5-CAM-25,34628.423869006,34628.425374105,34628.551638262,38.3330078125,38.3330078125,0,,0
3938,GF-5-CAM-25,34629.038199591,34629.040882092,34629.163514218,38.3330078125,38.3330078125,0,,0
3940,GF-5-CAM-25,34629.533508372,34629.539622498,34629.677132867,38.3330078125,38.3330078125,0,,0
3942,GF-5-CAM-25,34630.086368568,34630.090680387,34630.329818451,38.3330078125,38.3330078125,0,,0
3944,GF-5-CAM-25,34630.769248015,34630.771199466,34630.874682264,38.3330078125,38.3330078125,0,,0
3946,GF-5-CAM-25,34631.209758495,34631.212736422,34631.293373832,38.3330078125,38.3330078125,0,,0
3948,GF-5-CAM-25,34631.798319061,34631.80119382,34631.96245747,38.3330078125,38.3330078125,0,,0
3950,GF-5-CAM-25,34632.399378067,34632.402241584,34632.497864175,38.3330078125,38.3330078125,0,,0
3952,GF-5-CAM-25,34632.878654229,34632.880677939,34633.040437228,38.3330078125,38.3330078125,0,,0
3954,GF-5-CAM-25,34633.457064996,34633.458834864,34633.594986083,38.3330078125,38.3330078125,0,,0
3956,GF-5-CAM-25,34633.970344845,34633.973099577,34634.12239187,38.3330078125,38.3330078125,0,,0
3958,GF-5-CAM-25,34634.49828984,34634.500310132,34634.604855762,38.3330078125,38.3330078125,0,,0
3960,GF-5-CAM-25,34634.997507677,34635.000267016,34635.106613391,38.3330078125,38.3330078125,0,,0
3962,GF-5-CAM-25,34635.503423923,34635.505017641,34635.592555188,38.3330078125,38.3330078125,0,,0
3964,GF-5-CAM-25,34635.960416642,34635.96180706,34636.034209107,38.3330078125,38.3330078125,0,,0
3966,GF-5-CAM-25,34636.463448073,34636.465283899,34636.628265079,38.3330078125,38.3330078125,0,,0
3968,GF-5-CAM-25,34637.010380673,34637.012262687,34637.170772729,38.3330078125,38.3330078125,0,,0
3970,GF-5-CAM-25,34637.62244303,34637.623786796,34637.756743805,38.3330078125,38.3330078125,0,,0
3972,GF-5-CAM-25,34638.26616366,34638.269960801,34638.449692926,38.3330078125,38.3330078125,0,,0
3974,GF-5-CAM-25,34638.96970876,34638.985481119,34639.139607573,38.3330078125,38.3330078125,0,,0
3976,GF-5-CAM-25,34639.538536542,34639.540497914,34639.697113535,38.3330078125,38.3330078125,0,,0
3978,GF-5-CAM-25,34640.094068323,34640.100086508,34640.235340134,38.3330078125,38.3330078125,0,,0
3980,GF-5-CAM-25,34640.566868063,34640.568240674,34640.728211197,38.3330078125,38.3330078125,0,,0
3982,GF-5-CAM-25,34641.100090346,34641.102177899,34641.196100166,38.3330078125,38.3330078125,0,,0
3984,GF-5-CAM-25,34641.539592456,34641.542540405,34641.682483616,38.3330078125,38.3330078125,0,,0
3986,GF-5-CAM-25,34642.053267768,34642.056528517,34642.176917173,38.3330078125,38.3330078125,0,,0
3988,GF-5-CAM-25,34642.497808526,34642.500082458,34642.640855907,38.3330078125,38.3330078125,0,,0
3990,GF-5-CAM-25,34643.067954269,34643.069577791,34643.178828718,38.3330078125,38.3330078125,0,,0
3992,GF-5-CAM-25,34643.560688384,34643.563108736,34643.650061482,38.3330078125,38.3330078125,0,,0
3994,GF-5-CAM-25,34644.006244923,34644.008356808,34644.200596184,38.3330078125,38.3330078125,0,,0
3996,GF-5-CAM-25,34644.675827,34644.678536894,34644.904864601,38.3330078125,38.3330078125,0,,0
3998,GF-5-CAM-25,34645.282423641,34645.283861354,34645.388792954,38.3330078125,38.3330078125,0,,0
4000,GF-5-CAM-25,34645.793834173,34645.795750532,34645.946865561,38.3330078125,38.3330078125,0,,0
4002,GF-5-CAM-25,34646.269622498,34646.271761244,34646.407888937,38.3330078125,38.3330078125,0,,0
4004,GF-5-CAM-25,34646.759110211,34646.76206924,34646.910143,38.3330078125,38.3330078125,0,,0
4006,GF-5-CAM-25,34647.276382101,34647.278122747,34647.416191993,38.3330078125,38.3330078125,0,,0
4008,GF-5-CAM-25,34647.809516334,34647.811284506,34647.962783847,38.3330078125,38.3330078125,0,,0
4010,GF-5-CAM-25,34648.354261121,34648.357503772,34648.514774145,38.3330078125,38.3330078125,0,,0
4012,GF-5-CAM-25,34648.950907178,34648.954990818,34649.061692722,38.3330078125,38.3330078125,0,,0
4014,GF-5-CAM-25,34649.506142473,34649.507824846,34649.697130201,38.3330078125,38.3330078125,0,,0
4016,GF-5-CAM-25,34650.12138257,34650.123278109,34650.303271718,38.3330078125,38.3330078125,0,,0
4018,GF-5-CAM-25,34650.677028896,34650.683479814,34650.846305442,38.3330078125,38.3330078125,0,,0
4020,GF-5-CAM-25,34651.329230106,34651.333408375,34651.547473416,38.3330078125,38.3330078125,0,,0
4022,GF-5-CAM-25,34652.051410033,34652.053449667,34652.256553016,38.3330078125,38.3330078125,0,,0
4024,GF-5-CAM-25,34652.705103846,34652.707076787,34652.910521584,38.3330078125,38.3330078125,0,,0
4026,GF-5-CAM-25,34653.289067986,34653.292069645,34653.393983536,38.3330078125,38.3330078125,0,,0
4028,GF-5-CAM-25,34653.8407261,34653.842824906,34653.97524231,38.3330078125,38.3330078125,0,,0
4030,GF-5-CAM-25,34654.463369707,34654.465323254,34654.564870906,38.3330078125,38.3330078125,0,,0
4032,GF-5-CAM-25,34655.075107897,34655.078431701,34655.300824885,38.3330078125,38.3330078125,0,,0
4034,GF-5-CAM-25,34655.707179436,34655.7095938,34655.888731962,38.3330078125,38.3330078125,0,,0
4036,GF-5-CAM-25,34656.308440314,34656.342262076,34656.471465342,38.3330078125,38.3330078125,0,,0
4038,GF-5-CAM-25,34656.899071555,34656.901764702,34657.009409894,38.3330078125,38.3330078125,0,,0
4040,GF-5-CAM-25,34657.39588862,34657.398552254,34657.495116099,38.3330078125,38.3330078125,0,,0
4042,GF-5-CAM-25,34658.020467608,34658.024735013,34658.092673055,38.3330078125,38.3330078125,0,,0
4044,GF-5-CAM-25,34658.43662832,34658.439486883,34658.552526351,38.3330078125,38.3330078125,0,,0
4046,GF-5-CAM-25,34658.97698564,34658.981036797,34659.09859616,38.3330078125,38.3330078125,0,,0
4048,GF-5-CAM-25,34659.48039463,34659.485079323,34659.589225308,38.3330078125,38.3330078125,0,,0
4050,GF-5-CAM-25,34659.9988941,34660.001873485,34660.093936113,38.3330078125,38.3330078125,0,,0
4052,GF-5-CAM-25,34660.510033392,34660.511925227,34660.661926264,38.3330078125,38.3330078125,0,,0
4054,GF-5-CAM-25,34661.032466739,34661.036744832,34661.148653801,38.3330078125,38.3330078125,0,,0
4056,GF-5-CAM-25,34661.6027005,34661.604956547,34661.781988207,38.3330078125,38.3330078125,0,,0
4058,GF-5-CAM-25,34662.207142131,34662.208387378,34662.275426691,38.3330078125,38.3330078125,0,,0
4060,GF-5-CAM-25,34662.670896894,34662.673597992,34662.84698083,38.3330078125,38.3330078125,0,,0
4062,GF-5-CAM-25,34663.228015487,34663.231804814,34663.370315293,38.3330078125,38.3330078125,0,,0
4064,GF-5-CAM-25,34663.764083568,34663.765871049,34663.873667519,38.3330078125,38.3330078125,0,,0
4066,GF-5-CAM-25,34664.339732578,34664.342028329,34664.471255027,38.3330078125,38.3330078125,0,,0
4068,GF-5-CAM-25,34664.837209369,34664.84075782,34664.975421265,38.3330078125,38.3330078125,0,,0
4070,GF-5-CAM-25,34665.377510431,34665.382728984,34665.505943324,38.3330078125,38.3330078125,0,,0
4072,GF-5-CAM-25,34665.847207233,34665.848689578,34666.004418737,38.3330078125,38.3330078125,0,,0
4074,GF-5-CAM-25,34666.39958578,34666.401967168,34666.524292687,38.3330078125,38.3330078125,0,,0
4076,GF-5-CAM-25,34666.904235745,34666.906329996,34667.015124641,38.3330078125,38.3330078125,0,,0
4078,GF-5-CAM-25,34667.376953306,34667.378716603,34667.49867322,38.3330078125,38.3330078125,0,,0
4080,GF-5-CAM-25,34667.996649316,34667.998872483,34668.158672719,38.3330078125,38.3330078125,0,,0
4082,GF-5-CAM-25,34668.539058257,34668.542839166,34668.72209884,38.3330078125,38.3330078125,0,,0
4084,GF-5-CAM-25,34669.092513124,34669.095322334,34669.244574763,38.3330078125,38.3330078125,0,,0
4086,GF-5-CAM-25,34669.566164455,34669.569119571,34669.808663814,38.3330078125,38.3330078125,0,,0
4088,GF-5-CAM-25,34670.214115204,34670.21770486,34670.382476476,38.3330078125,38.3330078125,0,,0
4090,GF-5-CAM-25,34670.829363278,34670.831731606,34671.007549765,38.3330078125,38.3330078125,0,,0
4092,GF-5-CAM-25,34671.333966755,34671.336711317,34671.43553428,38.3330078125,38.3330078125,0,,0
4094,GF-5-CAM-25,34671.830811129,34671.833456072,34671.986883385,38.3330078125,38.3330078125,0,,0
4096,GF-5-CAM-25,34672.343618459,34672.346234217,34672.465987273,38.3330078125,38.3330078125,0,,0
4098,GF-5-CAM-25,34672.831523308,34672.849718103,34672.938691565,38.3330078125,38.3330078125,0,,0
4100,GF-5-CAM-25,34673.382658623,34673.386352168,34673.556693033,38.3330078125,38.3330078125,0,,0
4102,GF-5-CAM-25,34673.940704337,34673.943697993,34674.081202517,38.3330078125,38.3330078125,0,,0
4104,GF-5-CAM-25,34674.515977506,34674.518756994,34674.616117162,38.3330078125,38.3330078125,0,,0
4106,GF-5-CAM-25,34674.991880411,34674.993632735,34675.131755025,38.3330078125,38.3330078125,0,,0
4108,GF-5-CAM-25,34675.486618287,34675.489892149,34675.616037324,38.3330078125,38.3330078125,0,,0
4110,GF-5-CAM-25,34675.975098916,34675.977430613,34676.13946744,38.3330078125,38.3330078125,0,,0
4112,GF-5-CAM-25,34676.477847319,34676.480117774,34676.591482815,38.3330078125,38.3330078125,0,,0
4114,GF-5-CAM-25,34677.017587751,34677.022084366,34677.217727596,38.3330078125,38.3330078125,0,,0
4116,GF-5-CAM-25,34677.631329864,34677.633433503,34677.744236389,38.3330078125,38.3330078125,0,,0
4118,GF-5-CAM-25,34678.178893112,34678.181282388,34678.319519941,38.3330078125,38.3330078125,0,,0
4120,GF-5-CAM-25,34678.711752452,34678.714716743,34678.85488652,38.3330078125,38.3330078125,0,,0
4122,GF-5-CAM-25,34679.298452424,34679.304269827,34679.427029199,38.3330078125,38.3330078125,0,,0
4124,GF-5-CAM-25,34679.945894883,34679.951096392,34680.147740104,38.3330078125,38.3330078125,0,,0
4126,GF-5-CAM-25,34680.585075056,34680.586980109,34680.756624423,38.3330078125,38.3330078125,0,,0
4128,GF-5-CAM-25,34681.131482913,34681.133925081,34681.256929868,38.3330078125,38.3330078125,0,,0
4130,GF-5-CAM-25,34681.619072449,34681.621842072,34681.750216944,38.3330078125,38.3330078125,0,,0
4132,GF-5-CAM-25,34682.09794528,34682.101440307,34682.233179907,38.3330078125,38.3330078125,0,,0
4134,GF-5-CAM-25,34682.567485366,34682.569894279,34682.644290654,38.3330078125,38.3330078125,0,,0
4136,GF-5-CAM-25,34682.976128863,34682.977793868,34683.080890146,38.3330078125,38.3330078125,0,,0
4138,GF-5-CAM-25,34683.46475366,34683.46713482,34683.589277078,38.3330078125,38.3330078125,0,,0
4140,GF-5-CAM-25,34683.989971923,34683.993991685,34684.118863209,38.3330078125,38.3330078125,0,,0
4142,GF-5-CAM-25,34684.451718012,34684.453264366,34684.578224409,38.3330078125,38.3330078125,0,,0
4144,GF-5-CAM-25,34685.010604099,34685.013663075,34685.204972367,38.3330078125,38.3330078125,0,,0
4146,GF-5-CAM-25,34685.626024251,34685.628615036,34685.766620235,38.3330078125,38.3330078125,0,,0
4148,GF-5-CAM-25,34686.115224945,34686.118271743,34686.260982541,38.3330078125,38.3330078125,0,,0
4150,GF-5-CAM-25,34686.656261185,34686.659376387,34686.795151373,38.3330078125,38.3330078125,0,,0
4152,GF-5-CAM-25,34687.143735111,34687.153502397,34687.342663686,38.3330078125,38.3330078125,0,,0
4154,GF-5-CAM-25,34687.810350116,34687.812677563,34687.944138086,38.3330078125,38.3330078125,0,,0
4156,GF-5-CAM-25,34688.347812199,34688.349125002,34688.461697389,38.3330078125,38.3330078125,0,,0
4158,GF-5-CAM-25,34688.869097101,34688.872187366,34688.959465543,38.3330078125,38.3330078125,0,,0
4160,GF-5-CAM-25,34689.360054751,34689.363079186,34689.607219331,38.3330078125,38.3330078125,0,,0
4162,GF-5-CAM-25,34690.003660323,34690.005715728,34690.151096367,38.3330078125,38.3330078125,0,,0
4164,GF-5-CAM-25,34690.539132903,34690.541830815,34690.666051012,38.3330078125,38.3330078125,0,,0
4166,GF-5-CAM-25,34691.064893755,34691.067190642,34691.228435598,38.3330078125,38.3330078125,0,,0
4168,GF-5-CAM-25,34691.605570548,34691.608720105,34691.753078679,38.3330078125,38.3330078125,0,,0
4170,GF-5-CAM-25,34692.150305966,34692.155456403,34692.287856497,38.3330078125,38.3330078125,0,,0
4172,GF-5-CAM-25,34692.75480978,34692.75866974,34692.869622473,38.3330078125,38.3330078125,0,,0
4174,GF-5-CAM-25,34693.264484393,34693.266560894,34693.402966366,38.3330078125,38.3330078125,0,,0
4176,GF-5-CAM-25,34693.788874102,34693.7911781,34693.907739218,38.3330078125,38.3330078125,0,,0
4178,GF-5-CAM-25,34694.309593054,34694.313534931,34694.429978945,38.3330078125,38.3330078125,0,,0
4180,GF-5-CAM-25,34694.848927634,34694.851193685,34695.039607225,38.3330078125,38.3330078125,0,,0
4182,GF-5-CAM-25,34695.459170204,34695.460730272,34695.605215722,38.3330078125,38.3330078125,0,,0
4184,GF-5-CAM-25,34695.938188552,34695.942537469,34696.040106536,38.3330078125,38.3330078125,0,,0
4186,GF-5-CAM-25,34696.440264475,34696.444069625,34696.580591319,38.3330078125,38.3330078125,0,,0
4188,GF-5-CAM-25,34696.956072975,34696.957750585,34697.056557521,38.3330078125,38.3330078125,0,,0
4190,GF-5-CAM-25,34697.457829769,34697.460687599,34697.639832101,38.3330078125,38.3330078125,0,,0
4192,GF-5-CAM-25,34698.061186548,34698.063364506,34698.175047821,38.3330078125,38.3330078125,0,,0
4194,GF-5-CAM-25,34698.53279338,34698.535578582,34698.634657505,38.3330078125,38.3330078125,0,,0
4196,GF-5-CAM-25,34699.02881623,34699.030910149,34699.158645366,38.3330078125,38.3330078125,0,,0
4198,GF-5-CAM-25,34699.586355881,34699.589104587,34699.724813387,38.3330078125,38.3330078125,0,,0
4200,GF-5-CAM-25,34700.057764817,34700.059378682,34700.190442244,38.3330078125,38.3330078125,0,,0
4202,GF-5-CAM-25,34700.582158021,34700.590383276,34700.775955281,38.3330078125,38.3330078125,0,,0
4204,GF-5-CAM-25,34701.194252424,34701.195873884,34701.336801505,38.3330078125,38.3330078125,0,,0
4206,GF-5-CAM-25,34701.738695941,34701.741074395,34701.897847672,38.3330078125,38.3330078125,0,,0
4208,GF-5-CAM-25,34702.21069063,34702.213605577,34702.355455751,38.3330078125,38.3330078125,0,,0
4210,GF-5-CAM-25,34702.742599258,34702.74613212,34702.923899873,38.3330078125,38.3330078125,0,,0
4212,GF-5-CAM-25,34703.340672984,34703.342798955,34703.49191535,38.3330078125,38.3330078125,0,,0
4214,GF-5-CAM-25,34703.941279809,34703.945528312,34704.08259187,38.3330078125,38.3330078125,0,,0
4216,GF-5-CAM-25,34704.571285277,34704.573337193,34704.684118597,38.3330078125,38.3330078125,0,,0
4218,GF-5-CAM-25,34705.068536994,34705.072069142,34705.198218582,38.3330078125,38.3330078125,0,,0
4220,GF-5-CAM-25,34705.588315537,34705.590685691,34705.755257564,38.3330078125,38.3330078125,0,,0
4222,GF-5-CAM-25,34706.019046226,34706.022577893,34706.125535165,38.3330078125,38.3330078125,0,,0
4224,GF-5-CAM-25,34706.383490693,34706.385150464,34706.516973204,38.3330078125,38.3330078125,0,,0
4226,GF-5-CAM-25,34706.899482446,34706.902520345,34707.072695419,38.3330078125,38.3330078125,0,,0
4228,GF-5-CAM-25,34707.363630251,34707.365616103,34707.510231402,38.3330078125,38.3330078125,0,,0
4230,GF-5-CAM-25,34707.841633643,34707.843269165,34708.062855097,38.3330078125,38.3330078125,0,,0
4232,GF-5-CAM-25,34708.495161969,34708.496879141,34708.614214934,38.3330078125,38.3330078125,0,,0
4234,GF-5-CAM-25,34708.956138159,34708.959228465,34709.128216674,38.3330078125,38.3330078125,0,,0
4236,GF-5-CAM-25,34709.516401675,34709.517927286,34709.647787671,38.3330078125,38.3330078125,0,,0
4238,GF-5-CAM-25,34710.021304729,34710.023871603,34710.156030802,38.3330078125,38.3330078125,0,,0
4240,GF-5-CAM-25,34710.562452024,34710.566796931,34710.687439243,38.3330078125,38.3330078125,0,,0
4242,GF-5-CAM-25,34711.088072473,34711.089836908,34711.214751228,38.3330078125,38.3330078125,0,,0
4244,GF-5-CAM-25,34711.616041547,34711.61812227,34711.707735682,38.3330078125,38.3330078125,0,,0
4246,GF-5-CAM-25,34712.072331485,34712.076174803,34712.230370725,38.3330078125,38.3330078125,0,,0
4248,GF-5-CAM-25,34712.624095338,34712.626993017,34712.809816415,38.3330078125,38.3330078125,0,,0
4250,GF-5-CAM-25,34713.326668586,34713.328584491,34713.439909668,38.3330078125,38.3330078125,0,,0
4252,GF-5-CAM-25,34713.904787747,34713.908609853,34714.03360176,38.3330078125,38.3330078125,0,,0
4254,GF-5-CAM-25,34714.410831324,34714.414561695,34714.538955422,38.3330078125,38.3330078125,0,,0
4256,GF-5-CAM-25,34714.957139797,34714.967198639,34715.126472052,38.3330078125,38.3330078125,0,,0
4258,GF-5-CAM-25,34715.573439763,34715.5787237,34715.672541459,38.3330078125,38.3330078125,0,,0
4260,GF-5-CAM-25,34716.111908779,34716.114428775,34716.236400415,38.3330078125,38.3330078125,0,,0
4262,GF-5-CAM-25,34716.598087545,34716.602334277,34716.750140345,38.3330078125,38.3330078125,0,,0
4264,GF-5-CAM-25,34717.122217056,34717.138410106,34717.305397497,38.3330078125,38.3330078125,0,,0
4266,GF-5-CAM-25,34717.740803254,34717.752755333,34717.906805386,38.3330078125,38.3330078125,0,,0
4268,GF-5-CAM-25,34718.330825517,34718.333378135,34718.520931228,38.3330078125,38.3330078125,0,,0
4270,GF-5-CAM-25,34718.896521416,34718.897752337,34719.024631438,38.3330078125,38.3330078125,0,,0
4272,GF-5-CAM-25,34719.438460032,34719.440540162,34719.560540665,38.3330078125,38.3330078125,0,,0
4274,GF-5-CAM-25,34719.936432812,34719.939353153,34720.071987001,38.3330078125,38.3330078125,0,,0
4276,GF-5-CAM-25,34720.46994231,34720.472042923,34720.567749262,38.3330078125,38.3330078125,0,,0
4278,GF-5-CAM-25,34720.841142559,34720.842860209,34720.992677053,38.3330078125,38.3330078125,0,,0
4280,GF-5-CAM-25,34721.336323368,34721.337978222,34721.489994413,38.3330078125,38.3330078125,0,,0
4282,GF-5-CAM-25,34721.824303139,34721.82651056,34721.906266884,38.3330078125,38.3330078125,0,,0
4284,GF-5-CAM-25,34722.26420725,34722.265995547,34722.406264864,38.3330078125,38.3330078125,0,,0
4286,GF-5-CAM-25,34722.789868699,34722.792029119,34722.950849903,38.3330078125,38.3330078125,0,,0
4288,GF-5-CAM-25,34723.320238307,34723.321992003,34723.449583417,38.3330078125,38.3330078125,0,,0
4290,GF-5-CAM-25,34723.77479134,34723.777918008,34723.95438848,38.3330078125,38.3330078125,0,,0
4292,GF-5-CAM-25,34724.351822625,34724.353698218,34724.512541423,38.3330078125,38.3330078125,0,,0
4294,GF-5-CAM-25,34724.864814192,34724.869673943,34725.03098816,38.3330078125,38.3330078125,0,,0
4296,GF-5-CAM-25,34725.428713166,34725.430815363,34725.572892028,38.3330078125,38.3330078125,0,,0
4298,GF-5-CAM-25,34725.899081388,34725.901063369,34726.071912763,38.3330078125,38.3330078125,0,,0
4300,GF-5-CAM-25,34726.453423736,34726.455650284,34726.582421825,38.3330078125,38.3330078125,0,,0
4302,GF-5-CAM-25,34726.953522534,34726.957772966,34727.099458063,38.3330078125,38.3330078125,0,,0
4304,GF-5-CAM-25,34727.45635608,34727.459123306,34727.620665377,38.3330078125,38.3330078125,0,,0
4306,GF-5-CAM-25,34727.946363837,34727.950550868,34728.071223866,38.3330078125,38.3330078125,0,,0
4308,GF-5-CAM-25,34728.419824651,34728.422397315,34728.565939683,38.3330078125,38.3330078125,0,,0
4310,GF-5-CAM-25,34728.937223198,34728.940586481,34729.043453524,38.3330078125,38.3330078125,0,,0
4312,GF-5-CAM-25,34729.410689751,34729.413582617,34729.547213454,38.3330078125,38.3330078125,0,,0
4314,GF-5-CAM-25,34729.924546921,34729.928382737,34730.046779054,38.3330078125,38.3330078125,0,,0
4316,GF-5-CAM-25,34730.352800111,34730.356347679,34730.529455739,38.3330078125,38.3330078125,0,,0
4318,GF-5-CAM-25,34730.857351402,34730.859675942,34730.992771899,38.3330078125,38.3330078125,0,,0
4320,GF-5-CAM-25,34731.323773767,34731.327456825,34731.427994393,38.3330078125,38.3330078125,0,,0
4322,GF-5-CAM-25,34731.781335893,34731.783726485,34732.032796965,38.3330078125,38.3330078125,0,,0
4324,GF-5-CAM-25,34732.437351603,34732.443068459,34732.658702568,38.3330078125,38.3330078125,0,,0
4326,GF-5-CAM-25,34733.053148537,34733.062770267,34733.157783725,38.3330078125,38.3330078125,0,,0
4328,GF-5-CAM-25,34733.650043395,34733.654270309,34733.807904512,38.3330078125,38.3330078125,0,,0
4330,GF-5-CAM-25,34734.141197988,34734.14469852,34734.273758228,38.3330078125,38.3330078125,0,,0
4332,GF-5-CAM-25,34734.633070232,34734.635933481,34734.768747374,38.3330078125,38.3330078125,0,,0
4334,GF-5-CAM-25,34735.136621508,34735.138908009,34735.302718114,38.3330078125,38.3330078125,0,,0
4336,GF-5-CAM-25,34735.682160696,34735.68525692,34735.803962288,38.3330078125,38.3330078125,0,,0
4338,GF-5-CAM-25,34736.146253229,34736.149617345,34736.284393245,38.3330078125,38.3330078125,0,,0
4340,GF-5-CAM-25,34736.682921249,34736.686814667,34736.833707847,38.3330078125,38.3330078125,0,,0
4342,GF-5-CAM-25,34737.206031321,34737.209611413,34737.395736367,38.3330078125,38.3330078125,0,,0
4344,GF-5-CAM-25,34737.775503757,34737.778886026,34737.947578147,38.3330078125,38.3330078125,0,,0
4346,GF-5-CAM-25,34738.269759015,34738.272610621,34738.417967141,38.3330078125,38.3330078125,0,,0
4348,GF-5-CAM-25,34738.769681113,34738.773850943,34738.985238114,38.3330078125,38.3330078125,0,,0
4350,GF-5-CAM-25,34739.309966516,34739.312344046,34739.466227879,38.3330078125,38.3330078125,0,,0
4352,GF-5-CAM-25,34739.822812287,34739.825432163,34739.972815328,38.3330078125,38.3330078125,0,,0
4354,GF-5-CAM-25,34740.347596864,34740.353808149,34740.474151396,38.3330078125,38.3330078125,0,,0
4356,GF-5-CAM-25,34740.939983018,34740.941825405,34741.061131391,38.3330078125,38.3330078125,0,,0
4358,GF-5-CAM-25,34741.411173112,34741.412675225,34741.549361832,38.3330078125,38.3330078125,0,,0
4360,GF-5-CAM-25,34741.951886096,34741.957415501,34742.054746043,38.3330078125,38.3330078125,0,,0
4362,GF-5-CAM-25,34742.384746038,34742.388011973,34742.510535534,38.3330078125,38.3330078125,0,,0
4364,GF-5-CAM-25,34742.799338791,34742.800963413,34742.8706179,38.3330078125,38.3330078125,0,,0
4366,GF-5-CAM-25,34743.193303779,34743.196090711,34743.283095315,38.3330078125,38.3330078125,0,,0
4368,GF-5-CAM-25,34743.602030394,34743.604778106,34743.679416589,38.3330078125,38.3330078125,0,,0
4370,GF-5-CAM-25,34743.943185337,34743.946548693,34744.061368245,38.3330078125,38.3330078125,0,,0
4372,GF-5-CAM-25,34744.34980818,34744.351193121,34744.421248455,38.3330078125,38.3330078125,0,,0
4374,GF-5-CAM-25,34744.781151716,34744.78278215,34744.881617691,38.3330078125,38.3330078125,0,,0
4376,GF-5-CAM-25,34745.11105543,34745.112771794,34745.214806125,38.3330078125,38.3330078125,0,,0
4378,GF-5-CAM-25,34745.518286392,34745.520285679,34745.6235315,38.3330078125,38.3330078125,0,,0
4380,GF-5-CAM-25,34745.871932795,34745.873755464,34745.999416269,38.3330078125,38.3330078125,0,,0
4382,GF-5-CAM-25,34746.366856259,34746.368472614,34746.470420753,38.3330078125,38.3330078125,0,,0
4384,GF-5-CAM-25,34746.732480613,34746.734851102,34746.813983408,38.3330078125,38.3330078125,0,,0
4386,GF-5-CAM-25,34747.084314658,34747.086550702,34747.198333219,38.3330078125,38.3330078125,0,,0
4388,GF-5-CAM-25,34747.463719673,34747.472107329,34747.592650671,38.3330078125,38.3330078125,0,,0
4390,GF-5-CAM-25,34747.931953229,34747.9351584,34748.011757516,38.3330078125,38.3330078125,0,,0
4392,GF-5-CAM-25,34748.319952953,34748.321435326,34748.401020815,38.3330078125,38.3330078125,0,,0
4394,GF-5-CAM-25,34748.691102166,34748.692928071,34748.823355725,38.3330078125,38.3330078125,0,,0
4396,GF-5-CAM-25,34749.152818262,34749.156775377,34749.270449122,38.3330078125,38.3330078125,0,,0
4398,GF-5-CAM-25,34749.554423359,34749.556611057,34749.684248725,38.3330078125,38.3330078125,0,,0
4400,GF-5-CAM-25,34749.952214887,34749.955035044,34750.08066599,38.3330078125,38.3330078125,0,,0
4402,GF-5-CAM-25,34750.349902263,34750.354662783,34750.433658541,38.3330078125,38.3330078125,0,,0
4404,GF-5-CAM-25,34750.793176363,34750.795295156,34750.891812256,38.3330078125,38.3330078125,0,,0
4406,GF-5-CAM-25,34751.223543734,34751.225798527,34751.313810578,38.3330078125,38.3330078125,0,,0
4408,GF-5-CAM-25,34751.616045283,34751.619442415,34751.691467629,38.3330078125,38.3330078125,0,,0
4410,GF-5-CAM-25,34752.006120626,34752.009672336,34752.114396539,38.3330078125,38.3330078125,0,,0
4412,GF-5-CAM-25,34752.444732858,34752.447298455,34752.579237195,38.3330078125,38.3330078125,0,,0
4414,GF-5-CAM-25,34752.908663364,34752.910862323,34753.02536969,38.3330078125,38.3330078125,0,,0
4416,GF-5-CAM-25,34753.357834739,34753.359509968,34753.438699738,38.3330078125,38.3330078125,0,,0
4418,GF-5-CAM-25,34753.770490363,34753.772372217,34753.900065135,38.3330078125,38.3330078125,0,,0
4420,GF-5-CAM-25,34754.211407727,34754.214009889,34754.30157787,38.3330078125,38.3330078125,0,,0
4422,GF-5-CAM-25,34754.616255027,34754.618226232,34754.697280374,38.3330078125,38.3330078125,0,,0
4424,GF-5-CAM-25,34755.041433525,34755.050202225,34755.149700355,38.3330078125,38.3330078125,0,,0
4426,GF-5-CAM-25,34755.441601706,34755.444081611,34755.566296022,38.3330078125,38.3330078125,0,,0
4428,GF-5-CAM-25,34755.889663972,34755.892130268,34756.003921517,38.3330078125,38.3330078125,0,,0
4430,GF-5-CAM-25,34756.296752397,34756.303353325,34756.428514887,38.3330078125,38.3330078125,0,,0
4432,GF-5-CAM-25,34756.754583091,34756.756070141,34756.814842005,38.3330078125,38.3330078125,0,,0
4434,GF-5-CAM-25,34757.130442903,34757.13291762,34757.220943924,38.3330078125,38.3330078125,0,,0
4436,GF-5-CAM-25,34757.570620118,34757.572462792,34757.663050308,38.3330078125,38.3330078125,0,,0
4438,GF-5-CAM-25,34757.955617734,34757.95756137,34758.043902057,38.3330078125,38.3330078125,0,,0
4440,GF-5-CAM-25,34758.356965264,34758.358219911,34758.480972539,38.3330078125,38.3330078125,0,,0
4442,GF-5-CAM-25,34758.866030869,34758.867777418,34758.939407423,38.3330078125,38.3330078125,0,,0
4444,GF-5-CAM-25,34759.244783616,34759.246567812,34759.352549901,38.3330078125,38.3330078125,0,,0
4446,GF-5-CAM-25,34759.644264446,34759.647084165,34759.748206921,38.3330078125,38.3330078125,0,,0
4448,GF-5-CAM-25,34760.053538723,34760.05543938,34760.115433489,38.3330078125,38.3330078125,0,,0
4450,GF-5-CAM-25,34760.409566932,34760.411795759,34760.545278619,38.3330078125,38.3330078125,0,,0
4452,GF-5-CAM-25,34760.81851914,34760.821060315,34760.890758823,38.3330078125,38.3330078125,0,,0
4454,GF-5-CAM-25,34761.140486855,34761.141530463,34761.232404971,38.3330078125,38.3330078125,0,,0
4456,GF-5-CAM-25,34761.482411181,34761.485865004,34761.613822424,38.3330078125,38.3330078125,0,,0
4458,GF-5-CAM-25,34761.991879151,34761.993653027,34762.071212205,38.3330078125,38.3330078125,0,,0
4460,GF-5-CAM-25,34762.344597623,34762.347095241,34762.428422415,38.3330078125,38.3330078125,0,,0
4462,GF-5-CAM-25,34762.789799209,34762.792648305,34762.88801662,38.3330078125,38.3330078125,0,,0
4464,GF-5-CAM-25,34763.164317698,34763.166763093,34763.253710338,38.3330078125,38.3330078125,0,,0
4466,GF-5-CAM-25,34763.517128073,34763.51914702,34763.607553398,38.3330078125,38.3330078125,0,,0
4468,GF-5-CAM-25,34763.877614591,34763.881907658,34764.010048669,38.3330078125,38.3330078125,0,,0
4470,GF-5-CAM-25,34764.306879452,34764.309801897,34764.39356614,38.3330078125,38.3330078125,0,,0
4472,GF-5-CAM-25,34764.724363607,34764.72689843,34764.849389863,38.3330078125,38.3330078125,0,,0
4474,GF-5-CAM-25,34765.148989351,34765.151021145,34765.227505971,38.3330078125,38.3330078125,0,,0
4476,GF-5-CAM-25,34765.521276406,34765.52404439,34765.616242756,38.3330078125,38.3330078125,0,,0
4478,GF-5-CAM-25,34765.896316193,34765.897375964,34765.966588652,38.3330078125,38.3330078125,0,,0
4480,GF-5-CAM-25,34766.240133974,34766.250300095,34766.379609261,38.3330078125,38.3330078125,0,,0
4482,GF-5-CAM-25,34766.627314736,34766.629585674,34766.699477172,38.3330078125,38.3330078125,0,,0
4484,GF-5-CAM-25,34767.003162719,34767.005275168,34767.102643177,38.3330078125,38.3330078125,0,,0
4486,GF-5-CAM-25,34767.378250568,34767.380423935,34767.464573067,38.3330078125,38.3330078125,0,,0
4488,GF-5-CAM-25,34767.726451842,34767.727894538,34767.797693633,38.3330078125,38.3330078125,0,,0
4490,GF-5-CAM-25,34768.090142154,34768.091616713,34768.162399103,38.3330078125,38.3330078125,0,,0
4492,GF-5-CAM-25,34768.464695724,34768.471907963,34768.54282637,38.3330078125,38.3330078125,0,,0
4494,GF-5-CAM-25,34768.811966216,34768.815857798,34768.962478698,38.3330078125,38.3330078125,0,,0
4496,GF-5-CAM-25,34769.232306211,34769.235836667,34769.312202881,38.3330078125,38.3330078125,0,,0
4498,GF-5-CAM-25,34769.627387821,34769.632971112,34769.754779608,38.3330078125,38.3330078125,0,,0
4500,GF-5-CAM-25,34770.124618202,34770.126506681,34770.213393531,38.3330078125,38.3330078125,0,,0
4502,GF-5-CAM-25,34770.546345186,34770.54752418,34770.675316007,38.3330078125,38.3330078125,0,,0
4504,GF-5-CAM-25,34771.012220129,34771.016111626,34771.090605044,38.3330078125,38.3330078125,0,,0
4506,GF-5-CAM-25,34771.375790799,34771.3869235,34771.456900571,38.3330078125,38.3330078125,0,,0
4508,GF-5-CAM-25,34771.776290852,34771.77766804,34771.89380635,38.3330078125,38.3330078125,0,,0
4510,GF-5-CAM-25,34772.178853485,34772.184478495,34772.289064762,38.3330078125,38.3330078125,0,,0
4512,GF-5-CAM-25,34772.642542807,34772.645576196,34772.756107681,38.3330078125,38.3330078125,0,,0
4514,GF-5-CAM-25,34773.087599704,34773.089118844,34773.200436224,38.3330078125,38.3330078125,0,,0
4516,GF-5-CAM-25,34773.51772449,34773.519193112,34773.621648982,38.3330078125,38.3330078125,0,,0
4518,GF-5-CAM-25,34773.885790369,34773.889117913,34773.98584951,38.3330078125,38.3330078125,0,,0
4520,GF-5-CAM-25,34774.308870181,34774.311549173,34774.382848094,38.3330078125,38.3330078125,0,,0
4522,GF-5-CAM-25,34774.708319553,34774.710095829,34774.780503707,38.3330078125,38.3330078125,0,,0
4524,GF-5-CAM-25,34775.035339856,34775.037334991,34775.117017093,38.3330078125,38.3330078125,0,,0
4526,GF-5-CAM-25,34775.386544407,34775.388263934,34775.514273954,38.3330078125,38.3330078125,0,,0
4528,GF-5-CAM-25,34775.802577927,34775.817909996,34775.890481389,38.3330078125,38.3330078125,0,,0
4530,GF-5-CAM-25,34776.216258245,34776.219760979,34776.329947524,38.3330078125,38.3330078125,0,,0
4532,GF-5-CAM-25,34776.601642546,34776.603983728,34776.704023323,38.3330078125,38.3330078125,0,,0
4534,GF-5-CAM-25,34776.979235145,34776.980603099,34777.08609911,38.3330078125,38.3330078125,0,,0
4536,GF-5-CAM-25,34777.404069827,34777.405360059,34777.480339225,38.3330078125,38.3330078125,0,,0
4538,GF-5-CAM-25,34777.84986261,34777.854160989,34777.960573677,38.3330078125,38.3330078125,0,,0
4540,GF-5-CAM-25,34778.274103539,34778.27749061,34778.355669323,38.3330078125,38.3330078125,0,,0
4542,GF-5-CAM-25,34778.630178534,34778.632446724,34778.760120691,38.3330078125,38.3330078125,0,,0
4544,GF-5-CAM-25,34779.095516729,34779.097422028,34779.199435181,38.3330078125,38.3330078125,0,,0
4546,GF-5-CAM-25,34779.59579035,34779.597866317,34779.674522224,38.3330078125,38.3330078125,0,,0
4548,GF-5-CAM-25,34779.906398695,34779.907891883,34779.998057017,38.3330078125,38.3330078125,0,,0
4550,GF-5-CAM-25,34780.256682379,34780.258765061,34780.346485331,38.3330078125,38.3330078125,0,,0
4552,GF-5-CAM-25,34780.589263459,34780.591216705,34780.71915519,38.3330078125,38.3330078125,0,,0
4554,GF-5-CAM-25,34781.086731784,34781.088251155,34781.180145259,38.3330078125,38.3330078125,0,,0
4556,GF-5-CAM-25,34781.50476107,34781.507075495,34781.586072533,38.3330078125,38.3330078125,0,,0
4558,GF-5-CAM-25,34781.913868565,34781.915693226,34781.97772422,38.3330078125,38.3330078125,0,,0
4560,GF-5-CAM-25,34782.269995148,34782.27193171,34782.365226905,38.3330078125,38.3330078125,0,,0
4562,GF-5-CAM-25,34782.656956009,34782.659638051,34782.773249643,38.3330078125,38.3330078125,0,,0
4564,GF-5-CAM-25,34783.064468225,34783.076345365,34783.205237014,38.3330078125,38.3330078125,0,,0
4566,GF-5-CAM-25,34783.469090971,34783.471462676,34783.546435475,38.3330078125,38.3330078125,0,,0
4568,GF-5-CAM-25,34783.895815014,34783.897527408,34783.97330034,38.3330078125,38.3330078125,0,,0
4570,GF-5-CAM-25,34784.284452834,34784.285785712,34784.383671228,38.3330078125,38.3330078125,0,,0
4572,GF-5-CAM-25,34784.675756126,34784.677241934,34784.732510094,38.3330078125,38.3330078125,0,,0
4574,GF-5-CAM-25,34785.009380362,34785.01069544,34785.118417572,38.3330078125,38.3330078125,0,,0
4576,GF-5-CAM-25,34785.415562685,34785.417749411,34785.506586393,38.3330078125,38.3330078125,0,,0
4578,GF-5-CAM-25,34785.774122383,34785.775768602,34785.846472238,38.3330078125,38.3330078125,0,,0
4580,GF-5-CAM-25,34786.123701937,34786.12645255,34786.30592465,38.3330078125,38.3330078125,0,,0
4582,GF-5-CAM-25,34786.587485583,34786.591332398,34786.709166675,38.3330078125,38.3330078125,0,,0
4584,GF-5-CAM-25,34787.048918764,34787.050933378,34787.183662792,38.3330078125,38.3330078125,0,,0
4586,GF-5-CAM-25,34787.529087338,34787.530683846,34787.640281201,38.3330078125,38.3330078125,0,,0
4588,GF-5-CAM-25,34787.948909648,34787.951783019,34788.037139849,38.3330078125,38.3330078125,0,,0
4590,GF-5-CAM-25,34788.293280742,34788.294826061,34788.433614073,38.3330078125,38.3330078125,0,,0
4592,GF-5-CAM-25,34788.657458519,34788.659156388,34788.729780934,38.3330078125,38.3330078125,0,,0
4594,GF-5-CAM-25,34789.024288686,34789.026607998,34789.119729277,38.3330078125,38.3330078125,0,,0
4596,GF-5-CAM-25,34789.373499972,34789.388037796,34789.508088734,38.3330078125,38.3330078125,0,,0
4598,GF-5-CAM-25,34789.805076728,34789.807107397,34789.902571247,38.3330078125,38.3330078125,0,,0
4600,GF-5-CAM-25,34790.158416773,34790.161780416,34790.251025743,38.3330078125,38.3330078125,0,,0
4602,GF-5-CAM-25,34790.556838899,34790.558322281,34790.666999664,38.3330078125,38.3330078125,0,,0
4604,GF-5-CAM-25,34790.948057359,34790.95189913,34791.030900614,38.3330078125,38.3330078125,0,,0
4606,GF-5-CAM-25,34791.3273419,34791.328807296,34791.427028161,38.3330078125,38.3330078125,0,,0
4608,GF-5-CAM-25,34791.76731534,34791.769144431,34791.851994119,38.3330078125,38.3330078125,0,,0
4610,GF-5-CAM-25,34792.143216525,34792.145428847,34792.251240751,38.3330078125,38.3330078125,0,,0
4612,GF-5-CAM-25,34792.56471144,34792.567577117,34792.653241198,38.3330078125,38.3330078125,0,,0
4614,GF-5-CAM-25,34792.920829015,34792.922282716,34793.019705047,38.3330078125,38.3330078125,0,,0
4616,GF-5-CAM-25,34793.293562264,34793.295172625,34793.425465695,38.3330078125,38.3330078125,0,,0
4618,GF-5-CAM-25,34793.709428319,34793.712809855,34793.820763427,38.3330078125,38.3330078125,0,,0
4620,GF-5-CAM-25,34794.088539619,34794.091263851,34794.180103504,38.3330078125,38.3330078125,0,,0
4622,GF-5-CAM-25,34794.440505581,34794.444808128,34794.569840743,38.3330078125,38.3330078125,0,,0
4624,GF-5-CAM-25,34794.846884803,34794.849314219,34794.929578541,38.3330078125,38.3330078125,0,,0
4626,GF-5-CAM-25,34795.231240929,34795.232943611,34795.323579993,38.3330078125,38.3330078125,0,,0
4628,GF-5-CAM-25,34795.618184937,34795.620903462,34795.695177365,38.3330078125,38.3330078125,0,,0
4630,GF-5-CAM-25,34796.00942154,34796.01201637,34796.085944585,38.3330078125,38.3330078125,0,,0
4632,GF-5-CAM-25,34796.44558395,34796.44768019,34796.517410729,38.3330078125,38.3330078125,0,,0
4634,GF-5-CAM-25,34796.862778091,34796.865352119,34796.964989644,38.3330078125,38.3330078125,0,,0
4636,GF-5-CAM-25,34797.253183333,34797.254281024,34797.34220072,38.3330078125,38.3330078125,0,,0
4638,GF-5-CAM-25,34797.693151114,34797.695510168,34797.776358871,38.3330078125,38.3330078125,0,,0
4640,GF-5-CAM-25,34798.071727971,34798.073269834,34798.168138174,38.3330078125,38.3330078125,0,,0
4642,GF-5-CAM-25,34798.476174674,34798.478048453,34798.560689929,38.3330078125,38.3330078125,0,,0
4644,GF-5-CAM-25,34798.884790518,34798.89028351,34798.994427266,38.3330078125,38.3330078125,0,,0
4646,GF-5-CAM-25,34799.334284673,34799.339943235,34799.433844523,38.3330078125,38.3330078125,0,,0
4648,GF-5-CAM-25,34799.758821875,34799.760519097,34799.907883077,38.3330078125,38.3330078125,0,,0
4650,GF-5-CAM-25,34800.232050801,34800.233421056,34800.330883911,38.3330078125,38.3330078125,0,,0
4652,GF-5-CAM-25,34800.633747089,34800.634909695,34800.775774283,38.3330078125,38.3330078125,0,,0
4654,GF-5-CAM-25,34801.032412331,34801.033942387,34801.156363992,38.3330078125,38.3330078125,0,,0
4656,GF-5-CAM-25,34801.520165144,34801.521442329,34801.618644103,38.3330078125,38.3330078125,0,,0
4658,GF-5-CAM-25,34801.957531552,34801.966408186,34802.039939202,38.3330078125,38.3330078125,0,,0
4660,GF-5-CAM-25,34802.358354442,34802.359376738,34802.447549194,38.3330078125,38.3330078125,0,,0
4662,GF-5-CAM-25,34802.715122212,34802.716349113,34802.799448301,38.3330078125,38.3330078125,0,,0
4664,GF-5-CAM-25,34803.111120625,34803.1129081,34803.220279596,38.3330078125,38.3330078125,0,,0
4666,GF-5-CAM-25,34803.540851308,34803.543066266,34803.61871118,38.3330078125,38.3330078125,0,,0
4668,GF-5-CAM-25,34803.953252923,34803.955314096,34804.076219567,38.3330078125,38.3330078125,0,,0
4670,GF-5-CAM-25,34804.388554506,34804.391325323,34804.496273862,38.3330078125,38.3330078125,0,,0
4672,GF-5-CAM-25,34804.768793611,34804.770032415,34804.85046446,38.3330078125,38.3330078125,0,,0
4674,GF-5-CAM-25,34805.119806202,34805.122959515,34805.209857295,38.3330078125,38.3330078125,0,,0
4676,GF-5-CAM-25,34805.511635108,34805.513826899,34805.616820606,38.3330078125,38.3330078125,0,,0
4678,GF-5-CAM-25,34805.897964612,34805.900827017,34806.061944474,38.3330078125,38.3330078125,0,,0
4680,GF-5-CAM-25,34806.329410065,34806.332136471,34806.44211662,38.3330078125,38.3330078125,0,,0
4682,GF-5-CAM-25,34806.719889275,34806.721729557,34806.80460772,38.3330078125,38.3330078125,0,,0
4684,GF-5-CAM-25,34807.152963838,34807.155537612,34807.241328782,38.3330078125,38.3330078125,0,,0
4686,GF-5-CAM-25,34807.56923168,34807.570969061,34807.653605586,38.3330078125,38.3330078125,0,,0
4688,GF-5-CAM-25,34807.942056069,34807.943682769,34808.032251143,38.3330078125,38.3330078125,0,,0
4690,GF-5-CAM-25,34808.286070328,34808.28757149,34808.453880552,38.3330078125,38.3330078125,0,,0
4692,GF-5-CAM-25,34808.810095818,34808.811926858,34808.908980485,38.3330078125,38.3330078125,0,,0
4694,GF-5-CAM-25,34809.266615652,34809.268460476,34809.343869961,38.3330078125,38.3330078125,0,,0
4696,GF-5-CAM-25,34809.657643388,34809.659244088,34809.755835276,38.3330078125,38.3330078125,0,,0
4698,GF-5-CAM-25,34810.046262996,34810.051537663,34810.132236419,38.3330078125,38.3330078125,0,,0
4700,GF-5-CAM-25,34810.413074851,34810.421031455,34810.515886599,38.3330078125,38.3330078125,0,,0
4702,GF-5-CAM-25,34810.784121608,34810.785681407,34810.865413049,38.3330078125,38.3330078125,0,,0
4704,GF-5-CAM-25,34811.169864959,34811.172150457,34811.26036657,38.3330078125,38.3330078125,0,,0
4706,GF-5-CAM-25,34811.539719151,34811.542986985,34811.666065561,38.3330078125,38.3330078125,0,,0
4708,GF-5-CAM-25,34811.962130452,34811.963583247,34812.054511027,38.3330078125,38.3330078125,0,,0
4710,GF-5-CAM-25,34812.342545752,34812.345145619,34812.421070907,38.3330078125,38.3330078125,0,,0
4712,GF-5-CAM-25,34812.767869326,34812.769591187,34812.848899197,38.3330078125,38.3330078125,0,,0
4714,GF-5-CAM-25,34813.161401603,34813.162950502,34813.232229549,38.3330078125,38.3330078125,0,,0
4716,GF-5-CAM-25,34813.533448127,34813.537499864,34813.657050987,38.3330078125,38.3330078125,0,,0
4718,GF-5-CAM-25,34813.950900284,34813.952752412,34814.059875813,38.3330078125,38.3330078125,0,,0
4720,GF-5-CAM-25,34814.423400559,34814.425840976,34814.539781166,38.3330078125,38.3330078125,0,,0
4722,GF-5-CAM-25,34814.874555384,34814.876273979,34814.961463038,38.3330078125,38.3330078125,0,,0
4724,GF-5-CAM-25,34815.303391992,34815.305788345,34815.401421766,38.3330078125,38.3330078125,0,,0
4726,GF-5-CAM-25,34815.860634061,34815.86631408,34815.970392459,38.3330078125,38.3330078125,0,,0
4728,GF-5-CAM-25,34816.346527997,34816.348184315,34816.422734478,38.3330078125,38.3330078125,0,,0
4730,GF-5-CAM-25,34816.746712784,34816.748540874,34816.858096777,38.3330078125,38.3330078125,0,,0
4732,GF-5-CAM-25,34817.1348124,34817.137226966,34817.232098719,38.3330078125,38.3330078125,0,,0
4734,GF-5-CAM-25,34817.574079741,34817.577469146,34817.691885657,38.3330078125,38.3330078125,0,,0
4736,GF-5-CAM-25,34818.00049609,34818.002717016,34818.072114532,38.3330078125,38.3330078125,0,,0
4738,GF-5-CAM-25,34818.392030122,34818.393910694,34818.496526444,38.3330078125,38.3330078125,0,,0
4740,GF-5-CAM-25,34818.804537757,34818.807592996,34818.887389221,38.3330078125,38.3330078125,0,,0
4742,GF-5-CAM-25,34819.186572429,34819.18852547,34819.294790342,38.3330078125,38.3330078125,0,,0
4744,GF-5-CAM-25,34819.631506434,34819.641215392,34819.765851406,38.3330078125,38.3330078125,0,,0
4746,GF-5-CAM-25,34820.048330914,34820.05184329,34820.175057569,38.3330078125,38.3330078125,0,,0
4748,GF-5-CAM-25,34820.464251048,34820.466607199,34820.592112439,38.3330078125,38.3330078125,0,,0
4750,GF-5-CAM-25,34820.864071992,34820.865434778,34821.035123363,38.3330078125,38.3330078125,0,,0
4752,GF-5-CAM-25,34821.304810482,34821.30664812,34821.384556492,38.3330078125,38.3330078125,0,,0
4754,GF-5-CAM-25,34821.679054389,34821.682400137,34821.759271508,38.3330078125,38.3330078125,0,,0
4756,GF-5-CAM-25,34822.053554258,34822.055034333,34822.148596955,38.3330078125,38.3330078125,0,,0
4758,GF-5-CAM-25,34822.444996682,34822.447046398,34822.537383252,38.3330078125,38.3330078125,0,,0
4760,GF-5-CAM-25,34822.794800741,34822.797328611,34822.876045559,38.3330078125,38.3330078125,0,,0
4762,GF-5-CAM-25,34823.165658415,34823.172800956,34823.248547583,38.3330078125,38.3330078125,0,,0
4764,GF-5-CAM-25,34823.607749403,34823.60899883,34823.735048898,38.3330078125,38.3330078125,0,,0
4766,GF-5-CAM-25,34824.034523151,34824.037188144,34824.135985745,38.3330078125,38.3330078125,0,,0
4768,GF-5-CAM-25,34824.4483115,34824.451953921,34824.572893469,38.3330078125,38.3330078125,0,,0
4770,GF-5-CAM-25,34824.880193954,34824.881725758,34824.967305549,38.3330078125,38.3330078125,0,,0
4772,GF-5-CAM-25,34825.227270992,34825.228511466,34825.336746648,38.3330078125,38.3330078125,0,,0
4774,GF-5-CAM-25,34825.605510756,34825.60747732,34825.734732493,38.3330078125,38.3330078125,0,,0
4776,GF-5-CAM-25,34826.022397987,34826.024614788,34826.163097392,38.3330078125,38.3330078125,0,,0
4778,GF-5-CAM-25,34826.444683674,34826.446423351,34826.518687413,38.3330078125,38.3330078125,0,,0
4780,GF-5-CAM-25,34826.806165318,34826.807718733,34826.900946475,38.3330078125,38.3330078125,0,,0
4782,GF-5-CAM-25,34827.260330139,34827.261940718,34827.362891989,38.3330078125,38.3330078125,0,,0
4784,GF-5-CAM-25,34827.653040152,34827.655894242,34827.746306112,38.3330078125,38.3330078125,0,,0
4786,GF-5-CAM-25,34828.030890113,34828.034962519,34828.160941516,38.3330078125,38.3330078125,0,,0
4788,GF-5-CAM-25,34828.479335367,34828.481701103,34828.556526945,38.3330078125,38.3330078125,0,,0
4790,GF-5-CAM-25,34828.897375859,34828.899611831,34828.984457296,38.3330078125,38.3330078125,0,,0
4792,GF-5-CAM-25,34829.311112251,34829.314688275,34829.390408351,38.3330078125,38.3330078125,0,,0
4794,GF-5-CAM-25,34829.713064564,34829.715502352,34829.800301338,38.3330078125,38.3330078125,0,,0
4796,GF-5-CAM-25,34830.1082269,34830.110807933,34830.262323091,38.3330078125,38.3330078125,0,,0
4798,GF-5-CAM-25,34830.570876142,34830.574500467,34830.662737609,38.3330078125,38.3330078125,0,,0
4800,GF-5-CAM-25,34830.972227414,34830.973886121,34831.059354481,38.3330078125,38.3330078125,0,,0
4802,GF-5-CAM-25,34831.376881347,34831.379312393,34831.518357408,38.3330078125,38.3330078125,0,,0
4804,GF-5-CAM-25,34831.823637962,34831.825279945,34831.967064192,38.3330078125,38.3330078125,0,,0
4806,GF-5-CAM-25,34832.325074154,34832.328538467,34832.422515205,38.3330078125,38.3330078125,0,,0
4808,GF-5-CAM-25,34832.75434089,34832.758367375,34832.845933261,38.3330078125,38.3330078125,0,,0
4810,GF-5-CAM-25,34833.166166405,34833.16762515,34833.259378552,38.3330078125,38.3330078125,0,,0
4812,GF-5-CAM-25,34833.542845486,34833.544172611,34833.628263025,38.3330078125,38.3330078125,0,,0
4814,GF-5-CAM-25,34833.929717793,34833.932771832,34834.019038019,38.3330078125,38.3330078125,0,,0
4816,GF-5-CAM-25,34834.302623666,34834.30638888,34834.411926616,38.3330078125,38.3330078125,0,,0
4818,GF-5-CAM-25,34834.666774438,34834.668207002,34834.785716936,38.3330078125,38.3330078125,0,,0
4820,GF-5-CAM-25,34835.086757736,34835.088311345,34835.173676897,38.3330078125,38.3330078125,0,,0
4822,GF-5-CAM-25,34835.508647923,34835.510761525,34835.586260508,38.3330078125,38.3330078125,0,,0
4824,GF-5-CAM-25,34835.874124117,34835.887799453,34836.019013546,38.3330078125,38.3330078125,0,,0
4826,GF-5-CAM-25,34836.343689268,34836.345487049,34836.432986161,38.3330078125,38.3330078125,0,,0
4828,GF-5-CAM-25,34836.759272185,34836.76147308,34836.875294742,38.3330078125,38.3330078125,0,,0
4830,GF-5-CAM-25,34837.138834449,34837.142198464,34837.261295905,38.3330078125,38.3330078125,0,,0
4832,GF-5-CAM-25,34837.550359084,34837.551609538,34837.631842443,38.3330078125,38.3330078125,0,,0
4834,GF-5-CAM-25,34837.90431223,34837.90536811,34838.027269485,38.3330078125,38.3330078125,0,,0
4836,GF-5-CAM-25,34838.372354919,34838.37351515,34838.50666182,38.3330078125,38.3330078125,0,,0
4838,GF-5-CAM-25,34838.78888996,34838.791156187,34838.881637518,38.3330078125,38.3330078125,0,,0
4840,GF-5-CAM-25,34839.225393587,34839.228192248,34839.369854584,38.3330078125,38.3330078125,0,,0
4842,GF-5-CAM-25,34839.640364616,34839.641887277,34839.742561187,38.3330078125,38.3330078125,0,,0
4844,GF-5-CAM-25,34840.048532667,34840.051565631,34840.123162345,38.3330078125,38.3330078125,0,,0
4846,GF-5-CAM-25,34840.378914602,34840.381759753,34840.459203332,38.3330078125,38.3330078125,0,,0
4848,GF-5-CAM-25,34840.710728679,34840.713156168,34840.777577047,38.3330078125,38.3330078125,0,,0
4850,GF-5-CAM-25,34841.01054717,34841.012045699,34841.093493258,38.3330078125,38.3330078125,0,,0
4852,GF-5-CAM-25,34841.444971563,34841.446921801,34841.547856476,38.3330078125,38.3330078125,0,,0
4854,GF-5-CAM-25,34841.901037963,34841.903486229,34841.96976922,38.3330078125,38.3330078125,0,,0
4856,GF-5-CAM-25,34842.234333721,34842.236139298,34842.320937821,38.3330078125,38.3330078125,0,,0
4858,GF-5-CAM-25,34842.59202473,34842.594195406,34842.730467447,38.3330078125,38.3330078125,0,,0
4860,GF-5-CAM-25,34843.144108683,34843.149022215,34843.252959681,38.3330078125,38.3330078125,0,,0
4862,GF-5-CAM-25,34843.659721653,34843.662381221,34843.743658287,38.3330078125,38.3330078125,0,,0
4864,GF-5-CAM-25,34844.091106168,34844.093660254,34844.227822767,38.3330078125,38.3330078125,0,,0
4866,GF-5-CAM-25,34844.532596084,34844.546847925,34844.667441145,38.3330078125,38.3330078125,0,,0
4868,GF-5-CAM-25,34844.993527613,34844.996837649,34845.089109433,38.3330078125,38.3330078125,0,,0
4870,GF-5-CAM-25,34845.348735869,34845.352058909,34845.448765599,38.3330078125,38.3330078125,0,,0
4872,GF-5-CAM-25,34845.725704203,34845.727018624,34845.812765389,38.3330078125,38.3330078125,0,,0
4874,GF-5-CAM-25,34846.125989554,34846.127688402,34846.223069284,38.3330078125,38.3330078125,0,,0
4876,GF-5-CAM-25,34846.498377857,34846.500923006,34846.564973229,38.3330078125,38.3330078125,0,,0
4878,GF-5-CAM-25,34846.834086733,34846.836409801,34846.939678587,38.3330078125,38.3330078125,0,,0
4880,GF-5-CAM-25,34847.191593983,34847.193636198,34847.28973645,38.3330078125,38.3330078125,0,,0
4882,GF-5-CAM-25,34847.580943693,34847.582911605,34847.664424946,38.3330078125,38.3330078125,0,,0
4884,GF-5-CAM-25,34847.923330531,34847.924917172,34847.983737196,38.3330078125,38.3330078125,0,,0
4886,GF-5-CAM-25,34848.282248668,34848.283889635,34848.341920775,38.3330078125,38.3330078125,0,,0
4888,GF-5-CAM-25,34848.609023592,34848.611291222,34848.703985474,38.3330078125,38.3330078125,0,,0
4890,GF-5-CAM-25,34848.981681667,34848.984100731,34849.067334253,38.3330078125,38.3330078125,0,,0
4892,GF-5-CAM-25,34849.359116853,34849.360544028,34849.48480242,38.3330078125,38.3330078125,0,,0
4894,GF-5-CAM-25,34849.79138333,34849.794262298,34849.871560163,38.3330078125,38.3330078125,0,,0
4896,GF-5-CAM-25,34850.132267503,34850.134120181,34850.242795383,38.3330078125,38.3330078125,0,,0
4898,GF-5-CAM-25,34850.530931831,34850.532483536,34850.624871112,38.3330078125,38.3330078125,0,,0
4900,GF-5-CAM-25,34850.896485926,34850.898710877,34850.967970383,38.3330078125,38.3330078125,0,,0
4902,GF-5-CAM-25,34851.279061731,34851.280879827,34851.382857525,38.3330078125,38.3330078125,0,,0
4904,GF-5-CAM-25,34851.704849169,34851.707283095,34851.804912676,38.3330078125,38.3330078125,0,,0
4906,GF-5-CAM-25,34852.05945854,34852.060764289,34852.130403513,38.3330078125,38.3330078125,0,,0
4908,GF-5-CAM-25,34852.399171088,34852.401410298,34852.496368207,38.3330078125,38.3330078125,0,,0
4910,GF-5-CAM-25,34852.747020815,34852.748545323,34852.805766473,38.3330078125,38.3330078125,0,,0
4912,GF-5-CAM-25,34853.035551905,34853.03665584,34853.121120322,38.3330078125,38.3330078125,0,,0
4914,GF-5-CAM-25,34853.363035206,34853.365266108,34853.47160949,38.3330078125,38.3330078125,0,,0
4916,GF-5-CAM-25,34853.78451012,34853.786983518,34853.845982949,38.3330078125,38.3330078125,0,,0
4918,GF-5-CAM-25,34854.148385402,34854.150650675,34854.235971177,38.3330078125,38.3330078125,0,,0
4920,GF-5-CAM-25,34854.481817634,34854.484213617,34854.564554868,38.3330078125,38.3330078125,0,,0
4922,GF-5-CAM-25,34854.836059406,34854.838460572,34854.926320241,38.3330078125,38.3330078125,0,,0
4924,GF-5-CAM-25,34855.187324274,34855.18896715,34855.29268417,38.3330078125,38.3330078125,0,,0
4926,GF-5-CAM-25,34855.553778303,34855.556760267,34855.632537802,38.3330078125,38.3330078125,0,,0
4928,GF-5-CAM-25,34855.925201521,34855.928921608,34855.994635565,38.3330078125,38.3330078125,0,,0
4930,GF-5-CAM-25,34856.304532806,34856.306112477,34856.407917943,38.3330078125,38.3330078125,0,,0
4932,GF-5-CAM-25,34856.741179741,34856.743096632,34856.81247832,38.3330078125,38.3330078125,0,,0
4934,GF-5-CAM-25,34857.102553173,34857.105633121,34857.172507141,38.3330078125,38.3330078125,0,,0
4936,GF-5-CAM-25,34857.442108862,34857.443620948,34857.582151364,38.3330078125,38.3330078125,0,,0
4938,GF-5-CAM-25,34857.830449818,34857.833405756,34857.937291028,38.3330078125,38.3330078125,0,,0
4940,GF-5-CAM-25,34858.206720292,34858.209267188,34858.313433665,38.3330078125,38.3330078125,0,,0
4942,GF-5-CAM-25,34858.601885837,34858.603449873,34858.717760581,38.3330078125,38.3330078125,0,,0
4944,GF-5-CAM-25,34858.985314616,34858.986801021,34859.12810579,38.3330078125,38.3330078125,0,,0
4946,GF-5-CAM-25,34859.374203681,34859.377996979,34859.50667284,38.3330078125,38.3330078125,0,,0
4948,GF-5-CAM-25,34859.776346302,34859.779476097,34859.876665688,38.3330078125,38.3330078125,0,,0
4950,GF-5-CAM-25,34860.102966452,34860.103858142,34860.194356634,38.3330078125,38.3330078125,0,,0
4952,GF-5-CAM-25,34860.541718167,34860.542879205,34860.625039311,38.3330078125,38.3330078125,0,,0
4954,GF-5-CAM-25,34860.94259925,34860.945997018,34861.116227241,38.3330078125,38.3330078125,0,,0
4956,GF-5-CAM-25,34861.414804622,34861.415680301,34861.524476468,38.3330078125,38.3330078125,0,,0
4958,GF-5-CAM-25,34861.791813551,34861.793854449,34861.866762359,38.3330078125,38.3330078125,0,,0
4960,GF-5-CAM-25,34862.135952905,34862.137673904,34862.249638726,38.3330078125,38.3330078125,0,,0
4962,GF-5-CAM-25,34862.533146181,34862.534969863,34862.621271436,38.3330078125,38.3330078125,0,,0
4964,GF-5-CAM-25,34862.892455591,34862.893785248,34862.994358643,38.3330078125,38.3330078125,0,,0
4966,GF-5-CAM-25,34863.304493276,34863.305572251,34863.395627499,38.3330078125,38.3330078125,0,,0
4968,GF-5-CAM-25,34863.697633216,34863.698684079,34863.800748959,38.3330078125,38.3330078125,0,,0
4970,GF-5-CAM-25,34864.189261501,34864.191747895,34864.276980334,38.3330078125,38.3330078125,0,,0
4972,GF-5-CAM-25,34864.539155485,34864.540324929,34864.696626672,38.3330078125,38.3330078125,0,,0
4974,GF-5-CAM-25,34865.006901035,34865.009642013,34865.111108011,38.3330078125,38.3330078125,0,,0
4976,GF-5-CAM-25,34865.406231307,34865.40775681,34865.513235573,38.3330078125,38.3330078125,0,,0
4978,GF-5-CAM-25,34865.751573001,34865.754616647,34865.851238355,38.3330078125,38.3330078125,0,,0
4980,GF-5-CAM-25,34866.195772146,34866.197846437,34866.314199725,38.3330078125,38.3330078125,0,,0
4982,GF-5-CAM-25,34866.611901448,34866.613161737,34866.678338799,38.3330078125,38.3330078125,0,,0
4984,GF-5-CAM-25,34867.00802469,34867.009881183,34867.148805746,38.3330078125,38.3330078125,0,,0
4986,GF-5-CAM-25,34867.502316702,34867.504856063,34867.595034125,38.3330078125,38.3330078125,0,,0
4988,GF-5-CAM-25,34867.892148355,34867.896521886,34867.993056689,38.3330078125,38.3330078125,0,,0
4990,GF-5-CAM-25,34868.301103231,34868.308472947,34868.399678501,38.3330078125,38.3330078125,0,,0
4992,GF-5-CAM-25,34868.706914644,34868.708814585,34868.779082943,38.3330078125,38.3330078125,0,,0
4994,GF-5-CAM-25,34869.099159175,34869.101437975,34869.180401265,38.3330078125,38.3330078125,0,,0
4996,GF-5-CAM-25,34869.482203986,34869.484162301,34869.595782457,38.3330078125,38.3330078125,0,,0
4998,GF-5-CAM-25,34869.927069548,34869.928718435,34870.041137923,38.3330078125,38.3330078125,0,,0
5000,GF-5-CAM-25,34870.315794011,34870.318838795,34870.370254475,38.3330078125,38.3330078125,0,,0
5002,GF-5-CAM-25,34870.620412967,34870.622021309,34870.728366836,38.3330078125,38.3330078125,0,,0
5004,GF-5-CAM-25,34870.977819534,34870.979868116,34871.042137398,38.3330078125,38.3330078125,0,,0
5006,GF-5-CAM-25,34871.32341868,34871.325353242,34871.434132967,38.3330078125,38.3330078125,0,,0
5008,GF-5-CAM-25,34871.696237154,34871.697663484,34871.799796064,38.3330078125,38.3330078125,0,,0
5010,GF-5-CAM-25,34872.095715632,34872.100675318,34872.214572686,38.3330078125,38.3330078125,0,,0
5012,GF-5-CAM-25,34872.482295375,34872.504590648,34872.572126504,38.3330078125,38.3330078125,0,,0
5014,GF-5-CAM-25,34872.852444333,34872.855842864,34872.977916025,38.3330078125,38.3330078125,0,,0
5016,GF-5-CAM-25,34873.264183927,34873.265976294,34873.385869501,38.3330078125,38.3330078125,0,,0
5018,GF-5-CAM-25,34873.644820306,34873.647778454,34873.759545387,38.3330078125,38.3330078125,0,,0
5020,GF-5-CAM-25,34874.005902178,34874.00744615,34874.096423822,38.3330078125,38.3330078125,0,,0
5022,GF-5-CAM-25,34874.388462244,34874.391242894,34874.506511337,38.3330078125,38.3330078125,0,,0
5024,GF-5-CAM-25,34874.834838378,34874.837747185,34874.959639002,38.3330078125,38.3330078125,0,,0
5026,GF-5-CAM-25,34875.248047695,34875.2502577,34875.322149081,38.3330078125,38.3330078125,0,,0
5028,GF-5-CAM-25,34875.620797966,34875.62226071,34875.74794655,38.3330078125,38.3330078125,0,,0
5030,GF-5-CAM-25,34876.0184623,34876.021713199,34876.074964768,38.3330078125,38.3330078125,0,,0
5032,GF-5-CAM-25,34876.289531864,34876.295585573,34876.404728723,38.3330078125,38.3330078125,0,,0
5034,GF-5-CAM-25,34876.654729932,34876.656194143,34876.753136511,38.3330078125,38.3330078125,0,,0
5036,GF-5-CAM-25,34877.015133724,34877.018948609,34877.118383297,38.3330078125,38.3330078125,0,,0
5038,GF-5-CAM-25,34877.366368909,34877.369051266,34877.456504854,38.3330078125,38.3330078125,0,,0
5040,GF-5-CAM-25,34877.733855425,34877.735225733,34877.814583462,38.3330078125,38.3330078125,0,,0
5042,GF-5-CAM-25,34878.088016143,34878.089507917,34878.185559811,38.3330078125,38.3330078125,0,,0
5044,GF-5-CAM-25,34878.411605014,34878.414790219,34878.497247318,38.3330078125,38.3330078125,0,,0
5046,GF-5-CAM-25,34878.738713908,34878.741833085,34878.830615228,38.3330078125,38.3330078125,0,,0
5048,GF-5-CAM-25,34879.112658661,34879.11635935,34879.192146261,38.3330078125,38.3330078125,0,,0
5050,GF-5-CAM-25,34879.474373245,34879.479047218,34879.549127853,38.3330078125,38.3330078125,0,,0
5052,GF-5-CAM-25,34879.823536513,34879.825114475,34879.89474801,38.3330078125,38.3330078125,0,,0
5054,GF-5-CAM-25,34880.15780599,34880.159787996,34880.275105681,38.3330078125,38.3330078125,0,,0
5056,GF-5-CAM-25,34880.531985931,34880.534728241,34880.623886417,38.3330078125,38.3330078125,0,,0
5058,GF-5-CAM-25,34880.870973721,34880.873268706,34880.949817001,38.3330078125,38.3330078125,0,,0
5060,GF-5-CAM-25,34881.199140315,34881.201673844,34881.275375698,38.3330078125,38.3330078125,0,,0
5062,GF-5-CAM-25,34881.527469013,34881.530099913,34881.618144094,38.3330078125,38.3330078125,0,,0
5064,GF-5-CAM-25,34881.896742062,34881.900140555,34881.99163416,38.3330078125,38.3330078125,0,,0
5066,GF-5-CAM-25,34882.278524907,34882.28145032,34882.362235723,38.3330078125,38.3330078125,0,,0
5068,GF-5-CAM-25,34882.594511756,34882.597942463,34882.682874024,38.3330078125,38.3330078125,0,,0
5070,GF-5-CAM-25,34882.972621472,34882.97456539,34883.079249313,38.3330078125,38.3330078125,0,,0
5072,GF-5-CAM-25,34883.337180168,34883.339683993,34883.434944111,38.3330078125,38.3330078125,0,,0
5074,GF-5-CAM-25,34883.695502283,34883.696533571,34883.775323874,38.3330078125,38.3330078125,0,,0
5076,GF-5-CAM-25,34884.05528278,34884.062470267,34884.118186941,38.3330078125,38.3330078125,0,,0
5078,GF-5-CAM-25,34884.428103167,34884.431324022,34884.550260754,38.3330078125,38.3330078125,0,,0
5080,GF-5-CAM-25,34884.805381406,34884.806898483,34884.876838342,38.3330078125,38.3330078125,0,,0
5082,GF-5-CAM-25,34885.123955136,34885.125051556,34885.242409866,38.3330078125,38.3330078125,0,,0
5084,GF-5-CAM-25,34885.511980617,34885.515971929,34885.619138481,38.3330078125,38.3330078125,0,,0
5086,GF-5-CAM-25,34885.848378352,34885.849684855,34885.955885672,38.3330078125,38.3330078125,0,,0
5088,GF-5-CAM-25,34886.211477781,34886.214846215,34886.31467046,38.3330078125,38.3330078125,0,,0
5090,GF-5-CAM-25,34886.620188725,34886.621438475,34886.678013834,38.3330078125,38.3330078125,0,,0
5092,GF-5-CAM-25,34886.922399476,34886.924447558,34886.998833074,38.3330078125,38.3330078125,0,,0
5094,GF-5-CAM-25,34887.254678531,34887.257996169,34887.347505529,38.3330078125,38.3330078125,0,,0
5096,GF-5-CAM-25,34887.623311787,34887.625090929,34887.676821227,38.3330078125,38.3330078125,0,,0
5098,GF-5-CAM-25,34887.908588324,34887.910143999,34887.980030019,38.3330078125,38.3330078125,0,,0
5100,GF-5-CAM-25,34888.217832356,34888.219089996,34888.302882923,38.3330078125,38.3330078125,0,,0
5102,GF-5-CAM-25,34888.523277601,34888.524419467,34888.595835761,38.3330078125,38.3330078125,0,,0
5104,GF-5-CAM-25,34888.852341083,34888.85488235,34888.941495153,38.3330078125,38.3330078125,0,,0
5106,GF-5-CAM-25,34889.16574837,34889.168668076,34889.223298614,38.3330078125,38.3330078125,0,,0
5108,GF-5-CAM-25,34889.466233688,34889.468698843,34889.554510845,38.3330078125,38.3330078125,0,,0
5110,GF-5-CAM-25,34889.806753152,34889.808948028,34889.89075775,38.3330078125,38.3330078125,0,,0
5112,GF-5-CAM-25,34890.123829547,34890.126170416,34890.219107564,38.3330078125,38.3330078125,0,,0
5114,GF-5-CAM-25,34890.53803425,34890.5395165,34890.616916942,38.3330078125,38.3330078125,0,,0
5116,GF-5-CAM-25,34890.882076043,34890.883504695,34890.969786219,38.3330078125,38.3330078125,0,,0
5118,GF-5-CAM-25,34891.214044155,34891.215980902,34891.277152416,38.3330078125,38.3330078125,0,,0
5120,GF-5-CAM-25,34891.530866055,34891.533733295,34891.601599639,38.3330078125,38.3330078125,0,,0
5122,GF-5-CAM-25,34891.861986073,34891.863597054,34891.953118789,38.3330078125,38.3330078125,0,,0
5124,GF-5-CAM-25,34892.198273409,34892.200363461,34892.29716608,38.3330078125,38.3330078125,0,,0
5126,GF-5-CAM-25,34892.560703666,34892.564360202,34892.618862445,38.3330078125,38.3330078125,0,,0
5128,GF-5-CAM-25,34892.875915802,34892.878064691,34892.973646822,38.3330078125,38.3330078125,0,,0
5130,GF-5-CAM-25,34893.259259116,34893.261783718,34893.312642487,38.3330078125,38.3330078125,0,,0
5132,GF-5-CAM-25,34893.566713441,34893.568368122,34893.65640714,38.3330078125,38.3330078125,0,,0
5134,GF-5-CAM-25,34893.891436269,34893.893815957,34893.984345118,38.3330078125,38.3330078125,0,,0
5136,GF-5-CAM-25,34894.231431103,34894.234234947,34894.324321525,38.3330078125,38.3330078125,0,,0
5138,GF-5-CAM-25,34894.581846214,34894.584508973,34894.672758014,38.3330078125,38.3330078125,0,,0
5140,GF-5-CAM-25,34894.930938792,34894.93287431,34895.016377256,38.3330078125,38.3330078125,0,,0
5142,GF-5-CAM-25,34895.273293382,34895.277302075,34895.334903395,38.3330078125,38.3330078125,0,,0
5144,GF-5-CAM-25,34895.610696281,34895.612104784,34895.681133469,38.3330078125,38.3330078125,0,,0
5146,GF-5-CAM-25,34895.939516839,34895.942650173,34896.006772562,38.3330078125,38.3330078125,0,,0
5148,GF-5-CAM-25,34896.247371318,34896.249491982,34896.307650473,38.3330078125,38.3330078125,0,,0
5150,GF-5-CAM-25,34896.570546727,34896.571711408,34896.667368276,38.3330078125,38.3330078125,0,,0
5152,GF-5-CAM-25,34896.903993161,34896.907659308,34897.024095492,38.3330078125,38.3330078125,0,,0
5154,GF-5-CAM-25,34897.289910989,34897.291124468,34897.362669527,38.3330078125,38.3330078125,0,,0
5156,GF-5-CAM-25,34897.618744798,34897.625602305,34897.750402895,38.3330078125,38.3330078125,0,,0
5158,GF-5-CAM-25,34898.010751171,34898.012179879,34898.089176856,38.3330078125,38.3330078125,0,,0
5160,GF-5-CAM-25,34898.390989916,34898.392604653,34898.465296533,38.3330078125,38.3330078125,0,,0
5162,GF-5-CAM-25,34898.745572033,34898.748892408,34898.872137083,38.3330078125,38.3330078125,0,,0
5164,GF-5-CAM-25,34899.122077371,34899.123291424,34899.200508089,38.3330078125,38.3330078125,0,,0
5166,GF-5-CAM-25,34899.51697403,34899.51993357,34899.623577808,38.3330078125,38.3330078125,0,,0
5168,GF-5-CAM-25,34899.896222498,34899.898367378,34899.939700267,38.3330078125,38.3330078125,0,,0
5170,GF-5-CAM-25,34900.211875994,34900.216301957,34900.382438476,38.3330078125,38.3330078125,0,,0
5172,GF-5-CAM-25,34900.669098716,34900.670622784,34900.74566156,38.3330078125,38.3330078125,0,,0
5174,GF-5-CAM-25,34901.039973553,34901.041601233,34901.132292903,38.3330078125,38.3330078125,0,,0
5176,GF-5-CAM-25,34901.404919594,34901.410888564,34901.563888644,38.3330078125,38.3330078125,0,,0
5178,GF-5-CAM-25,34901.933189204,34901.943851128,34902.03065204,38.3330078125,38.3330078125,0,,0
5180,GF-5-CAM-25,34902.327694134,34902.330600517,34902.422848061,38.3330078125,38.3330078125,0,,0
5182,GF-5-CAM-25,34902.735394729,34902.737490236,34902.818801358,38.3330078125,38.3330078125,0,,0
5184,GF-5-CAM-25,34903.06641479,34903.069863517,34903.170247731,38.3330078125,38.3330078125,0,,0
5186,GF-5-CAM-25,34903.433616616,34903.435125573,34903.521631355,38.3330078125,38.3330078125,0,,0
5188,GF-5-CAM-25,34903.750990878,34903.75420898,34903.857800547,38.3330078125,38.3330078125,0,,0
5190,GF-5-CAM-25,34904.096042964,34904.097666333,34904.190778174,38.3330078125,38.3330078125,0,,0
5192,GF-5-CAM-25,34904.433447298,34904.434666847,34904.510345311,38.3330078125,38.3330078125,0,,0
5194,GF-5-CAM-25,34904.773680043,34904.776378699,34904.863144314,38.3330078125,38.3330078125,0,,0
5196,GF-5-CAM-25,34905.105778974,34905.107216178,34905.255170375,38.3330078125,38.3330078125,0,,0
5198,GF-5-CAM-25,34905.545437046,34905.558765236,34905.666365037,38.3330078125,38.3330078125,0,,0
5200,GF-5-CAM-25,34905.899218705,34905.900881141,34905.994408433,38.3330078125,38.3330078125,0,,0
5202,GF-5-CAM-25,34906.236100153,34906.237429141,34906.304531846,38.3330078125,38.3330078125,0,,0
5204,GF-5-CAM-25,34906.580288947,34906.581647973,34906.662708152,38.3330078125,38.3330078125,0,,0
5206,GF-5-CAM-25,34906.906969109,34906.908249905,34906.975478857,38.3330078125,38.3330078125,0,,0
5208,GF-5-CAM-25,34907.215939988,34907.218588188,34907.329317551,38.3330078125,38.3330078125,0,,0
5210,GF-5-CAM-25,34907.586352752,34907.587949815,34907.673926465,38.3330078125,38.3330078125,0,,0
5212,GF-5-CAM-25,34907.982133508,34907.984213137,34908.10378827,38.3330078125,38.3330078125,0,,0
5214,GF-5-CAM-25,34908.375675577,34908.377073527,34908.43995002,38.3330078125,38.3330078125,0,,0
5216,GF-5-CAM-25,34908.671738279,34908.673293275,34908.759363439,38.3330078125,38.3330078125,0,,0
5218,GF-5-CAM-25,34909.065352777,34909.066965359,34909.146685912,38.3330078125,38.3330078125,0,,0
5220,GF-5-CAM-25,34909.419343141,34909.420407088,34909.478553827,38.3330078125,38.3330078125,0,,0
5222,GF-5-CAM-25,34909.765336064,34909.766582174,34909.834490654,38.3330078125,38.3330078125,0,,0
5224,GF-5-CAM-25,34910.106810316,34910.108320769,34910.206569326,38.3330078125,38.3330078125,0,,0
5226,GF-5-CAM-25,34910.553301,34910.554808553,34910.667315022,38.3330078125,38.3330078125,0,,0
5228,GF-5-CAM-25,34910.925917792,34910.928347384,34911.037694144,38.3330078125,38.3330078125,0,,0
5230,GF-5-CAM-25,34911.31266002,34911.314238195,34911.386274276,38.3330078125,38.3330078125,0,,0
5232,GF-5-CAM-25,34911.687681022,34911.688988011,34911.775377869,38.3330078125,38.3330078125,0,,0
5234,GF-5-CAM-25,34912.032959476,34912.037758366,34912.119991411,38.3330078125,38.3330078125,0,,0
5236,GF-5-CAM-25,34912.40247585,34912.405026248,34912.534622746,38.3330078125,38.3330078125,0,,0
5238,GF-5-CAM-25,34912.795377997,34912.797522964,34912.909816051,38.3330078125,38.3330078125,0,,0
5240,GF-5-CAM-25,34913.170233827,34913.171447139,34913.316324392,38.3330078125,38.3330078125,0,,0
5242,GF-5-CAM-25,34913.599949341,34913.602780741,34913.706609983,38.3330078125,38.3330078125,0,,0
5244,GF-5-CAM-25,34913.973097035,34913.97471996,34914.080926322,38.3330078125,38.3330078125,0,,0
5246,GF-5-CAM-25,34914.35085965,34914.353229123,34914.452426714,38.3330078125,38.3330078125,0,,0
5248,GF-5-CAM-25,34914.7178447,34914.719932868,34914.851965113,38.3330078125,38.3330078125,0,,0
5250,GF-5-CAM-25,34915.088249711,34915.089959435,34915.165270556,38.3330078125,38.3330078125,0,,0
5252,GF-5-CAM-25,34915.429233581,34915.431031876,34915.514480612,38.3330078125,38.3330078125,0,,0
5254,GF-5-CAM-25,34915.798765922,34915.803846524,34915.931850246,38.3330078125,38.3330078125,0,,0
5256,GF-5-CAM-25,34916.161407158,34916.162327377,34916.237527045,38.3330078125,38.3330078125,0,,0
5258,GF-5-CAM-25,34916.478741828,34916.48003043,34916.597194346,38.3330078125,38.3330078125,0,,0
5260,GF-5-CAM-25,34916.84528903,34916.850738468,34916.949521013,38.3330078125,38.3330078125,0,,0
5262,GF-5-CAM-25,34917.204859267,34917.206393969,34917.32506676,38.3330078125,38.3330078125,0,,0
5264,GF-5-CAM-25,34917.549860875,34917.552995985,34917.646441677,38.3330078125,38.3330078125,0,,0
5266,GF-5-CAM-25,34917.897879811,34917.900868831,34917.975089817,38.3330078125,38.3330078125,0,,0
5268,GF-5-CAM-25,34918.260871669,34918.261787133,34918.382867264,38.3330078125,38.3330078125,0,,0
5270,GF-5-CAM-25,34918.64360184,34918.646289941,34918.753601345,38.3330078125,38.3330078125,0,,0
5272,GF-5-CAM-25,34918.996659312,34918.99802297,34919.140505588,38.3330078125,38.3330078125,0,,0
5274,GF-5-CAM-25,34919.380524826,34919.382439127,34919.47399335,38.3330078125,38.3330078125,0,,0
5276,GF-5-CAM-25,34919.767652007,34919.769777794,34919.843455041,38.3330078125,38.3330078125,0,,0
5278,GF-5-CAM-25,34920.092620931,34920.093937289,34920.191343201,38.3330078125,38.3330078125,0,,0
5280,GF-5-CAM-25,34920.419566746,34920.420902376,34920.530152357,38.3330078125,38.3330078125,0,,0
5282,GF-5-CAM-25,34920.817247787,34920.819346681,34920.901705828,38.3330078125,38.3330078125,0,,0
5284,GF-5-CAM-25,34921.172368457,34921.17437081,34921.250079,38.3330078125,38.3330078125,0,,0
5286,GF-5-CAM-25,34921.507435085,34921.509849429,34921.584096873,38.3330078125,38.3330078125,0,,0
5288,GF-5-CAM-25,34921.831464092,34921.832830382,34921.97703447,38.3330078125,38.3330078125,0,,0
5290,GF-5-CAM-25,34922.202606547,34922.203559246,34922.283190598,38.3330078125,38.3330078125,0,,0
5292,GF-5-CAM-25,34922.526682736,34922.528448565,34922.696548336,38.3330078125,38.3330078125,0,,0
5294,GF-5-CAM-25,34922.96861093,34922.972069128,34923.057589438,38.3330078125,38.3330078125,0,,0
5296,GF-5-CAM-25,34923.301602952,34923.302799292,34923.374276912,38.3330078125,38.3330078125,0,,0
5298,GF-5-CAM-25,34923.653657641,34923.65498392,34923.731409741,38.3330078125,38.3330078125,0,,0
5300,GF-5-CAM-25,34924.007383852,34924.008591985,34924.124351738,38.3330078125,38.3330078125,0,,0
5302,GF-5-CAM-25,34924.383457835,34924.386878111,34924.463136011,38.3330078125,38.3330078125,0,,0
5304,GF-5-CAM-25,34924.707061174,34924.708394938,34924.792618827,38.3330078125,38.3330078125,0,,0
5306,GF-5-CAM-25,34925.033056235,34925.035859516,34925.113354097,38.3330078125,38.3330078125,0,,0
5308,GF-5-CAM-25,34925.360632667,34925.361980994,34925.427125203,38.3330078125,38.3330078125,0,,0
5310,GF-5-CAM-25,34925.635076292,34925.63930718,34925.700820683,38.3330078125,38.3330078125,0,,0
5312,GF-5-CAM-25,34925.964402091,34925.965755379,34926.043666853,38.3330078125,38.3330078125,0,,0
5314,GF-5-CAM-25,34926.261247197,34926.262819564,34926.355189425,38.3330078125,38.3330078125,0,,0
5316,GF-5-CAM-25,34926.587598897,34926.591225571,34926.658940087,38.3330078125,38.3330078125,0,,0
5318,GF-5-CAM-25,34926.899431567,34926.901974049,34926.978448888,38.3330078125,38.3330078125,0,,0
5320,GF-5-CAM-25,34927.201954263,34927.204203337,34927.280766126,38.3330078125,38.3330078125,0,,0
5322,GF-5-CAM-25,34927.525067505,34927.532903148,34927.606766408,38.3330078125,38.3330078125,0,,0
5324,GF-5-CAM-25,34927.853077788,34927.855226888,34927.922092129,38.3330078125,38.3330078125,0,,0
5326,GF-5-CAM-25,34928.155154037,34928.156784391,34928.222482451,38.3330078125,38.3330078125,0,,0
5328,GF-5-CAM-25,34928.467993411,34928.470784176,34928.524264792,38.3330078125,38.3330078125,0,,0
5330,GF-5-CAM-25,34928.80983817,34928.814217235,34928.905231722,38.3330078125,38.3330078125,0,,0
5332,GF-5-CAM-25,34929.184414005,34929.186353349,34929.276106374,38.3330078125,38.3330078125,0,,0
5334,GF-5-CAM-25,34929.534263964,34929.537276696,34929.584329046,38.3330078125,38.3330078125,0,,0
5336,GF-5-CAM-25,34929.862887858,34929.866456483,34929.929085822,38.3330078125,38.3330078125,0,,0
5338,GF-5-CAM-25,34930.195458192,34930.196648171,34930.29884544,38.3330078125,38.3330078125,0,,0
5340,GF-5-CAM-25,34930.539439681,34930.541137065,34930.612300612,38.3330078125,38.3330078125,0,,0
5342,GF-5-CAM-25,34930.865042349,34930.866420965,34930.956876397,38.3330078125,38.3330078125,0,,0
5344,GF-5-CAM-25,34931.242378061,34931.259459963,34931.375939881,38.3330078125,38.3330078125,0,,0
5346,GF-5-CAM-25,34931.801037661,34931.802576778,34931.854952983,38.3330078125,38.3330078125,0,,0
5348,GF-5-CAM-25,34932.138752032,34932.141237633,34932.242547008,38.3330078125,38.3330078125,0,,0
5350,GF-5-CAM-25,34932.451966494,34932.453176841,34932.551628335,38.3330078125,38.3330078125,0,,0
5352,GF-5-CAM-25,34932.822931195,34932.823943154,34932.918971221,38.3330078125,38.3330078125,0,,0
5354,GF-5-CAM-25,34933.168990863,34933.170753797,34933.23111999,38.3330078125,38.3330078125,0,,0
5356,GF-5-CAM-25,34933.507393484,34933.508435278,34933.607046162,38.3330078125,38.3330078125,0,,0
5358,GF-5-CAM-25,34933.844303913,34933.847583784,34933.924472745,38.3330078125,38.3330078125,0,,0
5360,GF-5-CAM-25,34934.174374422,34934.176031191,34934.237138982,38.3330078125,38.3330078125,0,,0
5362,GF-5-CAM-25,34934.486826922,34934.488972848,34934.559616089,38.3330078125,38.3330078125,0,,0
5364,GF-5-CAM-25,34934.853458765,34934.860869994,34934.917280534,38.3330078125,38.3330078125,0,,0
5366,GF-5-CAM-25,34935.155918811,34935.156987993,34935.239617133,38.3330078125,38.3330078125,0,,0
5368,GF-5-CAM-25,34935.500095892,34935.502780438,34935.576281295,38.3330078125,38.3330078125,0,,0
5370,GF-5-CAM-25,34935.829969097,34935.832926128,34935.891227545,38.3330078125,38.3330078125,0,,0
5372,GF-5-CAM-25,34936.153215509,34936.155071727,34936.244305776,38.3330078125,38.3330078125,0,,0
5374,GF-5-CAM-25,34936.477912095,34936.479733855,34936.54562817,38.3330078125,38.3330078125,0,,0
5376,GF-5-CAM-25,34936.790918459,34936.794184818,34936.872917844,38.3330078125,38.3330078125,0,,0
5378,GF-5-CAM-25,34937.113202175,34937.114485989,34937.191954059,38.3330078125,38.3330078125,0,,0
5380,GF-5-CAM-25,34937.436110085,34937.438179414,34937.521983621,38.3330078125,38.3330078125,0,,0
5382,GF-5-CAM-25,34937.816862286,34937.819990907,34937.935239109,38.3330078125,38.3330078125,0,,0
5384,GF-5-CAM-25,34938.189660386,34938.192047212,34938.265961227,38.3330078125,38.3330078125,0,,0
5386,GF-5-CAM-25,34938.535423053,34938.538069167,34938.594917906,38.3330078125,38.3330078125,0,,0
5388,GF-5-CAM-25,34938.861736964,34938.864625917,34938.942876969,38.3330078125,38.3330078125,0,,0
5390,GF-5-CAM-25,34939.171503693,34939.173187692,34939.269511335,38.3330078125,38.3330078125,0,,0
5392,GF-5-CAM-25,34939.564306958,34939.565566892,34939.65833832,38.3330078125,38.3330078125,0,,0
5394,GF-5-CAM-25,34939.969633043,34939.97218832,34940.025509772,38.3330078125,38.3330078125,0,,0
5396,GF-5-CAM-25,34940.351232708,34940.35332511,34940.425883722,38.3330078125,38.3330078125,0,,0
5398,GF-5-CAM-25,34940.676300688,34940.677976489,34940.745272649,38.3330078125,38.3330078125,0,,0
5400,GF-5-CAM-25,34941.048410705,34941.049892148,34941.143537941,38.3330078125,38.3330078125,0,,0
5402,GF-5-CAM-25,34941.383702691,34941.386109419,34941.462829689,38.3330078125,38.3330078125,0,,0
5404,GF-5-CAM-25,34941.659033012,34941.661025043,34941.749424051,38.3330078125,38.3330078125,0,,0
5406,GF-5-CAM-25,34942.001836378,34942.003326424,34942.078607741,38.3330078125,38.3330078125,0,,0
5408,GF-5-CAM-25,34942.300339637,34942.301418525,34942.379031541,38.3330078125,38.3330078125,0,,0
5410,GF-5-CAM-25,34942.621554198,34942.622613252,34942.695159313,38.3330078125,38.3330078125,0,,0
5412,GF-5-CAM-25,34942.946204007,34942.948600637,34943.012511888,38.3330078125,38.3330078125,0,,0
5414,GF-5-CAM-25,34943.241776285,34943.242990502,34943.325526846,38.3330078125,38.3330078125,0,,0
5416,GF-5-CAM-25,34943.58351251,34943.584564626,34943.645913068,38.3330078125,38.3330078125,0,,0
5418,GF-5-CAM-25,34943.846741102,34943.84854583,34943.924297684,38.3330078125,38.3330078125,0,,0
5420,GF-5-CAM-25,34944.145629607,34944.147691447,34944.209356725,38.3330078125,38.3330078125,0,,0
5422,GF-5-CAM-25,34944.424677354,34944.426334154,34944.494709944,38.3330078125,38.3330078125,0,,0
5424,GF-5-CAM-25,34944.70448335,34944.705692589,34944.778603306,38.3330078125,38.3330078125,0,,0
5426,GF-5-CAM-25,34945.031402363,34945.041672575,34945.10876657,38.3330078125,38.3330078125,0,,0
5428,GF-5-CAM-25,34945.322950399,34945.324918457,34945.40326871,38.3330078125,38.3330078125,0,,0
5430,GF-5-CAM-25,34945.657428874,34945.659108102,34945.75595963,38.3330078125,38.3330078125,0,,0
5432,GF-5-CAM-25,34946.015695229,34946.017033157,34946.110622767,38.3330078125,38.3330078125,0,,0
5434,GF-5-CAM-25,34946.320667644,34946.321525755,34946.414054725,38.3330078125,38.3330078125,0,,0
5436,GF-5-CAM-25,34946.639861254,34946.641881572,34946.731812196,38.3330078125,38.3330078125,0,,0
5438,GF-5-CAM-25,34946.966349698,34946.969432598,34947.045744168,38.3330078125,38.3330078125,0,,0
5440,GF-5-CAM-25,34947.304687688,34947.306459078,34947.404707862,38.3330078125,38.3330078125,0,,0
5442,GF-5-CAM-25,34947.608265326,34947.610574957,34947.663924247,38.3330078125,38.3330078125,0,,0
5444,GF-5-CAM-25,34947.879593303,34947.882314537,34947.986964322,38.3330078125,38.3330078125,0,,0
5446,GF-5-CAM-25,34948.183552843,34948.184553955,34948.28996031,38.3330078125,38.3330078125,0,,0
5448,GF-5-CAM-25,34948.518094716,34948.521118068,34948.59811249,38.3330078125,38.3330078125,0,,0
5450,GF-5-CAM-25,34948.833540958,34948.835270617,34948.941397906,38.3330078125,38.3330078125,0,,0
5452,GF-5-CAM-25,34949.179064926,34949.18087294,34949.264823113,38.3330078125,38.3330078125,0,,0
5454,GF-5-CAM-25,34949.497975225,34949.499871204,34949.592619073,38.3330078125,38.3330078125,0,,0
5456,GF-5-CAM-25,34949.871779059,34949.874195006,34949.963535051,38.3330078125,38.3330078125,0,,0
5458,GF-5-CAM-25,34950.259856977,34950.263576062,34950.340138693,38.3330078125,38.3330078125,0,,0
5460,GF-5-CAM-25,34950.568048213,34950.569267379,34950.642039924,38.3330078125,38.3330078125,0,,0
5462,GF-5-CAM-25,34950.867387557,34950.869109771,34950.920453915,38.3330078125,38.3330078125,0,,0
5464,GF-5-CAM-25,34951.173993003,34951.177704569,34951.27736077,38.3330078125,38.3330078125,0,,0
5466,GF-5-CAM-25,34951.505929632,34951.509530914,34951.593028125,38.3330078125,38.3330078125,0,,0
5468,GF-5-CAM-25,34951.825257989,34951.826854693,34951.91051664,38.3330078125,38.3330078125,0,,0
5470,GF-5-CAM-25,34952.122443342,34952.124207999,34952.180240291,38.3330078125,38.3330078125,0,,0
5472,GF-5-CAM-25,34952.424771678,34952.42620566,34952.498713147,38.3330078125,38.3330078125,0,,0
5474,GF-5-CAM-25,34952.712662925,34952.71452965,34952.789789929,38.3330078125,38.3330078125,0,,0
5476,GF-5-CAM-25,34953.015292855,34953.016675374,34953.094355481,38.3330078125,38.3330078125,0,,0
5478,GF-5-CAM-25,34953.335337935,34953.336515116,34953.408088831,38.3330078125,38.3330078125,0,,0
5480,GF-5-CAM-25,34953.640427854,34953.642352247,34953.716432326,38.3330078125,38.3330078125,0,,0
5482,GF-5-CAM-25,34953.964769048,34953.966494704,34954.025822205,38.3330078125,38.3330078125,0,,0
5484,GF-5-CAM-25,34954.313831719,34954.315378985,34954.358118667,38.3330078125,38.3330078125,0,,0
5486,GF-5-CAM-25,34954.60338596,34954.605223632,34954.685646361,38.3330078125,38.3330078125,0,,0
5488,GF-5-CAM-25,34954.9160951,34954.922465406,34955.003233177,38.3330078125,38.3330078125,0,,0
5490,GF-5-CAM-25,34955.226883921,34955.229059478,34955.317433363,38.3330078125,38.3330078125,0,,0
5492,GF-5-CAM-25,34955.598769506,34955.601141224,34955.675069294,38.3330078125,38.3330078125,0,,0
5494,GF-5-CAM-25,34955.939867407,34955.941384178,34956.032332564,38.3330078125,38.3330078125,0,,0
5496,GF-5-CAM-25,34956.309909326,34956.311373012,34956.376584683,38.3330078125,38.3330078125,0,,0
5498,GF-5-CAM-25,34956.618231202,34956.619636021,34956.673615455,38.3330078125,38.3330078125,0,,0
5500,GF-5-CAM-25,34956.937452704,34956.938695199,34957.019190042,38.3330078125,38.3330078125,0,,0
5502,GF-5-CAM-25,34957.261481592,34957.263141839,34957.339600895,38.3330078125,38.3330078125,0,,0
5504,GF-5-CAM-25,34957.558725903,34957.562754927,34957.624793869,38.3330078125,38.3330078125,0,,0
5506,GF-5-CAM-25,34957.865387462,34957.868376619,34957.942511869,38.3330078125,38.3330078125,0,,0
5508,GF-5-CAM-25,34958.187721267,34958.188976573,34958.281253979,38.3330078125,38.3330078125,0,,0
5510,GF-5-CAM-25,34958.513911124,34958.516214016,34958.591630865,38.3330078125,38.3330078125,0,,0
5512,GF-5-CAM-25,34958.802816761,34958.805394075,34958.869859304,38.3330078125,38.3330078125,0,,0
5514,GF-5-CAM-25,34959.104175916,34959.106814295,34959.172880484,38.3330078125,38.3330078125,0,,0
5516,GF-5-CAM-25,34959.401696226,34959.402956925,34959.476798795,38.3330078125,38.3330078125,0,,0
5518,GF-5-CAM-25,34959.672533369,34959.674300645,34959.754811774,38.3330078125,38.3330078125,0,,0
5520,GF-5-CAM-25,34959.993302097,34959.99632884,34960.077154044,38.3330078125,38.3330078125,0,,0
5522,GF-5-CAM-25,34960.274615161,34960.276232197,34960.360952387,38.3330078125,38.3330078125,0,,0
5524,GF-5-CAM-25,34960.613531829,34960.615106977,34960.718420576,38.3330078125,38.3330078125,0,,0
5526,GF-5-CAM-25,34960.960032276,34960.962176931,34961.035935161,38.3330078125,38.3330078125,0,,0
5528,GF-5-CAM-25,34961.29706313,34961.299355751,34961.354490329,38.3330078125,38.3330078125,0,,0
5530,GF-5-CAM-25,34961.583310473,34961.592081345,34961.639152381,38.3330078125,38.3330078125,0,,0
5532,GF-5-CAM-25,34961.870090423,34961.87174211,34961.957775506,38.3330078125,38.3330078125,0,,0
5534,GF-5-CAM-25,34962.176856188,34962.177963644,34962.248346389,38.3330078125,38.3330078125,0,,0
5536,GF-5-CAM-25,34962.484737954,34962.486903139,34962.56339992,38.3330078125,38.3330078125,0,,0
5538,GF-5-CAM-25,34962.818759151,34962.821084017,34962.883739615,38.3330078125,38.3330078125,0,,0
5540,GF-5-CAM-25,34963.16596003,34963.167167684,34963.277875802,38.3330078125,38.3330078125,0,,0
5542,GF-5-CAM-25,34963.52895012,34963.53142108,34963.620564711,38.3330078125,38.3330078125,0,,0
5544,GF-5-CAM-25,34963.893668967,34963.894567484,34963.973334127,38.3330078125,38.3330078125,0,,0
5546,GF-5-CAM-25,34964.208385462,34964.211760998,34964.268169161,38.3330078125,38.3330078125,0,,0
5548,GF-5-CAM-25,34964.522572474,34964.524224031,34964.636026696,38.3330078125,38.3330078125,0,,0
5550,GF-5-CAM-25,34964.870092462,34964.871231247,34964.942955963,38.3330078125,38.3330078125,0,,0
5552,GF-5-CAM-25,34965.192094002,34965.193733312,34965.28315384,38.3330078125,38.3330078125,0,,0
5554,GF-5-CAM-25,34965.609953851,34965.611691287,34965.751175121,38.3330078125,38.3330078125,0,,0
5556,GF-5-CAM-25,34966.100388444,34966.101649412,34966.193344942,38.3330078125,38.3330078125,0,,0
5558,GF-5-CAM-25,34966.513785371,34966.515046813,34966.599794878,38.3330078125,38.3330078125,0,,0
5560,GF-5-CAM-25,34966.824655054,34966.828329472,34966.924750835,38.3330078125,38.3330078125,0,,0
5562,GF-5-CAM-25,34967.20543913,34967.20816638,34967.265142571,38.3330078125,38.3330078125,0,,0
5564,GF-5-CAM-25,34967.513023662,34967.515452678,34967.571818719,38.3330078125,38.3330078125,0,,0
5566,GF-5-CAM-25,34967.795272988,34967.797654405,34967.889120285,38.3330078125,38.3330078125,0,,0
5568,GF-5-CAM-25,34968.110225506,34968.112819311,34968.169980703,38.3330078125,38.3330078125,0,,0
5570,GF-5-CAM-25,34968.427415645,34968.428239486,34968.518588393,38.3330078125,38.3330078125,0,,0
5572,GF-5-CAM-25,34968.745346233,34968.746550121,34968.841189679,38.3330078125,38.3330078125,0,,0
5574,GF-5-CAM-25,34969.056903917,34969.060076758,34969.133781321,38.3330078125,38.3330078125,0,,0
5576,GF-5-CAM-25,34969.344738952,34969.346370545,34969.430502644,38.3330078125,38.3330078125,0,,0
5578,GF-5-CAM-25,34969.64066998,34969.642245465,34969.721234507,38.3330078125,38.3330078125,0,,0
5580,GF-5-CAM-25,34969.953141298,34969.954613423,34970.03111529,38.3330078125,38.3330078125,0,,0
5582,GF-5-CAM-25,34970.278756639,34970.280225188,34970.356072603,38.3330078125,38.3330078125,0,,0
5584,GF-5-CAM-25,34970.610655566,34970.613595918,34970.697294016,38.3330078125,38.3330078125,0,,0
5586,GF-5-CAM-25,34970.920775063,34970.923263919,34970.976129653,38.3330078125,38.3330078125,0,,0
5588,GF-5-CAM-25,34971.21229023,34971.215046617,34971.283453062,38.3330078125,38.3330078125,0,,0
5590,GF-5-CAM-25,34971.501077479,34971.502377657,34971.592715586,38.3330078125,38.3330078125,0,,0
5592,GF-5-CAM-25,34971.840235164,34971.853863633,34971.901144193,38.3330078125,38.3330078125,0,,0
5594,GF-5-CAM-25,34972.145287923,34972.146541138,34972.221980199,38.3330078125,38.3330078125,0,,0
5596,GF-5-CAM-25,34972.437470483,34972.438988669,34972.501094461,38.3330078125,38.3330078125,0,,0
5598,GF-5-CAM-25,34972.744120287,34972.747023709,34972.812375229,38.3330078125,38.3330078125,0,,0
5600,GF-5-CAM-25,34973.0510339,34973.053654334,34973.116724544,38.3330078125,38.3330078125,0,,0
5602,GF-5-CAM-25,34973.386416771,34973.389970727,34973.453412197,38.3330078125,38.3330078125,0,,0
5604,GF-5-CAM-25,34973.681099333,34973.683279818,34973.775175108,38.3330078125,38.3330078125,0,,0
5606,GF-5-CAM-25,34973.980658174,34973.983449119,34974.04173578,38.3330078125,38.3330078125,0,,0
5608,GF-5-CAM-25,34974.294469836,34974.297024452,34974.372615247,38.3330078125,38.3330078125,0,,0
5610,GF-5-CAM-25,34974.588282194,34974.591657366,34974.641196921,38.3330078125,38.3330078125,0,,0
5612,GF-5-CAM-25,34974.902730177,34974.904993915,34974.984557763,38.3330078125,38.3330078125,0,,0
5614,GF-5-CAM-25,34975.217255242,34975.219392206,34975.27295979,38.3330078125,38.3330078125,0,,0
5616,GF-5-CAM-25,34975.49962843,34975.501156873,34975.591545742,38.3330078125,38.3330078125,0,,0
5618,GF-5-CAM-25,34975.863806686,34975.864810909,34975.93778676,38.3330078125,38.3330078125,0,,0
5620,GF-5-CAM-25,34976.168599138,34976.16993641,34976.234871582,38.3330078125,38.3330078125,0,,0
5622,GF-5-CAM-25,34976.447854432,34976.449388154,34976.520888191,38.3330078125,38.3330078125,0,,0
5624,GF-5-CAM-25,34976.709976993,34976.712365273,34976.794118621,38.3330078125,38.3330078125,0,,0
5626,GF-5-CAM-25,34977.049259346,34977.050687657,34977.130649959,38.3330078125,38.3330078125,0,,0
5628,GF-5-CAM-25,34977.369102222,34977.370954162,34977.423965076,38.3330078125,38.3330078125,0,,0
5630,GF-5-CAM-25,34977.659197495,34977.660755223,34977.73088961,38.3330078125,38.3330078125,0,,0
5632,GF-5-CAM-25,34977.982056872,34977.983609222,34978.060454094,38.3330078125,38.3330078125,0,,0
5634,GF-5-CAM-25,34978.295972691,34978.299082507,34978.364789476,38.3330078125,38.3330078125,0,,0
5636,GF-5-CAM-25,34978.576414549,34978.578202939,34978.681939506,38.3330078125,38.3330078125,0,,0
5638,GF-5-CAM-25,34978.907625424,34978.908932111,34978.985156781,38.3330078125,38.3330078125,0,,0
5640,GF-5-CAM-25,34979.194822851,34979.197202611,34979.290372324,38.3330078125,38.3330078125,0,,0
5642,GF-5-CAM-25,34979.503513263,34979.505240158,34979.595275774,38.3330078125,38.3330078125,0,,0
5644,GF-5-CAM-25,34979.80403005,34979.805207289,34979.876288829,38.3330078125,38.3330078125,0,,0
5646,GF-5-CAM-25,34980.167870532,34980.169542405,34980.227486048,38.3330078125,38.3330078125,0,,0
5648,GF-5-CAM-25,34980.48301811,34980.484040951,34980.542628796,38.3330078125,38.3330078125,0,,0
5650,GF-5-CAM-25,34980.757202264,34980.758449493,34980.803323561,38.3330078125,38.3330078125,0,,0
5652,GF-5-CAM-25,34981.103179305,34981.104527491,34981.151094145,38.3330078125,38.3330078125,0,,0
5654,GF-5-CAM-25,34981.414467778,34981.419915288,34981.496681161,38.3330078125,38.3330078125,0,,0
5656,GF-5-CAM-25,34981.725973124,34981.72751645,34981.794452503,38.3330078125,38.3330078125,0,,0
5658,GF-5-CAM-25,34981.95874632,34981.959935008,34982.057042093,38.3330078125,38.3330078125,0,,0
5660,GF-5-CAM-25,34982.273895286,34982.275762166,34982.336221466,38.3330078125,38.3330078125,0,,0
5662,GF-5-CAM-25,34982.548764188,34982.553734456,34982.638592769,38.3330078125,38.3330078125,0,,0
5664,GF-5-CAM-25,34982.894131096,34982.895817096,34982.957769635,38.3330078125,38.3330078125,0,,0
5666,GF-5-CAM-25,34983.196316011,34983.198701599,34983.259220049,38.3330078125,38.3330078125,0,,0
5668,GF-5-CAM-25,34983.523042118,34983.524536974,34983.605883572,38.3330078125,38.3330078125,0,,0
5670,GF-5-CAM-25,34983.822863386,34983.82545416,34983.906058918,38.3330078125,38.3330078125,0,,0
5672,GF-5-CAM-25,34984.101038283,34984.102237115,34984.204712494,38.3330078125,38.3330078125,0,,0
5674,GF-5-CAM-25,34984.426992378,34984.428368957,34984.506493041,38.3330078125,38.3330078125,0,,0
5676,GF-5-CAM-25,34984.714857294,34984.718250216,34984.801121783,38.3330078125,38.3330078125,0,,0
5678,GF-5-CAM-25,34985.070595994,34985.072101813,34985.194542493,38.3330078125,38.3330078125,0,,0
5680,GF-5-CAM-25,34985.435635142,34985.436790238,34985.504655778,38.3330078125,38.3330078125,0,,0
5682,GF-5-CAM-25,34985.767173162,34985.769491729,34985.875606187,38.3330078125,38.3330078125,0,,0
5684,GF-5-CAM-25,34986.050721961,34986.05211216,34986.146356996,38.3330078125,38.3330078125,0,,0
5686,GF-5-CAM-25,34986.380914969,34986.382068111,34986.444151808,38.3330078125,38.3330078125,0,,0
5688,GF-5-CAM-25,34986.675451057,34986.676364891,34986.73635052,38.3330078125,38.3330078125,0,,0
5690,GF-5-CAM-25,34986.971857194,34986.975300845,34987.068381747,38.3330078125,38.3330078125,0,,0
5692,GF-5-CAM-25,34987.309218975,34987.310541875,34987.404876665,38.3330078125,38.3330078125,0,,0
5694,GF-5-CAM-25,34987.649156117,34987.651667474,34987.707174758,38.3330078125,38.3330078125,0,,0
5696,GF-5-CAM-25,34987.963059143,34987.965626389,34988.024874737,38.3330078125,38.3330078125,0,,0
5698,GF-5-CAM-25,34988.237198614,34988.240603136,34988.329400928,38.3330078125,38.3330078125,0,,0
5700,GF-5-CAM-25,34988.580833674,34988.582110349,34988.644059809,38.3330078125,38.3330078125,0,,0
5702,GF-5-CAM-25,34988.880359612,34988.88195188,34988.962164138,38.3330078125,38.3330078125,0,,0
5704,GF-5-CAM-25,34989.208258498,34989.209677526,34989.275023779,38.3330078125,38.3330078125,0,,0
5706,GF-5-CAM-25,34989.488978612,34989.490318644,34989.580100828,38.3330078125,38.3330078125,0,,0
5708,GF-5-CAM-25,34989.804861014,34989.806069581,34989.869487065,38.3330078125,38.3330078125,0,,0
5710,GF-5-CAM-25,34990.110012904,34990.11119937,34990.164209885,38.3330078125,38.3330078125,0,,0
5712,GF-5-CAM-25,34990.425923684,34990.427673959,34990.50381582,38.3330078125,38.3330078125,0,,0
5714,GF-5-CAM-25,34990.741246662,34990.743686011,34990.840228227,38.3330078125,38.3330078125,0,,0
5716,GF-5-CAM-25,34991.062193449,34991.063143939,34991.159540634,38.3330078125,38.3330078125,0,,0
5718,GF-5-CAM-25,34991.385032923,34991.386546096,34991.484231088,38.3330078125,38.3330078125,0,,0
5720,GF-5-CAM-25,34991.696212542,34991.697567976,34991.748597685,38.3330078125,38.3330078125,0,,0
5722,GF-5-CAM-25,34991.983418698,34991.985096725,34992.0594413,38.3330078125,38.3330078125,0,,0
5724,GF-5-CAM-25,34992.356203255,34992.357301651,34992.39898846,38.3330078125,38.3330078125,0,,0
5726,GF-5-CAM-25,34992.629012197,34992.630370632,34992.699224152,38.3330078125,38.3330078125,0,,0
5728,GF-5-CAM-25,34992.916174524,34992.917752589,34992.977704192,38.3330078125,38.3330078125,0,,0
5730,GF-5-CAM-25,34993.209562856,34993.211222519,34993.284241541,38.3330078125,38.3330078125,0,,0
5732,GF-5-CAM-25,34993.565526798,34993.56828385,34993.656368173,38.3330078125,38.3330078125,0,,0
5734,GF-5-CAM-25,34993.836198394,34993.83787691,34993.915916005,38.3330078125,38.3330078125,0,,0
5736,GF-5-CAM-25,34994.160573576,34994.162578883,34994.243873765,38.3330078125,38.3330078125,0,,0
5738,GF-5-CAM-25,34994.463425356,34994.464557123,34994.536700701,38.3330078125,38.3330078125,0,,0
5740,GF-5-CAM-25,34994.761843496,34994.762974665,34994.841504934,38.3330078125,38.3330078125,0,,0
5742,GF-5-CAM-25,34995.074453703,34995.077795752,34995.162345499,38.3330078125,38.3330078125,0,,0
5744,GF-5-CAM-25,34995.410578297,34995.411516571,34995.540993424,38.3330078125,38.3330078125,0,,0
5746,GF-5-CAM-25,34995.779304069,34995.780621694,34995.848777869,38.3330078125,38.3330078125,0,,0
5748,GF-5-CAM-25,34996.064864727,34996.07374409,34996.147139323,38.3330078125,38.3330078125,0,,0
5750,GF-5-CAM-25,34996.379036203,34996.379952901,34996.48458721,38.3330078125,38.3330078125,0,,0
5752,GF-5-CAM-25,34996.698710074,34996.700717601,34996.802176737,38.3330078125,38.3330078125,0,,0
5754,GF-5-CAM-25,34997.015089703,34997.016678893,34997.06153173,38.3330078125,38.3330078125,0,,0
5756,GF-5-CAM-25,34997.28625766,34997.28797176,34997.396125168,38.3330078125,38.3330078125,0,,0
5758,GF-5-CAM-25,34997.674459383,34997.684271205,34997.745477841,38.3330078125,38.3330078125,0,,0
5760,GF-5-CAM-25,34997.982856828,34997.984456599,34998.054450691,38.3330078125,38.3330078125,0,,0
5762,GF-5-CAM-25,34998.274240916,34998.276060279,34998.364249443,38.3330078125,38.3330078125,0,,0
5764,GF-5-CAM-25,34998.572455852,34998.573929778,34998.6291314,38.3330078125,38.3330078125,0,,0
5766,GF-5-CAM-25,34998.842843518,34998.844237897,34998.94745244,38.3330078125,38.3330078125,0,,0
5768,GF-5-CAM-25,34999.182620392,34999.18450782,34999.259178406,38.3330078125,38.3330078125,0,,0
5770,GF-5-CAM-25,34999.480245673,34999.481873223,34999.569660413,38.3330078125,38.3330078125,0,,0
5772,GF-5-CAM-25,34999.793744216,34999.796798063,34999.878383802,38.3330078125,38.3330078125,0,,0
5774,GF-5-CAM-25,35000.129367371,35000.130571169,35000.219680116,38.3330078125,38.3330078125,0,,0
5776,GF-5-CAM-25,35000.482697014,35000.485311353,35000.568158229,38.3330078125,38.3330078125,0,,0
5778,GF-5-CAM-25,35000.844036638,35000.84607355,35000.94608686,38.3330078125,38.3330078125,0,,0
5780,GF-5-CAM-25,35001.169603676,35001.171186385,35001.258199801,38.3330078125,38.3330078125,0,,0
5782,GF-5-CAM-25,35001.449613171,35001.451292544,35001.546359838,38.3330078125,38.3330078125,0,,0
5784,GF-5-CAM-25,35001.81462204,35001.817312856,35001.882526262,38.3330078125,38.3330078125,0,,0
5786,GF-5-CAM-25,35002.082471848,35002.086558397,35002.17006658,38.3330078125,38.3330078125,0,,0
5788,GF-5-CAM-25,35002.44361626,35002.44594935,35002.561917659,38.3330078125,38.3330078125,0,,0
5790,GF-5-CAM-25,35002.858881913,35002.860408092,35002.947047222,38.3330078125,38.3330078125,0,,0
5792,GF-5-CAM-25,35003.262381271,35003.264188063,35003.360736101,38.3330078125,38.3330078125,0,,0
5794,GF-5-CAM-25,35003.624603446,35003.628164183,35003.702715097,38.3330078125,38.3330078125,0,,0
5796,GF-5-CAM-25,35003.866837715,35003.873922411,35003.946018446,38.3330078125,38.3330078125,0,,0
5798,GF-5-CAM-25,35004.15167491,35004.153185592,35004.234900674,38.3330078125,38.3330078125,0,,0
5800,GF-5-CAM-25,35004.480555491,35004.482246077,35004.561090267,38.3330078125,38.3330078125,0,,0
5802,GF-5-CAM-25,35004.815172947,35004.816762953,35004.897418815,38.3330078125,38.3330078125,0,,0
5804,GF-5-CAM-25,35005.141342951,35005.143037033,35005.193534432,38.3330078125,38.3330078125,0,,0
5806,GF-5-CAM-25,35005.403407924,35005.404842935,35005.482173496,38.3330078125,38.3330078125,0,,0
5808,GF-5-CAM-25,35005.711580174,35005.713077779,35005.782166261,38.3330078125,38.3330078125,0,,0
5810,GF-5-CAM-25,35006.046170319,35006.048288293,35006.122234005,38.3330078125,38.3330078125,0,,0
5812,GF-5-CAM-25,35006.366613973,35006.368080972,35006.419689998,38.3330078125,38.3330078125,0,,0
5814,GF-5-CAM-25,35006.672196763,35006.67347785,35006.759964107,38.3330078125,38.3330078125,0,,0
5816,GF-5-CAM-25,35006.973603054,35006.975252826,35007.064476781,38.3330078125,38.3330078125,0,,0
5818,GF-5-CAM-25,35007.300187101,35007.302324972,35007.385240025,38.3330078125,38.3330078125,0,,0
5820,GF-5-CAM-25,35007.628421859,35007.634842364,35007.719419329,38.3330078125,38.3330078125,0,,0
5822,GF-5-CAM-25,35007.917075362,35007.919578615,35008.029267213,38.3330078125,38.3330078125,0,,0
5824,GF-5-CAM-25,35008.277293483,35008.279866712,35008.327957023,38.3330078125,38.3330078125,0,,0
5826,GF-5-CAM-25,35008.577790519,35008.579269849,35008.65473275,38.3330078125,38.3330078125,0,,0
5828,GF-5-CAM-25,35008.915691943,35008.917855354,35008.972778965,38.3330078125,38.3330078125,0,,0
5830,GF-5-CAM-25,35009.177944506,35009.179490187,35009.242487352,38.3330078125,38.3330078125,0,,0
5832,GF-5-CAM-25,35009.452847391,35009.454196157,35009.54722984,38.3330078125,38.3330078125,0,,0
5834,GF-5-CAM-25,35009.767650861,35009.769220142,35009.823501579,38.3330078125,38.3330078125,0,,0
5836,GF-5-CAM-25,35010.060239248,35010.061558449,35010.165501294,38.3330078125,38.3330078125,0,,0
5838,GF-5-CAM-25,35010.378651645,35010.382739576,35010.463422157,38.3330078125,38.3330078125,0,,0
5840,GF-5-CAM-25,35010.696907344,35010.698302389,35010.758505702,38.3330078125,38.3330078125,0,,0
5842,GF-5-CAM-25,35010.968248018,35010.971202165,35011.053275861,38.3330078125,38.3330078125,0,,0
5844,GF-5-CAM-25,35011.320325235,35011.322221771,35011.368406674,38.3330078125,38.3330078125,0,,0
5846,GF-5-CAM-25,35011.596320849,35011.597488013,35011.663755559,38.3330078125,38.3330078125,0,,0
5848,GF-5-CAM-25,35011.927839639,35011.931599965,35012.022922259,38.3330078125,38.3330078125,0,,0
5850,GF-5-CAM-25,35012.258592978,35012.261704182,35012.368613774,38.3330078125,38.3330078125,0,,0
5852,GF-5-CAM-25,35012.610976549,35012.612443803,35012.67033499,38.3330078125,38.3330078125,0,,0
5854,GF-5-CAM-25,35012.907787601,35012.910884175,35012.98132627,38.3330078125,38.3330078125,0,,0
5856,GF-5-CAM-25,35013.201176214,35013.202730107,35013.270681465,38.3330078125,38.3330078125,0,,0
5858,GF-5-CAM-25,35013.517165359,35013.518849088,35013.594156735,38.3330078125,38.3330078125,0,,0
5860,GF-5-CAM-25,35013.801558735,35013.804298014,35013.858198643,38.3330078125,38.3330078125,0,,0
5862,GF-5-CAM-25,35014.107949218,35014.1094804,35014.215981272,38.3330078125,38.3330078125,0,,0
5864,GF-5-CAM-25,35014.437348227,35014.440455765,35014.524425597,38.3330078125,38.3330078125,0,,0
5866,GF-5-CAM-25,35014.729127898,35014.73081997,35014.806160989,38.3330078125,38.3330078125,0,,0
5868,GF-5-CAM-25,35015.046669023,35015.048406287,35015.118597279,38.3330078125,38.3330078125,0,,0
5870,GF-5-CAM-25,35015.364943196,35015.366608419,35015.442789587,38.3330078125,38.3330078125,0,,0
5872,GF-5-CAM-25,35015.669533743,35015.67077931,35015.77237237,38.3330078125,38.3330078125,0,,0
5874,GF-5-CAM-25,35016.023939667,35016.026487957,35016.093040444,38.3330078125,38.3330078125,0,,0
5876,GF-5-CAM-25,35016.334900718,35016.3363799,35016.40726159,38.3330078125,38.3330078125,0,,0
5878,GF-5-CAM-25,35016.693315778,35016.696522217,35016.770994408,38.3330078125,38.3330078125,0,,0
5880,GF-5-CAM-25,35016.99294501,35016.993890206,35017.091773396,38.3330078125,38.3330078125,0,,0
5882,GF-5-CAM-25,35017.319180441,35017.337065221,35017.407481816,38.3330078125,38.3330078125,0,,0
5884,GF-5-CAM-25,35017.637254313,35017.640308049,35017.74518895,38.3330078125,38.3330078125,0,,0
5886,GF-5-CAM-25,35017.976050236,35017.978671193,35018.04131532,38.3330078125,38.3330078125,0,,0
5888,GF-5-CAM-25,35018.291019602,35018.295979311,35018.398867703,38.3330078125,38.3330078125,0,,0
5890,GF-5-CAM-25,35018.620221311,35018.621197737,35018.685050564,38.3330078125,38.3330078125,0,,0
5892,GF-5-CAM-25,35018.912912228,35018.914363579,35018.978186875,38.3330078125,38.3330078125,0,,0
5894,GF-5-CAM-25,35019.225996394,35019.226950829,35019.279392337,38.3330078125,38.3330078125,0,,0
5896,GF-5-CAM-25,35019.526109399,35019.528326713,35019.620673009,38.3330078125,38.3330078125,0,,0
5898,GF-5-CAM-25,35019.891776549,35019.893124046,35019.947781177,38.3330078125,38.3330078125,0,,0
5900,GF-5-CAM-25,35020.172886881,35020.174830227,35020.252641369,38.3330078125,38.3330078125,0,,0
5902,GF-5-CAM-25,35020.502479214,35020.503661228,35020.566041905,38.3330078125,38.3330078125,0,,0
5904,GF-5-CAM-25,35020.809596606,35020.812400227,35020.883366192,38.3330078125,38.3330078125,0,,0
5906,GF-5-CAM-25,35021.129658011,35021.130950317,35021.234352971,38.3330078125,38.3330078125,0,,0
5908,GF-5-CAM-25,35021.449950913,35021.451256656,35021.534180879,38.3330078125,38.3330078125,0,,0
5910,GF-5-CAM-25,35021.804740842,35021.806362292,35021.880705235,38.3330078125,38.3330078125,0,,0
5912,GF-5-CAM-25,35022.123825872,35022.125420588,35022.188406701,38.3330078125,38.3330078125,0,,0
5914,GF-5-CAM-25,35022.393387355,35022.394247152,35022.484997787,38.3330078125,38.3330078125,0,,0
5916,GF-5-CAM-25,35022.703310608,35022.704563876,35022.760419247,38.3330078125,38.3330078125,0,,0
5918,GF-5-CAM-25,35023.021283705,35023.024169873,35023.091706648,38.3330078125,38.3330078125,0,,0
5920,GF-5-CAM-25,35023.301843123,35023.303585389,35023.371572231,38.3330078125,38.3330078125,0,,0
5922,GF-5-CAM-25,35023.597955014,35023.599891548,35023.687113072,38.3330078125,38.3330078125,0,,0
5924,GF-5-CAM-25,35023.926370135,35023.929154694,35023.998957148,38.3330078125,38.3330078125,0,,0
5926,GF-5-CAM-25,35024.233231275,35024.234872102,35024.28204198,38.3330078125,38.3330078125,0,,0
5928,GF-5-CAM-25,35024.522841101,35024.524439272,35024.643231505,38.3330078125,38.3330078125,0,,0
5930,GF-5-CAM-25,35024.838408356,35024.839898456,35024.905196844,38.3330078125,38.3330078125,0,,0
5932,GF-5-CAM-25,35025.105403179,35025.106976955,35025.178893676,38.3330078125,38.3330078125,0,,0
5934,GF-5-CAM-25,35025.4244141,35025.426061087,35025.50452617,38.3330078125,38.3330078125,0,,0
5936,GF-5-CAM-25,35025.723743201,35025.725324134,35025.811445677,38.3330078125,38.3330078125,0,,0
5938,GF-5-CAM-25,35026.058308233,35026.061799209,35026.119681625,38.3330078125,38.3330078125,0,,0
5940,GF-5-CAM-25,35026.355590847,35026.357947378,35026.402722784,38.3330078125,38.3330078125,0,,0
5942,GF-5-CAM-25,35026.679897768,35026.681652746,35026.741588805,38.3330078125,38.3330078125,0,,0
5944,GF-5-CAM-25,35026.986085884,35026.991248847,35027.085938991,38.3330078125,38.3330078125,0,,0
5946,GF-5-CAM-25,35027.293477652,35027.294900812,35027.390547848,38.3330078125,38.3330078125,0,,0
5948,GF-5-CAM-25,35027.614684699,35027.616074633,35027.689740768,38.3330078125,38.3330078125,0,,0
5950,GF-5-CAM-25,35027.927516574,35027.928460315,35027.984274187,38.3330078125,38.3330078125,0,,0
5952,GF-5-CAM-25,35028.22858147,35028.229502499,35028.317246746,38.3330078125,38.3330078125,0,,0
5954,GF-5-CAM-25,35028.561494523,35028.564262376,35028.625901082,38.3330078125,38.3330078125,0,,0
5956,GF-5-CAM-25,35028.867763952,35028.870093256,35028.935190463,38.3330078125,38.3330078125,0,,0
5958,GF-5-CAM-25,35029.136413123,35029.137799987,35029.259575352,38.3330078125,38.3330078125,0,,0
5960,GF-5-CAM-25,35029.464659109,35029.466262526,35029.515774625,38.3330078125,38.3330078125,0,,0
5962,GF-5-CAM-25,35029.741781565,35029.743516594,35029.83167085,38.3330078125,38.3330078125,0,,0
5964,GF-5-CAM-25,35030.070327431,35030.07239577,35030.153273927,38.3330078125,38.3330078125,0,,0
5966,GF-5-CAM-25,35030.351116266,35030.352421588,35030.421726391,38.3330078125,38.3330078125,0,,0
5968,GF-5-CAM-25,35030.651279395,35030.653302864,35030.749342954,38.3330078125,38.3330078125,0,,0
5970,GF-5-CAM-25,35030.996105378,35030.99906982,35031.071389088,38.3330078125,38.3330078125,0,,0
5972,GF-5-CAM-25,35031.271805948,35031.273494684,35031.349364501,38.3330078125,38.3330078125,0,,0
5974,GF-5-CAM-25,35031.628586226,35031.630269855,35031.757976869,38.3330078125,38.3330078125,0,,0
5976,GF-5-CAM-25,35032.029604623,35032.032339299,35032.113467643,38.3330078125,38.3330078125,0,,0
5978,GF-5-CAM-25,35032.367501129,35032.369720107,35032.454902947,38.3330078125,38.3330078125,0,,0
5980,GF-5-CAM-25,35032.714772731,35032.717054571,35032.779996577,38.3330078125,38.3330078125,0,,0
5982,GF-5-CAM-25,35033.006235042,35033.007225868,35033.07791128,38.3330078125,38.3330078125,0,,0
5984,GF-5-CAM-25,35033.308758976,35033.309954446,35033.363964606,38.3330078125,38.3330078125,0,,0
5986,GF-5-CAM-25,35033.637105635,35033.63813073,35033.714589575,38.3330078125,38.3330078125,0,,0
5988,GF-5-CAM-25,35033.960656155,35033.962040895,35034.056630968,38.3330078125,38.3330078125,0,,0
5990,GF-5-CAM-25,35034.280046616,35034.282861893,35034.360610603,38.3330078125,38.3330078125,0,,0
5992,GF-5-CAM-25,35034.601327259,35034.603267907,35034.662275656,38.3330078125,38.3330078125,0,,0
5994,GF-5-CAM-25,35034.898695558,35034.900683725,35034.999119367,38.3330078125,38.3330078125,0,,0
5996,GF-5-CAM-25,35035.219176813,35035.22099667,35035.291241574,38.3330078125,38.3330078125,0,,0
5998,GF-5-CAM-25,35035.50739325,35035.508422238,35035.589231616,38.3330078125,38.3330078125,0,,0
6000,GF-5-CAM-25,35035.825146022,35035.826480282,35035.902231743,38.3330078125,38.3330078125,0,,0
6002,GF-5-CAM-25,35036.11147595,35036.112433334,35036.180742305,38.3330078125,38.3330078125,0,,0
6004,GF-5-CAM-25,35036.442755026,35036.44441223,35036.532577278,38.3330078125,38.3330078125,0,,0
6006,GF-5-CAM-25,35036.747157391,35036.762797558,35036.83274399,38.3330078125,38.3330078125,0,,0
6008,GF-5-CAM-25,35037.075415447,35037.0775504,35037.138031364,38.3330078125,38.3330078125,0,,0
6010,GF-5-CAM-25,35037.366567298,35037.368373438,35037.439899763,38.3330078125,38.3330078125,0,,0
6012,GF-5-CAM-25,35037.661389971,35037.66329007,35037.740090155,38.3330078125,38.3330078125,0,,0
6014,GF-5-CAM-25,35037.985545165,35037.989030892,35038.048725475,38.3330078125,38.3330078125,0,,0
6016,GF-5-CAM-25,35038.320043866,35038.322094367,35038.393136299,38.3330078125,38.3330078125,0,,0
6018,GF-5-CAM-25,35038.631041144,35038.633602727,35038.708415124,38.3330078125,38.3330078125,0,,0
6020,GF-5-CAM-25,35038.947743146,35038.950079874,35039.018462511,38.3330078125,38.3330078125,0,,0
6022,GF-5-CAM-25,35039.283823262,35039.285381258,35039.357857775,38.3330078125,38.3330078125,0,,0
6024,GF-5-CAM-25,35039.584738,35039.585856655,35039.66566871,38.3330078125,38.3330078125,0,,0
6026,GF-5-CAM-25,35039.901168556,35039.903926802,35039.97810071,38.3330078125,38.3330078125,0,,0
6028,GF-5-CAM-25,35040.225288759,35040.226646662,35040.296739346,38.3330078125,38.3330078125,0,,0
6030,GF-5-CAM-25,35040.541305326,35040.54375803,35040.638951941,38.3330078125,38.3330078125,0,,0
6032,GF-5-CAM-25,35040.913589354,35040.915483025,35041.037966604,38.3330078125,38.3330078125,0,,0
6034,GF-5-CAM-25,35041.289395822,35041.292147234,35041.36012551,38.3330078125,38.3330078125,0,,0
6036,GF-5-CAM-25,35041.589461706,35041.592960814,35041.656851845,38.3330078125,38.3330078125,0,,0
6038,GF-5-CAM-25,35041.876772867,35041.879925937,35041.944658497,38.3330078125,38.3330078125,0,,0
6040,GF-5-CAM-25,35042.167621664,35042.171218778,35042.225846235,38.3330078125,38.3330078125,0,,0
6042,GF-5-CAM-25,35042.436283133,35042.438480419,35042.549684697,38.3330078125,38.3330078125,0,,0
6044,GF-5-CAM-25,35042.811523924,35042.813392829,35042.87409777,38.3330078125,38.3330078125,0,,0
6046,GF-5-CAM-25,35043.113791045,35043.115336964,35043.192218982,38.3330078125,38.3330078125,0,,0
6048,GF-5-CAM-25,35043.417700743,35043.424796635,35043.515960637,38.3330078125,38.3330078125,0,,0
6050,GF-5-CAM-25,35043.725310797,35043.727500149,35043.793954148,38.3330078125,38.3330078125,0,,0
6052,GF-5-CAM-25,35044.011295208,35044.013866758,35044.075911885,38.3330078125,38.3330078125,0,,0
6054,GF-5-CAM-25,35044.326916784,35044.329209867,35044.38347009,38.3330078125,38.3330078125,0,,0
6056,GF-5-CAM-25,35044.607089194,35044.608878397,35044.668228814,38.3330078125,38.3330078125,0,,0
6058,GF-5-CAM-25,35044.908371995,35044.911167784,35044.973438814,38.3330078125,38.3330078125,0,,0
6060,GF-5-CAM-25,35045.197575652,35045.200582023,35045.265163442,38.3330078125,38.3330078125,0,,0
6062,GF-5-CAM-25,35045.508380446,35045.509450329,35045.629057442,38.3330078125,38.3330078125,0,,0
6064,GF-5-CAM-25,35045.877482633,35045.879058386,35045.939745353,38.3330078125,38.3330078125,0,,0
6066,GF-5-CAM-25,35046.179174673,35046.180917317,35046.253572056,38.3330078125,38.3330078125,0,,0
6068,GF-5-CAM-25,35046.48147305,35046.488254568,35046.548385329,38.3330078125,38.3330078125,0,,0
6070,GF-5-CAM-25,35046.783401438,35046.784282733,35046.858186937,38.3330078125,38.3330078125,0,,0
6072,GF-5-CAM-25,35047.08883631,35047.089692952,35047.183558672,38.3330078125,38.3330078125,0,,0
6074,GF-5-CAM-25,35047.393665102,35047.39490987,35047.48914668,38.3330078125,38.3330078125,0,,0
6076,GF-5-CAM-25,35047.760880116,35047.763211189,35047.845138176,38.3330078125,38.3330078125,0,,0
6078,GF-5-CAM-25,35048.041437507,35048.042792502,35048.140078708,38.3330078125,38.3330078125,0,,0
6080,GF-5-CAM-25,35048.356720795,35048.3589508,35048.408775132,38.3330078125,38.3330078125,0,,0
6082,GF-5-CAM-25,35048.631398429,35048.634391658,35048.71711825,38.3330078125,38.3330078125,0,,0
6084,GF-5-CAM-25,35048.957266272,35048.95988214,35049.010748301,38.3330078125,38.3330078125,0,,0
6086,GF-5-CAM-25,35049.244972243,35049.246463237,35049.318363867,38.3330078125,38.3330078125,0,,0
6088,GF-5-CAM-25,35049.518909362,35049.521511824,35049.589992867,38.3330078125,38.3330078125,0,,0
6090,GF-5-CAM-25,35049.805338021,35049.807536877,35049.886862322,38.3330078125,38.3330078125,0,,0
6092,GF-5-CAM-25,35050.09606696,35050.097309629,35050.207502969,38.3330078125,38.3330078125,0,,0
6094,GF-5-CAM-25,35050.422105111,35050.423295252,35050.479071468,38.3330078125,38.3330078125,0,,0
6096,GF-5-CAM-25,35050.701973971,35050.704110507,35050.784869839,38.3330078125,38.3330078125,0,,0
6098,GF-5-CAM-25,35050.986183136,35050.987545051,35051.07045218,38.3330078125,38.3330078125,0,,0
6100,GF-5-CAM-25,35051.318754456,35051.320529516,35051.418922332,38.3330078125,38.3330078125,0,,0
6102,GF-5-CAM-25,35051.677693349,35051.680247216,35051.737304511,38.3330078125,38.3330078125,0,,0
6104,GF-5-CAM-25,35051.964154961,35051.965515491,35052.048679057,38.3330078125,38.3330078125,0,,0
6106,GF-5-CAM-25,35052.293563397,35052.295315112,35052.389764569,38.3330078125,38.3330078125,0,,0
6108,GF-5-CAM-25,35052.620238004,35052.623284218,35052.682766023,38.3330078125,38.3330078125,0,,0
6110,GF-5-CAM-25,35052.929836939,35052.937860034,35053.044676196,38.3330078125,38.3330078125,0,,0
6112,GF-5-CAM-25,35053.279665429,35053.281835575,35053.32614389,38.3330078125,38.3330078125,0,,0
6114,GF-5-CAM-25,35053.533385724,35053.534775923,35053.635259027,38.3330078125,38.3330078125,0,,0
6116,GF-5-CAM-25,35053.888096083,35053.892249898,35053.968170857,38.3330078125,38.3330078125,0,,0
6118,GF-5-CAM-25,35054.17631537,35054.177887348,35054.280755227,38.3330078125,38.3330078125,0,,0
6120,GF-5-CAM-25,35054.504544459,35054.506828737,35054.590363176,38.3330078125,38.3330078125,0,,0
6122,GF-5-CAM-25,35054.813409453,35054.815176459,35054.877671481,38.3330078125,38.3330078125,0,,0
6124,GF-5-CAM-25,35055.100920678,35055.104690693,35055.16957603,38.3330078125,38.3330078125,0,,0
6126,GF-5-CAM-25,35055.436129798,35055.4372875,35055.515942671,38.3330078125,38.3330078125,0,,0
6128,GF-5-CAM-25,35055.712816676,35055.714427048,35055.761514688,38.3330078125,38.3330078125,0,,0
6130,GF-5-CAM-25,35056.012870045,35056.014777823,35056.105294554,38.3330078125,38.3330078125,0,,0
6132,GF-5-CAM-25,35056.466372054,35056.469265327,35056.602366399,38.3330078125,38.3330078125,0,,0
6134,GF-5-CAM-25,35056.843504528,35056.844968996,35056.93403448,38.3330078125,38.3330078125,0,,0
6136,GF-5-CAM-25,35057.127156696,35057.129217092,35057.214343083,38.3330078125,38.3330078125,0,,0
6138,GF-5-CAM-25,35057.438908657,35057.440111047,35057.537468167,38.3330078125,38.3330078125,0,,0
6140,GF-5-CAM-25,35057.815031774,35057.817662698,35057.874027286,38.3330078125,38.3330078125,0,,0
6142,GF-5-CAM-25,35058.081639472,35058.084730351,35058.164071333,38.3330078125,38.3330078125,0,,0
6144,GF-5-CAM-25,35058.35908077,35058.360505997,35058.44316617,38.3330078125,38.3330078125,0,,0
6146,GF-5-CAM-25,35058.703614304,35058.704962321,35058.767937031,38.3330078125,38.3330078125,0,,0
6148,GF-5-CAM-25,35059.025470671,35059.026599249,35059.100455409,38.3330078125,38.3330078125,0,,0
6150,GF-5-CAM-25,35059.356534215,35059.357534116,35059.420196512,38.3330078125,38.3330078125,0,,0
6152,GF-5-CAM-25,35059.65013625,35059.651953964,35059.745474665,38.3330078125,38.3330078125,0,,0
6154,GF-5-CAM-25,35059.961361651,35059.964826037,35060.010068168,38.3330078125,38.3330078125,0,,0
6156,GF-5-CAM-25,35060.257251371,35060.258398324,35060.324244611,38.3330078125,38.3330078125,0,,0
6158,GF-5-CAM-25,35060.54629125,35060.548940176,35060.629492113,38.3330078125,38.3330078125,0,,0
6160,GF-5-CAM-25,35060.869145009,35060.870313083,35060.942766213,38.3330078125,38.3330078125,0,,0
6162,GF-5-CAM-25,35061.221324562,35061.222806591,35061.308364231,38.3330078125,38.3330078125,0,,0
6164,GF-5-CAM-25,35061.54242223,35061.543668064,35061.635954425,38.3330078125,38.3330078125,0,,0
6166,GF-5-CAM-25,35061.899347598,35061.900984254,35061.981139606,38.3330078125,38.3330078125,0,,0
6168,GF-5-CAM-25,35062.233545773,35062.234917566,35062.314305562,38.3330078125,38.3330078125,0,,0
6170,GF-5-CAM-25,35062.603484984,35062.605054937,35062.689339069,38.3330078125,38.3330078125,0,,0
6172,GF-5-CAM-25,35062.906060515,35062.914972722,35062.963110252,38.3330078125,38.3330078125,0,,0
6174,GF-5-CAM-25,35063.222920806,35063.223953547,35063.323519857,38.3330078125,38.3330078125,0,,0
6176,GF-5-CAM-25,35063.54096123,35063.542196538,35063.591362221,38.3330078125,38.3330078125,0,,0
6178,GF-5-CAM-25,35063.833969021,35063.836662152,35063.908936169,38.3330078125,38.3330078125,0,,0
6180,GF-5-CAM-25,35064.123678674,35064.125460869,35064.201283856,38.3330078125,38.3330078125,0,,0
6182,GF-5-CAM-25,35064.482677472,35064.484032436,35064.552618651,38.3330078125,38.3330078125,0,,0
6184,GF-5-CAM-25,35064.774044943,35064.775137639,35064.882902623,38.3330078125,38.3330078125,0,,0
6186,GF-5-CAM-25,35065.123684029,35065.124938979,35065.193272802,38.3330078125,38.3330078125,0,,0
6188,GF-5-CAM-25,35065.426816719,35065.427863167,35065.53188818,38.3330078125,38.3330078125,0,,0
6190,GF-5-CAM-25,35065.753732737,35065.755832333,35065.836668923,38.3330078125,38.3330078125,0,,0
6192,GF-5-CAM-25,35066.052562792,35066.053627262,35066.139272941,38.3330078125,38.3330078125,0,,0
6194,GF-5-CAM-25,35066.336619573,35066.338952143,35066.403998756,38.3330078125,38.3330078125,0,,0
6196,GF-5-CAM-25,35066.685428169,35066.689738037,35066.812750055,38.3330078125,38.3330078125,0,,0
6198,GF-5-CAM-25,35067.021866288,35067.024411692,35067.095612733,38.3330078125,38.3330078125,0,,0
6200,GF-5-CAM-25,35067.338111586,35067.339881258,35067.40130582,38.3330078125,38.3330078125,0,,0
6202,GF-5-CAM-25,35067.62191215,35067.623080998,35067.717079245,38.3330078125,38.3330078125,0,,0
6204,GF-5-CAM-25,35067.905191185,35067.906297563,35067.99221003,38.3330078125,38.3330078125,0,,0
6206,GF-5-CAM-25,35068.224346636,35068.225684409,35068.297636489,38.3330078125,38.3330078125,0,,0
6208,GF-5-CAM-25,35068.556478383,35068.557641577,35068.614378224,38.3330078125,38.3330078125,0,,0
6210,GF-5-CAM-25,35068.824127178,35068.826640157,35068.878762167,38.3330078125,38.3330078125,0,,0
6212,GF-5-CAM-25,35069.149414639,35069.151141604,35069.197909622,38.3330078125,38.3330078125,0,,0
6214,GF-5-CAM-25,35069.430481122,35069.432556959,35069.505912774,38.3330078125,38.3330078125,0,,0
6216,GF-5-CAM-25,35069.723756041,35069.725394459,35069.788808521,38.3330078125,38.3330078125,0,,0
6218,GF-5-CAM-25,35070.000610101,35070.002598383,35070.074938658,38.3330078125,38.3330078125,0,,0
6220,GF-5-CAM-25,35070.323662842,35070.324928874,35070.395047547,38.3330078125,38.3330078125,0,,0
6222,GF-5-CAM-25,35070.607581271,35070.610269812,35070.673160495,38.3330078125,38.3330078125,0,,0
6224,GF-5-CAM-25,35070.904339512,35070.905973161,35070.972943093,38.3330078125,38.3330078125,0,,0
6226,GF-5-CAM-25,35071.210805935,35071.213162326,35071.329698553,38.3330078125,38.3330078125,0,,0
6228,GF-5-CAM-25,35071.631501905,35071.634740115,35071.686725996,38.3330078125,38.3330078125,0,,0
6230,GF-5-CAM-25,35071.941369823,35071.942837743,35072.021072246,38.3330078125,38.3330078125,0,,0
6232,GF-5-CAM-25,35072.262332345,35072.267886048,35072.342748852,38.3330078125,38.3330078125,0,,0
6234,GF-5-CAM-25,35072.560933767,35072.568362513,35072.658043774,38.3330078125,38.3330078125,0,,0
6236,GF-5-CAM-25,35072.903586268,35072.905291964,35072.972860406,38.3330078125,38.3330078125,0,,0
6238,GF-5-CAM-25,35073.226955263,35073.228440154,35073.291538269,38.3330078125,38.3330078125,0,,0
6240,GF-5-CAM-25,35073.572405301,35073.573780545,35073.651452359,38.3330078125,38.3330078125,0,,0
6242,GF-5-CAM-25,35073.876811772,35073.878084612,35073.958927979,38.3330078125,38.3330078125,0,,0
6244,GF-5-CAM-25,35074.224506926,35074.227318267,35074.3283078,38.3330078125,38.3330078125,0,,0
6246,GF-5-CAM-25,35074.588707456,35074.590309244,35074.65470682,38.3330078125,38.3330078125,0,,0
6248,GF-5-CAM-25,35074.881744991,35074.884199497,35074.95239406,38.3330078125,38.3330078125,0,,0
6250,GF-5-CAM-25,35075.237878541,35075.239699093,35075.301394703,38.3330078125,38.3330078125,0,,0
6252,GF-5-CAM-25,35075.558424618,35075.560479072,35075.631315683,38.3330078125,38.3330078125,0,,0
6254,GF-5-CAM-25,35075.865041454,35075.866580932,35075.930674645,38.3330078125,38.3330078125,0,,0
6256,GF-5-CAM-25,35076.151551555,35076.155070681,35076.24443277,38.3330078125,38.3330078125,0,,0
6258,GF-5-CAM-25,35076.466868322,35076.469782512,35076.550066071,38.3330078125,38.3330078125,0,,0
6260,GF-5-CAM-25,35076.775801504,35076.776891259,35076.85048884,38.3330078125,38.3330078125,0,,0
6262,GF-5-CAM-25,35077.071064608,35077.072790393,35077.127187449,38.3330078125,38.3330078125,0,,0
6264,GF-5-CAM-25,35077.339477614,35077.340841769,35077.40521499,38.3330078125,38.3330078125,0,,0
6266,GF-5-CAM-25,35077.642079561,35077.6433971,35077.712013688,38.3330078125,38.3330078125,0,,0
6268,GF-5-CAM-25,35077.946957647,35077.948470383,35078.054828682,38.3330078125,38.3330078125,0,,0
6270,GF-5-CAM-25,35078.290721812,35078.294182382,35078.378022664,38.3330078125,38.3330078125,0,,0
6272,GF-5-CAM-25,35078.615570589,35078.616577415,35078.681794113,38.3330078125,38.3330078125,0,,0
6274,GF-5-CAM-25,35078.945969431,35078.94862991,35079.021999429,38.3330078125,38.3330078125,0,,0
6276,GF-5-CAM-25,35079.2433155,35079.244634012,35079.347358669,38.3330078125,38.3330078125,0,,0
6278,GF-5-CAM-25,35079.584345736,35079.587276932,35079.653322953,38.3330078125,38.3330078125,0,,0
6280,GF-5-CAM-25,35079.890548633,35079.892757573,35079.960474953,38.3330078125,38.3330078125,0,,0
6282,GF-5-CAM-25,35080.234688618,35080.246097575,35080.306983477,38.3330078125,38.3330078125,0,,0
6284,GF-5-CAM-25,35080.548699962,35080.55061163,35080.635461269,38.3330078125,38.3330078125,0,,0
6286,GF-5-CAM-25,35080.860443673,35080.861902343,35080.943672316,38.3330078125,38.3330078125,0,,0
6288,GF-5-CAM-25,35081.211318229,35081.212803986,35081.291486147,38.3330078125,38.3330078125,0,,0
6290,GF-5-CAM-25,35081.526297878,35081.527457317,35081.5960165,38.3330078125,38.3330078125,0,,0
6292,GF-5-CAM-25,35081.806763062,35081.807722686,35081.869222765,38.3330078125,38.3330078125,0,,0
6294,GF-5-CAM-25,35082.112931892,35082.119582482,35082.19372371,38.3330078125,38.3330078125,0,,0
6296,GF-5-CAM-25,35082.446874354,35082.448444394,35082.517911268,38.3330078125,38.3330078125,0,,0
6298,GF-5-CAM-25,35082.722772205,35082.725470072,35082.794620407,38.3330078125,38.3330078125,0,,0
6300,GF-5-CAM-25,35083.032210338,35083.033497852,35083.101338663,38.3330078125,38.3330078125,0,,0
6302,GF-5-CAM-25,35083.325805077,35083.327763023,35083.409847185,38.3330078125,38.3330078125,0,,0
6304,GF-5-CAM-25,35083.62424648,35083.625350245,35083.678990918,38.3330078125,38.3330078125,0,,0
6306,GF-5-CAM-25,35083.92242945,35083.925542809,35083.998991256,38.3330078125,38.3330078125,0,,0
6308,GF-5-CAM-25,35084.212754983,35084.214233213,35084.288591464,38.3330078125,38.3330078125,0,,0
6310,GF-5-CAM-25,35084.504810246,35084.507499922,35084.584895181,38.3330078125,38.3330078125,0,,0
6312,GF-5-CAM-25,35084.813882667,35084.816031187,35084.899272481,38.3330078125,38.3330078125,0,,0
6314,GF-5-CAM-25,35085.137367211,35085.138403979,35085.216200204,38.3330078125,38.3330078125,0,,0
6316,GF-5-CAM-25,35085.458092484,35085.459344621,35085.562038088,38.3330078125,38.3330078125,0,,0
6318,GF-5-CAM-25,35085.858684735,35085.860202647,35085.932890036,38.3330078125,38.3330078125,0,,0
6320,GF-5-CAM-25,35086.16069173,35086.164243569,35086.26469553,38.3330078125,38.3330078125,0,,0
6322,GF-5-CAM-25,35086.541510057,35086.543875111,35086.608705999,38.3330078125,38.3330078125,0,,0
6324,GF-5-CAM-25,35086.869807904,35086.871455559,35086.971911346,38.3330078125,38.3330078125,0,,0
6326,GF-5-CAM-25,35087.177434532,35087.179013313,35087.277589703,38.3330078125,38.3330078125,0,,0
6328,GF-5-CAM-25,35087.479996532,35087.481048939,35087.536714065,38.3330078125,38.3330078125,0,,0
6330,GF-5-CAM-25,35087.813056284,35087.814764528,35087.88777643,38.3330078125,38.3330078125,0,,0
6332,GF-5-CAM-25,35088.182988571,35088.185440496,35088.241171902,38.3330078125,38.3330078125,0,,0
6334,GF-5-CAM-25,35088.476327392,35088.478033426,35088.563287823,38.3330078125,38.3330078125,0,,0
6336,GF-5-CAM-25,35088.769357672,35088.770766991,35088.832346573,38.3330078125,38.3330078125,0,,0
6338,GF-5-CAM-25,35089.112612524,35089.122616098,35089.216377756,38.3330078125,38.3330078125,0,,0
6340,GF-5-CAM-25,35089.452545303,35089.454119773,35089.571939401,38.3330078125,38.3330078125,0,,0
6342,GF-5-CAM-25,35089.800320263,35089.801999364,35089.853478399,38.3330078125,38.3330078125,0,,0
6344,GF-5-CAM-25,35090.100908436,35090.103558808,35090.158371907,38.3330078125,38.3330078125,0,,0
6346,GF-5-CAM-25,35090.42025817,35090.421814258,35090.50625786,38.3330078125,38.3330078125,0,,0
6348,GF-5-CAM-25,35090.755717816,35090.756814198,35090.887790998,38.3330078125,38.3330078125,0,,0
6350,GF-5-CAM-25,35091.096285016,35091.097574045,35091.156521408,38.3330078125,38.3330078125,0,,0
6352,GF-5-CAM-25,35091.371111019,35091.37250316,35091.440057267,38.3330078125,38.3330078125,0,,0
6354,GF-5-CAM-25,35091.672899092,35091.674762529,35091.75906168,38.3330078125,38.3330078125,0,,0
6356,GF-5-CAM-25,35091.97862818,35091.980084521,35092.047329054,38.3330078125,38.3330078125,0,,0
6358,GF-5-CAM-25,35092.292154357,35092.294520441,35092.41735752,38.3330078125,38.3330078125,0,,0
6360,GF-5-CAM-25,35092.670569964,35092.672728109,35092.729668627,38.3330078125,38.3330078125,0,,0
6362,GF-5-CAM-25,35092.961431436,35092.962695648,35093.021971653,38.3330078125,38.3330078125,0,,0
6364,GF-5-CAM-25,35093.279542719,35093.280815962,35093.351960726,38.3330078125,38.3330078125,0,,0
6366,GF-5-CAM-25,35093.63914514,35093.640504032,35093.701757744,38.3330078125,38.3330078125,0,,0
6368,GF-5-CAM-25,35093.94975718,35093.951021885,35094.027384722,38.3330078125,38.3330078125,0,,0
6370,GF-5-CAM-25,35094.266161763,35094.267036457,35094.334053191,38.3330078125,38.3330078125,0,,0
6372,GF-5-CAM-25,35094.594765115,35094.59562834,35094.656690223,38.3330078125,38.3330078125,0,,0
6374,GF-5-CAM-25,35094.856604398,35094.857595169,35094.933348509,38.3330078125,38.3330078125,0,,0
6376,GF-5-CAM-25,35095.143572969,35095.144813877,35095.227727597,38.3330078125,38.3330078125,0,,0
6378,GF-5-CAM-25,35095.440601054,35095.442732847,35095.522612524,38.3330078125,38.3330078125,0,,0
6380,GF-5-CAM-25,35095.788242246,35095.790761008,35095.857943476,38.3330078125,38.3330078125,0,,0
6382,GF-5-CAM-25,35096.106573539,35096.10814715,35096.153625371,38.3330078125,38.3330078125,0,,0
6384,GF-5-CAM-25,35096.400889875,35096.40250599,35096.44590299,38.3330078125,38.3330078125,0,,0
6386,GF-5-CAM-25,35096.726290114,35096.727899586,35096.817563139,38.3330078125,38.3330078125,0,,0
6388,GF-5-CAM-25,35097.041592118,35097.04265347,35097.111290089,38.3330078125,38.3330078125,0,,0
6390,GF-5-CAM-25,35097.314086152,35097.315619367,35097.384939873,38.3330078125,38.3330078125,0,,0
6392,GF-5-CAM-25,35097.63050844,35097.633505424,35097.714732466,38.3330078125,38.3330078125,0,,0
6394,GF-5-CAM-25,35097.963718899,35097.965164786,35098.023699859,38.3330078125,38.3330078125,0,,0
6396,GF-5-CAM-25,35098.246557889,35098.248948298,35098.347208848,38.3330078125,38.3330078125,0,,0
6398,GF-5-CAM-25,35098.607177648,35098.608855865,35098.67592072,38.3330078125,38.3330078125,0,,0
6400,GF-5-CAM-25,35098.891964731,35098.901853591,35098.954333886,38.3330078125,38.3330078125,0,,0
6402,GF-5-CAM-25,35099.198270219,35099.199828617,35099.254746038,38.3330078125,38.3330078125,0,,0
6404,GF-5-CAM-25,35099.460511315,35099.463238105,35099.566037914,38.3330078125,38.3330078125,0,,0
6406,GF-5-CAM-25,35099.788878454,35099.79054962,35099.85035844,38.3330078125,38.3330078125,0,,0
6408,GF-5-CAM-25,35100.079404104,35100.080762376,35100.151659103,38.3330078125,38.3330078125,0,,0
6410,GF-5-CAM-25,35100.367154377,35100.368158302,35100.461291647,38.3330078125,38.3330078125,0,,0
6412,GF-5-CAM-25,35100.672570028,35100.675363135,35100.737477127,38.3330078125,38.3330078125,0,,0
6414,GF-5-CAM-25,35100.965953171,35100.967690012,35101.030415393,38.3330078125,38.3330078125,0,,0
6416,GF-5-CAM-25,35101.255404966,35101.257081855,35101.321965663,38.3330078125,38.3330078125,0,,0
6418,GF-5-CAM-25,35101.558502459,35101.560940328,35101.61277335,38.3330078125,38.3330078125,0,,0
6420,GF-5-CAM-25,35101.914343055,35101.917236578,35101.994552813,38.3330078125,38.3330078125,0,,0
6422,GF-5-CAM-25,35102.267286939,35102.269254535,35102.345381164,38.3330078125,38.3330078125,0,,0
6424,GF-5-CAM-25,35102.577901265,35102.578872535,35102.640515179,38.3330078125,38.3330078125,0,,0
6426,GF-5-CAM-25,35102.871627372,35102.874065024,35102.923710944,38.3330078125,38.3330078125,0,,0
6428,GF-5-CAM-25,35103.164077619,35103.165194691,35103.250336065,38.3330078125,38.3330078125,0,,0
6430,GF-5-CAM-25,35103.499799826,35103.50146535,35103.558739066,38.3330078125,38.3330078125,0,,0
6432,GF-5-CAM-25,35103.811909502,35103.814623204,35103.890227939,38.3330078125,38.3330078125,0,,0
6434,GF-5-CAM-25,35104.17403661,35104.175121697,35104.251116814,38.3330078125,38.3330078125,0,,0
6436,GF-5-CAM-25,35104.504418691,35104.506130985,35104.585880178,38.3330078125,38.3330078125,0,,0
6438,GF-5-CAM-25,35104.842586871,35104.844777056,35104.914178182,38.3330078125,38.3330078125,0,,0
6440,GF-5-CAM-25,35105.158575489,35105.160050776,35105.242533075,38.3330078125,38.3330078125,0,,0
6442,GF-5-CAM-25,35105.470661172,35105.471888581,35105.553308606,38.3330078125,38.3330078125,0,,0
6444,GF-5-CAM-25,35105.757418245,35105.75851281,35105.833800286,38.3330078125,38.3330078125,0,,0
6446,GF-5-CAM-25,35106.06607548,35106.067382516,35106.129622123,38.3330078125,38.3330078125,0,,0
6448,GF-5-CAM-25,35106.341188369,35106.345462301,35106.421100229,38.3330078125,38.3330078125,0,,0
6450,GF-5-CAM-25,35106.635538332,35106.63684661,35106.736770721,38.3330078125,38.3330078125,0,,0
6452,GF-5-CAM-25,35106.994407992,35106.995209161,35107.079212629,38.3330078125,38.3330078125,0,,0
6454,GF-5-CAM-25,35107.381130478,35107.382452879,35107.453625517,38.3330078125,38.3330078125,0,,0
6456,GF-5-CAM-25,35107.67349037,35107.675204467,35107.741812576,38.3330078125,38.3330078125,0,,0
6458,GF-5-CAM-25,35107.967396535,35107.969342038,35108.013433903,38.3330078125,38.3330078125,0,,0
6460,GF-5-CAM-25,35108.248152405,35108.249926459,35108.325635859,38.3330078125,38.3330078125,0,,0
6462,GF-5-CAM-25,35108.562692448,35108.569710788,35108.628732711,38.3330078125,38.3330078125,0,,0
6464,GF-5-CAM-25,35108.862744281,35108.863943919,35108.932290736,38.3330078125,38.3330078125,0,,0
6466,GF-5-CAM-25,35109.153585164,35109.155488982,35109.211928592,38.3330078125,38.3330078125,0,,0
6468,GF-5-CAM-25,35109.468992227,35109.47224482,35109.528491276,38.3330078125,38.3330078125,0,,0
6470,GF-5-CAM-25,35109.77519429,35109.776131073,35109.838388709,38.3330078125,38.3330078125,0,,0
6472,GF-5-CAM-25,35110.064135135,35110.066705302,35110.133958015,38.3330078125,38.3330078125,0,,0
6474,GF-5-CAM-25,35110.336296803,35110.339093166,35110.415683567,38.3330078125,38.3330078125,0,,0
6476,GF-5-CAM-25,35110.637856727,35110.639831587,35110.704242679,38.3330078125,38.3330078125,0,,0
6478,GF-5-CAM-25,35110.922734205,35110.92534437,35110.983561667,38.3330078125,38.3330078125,0,,0
6480,GF-5-CAM-25,35111.225027602,35111.226525676,35111.301302935,38.3330078125,38.3330078125,0,,0
6482,GF-5-CAM-25,35111.566750581,35111.56782565,35111.63143223,38.3330078125,38.3330078125,0,,0
6484,GF-5-CAM-25,35111.906326875,35111.915642959,35111.964608891,38.3330078125,38.3330078125,0,,0
6486,GF-5-CAM-25,35112.191209078,35112.194142768,35112.258791405,38.3330078125,38.3330078125,0,,0
6488,GF-5-CAM-25,35112.511175325,35112.512863131,35112.583651244,38.3330078125,38.3330078125,0,,0
6490,GF-5-CAM-25,35112.817173674,35112.819705136,35112.890303989,38.3330078125,38.3330078125,0,,0
6492,GF-5-CAM-25,35113.139726593,35113.141743135,35113.231123059,38.3330078125,38.3330078125,0,,0
6494,GF-5-CAM-25,35113.494344128,35113.496077409,35113.577872926,38.3330078125,38.3330078125,0,,0
6496,GF-5-CAM-25,35113.802326611,35113.803374336,35113.877798879,38.3330078125,38.3330078125,0,,0
6498,GF-5-CAM-25,35114.107015661,35114.108948184,35114.17225525,38.3330078125,38.3330078125,0,,0
6500,GF-5-CAM-25,35114.419551143,35114.42112153,35114.48625991,38.3330078125,38.3330078125,0,,0
6502,GF-5-CAM-25,35114.733349566,35114.734522014,35114.813274557,38.3330078125,38.3330078125,0,,0
6504,GF-5-CAM-25,35115.029398105,35115.035611494,35115.097882979,38.3330078125,38.3330078125,0,,0
6506,GF-5-CAM-25,35115.34598907,35115.347775425,35115.39414085,38.3330078125,38.3330078125,0,,0
6508,GF-5-CAM-25,35115.634379948,35115.637389925,35115.707732195,38.3330078125,38.3330078125,0,,0
6510,GF-5-CAM-25,35115.933868893,35115.934641705,35115.99077286,38.3330078125,38.3330078125,0,,0
6512,GF-5-CAM-25,35116.210723867,35116.212260764,35116.273628276,38.3330078125,38.3330078125,0,,0
6514,GF-5-CAM-25,35116.500435481,35116.502437324,35116.566298556,38.3330078125,38.3330078125,0,,0
6516,GF-5-CAM-25,35116.754737264,35116.758209686,35116.837461195,38.3330078125,38.3330078125,0,,0
6518,GF-5-CAM-25,35117.062676503,35117.064516967,35117.120497635,38.3330078125,38.3330078125,0,,0
6520,GF-5-CAM-25,35117.346024903,35117.34814632,35117.411088322,38.3330078125,38.3330078125,0,,0
6522,GF-5-CAM-25,35117.658988912,35117.660518336,35117.72314038,38.3330078125,38.3330078125,0,,0
6524,GF-5-CAM-25,35117.907661959,35117.910418111,35117.959948406,38.3330078125,38.3330078125,0,,0
6526,GF-5-CAM-25,35118.174776546,35118.176544176,35118.25290955,38.3330078125,38.3330078125,0,,0
6528,GF-5-CAM-25,35118.513660057,35118.516178977,35118.584932075,38.3330078125,38.3330078125,0,,0
6530,GF-5-CAM-25,35118.824670604,35118.826313931,35118.890077093,38.3330078125,38.3330078125,0,,0
6532,GF-5-CAM-25,35119.100068046,35119.103602822,35119.181415911,38.3330078125,38.3330078125,0,,0
6534,GF-5-CAM-25,35119.431156588,35119.433888144,35119.512157663,38.3330078125,38.3330078125,0,,0
6536,GF-5-CAM-25,35119.730813307,35119.732411243,35119.789776041,38.3330078125,38.3330078125,0,,0
6538,GF-5-CAM-25,35120.046961077,35120.04978323,35120.141478201,38.3330078125,38.3330078125,0,,0
6540,GF-5-CAM-25,35120.378368181,35120.379743006,35120.445960021,38.3330078125,38.3330078125,0,,0
6542,GF-5-CAM-25,35120.658998821,35120.660056303,35120.756034252,38.3330078125,38.3330078125,0,,0
6544,GF-5-CAM-25,35120.989504541,35120.992442873,35121.064689857,38.3330078125,38.3330078125,0,,0
6546,GF-5-CAM-25,35121.312981964,35121.315041479,35121.363136695,38.3330078125,38.3330078125,0,,0
6548,GF-5-CAM-25,35121.596299678,35121.597570265,35121.656825,38.3330078125,38.3330078125,0,,0
6550,GF-5-CAM-25,35121.893273576,35121.894440614,35121.946365468,38.3330078125,38.3330078125,0,,0
6552,GF-5-CAM-25,35122.173401063,35122.174495327,35122.240233825,38.3330078125,38.3330078125,0,,0
6554,GF-5-CAM-25,35122.501055186,35122.502860978,35122.552085992,38.3330078125,38.3330078125,0,,0
6556,GF-5-CAM-25,35122.776400121,35122.779856469,35122.83757692,38.3330078125,38.3330078125,0,,0
6558,GF-5-CAM-25,35123.061807252,35123.06852389,35123.160146979,38.3330078125,38.3330078125,0,,0
6560,GF-5-CAM-25,35123.371999332,35123.373663636,35123.461759552,38.3330078125,38.3330078125,0,,0
6562,GF-5-CAM-25,35123.660125608,35123.661627577,35123.714669581,38.3330078125,38.3330078125,0,,0
6564,GF-5-CAM-25,35123.9805399,35123.982049213,35124.049224172,38.3330078125,38.3330078125,0,,0
6566,GF-5-CAM-25,35124.270088127,35124.274458713,35124.321024223,38.3330078125,38.3330078125,0,,0
6568,GF-5-CAM-25,35124.550277816,35124.551877397,35124.620558179,38.3330078125,38.3330078125,0,,0
6570,GF-5-CAM-25,35124.854386132,35124.855650651,35124.907570234,38.3330078125,38.3330078125,0,,0
6572,GF-5-CAM-25,35125.152514622,35125.154341348,35125.21743733,38.3330078125,38.3330078125,0,,0
6574,GF-5-CAM-25,35125.44331505,35125.444594037,35125.517714253,38.3330078125,38.3330078125,0,,0
6576,GF-5-CAM-25,35125.791916728,35125.792793814,35125.874665838,38.3330078125,38.3330078125,0,,0
6578,GF-5-CAM-25,35126.095125815,35126.097145883,35126.180472698,38.3330078125,38.3330078125,0,,0
6580,GF-5-CAM-25,35126.394547141,35126.397105033,35126.464319913,38.3330078125,38.3330078125,0,,0
6582,GF-5-CAM-25,35126.671278542,35126.672790405,35126.734200724,38.3330078125,38.3330078125,0,,0
6584,GF-5-CAM-25,35126.944073136,35126.945600861,35126.998011512,38.3330078125,38.3330078125,0,,0
6586,GF-5-CAM-25,35127.230892307,35127.233036913,35127.350621825,38.3330078125,38.3330078125,0,,0
6588,GF-5-CAM-25,35127.587522449,35127.591502937,35127.66883983,38.3330078125,38.3330078125,0,,0
6590,GF-5-CAM-25,35127.883799936,35127.885573695,35127.937989862,38.3330078125,38.3330078125,0,,0
6592,GF-5-CAM-25,35128.169471842,35128.170533934,35128.216572428,38.3330078125,38.3330078125,0,,0
6594,GF-5-CAM-25,35128.434842665,35128.436703536,35128.522538502,38.3330078125,38.3330078125,0,,0
6596,GF-5-CAM-25,35128.728849278,35128.730772222,35128.821749635,38.3330078125,38.3330078125,0,,0
6598,GF-5-CAM-25,35129.049819871,35129.050923863,35129.09712811,38.3330078125,38.3330078125,0,,0
6600,GF-5-CAM-25,35129.335103823,35129.336389954,35129.413566618,38.3330078125,38.3330078125,0,,0
6602,GF-5-CAM-25,35129.66819079,35129.670474739,35129.723297002,38.3330078125,38.3330078125,0,,0
6604,GF-5-CAM-25,35129.953484659,35129.954557722,35130.027705477,38.3330078125,38.3330078125,0,,0
6606,GF-5-CAM-25,35130.26626179,35130.267801697,35130.366322424,38.3330078125,38.3330078125,0,,0
6608,GF-5-CAM-25,35130.596015328,35130.597773593,35130.646773446,38.3330078125,38.3330078125,0,,0
6610,GF-5-CAM-25,35130.892638485,35130.893825306,35130.957535272,38.3330078125,38.3330078125,0,,0
6612,GF-5-CAM-25,35131.203799926,35131.205986408,35131.260364443,38.3330078125,38.3330078125,0,,0
6614,GF-5-CAM-25,35131.494543048,35131.496059931,35131.560946143,38.3330078125,38.3330078125,0,,0
6616,GF-5-CAM-25,35131.836564996,35131.841912211,35131.940442962,38.3330078125,38.3330078125,0,,0
6618,GF-5-CAM-25,35132.156905217,35132.15842041,35132.214225926,38.3330078125,38.3330078125,0,,0
6620,GF-5-CAM-25,35132.456180733,35132.457422464,35132.542970255,38.3330078125,38.3330078125,0,,0
6622,GF-5-CAM-25,35132.771281963,35132.776862985,35132.860179522,38.3330078125,38.3330078125,0,,0
6624,GF-5-CAM-25,35133.06967387,35133.071927292,35133.14719626,38.3330078125,38.3330078125,0,,0
6626,GF-5-CAM-25,35133.360964953,35133.361939284,35133.437385333,38.3330078125,38.3330078125,0,,0
6628,GF-5-CAM-25,35133.683033397,35133.68930214,35133.753051529,38.3330078125,38.3330078125,0,,0
6630,GF-5-CAM-25,35133.956712146,35133.958289202,35134.033938573,38.3330078125,38.3330078125,0,,0
6632,GF-5-CAM-25,35134.234754134,35134.23791021,35134.293842063,38.3330078125,38.3330078125,0,,0
6634,GF-5-CAM-25,35134.51033009,35134.512905805,35134.60963468,38.3330078125,38.3330078125,0,,0
6636,GF-5-CAM-25,35134.835749298,35134.837401191,35134.894389576,38.3330078125,38.3330078125,0,,0
6638,GF-5-CAM-25,35135.11676903,35135.118065234,35135.214300393,38.3330078125,38.3330078125,0,,0
6640,GF-5-CAM-25,35135.415884973,35135.418329167,35135.512943542,38.3330078125,38.3330078125,0,,0
6642,GF-5-CAM-25,35135.750650871,35135.752382217,35135.805810848,38.3330078125,38.3330078125,0,,0
6644,GF-5-CAM-25,35136.034816715,35136.036108615,35136.099932541,38.3330078125,38.3330078125,0,,0
6646,GF-5-CAM-25,35136.334632133,35136.337138142,35136.398732464,38.3330078125,38.3330078125,0,,0
6648,GF-5-CAM-25,35136.62077349,35136.621972412,35136.715640876,38.3330078125,38.3330078125,0,,0
6650,GF-5-CAM-25,35136.921823863,35136.922585926,35137.020853446,38.3330078125,38.3330078125,0,,0
6652,GF-5-CAM-25,35137.276897675,35137.278784404,35137.336308465,38.3330078125,38.3330078125,0,,0
6654,GF-5-CAM-25,35137.563221406,35137.564568724,35137.654171095,38.3330078125,38.3330078125,0,,0
6656,GF-5-CAM-25,35137.880901131,35137.884307121,35137.947412563,38.3330078125,38.3330078125,0,,0
6658,GF-5-CAM-25,35138.190510068,35138.191812223,35138.257561336,38.3330078125,38.3330078125,0,,0
6660,GF-5-CAM-25,35138.50261755,35138.504058973,35138.577301465,38.3330078125,38.3330078125,0,,0
6662,GF-5-CAM-25,35138.789374551,35138.789960837,35138.881410476,38.3330078125,38.3330078125,0,,0
6664,GF-5-CAM-25,35139.099632391,35139.101644618,35139.177555329,38.3330078125,38.3330078125,0,,0
6666,GF-5-CAM-25,35139.39706354,35139.398643702,35139.48516023,38.3330078125,38.3330078125,0,,0
6668,GF-5-CAM-25,35139.708582515,35139.710884663,35139.759099173,38.3330078125,38.3330078125,0,,0
6670,GF-5-CAM-25,35140.009490548,35140.011068206,35140.088323646,38.3330078125,38.3330078125,0,,0
6672,GF-5-CAM-25,35140.309293453,35140.310934906,35140.386684775,38.3330078125,38.3330078125,0,,0
6674,GF-5-CAM-25,35140.608864551,35140.61108649,35140.671778601,38.3330078125,38.3330078125,0,,0
6676,GF-5-CAM-25,35140.878545139,35140.879887604,35140.945676626,38.3330078125,38.3330078125,0,,0
6678,GF-5-CAM-25,35141.173899094,35141.175209782,35141.230503941,38.3330078125,38.3330078125,0,,0
6680,GF-5-CAM-25,35141.443740994,35141.447163754,35141.513161698,38.3330078125,38.3330078125,0,,0
6682,GF-5-CAM-25,35141.743738926,35141.744863202,35141.82324083,38.3330078125,38.3330078125,0,,0
6684,GF-5-CAM-25,35142.072105403,35142.075079213,35142.14129565,38.3330078125,38.3330078125,0,,0
6686,GF-5-CAM-25,35142.362392514,35142.363504375,35142.455862207,38.3330078125,38.3330078125,0,,0
6688,GF-5-CAM-25,35142.66792576,35142.670919987,35142.754253699,38.3330078125,38.3330078125,0,,0
6690,GF-5-CAM-25,35142.952725098,35142.95423801,35143.073485986,38.3330078125,38.3330078125,0,,0
6692,GF-5-CAM-25,35143.312125632,35143.313236662,35143.387195021,38.3330078125,38.3330078125,0,,0
6694,GF-5-CAM-25,35143.584683666,35143.586851314,35143.645096625,38.3330078125,38.3330078125,0,,0
6696,GF-5-CAM-25,35143.867127751,35143.868543485,35143.956232523,38.3330078125,38.3330078125,0,,0
6698,GF-5-CAM-25,35144.189568581,35144.190876704,35144.254589406,38.3330078125,38.3330078125,0,,0
6700,GF-5-CAM-25,35144.465928375,35144.467466989,35144.555552634,38.3330078125,38.3330078125,0,,0
6702,GF-5-CAM-25,35144.774389897,35144.776403031,35144.849684651,38.3330078125,38.3330078125,0,,0
6704,GF-5-CAM-25,35145.094369238,35145.096671601,35145.16376474,38.3330078125,38.3330078125,0,,0
6706,GF-5-CAM-25,35145.431703464,35145.43312689,35145.510112425,38.3330078125,38.3330078125,0,,0
6708,GF-5-CAM-25,35145.747717133,35145.749123176,35145.888180297,38.3330078125,38.3330078125,0,,0
6710,GF-5-CAM-25,35146.122986691,35146.128404565,35146.243192847,38.3330078125,38.3330078125,0,,0
6712,GF-5-CAM-25,35146.440066927,35146.441445216,35146.525624619,38.3330078125,38.3330078125,0,,0
6714,GF-5-CAM-25,35146.759056948,35146.760576923,35146.870461954,38.3330078125,38.3330078125,0,,0
6716,GF-5-CAM-25,35147.177335703,35147.178604044,35147.254809767,38.3330078125,38.3330078125,0,,0
6718,GF-5-CAM-25,35147.488292661,35147.489775742,35147.567630631,38.3330078125,38.3330078125,0,,0
6720,GF-5-CAM-25,35147.82047274,35147.822504702,35147.907531782,38.3330078125,38.3330078125,0,,0
6722,GF-5-CAM-25,35148.183481664,35148.184767252,35148.249575288,38.3330078125,38.3330078125,0,,0
6724,GF-5-CAM-25,35148.482147901,35148.48388781,35148.595137533,38.3330078125,38.3330078125,0,,0
6726,GF-5-CAM-25,35148.82921026,35148.831428677,35148.926068524,38.3330078125,38.3330078125,0,,0
6728,GF-5-CAM-25,35149.181843663,35149.184075615,35149.260016467,38.3330078125,38.3330078125,0,,0
6730,GF-5-CAM-25,35149.512621676,35149.514027448,35149.634048698,38.3330078125,38.3330078125,0,,0
6732,GF-5-CAM-25,35149.916923125,35149.922095264,35149.989050258,38.3330078125,38.3330078125,0,,0
6734,GF-5-CAM-25,35150.22934391,35150.231977727,35150.317860653,38.3330078125,38.3330078125,0,,0
6736,GF-5-CAM-25,35150.559982001,35150.561420704,35150.646103449,38.3330078125,38.3330078125,0,,0
6738,GF-5-CAM-25,35150.909326717,35150.910541474,35151.018374458,38.3330078125,38.3330078125,0,,0
6740,GF-5-CAM-25,35151.229000025,35151.230469016,35151.287909185,38.3330078125,38.3330078125,0,,0
6742,GF-5-CAM-25,35151.534582448,35151.538045811,35151.6138594,38.3330078125,38.3330078125,0,,0
6744,GF-5-CAM-25,35151.885757915,35151.887215579,35151.9545208,38.3330078125,38.3330078125,0,,0
6746,GF-5-CAM-25,35152.194443671,35152.195785507,35152.288467673,38.3330078125,38.3330078125,0,,0
6748,GF-5-CAM-25,35152.488941059,35152.490416299,35152.570469808,38.3330078125,38.3330078125,0,,0
6750,GF-5-CAM-25,35152.763176459,35152.76588744,35152.870251292,38.3330078125,38.3330078125,0,,0
6752,GF-5-CAM-25,35153.088447283,35153.090082309,35153.185638208,38.3330078125,38.3330078125,0,,0
6754,GF-5-CAM-25,35153.414335613,35153.415428054,35153.491844757,38.3330078125,38.3330078125,0,,0
6756,GF-5-CAM-25,35153.708676055,35153.710607005,35153.790909144,38.3330078125,38.3330078125,0,,0
6758,GF-5-CAM-25,35154.018065621,35154.019409526,35154.084902434,38.3330078125,38.3330078125,0,,0
6760,GF-5-CAM-25,35154.30679143,35154.30786386,35154.397480516,38.3330078125,38.3330078125,0,,0
6762,GF-5-CAM-25,35154.647684823,35154.649327347,35154.734572449,38.3330078125,38.3330078125,0,,0
6764,GF-5-CAM-25,35154.953749231,35154.955548776,35155.043060437,38.3330078125,38.3330078125,0,,0
6766,GF-5-CAM-25,35155.311760651,35155.313268408,35155.391130283,38.3330078125,38.3330078125,0,,0
6768,GF-5-CAM-25,35155.582559726,35155.583737316,35155.665129513,38.3330078125,38.3330078125,0,,0
6770,GF-5-CAM-25,35155.895971297,35155.898284295,35155.978234432,38.3330078125,38.3330078125,0,,0
6772,GF-5-CAM-25,35156.233927172,35156.238340292,35156.317924177,38.3330078125,38.3330078125,0,,0
6774,GF-5-CAM-25,35156.573236297,35156.574476539,35156.651877555,38.3330078125,38.3330078125,0,,0
6776,GF-5-CAM-25,35156.895850306,35156.897334257,35156.966400396,38.3330078125,38.3330078125,0,,0
6778,GF-5-CAM-25,35157.201896377,35157.204370343,35157.289237836,38.3330078125,38.3330078125,0,,0
6780,GF-5-CAM-25,35157.538191683,35157.540055598,35157.641458995,38.3330078125,38.3330078125,0,,0
6782,GF-5-CAM-25,35157.921910093,35157.924373968,35158.001921326,38.3330078125,38.3330078125,0,,0
6784,GF-5-CAM-25,35158.209794197,35158.211579623,35158.277858165,38.3330078125,38.3330078125,0,,0
6786,GF-5-CAM-25,35158.490648826,35158.492091571,35158.597456721,38.3330078125,38.3330078125,0,,0
6788,GF-5-CAM-25,35158.880401165,35158.881876335,35158.961441262,38.3330078125,38.3330078125,0,,0
6790,GF-5-CAM-25,35159.265553937,35159.268128666,35159.360824442,38.3330078125,38.3330078125,0,,0
6792,GF-5-CAM-25,35159.61414873,35159.61553393,35159.710011172,38.3330078125,38.3330078125,0,,0
6794,GF-5-CAM-25,35159.935654542,35159.944328323,35160.024793283,38.3330078125,38.3330078125,0,,0
6796,GF-5-CAM-25,35160.256583042,35160.257822387,35160.328547416,38.3330078125,38.3330078125,0,,0
6798,GF-5-CAM-25,35160.556072074,35160.557517712,35160.626823026,38.3330078125,38.3330078125,0,,0
6800,GF-5-CAM-25,35160.851705769,35160.855206494,35160.962405717,38.3330078125,38.3330078125,0,,0
6802,GF-5-CAM-25,35161.178056004,35161.179657898,35161.244756515,38.3330078125,38.3330078125,0,,0
6804,GF-5-CAM-25,35161.476916981,35161.481444237,35161.544582213,38.3330078125,38.3330078125,0,,0
6806,GF-5-CAM-25,35161.747656052,35161.748665025,35161.811925826,38.3330078125,38.3330078125,0,,0
6808,GF-5-CAM-25,35162.04555153,35162.047088898,35162.096839082,38.3330078125,38.3330078125,0,,0
6810,GF-5-CAM-25,35162.329849675,35162.331272291,35162.410704089,38.3330078125,38.3330078125,0,,0
6812,GF-5-CAM-25,35162.657687962,35162.660855281,35162.722425644,38.3330078125,38.3330078125,0,,0
6814,GF-5-CAM-25,35162.947980224,35162.949018332,35163.021567938,38.3330078125,38.3330078125,0,,0
6816,GF-5-CAM-25,35163.252651712,35163.254303952,35163.324407663,38.3330078125,38.3330078125,0,,0
6818,GF-5-CAM-25,35163.562897909,35163.564135916,35163.642823135,38.3330078125,38.3330078125,0,,0
6820,GF-5-CAM-25,35163.863037269,35163.864415906,35163.959935867,38.3330078125,38.3330078125,0,,0
6822,GF-5-CAM-25,35164.158474112,35164.159422048,35164.26310444,38.3330078125,38.3330078125,0,,0
6824,GF-5-CAM-25,35164.496307322,35164.497389406,35164.58810574,38.3330078125,38.3330078125,0,,0
6826,GF-5-CAM-25,35164.803163253,35164.804734613,35164.877190944,38.3330078125,38.3330078125,0,,0
6828,GF-5-CAM-25,35165.10383994,35165.104530888,35165.200645477,38.3330078125,38.3330078125,0,,0
6830,GF-5-CAM-25,35165.417027182,35165.418427015,35165.498796371,38.3330078125,38.3330078125,0,,0
6832,GF-5-CAM-25,35165.783317431,35165.786526634,35165.857135993,38.3330078125,38.3330078125,0,,0
6834,GF-5-CAM-25,35166.077978647,35166.079138689,35166.136180421,38.3330078125,38.3330078125,0,,0
6836,GF-5-CAM-25,35166.372380009,35166.373729946,35166.452207753,38.3330078125,38.3330078125,0,,0
6838,GF-5-CAM-25,35166.670251224,35166.67161495,35166.740849568,38.3330078125,38.3330078125,0,,0
6840,GF-5-CAM-25,35166.950792186,35166.952148979,35167.013853253,38.3330078125,38.3330078125,0,,0
6842,GF-5-CAM-25,35167.258986852,35167.263531874,35167.341377411,38.3330078125,38.3330078125,0,,0
6844,GF-5-CAM-25,35167.549509029,35167.550801718,35167.655703843,38.3330078125,38.3330078125,0,,0
6846,GF-5-CAM-25,35167.936744276,35167.939471046,35168.019099331,38.3330078125,38.3330078125,0,,0
6848,GF-5-CAM-25,35168.273462037,35168.276809229,35168.355079216,38.3330078125,38.3330078125,0,,0
6850,GF-5-CAM-25,35168.57218594,35168.573802279,35168.665538585,38.3330078125,38.3330078125,0,,0
6852,GF-5-CAM-25,35168.881210954,35168.883625626,35168.94978643,38.3330078125,38.3330078125,0,,0
6854,GF-5-CAM-25,35169.175125197,35169.176487062,35169.251268943,38.3330078125,38.3330078125,0,,0
6856,GF-5-CAM-25,35169.488294024,35169.493380944,35169.568248702,38.3330078125,38.3330078125,0,,0
6858,GF-5-CAM-25,35169.77105792,35169.775085413,35169.850045893,38.3330078125,38.3330078125,0,,0
6860,GF-5-CAM-25,35170.048319674,35170.050430908,35170.107320794,38.3330078125,38.3330078125,0,,0
6862,GF-5-CAM-25,35170.361133217,35170.363423766,35170.421949332,38.3330078125,38.3330078125,0,,0
6864,GF-5-CAM-25,35170.661472777,35170.663097728,35170.723371808,38.3330078125,38.3330078125,0,,0
6866,GF-5-CAM-25,35170.930617793,35170.932332886,35171.006565674,38.3330078125,38.3330078125,0,,0
6868,GF-5-CAM-25,35171.224579512,35171.226647212,35171.281098331,38.3330078125,38.3330078125,0,,0
6870,GF-5-CAM-25,35171.512448091,35171.514290657,35171.599067369,38.3330078125,38.3330078125,0,,0
6872,GF-5-CAM-25,35171.805812568,35171.809217317,35171.886508837,38.3330078125,38.3330078125,0,,0
6874,GF-5-CAM-25,35172.134799996,35172.136298005,35172.198203066,38.3330078125,38.3330078125,0,,0
6876,GF-5-CAM-25,35172.425959553,35172.427109342,35172.504688775,38.3330078125,38.3330078125,0,,0
6878,GF-5-CAM-25,35172.776834507,35172.789929279,35172.862680236,38.3330078125,38.3330078125,0,,0
6880,GF-5-CAM-25,35173.087429652,35173.088673804,35173.190359526,38.3330078125,38.3330078125,0,,0
6882,GF-5-CAM-25,35173.426783162,35173.428201699,35173.496649331,38.3330078125,38.3330078125,0,,0
6884,GF-5-CAM-25,35173.783533114,35173.785328232,35173.854789148,38.3330078125,38.3330078125,0,,0
6886,GF-5-CAM-25,35174.082206406,35174.085146247,35174.192679041,38.3330078125,38.3330078125,0,,0
6888,GF-5-CAM-25,35174.388983429,35174.390677426,35174.455399059,38.3330078125,38.3330078125,0,,0
6890,GF-5-CAM-25,35174.681679738,35174.682867855,35174.731841514,38.3330078125,38.3330078125,0,,0
6892,GF-5-CAM-25,35174.968848444,35174.972943932,35175.033182206,38.3330078125,38.3330078125,0,,0
6894,GF-5-CAM-25,35175.253624114,35175.256629511,35175.34948609,38.3330078125,38.3330078125,0,,0
6896,GF-5-CAM-25,35175.554993225,35175.556560264,35175.623289519,38.3330078125,38.3330078125,0,,0
6898,GF-5-CAM-25,35175.849114077,35175.86006372,35175.938906608,38.3330078125,38.3330078125,0,,0
6900,GF-5-CAM-25,35176.14697236,35176.147805427,35176.224142995,38.3330078125,38.3330078125,0,,0
6902,GF-5-CAM-25,35176.475720278,35176.47688296,35176.554896326,38.3330078125,38.3330078125,0,,0
6904,GF-5-CAM-25,35176.773995833,35176.775783136,35176.857350791,38.3330078125,38.3330078125,0,,0
6906,GF-5-CAM-25,35177.077552724,35177.079531718,35177.152666584,38.3330078125,38.3330078125,0,,0
6908,GF-5-CAM-25,35177.371124881,35177.372679607,35177.426485657,38.3330078125,38.3330078125,0,,0
6910,GF-5-CAM-25,35177.670419827,35177.672529356,35177.7456994,38.3330078125,38.3330078125,0,,0
6912,GF-5-CAM-25,35178.012659455,35178.014247121,35178.107910485,38.3330078125,38.3330078125,0,,0
6914,GF-5-CAM-25,35178.312041034,35178.313105976,35178.363983571,38.3330078125,38.3330078125,0,,0
6916,GF-5-CAM-25,35178.599252053,35178.600695077,35178.669561313,38.3330078125,38.3330078125,0,,0
6918,GF-5-CAM-25,35178.901799487,35178.902657918,35178.996759675,38.3330078125,38.3330078125,0,,0
6920,GF-5-CAM-25,35179.198195579,35179.199760297,35179.272366017,38.3330078125,38.3330078125,0,,0
6922,GF-5-CAM-25,35179.513794548,35179.515596958,35179.572225886,38.3330078125,38.3330078125,0,,0
6924,GF-5-CAM-25,35179.83374042,35179.834856076,35179.908418581,38.3330078125,38.3330078125,0,,0
6926,GF-5-CAM-25,35180.131931764,35180.135175668,35180.19692599,38.3330078125,38.3330078125,0,,0
6928,GF-5-CAM-25,35180.424921913,35180.427587132,35180.508563909,38.3330078125,38.3330078125,0,,0
6930,GF-5-CAM-25,35180.7504219,35180.752917602,35180.833471137,38.3330078125,38.3330078125,0,,0
6932,GF-5-CAM-25,35181.079792768,35181.08136714,35181.152317754,38.3330078125,38.3330078125,0,,0
6934,GF-5-CAM-25,35181.412215883,35181.414783026,35181.473903878,38.3330078125,38.3330078125,0,,0
6936,GF-5-CAM-25,35181.684018553,35181.685976545,35181.769948491,38.3330078125,38.3330078125,0,,0
6938,GF-5-CAM-25,35181.990314939,35181.991730337,35182.068924409,38.3330078125,38.3330078125,0,,0
6940,GF-5-CAM-25,35182.285226376,35182.288069925,35182.33652402,38.3330078125,38.3330078125,0,,0
6942,GF-5-CAM-25,35182.563201287,35182.564626678,35182.624449242,38.3330078125,38.3330078125,0,,0
6944,GF-5-CAM-25,35182.873113603,35182.875286643,35182.958650327,38.3330078125,38.3330078125,0,,0
6946,GF-5-CAM-25,35183.169949374,35183.172321679,35183.227646709,38.3330078125,38.3330078125,0,,0
6948,GF-5-CAM-25,35183.434876878,35183.436186809,35183.520403045,38.3330078125,38.3330078125,0,,0
6950,GF-5-CAM-25,35183.741842968,35183.743298322,35183.798995331,38.3330078125,38.3330078125,0,,0
6952,GF-5-CAM-25,35184.000649925,35184.002191365,35184.084306581,38.3330078125,38.3330078125,0,,0
6954,GF-5-CAM-25,35184.322697988,35184.323923539,35184.385925403,38.3330078125,38.3330078125,0,,0
6956,GF-5-CAM-25,35184.649192588,35184.651322883,35184.737068164,38.3330078125,38.3330078125,0,,0
6958,GF-5-CAM-25,35184.956454055,35184.957428645,35185.035265678,38.3330078125,38.3330078125,0,,0
6960,GF-5-CAM-25,35185.239032616,35185.247147563,35185.330082692,38.3330078125,38.3330078125,0,,0
6962,GF-5-CAM-25,35185.541047023,35185.541956616,35185.59161505,38.3330078125,38.3330078125,0,,0
6964,GF-5-CAM-25,35185.815803017,35185.818100636,35185.900649612,38.3330078125,38.3330078125,0,,0
6966,GF-5-CAM-25,35186.115516772,35186.116652759,35186.266368122,38.3330078125,38.3330078125,0,,0
6968,GF-5-CAM-25,35186.505923611,35186.50743369,35186.55326229,38.3330078125,38.3330078125,0,,0
6970,GF-5-CAM-25,35186.813812561,35186.815351622,35186.887713746,38.3330078125,38.3330078125,0,,0
6972,GF-5-CAM-25,35187.104223987,35187.107814888,35187.194631711,38.3330078125,38.3330078125,0,,0
6974,GF-5-CAM-25,35187.434307976,35187.435591824,35187.51085836,38.3330078125,38.3330078125,0,,0
6976,GF-5-CAM-25,35187.742200766,35187.744013721,35187.82333912,38.3330078125,38.3330078125,0,,0
6978,GF-5-CAM-25,35188.074666527,35188.076083377,35188.127384081,38.3330078125,38.3330078125,0,,0
6980,GF-5-CAM-25,35188.369950981,35188.371397819,35188.483344611,38.3330078125,38.3330078125,0,,0
6982,GF-5-CAM-25,35188.704461368,35188.705649235,35188.814582537,38.3330078125,38.3330078125,0,,0
6984,GF-5-CAM-25,35189.06568551,35189.067392192,35189.115789921,38.3330078125,38.3330078125,0,,0
6986,GF-5-CAM-25,35189.339460552,35189.341632825,35189.41987399,38.3330078125,38.3330078125,0,,0
6988,GF-5-CAM-25,35189.664799644,35189.667049428,35189.733854392,38.3330078125,38.3330078125,0,,0
6990,GF-5-CAM-25,35189.991522026,35189.993360705,35190.077700971,38.3330078125,38.3330078125,0,,0
6992,GF-5-CAM-25,35190.29139203,35190.292292379,35190.32888326,38.3330078125,38.3330078125,0,,0
6994,GF-5-CAM-25,35190.576548399,35190.578018316,35190.650173409,38.3330078125,38.3330078125,0,,0
6996,GF-5-CAM-25,35190.874024563,35190.875308441,35190.95745806,38.3330078125,38.3330078125,0,,0
6998,GF-5-CAM-25,35191.181978794,35191.184642848,35191.256499603,38.3330078125,38.3330078125,0,,0
7000,GF-5-CAM-25,35191.488757373,35191.490033637,35191.550480675,38.3330078125,38.3330078125,0,,0
7002,GF-5-CAM-25,35191.769181271,35191.771775484,35191.822991325,38.3330078125,38.3330078125,0,,0
7004,GF-5-CAM-25,35192.071981736,35192.073469639,35192.14273965,38.3330078125,38.3330078125,0,,0
7006,GF-5-CAM-25,35192.406752555,35192.408248605,35192.46725331,38.3330078125,38.3330078125,0,,0
7008,GF-5-CAM-25,35192.67798813,35192.678825558,35192.766763541,38.3330078125,38.3330078125,0,,0
7010,GF-5-CAM-25,35192.977693827,35192.979670919,35193.060628299,38.3330078125,38.3330078125,0,,0
7012,GF-5-CAM-25,35193.324260215,35193.326206211,35193.380523512,38.3330078125,38.3330078125,0,,0
7014,GF-5-CAM-25,35193.6184295,35193.62015753,35193.720756377,38.3330078125,38.3330078125,0,,0
7016,GF-5-CAM-25,35193.943208951,35193.949318034,35194.014169558,38.3330078125,38.3330078125,0,,0
7018,GF-5-CAM-25,35194.223379132,35194.226861579,35194.299057973,38.3330078125,38.3330078125,0,,0
7020,GF-5-CAM-25,35194.51825419,35194.521549283,35194.57794784,38.3330078125,38.3330078125,0,,0
7022,GF-5-CAM-25,35194.858016908,35194.866170693,35194.937245775,38.3330078125,38.3330078125,0,,0
7024,GF-5-CAM-25,35195.141538676,35195.14313725,35195.221229534,38.3330078125,38.3330078125,0,,0
7026,GF-5-CAM-25,35195.439243895,35195.441111799,35195.517229489,38.3330078125,38.3330078125,0,,0
7028,GF-5-CAM-25,35195.766466332,35195.767745725,35195.835194754,38.3330078125,38.3330078125,0,,0
7030,GF-5-CAM-25,35196.097689004,35196.100343948,35196.186145579,38.3330078125,38.3330078125,0,,0
7032,GF-5-CAM-25,35196.413334621,35196.41623658,35196.492020265,38.3330078125,38.3330078125,0,,0
7034,GF-5-CAM-25,35196.700466248,35196.702016716,35196.794166844,38.3330078125,38.3330078125,0,,0
7036,GF-5-CAM-25,35197.024366402,35197.025929796,35197.090316542,38.3330078125,38.3330078125,0,,0
7038,GF-5-CAM-25,35197.374033082,35197.375396495,35197.464998454,38.3330078125,38.3330078125,0,,0
7040,GF-5-CAM-25,35197.718851995,35197.720192085,35197.788333853,38.3330078125,38.3330078125,0,,0
7042,GF-5-CAM-25,35198.029406479,35198.030559468,35198.110112285,38.3330078125,38.3330078125,0,,0
7044,GF-5-CAM-25,35198.333774624,35198.336420392,35198.424029973,38.3330078125,38.3330078125,0,,0
7046,GF-5-CAM-25,35198.661851096,35198.663854904,35198.726581847,38.3330078125,38.3330078125,0,,0
7048,GF-5-CAM-25,35198.988969067,35198.990520142,35199.048127887,38.3330078125,38.3330078125,0,,0
7050,GF-5-CAM-25,35199.266647215,35199.267587188,35199.345722366,38.3330078125,38.3330078125,0,,0
7052,GF-5-CAM-25,35199.671677329,35199.673983856,35199.798831685,38.3330078125,38.3330078125,0,,0
7054,GF-5-CAM-25,35200.107928117,35200.110295945,35200.185266015,38.3330078125,38.3330078125,0,,0
7056,GF-5-CAM-25,35200.432051862,35200.433152395,35200.514867455,38.3330078125,38.3330078125,0,,0
7058,GF-5-CAM-25,35200.754621507,35200.757306009,35200.820339129,38.3330078125,38.3330078125,0,,0
7060,GF-5-CAM-25,35201.064038906,35201.066056949,35201.126680761,38.3330078125,38.3330078125,0,,0
7062,GF-5-CAM-25,35201.342268417,35201.343914381,35201.404179961,38.3330078125,38.3330078125,0,,0
7064,GF-5-CAM-25,35201.613198214,35201.617991809,35201.729608572,38.3330078125,38.3330078125,0,,0
7066,GF-5-CAM-25,35201.978341155,35201.979966132,35202.050118472,38.3330078125,38.3330078125,0,,0
7068,GF-5-CAM-25,35202.300387902,35202.30159603,35202.359346118,38.3330078125,38.3330078125,0,,0
7070,GF-5-CAM-25,35202.579262605,35202.582385917,35202.668078386,38.3330078125,38.3330078125,0,,0
7072,GF-5-CAM-25,35202.874829305,35202.876185445,35202.941748869,38.3330078125,38.3330078125,0,,0
7074,GF-5-CAM-25,35203.18685259,35203.189040762,35203.257052266,38.3330078125,38.3330078125,0,,0
7076,GF-5-CAM-25,35203.467569336,35203.468636775,35203.531395818,38.3330078125,38.3330078125,0,,0
7078,GF-5-CAM-25,35203.766734243,35203.768328654,35203.833461889,38.3330078125,38.3330078125,0,,0
7080,GF-5-CAM-25,35204.051067686,35204.052435899,35204.124261165,38.3330078125,38.3330078125,0,,0
7082,GF-5-CAM-25,35204.37693344,35204.378262479,35204.449850405,38.3330078125,38.3330078125,0,,0
7084,GF-5-CAM-25,35204.680610065,35204.695261464,35204.765874656,38.3330078125,38.3330078125,0,,0
7086,GF-5-CAM-25,35204.991921193,35204.99344837,35205.083655875,38.3330078125,38.3330078125,0,,0
7088,GF-5-CAM-25,35205.334216168,35205.335198243,35205.394876405,38.3330078125,38.3330078125,0,,0
7090,GF-5-CAM-25,35205.657373263,35205.659678489,35205.74464134,38.3330078125,38.3330078125,0,,0
7092,GF-5-CAM-25,35206.001745955,35206.004237821,35206.066766351,38.3330078125,38.3330078125,0,,0
7094,GF-5-CAM-25,35206.288705441,35206.290431934,35206.354268202,38.3330078125,38.3330078125,0,,0
7096,GF-5-CAM-25,35206.622112678,35206.624052727,35206.689165896,38.3330078125,38.3330078125,0,,0
7098,GF-5-CAM-25,35206.914128578,35206.915567035,35206.967421631,38.3330078125,38.3330078125,0,,0
7100,GF-5-CAM-25,35207.192021199,35207.193975794,35207.279224532,38.3330078125,38.3330078125,0,,0
7102,GF-5-CAM-25,35207.476922732,35207.478167323,35207.522708986,38.3330078125,38.3330078125,0,,0
7104,GF-5-CAM-25,35207.73623177,35207.738780409,35207.820230359,38.3330078125,38.3330078125,0,,0
7106,GF-5-CAM-25,35208.040820914,35208.042653274,35208.13907287,38.3330078125,38.3330078125,0,,0
7108,GF-5-CAM-25,35208.37503083,35208.376944687,35208.438746777,38.3330078125,38.3330078125,0,,0
7110,GF-5-CAM-25,35208.677604534,35208.67927928,35208.726679935,38.3330078125,38.3330078125,0,,0
7112,GF-5-CAM-25,35209.012063069,35209.018078764,35209.07621478,38.3330078125,38.3330078125,0,,0
7114,GF-5-CAM-25,35209.287244188,35209.288969943,35209.349976281,38.3330078125,38.3330078125,0,,0
7116,GF-5-CAM-25,35209.566273095,35209.567441994,35209.66449964,38.3330078125,38.3330078125,0,,0
7118,GF-5-CAM-25,35209.896840655,35209.899522432,35209.946863855,38.3330078125,38.3330078125,0,,0
7120,GF-5-CAM-25,35210.191130474,35210.192491386,35210.253117818,38.3330078125,38.3330078125,0,,0
7122,GF-5-CAM-25,35210.519409754,35210.520805134,35210.578026856,38.3330078125,38.3330078125,0,,0
7124,GF-5-CAM-25,35210.787120967,35210.788582379,35210.856115369,38.3330078125,38.3330078125,0,,0
7126,GF-5-CAM-25,35211.068308604,35211.071334743,35211.131462808,38.3330078125,38.3330078125,0,,0
7128,GF-5-CAM-25,35211.352682216,35211.3559288,35211.404305542,38.3330078125,38.3330078125,0,,0
7130,GF-5-CAM-25,35211.630039771,35211.632911531,35211.715943088,38.3330078125,38.3330078125,0,,0
7132,GF-5-CAM-25,35211.94563657,35211.947418322,35212.010806474,38.3330078125,38.3330078125,0,,0
7134,GF-5-CAM-25,35212.253339774,35212.256170747,35212.314230799,38.3330078125,38.3330078125,0,,0
7136,GF-5-CAM-25,35212.543462878,35212.545263155,35212.626020648,38.3330078125,38.3330078125,0,,0
7138,GF-5-CAM-25,35212.814755401,35212.815667962,35212.880205674,38.3330078125,38.3330078125,0,,0
7140,GF-5-CAM-25,35213.108445928,35213.110696493,35213.191292215,38.3330078125,38.3330078125,0,,0
7142,GF-5-CAM-25,35213.452769963,35213.455390234,35213.537938548,38.3330078125,38.3330078125,0,,0
7144,GF-5-CAM-25,35213.734167629,35213.73541285,35213.822145638,38.3330078125,38.3330078125,0,,0
7146,GF-5-CAM-25,35214.062938435,35214.070482815,35214.151937663,38.3330078125,38.3330078125,0,,0
7148,GF-5-CAM-25,35214.391749216,35214.393097341,35214.496466161,38.3330078125,38.3330078125,0,,0
7150,GF-5-CAM-25,35214.720230735,35214.722753721,35214.79459424,38.3330078125,38.3330078125,0,,0
7152,GF-5-CAM-25,35215.024321311,35215.026926467,35215.086695898,38.3330078125,38.3330078125,0,,0
7154,GF-5-CAM-25,35215.296359614,35215.297457535,35215.388843071,38.3330078125,38.3330078125,0,,0
7156,GF-5-CAM-25,35215.614400935,35215.616343797,35215.670433956,38.3330078125,38.3330078125,0,,0
7158,GF-5-CAM-25,35215.863995242,35215.865041377,35215.910480779,38.3330078125,38.3330078125,0,,0
7160,GF-5-CAM-25,35216.126961624,35216.129667058,35216.188955951,38.3330078125,38.3330078125,0,,0
7162,GF-5-CAM-25,35216.388347966,35216.389507245,35216.459414608,38.3330078125,38.3330078125,0,,0
7164,GF-5-CAM-25,35216.67613741,35216.677081448,35216.74983773,38.3330078125,38.3330078125,0,,0
7166,GF-5-CAM-25,35216.96338678,35216.965345577,35217.044904762,38.3330078125,38.3330078125,0,,0
7168,GF-5-CAM-25,35217.250937801,35217.253111539,35217.355188982,38.3330078125,38.3330078125,0,,0
7170,GF-5-CAM-25,35217.578644722,35217.580606386,35217.639544324,38.3330078125,38.3330078125,0,,0
7172,GF-5-CAM-25,35217.854681764,35217.85560292,35217.934919013,38.3330078125,38.3330078125,0,,0
7174,GF-5-CAM-25,35218.161951492,35218.163344204,35218.259651227,38.3330078125,38.3330078125,0,,0
7176,GF-5-CAM-25,35218.492125809,35218.493317609,35218.594596927,38.3330078125,38.3330078125,0,,0
7178,GF-5-CAM-25,35218.842570121,35218.844521297,35218.924788584,38.3330078125,38.3330078125,0,,0
7180,GF-5-CAM-25,35219.168964876,35219.170729977,35219.265504555,38.3330078125,38.3330078125,0,,0
7182,GF-5-CAM-25,35219.510543333,35219.514378589,35219.603516111,38.3330078125,38.3330078125,0,,0
7184,GF-5-CAM-25,35219.881198883,35219.882779491,35219.945264149,38.3330078125,38.3330078125,0,,0
7186,GF-5-CAM-25,35220.17412203,35220.175191258,35220.248345109,38.3330078125,38.3330078125,0,,0
7188,GF-5-CAM-25,35220.504186297,35220.506366006,35220.580154251,38.3330078125,38.3330078125,0,,0
7190,GF-5-CAM-25,35220.831024973,35220.832681748,35220.919430763,38.3330078125,38.3330078125,0,,0
7192,GF-5-CAM-25,35221.155291434,35221.156992694,35221.231210991,38.3330078125,38.3330078125,0,,0
7194,GF-5-CAM-25,35221.470915239,35221.4731676,35221.549822333,38.3330078125,38.3330078125,0,,0
7196,GF-5-CAM-25,35221.818971462,35221.820434367,35221.887516179,38.3330078125,38.3330078125,0,,0
7198,GF-5-CAM-25,35222.103908335,35222.106632697,35222.191860766,38.3330078125,38.3330078125,0,,0
7200,GF-5-CAM-25,35222.392074817,35222.393291291,35222.442034414,38.3330078125,38.3330078125,0,,0
7202,GF-5-CAM-25,35222.680669619,35222.68229162,35222.753892372,38.3330078125,38.3330078125,0,,0
7204,GF-5-CAM-25,35222.988271102,35222.989786547,35223.063601566,38.3330078125,38.3330078125,0,,0
7206,GF-5-CAM-25,35223.278831912,35223.280198781,35223.3700412,38.3330078125,38.3330078125,0,,0
7208,GF-5-CAM-25,35223.580589248,35223.587799896,35223.660796053,38.3330078125,38.3330078125,0,,0
7210,GF-5-CAM-25,35223.907174198,35223.90854739,35223.956787745,38.3330078125,38.3330078125,0,,0
7212,GF-5-CAM-25,35224.164220932,35224.166007287,35224.215626577,38.3330078125,38.3330078125,0,,0
7214,GF-5-CAM-25,35224.437944819,35224.44040822,35224.497032115,38.3330078125,38.3330078125,0,,0
7216,GF-5-CAM-25,35224.735547274,35224.737573925,35224.797865615,38.3330078125,38.3330078125,0,,0
7218,GF-5-CAM-25,35225.018334267,35225.019257963,35225.082389323,38.3330078125,38.3330078125,0,,0
7220,GF-5-CAM-25,35225.274505351,35225.275532094,35225.346703728,38.3330078125,38.3330078125,0,,0
7222,GF-5-CAM-25,35225.52602682,35225.527796765,35225.581643359,38.3330078125,38.3330078125,0,,0
7224,GF-5-CAM-25,35225.811284022,35225.814025193,35225.866882646,38.3330078125,38.3330078125,0,,0
7226,GF-5-CAM-25,35226.062817722,35226.064840058,35226.137096864,38.3330078125,38.3330078125,0,,0
7228,GF-5-CAM-25,35226.332159579,35226.33361948,35226.416038241,38.3330078125,38.3330078125,0,,0
7230,GF-5-CAM-25,35226.629609969,35226.632660928,35226.695286301,38.3330078125,38.3330078125,0,,0
7232,GF-5-CAM-25,35226.898718841,35226.90104936,35226.951573356,38.3330078125,38.3330078125,0,,0
7234,GF-5-CAM-25,35227.159266193,35227.160458616,35227.204567133,38.3330078125,38.3330078125,0,,0
7236,GF-5-CAM-25,35227.394051416,35227.395189142,35227.487099234,38.3330078125,38.3330078125,0,,0
7238,GF-5-CAM-25,35227.67440049,35227.675892435,35227.744780326,38.3330078125,38.3330078125,0,,0
7240,GF-5-CAM-25,35227.936114392,35227.936713497,35227.979083478,38.3330078125,38.3330078125,0,,0
7242,GF-5-CAM-25,35228.170777972,35228.171754451,35228.219823956,38.3330078125,38.3330078125,0,,0
7244,GF-5-CAM-25,35228.414223995,35228.415298971,35228.466621144,38.3330078125,38.3330078125,0,,0
7246,GF-5-CAM-25,35228.668138053,35228.669182429,35228.712741384,38.3330078125,38.3330078125,0,,0
7248,GF-5-CAM-25,35228.910617301,35228.911755047,35228.966998547,38.3330078125,38.3330078125,0,,0
7250,GF-5-CAM-25,35229.160810714,35229.162125842,35229.226326919,38.3330078125,38.3330078125,0,,0
7252,GF-5-CAM-25,35229.431630555,35229.433579638,35229.484527462,38.3330078125,38.3330078125,0,,0
7254,GF-5-CAM-25,35229.687030604,35229.689223584,35229.766733598,38.3330078125,38.3330078125,0,,0
7256,GF-5-CAM-25,35229.934613645,35229.935523354,35230.007579256,38.3330078125,38.3330078125,0,,0
7258,GF-5-CAM-25,35230.243621105,35230.245234497,35230.306278942,38.3330078125,38.3330078125,0,,0
7260,GF-5-CAM-25,35230.566715227,35230.569269093,35230.624379032,38.3330078125,38.3330078125,0,,0
7262,GF-5-CAM-25,35230.824611045,35230.825628919,35230.899798247,38.3330078125,38.3330078125,0,,0
7264,GF-5-CAM-25,35231.200844869,35231.202874051,35231.265111079,38.3330078125,38.3330078125,0,,0
7266,GF-5-CAM-25,35231.480077453,35231.481600749,35231.551375221,38.3330078125,38.3330078125,0,,0
7268,GF-5-CAM-25,35231.75275087,35231.75437735,35231.850547961,38.3330078125,38.3330078125,0,,0
7270,GF-5-CAM-25,35232.036890343,35232.038292911,35232.101803278,38.3330078125,38.3330078125,0,,0
7272,GF-5-CAM-25,35232.312769804,35232.313897898,35232.359300758,38.3330078125,38.3330078125,0,,0
7274,GF-5-CAM-25,35232.548272672,35232.549251479,35232.619175631,38.3330078125,38.3330078125,0,,0
7276,GF-5-CAM-25,35232.803353069,35232.805478754,35232.871811869,38.3330078125,38.3330078125,0,,0
7278,GF-5-CAM-25,35233.087037846,35233.088661805,35233.158912881,38.3330078125,38.3330078125,0,,0
7280,GF-5-CAM-25,35233.373850748,35233.376187491,35233.431923355,38.3330078125,38.3330078125,0,,0
7282,GF-5-CAM-25,35233.622829386,35233.624227147,35233.692937708,38.3330078125,38.3330078125,0,,0
7284,GF-5-CAM-25,35233.857167064,35233.858395891,35233.920568844,38.3330078125,38.3330078125,0,,0
7286,GF-5-CAM-25,35234.141100056,35234.14246596,35234.188204057,38.3330078125,38.3330078125,0,,0
7288,GF-5-CAM-25,35234.379612786,35234.380737833,35234.445192601,38.3330078125,38.3330078125,0,,0
7290,GF-5-CAM-25,35234.6699581,35234.671018414,35234.718078865,38.3330078125,38.3330078125,0,,0
7292,GF-5-CAM-25,35234.906157593,35234.907380614,35234.980502933,38.3330078125,38.3330078125,0,,0
7294,GF-5-CAM-25,35235.17720597,35235.17844217,35235.245292814,38.3330078125,38.3330078125,0,,0
7296,GF-5-CAM-25,35235.4238438,35235.425444139,35235.48777371,38.3330078125,38.3330078125,0,,0
7298,GF-5-CAM-25,35235.684653879,35235.685834099,35235.739112073,38.3330078125,38.3330078125,0,,0
7300,GF-5-CAM-25,35235.97678847,35235.979780131,35236.029258408,38.3330078125,38.3330078125,0,,0
7302,GF-5-CAM-25,35236.223397615,35236.22573636,35236.293115332,38.3330078125,38.3330078125,0,,0
7304,GF-5-CAM-25,35236.471720772,35236.473417543,35236.528617042,38.3330078125,38.3330078125,0,,0
7306,GF-5-CAM-25,35236.767780169,35236.769711917,35236.857208335,38.3330078125,38.3330078125,0,,0
7308,GF-5-CAM-25,35237.060698607,35237.062731324,35237.14524893,38.3330078125,38.3330078125,0,,0
7310,GF-5-CAM-25,35237.359125307,35237.36077806,35237.43081874,38.3330078125,38.3330078125,0,,0
7312,GF-5-CAM-25,35237.649527063,35237.656758872,35237.742543141,38.3330078125,38.3330078125,0,,0
7314,GF-5-CAM-25,35237.943457446,35237.944640455,35238.006128804,38.3330078125,38.3330078125,0,,0
7316,GF-5-CAM-25,35238.206853889,35238.208739673,35238.25775695,38.3330078125,38.3330078125,0,,0
7318,GF-5-CAM-25,35238.455605137,35238.457018376,35238.52303844,38.3330078125,38.3330078125,0,,0
7320,GF-5-CAM-25,35238.704752343,35238.706681148,35238.757817376,38.3330078125,38.3330078125,0,,0
7322,GF-5-CAM-25,35238.945770332,35238.948716766,35239.024237506,38.3330078125,38.3330078125,0,,0
7324,GF-5-CAM-25,35239.197310636,35239.198996424,35239.247772524,38.3330078125,38.3330078125,0,,0
7326,GF-5-CAM-25,35239.41514872,35239.41637454,35239.47690354,38.3330078125,38.3330078125,0,,0
7328,GF-5-CAM-25,35239.674117435,35239.675459914,35239.73869408,38.3330078125,38.3330078125,0,,0
7330,GF-5-CAM-25,35239.940579389,35239.941852915,35240.007101599,38.3330078125,38.3330078125,0,,0
7332,GF-5-CAM-25,35240.216112343,35240.21892494,35240.280315673,38.3330078125,38.3330078125,0,,0
7334,GF-5-CAM-25,35240.473845897,35240.474724253,35240.535561175,38.3330078125,38.3330078125,0,,0
7336,GF-5-CAM-25,35240.744408207,35240.745495944,35240.842387065,38.3330078125,38.3330078125,0,,0
7338,GF-5-CAM-25,35241.079409289,35241.081904436,35241.156068903,38.3330078125,38.3330078125,0,,0
7340,GF-5-CAM-25,35241.364408841,35241.365654647,35241.429260489,38.3330078125,38.3330078125,0,,0
7342,GF-5-CAM-25,35241.639249702,35241.640189523,35241.731272557,38.3330078125,38.3330078125,0,,0
7344,GF-5-CAM-25,35241.957160161,35241.959194955,35242.037326997,38.3330078125,38.3330078125,0,,0
7346,GF-5-CAM-25,35242.289802365,35242.292185448,35242.353163708,38.3330078125,38.3330078125,0,,0
7348,GF-5-CAM-25,35242.561527949,35242.562815774,35242.628494934,38.3330078125,38.3330078125,0,,0
7350,GF-5-CAM-25,35242.847997487,35242.84901176,35242.960314885,38.3330078125,38.3330078125,0,,0
7352,GF-5-CAM-25,35243.168873693,35243.169955269,35243.256904801,38.3330078125,38.3330078125,0,,0
7354,GF-5-CAM-25,35243.489900946,35243.491239305,35243.550235303,38.3330078125,38.3330078125,0,,0
7356,GF-5-CAM-25,35243.820253121,35243.821764584,35243.901075074,38.3330078125,38.3330078125,0,,0
7358,GF-5-CAM-25,35244.120749315,35244.122765242,35244.19558557,38.3330078125,38.3330078125,0,,0
7360,GF-5-CAM-25,35244.446721192,35244.448625628,35244.518713691,38.3330078125,38.3330078125,0,,0
7362,GF-5-CAM-25,35244.727295797,35244.728942915,35244.797238523,38.3330078125,38.3330078125,0,,0
7364,GF-5-CAM-25,35245.012655015,35245.014801721,35245.062448986,38.3330078125,38.3330078125,0,,0
7366,GF-5-CAM-25,35245.281824459,35245.283399012,35245.354097431,38.3330078125,38.3330078125,0,,0
7368,GF-5-CAM-25,35245.572953214,35245.574209415,35245.624097993,38.3330078125,38.3330078125,0,,0
7370,GF-5-CAM-25,35245.871558599,35245.872989624,35245.947916139,38.3330078125,38.3330078125,0,,0
7372,GF-5-CAM-25,35246.160412551,35246.162553325,35246.216968221,38.3330078125,38.3330078125,0,,0
7374,GF-5-CAM-25,35246.424740338,35246.432646099,35246.492630847,38.3330078125,38.3330078125,0,,0
7376,GF-5-CAM-25,35246.673293949,35246.67468722,35246.760332253,38.3330078125,38.3330078125,0,,0
7378,GF-5-CAM-25,35246.984257848,35246.985664068,35247.045802709,38.3330078125,38.3330078125,0,,0
7380,GF-5-CAM-25,35247.285595729,35247.288478532,35247.33443649,38.3330078125,38.3330078125,0,,0
7382,GF-5-CAM-25,35247.549441832,35247.550442081,35247.670627632,38.3330078125,38.3330078125,0,,0
7384,GF-5-CAM-25,35247.854609474,35247.856350588,35247.919116975,38.3330078125,38.3330078125,0,,0
7386,GF-5-CAM-25,35248.140739394,35248.142493098,35248.22034697,38.3330078125,38.3330078125,0,,0
7388,GF-5-CAM-25,35248.398639983,35248.40147204,35248.474336979,38.3330078125,38.3330078125,0,,0
7390,GF-5-CAM-25,35248.673041183,35248.677320409,35248.721394122,38.3330078125,38.3330078125,0,,0
7392,GF-5-CAM-25,35248.974282441,35248.975479897,35249.020516901,38.3330078125,38.3330078125,0,,0
7394,GF-5-CAM-25,35249.222546611,35249.223408307,35249.270184797,38.3330078125,38.3330078125,0,,0
7396,GF-5-CAM-25,35249.474968855,35249.476400657,35249.543848842,38.3330078125,38.3330078125,0,,0
7398,GF-5-CAM-25,35249.72189194,35249.722897234,35249.784568828,38.3330078125,38.3330078125,0,,0
7400,GF-5-CAM-25,35250.027334954,35250.029531634,35250.11198559,38.3330078125,38.3330078125,0,,0
7402,GF-5-CAM-25,35250.31436263,35250.315904468,35250.369246704,38.3330078125,38.3330078125,0,,0
7404,GF-5-CAM-25,35250.544807683,35250.547559249,35250.628300407,38.3330078125,38.3330078125,0,,0
7406,GF-5-CAM-25,35250.861062857,35250.862434959,35250.927481705,38.3330078125,38.3330078125,0,,0
7408,GF-5-CAM-25,35251.119212774,35251.120476259,35251.181202133,38.3330078125,38.3330078125,0,,0
7410,GF-5-CAM-25,35251.434490453,35251.435506893,35251.482611557,38.3330078125,38.3330078125,0,,0
7412,GF-5-CAM-25,35251.712673844,35251.713900669,35251.781050719,38.3330078125,38.3330078125,0,,0
7414,GF-5-CAM-25,35251.959410239,35251.961438837,35252.02184151,38.3330078125,38.3330078125,0,,0
7416,GF-5-CAM-25,35252.224885693,35252.227702428,35252.289294336,38.3330078125,38.3330078125,0,,0
7418,GF-5-CAM-25,35252.509262492,35252.513752966,35252.597491075,38.3330078125,38.3330078125,0,,0
7420,GF-5-CAM-25,35252.793215022,35252.794982245,35252.865864171,38.3330078125,38.3330078125,0,,0
7422,GF-5-CAM-25,35253.079334382,35253.081584456,35253.139919044,38.3330078125,38.3330078125,0,,0
7424,GF-5-CAM-25,35253.350587514,35253.35327968,35253.411258757,38.3330078125,38.3330078125,0,,0
7426,GF-5-CAM-25,35253.612963448,35253.615117534,35253.670922628,38.3330078125,38.3330078125,0,,0
7428,GF-5-CAM-25,35253.85359224,35253.854917043,35253.951274802,38.3330078125,38.3330078125,0,,0
7430,GF-5-CAM-25,35254.134658831,35254.136492552,35254.20736313,38.3330078125,38.3330078125,0,,0
7432,GF-5-CAM-25,35254.375981266,35254.378270238,35254.435103929,38.3330078125,38.3330078125,0,,0
7434,GF-5-CAM-25,35254.641751949,35254.643197733,35254.719499612,38.3330078125,38.3330078125,0,,0
7436,GF-5-CAM-25,35254.906904658,35254.91411246,35254.970360521,38.3330078125,38.3330078125,0,,0
7438,GF-5-CAM-25,35255.189601778,35255.191222544,35255.254613285,38.3330078125,38.3330078125,0,,0
7440,GF-5-CAM-25,35255.486956428,35255.488554443,35255.554179052,38.3330078125,38.3330078125,0,,0
7442,GF-5-CAM-25,35255.762539838,35255.763495426,35255.830564401,38.3330078125,38.3330078125,0,,0
7444,GF-5-CAM-25,35256.022431052,35256.023406922,35256.077512847,38.3330078125,38.3330078125,0,,0
7446,GF-5-CAM-25,35256.281952334,35256.283140801,35256.350095648,38.3330078125,38.3330078125,0,,0
7448,GF-5-CAM-25,35256.564558901,35256.565441391,35256.648119389,38.3330078125,38.3330078125,0,,0
7450,GF-5-CAM-25,35256.864611415,35256.866296453,35256.936434897,38.3330078125,38.3330078125,0,,0
7452,GF-5-CAM-25,35257.173717118,35257.176138745,35257.217711477,38.3330078125,38.3330078125,0,,0
7454,GF-5-CAM-25,35257.422516285,35257.425373464,35257.490755142,38.3330078125,38.3330078125,0,,0
7456,GF-5-CAM-25,35257.674160075,35257.675093464,35257.778497943,38.3330078125,38.3330078125,0,,0
7458,GF-5-CAM-25,35258.005838008,35258.007207501,35258.059105055,38.3330078125,38.3330078125,0,,0
7460,GF-5-CAM-25,35258.271766075,35258.272884474,35258.341823464,38.3330078125,38.3330078125,0,,0
7462,GF-5-CAM-25,35258.540376737,35258.542352718,35258.626668784,38.3330078125,38.3330078125,0,,0
7464,GF-5-CAM-25,35258.855173961,35258.856850735,35258.911618756,38.3330078125,38.3330078125,0,,0
7466,GF-5-CAM-25,35259.109766557,35259.111277856,35259.210854828,38.3330078125,38.3330078125,0,,0
7468,GF-5-CAM-25,35259.447678822,35259.449261614,35259.515444472,38.3330078125,38.3330078125,0,,0
7470,GF-5-CAM-25,35259.719238163,35259.720798143,35259.777600759,38.3330078125,38.3330078125,0,,0
7472,GF-5-CAM-25,35260.01231256,35260.013659039,35260.086699798,38.3330078125,38.3330078125,0,,0
7474,GF-5-CAM-25,35260.286189799,35260.287945065,35260.344240625,38.3330078125,38.3330078125,0,,0
7481,GF-5-CAM-25,35261.057059488,35261.059171122,35261.108041303,38.3330078125,38.3330078125,0,,0
7483,GF-5-CAM-25,35261.309687148,35261.312722637,35261.375246811,38.3330078125,38.3330078125,0,,0
7485,GF-5-CAM-25,35261.584407567,35261.585200352,35261.65639106,38.3330078125,38.3330078125,0,,0
7487,GF-5-CAM-25,35261.874774291,35261.876223432,35261.939404528,38.3330078125,38.3330078125,0,,0
7489,GF-5-CAM-25,35262.133199462,35262.134358042,35262.187528264,38.3330078125,38.3330078125,0,,0
7491,GF-5-CAM-25,35262.411202506,35262.413251543,35262.49804613,38.3330078125,38.3330078125,0,,0
7493,GF-5-CAM-25,35262.724570518,35262.727332068,35262.806527379,38.3330078125,38.3330078125,0,,0
7495,GF-5-CAM-25,35262.993776328,35262.996803054,35263.076145965,38.3330078125,38.3330078125,0,,0
7497,GF-5-CAM-25,35263.282981267,35263.284702472,35263.336339944,38.3330078125,38.3330078125,0,,0
7499,GF-5-CAM-25,35263.573116229,35263.574321849,35263.649761422,38.3330078125,38.3330078125,0,,0
7501,GF-5-CAM-25,35263.906568639,35263.908570298,35263.989859475,38.3330078125,38.3330078125,0,,0
7503,GF-5-CAM-25,35264.202269023,35264.203897633,35264.285346862,38.3330078125,38.3330078125,0,,0
7505,GF-5-CAM-25,35264.506973906,35264.508132878,35264.557772902,38.3330078125,38.3330078125,0,,0
7507,GF-5-CAM-25,35264.755849568,35264.758253292,35264.860158267,38.3330078125,38.3330078125,0,,0
7509,GF-5-CAM-25,35265.105741458,35265.107261501,35265.166697876,38.3330078125,38.3330078125,0,,0
7511,GF-5-CAM-25,35265.369116479,35265.372386165,35265.444649353,38.3330078125,38.3330078125,0,,0
7513,GF-5-CAM-25,35265.680026833,35265.681983705,35265.790663331,38.3330078125,38.3330078125,0,,0
7515,GF-5-CAM-25,35266.033735914,35266.034802161,35266.098197513,38.3330078125,38.3330078125,0,,0
7517,GF-5-CAM-25,35266.373087698,35266.374994871,35266.439600811,38.3330078125,38.3330078125,0,,0
7519,GF-5-CAM-25,35266.638510204,35266.639621504,35266.709839464,38.3330078125,38.3330078125,0,,0
7521,GF-5-CAM-25,35266.917997655,35266.919598626,35267.007404676,38.3330078125,38.3330078125,0,,0
7523,GF-5-CAM-25,35267.193739004,35267.195781589,35267.285530971,38.3330078125,38.3330078125,0,,0
7525,GF-5-CAM-25,35267.467868303,35267.469492406,35267.57311916,38.3330078125,38.3330078125,0,,0
7527,GF-5-CAM-25,35267.858712741,35267.866629931,35267.910838731,38.3330078125,38.3330078125,0,,0
7529,GF-5-CAM-25,35268.171122874,35268.173614935,35268.227056386,38.3330078125,38.3330078125,0,,0
7531,GF-5-CAM-25,35268.44190892,35268.442975551,35268.517565706,38.3330078125,38.3330078125,0,,0
7533,GF-5-CAM-25,35268.810024574,35268.813325125,35268.89955698,38.3330078125,38.3330078125,0,,0
7535,GF-5-CAM-25,35269.079928462,35269.081249709,35269.155842126,38.3330078125,38.3330078125,0,,0
7537,GF-5-CAM-25,35269.368598245,35269.369725862,35269.417033026,38.3330078125,38.3330078125,0,,0
7539,GF-5-CAM-25,35269.619549084,35269.620729976,35269.673950346,38.3330078125,38.3330078125,0,,0
7541,GF-5-CAM-25,35269.898947862,35269.900146482,35269.973990488,38.3330078125,38.3330078125,0,,0
7543,GF-5-CAM-25,35270.239591138,35270.241684709,35270.312022929,38.3330078125,38.3330078125,0,,0
7545,GF-5-CAM-25,35270.527607576,35270.528666119,35270.590942418,38.3330078125,38.3330078125,0,,0
7547,GF-5-CAM-25,35270.795293071,35270.79732492,35270.856361624,38.3330078125,38.3330078125,0,,0
7549,GF-5-CAM-25,35271.123147206,35271.124912896,35271.174933377,38.3330078125,38.3330078125,0,,0
7551,GF-5-CAM-25,35271.383040763,35271.384277628,35271.451903441,38.3330078125,38.3330078125,0,,0
7553,GF-5-CAM-25,35271.65935808,35271.660943571,35271.710142594,38.3330078125,38.3330078125,0,,0
7555,GF-5-CAM-25,35271.933101373,35271.9339051,35271.998267139,38.3330078125,38.3330078125,0,,0
7557,GF-5-CAM-25,35272.223184244,35272.224599419,35272.290955296,38.3330078125,38.3330078125,0,,0
7559,GF-5-CAM-25,35272.501236414,35272.502356427,35272.566508825,38.3330078125,38.3330078125,0,,0
7561,GF-5-CAM-25,35272.771592301,35272.774926243,35272.871883145,38.3330078125,38.3330078125,0,,0
7563,GF-5-CAM-25,35273.101085686,35273.10224842,35273.151357215,38.3330078125,38.3330078125,0,,0
7565,GF-5-CAM-25,35273.364319604,35273.372850209,35273.434055079,38.3330078125,38.3330078125,0,,0
7567,GF-5-CAM-25,35273.657462101,35273.659291118,35273.732047076,38.3330078125,38.3330078125,0,,0
7569,GF-5-CAM-25,35273.94685121,35273.948226899,35274.007067876,38.3330078125,38.3330078125,0,,0
7571,GF-5-CAM-25,35274.271960678,35274.273821803,35274.329553963,38.3330078125,38.3330078125,0,,0
7573,GF-5-CAM-25,35274.553872678,35274.555365461,35274.645206421,38.3330078125,38.3330078125,0,,0
7575,GF-5-CAM-25,35274.857961809,35274.859081125,35274.917170569,38.3330078125,38.3330078125,0,,0
7577,GF-5-CAM-25,35275.145775242,35275.147040759,35275.197422456,38.3330078125,38.3330078125,0,,0
7579,GF-5-CAM-25,35275.42883626,35275.430260046,35275.531913615,38.3330078125,38.3330078125,0,,0
7581,GF-5-CAM-25,35275.730930328,35275.73270331,35275.791283739,38.3330078125,38.3330078125,0,,0
7583,GF-5-CAM-25,35275.998064038,35275.999607389,35276.100376666,38.3330078125,38.3330078125,0,,0
7585,GF-5-CAM-25,35276.361085106,35276.362584214,35276.417716271,38.3330078125,38.3330078125,0,,0
7587,GF-5-CAM-25,35276.653038411,35276.65426066,35276.718637638,38.3330078125,38.3330078125,0,,0
7589,GF-5-CAM-25,35276.92288668,35276.923902343,35277.00976397,38.3330078125,38.3330078125,0,,0
7591,GF-5-CAM-25,35277.232518617,35277.234611599,35277.290365254,38.3330078125,38.3330078125,0,,0
7593,GF-5-CAM-25,35277.487190899,35277.489095595,35277.561143702,38.3330078125,38.3330078125,0,,0
7595,GF-5-CAM-25,35277.753926314,35277.754746772,35277.839376172,38.3330078125,38.3330078125,0,,0
7597,GF-5-CAM-25,35278.041809549,35278.042928026,35278.109539579,38.3330078125,38.3330078125,0,,0
7599,GF-5-CAM-25,35278.301540221,35278.303282295,35278.375444346,38.3330078125,38.3330078125,0,,0
7601,GF-5-CAM-25,35278.60194595,35278.603277857,35278.66976782,38.3330078125,38.3330078125,0,,0
7603,GF-5-CAM-25,35278.86472485,35278.865877238,35278.92885007,38.3330078125,38.3330078125,0,,0
7605,GF-5-CAM-25,35279.17433602,35279.176263302,35279.235217793,38.3330078125,38.3330078125,0,,0
7607,GF-5-CAM-25,35279.448106395,35279.449798087,35279.516881539,38.3330078125,38.3330078125,0,,0
7609,GF-5-CAM-25,35279.721736126,35279.72331773,35279.796682164,38.3330078125,38.3330078125,0,,0
7611,GF-5-CAM-25,35279.985234803,35279.988064709,35280.039129732,38.3330078125,38.3330078125,0,,0
7613,GF-5-CAM-25,35280.290426385,35280.29349165,35280.348768861,38.3330078125,38.3330078125,0,,0
7615,GF-5-CAM-25,35280.560265405,35280.561836896,35280.65138801,38.3330078125,38.3330078125,0,,0
7617,GF-5-CAM-25,35280.854850976,35280.855934078,35280.930465428,38.3330078125,38.3330078125,0,,0
7619,GF-5-CAM-25,35281.130932066,35281.13311073,35281.201751826,38.3330078125,38.3330078125,0,,0
7621,GF-5-CAM-25,35281.433908984,35281.436371521,35281.50931351,38.3330078125,38.3330078125,0,,0
7623,GF-5-CAM-25,35281.724550339,35281.727135145,35281.8091909,38.3330078125,38.3330078125,0,,0
7625,GF-5-CAM-25,35282.030771642,35282.032584269,35282.097761908,38.3330078125,38.3330078125,0,,0
7627,GF-5-CAM-25,35282.303836945,35282.309718255,35282.381283741,38.3330078125,38.3330078125,0,,0
7629,GF-5-CAM-25,35282.593036924,35282.594854334,35282.659634012,38.3330078125,38.3330078125,0,,0
7631,GF-5-CAM-25,35282.883111006,35282.885647019,35282.964813988,38.3330078125,38.3330078125,0,,0
7633,GF-5-CAM-25,35283.168479501,35283.170995732,35283.268332504,38.3330078125,38.3330078125,0,,0
7635,GF-5-CAM-25,35283.460784811,35283.461684192,35283.503103235,38.3330078125,38.3330078125,0,,0
7637,GF-5-CAM-25,35283.758741166,35283.760168534,35283.808658799,38.3330078125,38.3330078125,0,,0
7639,GF-5-CAM-25,35284.022087466,35284.022886063,35284.054744626,38.3330078125,38.3330078125,0,,0
7641,GF-5-CAM-25,35284.245298856,35284.24749742,35284.297215806,38.3330078125,38.3330078125,0,,0
7643,GF-5-CAM-25,35284.523919525,35284.524944232,35284.606625685,38.3330078125,38.3330078125,0,,0
7645,GF-5-CAM-25,35284.817589984,35284.818709206,35284.87853682,38.3330078125,38.3330078125,0,,0
7647,GF-5-CAM-25,35285.092790777,35285.094079835,35285.168629206,38.3330078125,38.3330078125,0,,0
7649,GF-5-CAM-25,35285.404032805,35285.405470935,35285.451448496,38.3330078125,38.3330078125,0,,0
7651,GF-5-CAM-25,35285.640799963,35285.642182338,35285.702320737,38.3330078125,38.3330078125,0,,0
7653,GF-5-CAM-25,35285.896639893,35285.898127191,35285.953083531,38.3330078125,38.3330078125,0,,0
7655,GF-5-CAM-25,35286.184780651,35286.188028737,35286.275191198,38.3330078125,38.3330078125,0,,0
7657,GF-5-CAM-25,35286.493478321,35286.497247912,35286.602765648,38.3330078125,38.3330078125,0,,0
7659,GF-5-CAM-25,35286.813860183,35286.815156799,35286.868458918,38.3330078125,38.3330078125,0,,0
7661,GF-5-CAM-25,35287.082514383,35287.084127121,35287.141668733,38.3330078125,38.3330078125,0,,0
7663,GF-5-CAM-25,35287.335929651,35287.338392552,35287.395211834,38.3330078125,38.3330078125,0,,0
7665,GF-5-CAM-25,35287.580997956,35287.582422793,35287.658722655,38.3330078125,38.3330078125,0,,0
7667,GF-5-CAM-25,35287.872812973,35287.876449143,35287.947131319,38.3330078125,38.3330078125,0,,0
7669,GF-5-CAM-25,35288.163655639,35288.164714006,35288.211971805,38.3330078125,38.3330078125,0,,0
7671,GF-5-CAM-25,35288.427963648,35288.429295511,35288.509333642,38.3330078125,38.3330078125,0,,0
7673,GF-5-CAM-25,35288.725164455,35288.727085534,35288.786907128,38.3330078125,38.3330078125,0,,0
7675,GF-5-CAM-25,35288.998847554,35288.999608355,35289.0629141,38.3330078125,38.3330078125,0,,0
7677,GF-5-CAM-25,35289.290606871,35289.291665491,35289.362583937,38.3330078125,38.3330078125,0,,0
7679,GF-5-CAM-25,35289.579961999,35289.582091211,35289.621463109,38.3330078125,38.3330078125,0,,0
7681,GF-5-CAM-25,35289.843889839,35289.844842024,35289.891232022,38.3330078125,38.3330078125,0,,0
7683,GF-5-CAM-25,35290.090668038,35290.092753302,35290.153767349,38.3330078125,38.3330078125,0,,0
7685,GF-5-CAM-25,35290.352949701,35290.355583915,35290.394586403,38.3330078125,38.3330078125,0,,0
7687,GF-5-CAM-25,35290.607446959,35290.60822584,35290.695312483,38.3330078125,38.3330078125,0,,0
7689,GF-5-CAM-25,35290.932583231,35290.943711097,35291.010883013,38.3330078125,38.3330078125,0,,0
7691,GF-5-CAM-25,35291.265323306,35291.267126279,35291.345340477,38.3330078125,38.3330078125,0,,0
7693,GF-5-CAM-25,35291.563456572,35291.565197079,35291.618999389,38.3330078125,38.3330078125,0,,0
7695,GF-5-CAM-25,35291.83283248,35291.834829199,35291.894621105,38.3330078125,38.3330078125,0,,0
7697,GF-5-CAM-25,35292.102764835,35292.104630345,35292.251348155,38.3330078125,38.3330078125,0,,0
7699,GF-5-CAM-25,35292.464598147,35292.466088748,35292.539795285,38.3330078125,38.3330078125,0,,0
7701,GF-5-CAM-25,35292.756618083,35292.757633333,35292.819582646,38.3330078125,38.3330078125,0,,0
7703,GF-5-CAM-25,35293.05836901,35293.061051446,35293.112609421,38.3330078125,38.3330078125,0,,0
7705,GF-5-CAM-25,35293.346484963,35293.348366241,35293.424930427,38.3330078125,38.3330078125,0,,0
7707,GF-5-CAM-25,35293.645085417,35293.650313228,35293.72578629,38.3330078125,38.3330078125,0,,0
7709,GF-5-CAM-25,35293.974891848,35293.976103764,35294.028234912,38.3330078125,38.3330078125,0,,0
7711,GF-5-CAM-25,35294.268708215,35294.27018786,35294.334764637,38.3330078125,38.3330078125,0,,0
7713,GF-5-CAM-25,35294.568687113,35294.571242501,35294.622193091,38.3330078125,38.3330078125,0,,0
7715,GF-5-CAM-25,35294.837463901,35294.839044581,35294.948287418,38.3330078125,38.3330078125,0,,0
7717,GF-5-CAM-25,35295.28056841,35295.282305894,35295.343966403,38.3330078125,38.3330078125,0,,0
7719,GF-5-CAM-25,35295.575995415,35295.577705903,35295.6625671,38.3330078125,38.3330078125,0,,0
7721,GF-5-CAM-25,35295.897890847,35295.899792123,35296.009469265,38.3330078125,38.3330078125,0,,0
7723,GF-5-CAM-25,35296.263367838,35296.264657548,35296.343033831,38.3330078125,38.3330078125,0,,0
7725,GF-5-CAM-25,35296.600018799,35296.601604986,35296.680208344,38.3330078125,38.3330078125,0,,0
7727,GF-5-CAM-25,35296.933444969,35296.934713085,35297.021343005,38.3330078125,38.3330078125,0,,0
7729,GF-5-CAM-25,35297.263698939,35297.264698071,35297.345800577,38.3330078125,38.3330078125,0,,0
7731,GF-5-CAM-25,35297.554632128,35297.562053952,35297.664900195,38.3330078125,38.3330078125,0,,0
7733,GF-5-CAM-25,35297.885665412,35297.888028056,35297.9422109,38.3330078125,38.3330078125,0,,0
7735,GF-5-CAM-25,35298.162207825,35298.163879698,35298.22160776,38.3330078125,38.3330078125,0,,0
7737,GF-5-CAM-25,35298.475721776,35298.478615861,35298.579280729,38.3330078125,38.3330078125,0,,0
7739,GF-5-CAM-25,35298.836726083,35298.838223809,35298.912071686,38.3330078125,38.3330078125,0,,0
7741,GF-5-CAM-25,35299.105713103,35299.10687723,35299.182200497,38.3330078125,38.3330078125,0,,0
7743,GF-5-CAM-25,35299.39623457,35299.397461485,35299.445280692,38.3330078125,38.3330078125,0,,0
7745,GF-5-CAM-25,35299.642894327,35299.643918159,35299.697115376,38.3330078125,38.3330078125,0,,0
7747,GF-5-CAM-25,35299.921745457,35299.923136242,35300.002337152,38.3330078125,38.3330078125,0,,0
7749,GF-5-CAM-25,35300.185545908,35300.187042047,35300.24261593,38.3330078125,38.3330078125,0,,0
7751,GF-5-CAM-25,35300.435353901,35300.437233291,35300.527150836,38.3330078125,38.3330078125,0,,0
7753,GF-5-CAM-25,35300.75478237,35300.756349951,35300.854072939,38.3330078125,38.3330078125,0,,0
7755,GF-5-CAM-25,35301.042267948,35301.043136991,35301.135216366,38.3330078125,38.3330078125,0,,0
7757,GF-5-CAM-25,35301.36091523,35301.362248965,35301.434110236,38.3330078125,38.3330078125,0,,0
7759,GF-5-CAM-25,35301.625325664,35301.627463958,35301.681749916,38.3330078125,38.3330078125,0,,0
7761,GF-5-CAM-25,35301.85625117,35301.858935747,35301.949318017,38.3330078125,38.3330078125,0,,0
7763,GF-5-CAM-25,35302.146884218,35302.148226458,35302.212057649,38.3330078125,38.3330078125,0,,0
7765,GF-5-CAM-25,35302.42380161,35302.425591549,35302.489548592,38.3330078125,38.3330078125,0,,0
7767,GF-5-CAM-25,35302.735792993,35302.737555535,35302.797773073,38.3330078125,38.3330078125,0,,0
7769,GF-5-CAM-25,35303.012204295,35303.013547314,35303.078676423,38.3330078125,38.3330078125,0,,0
7771,GF-5-CAM-25,35303.273369403,35303.276425685,35303.337627087,38.3330078125,38.3330078125,0,,0
7773,GF-5-CAM-25,35303.531549593,35303.533542751,35303.60407462,38.3330078125,38.3330078125,0,,0
7775,GF-5-CAM-25,35303.805131339,35303.806969549,35303.859326658,38.3330078125,38.3330078125,0,,0
7777,GF-5-CAM-25,35304.068075673,35304.069777016,35304.127569908,38.3330078125,38.3330078125,0,,0
7779,GF-5-CAM-25,35304.369819475,35304.372485281,35304.432914645,38.3330078125,38.3330078125,0,,0
7781,GF-5-CAM-25,35304.621966853,35304.623335528,35304.704702249,38.3330078125,38.3330078125,0,,0
7783,GF-5-CAM-25,35304.944866919,35304.94675311,35305.029868378,38.3330078125,38.3330078125,0,,0
7785,GF-5-CAM-25,35305.247143363,35305.248340269,35305.31628454,38.3330078125,38.3330078125,0,,0
7787,GF-5-CAM-25,35305.510629885,35305.51181217,35305.567275118,38.3330078125,38.3330078125,0,,0
7789,GF-5-CAM-25,35305.753216929,35305.754797076,35305.816065801,38.3330078125,38.3330078125,0,,0
7791,GF-5-CAM-25,35306.003283444,35306.005348844,35306.080540216,38.3330078125,38.3330078125,0,,0
7793,GF-5-CAM-25,35306.275437667,35306.282929516,35306.348998622,38.3330078125,38.3330078125,0,,0
7795,GF-5-CAM-25,35306.615114427,35306.617350381,35306.66598951,38.3330078125,38.3330078125,0,,0
7797,GF-5-CAM-25,35306.874641934,35306.875890134,35306.921040613,38.3330078125,38.3330078125,0,,0
7799,GF-5-CAM-25,35307.135432828,35307.137779668,35307.212717458,38.3330078125,38.3330078125,0,,0
7801,GF-5-CAM-25,35307.387890803,35307.388574736,35307.423788259,38.3330078125,38.3330078125,0,,0
7803,GF-5-CAM-25,35307.712044105,35307.71360421,35307.776462964,38.3330078125,38.3330078125,0,,0
7805,GF-5-CAM-25,35307.985580628,35307.986803716,35308.03385673,38.3330078125,38.3330078125,0,,0
7807,GF-5-CAM-25,35308.263212385,35308.264762166,35308.323706813,38.3330078125,38.3330078125,0,,0
7809,GF-5-CAM-25,35308.584335648,35308.585760136,35308.64999922,38.3330078125,38.3330078125,0,,0
7811,GF-5-CAM-25,35308.845190211,35308.846952679,35308.922544632,38.3330078125,38.3330078125,0,,0
7813,GF-5-CAM-25,35309.108873662,35309.110034264,35309.177593264,38.3330078125,38.3330078125,0,,0
7815,GF-5-CAM-25,35309.348566452,35309.350746674,35309.439195992,38.3330078125,38.3330078125,0,,0
7817,GF-5-CAM-25,35309.635831926,35309.637179375,35309.695624308,38.3330078125,38.3330078125,0,,0
7819,GF-5-CAM-25,35309.905228112,35309.908344672,35309.954064974,38.3330078125,38.3330078125,0,,0
7821,GF-5-CAM-25,35310.128541392,35310.129364486,35310.189973099,38.3330078125,38.3330078125,0,,0
7823,GF-5-CAM-25,35310.380165946,35310.381601812,35310.44196433,38.3330078125,38.3330078125,0,,0
7825,GF-5-CAM-25,35310.630459658,35310.631529585,35310.705481881,38.3330078125,38.3330078125,0,,0
7827,GF-5-CAM-25,35310.900197844,35310.901333587,35310.947939996,38.3330078125,38.3330078125,0,,0
7829,GF-5-CAM-25,35311.166798019,35311.169567742,35311.235143792,38.3330078125,38.3330078125,0,,0
7831,GF-5-CAM-25,35311.490416891,35311.493113809,35311.572711088,38.3330078125,38.3330078125,0,,0
7833,GF-5-CAM-25,35311.769151675,35311.770314273,35311.81954489,38.3330078125,38.3330078125,0,,0
7835,GF-5-CAM-25,35312.014532141,35312.016979956,35312.067474589,38.3330078125,38.3330078125,0,,0
7837,GF-5-CAM-25,35312.262537987,35312.263537868,35312.322799795,38.3330078125,38.3330078125,0,,0
7839,GF-5-CAM-25,35312.549859581,35312.551263114,35312.618818592,38.3330078125,38.3330078125,0,,0
7841,GF-5-CAM-25,35312.825409416,35312.827384165,35312.911787149,38.3330078125,38.3330078125,0,,0
7843,GF-5-CAM-25,35313.086799175,35313.087552771,35313.150304605,38.3330078125,38.3330078125,0,,0
7845,GF-5-CAM-25,35313.370847539,35313.378838671,35313.437850685,38.3330078125,38.3330078125,0,,0
7847,GF-5-CAM-25,35313.650671481,35313.651735942,35313.703834245,38.3330078125,38.3330078125,0,,0
7849,GF-5-CAM-25,35313.903719271,35313.905064228,35313.967776205,38.3330078125,38.3330078125,0,,0
7851,GF-5-CAM-25,35314.163198722,35314.164394019,35314.243777131,38.3330078125,38.3330078125,0,,0
7853,GF-5-CAM-25,35314.444059429,35314.445674073,35314.502133255,38.3330078125,38.3330078125,0,,0
7855,GF-5-CAM-25,35314.713203326,35314.721715774,35314.780847045,38.3330078125,38.3330078125,0,,0
7857,GF-5-CAM-25,35314.96486224,35314.965771296,35315.024258176,38.3330078125,38.3330078125,0,,0
7859,GF-5-CAM-25,35315.22467978,35315.225816607,35315.314834426,38.3330078125,38.3330078125,0,,0
7861,GF-5-CAM-25,35315.510822252,35315.512510013,35315.588847197,38.3330078125,38.3330078125,0,,0
7863,GF-5-CAM-25,35315.796862946,35315.798370904,35315.876386507,38.3330078125,38.3330078125,0,,0
7865,GF-5-CAM-25,35316.080895096,35316.081786273,35316.14893978,38.3330078125,38.3330078125,0,,0
7867,GF-5-CAM-25,35316.363708322,35316.364580837,35316.428789613,38.3330078125,38.3330078125,0,,0
7869,GF-5-CAM-25,35316.651943591,35316.653037372,35316.7011963,38.3330078125,38.3330078125,0,,0
7871,GF-5-CAM-25,35316.945247053,35316.956501368,35317.01143404,38.3330078125,38.3330078125,0,,0
7873,GF-5-CAM-25,35317.263801279,35317.265345232,35317.329285307,38.3330078125,38.3330078125,0,,0
7875,GF-5-CAM-25,35317.556366378,35317.558524901,35317.611881386,38.3330078125,38.3330078125,0,,0
7877,GF-5-CAM-25,35317.786238647,35317.787369735,35317.851204436,38.3330078125,38.3330078125,0,,0
7879,GF-5-CAM-25,35318.045468632,35318.047925529,35318.096481837,38.3330078125,38.3330078125,0,,0
7881,GF-5-CAM-25,35318.302090315,35318.303633544,35318.374840731,38.3330078125,38.3330078125,0,,0
7883,GF-5-CAM-25,35318.569439374,35318.570543186,35318.640811453,38.3330078125,38.3330078125,0,,0
7885,GF-5-CAM-25,35318.8290447,35318.830549495,35318.912941558,38.3330078125,38.3330078125,0,,0
7887,GF-5-CAM-25,35319.113105422,35319.1144745,35319.166043041,38.3330078125,38.3330078125,0,,0
7889,GF-5-CAM-25,35319.364717851,35319.365943924,35319.459963291,38.3330078125,38.3330078125,0,,0
7891,GF-5-CAM-25,35319.641309313,35319.64236931,35319.727706208,38.3330078125,38.3330078125,0,,0
7893,GF-5-CAM-25,35319.931597364,35319.934319409,35319.986551155,38.3330078125,38.3330078125,0,,0
7895,GF-5-CAM-25,35320.196079868,35320.197137457,35320.259814267,38.3330078125,38.3330078125,0,,0
7897,GF-5-CAM-25,35320.486808304,35320.48856165,35320.573799037,38.3330078125,38.3330078125,0,,0
7899,GF-5-CAM-25,35320.771801175,35320.772524701,35320.822318841,38.3330078125,38.3330078125,0,,0
7901,GF-5-CAM-25,35321.005860403,35321.007167854,35321.076085677,38.3330078125,38.3330078125,0,,0
7903,GF-5-CAM-25,35321.290577877,35321.293688763,35321.330173764,38.3330078125,38.3330078125,0,,0
7905,GF-5-CAM-25,35321.535513033,35321.537402771,35321.598980886,38.3330078125,38.3330078125,0,,0
7907,GF-5-CAM-25,35321.809745302,35321.811139644,35321.887307099,38.3330078125,38.3330078125,0,,0
7909,GF-5-CAM-25,35322.102729079,35322.105434332,35322.156033578,38.3330078125,38.3330078125,0,,0
7911,GF-5-CAM-25,35322.334355481,35322.335781647,35322.414951192,38.3330078125,38.3330078125,0,,0
7913,GF-5-CAM-25,35322.660086198,35322.661865407,35322.739812174,38.3330078125,38.3330078125,0,,0
7915,GF-5-CAM-25,35322.956224664,35322.957186714,35322.996085258,38.3330078125,38.3330078125,0,,0
7917,GF-5-CAM-25,35323.209654267,35323.210951324,35323.273051372,38.3330078125,38.3330078125,0,,0
7919,GF-5-CAM-25,35323.468923149,35323.47145839,35323.524129602,38.3330078125,38.3330078125,0,,0
7921,GF-5-CAM-25,35323.732168721,35323.732840928,35323.790470408,38.3330078125,38.3330078125,0,,0
7923,GF-5-CAM-25,35323.994899076,35323.997545479,35324.061770256,38.3330078125,38.3330078125,0,,0
7925,GF-5-CAM-25,35324.245858735,35324.247759087,35324.337860965,38.3330078125,38.3330078125,0,,0
7927,GF-5-CAM-25,35324.525211087,35324.526703623,35324.56679123,38.3330078125,38.3330078125,0,,0
7929,GF-5-CAM-25,35324.78260144,35324.784639795,35324.83243352,38.3330078125,38.3330078125,0,,0
7931,GF-5-CAM-25,35325.070264871,35325.071369521,35325.115151303,38.3330078125,38.3330078125,0,,0
7933,GF-5-CAM-25,35325.302662454,35325.30412306,35325.360282107,38.3330078125,38.3330078125,0,,0
7935,GF-5-CAM-25,35325.533963511,35325.535387938,35325.601565696,38.3330078125,38.3330078125,0,,0
7937,GF-5-CAM-25,35325.802703742,35325.803820281,35325.864336476,38.3330078125,38.3330078125,0,,0
7939,GF-5-CAM-25,35326.066663887,35326.068352006,35326.105095654,38.3330078125,38.3330078125,0,,0
7941,GF-5-CAM-25,35326.317886242,35326.320309995,35326.379965825,38.3330078125,38.3330078125,0,,0
7943,GF-5-CAM-25,35326.569391476,35326.572228814,35326.63917842,38.3330078125,38.3330078125,0,,0
7945,GF-5-CAM-25,35326.841125749,35326.842597024,35326.918770533,38.3330078125,38.3330078125,0,,0
7947,GF-5-CAM-25,35327.128112564,35327.129485501,35327.181487692,38.3330078125,38.3330078125,0,,0
7949,GF-5-CAM-25,35327.397848157,35327.400841205,35327.453190145,38.3330078125,38.3330078125,0,,0
7951,GF-5-CAM-25,35327.619705126,35327.620755473,35327.71441911,38.3330078125,38.3330078125,0,,0
7953,GF-5-CAM-25,35327.977958648,35327.97920907,35328.034562508,38.3330078125,38.3330078125,0,,0
7955,GF-5-CAM-25,35328.254346159,35328.256324928,35328.311141684,38.3330078125,38.3330078125,0,,0
7957,GF-5-CAM-25,35328.520679417,35328.5218577,35328.577786792,38.3330078125,38.3330078125,0,,0
7959,GF-5-CAM-25,35328.808475984,35328.814219446,35328.855264588,38.3330078125,38.3330078125,0,,0
7961,GF-5-CAM-25,35329.028868119,35329.030105981,35329.101925682,38.3330078125,38.3330078125,0,,0
7963,GF-5-CAM-25,35329.319093032,35329.319670374,35329.363914146,38.3330078125,38.3330078125,0,,0
7965,GF-5-CAM-25,35329.573545566,35329.575197561,35329.626618436,38.3330078125,38.3330078125,0,,0
7967,GF-5-CAM-25,35329.816773154,35329.818660385,35329.892752665,38.3330078125,38.3330078125,0,,0
7969,GF-5-CAM-25,35330.115078706,35330.115882085,35330.168391381,38.3330078125,38.3330078125,0,,0
7971,GF-5-CAM-25,35330.366134251,35330.366892228,35330.429814053,38.3330078125,38.3330078125,0,,0
7973,GF-5-CAM-25,35330.636861717,35330.638953271,35330.699599969,38.3330078125,38.3330078125,0,,0
7975,GF-5-CAM-25,35330.973678473,35330.974842871,35331.018835327,38.3330078125,38.3330078125,0,,0
7977,GF-5-CAM-25,35331.250267253,35331.251444774,35331.310351146,38.3330078125,38.3330078125,0,,0
7979,GF-5-CAM-25,35331.51659803,35331.517544473,35331.595523454,38.3330078125,38.3330078125,0,,0
7981,GF-5-CAM-25,35331.776781975,35331.77784296,35331.835951326,38.3330078125,38.3330078125,0,,0
7983,GF-5-CAM-25,35332.046959235,35332.049841272,35332.124279318,38.3330078125,38.3330078125,0,,0
7985,GF-5-CAM-25,35332.292887468,35332.29549563,35332.370728552,38.3330078125,38.3330078125,0,,0
7987,GF-5-CAM-25,35332.558140965,35332.559021785,35332.608377866,38.3330078125,38.3330078125,0,,0
7989,GF-5-CAM-25,35332.786115019,35332.79032927,35332.838110132,38.3330078125,38.3330078125,0,,0
7991,GF-5-CAM-25,35333.007670665,35333.008632346,35333.050300266,38.3330078125,38.3330078125,0,,0
7993,GF-5-CAM-25,35333.25798398,35333.260731464,35333.336643065,38.3330078125,38.3330078125,0,,0
7995,GF-5-CAM-25,35333.516835862,35333.517855877,35333.56455112,38.3330078125,38.3330078125,0,,0
7997,GF-5-CAM-25,35333.737566516,35333.738847557,35333.784252738,38.3330078125,38.3330078125,0,,0
7999,GF-5-CAM-25,35334.053630412,35334.05545114,35334.114421656,38.3330078125,38.3330078125,0,,0
8001,GF-5-CAM-25,35334.317970409,35334.319480078,35334.366548695,38.3330078125,38.3330078125,0,,0
8003,GF-5-CAM-25,35334.557021839,35334.558719824,35334.64028521,38.3330078125,38.3330078125,0,,0
8005,GF-5-CAM-25,35334.844090256,35334.845058117,35334.894837958,38.3330078125,38.3330078125,0,,0
8007,GF-5-CAM-25,35335.097532974,35335.098708543,35335.150476213,38.3330078125,38.3330078125,0,,0
8009,GF-5-CAM-25,35335.386526601,35335.3885372,35335.452372859,38.3330078125,38.3330078125,0,,0
8011,GF-5-CAM-25,35335.637212581,35335.640310034,35335.684688942,38.3330078125,38.3330078125,0,,0
8013,GF-5-CAM-25,35335.93102036,35335.932331753,35335.995672104,38.3330078125,38.3330078125,0,,0
8015,GF-5-CAM-25,35336.203219178,35336.204835286,35336.256751781,38.3330078125,38.3330078125,0,,0
8017,GF-5-CAM-25,35336.492405977,35336.498793212,35336.547276072,38.3330078125,38.3330078125,0,,0
8019,GF-5-CAM-25,35336.759587282,35336.761165399,35336.83959207,38.3330078125,38.3330078125,0,,0
8021,GF-5-CAM-25,35337.066440004,35337.077634959,35337.134294648,38.3330078125,38.3330078125,0,,0
8023,GF-5-CAM-25,35337.345056858,35337.346028546,35337.414567007,38.3330078125,38.3330078125,0,,0
8025,GF-5-CAM-25,35337.630649103,35337.633045697,35337.691075236,38.3330078125,38.3330078125,0,,0
8027,GF-5-CAM-25,35337.882895771,35337.884231289,35337.9383678,38.3330078125,38.3330078125,0,,0
8029,GF-5-CAM-25,35338.133044048,35338.135452337,35338.21728093,38.3330078125,38.3330078125,0,,0
8031,GF-5-CAM-25,35338.485355285,35338.48745881,35338.55268586,38.3330078125,38.3330078125,0,,0
8033,GF-5-CAM-25,35338.776957503,35338.780750215,35338.846336209,38.3330078125,38.3330078125,0,,0
8035,GF-5-CAM-25,35339.054645334,35339.056689771,35339.133159386,38.3330078125,38.3330078125,0,,0
8037,GF-5-CAM-25,35339.330337422,35339.3316795,35339.386438175,38.3330078125,38.3330078125,0,,0
8039,GF-5-CAM-25,35339.573173325,35339.574731967,35339.659191029,38.3330078125,38.3330078125,0,,0
8041,GF-5-CAM-25,35339.845857454,35339.847278725,35339.945647832,38.3330078125,38.3330078125,0,,0
8043,GF-5-CAM-25,35340.124618923,35340.126928225,35340.192688371,38.3330078125,38.3330078125,0,,0
8045,GF-5-CAM-25,35340.383049424,35340.385723977,35340.452982812,38.3330078125,38.3330078125,0,,0
8047,GF-5-CAM-25,35340.654731728,35340.65685084,35340.707957629,38.3330078125,38.3330078125,0,,0
8049,GF-5-CAM-25,35340.97891745,35340.980707075,35341.046506077,38.3330078125,38.3330078125,0,,0
8051,GF-5-CAM-25,35341.242273374,35341.243599973,35341.329388187,38.3330078125,38.3330078125,0,,0
8053,GF-5-CAM-25,35341.525924267,35341.527049541,35341.587650482,38.3330078125,38.3330078125,0,,0
8055,GF-5-CAM-25,35341.80707988,35341.808405969,35341.875877311,38.3330078125,38.3330078125,0,,0
8057,GF-5-CAM-25,35342.101186961,35342.102155949,35342.15798386,38.3330078125,38.3330078125,0,,0
8059,GF-5-CAM-25,35342.363842676,35342.364909375,35342.423174928,38.3330078125,38.3330078125,0,,0
8061,GF-5-CAM-25,35342.622193718,35342.623622487,35342.687665447,38.3330078125,38.3330078125,0,,0
8063,GF-5-CAM-25,35342.907903004,35342.909703258,35342.987166781,38.3330078125,38.3330078125,0,,0
8065,GF-5-CAM-25,35343.200154987,35343.20453844,35343.272430511,38.3330078125,38.3330078125,0,,0
8067,GF-5-CAM-25,35343.454987616,35343.456529738,35343.524138815,38.3330078125,38.3330078125,0,,0
8069,GF-5-CAM-25,35343.73878302,35343.740887277,35343.786360567,38.3330078125,38.3330078125,0,,0
8071,GF-5-CAM-25,35344.008262281,35344.00960138,35344.068105109,38.3330078125,38.3330078125,0,,0
8073,GF-5-CAM-25,35344.289903505,35344.291607414,35344.377849826,38.3330078125,38.3330078125,0,,0
8075,GF-5-CAM-25,35344.55435163,35344.555554577,35344.601674895,38.3330078125,38.3330078125,0,,0
8077,GF-5-CAM-25,35344.809575579,35344.810778879,35344.870299781,38.3330078125,38.3330078125,0,,0
8079,GF-5-CAM-25,35345.06832762,35345.06963935,35345.125997898,38.3330078125,38.3330078125,0,,0
8081,GF-5-CAM-25,35345.319311424,35345.320675088,35345.388499121,38.3330078125,38.3330078125,0,,0
8083,GF-5-CAM-25,35345.62311201,35345.626899609,35345.678846585,38.3330078125,38.3330078125,0,,0
8085,GF-5-CAM-25,35345.888566519,35345.890154351,35345.957078511,38.3330078125,38.3330078125,0,,0
8087,GF-5-CAM-25,35346.127157991,35346.129150213,35346.189671561,38.3330078125,38.3330078125,0,,0
8089,GF-5-CAM-25,35346.398176688,35346.40099401,35346.460746438,38.3330078125,38.3330078125,0,,0
8091,GF-5-CAM-25,35346.692299242,35346.694371321,35346.763750849,38.3330078125,38.3330078125,0,,0
8093,GF-5-CAM-25,35346.954437567,35346.955593726,35347.016693812,38.3330078125,38.3330078125,0,,0
8095,GF-5-CAM-25,35347.248612361,35347.250429636,35347.310741243,38.3330078125,38.3330078125,0,,0
8097,GF-5-CAM-25,35347.514666878,35347.516483817,35347.571682312,38.3330078125,38.3330078125,0,,0
8099,GF-5-CAM-25,35347.759564818,35347.760821959,35347.813157956,38.3330078125,38.3330078125,0,,0
8101,GF-5-CAM-25,35348.039665305,35348.040885429,35348.103200693,38.3330078125,38.3330078125,0,,0
8103,GF-5-CAM-25,35348.314152075,35348.316639833,35348.396027818,38.3330078125,38.3330078125,0,,0
8105,GF-5-CAM-25,35348.602927182,35348.605035681,35348.661884874,38.3330078125,38.3330078125,0,,0
8107,GF-5-CAM-25,35348.858140279,35348.859787396,35348.938156601,38.3330078125,38.3330078125,0,,0
8109,GF-5-CAM-25,35349.128734087,35349.130134028,35349.205746899,38.3330078125,38.3330078125,0,,0
8111,GF-5-CAM-25,35349.396859804,35349.398525559,35349.469145169,38.3330078125,38.3330078125,0,,0
8113,GF-5-CAM-25,35349.655403013,35349.656556336,35349.71992537,38.3330078125,38.3330078125,0,,0
8115,GF-5-CAM-25,35349.910208105,35349.91154583,35349.951873855,38.3330078125,38.3330078125,0,,0
8117,GF-5-CAM-25,35350.177542111,35350.178965601,35350.246993076,38.3330078125,38.3330078125,0,,0
8119,GF-5-CAM-25,35350.465677862,35350.467574529,35350.52472963,38.3330078125,38.3330078125,0,,0
8121,GF-5-CAM-25,35350.753056291,35350.754133629,35350.813658831,38.3330078125,38.3330078125,0,,0
8123,GF-5-CAM-25,35351.008500598,35351.010518961,35351.074767457,38.3330078125,38.3330078125,0,,0
8125,GF-5-CAM-25,35351.291026552,35351.293987843,35351.346631357,38.3330078125,38.3330078125,0,,0
8127,GF-5-CAM-25,35351.539271382,35351.54053642,35351.618673261,38.3330078125,38.3330078125,0,,0
8129,GF-5-CAM-25,35351.81572667,35351.817152331,35351.905085976,38.3330078125,38.3330078125,0,,0
8131,GF-5-CAM-25,35352.08908825,35352.09351979,35352.149932145,38.3330078125,38.3330078125,0,,0
8133,GF-5-CAM-25,35352.340362366,35352.341714759,35352.423212124,38.3330078125,38.3330078125,0,,0
8135,GF-5-CAM-25,35352.625706541,35352.627778997,35352.703065769,38.3330078125,38.3330078125,0,,0
8137,GF-5-CAM-25,35352.900766696,35352.902617159,35352.961026679,38.3330078125,38.3330078125,0,,0
8139,GF-5-CAM-25,35353.139272971,35353.140350701,35353.188624463,38.3330078125,38.3330078125,0,,0
8141,GF-5-CAM-25,35353.384093871,35353.385123954,35353.456809207,38.3330078125,38.3330078125,0,,0
8143,GF-5-CAM-25,35353.651687107,35353.653979456,35353.734855638,38.3330078125,38.3330078125,0,,0
8145,GF-5-CAM-25,35353.936168868,35353.937112205,35353.987448772,38.3330078125,38.3330078125,0,,0
8147,GF-5-CAM-25,35354.221910319,35354.223802898,35354.303609381,38.3330078125,38.3330078125,0,,0
8149,GF-5-CAM-25,35354.514490456,35354.515857204,35354.56313361,38.3330078125,38.3330078125,0,,0
8151,GF-5-CAM-25,35354.776857995,35354.779028702,35354.822420183,38.3330078125,38.3330078125,0,,0
8153,GF-5-CAM-25,35355.063653576,35355.066141898,35355.123688126,38.3330078125,38.3330078125,0,,0
8155,GF-5-CAM-25,35355.36423865,35355.365357422,35355.427852964,38.3330078125,38.3330078125,0,,0
8157,GF-5-CAM-25,35355.652644015,35355.654033428,35355.703860265,38.3330078125,38.3330078125,0,,0
8159,GF-5-CAM-25,35355.957104625,35355.958627165,35356.004880893,38.3330078125,38.3330078125,0,,0
8161,GF-5-CAM-25,35356.211920049,35356.213559381,35356.266536301,38.3330078125,38.3330078125,0,,0
8163,GF-5-CAM-25,35356.525318783,35356.527855208,35356.600641381,38.3330078125,38.3330078125,0,,0
8165,GF-5-CAM-25,35356.822487536,35356.825103499,35356.880902158,38.3330078125,38.3330078125,0,,0
8167,GF-5-CAM-25,35357.067249079,35357.068313557,35357.129389136,38.3330078125,38.3330078125,0,,0
8169,GF-5-CAM-25,35357.311819806,35357.313798627,35357.370489227,38.3330078125,38.3330078125,0,,0
8171,GF-5-CAM-25,35357.58167053,35357.582635611,35357.683960627,38.3330078125,38.3330078125,0,,0
8173,GF-5-CAM-25,35357.846728097,35357.848296543,35357.946680234,38.3330078125,38.3330078125,0,,0
8175,GF-5-CAM-25,35358.148283465,35358.149806377,35358.211133807,38.3330078125,38.3330078125,0,,0
8177,GF-5-CAM-25,35358.422464869,35358.42332512,35358.467316021,38.3330078125,38.3330078125,0,,0
8179,GF-5-CAM-25,35358.704943541,35358.706439306,35358.759333958,38.3330078125,38.3330078125,0,,0
8181,GF-5-CAM-25,35358.949466898,35358.950717726,35359.004423943,38.3330078125,38.3330078125,0,,0
8183,GF-5-CAM-25,35359.229130182,35359.230819667,35359.323609829,38.3330078125,38.3330078125,0,,0
8185,GF-5-CAM-25,35359.533903203,35359.535566359,35359.601846116,38.3330078125,38.3330078125,0,,0
8187,GF-5-CAM-25,35359.791038118,35359.806551139,35359.886596049,38.3330078125,38.3330078125,0,,0
8189,GF-5-CAM-25,35360.074987036,35360.07646945,35360.13072826,38.3330078125,38.3330078125,0,,0
8191,GF-5-CAM-25,35360.345470737,35360.348352492,35360.388679223,38.3330078125,38.3330078125,0,,0
8193,GF-5-CAM-25,35360.568396655,35360.569934888,35360.679442608,38.3330078125,38.3330078125,0,,0
8195,GF-5-CAM-25,35360.864468209,35360.865507909,35360.928887429,38.3330078125,38.3330078125,0,,0
8197,GF-5-CAM-25,35361.142215934,35361.142834648,35361.191217609,38.3330078125,38.3330078125,0,,0
8199,GF-5-CAM-25,35361.412288644,35361.413888517,35361.487226993,38.3330078125,38.3330078125,0,,0
8201,GF-5-CAM-25,35361.689133713,35361.690534636,35361.73750264,38.3330078125,38.3330078125,0,,0
8203,GF-5-CAM-25,35361.940015762,35361.942503141,35362.0112178,38.3330078125,38.3330078125,0,,0
8205,GF-5-CAM-25,35362.189181063,35362.189949123,35362.266163083,38.3330078125,38.3330078125,0,,0
8207,GF-5-CAM-25,35362.474459664,35362.476870896,35362.537941796,38.3330078125,38.3330078125,0,,0
8209,GF-5-CAM-25,35362.714426695,35362.71499984,35362.751901971,38.3330078125,38.3330078125,0,,0
8211,GF-5-CAM-25,35362.966164393,35362.967035556,35363.011035603,38.3330078125,38.3330078125,0,,0
8213,GF-5-CAM-25,35363.225856572,35363.226626267,35363.266835385,38.3330078125,38.3330078125,0,,0
8215,GF-5-CAM-25,35363.456132358,35363.45742573,35363.525180185,38.3330078125,38.3330078125,0,,0
8217,GF-5-CAM-25,35363.728406364,35363.729820899,35363.810160706,38.3330078125,38.3330078125,0,,0
8219,GF-5-CAM-25,35364.001927505,35364.003203601,35364.040128947,38.3330078125,38.3330078125,0,,0
8221,GF-5-CAM-25,35364.246824981,35364.249807136,35364.310921778,38.3330078125,38.3330078125,0,,0
8223,GF-5-CAM-25,35364.514109725,35364.515759089,35364.59274115,38.3330078125,38.3330078125,0,,0
8225,GF-5-CAM-25,35364.783287496,35364.785677341,35364.850452399,38.3330078125,38.3330078125,0,,0
8227,GF-5-CAM-25,35365.021256874,35365.022273416,35365.059701899,38.3330078125,38.3330078125,0,,0
8229,GF-5-CAM-25,35365.258914307,35365.260327997,35365.320670507,38.3330078125,38.3330078125,0,,0
8231,GF-5-CAM-25,35365.556897185,35365.560202965,35365.607766924,38.3330078125,38.3330078125,0,,0
8233,GF-5-CAM-25,35365.818580887,35365.820106487,35365.873595967,38.3330078125,38.3330078125,0,,0
8235,GF-5-CAM-25,35366.084512884,35366.087794433,35366.173198787,38.3330078125,38.3330078125,0,,0
8237,GF-5-CAM-25,35366.367130679,35366.368128493,35366.427046971,38.3330078125,38.3330078125,0,,0
8239,GF-5-CAM-25,35366.628568085,35366.630138875,35366.689898158,38.3330078125,38.3330078125,0,,0
8241,GF-5-CAM-25,35366.886805485,35366.888672444,35366.945728837,38.3330078125,38.3330078125,0,,0
8243,GF-5-CAM-25,35367.148899464,35367.150070593,35367.218459814,38.3330078125,38.3330078125,0,,0
8245,GF-5-CAM-25,35367.396729275,35367.398222674,35367.447471809,38.3330078125,38.3330078125,0,,0
8247,GF-5-CAM-25,35367.628924011,35367.630181662,35367.683446111,38.3330078125,38.3330078125,0,,0
8249,GF-5-CAM-25,35367.908410557,35367.914782043,35367.971937168,38.3330078125,38.3330078125,0,,0
8251,GF-5-CAM-25,35368.203992907,35368.205451805,35368.265982745,38.3330078125,38.3330078125,0,,0
8253,GF-5-CAM-25,35368.453758083,35368.457711192,35368.529390624,38.3330078125,38.3330078125,0,,0
8255,GF-5-CAM-25,35368.709839306,35368.71068893,35368.765028967,38.3330078125,38.3330078125,0,,0
8257,GF-5-CAM-25,35368.968863818,35368.972717002,35369.028258161,38.3330078125,38.3330078125,0,,0
8259,GF-5-CAM-25,35369.236293768,35369.238654413,35369.296152939,38.3330078125,38.3330078125,0,,0
8261,GF-5-CAM-25,35369.487247731,35369.488985154,35369.555684588,38.3330078125,38.3330078125,0,,0
8263,GF-5-CAM-25,35369.753251169,35369.754271902,35369.810528404,38.3330078125,38.3330078125,0,,0
8265,GF-5-CAM-25,35369.989581555,35369.990526374,35370.045551759,38.3330078125,38.3330078125,0,,0
8267,GF-5-CAM-25,35370.246893306,35370.248241574,35370.308200928,38.3330078125,38.3330078125,0,,0
8269,GF-5-CAM-25,35370.495633565,35370.497568823,35370.580958852,38.3330078125,38.3330078125,0,,0
8271,GF-5-CAM-25,35370.807099359,35370.808843472,35370.880643855,38.3330078125,38.3330078125,0,,0
8273,GF-5-CAM-25,35371.073913716,35371.075405143,35371.1292942,38.3330078125,38.3330078125,0,,0
8275,GF-5-CAM-25,35371.333842688,35371.337537559,35371.39284399,38.3330078125,38.3330078125,0,,0
8277,GF-5-CAM-25,35371.586344645,35371.589235104,35371.664898367,38.3330078125,38.3330078125,0,,0
8279,GF-5-CAM-25,35371.898875156,35371.900043286,35371.977859491,38.3330078125,38.3330078125,0,,0
8281,GF-5-CAM-25,35372.161576994,35372.16340532,35372.22508163,38.3330078125,38.3330078125,0,,0
8283,GF-5-CAM-25,35372.414823278,35372.416248417,35372.480988171,38.3330078125,38.3330078125,0,,0
8285,GF-5-CAM-25,35372.71562093,35372.716703494,35372.769182502,38.3330078125,38.3330078125,0,,0
8287,GF-5-CAM-25,35372.954138902,35372.955591559,35373.02202118,38.3330078125,38.3330078125,0,,0
8289,GF-5-CAM-25,35373.200133398,35373.202427915,35373.262553867,38.3330078125,38.3330078125,0,,0
8291,GF-5-CAM-25,35373.464799022,35373.467158957,35373.523922546,38.3330078125,38.3330078125,0,,0
8293,GF-5-CAM-25,35373.727359769,35373.730162463,35373.78355579,38.3330078125,38.3330078125,0,,0
8295,GF-5-CAM-25,35373.984689229,35373.986239581,35374.063654642,38.3330078125,38.3330078125,0,,0
8297,GF-5-CAM-25,35374.24117209,35374.242446748,35374.298807307,38.3330078125,38.3330078125,0,,0
8299,GF-5-CAM-25,35374.490609046,35374.491720686,35374.579315253,38.3330078125,38.3330078125,0,,0
8301,GF-5-CAM-25,35374.787568807,35374.788340795,35374.843553965,38.3330078125,38.3330078125,0,,0
8303,GF-5-CAM-25,35375.054609681,35375.056885175,35375.13080133,38.3330078125,38.3330078125,0,,0
8305,GF-5-CAM-25,35375.388817895,35375.390519262,35375.440473716,38.3330078125,38.3330078125,0,,0
8307,GF-5-CAM-25,35375.627991135,35375.628767104,35375.685565261,38.3330078125,38.3330078125,0,,0
8309,GF-5-CAM-25,35375.87275874,35375.873479392,35375.959670673,38.3330078125,38.3330078125,0,,0
8311,GF-5-CAM-25,35376.187529527,35376.205794989,35376.29177297,38.3330078125,38.3330078125,0,,0
8313,GF-5-CAM-25,35376.499203496,35376.500303989,35376.567997789,38.3330078125,38.3330078125,0,,0
8315,GF-5-CAM-25,35376.76681616,35376.768873281,35376.817718611,38.3330078125,38.3330078125,0,,0
8317,GF-5-CAM-25,35377.032614064,35377.036307068,35377.11193989,38.3330078125,38.3330078125,0,,0
8319,GF-5-CAM-25,35377.304860877,35377.308686209,35377.377983257,38.3330078125,38.3330078125,0,,0
8321,GF-5-CAM-25,35377.591404562,35377.594091841,35377.646840781,38.3330078125,38.3330078125,0,,0
8323,GF-5-CAM-25,35377.836813679,35377.837807452,35377.926331264,38.3330078125,38.3330078125,0,,0
8325,GF-5-CAM-25,35378.129554264,35378.130622134,35378.170141247,38.3330078125,38.3330078125,0,,0
8327,GF-5-CAM-25,35378.347661404,35378.348878325,35378.397693206,38.3330078125,38.3330078125,0,,0
8329,GF-5-CAM-25,35378.607081239,35378.608438797,35378.662584529,38.3330078125,38.3330078125,0,,0
8331,GF-5-CAM-25,35378.847450032,35378.848848065,35378.92392075,38.3330078125,38.3330078125,0,,0
8333,GF-5-CAM-25,35379.130344822,35379.132727341,35379.205726522,38.3330078125,38.3330078125,0,,0
8335,GF-5-CAM-25,35379.417242339,35379.419926407,35379.471017247,38.3330078125,38.3330078125,0,,0
8337,GF-5-CAM-25,35379.668070591,35379.668862836,35379.731521003,38.3330078125,38.3330078125,0,,0
8339,GF-5-CAM-25,35379.931612962,35379.93545617,35380.013739452,38.3330078125,38.3330078125,0,,0
8341,GF-5-CAM-25,35380.237786782,35380.239273994,35380.296945591,38.3330078125,38.3330078125,0,,0
8343,GF-5-CAM-25,35380.476443143,35380.478314836,35380.534547992,38.3330078125,38.3330078125,0,,0
8345,GF-5-CAM-25,35380.728744404,35380.731676267,35380.786698835,38.3330078125,38.3330078125,0,,0
8347,GF-5-CAM-25,35380.975236147,35380.976117881,35381.051601893,38.3330078125,38.3330078125,0,,0
8349,GF-5-CAM-25,35381.258222588,35381.263494777,35381.322347176,38.3330078125,38.3330078125,0,,0
8351,GF-5-CAM-25,35381.574912694,35381.57641465,35381.643619644,38.3330078125,38.3330078125,0,,0
8353,GF-5-CAM-25,35381.887237351,35381.88998514,35382.018064748,38.3330078125,38.3330078125,0,,0
8355,GF-5-CAM-25,35382.207632673,35382.208846399,35382.255076967,38.3330078125,38.3330078125,0,,0
8357,GF-5-CAM-25,35382.441208799,35382.443151861,35382.499768712,38.3330078125,38.3330078125,0,,0
8359,GF-5-CAM-25,35382.711744922,35382.714517636,35382.778627662,38.3330078125,38.3330078125,0,,0
8361,GF-5-CAM-25,35382.971362593,35382.973603885,35383.020160236,38.3330078125,38.3330078125,0,,0
8363,GF-5-CAM-25,35383.259792494,35383.260898789,35383.339161158,38.3330078125,38.3330078125,0,,0
8365,GF-5-CAM-25,35383.609581687,35383.61039928,35383.663946786,38.3330078125,38.3330078125,0,,0
8367,GF-5-CAM-25,35383.866402919,35383.868279152,35383.937943739,38.3330078125,38.3330078125,0,,0
8369,GF-5-CAM-25,35384.165274191,35384.167205436,35384.239400339,38.3330078125,38.3330078125,0,,0
8371,GF-5-CAM-25,35384.471787923,35384.472927968,35384.525998978,38.3330078125,38.3330078125,0,,0
8373,GF-5-CAM-25,35384.734459191,35384.735550061,35384.79539302,38.3330078125,38.3330078125,0,,0
8375,GF-5-CAM-25,35384.993559553,35384.994302486,35385.047633988,38.3330078125,38.3330078125,0,,0
8377,GF-5-CAM-25,35385.25572681,35385.258480445,35385.334139848,38.3330078125,38.3330078125,0,,0
8379,GF-5-CAM-25,35385.548839466,35385.550830626,35385.607303836,38.3330078125,38.3330078125,0,,0
8381,GF-5-CAM-25,35385.809556188,35385.810818417,35385.866953941,38.3330078125,38.3330078125,0,,0
8383,GF-5-CAM-25,35386.055055724,35386.056042219,35386.104199647,38.3330078125,38.3330078125,0,,0
8385,GF-5-CAM-25,35386.286539085,35386.287975311,35386.347602095,38.3330078125,38.3330078125,0,,0
8387,GF-5-CAM-25,35386.532974886,35386.535979654,35386.591718807,38.3330078125,38.3330078125,0,,0
8389,GF-5-CAM-25,35386.791120043,35386.795253614,35386.897346983,38.3330078125,38.3330078125,0,,0
8391,GF-5-CAM-25,35387.108533909,35387.109848477,35387.158629098,38.3330078125,38.3330078125,0,,0
8393,GF-5-CAM-25,35387.370211683,35387.371610228,35387.44009103,38.3330078125,38.3330078125,0,,0
8395,GF-5-CAM-25,35387.639847436,35387.641454865,35387.679591852,38.3330078125,38.3330078125,0,,0
8397,GF-5-CAM-25,35387.89590035,35387.897089324,35387.956461796,38.3330078125,38.3330078125,0,,0
8399,GF-5-CAM-25,35388.115597746,35388.117449529,35388.183557639,38.3330078125,38.3330078125,0,,0
8401,GF-5-CAM-25,35388.3663299,35388.367644555,35388.416177544,38.3330078125,38.3330078125,0,,0
8403,GF-5-CAM-25,35388.621731355,35388.623398213,35388.732701791,38.3330078125,38.3330078125,0,,0
8405,GF-5-CAM-25,35388.927639442,35388.929292087,35388.995706688,38.3330078125,38.3330078125,0,,0
8407,GF-5-CAM-25,35389.193730426,35389.194588518,35389.23710543,38.3330078125,38.3330078125,0,,0
8409,GF-5-CAM-25,35389.42673427,35389.428368301,35389.488721579,38.3330078125,38.3330078125,0,,0
8411,GF-5-CAM-25,35389.675574963,35389.677927727,35389.741975926,38.3330078125,38.3330078125,0,,0
8413,GF-5-CAM-25,35389.946488524,35389.947980876,35390.019998874,38.3330078125,38.3330078125,0,,0
8415,GF-5-CAM-25,35390.220898835,35390.227352841,35390.27750547,38.3330078125,38.3330078125,0,,0
8417,GF-5-CAM-25,35390.444612279,35390.445986942,35390.532089612,38.3330078125,38.3330078125,0,,0
8419,GF-5-CAM-25,35390.71002747,35390.711257859,35390.755695425,38.3330078125,38.3330078125,0,,0
8421,GF-5-CAM-25,35390.946699978,35390.948180495,35391.009201743,38.3330078125,38.3330078125,0,,0
8423,GF-5-CAM-25,35391.208816622,35391.210172893,35391.281079448,38.3330078125,38.3330078125,0,,0
8425,GF-5-CAM-25,35391.483486027,35391.485014267,35391.550236007,38.3330078125,38.3330078125,0,,0
8427,GF-5-CAM-25,35391.752588422,35391.753511835,35391.786256654,38.3330078125,38.3330078125,0,,0
8429,GF-5-CAM-25,35391.992053917,35391.992864683,35392.043620058,38.3330078125,38.3330078125,0,,0
8431,GF-5-CAM-25,35392.255371864,35392.256384701,35392.319072029,38.3330078125,38.3330078125,0,,0
8433,GF-5-CAM-25,35392.594100526,35392.595840534,35392.673603226,38.3330078125,38.3330078125,0,,0
8435,GF-5-CAM-25,35392.851878993,35392.852949608,35392.913291254,38.3330078125,38.3330078125,0,,0
8437,GF-5-CAM-25,35393.126198216,35393.127355836,35393.18869358,38.3330078125,38.3330078125,0,,0
8439,GF-5-CAM-25,35393.368702832,35393.369525402,35393.424093574,38.3330078125,38.3330078125,0,,0
8441,GF-5-CAM-25,35393.601333046,35393.602244116,35393.679533352,38.3330078125,38.3330078125,0,,0
8443,GF-5-CAM-25,35393.974782704,35393.977192346,35394.04263378,38.3330078125,38.3330078125,0,,0
8445,GF-5-CAM-25,35394.269282125,35394.270337753,35394.33076697,38.3330078125,38.3330078125,0,,0
8447,GF-5-CAM-25,35394.496152873,35394.49730878,35394.551029443,38.3330078125,38.3330078125,0,,0
8449,GF-5-CAM-25,35394.745163796,35394.747095342,35394.814181998,38.3330078125,38.3330078125,0,,0
8451,GF-5-CAM-25,35394.979153966,35394.980820934,35395.039348459,38.3330078125,38.3330078125,0,,0
8453,GF-5-CAM-25,35395.268733014,35395.269959916,35395.32985428,38.3330078125,38.3330078125,0,,0
8455,GF-5-CAM-25,35395.499028593,35395.500232334,35395.553550099,38.3330078125,38.3330078125,0,,0
8457,GF-5-CAM-25,35395.753677123,35395.754589355,35395.798020559,38.3330078125,38.3330078125,0,,0
8459,GF-5-CAM-25,35395.996181632,35395.997360468,35396.058346345,38.3330078125,38.3330078125,0,,0
8461,GF-5-CAM-25,35396.272707077,35396.274353413,35396.337310592,38.3330078125,38.3330078125,0,,0
8463,GF-5-CAM-25,35396.574379618,35396.57595835,35396.643654079,38.3330078125,38.3330078125,0,,0
8465,GF-5-CAM-25,35396.828220568,35396.830692973,35396.898369482,38.3330078125,38.3330078125,0,,0
8467,GF-5-CAM-25,35397.081958972,35397.08318562,35397.125732408,38.3330078125,38.3330078125,0,,0
8469,GF-5-CAM-25,35397.310297826,35397.311351763,35397.370907416,38.3330078125,38.3330078125,0,,0
8471,GF-5-CAM-25,35397.579313088,35397.580480515,35397.622492079,38.3330078125,38.3330078125,0,,0
8473,GF-5-CAM-25,35397.795528379,35397.79728363,35397.847356226,38.3330078125,38.3330078125,0,,0
8475,GF-5-CAM-25,35398.055105037,35398.056313148,35398.102369699,38.3330078125,38.3330078125,0,,0
8477,GF-5-CAM-25,35398.281264897,35398.285758122,35398.328494675,38.3330078125,38.3330078125,0,,0
8479,GF-5-CAM-25,35398.559872867,35398.561095118,35398.610299757,38.3330078125,38.3330078125,0,,0
8481,GF-5-CAM-25,35398.785159655,35398.787130463,35398.871916828,38.3330078125,38.3330078125,0,,0
8483,GF-5-CAM-25,35399.080602951,35399.083306521,35399.149840326,38.3330078125,38.3330078125,0,,0
8485,GF-5-CAM-25,35399.354254132,35399.355696062,35399.421296279,38.3330078125,38.3330078125,0,,0
8487,GF-5-CAM-25,35399.606103076,35399.608479539,35399.67747471,38.3330078125,38.3330078125,0,,0
8489,GF-5-CAM-25,35399.877672974,35399.879151215,35399.919452977,38.3330078125,38.3330078125,0,,0
8491,GF-5-CAM-25,35400.139573361,35400.140827652,35400.213718177,38.3330078125,38.3330078125,0,,0
8493,GF-5-CAM-25,35400.471634513,35400.475481923,35400.57374771,38.3330078125,38.3330078125,0,,0
8495,GF-5-CAM-25,35400.760991913,35400.762147021,35400.818800597,38.3330078125,38.3330078125,0,,0
8497,GF-5-CAM-25,35401.011377284,35401.012538439,35401.073050994,38.3330078125,38.3330078125,0,,0
8499,GF-5-CAM-25,35401.274315783,35401.27717272,35401.336222849,38.3330078125,38.3330078125,0,,0
8501,GF-5-CAM-25,35401.541752974,35401.542964502,35401.597471087,38.3330078125,38.3330078125,0,,0
8503,GF-5-CAM-25,35401.803553243,35401.804865993,35401.878998617,38.3330078125,38.3330078125,0,,0
8505,GF-5-CAM-25,35402.058200434,35402.059620045,35402.108973013,38.3330078125,38.3330078125,0,,0
8507,GF-5-CAM-25,35402.341048004,35402.344309384,35402.403344163,38.3330078125,38.3330078125,0,,0
8509,GF-5-CAM-25,35402.623983296,35402.626794664,35402.684829442,38.3330078125,38.3330078125,0,,0
8511,GF-5-CAM-25,35402.874051618,35402.876089567,35402.931952782,38.3330078125,38.3330078125,0,,0
8513,GF-5-CAM-25,35403.132974199,35403.134041762,35403.216027367,38.3330078125,38.3330078125,0,,0
8515,GF-5-CAM-25,35403.467735059,35403.47070434,35403.52649667,38.3330078125,38.3330078125,0,,0
8517,GF-5-CAM-25,35403.730644509,35403.732288548,35403.831939599,38.3330078125,38.3330078125,0,,0
8519,GF-5-CAM-25,35404.022922793,35404.024268503,35404.07816548,38.3330078125,38.3330078125,0,,0
8521,GF-5-CAM-25,35404.286493975,35404.288619227,35404.345191083,38.3330078125,38.3330078125,0,,0
8523,GF-5-CAM-25,35404.546259746,35404.550589049,35404.602592481,38.3330078125,38.3330078125,0,,0
8525,GF-5-CAM-25,35404.807502194,35404.810252031,35404.868370274,38.3330078125,38.3330078125,0,,0
8527,GF-5-CAM-25,35405.044658569,35405.045856046,35405.122727152,38.3330078125,38.3330078125,0,,0
8529,GF-5-CAM-25,35405.347744058,35405.349745036,35405.428953297,38.3330078125,38.3330078125,0,,0
8531,GF-5-CAM-25,35405.625129113,35405.626230366,35405.679615909,38.3330078125,38.3330078125,0,,0
8533,GF-5-CAM-25,35405.899901004,35405.903265608,35405.96157973,38.3330078125,38.3330078125,0,,0
8535,GF-5-CAM-25,35406.194175319,35406.195971617,35406.267919115,38.3330078125,38.3330078125,0,,0
8537,GF-5-CAM-25,35406.493402453,35406.494238568,35406.556641457,38.3330078125,38.3330078125,0,,0
8539,GF-5-CAM-25,35406.757515673,35406.770400379,35406.836403835,38.3330078125,38.3330078125,0,,0
8541,GF-5-CAM-25,35407.040077781,35407.041131066,35407.112802883,38.3330078125,38.3330078125,0,,0
8543,GF-5-CAM-25,35407.30725169,35407.308701188,35407.354966369,38.3330078125,38.3330078125,0,,0
8545,GF-5-CAM-25,35407.577503669,35407.580113904,35407.658463155,38.3330078125,38.3330078125,0,,0
8547,GF-5-CAM-25,35407.863331363,35407.864244636,35407.909394177,38.3330078125,38.3330078125,0,,0
8549,GF-5-CAM-25,35408.084090412,35408.085497371,35408.152198829,38.3330078125,38.3330078125,0,,0
8551,GF-5-CAM-25,35408.358412933,35408.359182005,35408.425620264,38.3330078125,38.3330078125,0,,0
8553,GF-5-CAM-25,35408.655111219,35408.655927891,35408.714070482,38.3330078125,38.3330078125,0,,0
8555,GF-5-CAM-25,35408.920321753,35408.922044573,35409.001491996,38.3330078125,38.3330078125,0,,0
8557,GF-5-CAM-25,35409.204767743,35409.205770195,35409.261248363,38.3330078125,38.3330078125,0,,0
8559,GF-5-CAM-25,35409.458731258,35409.460035144,35409.575178277,38.3330078125,38.3330078125,0,,0
8561,GF-5-CAM-25,35409.806453323,35409.807672749,35409.858149473,38.3330078125,38.3330078125,0,,0
8563,GF-5-CAM-25,35410.068647566,35410.069541476,35410.1151638,38.3330078125,38.3330078125,0,,0
8565,GF-5-CAM-25,35410.323371937,35410.327760753,35410.379792706,38.3330078125,38.3330078125,0,,0
8567,GF-5-CAM-25,35410.629934279,35410.631054798,35410.686934047,38.3330078125,38.3330078125,0,,0
8569,GF-5-CAM-25,35410.871874477,35410.873077935,35410.943567725,38.3330078125,38.3330078125,0,,0
8571,GF-5-CAM-25,35411.140409644,35411.141153676,35411.22325746,38.3330078125,38.3330078125,0,,0
8573,GF-5-CAM-25,35411.48153363,35411.482685684,35411.54183475,38.3330078125,38.3330078125,0,,0
8575,GF-5-CAM-25,35411.739108907,35411.740307062,35411.817463478,38.3330078125,38.3330078125,0,,0
8577,GF-5-CAM-25,35412.045227811,35412.046242208,35412.124149742,38.3330078125,38.3330078125,0,,0
8579,GF-5-CAM-25,35412.322034434,35412.323788173,35412.389567072,38.3330078125,38.3330078125,0,,0
8581,GF-5-CAM-25,35412.580280748,35412.581306011,35412.652567518,38.3330078125,38.3330078125,0,,0
8583,GF-5-CAM-25,35412.862751641,35412.864198447,35412.935974407,38.3330078125,38.3330078125,0,,0
8585,GF-5-CAM-25,35413.153337928,35413.154592802,35413.196397598,38.3330078125,38.3330078125,0,,0
8587,GF-5-CAM-25,35413.376407377,35413.377947177,35413.458250693,38.3330078125,38.3330078125,0,,0
8589,GF-5-CAM-25,35413.647904834,35413.649124623,35413.707882319,38.3330078125,38.3330078125,0,,0
8591,GF-5-CAM-25,35413.909837215,35413.91068641,35413.965268217,38.3330078125,38.3330078125,0,,0
8593,GF-5-CAM-25,35414.172208032,35414.173410715,35414.241199136,38.3330078125,38.3330078125,0,,0
8595,GF-5-CAM-25,35414.469191726,35414.470630862,35414.583798818,38.3330078125,38.3330078125,0,,0
8597,GF-5-CAM-25,35414.805117508,35414.807136356,35414.888662892,38.3330078125,38.3330078125,0,,0
8599,GF-5-CAM-25,35415.07934404,35415.080950737,35415.15836854,38.3330078125,38.3330078125,0,,0
8601,GF-5-CAM-25,35415.388812037,35415.399110974,35415.500440543,38.3330078125,38.3330078125,0,,0
8603,GF-5-CAM-25,35415.708819714,35415.710383914,35415.777274765,38.3330078125,38.3330078125,0,,0
8605,GF-5-CAM-25,35416.018646165,35416.019550626,35416.0756249,38.3330078125,38.3330078125,0,,0
8607,GF-5-CAM-25,35416.303422262,35416.308539137,35416.365671342,38.3330078125,38.3330078125,0,,0
8609,GF-5-CAM-25,35416.598484164,35416.600077364,35416.699084062,38.3330078125,38.3330078125,0,,0
8611,GF-5-CAM-25,35416.906396245,35416.907775079,35416.986675016,38.3330078125,38.3330078125,0,,0
8613,GF-5-CAM-25,35417.218682184,35417.219941972,35417.279375833,38.3330078125,38.3330078125,0,,0
8615,GF-5-CAM-25,35417.503430025,35417.505097132,35417.57409784,38.3330078125,38.3330078125,0,,0
8617,GF-5-CAM-25,35417.833326067,35417.834695222,35417.904069335,38.3330078125,38.3330078125,0,,0
8619,GF-5-CAM-25,35418.134697598,35418.136914722,35418.210023922,38.3330078125,38.3330078125,0,,0
8621,GF-5-CAM-25,35418.432151832,35418.433337416,35418.504456679,38.3330078125,38.3330078125,0,,0
8623,GF-5-CAM-25,35418.741608274,35418.742640868,35418.813891911,38.3330078125,38.3330078125,0,,0
8625,GF-5-CAM-25,35419.044027728,35419.047045962,35419.102619803,38.3330078125,38.3330078125,0,,0
8627,GF-5-CAM-25,35419.322727875,35419.324750763,35419.404701482,38.3330078125,38.3330078125,0,,0
8629,GF-5-CAM-25,35419.64566354,35419.647027589,35419.727208807,38.3330078125,38.3330078125,0,,0
8631,GF-5-CAM-25,35419.954304955,35419.956878622,35420.039491228,38.3330078125,38.3330078125,0,,0
8633,GF-5-CAM-25,35420.267874235,35420.269483172,35420.317761516,38.3330078125,38.3330078125,0,,0
8635,GF-5-CAM-25,35420.535870153,35420.5370426,35420.600127665,38.3330078125,38.3330078125,0,,0
8637,GF-5-CAM-25,35420.822869855,35420.824837931,35420.877147617,38.3330078125,38.3330078125,0,,0
8639,GF-5-CAM-25,35421.132505913,35421.134036078,35421.199767682,38.3330078125,38.3330078125,0,,0
8641,GF-5-CAM-25,35421.447308836,35421.448993403,35421.51628834,38.3330078125,38.3330078125,0,,0
8643,GF-5-CAM-25,35421.751456539,35421.752826811,35421.827749979,38.3330078125,38.3330078125,0,,0
8645,GF-5-CAM-25,35422.046127735,35422.047553667,35422.114571246,38.3330078125,38.3330078125,0,,0
8647,GF-5-CAM-25,35422.330408637,35422.333179422,35422.405878895,38.3330078125,38.3330078125,0,,0
8649,GF-5-CAM-25,35422.677608016,35422.679408583,35422.769168297,38.3330078125,38.3330078125,0,,0
8651,GF-5-CAM-25,35423.021903441,35423.023306017,35423.099421797,38.3330078125,38.3330078125,0,,0
8653,GF-5-CAM-25,35423.317542217,35423.318943463,35423.390867402,38.3330078125,38.3330078125,0,,0
8655,GF-5-CAM-25,35423.616234364,35423.617293853,35423.673221413,38.3330078125,38.3330078125,0,,0
8657,GF-5-CAM-25,35423.879303635,35423.884211442,35423.934670029,38.3330078125,38.3330078125,0,,0
8659,GF-5-CAM-25,35424.138079545,35424.139572299,35424.228695152,38.3330078125,38.3330078125,0,,0
8661,GF-5-CAM-25,35424.441480251,35424.442755604,35424.515858267,38.3330078125,38.3330078125,0,,0
8663,GF-5-CAM-25,35424.712567709,35424.720925026,35424.790419751,38.3330078125,38.3330078125,0,,0
8665,GF-5-CAM-25,35425.017051284,35425.018039906,35425.077242084,38.3330078125,38.3330078125,0,,0
8667,GF-5-CAM-25,35425.291375013,35425.292584146,35425.369455068,38.3330078125,38.3330078125,0,,0
8669,GF-5-CAM-25,35425.55651902,35425.558139231,35425.618301493,38.3330078125,38.3330078125,0,,0
8671,GF-5-CAM-25,35425.812794581,35425.815351103,35425.886286273,38.3330078125,38.3330078125,0,,0
8673,GF-5-CAM-25,35426.054326244,35426.056230418,35426.115702702,38.3330078125,38.3330078125,0,,0
8675,GF-5-CAM-25,35426.345342562,35426.346829865,35426.472460439,38.3330078125,38.3330078125,0,,0
8677,GF-5-CAM-25,35426.714544274,35426.716741567,35426.787517237,38.3330078125,38.3330078125,0,,0
8679,GF-5-CAM-25,35426.982062746,35426.983390358,35427.067808144,38.3330078125,38.3330078125,0,,0
8681,GF-5-CAM-25,35427.283956294,35427.285385386,35427.340311038,38.3330078125,38.3330078125,0,,0
8683,GF-5-CAM-25,35427.535846959,35427.538174158,35427.610612533,38.3330078125,38.3330078125,0,,0
8685,GF-5-CAM-25,35427.83296289,35427.836171662,35427.895916947,38.3330078125,38.3330078125,0,,0
8687,GF-5-CAM-25,35428.087875247,35428.089458334,35428.14081731,38.3330078125,38.3330078125,0,,0
8689,GF-5-CAM-25,35428.354712507,35428.357442,35428.439332553,38.3330078125,38.3330078125,0,,0
8691,GF-5-CAM-25,35428.611473271,35428.613347222,35428.667755657,38.3330078125,38.3330078125,0,,0
8693,GF-5-CAM-25,35428.884879262,35428.886272026,35428.951941463,38.3330078125,38.3330078125,0,,0
8695,GF-5-CAM-25,35429.179790019,35429.18145699,35429.247192735,38.3330078125,38.3330078125,0,,0
8697,GF-5-CAM-25,35429.44909946,35429.450485673,35429.516869535,38.3330078125,38.3330078125,0,,0
8699,GF-5-CAM-25,35429.712383235,35429.713754605,35429.787653185,38.3330078125,38.3330078125,0,,0
8701,GF-5-CAM-25,35429.968052255,35429.968700786,35430.01031319,38.3330078125,38.3330078125,0,,0
8703,GF-5-CAM-25,35430.184498346,35430.186916805,35430.247516581,38.3330078125,38.3330078125,0,,0
8705,GF-5-CAM-25,35430.438896411,35430.43998471,35430.519338252,38.3330078125,38.3330078125,0,,0
8707,GF-5-CAM-25,35430.72404085,35430.725185884,35430.791444441,38.3330078125,38.3330078125,0,,0
8709,GF-5-CAM-25,35431.000109875,35431.001932186,35431.052086022,38.3330078125,38.3330078125,0,,0
8711,GF-5-CAM-25,35431.237783103,35431.239126555,35431.292654019,38.3330078125,38.3330078125,0,,0
8713,GF-5-CAM-25,35431.483382799,35431.484459275,35431.537799186,38.3330078125,38.3330078125,0,,0
8715,GF-5-CAM-25,35431.75031704,35431.753139654,35431.822771916,38.3330078125,38.3330078125,0,,0
8717,GF-5-CAM-25,35432.038229165,35432.039351529,35432.108193017,38.3330078125,38.3330078125,0,,0
8719,GF-5-CAM-25,35432.265109804,35432.26604878,35432.32779054,38.3330078125,38.3330078125,0,,0
8721,GF-5-CAM-25,35432.529482615,35432.530294148,35432.602399415,38.3330078125,38.3330078125,0,,0
8723,GF-5-CAM-25,35432.799905442,35432.800859876,35432.85533373,38.3330078125,38.3330078125,0,,0
8725,GF-5-CAM-25,35433.066134935,35433.071232443,35433.127112248,38.3330078125,38.3330078125,0,,0
8727,GF-5-CAM-25,35433.306859276,35433.307955117,35433.3627423,38.3330078125,38.3330078125,0,,0
8729,GF-5-CAM-25,35433.54874776,35433.549650866,35433.602871265,38.3330078125,38.3330078125,0,,0
8731,GF-5-CAM-25,35433.804451696,35433.808154783,35433.864389129,38.3330078125,38.3330078125,0,,0
8733,GF-5-CAM-25,35434.061877642,35434.064027091,35434.107777449,38.3330078125,38.3330078125,0,,0
8735,GF-5-CAM-25,35434.291855752,35434.295628891,35434.377597467,38.3330078125,38.3330078125,0,,0
8737,GF-5-CAM-25,35434.575024092,35434.576915649,35434.629342667,38.3330078125,38.3330078125,0,,0
8739,GF-5-CAM-25,35434.807428203,35434.808538475,35434.881178986,38.3330078125,38.3330078125,0,,0
8741,GF-5-CAM-25,35435.068650864,35435.069518574,35435.111313765,38.3330078125,38.3330078125,0,,0
8743,GF-5-CAM-25,35435.287190742,35435.289958977,35435.347747581,38.3330078125,38.3330078125,0,,0
8745,GF-5-CAM-25,35435.52764234,35435.529090398,35435.597829428,38.3330078125,38.3330078125,0,,0
8747,GF-5-CAM-25,35435.792587089,35435.79402994,35435.876548338,38.3330078125,38.3330078125,0,,0
8749,GF-5-CAM-25,35436.105729711,35436.106803589,35436.170440904,38.3330078125,38.3330078125,0,,0
8751,GF-5-CAM-25,35436.390983636,35436.392511783,35436.465713407,38.3330078125,38.3330078125,0,,0
8753,GF-5-CAM-25,35436.665912179,35436.668410358,35436.729588107,38.3330078125,38.3330078125,0,,0
8755,GF-5-CAM-25,35436.920477787,35436.922218131,35436.981752378,38.3330078125,38.3330078125,0,,0
8757,GF-5-CAM-25,35437.241568709,35437.24487273,35437.293740561,38.3330078125,38.3330078125,0,,0
8759,GF-5-CAM-25,35437.493037068,35437.494588974,35437.556913685,38.3330078125,38.3330078125,0,,0
8761,GF-5-CAM-25,35437.724086547,35437.725053326,35437.811551451,38.3330078125,38.3330078125,0,,0
8763,GF-5-CAM-25,35438.025656301,35438.027063959,35438.073305992,38.3330078125,38.3330078125,0,,0
8765,GF-5-CAM-25,35438.290974803,35438.293754668,35438.344092057,38.3330078125,38.3330078125,0,,0
8767,GF-5-CAM-25,35438.562310889,35438.5640553,35438.652804551,38.3330078125,38.3330078125,0,,0
8769,GF-5-CAM-25,35438.939604177,35438.94103264,35438.998937744,38.3330078125,38.3330078125,0,,0
8771,GF-5-CAM-25,35439.254515073,35439.259167236,35439.34063323,38.3330078125,38.3330078125,0,,0
8773,GF-5-CAM-25,35439.558347495,35439.562445698,35439.617165645,38.3330078125,38.3330078125,0,,0
8775,GF-5-CAM-25,35439.804946939,35439.806239095,35439.87953775,38.3330078125,38.3330078125,0,,0
8777,GF-5-CAM-25,35440.068915331,35440.070411874,35440.123584663,38.3330078125,38.3330078125,0,,0
8779,GF-5-CAM-25,35440.315982595,35440.317165374,35440.387016437,38.3330078125,38.3330078125,0,,0
8781,GF-5-CAM-25,35440.565189411,35440.566134933,35440.619564242,38.3330078125,38.3330078125,0,,0
8783,GF-5-CAM-25,35440.87387166,35440.875028433,35440.9515855,38.3330078125,38.3330078125,0,,0
8785,GF-5-CAM-25,35441.149389812,35441.151152442,35441.201479572,38.3330078125,38.3330078125,0,,0
8787,GF-5-CAM-25,35441.40330761,35441.411118569,35441.479380415,38.3330078125,38.3330078125,0,,0
8789,GF-5-CAM-25,35441.702584048,35441.703346189,35441.80351334,38.3330078125,38.3330078125,0,,0
8791,GF-5-CAM-25,35442.012717353,35442.014582921,35442.094817632,38.3330078125,38.3330078125,0,,0
8793,GF-5-CAM-25,35442.275724427,35442.277068516,35442.364439124,38.3330078125,38.3330078125,0,,0
8795,GF-5-CAM-25,35442.548202857,35442.549569836,35442.615947816,38.3330078125,38.3330078125,0,,0
8797,GF-5-CAM-25,35442.819447784,35442.820891341,35442.874163026,38.3330078125,38.3330078125,0,,0
8799,GF-5-CAM-25,35443.076887421,35443.079870277,35443.170966716,38.3330078125,38.3330078125,0,,0
8801,GF-5-CAM-25,35443.386809207,35443.38858577,35443.45392282,38.3330078125,38.3330078125,0,,0
8803,GF-5-CAM-25,35443.643489744,35443.644752833,35443.704373034,38.3330078125,38.3330078125,0,,0
8805,GF-5-CAM-25,35443.899620141,35443.900707859,35443.955591228,38.3330078125,38.3330078125,0,,0
8807,GF-5-CAM-25,35444.160788753,35444.162712479,35444.279939154,38.3330078125,38.3330078125,0,,0
8809,GF-5-CAM-25,35444.483870559,35444.485326576,35444.53480946,38.3330078125,38.3330078125,0,,0
8811,GF-5-CAM-25,35444.729073395,35444.731785119,35444.795679685,38.3330078125,38.3330078125,0,,0
8813,GF-5-CAM-25,35445.010692834,35445.011553154,35445.073429964,38.3330078125,38.3330078125,0,,0
8815,GF-5-CAM-25,35445.267240863,35445.269309809,35445.343030803,38.3330078125,38.3330078125,0,,0
8817,GF-5-CAM-25,35445.569611985,35445.57257125,35445.638216077,38.3330078125,38.3330078125,0,,0
8819,GF-5-CAM-25,35445.891840951,35445.89520263,35445.954694087,38.3330078125,38.3330078125,0,,0
8821,GF-5-CAM-25,35446.171907382,35446.173530895,35446.247404565,38.3330078125,38.3330078125,0,,0
8823,GF-5-CAM-25,35446.429966308,35446.431277358,35446.478651629,38.3330078125,38.3330078125,0,,0
8825,GF-5-CAM-25,35446.649886123,35446.651073737,35446.705774622,38.3330078125,38.3330078125,0,,0
8827,GF-5-CAM-25,35446.93630229,35446.937355592,35446.986213337,38.3330078125,38.3330078125,0,,0
8829,GF-5-CAM-25,35447.238729036,35447.249991905,35447.329498127,38.3330078125,38.3330078125,0,,0
8831,GF-5-CAM-25,35447.5260318,35447.528150112,35447.589805283,38.3330078125,38.3330078125,0,,0
8833,GF-5-CAM-25,35447.795054527,35447.796281675,35447.842160942,38.3330078125,38.3330078125,0,,0
8835,GF-5-CAM-25,35448.030654196,35448.034590283,35448.086668252,38.3330078125,38.3330078125,0,,0
8837,GF-5-CAM-25,35448.305649144,35448.306831717,35448.39699872,38.3330078125,38.3330078125,0,,0
8839,GF-5-CAM-25,35448.596463393,35448.59753675,35448.645474905,38.3330078125,38.3330078125,0,,0
8841,GF-5-CAM-25,35448.875859422,35448.877387127,35448.932536893,38.3330078125,38.3330078125,0,,0
8843,GF-5-CAM-25,35449.118906425,35449.119644871,35449.214787557,38.3330078125,38.3330078125,0,,0
8845,GF-5-CAM-25,35449.412323228,35449.413781576,35449.459030005,38.3330078125,38.3330078125,0,,0
8847,GF-5-CAM-25,35449.655594772,35449.65751858,35449.730412393,38.3330078125,38.3330078125,0,,0
8849,GF-5-CAM-25,35449.954688275,35449.95591952,35450.009678954,38.3330078125,38.3330078125,0,,0
8851,GF-5-CAM-25,35450.21113506,35450.212367236,35450.288994687,38.3330078125,38.3330078125,0,,0
8853,GF-5-CAM-25,35450.533256278,35450.534441854,35450.61324523,38.3330078125,38.3330078125,0,,0
8855,GF-5-CAM-25,35450.806858888,35450.808687369,35450.854042598,38.3330078125,38.3330078125,0,,0
8857,GF-5-CAM-25,35451.03728868,35451.039139586,35451.1123028,38.3330078125,38.3330078125,0,,0
8859,GF-5-CAM-25,35451.337949517,35451.338993772,35451.381197369,38.3330078125,38.3330078125,0,,0
8861,GF-5-CAM-25,35451.567740256,35451.569031046,35451.635316693,38.3330078125,38.3330078125,0,,0
8863,GF-5-CAM-25,35451.836507496,35451.839120528,35451.922234167,38.3330078125,38.3330078125,0,,0
8865,GF-5-CAM-25,35452.123233427,35452.124119103,35452.174609796,38.3330078125,38.3330078125,0,,0
8867,GF-5-CAM-25,35452.396079915,35452.396883439,35452.453676166,38.3330078125,38.3330078125,0,,0
8869,GF-5-CAM-25,35452.654328343,35452.655172854,35452.745229043,38.3330078125,38.3330078125,0,,0
8871,GF-5-CAM-25,35452.926763436,35452.9282244,35452.97669027,38.3330078125,38.3330078125,0,,0
8873,GF-5-CAM-25,35453.168331412,35453.171355137,35453.22774227,38.3330078125,38.3330078125,0,,0
8875,GF-5-CAM-25,35453.440435422,35453.441732861,35453.514811204,38.3330078125,38.3330078125,0,,0
8877,GF-5-CAM-25,35453.687864392,35453.690624235,35453.74897144,38.3330078125,38.3330078125,0,,0
8879,GF-5-CAM-25,35453.966991612,35453.968784021,35454.028371701,38.3330078125,38.3330078125,0,,0
8881,GF-5-CAM-25,35454.221023475,35454.223378379,35454.300859858,38.3330078125,38.3330078125,0,,0
8883,GF-5-CAM-25,35454.511516708,35454.512919997,35454.586868709,38.3330078125,38.3330078125,0,,0
8885,GF-5-CAM-25,35454.80133941,35454.802108589,35454.860693008,38.3330078125,38.3330078125,0,,0
8887,GF-5-CAM-25,35455.101611874,35455.103759166,35455.162359541,38.3330078125,38.3330078125,0,,0
8889,GF-5-CAM-25,35455.330993725,35455.332356571,35455.426854713,38.3330078125,38.3330078125,0,,0
8891,GF-5-CAM-25,35455.642883487,35455.648288369,35455.700820744,38.3330078125,38.3330078125,0,,0
8893,GF-5-CAM-25,35455.931989787,35455.934224336,35456.020799958,38.3330078125,38.3330078125,0,,0
8895,GF-5-CAM-25,35456.232985659,35456.234118416,35456.307187827,38.3330078125,38.3330078125,0,,0
8897,GF-5-CAM-25,35456.523061427,35456.52716855,35456.595521567,38.3330078125,38.3330078125,0,,0
8899,GF-5-CAM-25,35456.807477229,35456.80916076,35456.85862064,38.3330078125,38.3330078125,0,,0
8901,GF-5-CAM-25,35457.06805896,35457.069668935,35457.137266296,38.3330078125,38.3330078125,0,,0
8903,GF-5-CAM-25,35457.334580569,35457.335614099,35457.40942314,38.3330078125,38.3330078125,0,,0
8905,GF-5-CAM-25,35457.600902647,35457.602709303,35457.668730471,38.3330078125,38.3330078125,0,,0
8907,GF-5-CAM-25,35457.879129552,35457.880083929,35457.950389905,38.3330078125,38.3330078125,0,,0
8909,GF-5-CAM-25,35458.147802614,35458.148714836,35458.215940365,38.3330078125,38.3330078125,0,,0
8911,GF-5-CAM-25,35458.426487864,35458.427285014,35458.497838612,38.3330078125,38.3330078125,0,,0
8913,GF-5-CAM-25,35458.703887703,35458.705106765,35458.7554487,38.3330078125,38.3330078125,0,,0
8915,GF-5-CAM-25,35458.973176314,35458.974447663,35459.039576683,38.3330078125,38.3330078125,0,,0
8917,GF-5-CAM-25,35459.279882571,35459.281054846,35459.359100139,38.3330078125,38.3330078125,0,,0
8919,GF-5-CAM-25,35459.551531889,35459.552621402,35459.631213838,38.3330078125,38.3330078125,0,,0
8921,GF-5-CAM-25,35459.834075058,35459.835751429,35459.912233966,38.3330078125,38.3330078125,0,,0
8923,GF-5-CAM-25,35460.11339139,35460.114507579,35460.179099561,38.3330078125,38.3330078125,0,,0
8925,GF-5-CAM-25,35460.383814293,35460.385706984,35460.440992664,38.3330078125,38.3330078125,0,,0
8927,GF-5-CAM-25,35460.634596665,35460.635672746,35460.705626184,38.3330078125,38.3330078125,0,,0
8929,GF-5-CAM-25,35460.938518784,35460.939348906,35460.999038234,38.3330078125,38.3330078125,0,,0
8931,GF-5-CAM-25,35461.247329584,35461.248635261,35461.340201548,38.3330078125,38.3330078125,0,,0
8933,GF-5-CAM-25,35461.603568391,35461.604977681,35461.661790136,38.3330078125,38.3330078125,0,,0
8935,GF-5-CAM-25,35461.869578559,35461.870393686,35461.920986894,38.3330078125,38.3330078125,0,,0
8937,GF-5-CAM-25,35462.131527918,35462.132544517,35462.19425816,38.3330078125,38.3330078125,0,,0
8939,GF-5-CAM-25,35462.460125172,35462.461758673,35462.516966362,38.3330078125,38.3330078125,0,,0
8941,GF-5-CAM-25,35462.721109949,35462.723134528,35462.790868126,38.3330078125,38.3330078125,0,,0
8943,GF-5-CAM-25,35462.996138897,35462.997978732,35463.059675452,38.3330078125,38.3330078125,0,,0
8945,GF-5-CAM-25,35463.256811956,35463.259077561,35463.31244263,38.3330078125,38.3330078125,0,,0
8947,GF-5-CAM-25,35463.516606422,35463.517589306,35463.582097413,38.3330078125,38.3330078125,0,,0
8949,GF-5-CAM-25,35463.766897896,35463.767892243,35463.831605099,38.3330078125,38.3330078125,0,,0
8951,GF-5-CAM-25,35464.041507186,35464.042572119,35464.097342093,38.3330078125,38.3330078125,0,,0
8953,GF-5-CAM-25,35464.283869919,35464.292750937,35464.35357687,38.3330078125,38.3330078125,0,,0
8955,GF-5-CAM-25,35464.560315653,35464.561103862,35464.64118457,38.3330078125,38.3330078125,0,,0
8957,GF-5-CAM-25,35464.83073184,35464.831985137,35464.882196925,38.3330078125,38.3330078125,0,,0
8959,GF-5-CAM-25,35465.081405595,35465.082600781,35465.158430916,38.3330078125,38.3330078125,0,,0
8961,GF-5-CAM-25,35465.370916353,35465.372575973,35465.429330192,38.3330078125,38.3330078125,0,,0
8963,GF-5-CAM-25,35465.614440735,35465.615419822,35465.711823615,38.3330078125,38.3330078125,0,,0
8965,GF-5-CAM-25,35465.942231427,35465.945483849,35466.006878103,38.3330078125,38.3330078125,0,,0
8967,GF-5-CAM-25,35466.239721922,35466.241041609,35466.308386952,38.3330078125,38.3330078125,0,,0
8969,GF-5-CAM-25,35466.495479594,35466.497048371,35466.564492385,38.3330078125,38.3330078125,0,,0
8971,GF-5-CAM-25,35466.773662824,35466.774473823,35466.852899822,38.3330078125,38.3330078125,0,,0
8973,GF-5-CAM-25,35467.057891179,35467.05965773,35467.147933254,38.3330078125,38.3330078125,0,,0
8975,GF-5-CAM-25,35467.373361407,35467.376249203,35467.440497031,38.3330078125,38.3330078125,0,,0
8977,GF-5-CAM-25,35467.633359772,35467.635228592,35467.698354092,38.3330078125,38.3330078125,0,,0
8979,GF-5-CAM-25,35467.908562254,35467.909968464,35467.992993728,38.3330078125,38.3330078125,0,,0
8981,GF-5-CAM-25,35468.189044501,35468.19016377,35468.249187513,38.3330078125,38.3330078125,0,,0
8983,GF-5-CAM-25,35468.49031816,35468.491526943,35468.543768125,38.3330078125,38.3330078125,0,,0
8985,GF-5-CAM-25,35468.768129892,35468.772429442,35468.821219112,38.3330078125,38.3330078125,0,,0
8987,GF-5-CAM-25,35469.026689081,35469.027888008,35469.106916058,38.3330078125,38.3330078125,0,,0
8989,GF-5-CAM-25,35469.337468417,35469.339084814,35469.413192256,38.3330078125,38.3330078125,0,,0
8991,GF-5-CAM-25,35469.668457186,35469.670407955,35469.758327705,38.3330078125,38.3330078125,0,,0
8993,GF-5-CAM-25,35469.986944017,35469.987938479,35470.062889997,38.3330078125,38.3330078125,0,,0
8995,GF-5-CAM-25,35470.282510339,35470.285107121,35470.362932697,38.3330078125,38.3330078125,0,,0
8997,GF-5-CAM-25,35470.574338604,35470.575874509,35470.649910778,38.3330078125,38.3330078125,0,,0
8999,GF-5-CAM-25,35470.849733564,35470.850815618,35470.925950968,38.3330078125,38.3330078125,0,,0
9001,GF-5-CAM-25,35471.168965535,35471.170570555,35471.263643407,38.3330078125,38.3330078125,0,,0
9003,GF-5-CAM-25,35471.483566771,35471.486030853,35471.535710604,38.3330078125,38.3330078125,0,,0
9005,GF-5-CAM-25,35471.734439338,35471.7363807,35471.808840543,38.3330078125,38.3330078125,0,,0
9007,GF-5-CAM-25,35472.019683268,35472.020746665,35472.078080227,38.3330078125,38.3330078125,0,,0
9009,GF-5-CAM-25,35472.273416386,35472.274672222,35472.335281039,38.3330078125,38.3330078125,0,,0
9011,GF-5-CAM-25,35472.515734529,35472.517294397,35472.578461399,38.3330078125,38.3330078125,0,,0
9013,GF-5-CAM-25,35472.798044488,35472.799837111,35472.876513057,38.3330078125,38.3330078125,0,,0
9015,GF-5-CAM-25,35473.09647685,35473.10288708,35473.160533956,38.3330078125,38.3330078125,0,,0
9017,GF-5-CAM-25,35473.355886637,35473.357286437,35473.42540977,38.3330078125,38.3330078125,0,,0
9019,GF-5-CAM-25,35473.640114192,35473.643022315,35473.707871511,38.3330078125,38.3330078125,0,,0
9021,GF-5-CAM-25,35473.919666053,35473.921178065,35473.976685711,38.3330078125,38.3330078125,0,,0
9023,GF-5-CAM-25,35474.17221601,35474.173774036,35474.238750938,38.3330078125,38.3330078125,0,,0
9025,GF-5-CAM-25,35474.468081987,35474.469209105,35474.518449404,38.3330078125,38.3330078125,0,,0
9027,GF-5-CAM-25,35474.73931716,35474.740424605,35474.792039795,38.3330078125,38.3330078125,0,,0
9029,GF-5-CAM-25,35474.971618935,35474.97319596,35475.02911289,38.3330078125,38.3330078125,0,,0
9031,GF-5-CAM-25,35475.271173445,35475.272371459,35475.350122344,38.3330078125,38.3330078125,0,,0
9033,GF-5-CAM-25,35475.567991406,35475.569213479,35475.623411511,38.3330078125,38.3330078125,0,,0
9035,GF-5-CAM-25,35475.865260266,35475.866930019,35475.93331774,38.3330078125,38.3330078125,0,,0
9037,GF-5-CAM-25,35476.155919235,35476.15713392,35476.242218057,38.3330078125,38.3330078125,0,,0
9039,GF-5-CAM-25,35476.489914727,35476.491067143,35476.545732879,38.3330078125,38.3330078125,0,,0
9041,GF-5-CAM-25,35476.757667462,35476.761227551,35476.853467213,38.3330078125,38.3330078125,0,,0
9043,GF-5-CAM-25,35477.057926021,35477.059168205,35477.139660367,38.3330078125,38.3330078125,0,,0
9045,GF-5-CAM-25,35477.33979,35477.341264024,35477.411383317,38.3330078125,38.3330078125,0,,0
9047,GF-5-CAM-25,35477.633250461,35477.634519652,35477.736052995,38.3330078125,38.3330078125,0,,0
9049,GF-5-CAM-25,35477.942958177,35477.94396877,35478.001108985,38.3330078125,38.3330078125,0,,0
9051,GF-5-CAM-25,35478.240570389,35478.241731876,35478.29675253,38.3330078125,38.3330078125,0,,0
9053,GF-5-CAM-25,35478.515166342,35478.516177348,35478.56997943,38.3330078125,38.3330078125,0,,0
9055,GF-5-CAM-25,35478.782657012,35478.783638728,35478.831924761,38.3330078125,38.3330078125,0,,0
9057,GF-5-CAM-25,35479.046351973,35479.047912448,35479.110820855,38.3330078125,38.3330078125,0,,0
9059,GF-5-CAM-25,35479.343734736,35479.345297899,35479.429196057,38.3330078125,38.3330078125,0,,0
9061,GF-5-CAM-25,35479.637980015,35479.638878696,35479.701585032,38.3330078125,38.3330078125,0,,0
9063,GF-5-CAM-25,35479.929295806,35479.931117344,35480.010336424,38.3330078125,38.3330078125,0,,0
9065,GF-5-CAM-25,35480.235478477,35480.23709484,35480.315493181,38.3330078125,38.3330078125,0,,0
9067,GF-5-CAM-25,35480.506832348,35480.508475484,35480.576691663,38.3330078125,38.3330078125,0,,0
9069,GF-5-CAM-25,35480.794885778,35480.796377614,35480.857050253,38.3330078125,38.3330078125,0,,0
9071,GF-5-CAM-25,35481.068944687,35481.06993227,35481.122307453,38.3330078125,38.3330078125,0,,0
9073,GF-5-CAM-25,35481.375759826,35481.376993896,35481.4414917,38.3330078125,38.3330078125,0,,0
9075,GF-5-CAM-25,35481.634714496,35481.636248134,35481.709306505,38.3330078125,38.3330078125,0,,0
9077,GF-5-CAM-25,35481.899633185,35481.905692807,35481.953186641,38.3330078125,38.3330078125,0,,0
9079,GF-5-CAM-25,35482.182195991,35482.183742124,35482.252336798,38.3330078125,38.3330078125,0,,0
9081,GF-5-CAM-25,35482.448533334,35482.450084185,35482.515560273,38.3330078125,38.3330078125,0,,0
9083,GF-5-CAM-25,35482.744449846,35482.745905257,35482.799207616,38.3330078125,38.3330078125,0,,0
9085,GF-5-CAM-25,35482.995433887,35482.997867907,35483.066990225,38.3330078125,38.3330078125,0,,0
9087,GF-5-CAM-25,35483.322219118,35483.323429182,35483.385519944,38.3330078125,38.3330078125,0,,0
9089,GF-5-CAM-25,35483.591872306,35483.592799988,35483.65384165,38.3330078125,38.3330078125,0,,0
9091,GF-5-CAM-25,35483.85763993,35483.858440242,35483.923063189,38.3330078125,38.3330078125,0,,0
9093,GF-5-CAM-25,35484.151949115,35484.153108996,35484.237758298,38.3330078125,38.3330078125,0,,0
9095,GF-5-CAM-25,35484.497184926,35484.498426047,35484.585754617,38.3330078125,38.3330078125,0,,0
9097,GF-5-CAM-25,35484.775083364,35484.776147127,35484.833883585,38.3330078125,38.3330078125,0,,0
9099,GF-5-CAM-25,35485.052944329,35485.055615653,35485.148200763,38.3330078125,38.3330078125,0,,0
9101,GF-5-CAM-25,35485.337846774,35485.339082055,35485.421915535,38.3330078125,38.3330078125,0,,0
9103,GF-5-CAM-25,35485.628858876,35485.631327958,35485.728791248,38.3330078125,38.3330078125,0,,0
9105,GF-5-CAM-25,35485.909506335,35485.910903571,35485.963373145,38.3330078125,38.3330078125,0,,0
9107,GF-5-CAM-25,35486.194471252,35486.196510872,35486.258439572,38.3330078125,38.3330078125,0,,0
9109,GF-5-CAM-25,35486.421063035,35486.421926318,35486.505894882,38.3330078125,38.3330078125,0,,0
9111,GF-5-CAM-25,35486.712481014,35486.713574464,35486.755487431,38.3330078125,38.3330078125,0,,0
9113,GF-5-CAM-25,35486.986043242,35486.988171291,35487.029250824,38.3330078125,38.3330078125,0,,0
9115,GF-5-CAM-25,35487.296889537,35487.298112899,35487.357525863,38.3330078125,38.3330078125,0,,0
9117,GF-5-CAM-25,35487.622616448,35487.623558901,35487.68367202,38.3330078125,38.3330078125,0,,0
9119,GF-5-CAM-25,35487.898410685,35487.899552164,35487.944541749,38.3330078125,38.3330078125,0,,0
9121,GF-5-CAM-25,35488.180690411,35488.182597543,35488.230461924,38.3330078125,38.3330078125,0,,0
9123,GF-5-CAM-25,35488.45232328,35488.454776149,35488.528777322,38.3330078125,38.3330078125,0,,0
9125,GF-5-CAM-25,35488.735257482,35488.736869222,35488.806032362,38.3330078125,38.3330078125,0,,0
9127,GF-5-CAM-25,35489.046874594,35489.048791132,35489.110443195,38.3330078125,38.3330078125,0,,0
9129,GF-5-CAM-25,35489.336846432,35489.339318514,35489.421591249,38.3330078125,38.3330078125,0,,0
9131,GF-5-CAM-25,35489.617299065,35489.618943245,35489.681092009,38.3330078125,38.3330078125,0,,0
9133,GF-5-CAM-25,35489.895804855,35489.897070625,35489.946606039,38.3330078125,38.3330078125,0,,0
9135,GF-5-CAM-25,35490.127380573,35490.129284964,35490.205851392,38.3330078125,38.3330078125,0,,0
9137,GF-5-CAM-25,35490.401649542,35490.402718163,35490.498837351,38.3330078125,38.3330078125,0,,0
9139,GF-5-CAM-25,35490.698593773,35490.704665012,35490.768499111,38.3330078125,38.3330078125,0,,0
9141,GF-5-CAM-25,35490.976267689,35490.977766143,35491.033862459,38.3330078125,38.3330078125,0,,0
9143,GF-5-CAM-25,35491.23840631,35491.240806606,35491.2872261,38.3330078125,38.3330078125,0,,0
9145,GF-5-CAM-25,35491.531527689,35491.53330565,35491.585905764,38.3330078125,38.3330078125,0,,0
9147,GF-5-CAM-25,35491.806645666,35491.808793116,35491.880173596,38.3330078125,38.3330078125,0,,0
9149,GF-5-CAM-25,35492.084031816,35492.085279784,35492.135729325,38.3330078125,38.3330078125,0,,0
9151,GF-5-CAM-25,35492.396508377,35492.398094681,35492.458430885,38.3330078125,38.3330078125,0,,0
9153,GF-5-CAM-25,35492.68540311,35492.687201984,35492.771183077,38.3330078125,38.3330078125,0,,0
9155,GF-5-CAM-25,35492.98903449,35492.990210636,35493.074404093,38.3330078125,38.3330078125,0,,0
9157,GF-5-CAM-25,35493.260877068,35493.262196838,35493.330715456,38.3330078125,38.3330078125,0,,0
9159,GF-5-CAM-25,35493.56461418,35493.56694769,35493.633370989,38.3330078125,38.3330078125,0,,0
9161,GF-5-CAM-25,35493.820138111,35493.821574808,35493.905755651,38.3330078125,38.3330078125,0,,0
9163,GF-5-CAM-25,35494.07780065,35494.078486837,35494.149923995,38.3330078125,38.3330078125,0,,0
9165,GF-5-CAM-25,35494.40269529,35494.403907954,35494.467655487,38.3330078125,38.3330078125,0,,0
9167,GF-5-CAM-25,35494.690971424,35494.692733669,35494.762495572,38.3330078125,38.3330078125,0,,0
9169,GF-5-CAM-25,35494.965075439,35494.966087736,35495.029878944,38.3330078125,38.3330078125,0,,0
9171,GF-5-CAM-25,35495.227984821,35495.231051317,35495.283471011,38.3330078125,38.3330078125,0,,0
9173,GF-5-CAM-25,35495.518601632,35495.520218169,35495.580084757,38.3330078125,38.3330078125,0,,0
9175,GF-5-CAM-25,35495.769608153,35495.770499937,35495.841767779,38.3330078125,38.3330078125,0,,0
9177,GF-5-CAM-25,35496.083535903,35496.085547221,35496.1445952,38.3330078125,38.3330078125,0,,0
9179,GF-5-CAM-25,35496.369775434,35496.371359718,35496.441394552,38.3330078125,38.3330078125,0,,0
9181,GF-5-CAM-25,35496.638954097,35496.64014387,35496.688896221,38.3330078125,38.3330078125,0,,0
9183,GF-5-CAM-25,35496.935387999,35496.938620792,35497.00491966,38.3330078125,38.3330078125,0,,0
9185,GF-5-CAM-25,35497.210649956,35497.211437745,35497.267067018,38.3330078125,38.3330078125,0,,0
9187,GF-5-CAM-25,35497.475778983,35497.478148931,35497.543151656,38.3330078125,38.3330078125,0,,0
9189,GF-5-CAM-25,35497.735901655,35497.737266475,35497.794784029,38.3330078125,38.3330078125,0,,0
9191,GF-5-CAM-25,35498.033487078,35498.036051946,35498.0908878,38.3330078125,38.3330078125,0,,0
9193,GF-5-CAM-25,35498.348067196,35498.349824737,35498.431735115,38.3330078125,38.3330078125,0,,0
9195,GF-5-CAM-25,35498.671964687,35498.672958477,35498.735126462,38.3330078125,38.3330078125,0,,0
9197,GF-5-CAM-25,35498.942990747,35498.94475991,35499.016977447,38.3330078125,38.3330078125,0,,0
9199,GF-5-CAM-25,35499.293258503,35499.294618743,35499.386640893,38.3330078125,38.3330078125,0,,0
9201,GF-5-CAM-25,35499.612565953,35499.623327734,35499.722573312,38.3330078125,38.3330078125,0,,0
9203,GF-5-CAM-25,35499.934060732,35499.93662286,35500.051392014,38.3330078125,38.3330078125,0,,0
9205,GF-5-CAM-25,35500.281250215,35500.282930456,35500.355511725,38.3330078125,38.3330078125,0,,0
9207,GF-5-CAM-25,35500.592599472,35500.593971914,35500.656377658,38.3330078125,38.3330078125,0,,0
9209,GF-5-CAM-25,35500.886383567,35500.887317438,35500.96976585,38.3330078125,38.3330078125,0,,0
9211,GF-5-CAM-25,35501.187951695,35501.189695456,35501.259152877,38.3330078125,38.3330078125,0,,0
9213,GF-5-CAM-25,35501.46428587,35501.465736874,35501.546951789,38.3330078125,38.3330078125,0,,0
9215,GF-5-CAM-25,35501.775660469,35501.778771548,35501.83382315,38.3330078125,38.3330078125,0,,0
9217,GF-5-CAM-25,35502.028247465,35502.0311221,35502.110697484,38.3330078125,38.3330078125,0,,0
9219,GF-5-CAM-25,35502.332228966,35502.335257792,35502.439940012,38.3330078125,38.3330078125,0,,0
9221,GF-5-CAM-25,35502.641541139,35502.643364292,35502.735629272,38.3330078125,38.3330078125,0,,0
9223,GF-5-CAM-25,35502.974108102,35502.97594492,35503.041836601,38.3330078125,38.3330078125,0,,0
9225,GF-5-CAM-25,35503.253240595,35503.255564021,35503.370773921,38.3330078125,38.3330078125,0,,0
9227,GF-5-CAM-25,35503.660303237,35503.663602844,35503.732756374,38.3330078125,38.3330078125,0,,0
9229,GF-5-CAM-25,35503.992581191,35503.996169428,35504.077559832,38.3330078125,38.3330078125,0,,0
9231,GF-5-CAM-25,35504.303965951,35504.305433198,35504.376764241,38.3330078125,38.3330078125,0,,0
9233,GF-5-CAM-25,35504.640438449,35504.641719304,35504.687816871,38.3330078125,38.3330078125,0,,0
9235,GF-5-CAM-25,35504.914489555,35504.9176509,35505.00362052,38.3330078125,38.3330078125,0,,0
9237,GF-5-CAM-25,35505.240889135,35505.242046911,35505.321538798,38.3330078125,38.3330078125,0,,0
9239,GF-5-CAM-25,35505.522805907,35505.524910719,35505.583527853,38.3330078125,38.3330078125,0,,0
9241,GF-5-CAM-25,35505.805998624,35505.808607611,35505.862757384,38.3330078125,38.3330078125,0,,0
9243,GF-5-CAM-25,35506.068334811,35506.071264934,35506.146819866,38.3330078125,38.3330078125,0,,0
9245,GF-5-CAM-25,35506.361308417,35506.362558747,35506.417027818,38.3330078125,38.3330078125,0,,0
9247,GF-5-CAM-25,35506.673141307,35506.676505904,35506.738116127,38.3330078125,38.3330078125,0,,0
9249,GF-5-CAM-25,35506.985490076,35506.988259241,35507.055671289,38.3330078125,38.3330078125,0,,0
9251,GF-5-CAM-25,35507.245887274,35507.250234368,35507.318395174,38.3330078125,38.3330078125,0,,0
9253,GF-5-CAM-25,35507.552931192,35507.554493401,35507.621142387,38.3330078125,38.3330078125,0,,0
9255,GF-5-CAM-25,35507.87480982,35507.878877021,35507.965899822,38.3330078125,38.3330078125,0,,0
9257,GF-5-CAM-25,35508.168892855,35508.170165887,35508.231459472,38.3330078125,38.3330078125,0,,0
9259,GF-5-CAM-25,35508.442269398,35508.444238824,35508.508157614,38.3330078125,38.3330078125,0,,0
9261,GF-5-CAM-25,35508.716153564,35508.717480656,35508.800337674,38.3330078125,38.3330078125,0,,0
9263,GF-5-CAM-25,35509.018282897,35509.027969268,35509.079845653,38.3330078125,38.3330078125,0,,0
9265,GF-5-CAM-25,35509.310906484,35509.312032023,35509.377569551,38.3330078125,38.3330078125,0,,0
9267,GF-5-CAM-25,35509.597469555,35509.598450094,35509.652265831,38.3330078125,38.3330078125,0,,0
9269,GF-5-CAM-25,35509.843692906,35509.845462888,35509.922682889,38.3330078125,38.3330078125,0,,0
9271,GF-5-CAM-25,35510.125807714,35510.129165883,35510.200855589,38.3330078125,38.3330078125,0,,0
9273,GF-5-CAM-25,35510.394550991,35510.396302991,35510.458008713,38.3330078125,38.3330078125,0,,0
9275,GF-5-CAM-25,35510.697082604,35510.698528615,35510.750339907,38.3330078125,38.3330078125,0,,0
9277,GF-5-CAM-25,35510.961021827,35510.962056848,35511.016577598,38.3330078125,38.3330078125,0,,0
9279,GF-5-CAM-25,35511.241771787,35511.243036638,35511.323895017,38.3330078125,38.3330078125,0,,0
9281,GF-5-CAM-25,35511.553853684,35511.556072085,35511.657016813,38.3330078125,38.3330078125,0,,0
9283,GF-5-CAM-25,35511.867170994,35511.869200369,35511.929803544,38.3330078125,38.3330078125,0,,0
9285,GF-5-CAM-25,35512.140903446,35512.142872342,35512.197421752,38.3330078125,38.3330078125,0,,0
9287,GF-5-CAM-25,35512.406676568,35512.410112676,35512.476211261,38.3330078125,38.3330078125,0,,0
