frame_idx,camera_id,t_arrival,t_inference_start,t_inference_end,gpu_mem_before_mb,gpu_mem_after_mb,num_persons,avg_confidence,wrist_keypoints
1,GF-16-CAM-18,33514.9044361,33514.905895796,33523.79185231,47.009765625,38.3330078125,0,,0
37,GF-16-CAM-18,33528.138239512,33528.139213411,33528.189999751,38.33349609375,38.3330078125,0,,0
67,GF-16-CAM-18,33532.258625832,33532.259021681,33532.2972225,38.33349609375,38.3330078125,0,,0
71,GF-16-CAM-18,33532.734124764,33532.736531443,33532.774076411,38.33349609375,38.3330078125,0,,0
73,GF-16-CAM-18,33532.981628574,33532.982723778,33533.026957879,38.3330078125,38.3330078125,0,,0
77,GF-16-CAM-18,33533.488396529,33533.489667312,33533.530776922,38.33349609375,38.3330078125,0,,0
85,GF-16-CAM-18,33534.353350206,33534.353953545,33534.38296519,38.33349609375,38.3330078125,0,,0
87,GF-16-CAM-18,33534.60151686,33534.602147314,33534.647504593,38.3330078125,38.3330078125,0,,0
89,GF-16-CAM-18,33534.877616317,33534.878268743,33534.917090095,38.3330078125,38.3330078125,0,,0
91,GF-16-CAM-18,33535.127868795,33535.129652553,33535.169043558,38.3330078125,38.3330078125,0,,0
93,GF-16-CAM-18,33535.340151145,33535.34149335,33535.391056572,38.3330078125,38.3330078125,0,,0
95,GF-16-CAM-18,33535.580470613,33535.581304918,33535.612692746,38.3330078125,38.3330078125,0,,0
97,GF-16-CAM-18,33535.842421001,33535.843415286,33535.904281697,38.3330078125,38.3330078125,0,,0
99,GF-16-CAM-18,33536.103868103,33536.104404855,33536.158774376,38.3330078125,38.3330078125,0,,0
101,GF-16-CAM-18,33536.304557494,33536.305315294,33536.341369248,38.3330078125,38.3330078125,0,,0
103,GF-16-CAM-18,33536.607236252,33536.609422659,33536.656572179,38.3330078125,38.3330078125,0,,0
105,GF-16-CAM-18,33536.791939539,33536.793384965,33536.854482708,38.3330078125,38.3330078125,0,,0
107,GF-16-CAM-18,33537.044021192,33537.051186349,33537.084239018,38.3330078125,38.3330078125,0,,0
109,GF-16-CAM-18,33537.267450137,33537.268668542,33537.331983679,38.3330078125,38.3330078125,0,,0
111,GF-16-CAM-18,33537.521599466,33537.522430949,33537.585058544,38.3330078125,38.3330078125,0,,0
113,GF-16-CAM-18,33537.709403507,33537.71301434,33537.787263154,38.3330078125,38.3330078125,0,,0
115,GF-16-CAM-18,33538.045173127,33538.045942508,33538.083601816,38.3330078125,38.3330078125,0,,0
117,GF-16-CAM-18,33538.267042647,33538.268020499,33538.346051637,38.3330078125,38.3330078125,0,,0
119,GF-16-CAM-18,33538.59015335,33538.590789109,33538.626540923,38.3330078125,38.3330078125,0,,0
121,GF-16-CAM-18,33538.80716286,33538.809398626,33538.871985801,38.3330078125,38.3330078125,0,,0
123,GF-16-CAM-18,33539.056732845,33539.057739196,33539.098862761,38.3330078125,38.3330078125,0,,0
125,GF-16-CAM-18,33539.310194601,33539.311214944,33539.352286634,38.3330078125,38.3330078125,0,,0
127,GF-16-CAM-18,33539.549596727,33539.551809622,33539.605158409,38.3330078125,38.3330078125,0,,0
129,GF-16-CAM-18,33539.802882274,33539.804441444,33539.853853257,38.3330078125,38.3330078125,0,,0
131,GF-16-CAM-18,33540.022737086,33540.026211097,33540.073056818,38.3330078125,38.3330078125,0,,0
133,GF-16-CAM-18,33540.288564755,33540.28904631,33540.321116941,38.3330078125,38.3330078125,0,,0
135,GF-16-CAM-18,33540.514124155,33540.515482397,33540.55268511,38.3330078125,38.3330078125,0,,0
137,GF-16-CAM-18,33540.741188193,33540.742045887,33540.784490351,38.3330078125,38.3330078125,0,,0
139,GF-16-CAM-18,33540.951869403,33540.952738569,33540.990894439,38.3330078125,38.3330078125,0,,0
141,GF-16-CAM-18,33541.165932835,33541.167276265,33541.20830301,38.3330078125,38.3330078125,0,,0
143,GF-16-CAM-18,33541.445247624,33541.446733867,33541.496311834,38.3330078125,38.3330078125,0,,0
145,GF-16-CAM-18,33541.746628291,33541.748140056,33541.783524427,38.3330078125,38.3330078125,0,,0
147,GF-16-CAM-18,33542.078225744,33542.079496378,33542.132202887,38.3330078125,38.3330078125,0,,0
149,GF-16-CAM-18,33542.30248619,33542.303234217,33542.340214102,38.3330078125,38.3330078125,0,,0
151,GF-16-CAM-18,33542.546927317,33542.548461757,33542.606436573,38.3330078125,38.3330078125,0,,0
153,GF-16-CAM-18,33542.76675334,33542.767466558,33542.814417517,38.3330078125,38.3330078125,0,,0
155,GF-16-CAM-18,33542.98419924,33542.984902525,33543.03115137,38.3330078125,38.3330078125,0,,0
157,GF-16-CAM-18,33543.200478623,33543.201127709,33543.23258949,38.3330078125,38.3330078125,0,,0
159,GF-16-CAM-18,33543.447538535,33543.448354987,33543.511456759,38.3330078125,38.3330078125,0,,0
161,GF-16-CAM-18,33543.691298236,33543.69189645,33543.732840983,38.3330078125,38.3330078125,0,,0
163,GF-16-CAM-18,33543.999095081,33544.000041431,33544.048505338,38.3330078125,38.3330078125,0,,0
165,GF-16-CAM-18,33544.195304078,33544.196264279,33544.226936848,38.3330078125,38.3330078125,0,,0
167,GF-16-CAM-18,33544.482516433,33544.483507148,33544.520244831,38.3330078125,38.3330078125,0,,0
169,GF-16-CAM-18,33544.721898389,33544.722620389,33544.767358756,38.3330078125,38.3330078125,0,,0
171,GF-16-CAM-18,33544.995953307,33544.996583466,33545.03894242,38.3330078125,38.3330078125,0,,0
173,GF-16-CAM-18,33545.248385454,33545.249064122,33545.308960125,38.3330078125,38.3330078125,0,,0
175,GF-16-CAM-18,33545.516613919,33545.517134537,33545.591247479,38.3330078125,38.3330078125,0,,0
177,GF-16-CAM-18,33545.761801985,33545.762471209,33545.787936121,38.3330078125,38.3330078125,0,,0
179,GF-16-CAM-18,33546.05937905,33546.060451922,33546.093117421,38.3330078125,38.3330078125,0,,0
181,GF-16-CAM-18,33546.237376887,33546.237965747,33546.307063272,38.3330078125,38.3330078125,0,,0
183,GF-16-CAM-18,33546.505838137,33546.506537433,33546.552976516,38.3330078125,38.3330078125,0,,0
185,GF-16-CAM-18,33546.701914434,33546.70276035,33546.743947923,38.3330078125,38.3330078125,0,,0
187,GF-16-CAM-18,33546.959877554,33546.960577207,33547.032619216,38.3330078125,38.3330078125,0,,0
189,GF-16-CAM-18,33547.164642218,33547.165414449,33547.196426435,38.3330078125,38.3330078125,0,,0
191,GF-16-CAM-18,33547.477725961,33547.4783731,33547.537507556,38.3330078125,38.3330078125,0,,0
193,GF-16-CAM-18,33547.684026378,33547.685335754,33547.729074472,38.3330078125,38.3330078125,0,,0
195,GF-16-CAM-18,33548.012226631,33548.013439966,33548.082886414,38.3330078125,38.3330078125,0,,0
197,GF-16-CAM-18,33548.274231076,33548.276269983,33548.337786788,38.3330078125,38.3330078125,0,,0
199,GF-16-CAM-18,33548.521110982,33548.522215369,33548.566931915,38.3330078125,38.3330078125,0,,0
201,GF-16-CAM-18,33548.841491509,33548.842222868,33548.88679762,38.3330078125,38.3330078125,0,,0
203,GF-16-CAM-18,33549.081671871,33549.082555881,33549.139072224,38.3330078125,38.3330078125,0,,0
205,GF-16-CAM-18,33549.286206072,33549.286890382,33549.315379438,38.3330078125,38.3330078125,0,,0
207,GF-16-CAM-18,33549.486677339,33549.487366969,33549.522293672,38.3330078125,38.3330078125,0,,0
209,GF-16-CAM-18,33549.731068672,33549.731626716,33549.774200941,38.3330078125,38.3330078125,0,,0
211,GF-16-CAM-18,33549.933245499,33549.935097155,33550.002607641,38.3330078125,38.3330078125,0,,0
213,GF-16-CAM-18,33550.149860801,33550.150585002,33550.199667659,38.3330078125,38.3330078125,0,,0
215,GF-16-CAM-18,33550.371470847,33550.372706969,33550.398061119,38.3330078125,38.3330078125,0,,0
217,GF-16-CAM-18,33550.527984646,33550.528692517,33550.583100444,38.3330078125,38.3330078125,0,,0
219,GF-16-CAM-18,33550.774784503,33550.775648383,33550.833827153,38.3330078125,38.3330078125,0,,0
221,GF-16-CAM-18,33551.020401875,33551.020927095,33551.071893123,38.3330078125,38.3330078125,0,,0
223,GF-16-CAM-18,33551.207533204,33551.208295934,33551.2332651,38.3330078125,38.3330078125,0,,0
225,GF-16-CAM-18,33551.570397806,33551.571341509,33551.629791634,38.3330078125,38.3330078125,0,,0
227,GF-16-CAM-18,33551.814895181,33551.815788461,33551.844161331,38.3330078125,38.3330078125,0,,0
229,GF-16-CAM-18,33551.98065264,33551.982666379,33552.020586295,38.3330078125,38.3330078125,0,,0
231,GF-16-CAM-18,33552.217884241,33552.218742455,33552.25969739,38.3330078125,38.3330078125,0,,0
233,GF-16-CAM-18,33552.447775982,33552.449542954,33552.508054853,38.3330078125,38.3330078125,0,,0
235,GF-16-CAM-18,33552.629908939,33552.631101718,33552.661948691,38.3330078125,38.3330078125,0,,0
237,GF-16-CAM-18,33552.888386762,33552.889088595,33552.915434361,38.3330078125,38.3330078125,0,,0
239,GF-16-CAM-18,33553.119922565,33553.120708081,33553.15363428,38.3330078125,38.3330078125,0,,0
241,GF-16-CAM-18,33553.390212367,33553.39074362,33553.438954132,38.3330078125,38.3330078125,0,,0
243,GF-16-CAM-18,33553.555327488,33553.555914742,33553.597618066,38.3330078125,38.3330078125,0,,0
245,GF-16-CAM-18,33553.772127571,33553.773120247,33553.813789201,38.3330078125,38.3330078125,0,,0
247,GF-16-CAM-18,33553.998141704,33553.998664673,33554.050553119,38.3330078125,38.3330078125,0,,0
249,GF-16-CAM-18,33554.227444307,33554.228090722,33554.278696209,38.3330078125,38.3330078125,0,,0
251,GF-16-CAM-18,33554.440543493,33554.441357199,33554.497405439,38.3330078125,38.3330078125,0,,0
253,GF-16-CAM-18,33554.669138878,33554.670522606,33554.718336682,38.3330078125,38.3330078125,0,,0
255,GF-16-CAM-18,33554.956535915,33554.957527506,33555.001982248,38.3330078125,38.3330078125,0,,0
257,GF-16-CAM-18,33555.173403401,33555.174217035,33555.207831243,38.3330078125,38.3330078125,0,,0
259,GF-16-CAM-18,33555.463070404,33555.46423664,33555.506696707,38.3330078125,38.3330078125,0,,0
301,GF-16-CAM-18,33560.545903425,33560.546606441,33560.590843989,38.33349609375,38.3330078125,0,,0
303,GF-16-CAM-18,33560.80874718,33560.809371803,33560.835648617,38.3330078125,38.3330078125,0,,0
305,GF-16-CAM-18,33561.073174949,33561.074249648,33561.132949702,38.3330078125,38.3330078125,0,,0
307,GF-16-CAM-18,33561.319121036,33561.319755982,33561.393093176,38.3330078125,38.3330078125,0,,0
311,GF-16-CAM-18,33561.721592515,33561.722335017,33561.753030542,38.33349609375,38.3330078125,0,,0
313,GF-16-CAM-18,33561.883612239,33561.884653158,33561.926402881,38.3330078125,38.3330078125,0,,0
319,GF-16-CAM-18,33562.414563556,33562.415231426,33562.458722627,38.33349609375,38.3330078125,0,,0
321,GF-16-CAM-18,33562.573931732,33562.575457781,33562.615057806,38.3330078125,38.3330078125,0,,0
323,GF-16-CAM-18,33562.761682878,33562.763866804,33562.792940776,38.3330078125,38.3330078125,0,,0
329,GF-16-CAM-18,33563.449867678,33563.450643966,33563.501191854,38.33349609375,38.3330078125,0,,0
331,GF-16-CAM-18,33563.657432473,33563.658197538,33563.733783945,38.3330078125,38.3330078125,0,,0
333,GF-16-CAM-18,33563.881046802,33563.88175006,33563.92213541,38.3330078125,38.3330078125,0,,0
335,GF-16-CAM-18,33564.064028441,33564.06699421,33564.093037413,38.3330078125,38.3330078125,0,,0
337,GF-16-CAM-18,33564.34271109,33564.34457968,33564.432160689,38.3330078125,38.3330078125,0,,0
341,GF-16-CAM-18,33564.898813935,33564.900288613,33564.973773046,38.33349609375,38.3330078125,0,,0
345,GF-16-CAM-18,33565.46295538,33565.463620244,33565.516577687,38.33349609375,38.3330078125,0,,0
347,GF-16-CAM-18,33565.725065804,33565.725708461,33565.774899709,38.3330078125,38.3330078125,0,,0
349,GF-16-CAM-18,33565.934962698,33565.935691884,33565.960742349,38.3330078125,38.3330078125,0,,0
351,GF-16-CAM-18,33566.220737679,33566.221527699,33566.26251248,38.3330078125,38.3330078125,0,,0
353,GF-16-CAM-18,33566.49986107,33566.500556683,33566.54940671,38.3330078125,38.3330078125,0,,0
359,GF-16-CAM-18,33567.203353762,33567.204028835,33567.23957652,38.33349609375,38.3330078125,0,,0
361,GF-16-CAM-18,33567.409240427,33567.410549887,33567.480979361,38.3330078125,38.3330078125,0,,0
373,GF-16-CAM-18,33568.994859501,33568.99699459,33569.04227366,38.33349609375,38.3330078125,0,,0
375,GF-16-CAM-18,33569.391236945,33569.393552687,33569.440732775,38.3330078125,38.3330078125,0,,0
377,GF-16-CAM-18,33569.620270306,33569.622154,33569.701220321,38.3330078125,38.3330078125,0,,0
379,GF-16-CAM-18,33569.86937784,33569.870247691,33569.925367774,38.3330078125,38.3330078125,0,,0
381,GF-16-CAM-18,33570.204842351,33570.205542908,33570.277533749,38.3330078125,38.3330078125,0,,0
383,GF-16-CAM-18,33570.576709326,33570.577658205,33570.621220362,38.3330078125,38.3330078125,0,,0
385,GF-16-CAM-18,33570.854695546,33570.85586725,33570.921933355,38.3330078125,38.3330078125,0,,0
387,GF-16-CAM-18,33571.17319713,33571.174386253,33571.266457114,38.3330078125,38.3330078125,0,,0
389,GF-16-CAM-18,33571.411272801,33571.411940369,33571.446112487,38.3330078125,38.3330078125,0,,0
391,GF-16-CAM-18,33571.669217357,33571.670347156,33571.709843547,38.3330078125,38.3330078125,0,,0
393,GF-16-CAM-18,33571.904583206,33571.905234217,33571.934278686,38.3330078125,38.3330078125,0,,0
395,GF-16-CAM-18,33572.192512522,33572.19315684,33572.247347354,38.3330078125,38.3330078125,0,,0
397,GF-16-CAM-18,33572.412336047,33572.416478804,33572.473418755,38.3330078125,38.3330078125,0,,0
399,GF-16-CAM-18,33572.833291519,33572.833928305,33572.885994581,38.3330078125,38.3330078125,0,,0
401,GF-16-CAM-18,33573.102464913,33573.104092367,33573.167444898,38.3330078125,38.3330078125,0,,0
403,GF-16-CAM-18,33573.313396747,33573.314675527,33573.355451542,38.3330078125,38.3330078125,0,,0
405,GF-16-CAM-18,33573.638221378,33573.639944045,33573.695339639,38.3330078125,38.3330078125,0,,0
407,GF-16-CAM-18,33573.903457393,33573.904302797,33573.963199008,38.3330078125,38.3330078125,0,,0
409,GF-16-CAM-18,33574.169872653,33574.171941461,33574.233844604,38.3330078125,38.3330078125,0,,0
411,GF-16-CAM-18,33574.491926871,33574.493038529,33574.53366684,38.3330078125,38.3330078125,0,,0
413,GF-16-CAM-18,33574.699423215,33574.700309603,33574.788576005,38.3330078125,38.3330078125,0,,0
415,GF-16-CAM-18,33575.012505162,33575.01327194,33575.079626651,38.3330078125,38.3330078125,0,,0
417,GF-16-CAM-18,33575.301455748,33575.302130037,33575.36125807,38.3330078125,38.3330078125,0,,0
419,GF-16-CAM-18,33575.524365977,33575.528382449,33575.58271375,38.3330078125,38.3330078125,0,,0
421,GF-16-CAM-18,33575.782568829,33575.78336552,33575.828937422,38.3330078125,38.3330078125,0,,0
423,GF-16-CAM-18,33576.029415137,33576.03005269,33576.085247668,38.3330078125,38.3330078125,0,,0
425,GF-16-CAM-18,33576.282546477,33576.283591016,33576.341550847,38.3330078125,38.3330078125,0,,0
427,GF-16-CAM-18,33576.560249887,33576.562181491,33576.640480117,38.3330078125,38.3330078125,0,,0
429,GF-16-CAM-18,33576.832786191,33576.833419274,33576.862633476,38.3330078125,38.3330078125,0,,0
431,GF-16-CAM-18,33577.138541849,33577.140219236,33577.173386183,38.3330078125,38.3330078125,0,,0
433,GF-16-CAM-18,33577.386970635,33577.387611839,33577.449419435,38.3330078125,38.3330078125,0,,0
435,GF-16-CAM-18,33577.645605563,33577.648815941,33577.6874352,38.3330078125,38.3330078125,0,,0
437,GF-16-CAM-18,33577.860211127,33577.861130395,33577.909398699,38.3330078125,38.3330078125,0,,0
439,GF-16-CAM-18,33578.037077356,33578.039198936,33578.073460866,38.3330078125,38.3330078125,0,,0
441,GF-16-CAM-18,33578.299946345,33578.30066419,33578.359955231,38.3330078125,38.3330078125,0,,0
443,GF-16-CAM-18,33578.585971724,33578.586628616,33578.6563934,38.3330078125,38.3330078125,0,,0
445,GF-16-CAM-18,33578.914028622,33578.914824062,33578.953685586,38.3330078125,38.3330078125,0,,0
447,GF-16-CAM-18,33579.142593427,33579.143974443,33579.227881525,38.3330078125,38.3330078125,0,,0
449,GF-16-CAM-18,33579.411044932,33579.411747304,33579.459984352,38.3330078125,38.3330078125,0,,0
451,GF-16-CAM-18,33579.696504441,33579.697893692,33579.758267467,38.3330078125,38.3330078125,0,,0
453,GF-16-CAM-18,33579.953420343,33579.954649663,33580.008087858,38.3330078125,38.3330078125,0,,0
455,GF-16-CAM-18,33580.205209546,33580.207167925,33580.277590188,38.3330078125,38.3330078125,0,,0
457,GF-16-CAM-18,33580.52016521,33580.520811664,33580.559363206,38.3330078125,38.3330078125,0,,0
459,GF-16-CAM-18,33580.711192404,33580.713123392,33580.74786615,38.3330078125,38.3330078125,0,,0
461,GF-16-CAM-18,33580.992863418,33580.994570788,33581.041217434,38.3330078125,38.3330078125,0,,0
463,GF-16-CAM-18,33581.240085093,33581.241474937,33581.293212028,38.3330078125,38.3330078125,0,,0
465,GF-16-CAM-18,33581.480988205,33581.482183532,33581.55165419,38.3330078125,38.3330078125,0,,0
467,GF-16-CAM-18,33581.744595271,33581.746537137,33581.792813748,38.3330078125,38.3330078125,0,,0
469,GF-16-CAM-18,33582.110490234,33582.112674162,33582.188292031,38.3330078125,38.3330078125,0,,0
471,GF-16-CAM-18,33582.385060835,33582.385914847,33582.433563201,38.3330078125,38.3330078125,0,,0
473,GF-16-CAM-18,33582.719123015,33582.720840013,33582.786387626,38.3330078125,38.3330078125,0,,0
475,GF-16-CAM-18,33583.053913446,33583.056196601,33583.098589908,38.3330078125,38.3330078125,0,,0
477,GF-16-CAM-18,33583.249926405,33583.251205303,33583.325272111,38.3330078125,38.3330078125,0,,0
479,GF-16-CAM-18,33583.535323685,33583.536201229,33583.591670789,38.3330078125,38.3330078125,0,,0
481,GF-16-CAM-18,33583.76012967,33583.760822355,33583.808698834,38.3330078125,38.3330078125,0,,0
483,GF-16-CAM-18,33583.994075923,33583.994891588,33584.0187755,38.3330078125,38.3330078125,0,,0
485,GF-16-CAM-18,33584.290978494,33584.291909175,33584.355905416,38.3330078125,38.3330078125,0,,0
487,GF-16-CAM-18,33584.542130287,33584.542726012,33584.591778087,38.3330078125,38.3330078125,0,,0
489,GF-16-CAM-18,33584.78923555,33584.789919133,33584.843326765,38.3330078125,38.3330078125,0,,0
491,GF-16-CAM-18,33585.036257237,33585.037898918,33585.097021393,38.3330078125,38.3330078125,0,,0
493,GF-16-CAM-18,33585.299470452,33585.300421076,33585.353186086,38.3330078125,38.3330078125,0,,0
495,GF-16-CAM-18,33585.595167919,33585.596701888,33585.666860961,38.3330078125,38.3330078125,0,,0
497,GF-16-CAM-18,33585.870176272,33585.87138694,33585.911536246,38.3330078125,38.3330078125,0,,0
499,GF-16-CAM-18,33586.172197238,33586.172911872,33586.233226907,38.3330078125,38.3330078125,0,,0
501,GF-16-CAM-18,33586.51489518,33586.518455618,33586.592833673,38.3330078125,38.3330078125,0,,0
503,GF-16-CAM-18,33586.782622348,33586.783937888,33586.828553047,38.3330078125,38.3330078125,0,,0
505,GF-16-CAM-18,33587.012886485,33587.014430923,33587.09121784,38.3330078125,38.3330078125,0,,0
507,GF-16-CAM-18,33587.276214017,33587.276960681,33587.328583612,38.3330078125,38.3330078125,0,,0
509,GF-16-CAM-18,33587.542600061,33587.544295842,33587.613425707,38.3330078125,38.3330078125,0,,0
511,GF-16-CAM-18,33587.811334285,33587.812154282,33587.861644737,38.3330078125,38.3330078125,0,,0
513,GF-16-CAM-18,33588.082806116,33588.083721981,33588.15524808,38.3330078125,38.3330078125,0,,0
515,GF-16-CAM-18,33588.387250631,33588.389310107,33588.452094495,38.3330078125,38.3330078125,0,,0
517,GF-16-CAM-18,33588.740876828,33588.741697652,33588.79661652,38.3330078125,38.3330078125,0,,0
519,GF-16-CAM-18,33589.094024789,33589.095037276,33589.169565343,38.3330078125,38.3330078125,0,,0
653,GF-16-CAM-18,33602.847676304,33602.848653406,33602.915811404,38.3330078125,38.3330078125,0,,0
655,GF-16-CAM-18,33603.090168233,33603.090892716,33603.178506563,38.3330078125,38.3330078125,0,,0
657,GF-16-CAM-18,33603.362210865,33603.363298812,33603.405088616,38.3330078125,38.3330078125,0,,0
659,GF-16-CAM-18,33603.577727991,33603.578549679,33603.644437225,38.3330078125,38.3330078125,0,,0
661,GF-16-CAM-18,33603.807122606,33603.807783976,33603.864231754,38.3330078125,38.3330078125,0,,0
663,GF-16-CAM-18,33604.040804481,33604.043246587,33604.127263056,38.3330078125,38.3330078125,0,,0
665,GF-16-CAM-18,33604.315210972,33604.315998867,33604.367771282,38.3330078125,38.3330078125,0,,0
667,GF-16-CAM-18,33604.561735779,33604.562410232,33604.613819667,38.3330078125,38.3330078125,0,,0
669,GF-16-CAM-18,33604.925643265,33604.926884461,33605.045696939,38.3330078125,38.3330078125,0,,0
671,GF-16-CAM-18,33605.244512723,33605.246578125,33605.288135801,38.3330078125,38.3330078125,0,,0
673,GF-16-CAM-18,33605.476559812,33605.477247931,33605.504740544,38.3330078125,38.3330078125,0,,0
675,GF-16-CAM-18,33605.698896041,33605.702094526,33605.741086062,38.3330078125,38.3330078125,0,,0
677,GF-16-CAM-18,33606.005641992,33606.006380264,33606.045179382,38.3330078125,38.3330078125,0,,0
679,GF-16-CAM-18,33606.243317458,33606.244725005,33606.289299443,38.3330078125,38.3330078125,0,,0
681,GF-16-CAM-18,33606.505164957,33606.506142701,33606.558534386,38.3330078125,38.3330078125,0,,0
683,GF-16-CAM-18,33606.758930333,33606.76029606,33606.80531869,38.3330078125,38.3330078125,0,,0
685,GF-16-CAM-18,33606.942829711,33606.943973835,33606.970380703,38.3330078125,38.3330078125,0,,0
687,GF-16-CAM-18,33607.23746767,33607.238283864,33607.302260157,38.3330078125,38.3330078125,0,,0
689,GF-16-CAM-18,33607.497468648,33607.498458876,33607.557818816,38.3330078125,38.3330078125,0,,0
691,GF-16-CAM-18,33607.726078121,33607.726884865,33607.772177879,38.3330078125,38.3330078125,0,,0
693,GF-16-CAM-18,33607.951918227,33607.953041862,33607.980420819,38.3330078125,38.3330078125,0,,0
695,GF-16-CAM-18,33608.149918003,33608.150806502,33608.222204742,38.3330078125,38.3330078125,0,,0
697,GF-16-CAM-18,33608.344974136,33608.345945089,33608.387727755,38.3330078125,38.3330078125,0,,0
699,GF-16-CAM-18,33608.645019903,33608.645943389,33608.737705132,38.3330078125,38.3330078125,0,,0
701,GF-16-CAM-18,33608.935566056,33608.937725996,33608.977249762,38.3330078125,38.3330078125,0,,0
703,GF-16-CAM-18,33609.140119554,33609.141119865,33609.183597775,38.3330078125,38.3330078125,0,,0
705,GF-16-CAM-18,33609.374555613,33609.375434752,33609.469775174,38.3330078125,38.3330078125,0,,0
707,GF-16-CAM-18,33609.692703063,33609.695398383,33609.735593862,38.3330078125,38.3330078125,0,,0
709,GF-16-CAM-18,33609.903974644,33609.905038251,33609.982395142,38.3330078125,38.3330078125,0,,0
711,GF-16-CAM-18,33610.117533055,33610.118383979,33610.155509214,38.3330078125,38.3330078125,0,,0
713,GF-16-CAM-18,33610.34272302,33610.345049826,33610.389918121,38.3330078125,38.3330078125,0,,0
715,GF-16-CAM-18,33610.560240215,33610.561050017,33610.59902211,38.3330078125,38.3330078125,0,,0
717,GF-16-CAM-18,33610.880626399,33610.881395756,33610.921719994,38.3330078125,38.3330078125,0,,0
719,GF-16-CAM-18,33611.061040125,33611.06170581,33611.109749782,38.3330078125,38.3330078125,0,,0
721,GF-16-CAM-18,33611.238223156,33611.239665579,33611.269516615,38.3330078125,38.3330078125,0,,0
723,GF-16-CAM-18,33611.464527386,33611.465502976,33611.507633098,38.3330078125,38.3330078125,0,,0
725,GF-16-CAM-18,33611.651373014,33611.652293781,33611.68330229,38.3330078125,38.3330078125,0,,0
727,GF-16-CAM-18,33611.920690937,33611.921352333,33611.957738008,38.3330078125,38.3330078125,0,,0
729,GF-16-CAM-18,33612.155670519,33612.1567793,33612.213568916,38.3330078125,38.3330078125,0,,0
731,GF-16-CAM-18,33612.374122856,33612.37523404,33612.403555929,38.3330078125,38.3330078125,0,,0
733,GF-16-CAM-18,33612.620574481,33612.621335879,33612.66788953,38.3330078125,38.3330078125,0,,0
735,GF-16-CAM-18,33612.796295602,33612.797233695,33612.846787953,38.3330078125,38.3330078125,0,,0
737,GF-16-CAM-18,33613.033099165,33613.038705615,33613.085472175,38.3330078125,38.3330078125,0,,0
739,GF-16-CAM-18,33613.274406959,33613.277849772,33613.320666409,38.3330078125,38.3330078125,0,,0
741,GF-16-CAM-18,33613.511377876,33613.514372541,33613.556169143,38.3330078125,38.3330078125,0,,0
743,GF-16-CAM-18,33613.720735271,33613.722066879,33613.756502384,38.3330078125,38.3330078125,0,,0
745,GF-16-CAM-18,33613.947526479,33613.951124842,33614.005154171,38.3330078125,38.3330078125,0,,0
747,GF-16-CAM-18,33614.215604606,33614.216548347,33614.313799887,38.3330078125,38.3330078125,0,,0
749,GF-16-CAM-18,33614.502308575,33614.504486794,33614.613136859,38.3330078125,38.3330078125,0,,0
751,GF-16-CAM-18,33614.863649703,33614.865947654,33614.918967622,38.3330078125,38.3330078125,0,,0
753,GF-16-CAM-18,33615.097379525,33615.098252353,33615.14168773,38.3330078125,38.3330078125,0,,0
755,GF-16-CAM-18,33615.393461053,33615.394175847,33615.430593151,38.3330078125,38.3330078125,0,,0
757,GF-16-CAM-18,33615.804841088,33615.806339739,33615.902682405,38.3330078125,38.3330078125,0,,0
759,GF-16-CAM-18,33616.123805534,33616.124510568,33616.182383499,38.3330078125,38.3330078125,0,,0
761,GF-16-CAM-18,33616.368199272,33616.369054452,33616.413061525,38.3330078125,38.3330078125,0,,0
763,GF-16-CAM-18,33616.703328225,33616.704274997,33616.736950988,38.3330078125,38.3330078125,0,,0
765,GF-16-CAM-18,33616.88611115,33616.886885732,33616.920482492,38.3330078125,38.3330078125,0,,0
767,GF-16-CAM-18,33617.108506394,33617.109274314,33617.165088666,38.3330078125,38.3330078125,0,,0
769,GF-16-CAM-18,33617.413595105,33617.41433329,33617.450695359,38.3330078125,38.3330078125,0,,0
771,GF-16-CAM-18,33617.668316765,33617.669820794,33617.745448502,38.3330078125,38.3330078125,0,,0
773,GF-16-CAM-18,33617.968486847,33617.96930999,33618.002424977,38.3330078125,38.3330078125,0,,0
775,GF-16-CAM-18,33618.231986402,33618.232777678,33618.271551931,38.3330078125,38.3330078125,0,,0
777,GF-16-CAM-18,33618.507058496,33618.508431664,33618.557955065,38.3330078125,38.3330078125,0,,0
779,GF-16-CAM-18,33618.774591907,33618.776209705,33618.849929345,38.3330078125,38.3330078125,0,,0
781,GF-16-CAM-18,33619.037517897,33619.03816394,33619.071543344,38.3330078125,38.3330078125,0,,0
783,GF-16-CAM-18,33619.249398293,33619.251436355,33619.314993968,38.3330078125,38.3330078125,0,,0
785,GF-16-CAM-18,33619.428485038,33619.430436929,33619.485466606,38.3330078125,38.3330078125,0,,0
787,GF-16-CAM-18,33619.674327056,33619.675074976,33619.705584402,38.3330078125,38.3330078125,0,,0
789,GF-16-CAM-18,33619.889622414,33619.890520294,33619.920498257,38.3330078125,38.3330078125,0,,0
791,GF-16-CAM-18,33620.141686576,33620.143431973,33620.186916215,38.3330078125,38.3330078125,0,,0
793,GF-16-CAM-18,33620.404557538,33620.405454321,33620.472228046,38.3330078125,38.3330078125,0,,0
795,GF-16-CAM-18,33620.605335864,33620.606390054,33620.650982015,38.3330078125,38.3330078125,0,,0
797,GF-16-CAM-18,33620.819497253,33620.821532099,33620.874204044,38.3330078125,38.3330078125,0,,0
799,GF-16-CAM-18,33620.996089196,33620.999447619,33621.034284663,38.3330078125,38.3330078125,0,,0
801,GF-16-CAM-18,33621.230454712,33621.232234887,33621.268674249,38.3330078125,38.3330078125,0,,0
803,GF-16-CAM-18,33621.462634796,33621.464407443,33621.502196329,38.3330078125,38.3330078125,0,,0
805,GF-16-CAM-18,33621.722589655,33621.725210437,33621.748323815,38.3330078125,38.3330078125,0,,0
807,GF-16-CAM-18,33621.959256982,33621.960177946,33622.004187883,38.3330078125,38.3330078125,0,,0
809,GF-16-CAM-18,33622.180362081,33622.181220467,33622.222941871,38.3330078125,38.3330078125,0,,0
811,GF-16-CAM-18,33622.402466383,33622.404122113,33622.446165125,38.3330078125,38.3330078125,0,,0
813,GF-16-CAM-18,33622.668609119,33622.669976137,33622.753281127,38.3330078125,38.3330078125,0,,0
815,GF-16-CAM-18,33622.955964555,33622.957380248,33623.005605307,38.3330078125,38.3330078125,0,,0
817,GF-16-CAM-18,33623.25410757,33623.255624228,33623.317041477,38.3330078125,38.3330078125,0,,0
819,GF-16-CAM-18,33623.480087414,33623.481071439,33623.545476366,38.3330078125,38.3330078125,0,,0
821,GF-16-CAM-18,33623.739379965,33623.740987726,33623.788788265,38.3330078125,38.3330078125,0,,0
823,GF-16-CAM-18,33623.931737284,33623.932379544,33623.957939908,38.3330078125,38.3330078125,0,,0
825,GF-16-CAM-18,33624.147778423,33624.148741159,33624.188472539,38.3330078125,38.3330078125,0,,0
827,GF-16-CAM-18,33624.445105215,33624.446405624,33624.485919826,38.3330078125,38.3330078125,0,,0
829,GF-16-CAM-18,33624.737467969,33624.73917306,33624.776939948,38.3330078125,38.3330078125,0,,0
831,GF-16-CAM-18,33624.951346312,33624.953049533,33625.021919341,38.3330078125,38.3330078125,0,,0
833,GF-16-CAM-18,33625.213613398,33625.21446741,33625.246389829,38.3330078125,38.3330078125,0,,0
835,GF-16-CAM-18,33625.388149299,33625.388953042,33625.422055883,38.3330078125,38.3330078125,0,,0
837,GF-16-CAM-18,33625.618132626,33625.619449894,33625.658582584,38.3330078125,38.3330078125,0,,0
839,GF-16-CAM-18,33625.853089413,33625.854224631,33625.887632218,38.3330078125,38.3330078125,0,,0
841,GF-16-CAM-18,33626.150707987,33626.151375522,33626.188841558,38.3330078125,38.3330078125,0,,0
843,GF-16-CAM-18,33626.334076216,33626.335747884,33626.368708384,38.3330078125,38.3330078125,0,,0
845,GF-16-CAM-18,33626.557914973,33626.559319361,33626.618810704,38.3330078125,38.3330078125,0,,0
847,GF-16-CAM-18,33626.821446059,33626.824994293,33626.870149739,38.3330078125,38.3330078125,0,,0
849,GF-16-CAM-18,33626.992700965,33626.993488578,33627.052134523,38.3330078125,38.3330078125,0,,0
851,GF-16-CAM-18,33627.269049861,33627.270150808,33627.325111731,38.3330078125,38.3330078125,0,,0
881,GF-16-CAM-18,33631.011377906,33631.012605045,33631.080818906,38.33349609375,38.3330078125,0,,0
883,GF-16-CAM-18,33631.244199531,33631.245043312,33631.280910935,38.3330078125,38.3330078125,0,,0
885,GF-16-CAM-18,33631.51219166,33631.5134645,33631.541109066,38.3330078125,38.3330078125,0,,0
887,GF-16-CAM-18,33631.764254191,33631.765109478,33631.817256316,38.3330078125,38.3330078125,0,,0
889,GF-16-CAM-18,33631.978295336,33631.979532439,33632.018162935,38.3330078125,38.3330078125,0,,0
891,GF-16-CAM-18,33632.252736932,33632.255172975,33632.334640821,38.3330078125,38.3330078125,0,,0
893,GF-16-CAM-18,33632.484918216,33632.486276323,33632.539404358,38.3330078125,38.3330078125,0,,0
895,GF-16-CAM-18,33632.793921124,33632.794982375,33632.83856984,38.3330078125,38.3330078125,0,,0
897,GF-16-CAM-18,33632.993877688,33632.994704,33633.063587082,38.3330078125,38.3330078125,0,,0
899,GF-16-CAM-18,33633.334830006,33633.335709539,33633.397016014,38.3330078125,38.3330078125,0,,0
901,GF-16-CAM-18,33633.603575773,33633.604172298,33633.627218706,38.3330078125,38.3330078125,0,,0
903,GF-16-CAM-18,33633.963420869,33633.974769981,33634.017699238,38.3330078125,38.3330078125,0,,0
905,GF-16-CAM-18,33634.22449895,33634.225686618,33634.274151304,38.3330078125,38.3330078125,0,,0
907,GF-16-CAM-18,33634.406189985,33634.408151878,33634.452556079,38.3330078125,38.3330078125,0,,0
909,GF-16-CAM-18,33634.657653413,33634.65978314,33634.700580036,38.3330078125,38.3330078125,0,,0
911,GF-16-CAM-18,33635.07579241,33635.07713445,33635.134542294,38.3330078125,38.3330078125,0,,0
913,GF-16-CAM-18,33635.258648173,33635.25946271,33635.304691127,38.3330078125,38.3330078125,0,,0
915,GF-16-CAM-18,33635.482104563,33635.48288401,33635.5468777,38.3330078125,38.3330078125,0,,0
919,GF-16-CAM-18,33636.047832024,33636.04896477,33636.096531731,38.33349609375,38.3330078125,0,,0
921,GF-16-CAM-18,33636.286660433,33636.287584071,33636.353845775,38.3330078125,38.3330078125,0,,0
923,GF-16-CAM-18,33636.484784216,33636.485558726,33636.540344503,38.3330078125,38.3330078125,0,,0
925,GF-16-CAM-18,33636.771178499,33636.773665507,33636.8487229,38.3330078125,38.3330078125,0,,0
927,GF-16-CAM-18,33637.051875311,33637.052778878,33637.101168855,38.3330078125,38.3330078125,0,,0
929,GF-16-CAM-18,33637.287511697,33637.288374613,33637.353946651,38.3330078125,38.3330078125,0,,0
931,GF-16-CAM-18,33637.476355561,33637.477552045,33637.503998206,38.3330078125,38.3330078125,0,,0
933,GF-16-CAM-18,33637.719325267,33637.720514925,33637.786366265,38.3330078125,38.3330078125,0,,0
935,GF-16-CAM-18,33637.95870085,33637.960550601,33638.018320945,38.3330078125,38.3330078125,0,,0
937,GF-16-CAM-18,33638.208953148,33638.209605901,33638.2606755,38.3330078125,38.3330078125,0,,0
939,GF-16-CAM-18,33638.445053197,33638.445896225,33638.523594292,38.3330078125,38.3330078125,0,,0
941,GF-16-CAM-18,33638.74107756,33638.742116159,33638.819142566,38.3330078125,38.3330078125,0,,0
943,GF-16-CAM-18,33639.103372821,33639.103974951,33639.15906888,38.3330078125,38.3330078125,0,,0
945,GF-16-CAM-18,33639.427910212,33639.428633446,33639.468388786,38.3330078125,38.3330078125,0,,0
947,GF-16-CAM-18,33639.614136598,33639.614881725,33639.691475194,38.3330078125,38.3330078125,0,,0
949,GF-16-CAM-18,33639.923106511,33639.923897237,33639.982571702,38.3330078125,38.3330078125,0,,0
951,GF-16-CAM-18,33640.244120121,33640.245165146,33640.299448805,38.3330078125,38.3330078125,0,,0
953,GF-16-CAM-18,33640.563352238,33640.56766268,33640.603448313,38.3330078125,38.3330078125,0,,0
955,GF-16-CAM-18,33640.880565159,33640.881594063,33640.924895018,38.3330078125,38.3330078125,0,,0
1305,GF-16-CAM-18,33687.4408306,33687.441891111,33687.480290218,38.33349609375,38.3330078125,0,,0
1307,GF-16-CAM-18,33687.708410094,33687.709204108,33687.748494885,38.3330078125,38.3330078125,0,,0
1309,GF-16-CAM-18,33687.948903298,33687.949668232,33687.984029503,38.3330078125,38.3330078125,0,,0
1311,GF-16-CAM-18,33688.116470687,33688.117138686,33688.154503541,38.3330078125,38.3330078125,0,,0
1313,GF-16-CAM-18,33688.485343354,33688.485951688,33688.53365953,38.3330078125,38.3330078125,0,,0
1315,GF-16-CAM-18,33688.784108595,33688.78491434,33688.826476219,38.3330078125,38.3330078125,0,,0
1317,GF-16-CAM-18,33689.152321155,33689.155216038,33689.240331498,38.3330078125,38.3330078125,0,,0
1347,GF-16-CAM-18,33693.582418636,33693.583631798,33693.618889206,38.33349609375,38.3330078125,0,,0
1553,GF-16-CAM-18,33719.429954428,33719.4338133,33719.497044163,38.33349609375,38.3330078125,0,,0
1555,GF-16-CAM-18,33719.694120495,33719.695316366,33719.760409282,38.3330078125,38.3330078125,0,,0
1557,GF-16-CAM-18,33720.00496633,33720.005955603,33720.068787535,38.3330078125,38.3330078125,0,,0
1559,GF-16-CAM-18,33720.310959865,33720.312471534,33720.38652309,38.3330078125,38.3330078125,0,,0
1561,GF-16-CAM-18,33720.599817548,33720.601736335,33720.635392977,38.3330078125,38.3330078125,0,,0
1563,GF-16-CAM-18,33720.841520546,33720.842165575,33720.876312074,38.3330078125,38.3330078125,0,,0
1565,GF-16-CAM-18,33721.089965836,33721.091086046,33721.125921785,38.3330078125,38.3330078125,0,,0
1567,GF-16-CAM-18,33721.33253455,33721.333330439,33721.37667898,38.3330078125,38.3330078125,0,,0
1569,GF-16-CAM-18,33721.611099031,33721.612130313,33721.65186265,38.3330078125,38.3330078125,0,,0
1571,GF-16-CAM-18,33721.866888296,33721.867663319,33721.891872988,38.3330078125,38.3330078125,0,,0
1573,GF-16-CAM-18,33722.137648469,33722.138484007,33722.174550835,38.3330078125,38.3330078125,0,,0
1575,GF-16-CAM-18,33722.317531697,33722.318582547,33722.353569897,38.3330078125,38.3330078125,0,,0
1577,GF-16-CAM-18,33722.564440642,33722.565244538,33722.598185994,38.3330078125,38.3330078125,0,,0
1579,GF-16-CAM-18,33722.809210772,33722.810176497,33722.86147486,38.3330078125,38.3330078125,0,,0
1597,GF-16-CAM-18,33725.152752529,33725.153662782,33725.194262069,38.33349609375,38.3330078125,0,,0
1599,GF-16-CAM-18,33725.390458616,33725.391405815,33725.426590018,38.3330078125,38.3330078125,0,,0
1601,GF-16-CAM-18,33725.547317696,33725.548983132,33725.626990994,38.3330078125,38.3330078125,0,,0
1603,GF-16-CAM-18,33725.837846949,33725.838640819,33725.883553871,38.3330078125,38.3330078125,0,,0
1605,GF-16-CAM-18,33726.035934001,33726.036715723,33726.116806517,38.3330078125,38.3330078125,0,,0
1607,GF-16-CAM-18,33726.251647181,33726.253612358,33726.28952742,38.3330078125,38.3330078125,0,,0
1609,GF-16-CAM-18,33726.512294711,33726.51363685,33726.610893609,38.3330078125,38.3330078125,0,,0
1611,GF-16-CAM-18,33726.830495059,33726.831706861,33726.894254215,38.3330078125,38.3330078125,0,,0
1613,GF-16-CAM-18,33727.230750485,33727.231783008,33727.321163176,38.3330078125,38.3330078125,0,,0
1615,GF-16-CAM-18,33727.581803017,33727.58250531,33727.631913681,38.3330078125,38.3330078125,0,,0
1617,GF-16-CAM-18,33727.822674232,33727.82482702,33727.867872094,38.3330078125,38.3330078125,0,,0
1619,GF-16-CAM-18,33728.087968045,33728.088839005,33728.15637517,38.3330078125,38.3330078125,0,,0
1621,GF-16-CAM-18,33728.342488845,33728.343670909,33728.424845658,38.3330078125,38.3330078125,0,,0
1623,GF-16-CAM-18,33728.635441572,33728.63711615,33728.68758076,38.3330078125,38.3330078125,0,,0
1625,GF-16-CAM-18,33728.935217401,33728.937045508,33728.973102769,38.3330078125,38.3330078125,0,,0
1705,GF-16-CAM-18,33739.207255563,33739.207843505,33739.252776667,38.33349609375,38.3330078125,0,,0
1707,GF-16-CAM-18,33739.52505658,33739.525944567,33739.610022169,38.3330078125,38.3330078125,0,,0
1709,GF-16-CAM-18,33739.787966049,33739.788797239,33739.831471992,38.3330078125,38.3330078125,0,,0
1711,GF-16-CAM-18,33739.957744392,33739.959334302,33739.992460886,38.3330078125,38.3330078125,0,,0
1713,GF-16-CAM-18,33740.136781088,33740.139157694,33740.188337439,38.3330078125,38.3330078125,0,,0
1715,GF-16-CAM-18,33740.374765238,33740.375318331,33740.428482216,38.3330078125,38.3330078125,0,,0
1717,GF-16-CAM-18,33740.546672243,33740.549158533,33740.610444808,38.3330078125,38.3330078125,0,,0
1719,GF-16-CAM-18,33740.731950687,33740.733979637,33740.786592871,38.3330078125,38.3330078125,0,,0
1721,GF-16-CAM-18,33740.954148986,33740.955087592,33740.987182911,38.3330078125,38.3330078125,0,,0
1723,GF-16-CAM-18,33741.195621339,33741.197058499,33741.261539294,38.3330078125,38.3330078125,0,,0
1725,GF-16-CAM-18,33741.457575312,33741.458981219,33741.514261275,38.3330078125,38.3330078125,0,,0
1727,GF-16-CAM-18,33741.709344205,33741.709922932,33741.751270691,38.3330078125,38.3330078125,0,,0
1729,GF-16-CAM-18,33741.942464179,33741.943444542,33741.986930077,38.3330078125,38.3330078125,0,,0
1731,GF-16-CAM-18,33742.158387837,33742.159207346,33742.200733675,38.3330078125,38.3330078125,0,,0
1733,GF-16-CAM-18,33742.432831563,33742.433404293,33742.470328133,38.3330078125,38.3330078125,0,,0
1735,GF-16-CAM-18,33742.58640642,33742.588778525,33742.634953474,38.3330078125,38.3330078125,0,,0
1737,GF-16-CAM-18,33742.745178892,33742.745980936,33742.782424551,38.3330078125,38.3330078125,0,,0
1739,GF-16-CAM-18,33742.92353607,33742.927632332,33742.969320517,38.3330078125,38.3330078125,0,,0
1741,GF-16-CAM-18,33743.268261985,33743.269959373,33743.320266316,38.3330078125,38.3330078125,0,,0
1743,GF-16-CAM-18,33743.53599586,33743.536722964,33743.568679416,38.3330078125,38.3330078125,0,,0
1745,GF-16-CAM-18,33743.839995556,33743.840925367,33743.885428201,38.3330078125,38.3330078125,0,,0
1747,GF-16-CAM-18,33744.12345638,33744.124505307,33744.162751129,38.3330078125,38.3330078125,0,,0
1749,GF-16-CAM-18,33744.31643804,33744.317523891,33744.359493156,38.3330078125,38.3330078125,0,,0
1751,GF-16-CAM-18,33744.65818433,33744.658770263,33744.70317634,38.3330078125,38.3330078125,0,,0
1753,GF-16-CAM-18,33744.872327522,33744.872942976,33744.921954408,38.3330078125,38.3330078125,0,,0
1755,GF-16-CAM-18,33745.055720882,33745.056469733,33745.094744766,38.3330078125,38.3330078125,0,,0
1757,GF-16-CAM-18,33745.316184949,33745.318768081,33745.344469565,38.3330078125,38.3330078125,0,,0
1759,GF-16-CAM-18,33745.535853924,33745.536620859,33745.569495861,38.3330078125,38.3330078125,0,,0
1761,GF-16-CAM-18,33745.747610735,33745.748422012,33745.797507912,38.3330078125,38.3330078125,0,,0
1763,GF-16-CAM-18,33745.899492201,33745.900356029,33745.935680868,38.3330078125,38.3330078125,0,,0
1765,GF-16-CAM-18,33746.1735505,33746.174222372,33746.215242475,38.3330078125,38.3330078125,0,,0
1767,GF-16-CAM-18,33746.356048691,33746.356975793,33746.403685352,38.3330078125,38.3330078125,0,,0
1769,GF-16-CAM-18,33746.558157391,33746.559680414,33746.612466966,38.3330078125,38.3330078125,0,,0
1771,GF-16-CAM-18,33746.833381017,33746.834133812,33746.871080011,38.3330078125,38.3330078125,0,,0
1773,GF-16-CAM-18,33746.977563026,33746.978587563,33746.998933962,38.3330078125,38.3330078125,0,,0
1775,GF-16-CAM-18,33747.238990191,33747.240883639,33747.278347083,38.3330078125,38.3330078125,0,,0
1785,GF-16-CAM-18,33748.403823118,33748.404559297,33748.467519685,38.33349609375,38.3330078125,0,,0
1787,GF-16-CAM-18,33748.722215105,33748.723880805,33748.772370928,38.3330078125,38.3330078125,0,,0
1789,GF-16-CAM-18,33748.976979363,33748.977855888,33749.027564276,38.3330078125,38.3330078125,0,,0
1791,GF-16-CAM-18,33749.24897999,33749.250976424,33749.285876233,38.3330078125,38.3330078125,0,,0
1793,GF-16-CAM-18,33749.519358218,33749.519951952,33749.565720261,38.3330078125,38.3330078125,0,,0
1795,GF-16-CAM-18,33749.802662688,33749.803201815,33749.836597408,38.3330078125,38.3330078125,0,,0
1797,GF-16-CAM-18,33750.13177801,33750.132572083,33750.164878453,38.3330078125,38.3330078125,0,,0
1799,GF-16-CAM-18,33750.371108048,33750.372021352,33750.417612824,38.3330078125,38.3330078125,0,,0
1801,GF-16-CAM-18,33750.590547669,33750.593746476,33750.630369086,38.3330078125,38.3330078125,0,,0
1803,GF-16-CAM-18,33750.854538674,33750.855784895,33750.910595721,38.3330078125,38.3330078125,0,,0
1805,GF-16-CAM-18,33751.043255955,33751.044875405,33751.135598586,38.3330078125,38.3330078125,0,,0
1807,GF-16-CAM-18,33751.335578181,33751.336204195,33751.374436863,38.3330078125,38.3330078125,0,,0
1809,GF-16-CAM-18,33751.514917167,33751.515619679,33751.579817742,38.3330078125,38.3330078125,0,,0
1811,GF-16-CAM-18,33751.776177946,33751.777840561,33751.813566462,38.3330078125,38.3330078125,0,,0
1813,GF-16-CAM-18,33752.074111303,33752.075029225,33752.118816964,38.3330078125,38.3330078125,0,,0
1815,GF-16-CAM-18,33752.2896216,33752.290585826,33752.333614422,38.3330078125,38.3330078125,0,,0
1817,GF-16-CAM-18,33752.59486375,33752.595767877,33752.628451191,38.3330078125,38.3330078125,0,,0
1819,GF-16-CAM-18,33752.803870444,33752.804723037,33752.830327775,38.3330078125,38.3330078125,0,,0
1821,GF-16-CAM-18,33752.987645973,33752.988436517,33753.031849788,38.3330078125,38.3330078125,0,,0
1823,GF-16-CAM-18,33753.226433961,33753.227420516,33753.270982592,38.3330078125,38.3330078125,0,,0
1825,GF-16-CAM-18,33753.465741988,33753.466509332,33753.491093309,38.3330078125,38.3330078125,0,,0
1827,GF-16-CAM-18,33753.762812331,33753.763605213,33753.841022544,38.3330078125,38.3330078125,0,,0
1829,GF-16-CAM-18,33753.990507244,33753.991264389,33754.118374112,38.3330078125,38.3330078125,0,,0
1831,GF-16-CAM-18,33754.377623259,33754.379034912,33754.420935554,38.3330078125,38.3330078125,0,,0
1833,GF-16-CAM-18,33754.645270148,33754.646477421,33754.671460104,38.3330078125,38.3330078125,0,,0
1835,GF-16-CAM-18,33754.816099867,33754.817043504,33754.857105548,38.3330078125,38.3330078125,0,,0
1837,GF-16-CAM-18,33755.144220358,33755.145858106,33755.187481062,38.3330078125,38.3330078125,0,,0
1839,GF-16-CAM-18,33755.416614268,33755.417566203,33755.517066165,38.3330078125,38.3330078125,0,,0
1841,GF-16-CAM-18,33755.703732245,33755.704502851,33755.753774221,38.3330078125,38.3330078125,0,,0
1843,GF-16-CAM-18,33755.963344513,33755.965997117,33756.016670389,38.3330078125,38.3330078125,0,,0
1845,GF-16-CAM-18,33756.252099149,33756.253069119,33756.318964975,38.3330078125,38.3330078125,0,,0
1847,GF-16-CAM-18,33756.599139042,33756.600172198,33756.626878597,38.3330078125,38.3330078125,0,,0
1849,GF-16-CAM-18,33756.831722388,33756.833040474,33756.871391277,38.3330078125,38.3330078125,0,,0
1851,GF-16-CAM-18,33757.050452841,33757.051195502,33757.085936226,38.3330078125,38.3330078125,0,,0
1853,GF-16-CAM-18,33757.337231927,33757.338161663,33757.363531438,38.3330078125,38.3330078125,0,,0
1855,GF-16-CAM-18,33757.494195401,33757.495183117,33757.530859897,38.3330078125,38.3330078125,0,,0
1857,GF-16-CAM-18,33757.736473393,33757.737299918,33757.765657974,38.3330078125,38.3330078125,0,,0
1859,GF-16-CAM-18,33758.033399903,33758.034802997,33758.088890513,38.3330078125,38.3330078125,0,,0
1861,GF-16-CAM-18,33758.210321801,33758.211039479,33758.270825358,38.3330078125,38.3330078125,0,,0
1863,GF-16-CAM-18,33758.605320886,33758.60613132,33758.655876624,38.3330078125,38.3330078125,0,,0
1865,GF-16-CAM-18,33758.855621069,33758.856993109,33758.930459678,38.3330078125,38.3330078125,0,,0
1867,GF-16-CAM-18,33759.085854704,33759.086956222,33759.119081587,38.3330078125,38.3330078125,0,,0
1869,GF-16-CAM-18,33759.294115439,33759.294982518,33759.340791025,38.3330078125,38.3330078125,0,,0
1871,GF-16-CAM-18,33759.525919125,33759.526809702,33759.572574372,38.3330078125,38.3330078125,0,,0
1873,GF-16-CAM-18,33759.796132466,33759.797895338,33759.845096535,38.3330078125,38.3330078125,0,,0
1875,GF-16-CAM-18,33760.035177216,33760.035966835,33760.101021703,38.3330078125,38.3330078125,0,,0
1877,GF-16-CAM-18,33760.320308951,33760.321608462,33760.383216009,38.3330078125,38.3330078125,0,,0
1879,GF-16-CAM-18,33760.577060301,33760.577676478,33760.66457218,38.3330078125,38.3330078125,0,,0
1881,GF-16-CAM-18,33760.831604346,33760.832384656,33760.86548478,38.3330078125,38.3330078125,0,,0
1883,GF-16-CAM-18,33761.079723199,33761.080497207,33761.13148419,38.3330078125,38.3330078125,0,,0
1885,GF-16-CAM-18,33761.285554737,33761.28636138,33761.322898145,38.3330078125,38.3330078125,0,,0
1887,GF-16-CAM-18,33761.517251426,33761.518530616,33761.53875611,38.3330078125,38.3330078125,0,,0
1889,GF-16-CAM-18,33761.720476838,33761.721958933,33761.770844135,38.3330078125,38.3330078125,0,,0
1891,GF-16-CAM-18,33762.016223608,33762.017218118,33762.04886224,38.3330078125,38.3330078125,0,,0
1893,GF-16-CAM-18,33762.287109017,33762.28808254,33762.330376231,38.3330078125,38.3330078125,0,,0
1895,GF-16-CAM-18,33762.483228561,33762.48406189,33762.550852715,38.3330078125,38.3330078125,0,,0
1897,GF-16-CAM-18,33762.758677611,33762.762067155,33762.84273924,38.3330078125,38.3330078125,0,,0
1899,GF-16-CAM-18,33763.001588496,33763.003453522,33763.034817209,38.3330078125,38.3330078125,0,,0
1901,GF-16-CAM-18,33763.288727004,33763.289524177,33763.312636752,38.3330078125,38.3330078125,0,,0
1903,GF-16-CAM-18,33763.552445762,33763.553196635,33763.590813645,38.3330078125,38.3330078125,0,,0
1905,GF-16-CAM-18,33763.904622029,33763.913408023,33763.959494336,38.3330078125,38.3330078125,0,,0
1907,GF-16-CAM-18,33764.166549567,33764.167212888,33764.205812076,38.3330078125,38.3330078125,0,,0
1909,GF-16-CAM-18,33764.345603497,33764.347641801,33764.397475874,38.3330078125,38.3330078125,0,,0
1911,GF-16-CAM-18,33764.606535016,33764.607286066,33764.649646579,38.3330078125,38.3330078125,0,,0
1913,GF-16-CAM-18,33764.882231276,33764.883182705,33764.92017489,38.3330078125,38.3330078125,0,,0
1915,GF-16-CAM-18,33765.067299663,33765.068234883,33765.106848608,38.3330078125,38.3330078125,0,,0
1917,GF-16-CAM-18,33765.424617348,33765.426063802,33765.460197566,38.3330078125,38.3330078125,0,,0
1919,GF-16-CAM-18,33765.707808575,33765.708682638,33765.775934662,38.3330078125,38.3330078125,0,,0
1921,GF-16-CAM-18,33765.944661442,33765.946142256,33765.990708112,38.3330078125,38.3330078125,0,,0
1923,GF-16-CAM-18,33766.163555614,33766.164794683,33766.207899133,38.3330078125,38.3330078125,0,,0
1925,GF-16-CAM-18,33766.328150161,33766.328670323,33766.356055531,38.3330078125,38.3330078125,0,,0
1927,GF-16-CAM-18,33766.578615446,33766.579649424,33766.617807554,38.3330078125,38.3330078125,0,,0
1929,GF-16-CAM-18,33766.847436188,33766.848140002,33766.90982347,38.3330078125,38.3330078125,0,,0
1931,GF-16-CAM-18,33767.133521201,33767.134288656,33767.215742612,38.3330078125,38.3330078125,0,,0
1933,GF-16-CAM-18,33767.406720518,33767.408047444,33767.451303114,38.3330078125,38.3330078125,0,,0
1935,GF-16-CAM-18,33767.650158961,33767.651699266,33767.747451607,38.3330078125,38.3330078125,0,,0
1937,GF-16-CAM-18,33767.862752195,33767.863409764,33767.89045966,38.3330078125,38.3330078125,0,,0
1939,GF-16-CAM-18,33768.081345188,33768.082197344,33768.117270864,38.3330078125,38.3330078125,0,,0
1941,GF-16-CAM-18,33768.451163874,33768.452441441,33768.538432139,38.3330078125,38.3330078125,0,,0
1943,GF-16-CAM-18,33768.794554496,33768.795574212,33768.856142297,38.3330078125,38.3330078125,0,,0
1945,GF-16-CAM-18,33768.964610642,33768.965573665,33769.035843433,38.3330078125,38.3330078125,0,,0
1947,GF-16-CAM-18,33769.331246215,33769.331857182,33769.36035929,38.3330078125,38.3330078125,0,,0
1949,GF-16-CAM-18,33769.557541572,33769.558557214,33769.603449714,38.3330078125,38.3330078125,0,,0
1951,GF-16-CAM-18,33769.810358407,33769.811491482,33769.866383577,38.3330078125,38.3330078125,0,,0
1953,GF-16-CAM-18,33770.175595523,33770.176763796,33770.244964491,38.3330078125,38.3330078125,0,,0
1955,GF-16-CAM-18,33770.46611287,33770.467593453,33770.502728447,38.3330078125,38.3330078125,0,,0
1957,GF-16-CAM-18,33770.76996786,33770.771169711,33770.814747347,38.3330078125,38.3330078125,0,,0
1959,GF-16-CAM-18,33771.049875345,33771.050793296,33771.089881596,38.3330078125,38.3330078125,0,,0
1961,GF-16-CAM-18,33771.330131071,33771.331216382,33771.376932238,38.3330078125,38.3330078125,0,,0
1963,GF-16-CAM-18,33771.525740189,33771.52665962,33771.591387544,38.3330078125,38.3330078125,0,,0
1965,GF-16-CAM-18,33771.830814184,33771.831480959,33771.90801894,38.3330078125,38.3330078125,0,,0
1967,GF-16-CAM-18,33772.124301028,33772.132871903,33772.180495009,38.3330078125,38.3330078125,0,,0
1969,GF-16-CAM-18,33772.421550505,33772.422485777,33772.464958621,38.3330078125,38.3330078125,0,,0
1971,GF-16-CAM-18,33772.660500961,33772.661845151,33772.723594253,38.3330078125,38.3330078125,0,,0
1973,GF-16-CAM-18,33772.913988743,33772.914826987,33772.969805612,38.3330078125,38.3330078125,0,,0
1975,GF-16-CAM-18,33773.151782345,33773.152831149,33773.198198805,38.3330078125,38.3330078125,0,,0
1977,GF-16-CAM-18,33773.424993937,33773.425616329,33773.46559481,38.3330078125,38.3330078125,0,,0
1979,GF-16-CAM-18,33773.634405706,33773.635420333,33773.715263716,38.3330078125,38.3330078125,0,,0
1981,GF-16-CAM-18,33773.885270387,33773.886437035,33773.932633177,38.3330078125,38.3330078125,0,,0
1983,GF-16-CAM-18,33774.176554871,33774.177641165,33774.220319526,38.3330078125,38.3330078125,0,,0
1985,GF-16-CAM-18,33774.354721412,33774.355351417,33774.384043839,38.3330078125,38.3330078125,0,,0
1987,GF-16-CAM-18,33774.677106053,33774.677940545,33774.717368485,38.3330078125,38.3330078125,0,,0
1989,GF-16-CAM-18,33775.003988051,33775.005861064,33775.078692285,38.3330078125,38.3330078125,0,,0
1991,GF-16-CAM-18,33775.271818475,33775.272629482,33775.325474248,38.3330078125,38.3330078125,0,,0
1993,GF-16-CAM-18,33775.579157162,33775.581104132,33775.626221074,38.3330078125,38.3330078125,0,,0
1995,GF-16-CAM-18,33775.798825133,33775.799612368,33775.842353649,38.3330078125,38.3330078125,0,,0
1997,GF-16-CAM-18,33776.038113552,33776.039033498,33776.124724062,38.3330078125,38.3330078125,0,,0
1999,GF-16-CAM-18,33776.301442452,33776.302389512,33776.345232918,38.3330078125,38.3330078125,0,,0
2001,GF-16-CAM-18,33776.564724055,33776.565788093,33776.648404996,38.3330078125,38.3330078125,0,,0
2003,GF-16-CAM-18,33776.824088617,33776.825084716,33776.860953967,38.3330078125,38.3330078125,0,,0
2005,GF-16-CAM-18,33777.052272475,33777.053728954,33777.111882385,38.3330078125,38.3330078125,0,,0
2007,GF-16-CAM-18,33777.31506195,33777.318065818,33777.375781912,38.3330078125,38.3330078125,0,,0
2009,GF-16-CAM-18,33777.658877723,33777.659605374,33777.715119385,38.3330078125,38.3330078125,0,,0
2011,GF-16-CAM-18,33777.917937808,33777.918903346,33778.001492995,38.3330078125,38.3330078125,0,,0
2013,GF-16-CAM-18,33778.174952835,33778.175829607,33778.209654872,38.3330078125,38.3330078125,0,,0
2015,GF-16-CAM-18,33778.351317459,33778.35213502,33778.383176015,38.3330078125,38.3330078125,0,,0
2017,GF-16-CAM-18,33778.65705625,33778.657823451,33778.720070544,38.3330078125,38.3330078125,0,,0
2019,GF-16-CAM-18,33778.97165107,33778.972644977,33779.029061682,38.3330078125,38.3330078125,0,,0
2021,GF-16-CAM-18,33779.345845461,33779.346788968,33779.366980452,38.3330078125,38.3330078125,0,,0
2023,GF-16-CAM-18,33779.623684753,33779.626210583,33779.687523876,38.3330078125,38.3330078125,0,,0
2025,GF-16-CAM-18,33779.831985053,33779.832872089,33779.892969876,38.3330078125,38.3330078125,0,,0
2027,GF-16-CAM-18,33780.065711938,33780.067859918,33780.115555512,38.3330078125,38.3330078125,0,,0
2029,GF-16-CAM-18,33780.296957295,33780.300803311,33780.333803857,38.3330078125,38.3330078125,0,,0
2031,GF-16-CAM-18,33780.544887464,33780.545573447,33780.580614925,38.3330078125,38.3330078125,0,,0
2033,GF-16-CAM-18,33780.796996514,33780.797872443,33780.826240611,38.3330078125,38.3330078125,0,,0
2035,GF-16-CAM-18,33781.042307857,33781.043215174,33781.080226066,38.3330078125,38.3330078125,0,,0
2037,GF-16-CAM-18,33781.260392992,33781.261875963,33781.314556256,38.3330078125,38.3330078125,0,,0
2039,GF-16-CAM-18,33781.444122381,33781.44645603,33781.501171586,38.3330078125,38.3330078125,0,,0
2041,GF-16-CAM-18,33781.690988236,33781.691777823,33781.74395337,38.3330078125,38.3330078125,0,,0
2043,GF-16-CAM-18,33781.889709496,33781.890689023,33781.949759384,38.3330078125,38.3330078125,0,,0
2045,GF-16-CAM-18,33782.177860425,33782.178719198,33782.224195789,38.3330078125,38.3330078125,0,,0
2047,GF-16-CAM-18,33782.550193409,33782.550887879,33782.582146529,38.3330078125,38.3330078125,0,,0
2049,GF-16-CAM-18,33782.785106551,33782.785746927,33782.824680534,38.3330078125,38.3330078125,0,,0
2051,GF-16-CAM-18,33783.089969799,33783.09091251,33783.129288239,38.3330078125,38.3330078125,0,,0
2053,GF-16-CAM-18,33783.37971262,33783.380618585,33783.42796641,38.3330078125,38.3330078125,0,,0
2055,GF-16-CAM-18,33783.620959487,33783.622318182,33783.686127751,38.3330078125,38.3330078125,0,,0
2057,GF-16-CAM-18,33783.844218859,33783.844797702,33783.865737327,38.3330078125,38.3330078125,0,,0
2059,GF-16-CAM-18,33784.137944946,33784.139233551,33784.169876157,38.3330078125,38.3330078125,0,,0
2061,GF-16-CAM-18,33784.292778169,33784.293640719,33784.335953854,38.3330078125,38.3330078125,0,,0
2063,GF-16-CAM-18,33784.552747213,33784.553684651,33784.621082206,38.3330078125,38.3330078125,0,,0
2065,GF-16-CAM-18,33784.815332087,33784.81626678,33784.903413046,38.3330078125,38.3330078125,0,,0
2067,GF-16-CAM-18,33785.104937065,33785.106860045,33785.151416415,38.3330078125,38.3330078125,0,,0
2069,GF-16-CAM-18,33785.413177528,33785.415406031,33785.503519176,38.3330078125,38.3330078125,0,,0
2071,GF-16-CAM-18,33785.688377838,33785.692203983,33785.732635109,38.3330078125,38.3330078125,0,,0
2073,GF-16-CAM-18,33785.978629889,33785.979513438,33786.016300898,38.3330078125,38.3330078125,0,,0
2075,GF-16-CAM-18,33786.148264125,33786.149035645,33786.187821737,38.3330078125,38.3330078125,0,,0
2077,GF-16-CAM-18,33786.44981968,33786.45091159,33786.496951763,38.3330078125,38.3330078125,0,,0
2079,GF-16-CAM-18,33786.738057193,33786.739129913,33786.773940201,38.3330078125,38.3330078125,0,,0
2081,GF-16-CAM-18,33787.026054996,33787.026855531,33787.073593178,38.3330078125,38.3330078125,0,,0
2083,GF-16-CAM-18,33787.210593554,33787.211630977,33787.277198557,38.3330078125,38.3330078125,0,,0
2085,GF-16-CAM-18,33787.549077734,33787.54988117,33787.610155224,38.3330078125,38.3330078125,0,,0
2087,GF-16-CAM-18,33787.83774882,33787.838975201,33787.881888092,38.3330078125,38.3330078125,0,,0
2089,GF-16-CAM-18,33788.076739214,33788.079853601,33788.127932557,38.3330078125,38.3330078125,0,,0
2091,GF-16-CAM-18,33788.456978571,33788.458961895,33788.535991969,38.3330078125,38.3330078125,0,,0
2093,GF-16-CAM-18,33788.794707197,33788.79568718,33788.839233765,38.3330078125,38.3330078125,0,,0
2095,GF-16-CAM-18,33789.08866675,33789.089712167,33789.116602912,38.3330078125,38.3330078125,0,,0
2097,GF-16-CAM-18,33789.347912868,33789.34903152,33789.397954215,38.3330078125,38.3330078125,0,,0
2099,GF-16-CAM-18,33789.576321737,33789.577196374,33789.614368146,38.3330078125,38.3330078125,0,,0
2101,GF-16-CAM-18,33789.744113281,33789.744785364,33789.788676753,38.3330078125,38.3330078125,0,,0
2103,GF-16-CAM-18,33790.041660807,33790.042762692,33790.089700295,38.3330078125,38.3330078125,0,,0
2105,GF-16-CAM-18,33790.209722509,33790.210392554,33790.283248708,38.3330078125,38.3330078125,0,,0
2107,GF-16-CAM-18,33790.406083802,33790.406963792,33790.434445405,38.3330078125,38.3330078125,0,,0
2109,GF-16-CAM-18,33790.605581767,33790.606390874,33790.642095225,38.3330078125,38.3330078125,0,,0
2111,GF-16-CAM-18,33790.808752966,33790.809450586,33790.890996228,38.3330078125,38.3330078125,0,,0
2113,GF-16-CAM-18,33791.071078831,33791.071799063,33791.112063376,38.3330078125,38.3330078125,0,,0
2115,GF-16-CAM-18,33791.251442325,33791.252419781,33791.32884803,38.3330078125,38.3330078125,0,,0
2117,GF-16-CAM-18,33791.533146586,33791.535648714,33791.585846417,38.3330078125,38.3330078125,0,,0
2119,GF-16-CAM-18,33791.766759412,33791.76804785,33791.81583414,38.3330078125,38.3330078125,0,,0
2121,GF-16-CAM-18,33792.037196536,33792.039290005,33792.076737381,38.3330078125,38.3330078125,0,,0
2123,GF-16-CAM-18,33792.299690827,33792.300471943,33792.361458176,38.3330078125,38.3330078125,0,,0
2125,GF-16-CAM-18,33792.550468043,33792.551263203,33792.603780102,38.3330078125,38.3330078125,0,,0
2127,GF-16-CAM-18,33792.780610684,33792.781303166,33792.85494763,38.3330078125,38.3330078125,0,,0
2129,GF-16-CAM-18,33793.133396076,33793.1355339,33793.207185417,38.3330078125,38.3330078125,0,,0
2131,GF-16-CAM-18,33793.516739656,33793.518286186,33793.594248913,38.3330078125,38.3330078125,0,,0
2133,GF-16-CAM-18,33793.903739943,33793.904616183,33793.987675518,38.3330078125,38.3330078125,0,,0
2135,GF-16-CAM-18,33794.221387829,33794.223237234,33794.272446029,38.3330078125,38.3330078125,0,,0
2137,GF-16-CAM-18,33794.40565062,33794.407336872,33794.461765767,38.3330078125,38.3330078125,0,,0
2139,GF-16-CAM-18,33794.689997545,33794.690912871,33794.722607175,38.3330078125,38.3330078125,0,,0
2141,GF-16-CAM-18,33794.9211245,33794.921838444,33794.98642309,38.3330078125,38.3330078125,0,,0
2143,GF-16-CAM-18,33795.117042182,33795.117951596,33795.146691513,38.3330078125,38.3330078125,0,,0
2145,GF-16-CAM-18,33795.297889422,33795.298712891,33795.332493676,38.3330078125,38.3330078125,0,,0
2147,GF-16-CAM-18,33795.464748737,33795.465726849,33795.524230868,38.3330078125,38.3330078125,0,,0
2149,GF-16-CAM-18,33795.711885269,33795.713174698,33795.754705785,38.3330078125,38.3330078125,0,,0
2651,GF-16-CAM-18,33866.311180969,33866.31232914,33866.340225885,38.33349609375,38.3330078125,0,,0
2655,GF-16-CAM-18,33866.905171848,33866.905958278,33866.929421124,38.33349609375,38.3330078125,0,,0
2693,GF-16-CAM-18,33872.075967403,33872.076541556,33872.102744067,38.33349609375,38.3330078125,0,,0
2695,GF-16-CAM-18,33872.451750903,33872.452392653,33872.506079697,38.3330078125,38.3330078125,0,,0
2697,GF-16-CAM-18,33872.730193069,33872.733130852,33872.756273683,38.3330078125,38.3330078125,0,,0
2699,GF-16-CAM-18,33872.999571724,33873.000686689,33873.06611187,38.3330078125,38.3330078125,0,,0
2701,GF-16-CAM-18,33873.388775461,33873.390665631,33873.432045555,38.3330078125,38.3330078125,0,,0
2703,GF-16-CAM-18,33873.738530381,33873.739848108,33873.783627102,38.3330078125,38.3330078125,0,,0
2705,GF-16-CAM-18,33874.054794479,33874.056096559,33874.102287517,38.3330078125,38.3330078125,0,,0
2707,GF-16-CAM-18,33874.270730007,33874.271433597,33874.347486554,38.3330078125,38.3330078125,0,,0
2709,GF-16-CAM-18,33874.527584189,33874.52879141,33874.570970841,38.3330078125,38.3330078125,0,,0
2711,GF-16-CAM-18,33874.767760644,33874.769923729,33874.847729046,38.3330078125,38.3330078125,0,,0
2713,GF-16-CAM-18,33875.080295022,33875.082182677,33875.124323635,38.3330078125,38.3330078125,0,,0
2715,GF-16-CAM-18,33875.368213527,33875.369963155,33875.439087847,38.3330078125,38.3330078125,0,,0
2717,GF-16-CAM-18,33875.710325115,33875.711094374,33875.774867803,38.3330078125,38.3330078125,0,,0
2719,GF-16-CAM-18,33875.966824888,33875.967794318,33876.013255425,38.3330078125,38.3330078125,0,,0
2721,GF-16-CAM-18,33876.221464776,33876.223585931,33876.270706954,38.3330078125,38.3330078125,0,,0
2723,GF-16-CAM-18,33876.549058418,33876.550160825,33876.588832985,38.3330078125,38.3330078125,0,,0
2725,GF-16-CAM-18,33876.828385304,33876.829515526,33876.891879208,38.3330078125,38.3330078125,0,,0
2727,GF-16-CAM-18,33877.050416437,33877.051087299,33877.083198375,38.3330078125,38.3330078125,0,,0
2729,GF-16-CAM-18,33877.335311535,33877.336300516,33877.389851713,38.3330078125,38.3330078125,0,,0
2731,GF-16-CAM-18,33877.559569544,33877.560228905,33877.601239766,38.3330078125,38.3330078125,0,,0
2733,GF-16-CAM-18,33877.848059945,33877.848755347,33877.908091514,38.3330078125,38.3330078125,0,,0
2735,GF-16-CAM-18,33878.13651634,33878.137839883,33878.201691002,38.3330078125,38.3330078125,0,,0
2737,GF-16-CAM-18,33878.382351858,33878.383086024,33878.424633316,38.3330078125,38.3330078125,0,,0
2741,GF-16-CAM-18,33878.869314404,33878.870277089,33878.920739344,38.33349609375,38.3330078125,0,,0
2745,GF-16-CAM-18,33879.396606047,33879.397266105,33879.437452025,38.33349609375,38.3330078125,0,,0
2747,GF-16-CAM-18,33879.691051505,33879.691898637,33879.759783087,38.3330078125,38.3330078125,0,,0
2749,GF-16-CAM-18,33880.092143724,33880.093480898,33880.129456711,38.3330078125,38.3330078125,0,,0
2751,GF-16-CAM-18,33880.39703647,33880.397695152,33880.437843446,38.3330078125,38.3330078125,0,,0
2753,GF-16-CAM-18,33880.681531075,33880.682205014,33880.770280674,38.3330078125,38.3330078125,0,,0
2755,GF-16-CAM-18,33881.032555823,33881.033648327,33881.064421374,38.3330078125,38.3330078125,0,,0
2757,GF-16-CAM-18,33881.243974572,33881.244812262,33881.309820823,38.3330078125,38.3330078125,0,,0
2759,GF-16-CAM-18,33881.432497186,33881.433196672,33881.472363519,38.3330078125,38.3330078125,0,,0
2761,GF-16-CAM-18,33881.650473687,33881.653077731,33881.725703229,38.3330078125,38.3330078125,0,,0
2763,GF-16-CAM-18,33882.000918548,33882.002221493,33882.055662466,38.3330078125,38.3330078125,0,,0
2765,GF-16-CAM-18,33882.243196471,33882.244057137,33882.287628652,38.3330078125,38.3330078125,0,,0
2811,GF-16-CAM-18,33887.883859281,33887.885445466,33887.924583288,38.33349609375,38.3330078125,0,,0
2815,GF-16-CAM-18,33888.402482413,33888.403176125,33888.44873471,38.33349609375,38.3330078125,0,,0
2817,GF-16-CAM-18,33888.647349608,33888.64850935,33888.723758779,38.3330078125,38.3330078125,0,,0
2819,GF-16-CAM-18,33889.042387256,33889.044062271,33889.087889928,38.3330078125,38.3330078125,0,,0
2821,GF-16-CAM-18,33889.344963642,33889.345910074,33889.387555988,38.3330078125,38.3330078125,0,,0
2825,GF-16-CAM-18,33889.7985879,33889.799719789,33889.870284398,38.33349609375,38.3330078125,0,,0
2869,GF-16-CAM-18,33895.507772446,33895.509718,33895.54405511,38.33349609375,38.3330078125,0,,0
2879,GF-16-CAM-18,33896.949324728,33896.95016244,33896.990072553,38.33349609375,38.3330078125,0,,0
2881,GF-16-CAM-18,33897.233068819,33897.234123051,33897.275326721,38.3330078125,38.3330078125,0,,0
2883,GF-16-CAM-18,33897.521217467,33897.521936995,33897.568934176,38.3330078125,38.3330078125,0,,0
2885,GF-16-CAM-18,33897.679271425,33897.680217128,33897.715225668,38.3330078125,38.3330078125,0,,0
2887,GF-16-CAM-18,33897.985473286,33897.986564765,33898.022680333,38.3330078125,38.3330078125,0,,0
2889,GF-16-CAM-18,33898.221946561,33898.222835007,33898.253923119,38.3330078125,38.3330078125,0,,0
2891,GF-16-CAM-18,33898.521367398,33898.522660874,33898.557823157,38.3330078125,38.3330078125,0,,0
2893,GF-16-CAM-18,33898.680673975,33898.684181157,33898.724975472,38.3330078125,38.3330078125,0,,0
2895,GF-16-CAM-18,33899.031916662,33899.03264611,33899.087438288,38.3330078125,38.3330078125,0,,0
2897,GF-16-CAM-18,33899.339839513,33899.340589497,33899.391610979,38.3330078125,38.3330078125,0,,0
2899,GF-16-CAM-18,33899.521585276,33899.522181713,33899.570862874,38.3330078125,38.3330078125,0,,0
2915,GF-16-CAM-18,33901.682974312,33901.68434166,33901.721552785,38.33349609375,38.3330078125,0,,0
2917,GF-16-CAM-18,33901.92630257,33901.927141453,33902.001748781,38.3330078125,38.3330078125,0,,0
2919,GF-16-CAM-18,33902.213626265,33902.214334811,33902.254348995,38.3330078125,38.3330078125,0,,0
2921,GF-16-CAM-18,33902.389479025,33902.390251772,33902.450319743,38.3330078125,38.3330078125,0,,0
2923,GF-16-CAM-18,33902.648317966,33902.649259672,33902.690430283,38.3330078125,38.3330078125,0,,0
2925,GF-16-CAM-18,33902.940541208,33902.941651177,33902.979586006,38.3330078125,38.3330078125,0,,0
2927,GF-16-CAM-18,33903.165182004,33903.165942022,33903.243797281,38.3330078125,38.3330078125,0,,0
2929,GF-16-CAM-18,33903.431220553,33903.431842415,33903.469479538,38.3330078125,38.3330078125,0,,0
2931,GF-16-CAM-18,33903.60848089,33903.60938911,33903.651878418,38.3330078125,38.3330078125,0,,0
2933,GF-16-CAM-18,33903.85584675,33903.856656949,33903.914339034,38.3330078125,38.3330078125,0,,0
2935,GF-16-CAM-18,33904.132224675,33904.133141831,33904.165637305,38.3330078125,38.3330078125,0,,0
2937,GF-16-CAM-18,33904.485723951,33904.486820166,33904.55196662,38.3330078125,38.3330078125,0,,0
2939,GF-16-CAM-18,33904.755227243,33904.756751604,33904.798718144,38.3330078125,38.3330078125,0,,0
2941,GF-16-CAM-18,33905.119238426,33905.121151163,33905.202573503,38.3330078125,38.3330078125,0,,0
2943,GF-16-CAM-18,33905.432064471,33905.432874873,33905.494396291,38.3330078125,38.3330078125,0,,0
2945,GF-16-CAM-18,33905.760523193,33905.761614717,33905.842585212,38.3330078125,38.3330078125,0,,0
2947,GF-16-CAM-18,33906.123999557,33906.124735783,33906.162340036,38.3330078125,38.3330078125,0,,0
2949,GF-16-CAM-18,33906.335857449,33906.336623745,33906.399732246,38.3330078125,38.3330078125,0,,0
2951,GF-16-CAM-18,33906.656025803,33906.656795298,33906.709875019,38.3330078125,38.3330078125,0,,0
2953,GF-16-CAM-18,33906.887505579,33906.888457477,33906.942262267,38.3330078125,38.3330078125,0,,0
3019,GF-16-CAM-18,33915.039607287,33915.041072741,33915.095564883,38.33349609375,38.3330078125,0,,0
3021,GF-16-CAM-18,33915.326812069,33915.328073732,33915.374281908,38.3330078125,38.3330078125,0,,0
3023,GF-16-CAM-18,33915.575569665,33915.576195284,33915.610222384,38.3330078125,38.3330078125,0,,0
3111,GF-16-CAM-18,33925.24251445,33925.243328197,33925.268920794,38.33349609375,38.3330078125,0,,0
3113,GF-16-CAM-18,33925.476454907,33925.477194972,33925.522822612,38.3330078125,38.3330078125,0,,0
3115,GF-16-CAM-18,33925.707829565,33925.708908346,33925.788902689,38.3330078125,38.3330078125,0,,0
3117,GF-16-CAM-18,33925.993480949,33925.994326089,33926.069342106,38.3330078125,38.3330078125,0,,0
3119,GF-16-CAM-18,33926.283543785,33926.285154513,33926.327423357,38.3330078125,38.3330078125,0,,0
3121,GF-16-CAM-18,33926.531319542,33926.532071259,33926.57831591,38.3330078125,38.3330078125,0,,0
3123,GF-16-CAM-18,33926.693924985,33926.694579587,33926.723812715,38.3330078125,38.3330078125,0,,0
3125,GF-16-CAM-18,33926.888773234,33926.889536521,33926.921323078,38.3330078125,38.3330078125,0,,0
3127,GF-16-CAM-18,33927.10747739,33927.108341447,33927.149953317,38.3330078125,38.3330078125,0,,0
3129,GF-16-CAM-18,33927.290638494,33927.291582336,33927.320265706,38.3330078125,38.3330078125,0,,0
3131,GF-16-CAM-18,33927.466668427,33927.467487287,33927.520817214,38.3330078125,38.3330078125,0,,0
3133,GF-16-CAM-18,33927.640679686,33927.641787988,33927.676284539,38.3330078125,38.3330078125,0,,0
3163,GF-16-CAM-18,33931.192924,33931.193814648,33931.2831581,38.33349609375,38.3330078125,0,,0
3165,GF-16-CAM-18,33931.425309723,33931.426100341,33931.481527977,38.3330078125,38.3330078125,0,,0
3167,GF-16-CAM-18,33931.626896615,33931.627555298,33931.700708356,38.3330078125,38.3330078125,0,,0
3169,GF-16-CAM-18,33931.895239461,33931.895927474,33931.930024715,38.3330078125,38.3330078125,0,,0
3171,GF-16-CAM-18,33932.130523604,33932.13163653,33932.171603594,38.3330078125,38.3330078125,0,,0
3173,GF-16-CAM-18,33932.378018042,33932.378892105,33932.442384912,38.3330078125,38.3330078125,0,,0
3175,GF-16-CAM-18,33932.570192694,33932.571615022,33932.636396418,38.3330078125,38.3330078125,0,,0
3177,GF-16-CAM-18,33932.846069856,33932.848841143,33932.907266575,38.3330078125,38.3330078125,0,,0
3179,GF-16-CAM-18,33933.049128813,33933.051645624,33933.075156871,38.3330078125,38.3330078125,0,,0
3181,GF-16-CAM-18,33933.361877903,33933.362820026,33933.439472749,38.3330078125,38.3330078125,0,,0
3183,GF-16-CAM-18,33933.576676148,33933.577485379,33933.6133094,38.3330078125,38.3330078125,0,,0
3185,GF-16-CAM-18,33933.862815453,33933.863688684,33933.933405473,38.3330078125,38.3330078125,0,,0
3187,GF-16-CAM-18,33934.11753972,33934.118369726,33934.160410593,38.3330078125,38.3330078125,0,,0
3189,GF-16-CAM-18,33934.372561384,33934.373232322,33934.410990811,38.3330078125,38.3330078125,0,,0
3191,GF-16-CAM-18,33934.623270904,33934.623947136,33934.694163949,38.3330078125,38.3330078125,0,,0
3193,GF-16-CAM-18,33934.882423963,33934.883434924,33934.914661576,38.3330078125,38.3330078125,0,,0
3195,GF-16-CAM-18,33935.085118901,33935.087469139,33935.128164548,38.3330078125,38.3330078125,0,,0
3197,GF-16-CAM-18,33935.347676057,33935.348372871,33935.394199453,38.3330078125,38.3330078125,0,,0
3199,GF-16-CAM-18,33935.549445045,33935.550089532,33935.575261187,38.3330078125,38.3330078125,0,,0
3201,GF-16-CAM-18,33935.763291217,33935.767708639,33935.804765213,38.3330078125,38.3330078125,0,,0
3203,GF-16-CAM-18,33936.027471892,33936.028145365,33936.056749717,38.3330078125,38.3330078125,0,,0
3205,GF-16-CAM-18,33936.227631111,33936.228346764,33936.28665361,38.3330078125,38.3330078125,0,,0
3207,GF-16-CAM-18,33936.563384401,33936.564400443,33936.596528603,38.3330078125,38.3330078125,0,,0
3209,GF-16-CAM-18,33936.728225329,33936.728864289,33936.770832118,38.3330078125,38.3330078125,0,,0
3211,GF-16-CAM-18,33937.033385035,33937.034324667,33937.060754093,38.3330078125,38.3330078125,0,,0
3213,GF-16-CAM-18,33937.250256854,33937.251022074,33937.274274707,38.3330078125,38.3330078125,0,,0
3215,GF-16-CAM-18,33937.50179809,33937.502799436,33937.543720079,38.3330078125,38.3330078125,0,,0
3217,GF-16-CAM-18,33937.786932442,33937.78789224,33937.807964049,38.3330078125,38.3330078125,0,,0
3219,GF-16-CAM-18,33937.974478438,33937.97530717,33938.017752189,38.3330078125,38.3330078125,0,,0
3221,GF-16-CAM-18,33938.205472399,33938.206039141,33938.245279742,38.3330078125,38.3330078125,0,,0
3223,GF-16-CAM-18,33938.460890934,33938.46155131,33938.521886899,38.3330078125,38.3330078125,0,,0
3225,GF-16-CAM-18,33938.687026464,33938.687814779,33938.732760857,38.3330078125,38.3330078125,0,,0
3227,GF-16-CAM-18,33938.896574797,33938.897598323,33938.936710205,38.3330078125,38.3330078125,0,,0
3229,GF-16-CAM-18,33939.094768131,33939.09552687,33939.133648555,38.3330078125,38.3330078125,0,,0
3231,GF-16-CAM-18,33939.395368579,33939.395997272,33939.434473705,38.3330078125,38.3330078125,0,,0
3233,GF-16-CAM-18,33939.680880058,33939.681935686,33939.726541631,38.3330078125,38.3330078125,0,,0
3235,GF-16-CAM-18,33939.884695037,33939.885398548,33939.937689833,38.3330078125,38.3330078125,0,,0
3237,GF-16-CAM-18,33940.135273752,33940.136667329,33940.174935032,38.3330078125,38.3330078125,0,,0
3239,GF-16-CAM-18,33940.417782272,33940.418698268,33940.449947386,38.3330078125,38.3330078125,0,,0
3241,GF-16-CAM-18,33940.624218132,33940.625098416,33940.663939456,38.3330078125,38.3330078125,0,,0
3243,GF-16-CAM-18,33940.959653555,33940.960428225,33941.006336585,38.3330078125,38.3330078125,0,,0
3245,GF-16-CAM-18,33941.213737626,33941.214793628,33941.283485513,38.3330078125,38.3330078125,0,,0
3247,GF-16-CAM-18,33941.470329087,33941.471179477,33941.520946862,38.3330078125,38.3330078125,0,,0
3249,GF-16-CAM-18,33941.706775003,33941.707752481,33941.749316751,38.3330078125,38.3330078125,0,,0
3251,GF-16-CAM-18,33941.94607282,33941.946889814,33942.018062344,38.3330078125,38.3330078125,0,,0
3253,GF-16-CAM-18,33942.146824189,33942.148075075,33942.17482904,38.3330078125,38.3330078125,0,,0
3255,GF-16-CAM-18,33942.368264746,33942.368989495,33942.413945291,38.3330078125,38.3330078125,0,,0
3257,GF-16-CAM-18,33942.676302438,33942.677171979,33942.731423072,38.3330078125,38.3330078125,0,,0
3259,GF-16-CAM-18,33942.890304208,33942.89088538,33942.912346881,38.3330078125,38.3330078125,0,,0
3261,GF-16-CAM-18,33943.103615882,33943.104352118,33943.135308875,38.3330078125,38.3330078125,0,,0
3263,GF-16-CAM-18,33943.423249277,33943.428160847,33943.472511497,38.3330078125,38.3330078125,0,,0
3265,GF-16-CAM-18,33943.71168235,33943.713104486,33943.757384503,38.3330078125,38.3330078125,0,,0
3267,GF-16-CAM-18,33944.093862298,33944.095037241,33944.135883707,38.3330078125,38.3330078125,0,,0
3269,GF-16-CAM-18,33944.310290557,33944.310977716,33944.35983984,38.3330078125,38.3330078125,0,,0
3271,GF-16-CAM-18,33944.501749798,33944.50281794,33944.53609123,38.3330078125,38.3330078125,0,,0
3273,GF-16-CAM-18,33944.658074761,33944.659026694,33944.694239923,38.3330078125,38.3330078125,0,,0
3275,GF-16-CAM-18,33944.820584591,33944.821365,33944.856684946,38.3330078125,38.3330078125,0,,0
3277,GF-16-CAM-18,33945.006567483,33945.007183867,33945.04370117,38.3330078125,38.3330078125,0,,0
3279,GF-16-CAM-18,33945.23685856,33945.238039693,33945.289909364,38.3330078125,38.3330078125,0,,0
3281,GF-16-CAM-18,33945.539370503,33945.540233157,33945.579887334,38.3330078125,38.3330078125,0,,0
3283,GF-16-CAM-18,33945.74332409,33945.744178407,33945.858543279,38.3330078125,38.3330078125,0,,0
3285,GF-16-CAM-18,33946.142455855,33946.143911268,33946.239785015,38.3330078125,38.3330078125,0,,0
3287,GF-16-CAM-18,33946.435978952,33946.437649546,33946.563048076,38.3330078125,38.3330078125,0,,0
3289,GF-16-CAM-18,33946.748783641,33946.749667351,33946.803430834,38.3330078125,38.3330078125,0,,0
3291,GF-16-CAM-18,33946.998942453,33946.999988184,33947.06838276,38.3330078125,38.3330078125,0,,0
3293,GF-16-CAM-18,33947.250757332,33947.252595286,33947.318588999,38.3330078125,38.3330078125,0,,0
3295,GF-16-CAM-18,33947.450219782,33947.451304666,33947.480134801,38.3330078125,38.3330078125,0,,0
3297,GF-16-CAM-18,33947.747307666,33947.748691646,33947.784814315,38.3330078125,38.3330078125,0,,0
3299,GF-16-CAM-18,33948.113567255,33948.114275354,33948.147893415,38.3330078125,38.3330078125,0,,0
3301,GF-16-CAM-18,33948.296980398,33948.297817888,33948.324929583,38.3330078125,38.3330078125,0,,0
3303,GF-16-CAM-18,33948.51657616,33948.517583619,33948.54918376,38.3330078125,38.3330078125,0,,0
3305,GF-16-CAM-18,33948.68785825,33948.689068803,33948.720085698,38.3330078125,38.3330078125,0,,0
3307,GF-16-CAM-18,33948.899890163,33948.90178243,33948.923221581,38.3330078125,38.3330078125,0,,0
3309,GF-16-CAM-18,33949.1541599,33949.155171883,33949.197144404,38.3330078125,38.3330078125,0,,0
3311,GF-16-CAM-18,33949.371775286,33949.373706872,33949.410664688,38.3330078125,38.3330078125,0,,0
3313,GF-16-CAM-18,33949.548124048,33949.549160854,33949.590217329,38.3330078125,38.3330078125,0,,0
3315,GF-16-CAM-18,33949.746240881,33949.747283567,33949.784738697,38.3330078125,38.3330078125,0,,0
3317,GF-16-CAM-18,33950.013089322,33950.013971092,33950.041809473,38.3330078125,38.3330078125,0,,0
3319,GF-16-CAM-18,33950.212604715,33950.213469128,33950.236911677,38.3330078125,38.3330078125,0,,0
3321,GF-16-CAM-18,33950.405486699,33950.406914026,33950.438197985,38.3330078125,38.3330078125,0,,0
3323,GF-16-CAM-18,33950.667265315,33950.669789524,33950.709838106,38.3330078125,38.3330078125,0,,0
3329,GF-16-CAM-18,33951.303824081,33951.305588985,33951.373980806,38.33349609375,38.3330078125,0,,0
3331,GF-16-CAM-18,33951.579815952,33951.580496823,33951.638124275,38.3330078125,38.3330078125,0,,0
3333,GF-16-CAM-18,33951.76743787,33951.768845176,33951.824849246,38.3330078125,38.3330078125,0,,0
3335,GF-16-CAM-18,33952.028122311,33952.029538467,33952.077182365,38.3330078125,38.3330078125,0,,0
3337,GF-16-CAM-18,33952.256495955,33952.257278853,33952.292809742,38.3330078125,38.3330078125,0,,0
3339,GF-16-CAM-18,33952.444401685,33952.445056273,33952.480426561,38.3330078125,38.3330078125,0,,0
3341,GF-16-CAM-18,33952.653554164,33952.655848894,33952.685884859,38.3330078125,38.3330078125,0,,0
3343,GF-16-CAM-18,33952.823452804,33952.824752317,33952.866297217,38.3330078125,38.3330078125,0,,0
3345,GF-16-CAM-18,33952.987463283,33952.988144208,33953.049296739,38.3330078125,38.3330078125,0,,0
3347,GF-16-CAM-18,33953.271899485,33953.272852119,33953.314742108,38.3330078125,38.3330078125,0,,0
3349,GF-16-CAM-18,33953.519082958,33953.519672877,33953.558489594,38.3330078125,38.3330078125,0,,0
3351,GF-16-CAM-18,33953.691119789,33953.691654629,33953.738443293,38.3330078125,38.3330078125,0,,0
3353,GF-16-CAM-18,33953.931612736,33953.932307636,33953.975541315,38.3330078125,38.3330078125,0,,0
3355,GF-16-CAM-18,33954.138613677,33954.140288587,33954.175391317,38.3330078125,38.3330078125,0,,0
3357,GF-16-CAM-18,33954.335686518,33954.337144421,33954.372569742,38.3330078125,38.3330078125,0,,0
3359,GF-16-CAM-18,33954.611047827,33954.612098428,33954.655291036,38.3330078125,38.3330078125,0,,0
3361,GF-16-CAM-18,33954.846302005,33954.847229168,33954.891689907,38.3330078125,38.3330078125,0,,0
3363,GF-16-CAM-18,33955.060159189,33955.060975925,33955.116314484,38.3330078125,38.3330078125,0,,0
3365,GF-16-CAM-18,33955.297750272,33955.298529866,33955.364256455,38.3330078125,38.3330078125,0,,0
3367,GF-16-CAM-18,33955.581562046,33955.582413104,33955.620869955,38.3330078125,38.3330078125,0,,0
3369,GF-16-CAM-18,33955.809313125,33955.810444227,33955.850623441,38.3330078125,38.3330078125,0,,0
3371,GF-16-CAM-18,33955.976913364,33955.978372265,33956.018166061,38.3330078125,38.3330078125,0,,0
3373,GF-16-CAM-18,33956.240621883,33956.241394072,33956.271024207,38.3330078125,38.3330078125,0,,0
3375,GF-16-CAM-18,33956.46091278,33956.462100124,33956.487216418,38.3330078125,38.3330078125,0,,0
3377,GF-16-CAM-18,33956.665813217,33956.666829825,33956.726616836,38.3330078125,38.3330078125,0,,0
3379,GF-16-CAM-18,33956.868102606,33956.869690253,33956.899247278,38.3330078125,38.3330078125,0,,0
3381,GF-16-CAM-18,33957.043111974,33957.043877829,33957.069953258,38.3330078125,38.3330078125,0,,0
3383,GF-16-CAM-18,33957.247543367,33957.248721738,33957.301656671,38.3330078125,38.3330078125,0,,0
3385,GF-16-CAM-18,33957.498610087,33957.499452672,33957.546603702,38.3330078125,38.3330078125,0,,0
3387,GF-16-CAM-18,33957.770424885,33957.774097674,33957.808802827,38.3330078125,38.3330078125,0,,0
3389,GF-16-CAM-18,33958.08197032,33958.083331704,33958.131294716,38.3330078125,38.3330078125,0,,0
3391,GF-16-CAM-18,33958.413976519,33958.415534092,33958.508832287,38.3330078125,38.3330078125,0,,0
3393,GF-16-CAM-18,33958.689653055,33958.690837247,33958.756448184,38.3330078125,38.3330078125,0,,0
3395,GF-16-CAM-18,33958.88917187,33958.890235255,33958.924175667,38.3330078125,38.3330078125,0,,0
3397,GF-16-CAM-18,33959.155261361,33959.155943079,33959.175387923,38.3330078125,38.3330078125,0,,0
3399,GF-16-CAM-18,33959.327552524,33959.329913946,33959.370236715,38.3330078125,38.3330078125,0,,0
3401,GF-16-CAM-18,33959.517995486,33959.518646014,33959.545859505,38.3330078125,38.3330078125,0,,0
3403,GF-16-CAM-18,33959.868721437,33959.869515249,33959.905770746,38.3330078125,38.3330078125,0,,0
3405,GF-16-CAM-18,33960.032283555,33960.032964877,33960.063808253,38.3330078125,38.3330078125,0,,0
3407,GF-16-CAM-18,33960.278799846,33960.280718455,33960.324280856,38.3330078125,38.3330078125,0,,0
3417,GF-16-CAM-18,33961.484428468,33961.485218371,33961.544344074,38.33349609375,38.3330078125,0,,0
3421,GF-16-CAM-18,33961.940764106,33961.941495702,33961.997109842,38.33349609375,38.3330078125,0,,0
3423,GF-16-CAM-18,33962.189623752,33962.191114004,33962.262974639,38.3330078125,38.3330078125,0,,0
3425,GF-16-CAM-18,33962.439968282,33962.441690363,33962.478953212,38.3330078125,38.3330078125,0,,0
3427,GF-16-CAM-18,33962.605953092,33962.607078475,33962.669546934,38.3330078125,38.3330078125,0,,0
3429,GF-16-CAM-18,33962.854951575,33962.856379879,33962.901212281,38.3330078125,38.3330078125,0,,0
3431,GF-16-CAM-18,33963.14696294,33963.148074357,33963.224129388,38.3330078125,38.3330078125,0,,0
3433,GF-16-CAM-18,33963.459840484,33963.462711461,33963.604762294,38.3330078125,38.3330078125,0,,0
3435,GF-16-CAM-18,33963.864159212,33963.864893364,33963.910747869,38.3330078125,38.3330078125,0,,0
3437,GF-16-CAM-18,33964.119663288,33964.120537236,33964.165738597,38.3330078125,38.3330078125,0,,0
3439,GF-16-CAM-18,33964.3667151,33964.36750551,33964.403298768,38.3330078125,38.3330078125,0,,0
3441,GF-16-CAM-18,33964.580787721,33964.581635669,33964.607181034,38.3330078125,38.3330078125,0,,0
3443,GF-16-CAM-18,33964.874294537,33964.875021138,33964.91912775,38.3330078125,38.3330078125,0,,0
3445,GF-16-CAM-18,33965.155088468,33965.157078003,33965.197416837,38.3330078125,38.3330078125,0,,0
3447,GF-16-CAM-18,33965.455475387,33965.456697399,33965.504204587,38.3330078125,38.3330078125,0,,0
3449,GF-16-CAM-18,33965.712795366,33965.714562682,33965.757897572,38.3330078125,38.3330078125,0,,0
3451,GF-16-CAM-18,33965.985212545,33965.986069097,33966.01930584,38.3330078125,38.3330078125,0,,0
3453,GF-16-CAM-18,33966.272418332,33966.273443642,33966.323635756,38.3330078125,38.3330078125,0,,0
3455,GF-16-CAM-18,33966.483708633,33966.484627369,33966.5391419,38.3330078125,38.3330078125,0,,0
3457,GF-16-CAM-18,33966.770961601,33966.77205969,33966.814769851,38.3330078125,38.3330078125,0,,0
3459,GF-16-CAM-18,33966.953896413,33966.954924234,33967.019927804,38.3330078125,38.3330078125,0,,0
3461,GF-16-CAM-18,33967.190884937,33967.192896048,33967.231127142,38.3330078125,38.3330078125,0,,0
3463,GF-16-CAM-18,33967.353134734,33967.355338711,33967.40175006,38.3330078125,38.3330078125,0,,0
3465,GF-16-CAM-18,33967.588080112,33967.590019552,33967.645092681,38.3330078125,38.3330078125,0,,0
3467,GF-16-CAM-18,33967.789182556,33967.79090578,33967.832319152,38.3330078125,38.3330078125,0,,0
3469,GF-16-CAM-18,33968.072186648,33968.073149807,33968.117426637,38.3330078125,38.3330078125,0,,0
3471,GF-16-CAM-18,33968.290965462,33968.291671909,33968.363703111,38.3330078125,38.3330078125,0,,0
3473,GF-16-CAM-18,33968.632995869,33968.633840188,33968.680241671,38.3330078125,38.3330078125,0,,0
3475,GF-16-CAM-18,33968.842122055,33968.842846673,33968.886087349,38.3330078125,38.3330078125,0,,0
3477,GF-16-CAM-18,33969.04273089,33969.044437888,33969.07565597,38.3330078125,38.3330078125,0,,0
3479,GF-16-CAM-18,33969.284040508,33969.285308266,33969.392840759,38.3330078125,38.3330078125,0,,0
3481,GF-16-CAM-18,33969.74073019,33969.742246128,33969.783571304,38.3330078125,38.3330078125,0,,0
3483,GF-16-CAM-18,33969.997335088,33969.998430445,33970.115251471,38.3330078125,38.3330078125,0,,0
3485,GF-16-CAM-18,33970.292551105,33970.294257666,33970.342909704,38.3330078125,38.3330078125,0,,0
3487,GF-16-CAM-18,33970.636203169,33970.637298679,33970.685376455,38.3330078125,38.3330078125,0,,0
3489,GF-16-CAM-18,33970.828491298,33970.829447636,33970.855731997,38.3330078125,38.3330078125,0,,0
3491,GF-16-CAM-18,33971.108870591,33971.10945989,33971.157560654,38.3330078125,38.3330078125,0,,0
3493,GF-16-CAM-18,33971.304632333,33971.309211164,33971.338296461,38.3330078125,38.3330078125,0,,0
3495,GF-16-CAM-18,33971.472753118,33971.474175938,33971.514105107,38.3330078125,38.3330078125,0,,0
3497,GF-16-CAM-18,33971.718682901,33971.719445695,33971.76199032,38.3330078125,38.3330078125,0,,0
3499,GF-16-CAM-18,33971.91143412,33971.912105658,33971.939878043,38.3330078125,38.3330078125,0,,0
3501,GF-16-CAM-18,33972.177733952,33972.178329144,33972.212915974,38.3330078125,38.3330078125,0,,0
3503,GF-16-CAM-18,33972.439370595,33972.440045176,33972.473143403,38.3330078125,38.3330078125,0,,0
3505,GF-16-CAM-18,33972.652509427,33972.653390064,33972.691438657,38.3330078125,38.3330078125,0,,0
3507,GF-16-CAM-18,33972.889685768,33972.890761142,33972.93760584,38.3330078125,38.3330078125,0,,0
3509,GF-16-CAM-18,33973.103710047,33973.104819967,33973.136694003,38.3330078125,38.3330078125,0,,0
3511,GF-16-CAM-18,33973.366610609,33973.369906576,33973.428263976,38.3330078125,38.3330078125,0,,0
3513,GF-16-CAM-18,33973.630958109,33973.631843788,33973.687132226,38.3330078125,38.3330078125,0,,0
3515,GF-16-CAM-18,33973.906316232,33973.907774762,33973.940937264,38.3330078125,38.3330078125,0,,0
3517,GF-16-CAM-18,33974.089728224,33974.090579162,33974.132687916,38.3330078125,38.3330078125,0,,0
3519,GF-16-CAM-18,33974.31857112,33974.319294868,33974.369098017,38.3330078125,38.3330078125,0,,0
3521,GF-16-CAM-18,33974.611838616,33974.612575132,33974.682109841,38.3330078125,38.3330078125,0,,0
3523,GF-16-CAM-18,33974.851746704,33974.852460618,33974.901566188,38.3330078125,38.3330078125,0,,0
3525,GF-16-CAM-18,33975.104748346,33975.105720996,33975.148181796,38.3330078125,38.3330078125,0,,0
3527,GF-16-CAM-18,33975.314101007,33975.314938481,33975.348772745,38.3330078125,38.3330078125,0,,0
3529,GF-16-CAM-18,33975.524852841,33975.526450762,33975.565928845,38.3330078125,38.3330078125,0,,0
3531,GF-16-CAM-18,33975.71238854,33975.713136841,33975.742635128,38.3330078125,38.3330078125,0,,0
3533,GF-16-CAM-18,33975.944670727,33975.946621073,33976.011369568,38.3330078125,38.3330078125,0,,0
3535,GF-16-CAM-18,33976.200000637,33976.201032594,33976.2545873,38.3330078125,38.3330078125,0,,0
3537,GF-16-CAM-18,33976.448966716,33976.450661544,33976.477404867,38.3330078125,38.3330078125,0,,0
3539,GF-16-CAM-18,33976.764396863,33976.765810616,33976.829808784,38.3330078125,38.3330078125,0,,0
3541,GF-16-CAM-18,33976.967977478,33976.969255737,33977.023740377,38.3330078125,38.3330078125,0,,0
3543,GF-16-CAM-18,33977.219134047,33977.220577747,33977.266685086,38.3330078125,38.3330078125,0,,0
3545,GF-16-CAM-18,33977.417452286,33977.418422293,33977.45390133,38.3330078125,38.3330078125,0,,0
3547,GF-16-CAM-18,33977.579802211,33977.580732061,33977.608852925,38.3330078125,38.3330078125,0,,0
3549,GF-16-CAM-18,33977.769129389,33977.77199598,33977.812759592,38.3330078125,38.3330078125,0,,0
3551,GF-16-CAM-18,33978.087841508,33978.088643438,33978.124870001,38.3330078125,38.3330078125,0,,0
3553,GF-16-CAM-18,33978.267601248,33978.269184059,33978.298950078,38.3330078125,38.3330078125,0,,0
3555,GF-16-CAM-18,33978.444815321,33978.445887835,33978.470055576,38.3330078125,38.3330078125,0,,0
3557,GF-16-CAM-18,33978.643190026,33978.644577603,33978.702147796,38.3330078125,38.3330078125,0,,0
3559,GF-16-CAM-18,33978.982732825,33978.983598337,33979.036601202,38.3330078125,38.3330078125,0,,0
3561,GF-16-CAM-18,33979.167379854,33979.168114228,33979.21679185,38.3330078125,38.3330078125,0,,0
3563,GF-16-CAM-18,33979.397697568,33979.398341823,33979.424924608,38.3330078125,38.3330078125,0,,0
3565,GF-16-CAM-18,33979.560404006,33979.561192452,33979.598475421,38.3330078125,38.3330078125,0,,0
3567,GF-16-CAM-18,33979.854666921,33979.855660109,33979.882704552,38.3330078125,38.3330078125,0,,0
3569,GF-16-CAM-18,33980.108328629,33980.109380073,33980.152603086,38.3330078125,38.3330078125,0,,0
3571,GF-16-CAM-18,33980.391507134,33980.392169916,33980.437774819,38.3330078125,38.3330078125,0,,0
3573,GF-16-CAM-18,33980.602699477,33980.605109946,33980.654546783,38.3330078125,38.3330078125,0,,0
3575,GF-16-CAM-18,33980.882093024,33980.882850031,33980.965479989,38.3330078125,38.3330078125,0,,0
3577,GF-16-CAM-18,33981.091936316,33981.092888557,33981.131965303,38.3330078125,38.3330078125,0,,0
3579,GF-16-CAM-18,33981.3802513,33981.380939955,33981.426826739,38.3330078125,38.3330078125,0,,0
3581,GF-16-CAM-18,33981.722172922,33981.722884943,33981.757923858,38.3330078125,38.3330078125,0,,0
3583,GF-16-CAM-18,33981.867088194,33981.868102058,33981.930393372,38.3330078125,38.3330078125,0,,0
3585,GF-16-CAM-18,33982.096613967,33982.098456909,33982.151246976,38.3330078125,38.3330078125,0,,0
3587,GF-16-CAM-18,33982.340351908,33982.341358276,33982.378392009,38.3330078125,38.3330078125,0,,0
3589,GF-16-CAM-18,33982.567098682,33982.568287118,33982.606341797,38.3330078125,38.3330078125,0,,0
3591,GF-16-CAM-18,33982.723142916,33982.724278648,33982.801407152,38.3330078125,38.3330078125,0,,0
3593,GF-16-CAM-18,33982.956974791,33982.958128061,33983.015300785,38.3330078125,38.3330078125,0,,0
3595,GF-16-CAM-18,33983.282726077,33983.283682752,33983.309782513,38.3330078125,38.3330078125,0,,0
3597,GF-16-CAM-18,33983.644256485,33983.645642468,33983.69194015,38.3330078125,38.3330078125,0,,0
3599,GF-16-CAM-18,33983.817900655,33983.819467274,33983.886308354,38.3330078125,38.3330078125,0,,0
3601,GF-16-CAM-18,33984.074407303,33984.075073914,33984.130133057,38.3330078125,38.3330078125,0,,0
3603,GF-16-CAM-18,33984.249332865,33984.250447293,33984.31475659,38.3330078125,38.3330078125,0,,0
3605,GF-16-CAM-18,33984.442583144,33984.443200144,33984.476237293,38.3330078125,38.3330078125,0,,0
3607,GF-16-CAM-18,33984.66456295,33984.665237146,33984.703429601,38.3330078125,38.3330078125,0,,0
3609,GF-16-CAM-18,33984.889425717,33984.890389677,33984.94472519,38.3330078125,38.3330078125,0,,0
4293,GF-16-CAM-18,34066.449067917,34066.449859824,34066.480446322,38.33349609375,38.3330078125,0,,0
11709,GF-16-CAM-18,34917.588149081,34917.592607341,34917.648506164,38.33349609375,38.3330078125,0,,0
14100,GF-16-CAM-18,35163.704560602,35163.705155041,35163.7445541,38.33349609375,38.3330078125,0,,0
18140,GF-16-CAM-18,35596.47483998,35596.475758455,35596.510567878,38.33349609375,38.3330078125,0,,0
18144,GF-16-CAM-18,35596.855790348,35596.856797519,35596.895406791,38.33349609375,38.3330078125,0,,0
18150,GF-16-CAM-18,35597.454988323,35597.456378132,35597.5024204,38.33349609375,38.3330078125,0,,0
18152,GF-16-CAM-18,35597.648043051,35597.648726966,35597.691080956,38.3330078125,38.3330078125,0,,0
18154,GF-16-CAM-18,35597.844913189,35597.849570274,35597.887243664,38.3330078125,38.3330078125,0,,0
18156,GF-16-CAM-18,35598.036891488,35598.039518322,35598.086874447,38.3330078125,38.3330078125,0,,0
18158,GF-16-CAM-18,35598.239583972,35598.24042185,35598.293442816,38.3330078125,38.3330078125,0,,0
18160,GF-16-CAM-18,35598.443678759,35598.444649559,35598.482791133,38.3330078125,38.3330078125,0,,0
18162,GF-16-CAM-18,35598.618501602,35598.62054151,35598.674698919,38.3330078125,38.3330078125,0,,0
18278,GF-16-CAM-18,35610.461059309,35610.461622146,35610.517669761,38.33349609375,38.3330078125,0,,0
18282,GF-16-CAM-18,35610.861102784,35610.862656926,35610.917056321,38.33349609375,38.3330078125,0,,0
18616,GF-16-CAM-18,35644.596842615,35644.597379095,35644.653507982,38.33349609375,38.3330078125,0,,0
18656,GF-16-CAM-18,35648.681670833,35648.682213812,35648.726200298,38.33349609375,38.3330078125,0,,0
18662,GF-16-CAM-18,35649.237731114,35649.238681835,35649.275856225,38.33349609375,38.3330078125,0,,0
18664,GF-16-CAM-18,35649.415535236,35649.416194911,35649.44282871,38.3330078125,38.3330078125,0,,0
18666,GF-16-CAM-18,35649.575266954,35649.577231967,35649.60224925,38.3330078125,38.3330078125,0,,0
18668,GF-16-CAM-18,35649.756164251,35649.75703746,35649.793556525,38.3330078125,38.3330078125,0,,0
18672,GF-16-CAM-18,35650.110876747,35650.111578874,35650.151064928,38.33349609375,38.3330078125,0,,0
18674,GF-16-CAM-18,35650.308289345,35650.309081981,35650.344437413,38.3330078125,38.3330078125,0,,0
18676,GF-16-CAM-18,35650.483350326,35650.484433991,35650.539208629,38.3330078125,38.3330078125,0,,0
18678,GF-16-CAM-18,35650.692522846,35650.693125174,35650.729968438,38.3330078125,38.3330078125,0,,0
18680,GF-16-CAM-18,35650.893764511,35650.894851266,35650.978598628,38.3330078125,38.3330078125,0,,0
18682,GF-16-CAM-18,35651.136835128,35651.137298801,35651.172187079,38.3330078125,38.3330078125,0,,0
18684,GF-16-CAM-18,35651.303268667,35651.303965217,35651.373099842,38.3330078125,38.3330078125,0,,0
18686,GF-16-CAM-18,35651.541467734,35651.543411974,35651.583204414,38.3330078125,38.3330078125,0,,0
18688,GF-16-CAM-18,35651.716395972,35651.716950438,35651.773347734,38.3330078125,38.3330078125,0,,0
18690,GF-16-CAM-18,35651.942989269,35651.943603934,35651.980263575,38.3330078125,38.3330078125,0,,0
18692,GF-16-CAM-18,35652.118535437,35652.119672299,35652.170209203,38.3330078125,38.3330078125,0,,0
19028,GF-16-CAM-18,35687.056255946,35687.056767849,35687.090985019,38.33349609375,38.3330078125,0,,0
19116,GF-16-CAM-18,35696.070992447,35696.071859833,35696.121280695,38.33349609375,38.3330078125,0,,0
19426,GF-16-CAM-18,35727.430498838,35727.431200355,35727.495851217,38.33349609375,38.3330078125,0,,0
19500,GF-16-CAM-18,35734.867786432,35734.868862125,35734.90373722,38.33349609375,38.3330078125,0,,0
19506,GF-16-CAM-18,35735.4039484,35735.404664071,35735.442932907,38.33349609375,38.3330078125,0,,0
19522,GF-16-CAM-18,35737.071712702,35737.072355136,35737.109319068,38.33349609375,38.3330078125,0,,0
19524,GF-16-CAM-18,35737.258822336,35737.25970889,35737.297348908,38.3330078125,38.3330078125,0,,0
19526,GF-16-CAM-18,35737.457531361,35737.458380902,35737.498501842,38.3330078125,38.3330078125,0,,0
19528,GF-16-CAM-18,35737.675773548,35737.676803493,35737.70827107,38.3330078125,38.3330078125,0,,0
19530,GF-16-CAM-18,35737.859973628,35737.860590861,35737.89731516,38.3330078125,38.3330078125,0,,0
19532,GF-16-CAM-18,35738.027323755,35738.02797729,35738.065305174,38.3330078125,38.3330078125,0,,0
19534,GF-16-CAM-18,35738.224926321,35738.227052198,35738.280061506,38.3330078125,38.3330078125,0,,0
19536,GF-16-CAM-18,35738.415459726,35738.4165079,35738.470266081,38.3330078125,38.3330078125,0,,0
19538,GF-16-CAM-18,35738.618720169,35738.622829954,35738.6613276,38.3330078125,38.3330078125,0,,0
19540,GF-16-CAM-18,35738.809110537,35738.809811725,35738.852389265,38.3330078125,38.3330078125,0,,0
19552,GF-16-CAM-18,35740.037686555,35740.038204981,35740.080840418,38.33349609375,38.3330078125,0,,0
19554,GF-16-CAM-18,35740.228661108,35740.229254332,35740.268533771,38.3330078125,38.3330078125,0,,0
19556,GF-16-CAM-18,35740.411761183,35740.412405382,35740.456998982,38.3330078125,38.3330078125,0,,0
19558,GF-16-CAM-18,35740.621334242,35740.621991227,35740.683889811,38.3330078125,38.3330078125,0,,0
19560,GF-16-CAM-18,35740.824906484,35740.826018486,35740.860941694,38.3330078125,38.3330078125,0,,0
19562,GF-16-CAM-18,35741.022616081,35741.023475352,35741.06322734,38.3330078125,38.3330078125,0,,0
19564,GF-16-CAM-18,35741.202440927,35741.204815244,35741.250890485,38.3330078125,38.3330078125,0,,0
19566,GF-16-CAM-18,35741.407551192,35741.409167883,35741.463643575,38.3330078125,38.3330078125,0,,0
19568,GF-16-CAM-18,35741.599079483,35741.599841859,35741.646696721,38.3330078125,38.3330078125,0,,0
19570,GF-16-CAM-18,35741.804272148,35741.804759705,35741.830156013,38.3330078125,38.3330078125,0,,0
19572,GF-16-CAM-18,35742.045833736,35742.04698294,35742.107435838,38.3330078125,38.3330078125,0,,0
19574,GF-16-CAM-18,35742.24504357,35742.247734827,35742.289379013,38.3330078125,38.3330078125,0,,0
19576,GF-16-CAM-18,35742.432827254,35742.433524123,35742.500807962,38.3330078125,38.3330078125,0,,0
19578,GF-16-CAM-18,35742.649736845,35742.650271704,35742.685948585,38.3330078125,38.3330078125,0,,0
19580,GF-16-CAM-18,35742.83472969,35742.835677425,35742.891275555,38.3330078125,38.3330078125,0,,0
19582,GF-16-CAM-18,35743.045320047,35743.047039368,35743.072257234,38.3330078125,38.3330078125,0,,0
19584,GF-16-CAM-18,35743.211627518,35743.212233456,35743.288750986,38.3330078125,38.3330078125,0,,0
19586,GF-16-CAM-18,35743.48810204,35743.490451953,35743.535777389,38.3330078125,38.3330078125,0,,0
19588,GF-16-CAM-18,35743.698269893,35743.699825452,35743.754634767,38.3330078125,38.3330078125,0,,0
19590,GF-16-CAM-18,35743.933861919,35743.937110336,35744.048992656,38.3330078125,38.3330078125,0,,0
19592,GF-16-CAM-18,35744.276564597,35744.277673232,35744.324949655,38.3330078125,38.3330078125,0,,0
19594,GF-16-CAM-18,35744.487404856,35744.491902861,35744.561231186,38.3330078125,38.3330078125,0,,0
19596,GF-16-CAM-18,35744.749880877,35744.750911249,35744.79858508,38.3330078125,38.3330078125,0,,0
19598,GF-16-CAM-18,35744.95488523,35744.955594084,35744.995190789,38.3330078125,38.3330078125,0,,0
19600,GF-16-CAM-18,35745.157541343,35745.158449074,35745.191523457,38.3330078125,38.3330078125,0,,0
19602,GF-16-CAM-18,35745.38902312,35745.389849586,35745.435900023,38.3330078125,38.3330078125,0,,0
19604,GF-16-CAM-18,35745.617103557,35745.617823898,35745.658788337,38.3330078125,38.3330078125,0,,0
19606,GF-16-CAM-18,35745.834531997,35745.835659857,35745.874237598,38.3330078125,38.3330078125,0,,0
19608,GF-16-CAM-18,35746.03457967,35746.035779599,35746.079156428,38.3330078125,38.3330078125,0,,0
19610,GF-16-CAM-18,35746.250905831,35746.253937629,35746.303133343,38.3330078125,38.3330078125,0,,0
19612,GF-16-CAM-18,35746.449509924,35746.450380774,35746.522946898,38.3330078125,38.3330078125,0,,0
19614,GF-16-CAM-18,35746.692809536,35746.693858194,35746.725188718,38.3330078125,38.3330078125,0,,0
19616,GF-16-CAM-18,35746.905971492,35746.907247991,35746.942750956,38.3330078125,38.3330078125,0,,0
19618,GF-16-CAM-18,35747.122141484,35747.122768261,35747.151922444,38.3330078125,38.3330078125,0,,0
19620,GF-16-CAM-18,35747.3156004,35747.316303444,35747.356287496,38.3330078125,38.3330078125,0,,0
19622,GF-16-CAM-18,35747.531998337,35747.53836323,35747.565933322,38.3330078125,38.3330078125,0,,0
19624,GF-16-CAM-18,35747.731704942,35747.732447406,35747.761738392,38.3330078125,38.3330078125,0,,0
19646,GF-16-CAM-18,35750.106080979,35750.10685202,35750.14996604,38.33349609375,38.3330078125,0,,0
19798,GF-16-CAM-18,35765.845436254,35765.847612138,35765.887021034,38.33349609375,38.3330078125,0,,0
19806,GF-16-CAM-18,35766.659311639,35766.659809484,35766.689955014,38.33349609375,38.3330078125,0,,0
19808,GF-16-CAM-18,35766.837322912,35766.838916626,35766.882565833,38.3330078125,38.3330078125,0,,0
19810,GF-16-CAM-18,35767.024933914,35767.030729473,35767.077877999,38.3330078125,38.3330078125,0,,0
19826,GF-16-CAM-18,35768.654474216,35768.655400325,35768.6921889,38.33349609375,38.3330078125,0,,0
19830,GF-16-CAM-18,35769.069614781,35769.070564438,35769.109976769,38.33349609375,38.3330078125,0,,0
19836,GF-16-CAM-18,35769.622920162,35769.624136894,35769.665927025,38.33349609375,38.3330078125,0,,0
19838,GF-16-CAM-18,35769.818412882,35769.819137706,35769.847058441,38.3330078125,38.3330078125,0,,0
19840,GF-16-CAM-18,35769.977181582,35769.977884457,35770.014144118,38.3330078125,38.3330078125,0,,0
19842,GF-16-CAM-18,35770.165921272,35770.167256383,35770.222475621,38.3330078125,38.3330078125,0,,0
19870,GF-16-CAM-18,35773.145225478,35773.146052859,35773.186412065,38.33349609375,38.3330078125,0,,0
19872,GF-16-CAM-18,35773.323737817,35773.324280347,35773.359066542,38.3330078125,38.3330078125,0,,0
19902,GF-16-CAM-18,35776.220789944,35776.223297438,35776.258968982,38.33349609375,38.3330078125,0,,0
19946,GF-16-CAM-18,35780.530911903,35780.531904686,35780.56754784,38.33349609375,38.3330078125,0,,0
19948,GF-16-CAM-18,35780.714980686,35780.715876037,35780.768934611,38.3330078125,38.3330078125,0,,0
19964,GF-16-CAM-18,35782.309631616,35782.310561441,35782.352046376,38.33349609375,38.3330078125,0,,0
19966,GF-16-CAM-18,35782.496727517,35782.497720226,35782.548821764,38.3330078125,38.3330078125,0,,0
20104,GF-16-CAM-18,35796.735417487,35796.737225347,35796.782897035,38.33349609375,38.3330078125,0,,0
20204,GF-16-CAM-18,35806.95959983,35806.960720999,35807.013070923,38.33349609375,38.3330078125,0,,0
20206,GF-16-CAM-18,35807.151404559,35807.154552496,35807.208744447,38.3330078125,38.3330078125,0,,0
20208,GF-16-CAM-18,35807.347214706,35807.347938814,35807.388473042,38.3330078125,38.3330078125,0,,0
20210,GF-16-CAM-18,35807.549478584,35807.550556613,35807.579565101,38.3330078125,38.3330078125,0,,0
20212,GF-16-CAM-18,35807.792652765,35807.796466551,35807.853906132,38.3330078125,38.3330078125,0,,0
20214,GF-16-CAM-18,35808.020591548,35808.021452896,35808.072891997,38.3330078125,38.3330078125,0,,0
20216,GF-16-CAM-18,35808.22725263,35808.228013242,35808.262851209,38.3330078125,38.3330078125,0,,0
20218,GF-16-CAM-18,35808.408627828,35808.411466215,35808.457800059,38.3330078125,38.3330078125,0,,0
20220,GF-16-CAM-18,35808.615495542,35808.616469475,35808.65136583,38.3330078125,38.3330078125,0,,0
20222,GF-16-CAM-18,35808.805372812,35808.806449627,35808.859898652,38.3330078125,38.3330078125,0,,0
20224,GF-16-CAM-18,35808.994619973,35808.995236164,35809.043995929,38.3330078125,38.3330078125,0,,0
20226,GF-16-CAM-18,35809.176863782,35809.177744641,35809.218936683,38.3330078125,38.3330078125,0,,0
20228,GF-16-CAM-18,35809.374740844,35809.375953322,35809.422699349,38.3330078125,38.3330078125,0,,0
22105,GF-16-CAM-18,35999.69272023,35999.693530756,35999.734394657,38.33349609375,38.3330078125,0,,0
23304,GF-16-CAM-18,36112.704675952,36112.705691697,36112.746731581,38.33349609375,38.3330078125,0,,0
23306,GF-16-CAM-18,36112.880727927,36112.881669198,36112.924901208,38.3330078125,38.3330078125,0,,0
23308,GF-16-CAM-18,36113.052848497,36113.053770986,36113.10132273,38.3330078125,38.3330078125,0,,0
23310,GF-16-CAM-18,36113.221369938,36113.222040759,36113.277610866,38.3330078125,38.3330078125,0,,0
23312,GF-16-CAM-18,36113.401468349,36113.402358555,36113.445040479,38.3330078125,38.3330078125,0,,0
23314,GF-16-CAM-18,36113.595133652,36113.595833895,36113.636340867,38.3330078125,38.3330078125,0,,0
23316,GF-16-CAM-18,36113.77719264,36113.777822382,36113.819897598,38.3330078125,38.3330078125,0,,0
23318,GF-16-CAM-18,36113.964428525,36113.964998875,36113.997720301,38.3330078125,38.3330078125,0,,0
23320,GF-16-CAM-18,36114.125429148,36114.126427223,36114.158775559,38.3330078125,38.3330078125,0,,0
23322,GF-16-CAM-18,36114.306869238,36114.307803863,36114.363617835,38.3330078125,38.3330078125,0,,0
23324,GF-16-CAM-18,36114.510580719,36114.511586948,36114.54576457,38.3330078125,38.3330078125,0,,0
23326,GF-16-CAM-18,36114.677730933,36114.678710293,36114.715552455,38.3330078125,38.3330078125,0,,0
23328,GF-16-CAM-18,36114.837713101,36114.840047836,36114.892511723,38.3330078125,38.3330078125,0,,0
23330,GF-16-CAM-18,36115.023987772,36115.024932886,36115.063092687,38.3330078125,38.3330078125,0,,0
23332,GF-16-CAM-18,36115.192866618,36115.193621586,36115.227192293,38.3330078125,38.3330078125,0,,0
23334,GF-16-CAM-18,36115.393018941,36115.39369661,36115.417523539,38.3330078125,38.3330078125,0,,0
23336,GF-16-CAM-18,36115.578639118,36115.579617405,36115.63662892,38.3330078125,38.3330078125,0,,0
23338,GF-16-CAM-18,36115.795102902,36115.795651736,36115.838967155,38.3330078125,38.3330078125,0,,0
23340,GF-16-CAM-18,36115.982174115,36115.982964657,36116.016076728,38.3330078125,38.3330078125,0,,0
23432,GF-16-CAM-18,36124.542434172,36124.543257484,36124.57526928,38.33349609375,38.3330078125,0,,0
23434,GF-16-CAM-18,36124.707620454,36124.708184478,36124.75194249,38.3330078125,38.3330078125,0,,0
23436,GF-16-CAM-18,36124.888429084,36124.889308039,36124.940062625,38.3330078125,38.3330078125,0,,0
23438,GF-16-CAM-18,36125.066629774,36125.067865752,36125.100966369,38.3330078125,38.3330078125,0,,0
23440,GF-16-CAM-18,36125.226915253,36125.22762541,36125.267133442,38.3330078125,38.3330078125,0,,0
23442,GF-16-CAM-18,36125.440890304,36125.441677681,36125.485865889,38.3330078125,38.3330078125,0,,0
23444,GF-16-CAM-18,36125.624147612,36125.626126186,36125.653057179,38.3330078125,38.3330078125,0,,0
23446,GF-16-CAM-18,36125.798895631,36125.799520253,36125.839267598,38.3330078125,38.3330078125,0,,0
23448,GF-16-CAM-18,36125.971597556,36125.971980333,36126.001620403,38.3330078125,38.3330078125,0,,0
23450,GF-16-CAM-18,36126.134832679,36126.135539766,36126.184913995,38.3330078125,38.3330078125,0,,0
23452,GF-16-CAM-18,36126.317434609,36126.318151721,36126.35131138,38.3330078125,38.3330078125,0,,0
23454,GF-16-CAM-18,36126.480703205,36126.48114411,36126.511285107,38.3330078125,38.3330078125,0,,0
23456,GF-16-CAM-18,36126.661872501,36126.662647611,36126.703333147,38.3330078125,38.3330078125,0,,0
23458,GF-16-CAM-18,36126.836934934,36126.839470297,36126.882307441,38.3330078125,38.3330078125,0,,0
23460,GF-16-CAM-18,36127.026854376,36127.027473776,36127.065176716,38.3330078125,38.3330078125,0,,0
23462,GF-16-CAM-18,36127.189897917,36127.190759584,36127.226386194,38.3330078125,38.3330078125,0,,0
23464,GF-16-CAM-18,36127.348943749,36127.350028464,36127.387874329,38.3330078125,38.3330078125,0,,0
23466,GF-16-CAM-18,36127.509961951,36127.51083245,36127.556859006,38.3330078125,38.3330078125,0,,0
23468,GF-16-CAM-18,36127.678270859,36127.678866825,36127.714425268,38.3330078125,38.3330078125,0,,0
23470,GF-16-CAM-18,36127.852167019,36127.852837827,36127.890837345,38.3330078125,38.3330078125,0,,0
23472,GF-16-CAM-18,36128.030051521,36128.030803574,36128.0760299,38.3330078125,38.3330078125,0,,0
23474,GF-16-CAM-18,36128.207567469,36128.20825162,36128.246642912,38.3330078125,38.3330078125,0,,0
23476,GF-16-CAM-18,36128.402115391,36128.405664066,36128.449660865,38.3330078125,38.3330078125,0,,0
23478,GF-16-CAM-18,36128.593830293,36128.594412909,36128.622725384,38.3330078125,38.3330078125,0,,0
23480,GF-16-CAM-18,36128.76380815,36128.764957449,36128.809354304,38.3330078125,38.3330078125,0,,0
23482,GF-16-CAM-18,36128.987041705,36128.987556155,36129.028215821,38.3330078125,38.3330078125,0,,0
23484,GF-16-CAM-18,36129.173277214,36129.1740707,36129.22108704,38.3330078125,38.3330078125,0,,0
23486,GF-16-CAM-18,36129.348846561,36129.349567062,36129.390229332,38.3330078125,38.3330078125,0,,0
23488,GF-16-CAM-18,36129.521080396,36129.521652212,36129.566713029,38.3330078125,38.3330078125,0,,0
23490,GF-16-CAM-18,36129.714177192,36129.715080097,36129.751773175,38.3330078125,38.3330078125,0,,0
23492,GF-16-CAM-18,36129.893479518,36129.894351771,36129.934957372,38.3330078125,38.3330078125,0,,0
23494,GF-16-CAM-18,36130.076336709,36130.076913802,36130.115888077,38.3330078125,38.3330078125,0,,0
23496,GF-16-CAM-18,36130.259610773,36130.26031914,36130.293762782,38.3330078125,38.3330078125,0,,0
23498,GF-16-CAM-18,36130.422732642,36130.423255365,36130.455081798,38.3330078125,38.3330078125,0,,0
23500,GF-16-CAM-18,36130.603317889,36130.604573726,36130.638160515,38.3330078125,38.3330078125,0,,0
23502,GF-16-CAM-18,36130.788374172,36130.789145472,36130.826570729,38.3330078125,38.3330078125,0,,0
23504,GF-16-CAM-18,36130.961625576,36130.962235827,36131.008447292,38.3330078125,38.3330078125,0,,0
23506,GF-16-CAM-18,36131.141535863,36131.142035778,36131.173445371,38.3330078125,38.3330078125,0,,0
23508,GF-16-CAM-18,36131.301549481,36131.302042007,36131.345265068,38.3330078125,38.3330078125,0,,0
23510,GF-16-CAM-18,36131.46889863,36131.469536778,36131.508743366,38.3330078125,38.3330078125,0,,0
23512,GF-16-CAM-18,36131.637619817,36131.638493386,36131.677816389,38.3330078125,38.3330078125,0,,0
23514,GF-16-CAM-18,36131.808346188,36131.809303226,36131.848093745,38.3330078125,38.3330078125,0,,0
23516,GF-16-CAM-18,36132.007153943,36132.008331726,36132.043553296,38.3330078125,38.3330078125,0,,0
23518,GF-16-CAM-18,36132.181223335,36132.182927919,36132.218438527,38.3330078125,38.3330078125,0,,0
23520,GF-16-CAM-18,36132.360794043,36132.361665265,36132.408059657,38.3330078125,38.3330078125,0,,0
23522,GF-16-CAM-18,36132.544071233,36132.544792391,36132.584396319,38.3330078125,38.3330078125,0,,0
23524,GF-16-CAM-18,36132.709131,36132.709715509,36132.761073284,38.3330078125,38.3330078125,0,,0
23526,GF-16-CAM-18,36132.889885876,36132.890370955,36132.929356882,38.3330078125,38.3330078125,0,,0
23528,GF-16-CAM-18,36133.072160563,36133.072823431,36133.12921781,38.3330078125,38.3330078125,0,,0
23530,GF-16-CAM-18,36133.261022338,36133.261704513,36133.295493904,38.3330078125,38.3330078125,0,,0
23532,GF-16-CAM-18,36133.458032076,36133.459634326,36133.510703503,38.3330078125,38.3330078125,0,,0
23534,GF-16-CAM-18,36133.676358146,36133.677429592,36133.71013536,38.3330078125,38.3330078125,0,,0
23536,GF-16-CAM-18,36133.8430302,36133.84366742,36133.877125575,38.3330078125,38.3330078125,0,,0
23538,GF-16-CAM-18,36134.008970433,36134.011366343,36134.057855766,38.3330078125,38.3330078125,0,,0
23540,GF-16-CAM-18,36134.186623083,36134.187889657,36134.239077646,38.3330078125,38.3330078125,0,,0
23542,GF-16-CAM-18,36134.373404734,36134.374078932,36134.411481979,38.3330078125,38.3330078125,0,,0
23544,GF-16-CAM-18,36134.551884275,36134.552438372,36134.59628047,38.3330078125,38.3330078125,0,,0
23546,GF-16-CAM-18,36134.726493001,36134.729241859,36134.773796447,38.3330078125,38.3330078125,0,,0
23548,GF-16-CAM-18,36134.903511186,36134.904253975,36134.943697695,38.3330078125,38.3330078125,0,,0
23550,GF-16-CAM-18,36135.087785033,36135.08870594,36135.125028031,38.3330078125,38.3330078125,0,,0
23552,GF-16-CAM-18,36135.312985568,36135.31399111,36135.347260898,38.3330078125,38.3330078125,0,,0
23554,GF-16-CAM-18,36135.469234427,36135.469848638,36135.509753555,38.3330078125,38.3330078125,0,,0
23556,GF-16-CAM-18,36135.634243012,36135.634783329,36135.679651246,38.3330078125,38.3330078125,0,,0
23558,GF-16-CAM-18,36135.820832874,36135.821605516,36135.867881093,38.3330078125,38.3330078125,0,,0
23560,GF-16-CAM-18,36136.012385886,36136.014927378,36136.059200073,38.3330078125,38.3330078125,0,,0
23562,GF-16-CAM-18,36136.202286531,36136.202871825,36136.257174724,38.3330078125,38.3330078125,0,,0
23564,GF-16-CAM-18,36136.394122067,36136.394673438,36136.42944857,38.3330078125,38.3330078125,0,,0
23566,GF-16-CAM-18,36136.573951834,36136.574866259,36136.607247995,38.3330078125,38.3330078125,0,,0
23568,GF-16-CAM-18,36136.752018755,36136.752716354,36136.799065427,38.3330078125,38.3330078125,0,,0
23570,GF-16-CAM-18,36136.933177955,36136.933969618,36136.965810081,38.3330078125,38.3330078125,0,,0
23572,GF-16-CAM-18,36137.11430337,36137.114894836,36137.151110266,38.3330078125,38.3330078125,0,,0
23574,GF-16-CAM-18,36137.3222303,36137.323168668,36137.367647394,38.3330078125,38.3330078125,0,,0
23576,GF-16-CAM-18,36137.484232715,36137.485120045,36137.519583327,38.3330078125,38.3330078125,0,,0
23578,GF-16-CAM-18,36137.716169546,36137.717514085,36137.782793491,38.3330078125,38.3330078125,0,,0
23580,GF-16-CAM-18,36137.908092799,36137.91007496,36137.938857193,38.3330078125,38.3330078125,0,,0
23582,GF-16-CAM-18,36138.06894567,36138.069819569,36138.115398761,38.3330078125,38.3330078125,0,,0
23584,GF-16-CAM-18,36138.243289469,36138.243932956,36138.273326283,38.3330078125,38.3330078125,0,,0
23586,GF-16-CAM-18,36138.389706869,36138.390317646,36138.420233696,38.3330078125,38.3330078125,0,,0
23588,GF-16-CAM-18,36138.551134769,36138.553189359,36138.58563877,38.3330078125,38.3330078125,0,,0
23590,GF-16-CAM-18,36138.708887418,36138.709451459,36138.742720157,38.3330078125,38.3330078125,0,,0
23592,GF-16-CAM-18,36138.87663867,36138.877613453,36138.904969292,38.3330078125,38.3330078125,0,,0
23594,GF-16-CAM-18,36139.037212025,36139.037825498,36139.071426181,38.3330078125,38.3330078125,0,,0
23596,GF-16-CAM-18,36139.189580853,36139.191095781,36139.224711523,38.3330078125,38.3330078125,0,,0
23598,GF-16-CAM-18,36139.349618582,36139.350262881,36139.387382844,38.3330078125,38.3330078125,0,,0
23600,GF-16-CAM-18,36139.539920859,36139.540652318,36139.585258873,38.3330078125,38.3330078125,0,,0
23602,GF-16-CAM-18,36139.721233429,36139.722131736,36139.775396298,38.3330078125,38.3330078125,0,,0
23604,GF-16-CAM-18,36139.91168708,36139.913474131,36139.947634427,38.3330078125,38.3330078125,0,,0
23606,GF-16-CAM-18,36140.097244798,36140.098362155,36140.140570582,38.3330078125,38.3330078125,0,,0
23608,GF-16-CAM-18,36140.279656707,36140.280581776,36140.329204635,38.3330078125,38.3330078125,0,,0
23610,GF-16-CAM-18,36140.459770688,36140.460710666,36140.503868152,38.3330078125,38.3330078125,0,,0
23612,GF-16-CAM-18,36140.633259125,36140.63402159,36140.664821223,38.3330078125,38.3330078125,0,,0
23614,GF-16-CAM-18,36140.810725819,36140.811576908,36140.856076063,38.3330078125,38.3330078125,0,,0
23616,GF-16-CAM-18,36141.000857312,36141.001899408,36141.042568942,38.3330078125,38.3330078125,0,,0
23618,GF-16-CAM-18,36141.186091352,36141.186752926,36141.217155441,38.3330078125,38.3330078125,0,,0
23620,GF-16-CAM-18,36141.355630615,36141.357316098,36141.402965094,38.3330078125,38.3330078125,0,,0
23622,GF-16-CAM-18,36141.527037103,36141.528587144,36141.553504715,38.3330078125,38.3330078125,0,,0
23624,GF-16-CAM-18,36141.696038238,36141.697141276,36141.742559734,38.3330078125,38.3330078125,0,,0
23626,GF-16-CAM-18,36141.877043187,36141.877893043,36141.915341558,38.3330078125,38.3330078125,0,,0
23628,GF-16-CAM-18,36142.043517768,36142.044373379,36142.078113757,38.3330078125,38.3330078125,0,,0
23630,GF-16-CAM-18,36142.212545616,36142.213264294,36142.251808751,38.3330078125,38.3330078125,0,,0
23632,GF-16-CAM-18,36142.400509114,36142.401712025,36142.442621902,38.3330078125,38.3330078125,0,,0
23634,GF-16-CAM-18,36142.588797534,36142.589544025,36142.616443516,38.3330078125,38.3330078125,0,,0
23636,GF-16-CAM-18,36142.755231258,36142.755798559,36142.782922886,38.3330078125,38.3330078125,0,,0
23638,GF-16-CAM-18,36142.907816425,36142.908210353,36142.941841819,38.3330078125,38.3330078125,0,,0
23640,GF-16-CAM-18,36143.106632571,36143.107446258,36143.145406389,38.3330078125,38.3330078125,0,,0
23642,GF-16-CAM-18,36143.286793713,36143.28935453,36143.339226936,38.3330078125,38.3330078125,0,,0
23644,GF-16-CAM-18,36143.466527847,36143.46730222,36143.508025861,38.3330078125,38.3330078125,0,,0
23646,GF-16-CAM-18,36143.656899242,36143.657863089,36143.71386721,38.3330078125,38.3330078125,0,,0
23648,GF-16-CAM-18,36143.86585378,36143.866849564,36143.902070808,38.3330078125,38.3330078125,0,,0
23650,GF-16-CAM-18,36144.025568544,36144.02621324,36144.052748026,38.3330078125,38.3330078125,0,,0
23652,GF-16-CAM-18,36144.186799136,36144.187860159,36144.225150927,38.3330078125,38.3330078125,0,,0
23654,GF-16-CAM-18,36144.361402346,36144.362317894,36144.41010351,38.3330078125,38.3330078125,0,,0
23656,GF-16-CAM-18,36144.532294272,36144.532709452,36144.5638406,38.3330078125,38.3330078125,0,,0
23658,GF-16-CAM-18,36144.684524699,36144.685575924,36144.72546371,38.3330078125,38.3330078125,0,,0
23660,GF-16-CAM-18,36144.869542257,36144.870320905,36144.912476975,38.3330078125,38.3330078125,0,,0
23662,GF-16-CAM-18,36145.061916464,36145.062583865,36145.100438507,38.3330078125,38.3330078125,0,,0
23664,GF-16-CAM-18,36145.249027494,36145.249818014,36145.284270494,38.3330078125,38.3330078125,0,,0
23666,GF-16-CAM-18,36145.428132661,36145.428882997,36145.465524544,38.3330078125,38.3330078125,0,,0
23668,GF-16-CAM-18,36145.626218348,36145.628635424,36145.66221506,38.3330078125,38.3330078125,0,,0
23670,GF-16-CAM-18,36145.793329625,36145.794078032,36145.841936383,38.3330078125,38.3330078125,0,,0
23672,GF-16-CAM-18,36145.995882386,36145.996953628,36146.044995029,38.3330078125,38.3330078125,0,,0
23674,GF-16-CAM-18,36146.179914539,36146.180486177,36146.217604004,38.3330078125,38.3330078125,0,,0
23676,GF-16-CAM-18,36146.36133515,36146.362589911,36146.395557005,38.3330078125,38.3330078125,0,,0
23678,GF-16-CAM-18,36146.53978436,36146.540725699,36146.586129343,38.3330078125,38.3330078125,0,,0
23680,GF-16-CAM-18,36146.720267494,36146.720885055,36146.760197618,38.3330078125,38.3330078125,0,,0
23682,GF-16-CAM-18,36146.910701715,36146.911426944,36146.959110611,38.3330078125,38.3330078125,0,,0
23684,GF-16-CAM-18,36147.106855474,36147.107505171,36147.150378531,38.3330078125,38.3330078125,0,,0
23686,GF-16-CAM-18,36147.301830531,36147.303643311,36147.340636637,38.3330078125,38.3330078125,0,,0
23688,GF-16-CAM-18,36147.472565961,36147.473427433,36147.503797563,38.3330078125,38.3330078125,0,,0
23690,GF-16-CAM-18,36147.627720914,36147.628839256,36147.681478333,38.3330078125,38.3330078125,0,,0
23692,GF-16-CAM-18,36147.831687815,36147.832859658,36147.86808864,38.3330078125,38.3330078125,0,,0
23694,GF-16-CAM-18,36148.020422768,36148.021747647,36148.061094233,38.3330078125,38.3330078125,0,,0
23696,GF-16-CAM-18,36148.186892894,36148.187400969,36148.216558593,38.3330078125,38.3330078125,0,,0
23698,GF-16-CAM-18,36148.336355497,36148.339845639,36148.380500893,38.3330078125,38.3330078125,0,,0
23700,GF-16-CAM-18,36148.512837911,36148.513968549,36148.557434682,38.3330078125,38.3330078125,0,,0
23702,GF-16-CAM-18,36148.696548244,36148.697499665,36148.734126327,38.3330078125,38.3330078125,0,,0
23704,GF-16-CAM-18,36148.882458851,36148.888454222,36148.940674779,38.3330078125,38.3330078125,0,,0
23706,GF-16-CAM-18,36149.128647743,36149.12921271,36149.168556609,38.3330078125,38.3330078125,0,,0
23708,GF-16-CAM-18,36149.301551642,36149.302686285,36149.347462531,38.3330078125,38.3330078125,0,,0
23710,GF-16-CAM-18,36149.490765915,36149.49162437,36149.531947791,38.3330078125,38.3330078125,0,,0
23712,GF-16-CAM-18,36149.666643287,36149.667466397,36149.699256243,38.3330078125,38.3330078125,0,,0
23714,GF-16-CAM-18,36149.823982355,36149.82513886,36149.861707473,38.3330078125,38.3330078125,0,,0
23716,GF-16-CAM-18,36149.999651926,36150.000318529,36150.033457445,38.3330078125,38.3330078125,0,,0
23718,GF-16-CAM-18,36150.156975297,36150.157413841,36150.199998379,38.3330078125,38.3330078125,0,,0
23720,GF-16-CAM-18,36150.343570082,36150.344721392,36150.384530705,38.3330078125,38.3330078125,0,,0
23722,GF-16-CAM-18,36150.524483059,36150.524999733,36150.552357429,38.3330078125,38.3330078125,0,,0
23724,GF-16-CAM-18,36150.714892218,36150.715502945,36150.767613593,38.3330078125,38.3330078125,0,,0
23726,GF-16-CAM-18,36150.890977144,36150.892999653,36150.925186243,38.3330078125,38.3330078125,0,,0
23728,GF-16-CAM-18,36151.057564197,36151.058500914,36151.110369942,38.3330078125,38.3330078125,0,,0
23730,GF-16-CAM-18,36151.25822354,36151.258797268,36151.298146556,38.3330078125,38.3330078125,0,,0
23732,GF-16-CAM-18,36151.444151566,36151.444784802,36151.489532549,38.3330078125,38.3330078125,0,,0
23734,GF-16-CAM-18,36151.62660682,36151.627101042,36151.684083817,38.3330078125,38.3330078125,0,,0
23736,GF-16-CAM-18,36151.826472647,36151.830297588,36151.865597856,38.3330078125,38.3330078125,0,,0
23738,GF-16-CAM-18,36152.028258257,36152.029100151,36152.074304209,38.3330078125,38.3330078125,0,,0
23740,GF-16-CAM-18,36152.224030566,36152.225115248,36152.265249151,38.3330078125,38.3330078125,0,,0
23742,GF-16-CAM-18,36152.404984815,36152.4065824,36152.431516321,38.3330078125,38.3330078125,0,,0
23744,GF-16-CAM-18,36152.563301858,36152.564024835,36152.601071698,38.3330078125,38.3330078125,0,,0
23746,GF-16-CAM-18,36152.742065452,36152.742960146,36152.782973457,38.3330078125,38.3330078125,0,,0
23748,GF-16-CAM-18,36152.918566579,36152.919164458,36152.951883056,38.3330078125,38.3330078125,0,,0
23750,GF-16-CAM-18,36153.089287463,36153.091354071,36153.137498199,38.3330078125,38.3330078125,0,,0
23752,GF-16-CAM-18,36153.289900825,36153.292640627,36153.336428733,38.3330078125,38.3330078125,0,,0
23754,GF-16-CAM-18,36153.477802832,36153.479957366,36153.534727767,38.3330078125,38.3330078125,0,,0
23756,GF-16-CAM-18,36153.680078712,36153.680865804,36153.724150672,38.3330078125,38.3330078125,0,,0
23758,GF-16-CAM-18,36153.858460452,36153.858947682,36153.894875057,38.3330078125,38.3330078125,0,,0
23760,GF-16-CAM-18,36154.042627777,36154.043303087,36154.080612029,38.3330078125,38.3330078125,0,,0
23762,GF-16-CAM-18,36154.226485526,36154.227219195,36154.266116711,38.3330078125,38.3330078125,0,,0
23764,GF-16-CAM-18,36154.399354277,36154.399798496,36154.439434836,38.3330078125,38.3330078125,0,,0
23766,GF-16-CAM-18,36154.570954446,36154.574824636,36154.61369673,38.3330078125,38.3330078125,0,,0
23768,GF-16-CAM-18,36154.73466186,36154.735103448,36154.765026683,38.3330078125,38.3330078125,0,,0
23770,GF-16-CAM-18,36154.891135758,36154.892199897,36154.931339726,38.3330078125,38.3330078125,0,,0
23772,GF-16-CAM-18,36155.05127118,36155.05227538,36155.097475095,38.3330078125,38.3330078125,0,,0
23774,GF-16-CAM-18,36155.230168767,36155.232103789,36155.272441576,38.3330078125,38.3330078125,0,,0
23776,GF-16-CAM-18,36155.41809287,36155.418994081,36155.459679472,38.3330078125,38.3330078125,0,,0
23778,GF-16-CAM-18,36155.646122046,36155.646710555,36155.692751782,38.3330078125,38.3330078125,0,,0
23780,GF-16-CAM-18,36155.827928071,36155.828803375,36155.867891381,38.3330078125,38.3330078125,0,,0
23782,GF-16-CAM-18,36156.013692852,36156.014398623,36156.060162452,38.3330078125,38.3330078125,0,,0
23784,GF-16-CAM-18,36156.204966067,36156.205914302,36156.240276224,38.3330078125,38.3330078125,0,,0
23786,GF-16-CAM-18,36156.393106235,36156.394315641,36156.428369556,38.3330078125,38.3330078125,0,,0
23788,GF-16-CAM-18,36156.563033901,36156.563523292,36156.595579776,38.3330078125,38.3330078125,0,,0
23790,GF-16-CAM-18,36156.733163811,36156.734440594,36156.787644465,38.3330078125,38.3330078125,0,,0
23792,GF-16-CAM-18,36156.912373221,36156.913168576,36156.960818057,38.3330078125,38.3330078125,0,,0
23794,GF-16-CAM-18,36157.132770581,36157.133359085,36157.201963054,38.3330078125,38.3330078125,0,,0
23796,GF-16-CAM-18,36157.343716298,36157.344720134,36157.377039865,38.3330078125,38.3330078125,0,,0
23798,GF-16-CAM-18,36157.523080064,36157.5238555,36157.55857085,38.3330078125,38.3330078125,0,,0
23800,GF-16-CAM-18,36157.702621315,36157.70351466,36157.749606255,38.3330078125,38.3330078125,0,,0
23802,GF-16-CAM-18,36157.883229776,36157.883950289,36157.929221108,38.3330078125,38.3330078125,0,,0
23804,GF-16-CAM-18,36158.059305392,36158.060228733,36158.115228638,38.3330078125,38.3330078125,0,,0
23806,GF-16-CAM-18,36158.291754944,36158.29242756,36158.323092453,38.3330078125,38.3330078125,0,,0
23808,GF-16-CAM-18,36158.458281744,36158.459363109,36158.499724879,38.3330078125,38.3330078125,0,,0
23810,GF-16-CAM-18,36158.637841541,36158.638448806,36158.678314544,38.3330078125,38.3330078125,0,,0
23812,GF-16-CAM-18,36158.801722325,36158.802630002,36158.848737283,38.3330078125,38.3330078125,0,,0
23814,GF-16-CAM-18,36158.99260297,36158.995246333,36159.041250591,38.3330078125,38.3330078125,0,,0
23816,GF-16-CAM-18,36159.1767189,36159.177744481,36159.205753164,38.3330078125,38.3330078125,0,,0
23818,GF-16-CAM-18,36159.353280226,36159.354197621,36159.401898561,38.3330078125,38.3330078125,0,,0
23820,GF-16-CAM-18,36159.544917559,36159.547540927,36159.584048527,38.3330078125,38.3330078125,0,,0
23822,GF-16-CAM-18,36159.715913793,36159.718064745,36159.760179924,38.3330078125,38.3330078125,0,,0
23846,GF-16-CAM-18,36162.153944903,36162.154860724,36162.182359581,38.33349609375,38.3330078125,0,,0
23906,GF-16-CAM-18,36167.425961352,36167.427768889,36167.474725774,38.33349609375,38.3330078125,0,,0
23908,GF-16-CAM-18,36167.615302733,36167.616271841,36167.646024445,38.3330078125,38.3330078125,0,,0
23910,GF-16-CAM-18,36167.78073427,36167.782729872,36167.825052409,38.3330078125,38.3330078125,0,,0
23912,GF-16-CAM-18,36167.952086184,36167.952626044,36167.977915506,38.3330078125,38.3330078125,0,,0
23914,GF-16-CAM-18,36168.091433038,36168.092346882,36168.125656733,38.3330078125,38.3330078125,0,,0
23916,GF-16-CAM-18,36168.258167244,36168.258776785,36168.292200959,38.3330078125,38.3330078125,0,,0
23918,GF-16-CAM-18,36168.429017073,36168.429539515,36168.456877713,38.3330078125,38.3330078125,0,,0
23920,GF-16-CAM-18,36168.588352127,36168.590286155,36168.619716171,38.3330078125,38.3330078125,0,,0
23922,GF-16-CAM-18,36168.743091755,36168.743670571,36168.787482137,38.3330078125,38.3330078125,0,,0
23924,GF-16-CAM-18,36168.942777243,36168.943999986,36168.988239821,38.3330078125,38.3330078125,0,,0
23926,GF-16-CAM-18,36169.128753652,36169.129675557,36169.163737221,38.3330078125,38.3330078125,0,,0
23928,GF-16-CAM-18,36169.312033166,36169.312986821,36169.357440106,38.3330078125,38.3330078125,0,,0
23930,GF-16-CAM-18,36169.483506554,36169.484568768,36169.52952657,38.3330078125,38.3330078125,0,,0
23932,GF-16-CAM-18,36169.668022699,36169.669232296,36169.711479768,38.3330078125,38.3330078125,0,,0
23934,GF-16-CAM-18,36169.841588227,36169.842087764,36169.874107535,38.3330078125,38.3330078125,0,,0
23936,GF-16-CAM-18,36169.995816467,36169.996292705,36170.028954795,38.3330078125,38.3330078125,0,,0
23938,GF-16-CAM-18,36170.138055401,36170.138523599,36170.172070293,38.3330078125,38.3330078125,0,,0
23940,GF-16-CAM-18,36170.290777918,36170.291393604,36170.331028133,38.3330078125,38.3330078125,0,,0
23942,GF-16-CAM-18,36170.463960415,36170.464919967,36170.512321541,38.3330078125,38.3330078125,0,,0
23944,GF-16-CAM-18,36170.649025352,36170.649773876,36170.682184303,38.3330078125,38.3330078125,0,,0
23946,GF-16-CAM-18,36170.813348608,36170.813907633,36170.842748746,38.3330078125,38.3330078125,0,,0
23948,GF-16-CAM-18,36170.98368167,36170.98441242,36171.019677249,38.3330078125,38.3330078125,0,,0
23950,GF-16-CAM-18,36171.163611537,36171.164219704,36171.212118508,38.3330078125,38.3330078125,0,,0
23952,GF-16-CAM-18,36171.341732836,36171.343066432,36171.376217327,38.3330078125,38.3330078125,0,,0
23954,GF-16-CAM-18,36171.535214002,36171.536214796,36171.581605719,38.3330078125,38.3330078125,0,,0
23956,GF-16-CAM-18,36171.711235493,36171.712092601,36171.738528097,38.3330078125,38.3330078125,0,,0
23958,GF-16-CAM-18,36171.863610609,36171.864247865,36171.909756983,38.3330078125,38.3330078125,0,,0
23960,GF-16-CAM-18,36172.045629394,36172.046278099,36172.082156976,38.3330078125,38.3330078125,0,,0
23962,GF-16-CAM-18,36172.216690495,36172.217705946,36172.259928731,38.3330078125,38.3330078125,0,,0
23964,GF-16-CAM-18,36172.391051096,36172.391845549,36172.427400946,38.3330078125,38.3330078125,0,,0
23966,GF-16-CAM-18,36172.5492637,36172.550732583,36172.589780481,38.3330078125,38.3330078125,0,,0
23968,GF-16-CAM-18,36172.708148536,36172.70897161,36172.739877037,38.3330078125,38.3330078125,0,,0
23970,GF-16-CAM-18,36172.875243788,36172.876070421,36172.912964458,38.3330078125,38.3330078125,0,,0
23972,GF-16-CAM-18,36173.05467023,36173.055278672,36173.097831147,38.3330078125,38.3330078125,0,,0
23974,GF-16-CAM-18,36173.223086222,36173.22373941,36173.267223769,38.3330078125,38.3330078125,0,,0
23976,GF-16-CAM-18,36173.391701127,36173.39254336,36173.4299059,38.3330078125,38.3330078125,0,,0
23978,GF-16-CAM-18,36173.56523838,36173.567335388,36173.60046001,38.3330078125,38.3330078125,0,,0
23980,GF-16-CAM-18,36173.738744185,36173.739559485,36173.779879715,38.3330078125,38.3330078125,0,,0
23982,GF-16-CAM-18,36173.897512605,36173.898935173,36173.941887425,38.3330078125,38.3330078125,0,,0
23984,GF-16-CAM-18,36174.077160604,36174.077832048,36174.112686085,38.3330078125,38.3330078125,0,,0
23986,GF-16-CAM-18,36174.243857215,36174.244841681,36174.284861409,38.3330078125,38.3330078125,0,,0
23988,GF-16-CAM-18,36174.429758012,36174.430404945,36174.461570883,38.3330078125,38.3330078125,0,,0
23990,GF-16-CAM-18,36174.588377308,36174.590345401,36174.620954502,38.3330078125,38.3330078125,0,,0
23992,GF-16-CAM-18,36174.743594349,36174.74427326,36174.793034658,38.3330078125,38.3330078125,0,,0
23994,GF-16-CAM-18,36174.929954998,36174.930929301,36174.965396026,38.3330078125,38.3330078125,0,,0
23996,GF-16-CAM-18,36175.103674894,36175.104402545,36175.150087675,38.3330078125,38.3330078125,0,,0
23998,GF-16-CAM-18,36175.289948869,36175.291080477,36175.326132762,38.3330078125,38.3330078125,0,,0
24000,GF-16-CAM-18,36175.480158904,36175.480673636,36175.5153613,38.3330078125,38.3330078125,0,,0
24002,GF-16-CAM-18,36175.674903232,36175.675722765,36175.726753807,38.3330078125,38.3330078125,0,,0
24004,GF-16-CAM-18,36175.864329607,36175.865236831,36175.896232498,38.3330078125,38.3330078125,0,,0
24006,GF-16-CAM-18,36176.033068776,36176.033898256,36176.084728505,38.3330078125,38.3330078125,0,,0
24008,GF-16-CAM-18,36176.241453762,36176.242204585,36176.277110469,38.3330078125,38.3330078125,0,,0
24010,GF-16-CAM-18,36176.425478916,36176.426364304,36176.461305855,38.3330078125,38.3330078125,0,,0
24012,GF-16-CAM-18,36176.602281895,36176.603268893,36176.643129996,38.3330078125,38.3330078125,0,,0
24014,GF-16-CAM-18,36176.794187416,36176.795349364,36176.856666422,38.3330078125,38.3330078125,0,,0
24016,GF-16-CAM-18,36176.98272874,36176.987067556,36177.029254115,38.3330078125,38.3330078125,0,,0
24018,GF-16-CAM-18,36177.17395522,36177.174517984,36177.208081646,38.3330078125,38.3330078125,0,,0
24020,GF-16-CAM-18,36177.352412398,36177.353409414,36177.392759746,38.3330078125,38.3330078125,0,,0
24022,GF-16-CAM-18,36177.558394528,36177.559244006,36177.608916648,38.3330078125,38.3330078125,0,,0
24024,GF-16-CAM-18,36177.767460665,36177.768401825,36177.805270355,38.3330078125,38.3330078125,0,,0
24026,GF-16-CAM-18,36177.934204854,36177.934603913,36177.981532687,38.3330078125,38.3330078125,0,,0
24028,GF-16-CAM-18,36178.117542131,36178.118353821,36178.16472645,38.3330078125,38.3330078125,0,,0
24030,GF-16-CAM-18,36178.286747817,36178.287727043,36178.328919825,38.3330078125,38.3330078125,0,,0
24032,GF-16-CAM-18,36178.469211754,36178.469950802,36178.499241089,38.3330078125,38.3330078125,0,,0
24034,GF-16-CAM-18,36178.623890074,36178.624929384,36178.658758818,38.3330078125,38.3330078125,0,,0
24036,GF-16-CAM-18,36178.788795312,36178.789467396,36178.835557883,38.3330078125,38.3330078125,0,,0
24038,GF-16-CAM-18,36178.966059237,36178.967195329,36179.008250513,38.3330078125,38.3330078125,0,,0
24040,GF-16-CAM-18,36179.155741419,36179.156295819,36179.188786757,38.3330078125,38.3330078125,0,,0
24042,GF-16-CAM-18,36179.319617808,36179.32112425,36179.360524842,38.3330078125,38.3330078125,0,,0
24044,GF-16-CAM-18,36179.498137379,36179.500431947,36179.546895219,38.3330078125,38.3330078125,0,,0
24046,GF-16-CAM-18,36179.677368425,36179.678425996,36179.716630397,38.3330078125,38.3330078125,0,,0
24048,GF-16-CAM-18,36179.85058276,36179.85122847,36179.887764525,38.3330078125,38.3330078125,0,,0
24050,GF-16-CAM-18,36180.031492353,36180.032260721,36180.061841222,38.3330078125,38.3330078125,0,,0
24052,GF-16-CAM-18,36180.215439025,36180.216522702,36180.245365607,38.3330078125,38.3330078125,0,,0
24054,GF-16-CAM-18,36180.379412459,36180.379964305,36180.423784057,38.3330078125,38.3330078125,0,,0
24056,GF-16-CAM-18,36180.583539351,36180.58418418,36180.613526557,38.3330078125,38.3330078125,0,,0
24058,GF-16-CAM-18,36180.74375634,36180.744714031,36180.775635497,38.3330078125,38.3330078125,0,,0
24060,GF-16-CAM-18,36180.90481389,36180.905322307,36180.947942759,38.3330078125,38.3330078125,0,,0
24062,GF-16-CAM-18,36181.074815595,36181.08002789,36181.121176934,38.3330078125,38.3330078125,0,,0
24064,GF-16-CAM-18,36181.25654161,36181.257415638,36181.310428307,38.3330078125,38.3330078125,0,,0
24066,GF-16-CAM-18,36181.448465052,36181.449175923,36181.477547951,38.3330078125,38.3330078125,0,,0
24068,GF-16-CAM-18,36181.609855675,36181.612777791,36181.651115759,38.3330078125,38.3330078125,0,,0
24070,GF-16-CAM-18,36181.776921876,36181.777547509,36181.814583921,38.3330078125,38.3330078125,0,,0
24072,GF-16-CAM-18,36181.938841245,36181.939320768,36181.971408208,38.3330078125,38.3330078125,0,,0
24074,GF-16-CAM-18,36182.118914396,36182.120146814,36182.150816409,38.3330078125,38.3330078125,0,,0
24076,GF-16-CAM-18,36182.299493698,36182.300672929,36182.333603641,38.3330078125,38.3330078125,0,,0
24078,GF-16-CAM-18,36182.494982226,36182.496593595,36182.529219833,38.3330078125,38.3330078125,0,,0
24080,GF-16-CAM-18,36182.655844635,36182.658266446,36182.690161832,38.3330078125,38.3330078125,0,,0
24082,GF-16-CAM-18,36182.812776873,36182.813481595,36182.870252278,38.3330078125,38.3330078125,0,,0
24084,GF-16-CAM-18,36182.994419035,36182.995200483,36183.039029601,38.3330078125,38.3330078125,0,,0
24086,GF-16-CAM-18,36183.178146824,36183.178813471,36183.220743622,38.3330078125,38.3330078125,0,,0
24088,GF-16-CAM-18,36183.369721788,36183.370253921,36183.39924991,38.3330078125,38.3330078125,0,,0
24090,GF-16-CAM-18,36183.533961359,36183.534758178,36183.55812132,38.3330078125,38.3330078125,0,,0
24092,GF-16-CAM-18,36183.70441949,36183.705126595,36183.738669714,38.3330078125,38.3330078125,0,,0
24094,GF-16-CAM-18,36183.85670111,36183.857149425,36183.89302799,38.3330078125,38.3330078125,0,,0
24096,GF-16-CAM-18,36184.026854237,36184.027441783,36184.060909397,38.3330078125,38.3330078125,0,,0
24098,GF-16-CAM-18,36184.187323873,36184.187909425,36184.226481041,38.3330078125,38.3330078125,0,,0
24100,GF-16-CAM-18,36184.350044572,36184.350762395,36184.390492253,38.3330078125,38.3330078125,0,,0
24102,GF-16-CAM-18,36184.524172394,36184.524872105,36184.553120892,38.3330078125,38.3330078125,0,,0
24104,GF-16-CAM-18,36184.654039979,36184.654447162,36184.692279989,38.3330078125,38.3330078125,0,,0
24106,GF-16-CAM-18,36184.814047642,36184.818313676,36184.852980113,38.3330078125,38.3330078125,0,,0
24108,GF-16-CAM-18,36184.974282565,36184.974841514,36185.01689073,38.3330078125,38.3330078125,0,,0
24110,GF-16-CAM-18,36185.151324914,36185.15185793,36185.196167964,38.3330078125,38.3330078125,0,,0
24112,GF-16-CAM-18,36185.325172329,36185.326333849,36185.374274899,38.3330078125,38.3330078125,0,,0
24114,GF-16-CAM-18,36185.542999156,36185.543905019,36185.577885448,38.3330078125,38.3330078125,0,,0
24116,GF-16-CAM-18,36185.698831905,36185.69944292,36185.754175854,38.3330078125,38.3330078125,0,,0
24118,GF-16-CAM-18,36185.886965978,36185.887758133,36185.931568628,38.3330078125,38.3330078125,0,,0
24120,GF-16-CAM-18,36186.058325022,36186.058996084,36186.093450796,38.3330078125,38.3330078125,0,,0
24122,GF-16-CAM-18,36186.223593999,36186.224300272,36186.264930976,38.3330078125,38.3330078125,0,,0
24124,GF-16-CAM-18,36186.400059225,36186.400485378,36186.454659599,38.3330078125,38.3330078125,0,,0
24126,GF-16-CAM-18,36186.585043304,36186.585804914,36186.643605036,38.3330078125,38.3330078125,0,,0
24128,GF-16-CAM-18,36186.766576766,36186.767305202,36186.793446921,38.3330078125,38.3330078125,0,,0
24130,GF-16-CAM-18,36186.92241642,36186.923169695,36186.953266152,38.3330078125,38.3330078125,0,,0
24132,GF-16-CAM-18,36187.081432584,36187.082098209,36187.122881091,38.3330078125,38.3330078125,0,,0
24134,GF-16-CAM-18,36187.252177197,36187.252825193,36187.286805696,38.3330078125,38.3330078125,0,,0
24136,GF-16-CAM-18,36187.419372326,36187.419865066,36187.463685159,38.3330078125,38.3330078125,0,,0
24138,GF-16-CAM-18,36187.602940615,36187.603683618,36187.638332181,38.3330078125,38.3330078125,0,,0
24140,GF-16-CAM-18,36187.760170262,36187.761303354,36187.810823987,38.3330078125,38.3330078125,0,,0
24142,GF-16-CAM-18,36187.92247569,36187.922928814,36187.961516384,38.3330078125,38.3330078125,0,,0
24144,GF-16-CAM-18,36188.100096403,36188.100646625,36188.125336344,38.3330078125,38.3330078125,0,,0
24146,GF-16-CAM-18,36188.261621492,36188.262354036,36188.30574881,38.3330078125,38.3330078125,0,,0
24148,GF-16-CAM-18,36188.446889928,36188.44909032,36188.501581989,38.3330078125,38.3330078125,0,,0
24150,GF-16-CAM-18,36188.622032856,36188.62262376,36188.664616234,38.3330078125,38.3330078125,0,,0
24152,GF-16-CAM-18,36188.779348111,36188.779929477,36188.819163732,38.3330078125,38.3330078125,0,,0
24154,GF-16-CAM-18,36188.941181856,36188.942373852,36188.98299216,38.3330078125,38.3330078125,0,,0
24156,GF-16-CAM-18,36189.124871253,36189.125529868,36189.167188447,38.3330078125,38.3330078125,0,,0
24158,GF-16-CAM-18,36189.29954192,36189.300192273,36189.346707307,38.3330078125,38.3330078125,0,,0
24160,GF-16-CAM-18,36189.470675719,36189.471148265,36189.500958332,38.3330078125,38.3330078125,0,,0
24162,GF-16-CAM-18,36189.630466225,36189.631496295,36189.685868317,38.3330078125,38.3330078125,0,,0
24164,GF-16-CAM-18,36189.810666143,36189.811427223,36189.852059656,38.3330078125,38.3330078125,0,,0
24166,GF-16-CAM-18,36189.981047162,36189.981685617,36190.039654498,38.3330078125,38.3330078125,0,,0
24168,GF-16-CAM-18,36190.177726456,36190.180115027,36190.21195449,38.3330078125,38.3330078125,0,,0
24170,GF-16-CAM-18,36190.328340213,36190.328958822,36190.366988246,38.3330078125,38.3330078125,0,,0
24172,GF-16-CAM-18,36190.501691962,36190.505092125,36190.546161622,38.3330078125,38.3330078125,0,,0
24174,GF-16-CAM-18,36190.682828115,36190.683368149,36190.723762893,38.3330078125,38.3330078125,0,,0
24176,GF-16-CAM-18,36190.854930363,36190.855378803,36190.883612344,38.3330078125,38.3330078125,0,,0
24178,GF-16-CAM-18,36191.014767799,36191.015587127,36191.062029319,38.3330078125,38.3330078125,0,,0
24180,GF-16-CAM-18,36191.192118838,36191.193371891,36191.232376795,38.3330078125,38.3330078125,0,,0
24182,GF-16-CAM-18,36191.350719354,36191.351864234,36191.401407825,38.3330078125,38.3330078125,0,,0
24184,GF-16-CAM-18,36191.532107239,36191.532740078,36191.57364675,38.3330078125,38.3330078125,0,,0
24186,GF-16-CAM-18,36191.70438486,36191.705034277,36191.747699629,38.3330078125,38.3330078125,0,,0
24188,GF-16-CAM-18,36191.877231295,36191.878075633,36191.913575894,38.3330078125,38.3330078125,0,,0
24190,GF-16-CAM-18,36192.053907215,36192.055094983,36192.091592972,38.3330078125,38.3330078125,0,,0
24192,GF-16-CAM-18,36192.218084035,36192.21878949,36192.265496042,38.3330078125,38.3330078125,0,,0
24194,GF-16-CAM-18,36192.387896651,36192.388514309,36192.43444236,38.3330078125,38.3330078125,0,,0
24196,GF-16-CAM-18,36192.554850311,36192.555690845,36192.602463384,38.3330078125,38.3330078125,0,,0
24198,GF-16-CAM-18,36192.734789335,36192.735920063,36192.774263344,38.3330078125,38.3330078125,0,,0
24200,GF-16-CAM-18,36192.942696688,36192.943259177,36192.981481919,38.3330078125,38.3330078125,0,,0
24202,GF-16-CAM-18,36193.100740372,36193.101356203,36193.135202095,38.3330078125,38.3330078125,0,,0
24204,GF-16-CAM-18,36193.260798704,36193.261426745,36193.293989744,38.3330078125,38.3330078125,0,,0
24206,GF-16-CAM-18,36193.432823948,36193.433295297,36193.471098133,38.3330078125,38.3330078125,0,,0
24208,GF-16-CAM-18,36193.605233199,36193.605934839,36193.639692483,38.3330078125,38.3330078125,0,,0
24210,GF-16-CAM-18,36193.784234537,36193.784898333,36193.810048936,38.3330078125,38.3330078125,0,,0
24212,GF-16-CAM-18,36193.938485898,36193.939534776,36193.977361209,38.3330078125,38.3330078125,0,,0
24214,GF-16-CAM-18,36194.10479225,36194.105329153,36194.145416654,38.3330078125,38.3330078125,0,,0
24216,GF-16-CAM-18,36194.324182276,36194.325298566,36194.373469846,38.3330078125,38.3330078125,0,,0
24218,GF-16-CAM-18,36194.55863434,36194.559252471,36194.599415791,38.3330078125,38.3330078125,0,,0
24220,GF-16-CAM-18,36194.728964032,36194.730044156,36194.762544595,38.3330078125,38.3330078125,0,,0
24222,GF-16-CAM-18,36194.901638426,36194.902089067,36194.947094728,38.3330078125,38.3330078125,0,,0
24224,GF-16-CAM-18,36195.060109581,36195.060615481,36195.08914284,38.3330078125,38.3330078125,0,,0
24226,GF-16-CAM-18,36195.203375504,36195.20545981,36195.250084995,38.3330078125,38.3330078125,0,,0
24228,GF-16-CAM-18,36195.374239794,36195.374846457,36195.428267744,38.3330078125,38.3330078125,0,,0
24230,GF-16-CAM-18,36195.571494927,36195.572237583,36195.601363672,38.3330078125,38.3330078125,0,,0
24232,GF-16-CAM-18,36195.750971919,36195.75162085,36195.791620214,38.3330078125,38.3330078125,0,,0
24234,GF-16-CAM-18,36195.920185809,36195.92087355,36195.956322371,38.3330078125,38.3330078125,0,,0
24236,GF-16-CAM-18,36196.122067629,36196.124089612,36196.163400565,38.3330078125,38.3330078125,0,,0
24238,GF-16-CAM-18,36196.315616878,36196.316474875,36196.360392857,38.3330078125,38.3330078125,0,,0
24240,GF-16-CAM-18,36196.499584244,36196.501650755,36196.54339801,38.3330078125,38.3330078125,0,,0
24242,GF-16-CAM-18,36196.684117098,36196.684661296,36196.712448705,38.3330078125,38.3330078125,0,,0
24244,GF-16-CAM-18,36196.855419095,36196.856211883,36196.904622022,38.3330078125,38.3330078125,0,,0
24246,GF-16-CAM-18,36197.04089829,36197.041591494,36197.077538379,38.3330078125,38.3330078125,0,,0
24248,GF-16-CAM-18,36197.203992121,36197.204519603,36197.236311767,38.3330078125,38.3330078125,0,,0
24250,GF-16-CAM-18,36197.374402038,36197.376810872,36197.424644693,38.3330078125,38.3330078125,0,,0
24252,GF-16-CAM-18,36197.555643525,36197.556542221,36197.597041527,38.3330078125,38.3330078125,0,,0
24254,GF-16-CAM-18,36197.726867166,36197.727432166,36197.765415877,38.3330078125,38.3330078125,0,,0
24256,GF-16-CAM-18,36197.913444498,36197.914339467,36197.95110781,38.3330078125,38.3330078125,0,,0
24258,GF-16-CAM-18,36198.107949738,36198.110645369,36198.143702551,38.3330078125,38.3330078125,0,,0
24260,GF-16-CAM-18,36198.266121189,36198.26681806,36198.308596871,38.3330078125,38.3330078125,0,,0
24262,GF-16-CAM-18,36198.428690102,36198.429428404,36198.456061843,38.3330078125,38.3330078125,0,,0
24264,GF-16-CAM-18,36198.586711593,36198.587390066,36198.617925712,38.3330078125,38.3330078125,0,,0
24266,GF-16-CAM-18,36198.748505469,36198.749424498,36198.786195016,38.3330078125,38.3330078125,0,,0
24268,GF-16-CAM-18,36198.928273963,36198.92888186,36198.969244198,38.3330078125,38.3330078125,0,,0
24270,GF-16-CAM-18,36199.082193096,36199.08261625,36199.11208775,38.3330078125,38.3330078125,0,,0
24272,GF-16-CAM-18,36199.239853137,36199.241920038,36199.276706429,38.3330078125,38.3330078125,0,,0
24274,GF-16-CAM-18,36199.421511072,36199.422059182,36199.449161897,38.3330078125,38.3330078125,0,,0
24276,GF-16-CAM-18,36199.612231337,36199.613175267,36199.649231823,38.3330078125,38.3330078125,0,,0
24278,GF-16-CAM-18,36199.808954145,36199.810767986,36199.854032102,38.3330078125,38.3330078125,0,,0
24280,GF-16-CAM-18,36199.982444812,36199.983473619,36200.022940878,38.3330078125,38.3330078125,0,,0
24282,GF-16-CAM-18,36200.154148655,36200.156207878,36200.202432999,38.3330078125,38.3330078125,0,,0
24284,GF-16-CAM-18,36200.350657742,36200.351685611,36200.386633125,38.3330078125,38.3330078125,0,,0
24286,GF-16-CAM-18,36200.548182897,36200.549088827,36200.576432261,38.3330078125,38.3330078125,0,,0
24288,GF-16-CAM-18,36200.73121595,36200.732190898,36200.766633677,38.3330078125,38.3330078125,0,,0
24290,GF-16-CAM-18,36200.902216527,36200.90285167,36200.96903848,38.3330078125,38.3330078125,0,,0
24292,GF-16-CAM-18,36201.135743653,36201.13640151,36201.179985832,38.3330078125,38.3330078125,0,,0
24294,GF-16-CAM-18,36201.321571573,36201.32330172,36201.3726621,38.3330078125,38.3330078125,0,,0
24296,GF-16-CAM-18,36201.500282941,36201.500783056,36201.53583792,38.3330078125,38.3330078125,0,,0
24298,GF-16-CAM-18,36201.674031689,36201.675015677,36201.712883915,38.3330078125,38.3330078125,0,,0
24300,GF-16-CAM-18,36201.852524442,36201.853189707,36201.885468893,38.3330078125,38.3330078125,0,,0
24302,GF-16-CAM-18,36202.01596124,36202.01642625,36202.045498523,38.3330078125,38.3330078125,0,,0
24304,GF-16-CAM-18,36202.172895357,36202.173782558,36202.221620894,38.3330078125,38.3330078125,0,,0
24306,GF-16-CAM-18,36202.349224926,36202.350035342,36202.393421066,38.3330078125,38.3330078125,0,,0
24308,GF-16-CAM-18,36202.533408272,36202.533943226,36202.562943997,38.3330078125,38.3330078125,0,,0
24310,GF-16-CAM-18,36202.70668751,36202.707263352,36202.748933358,38.3330078125,38.3330078125,0,,0
24312,GF-16-CAM-18,36202.885697914,36202.88784875,36202.91503373,38.3330078125,38.3330078125,0,,0
24314,GF-16-CAM-18,36203.055831834,36203.056674981,36203.089606568,38.3330078125,38.3330078125,0,,0
24316,GF-16-CAM-18,36203.225064834,36203.225619712,36203.267185712,38.3330078125,38.3330078125,0,,0
24318,GF-16-CAM-18,36203.387784331,36203.388344061,36203.4269678,38.3330078125,38.3330078125,0,,0
24320,GF-16-CAM-18,36203.549116062,36203.549736245,36203.586409034,38.3330078125,38.3330078125,0,,0
24322,GF-16-CAM-18,36203.730687279,36203.731390523,36203.763205451,38.3330078125,38.3330078125,0,,0
24324,GF-16-CAM-18,36203.942957314,36203.943659502,36203.985505908,38.3330078125,38.3330078125,0,,0
24326,GF-16-CAM-18,36204.121924343,36204.122483389,36204.149210367,38.3330078125,38.3330078125,0,,0
24328,GF-16-CAM-18,36204.304288856,36204.306914514,36204.334296257,38.3330078125,38.3330078125,0,,0
24330,GF-16-CAM-18,36204.490569345,36204.491331795,36204.520211049,38.3330078125,38.3330078125,0,,0
24332,GF-16-CAM-18,36204.656550179,36204.657625826,36204.692264777,38.3330078125,38.3330078125,0,,0
24334,GF-16-CAM-18,36204.826182838,36204.827139619,36204.853284534,38.3330078125,38.3330078125,0,,0
24336,GF-16-CAM-18,36204.975508082,36204.976388052,36205.015050416,38.3330078125,38.3330078125,0,,0
24338,GF-16-CAM-18,36205.15694836,36205.15781408,36205.206809125,38.3330078125,38.3330078125,0,,0
24340,GF-16-CAM-18,36205.343090923,36205.343676207,36205.378407014,38.3330078125,38.3330078125,0,,0
24342,GF-16-CAM-18,36205.519469712,36205.520396394,36205.56377414,38.3330078125,38.3330078125,0,,0
24344,GF-16-CAM-18,36205.704564005,36205.705380314,36205.737737962,38.3330078125,38.3330078125,0,,0
24346,GF-16-CAM-18,36205.884024129,36205.884628217,36205.913143828,38.3330078125,38.3330078125,0,,0
24348,GF-16-CAM-18,36206.059167568,36206.060406206,36206.097509671,38.3330078125,38.3330078125,0,,0
24350,GF-16-CAM-18,36206.237755149,36206.238228421,36206.275784323,38.3330078125,38.3330078125,0,,0
24352,GF-16-CAM-18,36206.421111686,36206.422264233,36206.458620005,38.3330078125,38.3330078125,0,,0
24354,GF-16-CAM-18,36206.59819013,36206.598945188,36206.64329015,38.3330078125,38.3330078125,0,,0
24356,GF-16-CAM-18,36206.789315796,36206.790822125,36206.831197529,38.3330078125,38.3330078125,0,,0
24358,GF-16-CAM-18,36206.950159547,36206.950965918,36207.001827325,38.3330078125,38.3330078125,0,,0
24360,GF-16-CAM-18,36207.118084493,36207.118785158,36207.154577763,38.3330078125,38.3330078125,0,,0
24362,GF-16-CAM-18,36207.31152879,36207.312718347,36207.353583899,38.3330078125,38.3330078125,0,,0
24364,GF-16-CAM-18,36207.493649226,36207.494598867,36207.534516875,38.3330078125,38.3330078125,0,,0
24366,GF-16-CAM-18,36207.674583739,36207.67575816,36207.71243347,38.3330078125,38.3330078125,0,,0
24368,GF-16-CAM-18,36207.850286515,36207.852473244,36207.894769466,38.3330078125,38.3330078125,0,,0
24370,GF-16-CAM-18,36208.036908649,36208.037849658,36208.078232834,38.3330078125,38.3330078125,0,,0
24372,GF-16-CAM-18,36208.207548586,36208.209726791,36208.266348833,38.3330078125,38.3330078125,0,,0
24374,GF-16-CAM-18,36208.412698183,36208.415760051,36208.468878209,38.3330078125,38.3330078125,0,,0
24376,GF-16-CAM-18,36208.6009766,36208.601716339,36208.642389605,38.3330078125,38.3330078125,0,,0
24378,GF-16-CAM-18,36208.767115272,36208.767576639,36208.812316394,38.3330078125,38.3330078125,0,,0
24380,GF-16-CAM-18,36208.94624017,36208.949121549,36209.002920446,38.3330078125,38.3330078125,0,,0
24382,GF-16-CAM-18,36209.132765476,36209.133362471,36209.160751559,38.3330078125,38.3330078125,0,,0
24384,GF-16-CAM-18,36209.299065682,36209.299763488,36209.351637409,38.3330078125,38.3330078125,0,,0
24386,GF-16-CAM-18,36209.492577238,36209.494384597,36209.529785027,38.3330078125,38.3330078125,0,,0
24388,GF-16-CAM-18,36209.667336695,36209.668201721,36209.709527048,38.3330078125,38.3330078125,0,,0
24390,GF-16-CAM-18,36209.858727877,36209.859440494,36209.909499748,38.3330078125,38.3330078125,0,,0
24392,GF-16-CAM-18,36210.03448415,36210.034950588,36210.082197616,38.3330078125,38.3330078125,0,,0
24394,GF-16-CAM-18,36210.21931799,36210.220582938,36210.260583083,38.3330078125,38.3330078125,0,,0
24396,GF-16-CAM-18,36210.411299866,36210.411846106,36210.449364753,38.3330078125,38.3330078125,0,,0
24398,GF-16-CAM-18,36210.58708714,36210.588465497,36210.619962158,38.3330078125,38.3330078125,0,,0
24400,GF-16-CAM-18,36210.755560224,36210.756403125,36210.79921367,38.3330078125,38.3330078125,0,,0
24402,GF-16-CAM-18,36210.947203914,36210.947749474,36210.982401056,38.3330078125,38.3330078125,0,,0
24404,GF-16-CAM-18,36211.125168085,36211.126399336,36211.172999896,38.3330078125,38.3330078125,0,,0
24406,GF-16-CAM-18,36211.307210643,36211.307721796,36211.343537615,38.3330078125,38.3330078125,0,,0
24408,GF-16-CAM-18,36211.504123269,36211.505416113,36211.545486039,38.3330078125,38.3330078125,0,,0
24410,GF-16-CAM-18,36211.706503327,36211.707430037,36211.759991068,38.3330078125,38.3330078125,0,,0
24412,GF-16-CAM-18,36211.919846543,36211.920438991,36211.952278327,38.3330078125,38.3330078125,0,,0
24414,GF-16-CAM-18,36212.078930203,36212.080135108,36212.122107766,38.3330078125,38.3330078125,0,,0
24416,GF-16-CAM-18,36212.262070249,36212.262812505,36212.303459278,38.3330078125,38.3330078125,0,,0
24418,GF-16-CAM-18,36212.458562307,36212.459319238,36212.495216247,38.3330078125,38.3330078125,0,,0
24420,GF-16-CAM-18,36212.63354971,36212.634261464,36212.674056419,38.3330078125,38.3330078125,0,,0
24422,GF-16-CAM-18,36212.807654511,36212.808474294,36212.856927137,38.3330078125,38.3330078125,0,,0
24424,GF-16-CAM-18,36212.985242083,36212.986057614,36213.028945696,38.3330078125,38.3330078125,0,,0
24426,GF-16-CAM-18,36213.16352335,36213.166297555,36213.204325405,38.3330078125,38.3330078125,0,,0
24428,GF-16-CAM-18,36213.371329089,36213.372552465,36213.417433935,38.3330078125,38.3330078125,0,,0
24430,GF-16-CAM-18,36213.556967353,36213.557973896,36213.593482697,38.3330078125,38.3330078125,0,,0
24432,GF-16-CAM-18,36213.736786442,36213.739838081,36213.787101578,38.3330078125,38.3330078125,0,,0
24434,GF-16-CAM-18,36213.925105705,36213.925606804,36213.95663434,38.3330078125,38.3330078125,0,,0
24436,GF-16-CAM-18,36214.105468598,36214.109518494,36214.156853833,38.3330078125,38.3330078125,0,,0
24438,GF-16-CAM-18,36214.298112618,36214.299064117,36214.344268634,38.3330078125,38.3330078125,0,,0
24440,GF-16-CAM-18,36214.48327801,36214.485570825,36214.526903699,38.3330078125,38.3330078125,0,,0
24442,GF-16-CAM-18,36214.661110191,36214.66402624,36214.702165745,38.3330078125,38.3330078125,0,,0
24444,GF-16-CAM-18,36214.820172372,36214.820966531,36214.861807835,38.3330078125,38.3330078125,0,,0
24446,GF-16-CAM-18,36215.005098746,36215.006853176,36215.03430964,38.3330078125,38.3330078125,0,,0
24448,GF-16-CAM-18,36215.170686574,36215.171356939,36215.227228057,38.3330078125,38.3330078125,0,,0
24450,GF-16-CAM-18,36215.353010081,36215.356057525,36215.392772989,38.3330078125,38.3330078125,0,,0
24452,GF-16-CAM-18,36215.510348875,36215.511144048,36215.552846153,38.3330078125,38.3330078125,0,,0
24454,GF-16-CAM-18,36215.682869845,36215.683556723,36215.714768716,38.3330078125,38.3330078125,0,,0
24456,GF-16-CAM-18,36215.83877441,36215.839417952,36215.892945432,38.3330078125,38.3330078125,0,,0
24458,GF-16-CAM-18,36216.018677616,36216.019106983,36216.045833746,38.3330078125,38.3330078125,0,,0
24460,GF-16-CAM-18,36216.196595619,36216.197722886,36216.239092945,38.3330078125,38.3330078125,0,,0
24462,GF-16-CAM-18,36216.377451108,36216.378215437,36216.425115457,38.3330078125,38.3330078125,0,,0
24464,GF-16-CAM-18,36216.564926934,36216.565735355,36216.607238074,38.3330078125,38.3330078125,0,,0
24466,GF-16-CAM-18,36216.749039378,36216.74997782,36216.785648749,38.3330078125,38.3330078125,0,,0
24468,GF-16-CAM-18,36216.921815592,36216.923823923,36216.981966749,38.3330078125,38.3330078125,0,,0
24470,GF-16-CAM-18,36217.172456638,36217.172996068,36217.210654328,38.3330078125,38.3330078125,0,,0
24472,GF-16-CAM-18,36217.359121197,36217.359767477,36217.40171457,38.3330078125,38.3330078125,0,,0
24474,GF-16-CAM-18,36217.545452151,36217.546727186,36217.589913084,38.3330078125,38.3330078125,0,,0
24476,GF-16-CAM-18,36217.716807933,36217.718851689,36217.751525532,38.3330078125,38.3330078125,0,,0
24478,GF-16-CAM-18,36217.894943008,36217.896024685,36217.950171396,38.3330078125,38.3330078125,0,,0
24480,GF-16-CAM-18,36218.082155988,36218.08316738,36218.115667208,38.3330078125,38.3330078125,0,,0
24482,GF-16-CAM-18,36218.254503816,36218.255753435,36218.299788575,38.3330078125,38.3330078125,0,,0
24484,GF-16-CAM-18,36218.453223174,36218.454022711,36218.491097829,38.3330078125,38.3330078125,0,,0
24486,GF-16-CAM-18,36218.631875149,36218.63507925,36218.668117861,38.3330078125,38.3330078125,0,,0
24488,GF-16-CAM-18,36218.783649276,36218.7843406,36218.809691118,38.3330078125,38.3330078125,0,,0
24490,GF-16-CAM-18,36218.944071833,36218.944626343,36218.978325857,38.3330078125,38.3330078125,0,,0
24492,GF-16-CAM-18,36219.131838692,36219.132663135,36219.172352896,38.3330078125,38.3330078125,0,,0
24494,GF-16-CAM-18,36219.308805249,36219.311534295,36219.33983222,38.3330078125,38.3330078125,0,,0
24496,GF-16-CAM-18,36219.466485864,36219.468965373,36219.500805576,38.3330078125,38.3330078125,0,,0
24498,GF-16-CAM-18,36219.619876876,36219.621693466,36219.665498909,38.3330078125,38.3330078125,0,,0
24500,GF-16-CAM-18,36219.783748361,36219.784977358,36219.825863005,38.3330078125,38.3330078125,0,,0
24502,GF-16-CAM-18,36219.967307299,36219.968060975,36220.013607109,38.3330078125,38.3330078125,0,,0
24504,GF-16-CAM-18,36220.14040592,36220.141253019,36220.181156634,38.3330078125,38.3330078125,0,,0
24506,GF-16-CAM-18,36220.312144147,36220.312657954,36220.352636701,38.3330078125,38.3330078125,0,,0
24508,GF-16-CAM-18,36220.501997396,36220.502685521,36220.535174554,38.3330078125,38.3330078125,0,,0
24510,GF-16-CAM-18,36220.661637527,36220.662099642,36220.692357274,38.3330078125,38.3330078125,0,,0
24512,GF-16-CAM-18,36220.824423765,36220.825127032,36220.857825544,38.3330078125,38.3330078125,0,,0
24514,GF-16-CAM-18,36220.970969875,36220.971571666,36221.00286608,38.3330078125,38.3330078125,0,,0
24516,GF-16-CAM-18,36221.127264558,36221.127685859,36221.168118099,38.3330078125,38.3330078125,0,,0
24518,GF-16-CAM-18,36221.299418476,36221.300284583,36221.348357246,38.3330078125,38.3330078125,0,,0
24520,GF-16-CAM-18,36221.48479418,36221.486423491,36221.524649652,38.3330078125,38.3330078125,0,,0
24522,GF-16-CAM-18,36221.685091322,36221.685996075,36221.716179089,38.3330078125,38.3330078125,0,,0
24524,GF-16-CAM-18,36221.848073678,36221.849061383,36221.887217713,38.3330078125,38.3330078125,0,,0
24526,GF-16-CAM-18,36222.031468854,36222.032440299,36222.063884704,38.3330078125,38.3330078125,0,,0
24528,GF-16-CAM-18,36222.200506485,36222.201326835,36222.245081361,38.3330078125,38.3330078125,0,,0
24530,GF-16-CAM-18,36222.383895477,36222.384947541,36222.426835028,38.3330078125,38.3330078125,0,,0
24532,GF-16-CAM-18,36222.566257801,36222.567812595,36222.602565094,38.3330078125,38.3330078125,0,,0
24534,GF-16-CAM-18,36222.739506258,36222.740243046,36222.770968306,38.3330078125,38.3330078125,0,,0
24536,GF-16-CAM-18,36222.896534078,36222.89750451,36222.951408355,38.3330078125,38.3330078125,0,,0
24538,GF-16-CAM-18,36223.079873813,36223.081985014,36223.110548758,38.3330078125,38.3330078125,0,,0
24540,GF-16-CAM-18,36223.23907042,36223.239879201,36223.271251621,38.3330078125,38.3330078125,0,,0
24542,GF-16-CAM-18,36223.403330352,36223.404194592,36223.438781249,38.3330078125,38.3330078125,0,,0
24544,GF-16-CAM-18,36223.567164905,36223.568078741,36223.626809682,38.3330078125,38.3330078125,0,,0
24546,GF-16-CAM-18,36223.757175368,36223.758251282,36223.79353698,38.3330078125,38.3330078125,0,,0
24548,GF-16-CAM-18,36223.932350075,36223.933337788,36223.97482231,38.3330078125,38.3330078125,0,,0
24550,GF-16-CAM-18,36224.100817518,36224.103358851,36224.133809726,38.3330078125,38.3330078125,0,,0
24552,GF-16-CAM-18,36224.259835906,36224.260275309,36224.305762106,38.3330078125,38.3330078125,0,,0
24554,GF-16-CAM-18,36224.458850225,36224.459797157,36224.511768172,38.3330078125,38.3330078125,0,,0
24556,GF-16-CAM-18,36224.656886901,36224.657756971,36224.680328001,38.3330078125,38.3330078125,0,,0
24558,GF-16-CAM-18,36224.820148543,36224.820777604,36224.851633688,38.3330078125,38.3330078125,0,,0
24560,GF-16-CAM-18,36224.969877571,36224.970817761,36225.012794076,38.3330078125,38.3330078125,0,,0
24562,GF-16-CAM-18,36225.155863968,36225.156667296,36225.18205562,38.3330078125,38.3330078125,0,,0
24564,GF-16-CAM-18,36225.329502,36225.330087789,36225.365069212,38.3330078125,38.3330078125,0,,0
24566,GF-16-CAM-18,36225.493294003,36225.494028164,36225.533729355,38.3330078125,38.3330078125,0,,0
24568,GF-16-CAM-18,36225.669305575,36225.66994735,36225.711251951,38.3330078125,38.3330078125,0,,0
24570,GF-16-CAM-18,36225.855027408,36225.857616561,36225.900497641,38.3330078125,38.3330078125,0,,0
24572,GF-16-CAM-18,36226.033907907,36226.034631775,36226.064576383,38.3330078125,38.3330078125,0,,0
24574,GF-16-CAM-18,36226.199925509,36226.200589687,36226.247967769,38.3330078125,38.3330078125,0,,0
24576,GF-16-CAM-18,36226.371027536,36226.37190666,36226.399529464,38.3330078125,38.3330078125,0,,0
24578,GF-16-CAM-18,36226.525984438,36226.526588855,36226.556086001,38.3330078125,38.3330078125,0,,0
24580,GF-16-CAM-18,36226.675596539,36226.676570416,36226.717835968,38.3330078125,38.3330078125,0,,0
24582,GF-16-CAM-18,36226.848898227,36226.84987288,36226.894600066,38.3330078125,38.3330078125,0,,0
24584,GF-16-CAM-18,36227.015492677,36227.016109311,36227.058045981,38.3330078125,38.3330078125,0,,0
24586,GF-16-CAM-18,36227.194614756,36227.195371644,36227.237424504,38.3330078125,38.3330078125,0,,0
24588,GF-16-CAM-18,36227.367959568,36227.369056956,36227.411770607,38.3330078125,38.3330078125,0,,0
24590,GF-16-CAM-18,36227.551353104,36227.552036448,36227.589261379,38.3330078125,38.3330078125,0,,0
24592,GF-16-CAM-18,36227.723601642,36227.724376452,36227.766170357,38.3330078125,38.3330078125,0,,0
24594,GF-16-CAM-18,36227.901822376,36227.902504814,36227.939032528,38.3330078125,38.3330078125,0,,0
24596,GF-16-CAM-18,36228.113633341,36228.114244124,36228.147466612,38.3330078125,38.3330078125,0,,0
24598,GF-16-CAM-18,36228.280413348,36228.281179987,36228.315424579,38.3330078125,38.3330078125,0,,0
24600,GF-16-CAM-18,36228.452644085,36228.454182445,36228.490224707,38.3330078125,38.3330078125,0,,0
24602,GF-16-CAM-18,36228.607826071,36228.614199939,36228.651421147,38.3330078125,38.3330078125,0,,0
24604,GF-16-CAM-18,36228.808407444,36228.810886388,36228.867653151,38.3330078125,38.3330078125,0,,0
24606,GF-16-CAM-18,36229.020890637,36229.021836104,36229.069671011,38.3330078125,38.3330078125,0,,0
24608,GF-16-CAM-18,36229.214305288,36229.215547191,36229.249987003,38.3330078125,38.3330078125,0,,0
24610,GF-16-CAM-18,36229.403187339,36229.403762915,36229.429132211,38.3330078125,38.3330078125,0,,0
24612,GF-16-CAM-18,36229.561512467,36229.56240442,36229.600656594,38.3330078125,38.3330078125,0,,0
24614,GF-16-CAM-18,36229.745765363,36229.74772587,36229.77772565,38.3330078125,38.3330078125,0,,0
24616,GF-16-CAM-18,36229.907304756,36229.910355354,36229.961226576,38.3330078125,38.3330078125,0,,0
24618,GF-16-CAM-18,36230.089967328,36230.092603093,36230.132604202,38.3330078125,38.3330078125,0,,0
24620,GF-16-CAM-18,36230.270824178,36230.271571793,36230.304296287,38.3330078125,38.3330078125,0,,0
24622,GF-16-CAM-18,36230.437650699,36230.438530474,36230.474993851,38.3330078125,38.3330078125,0,,0
24624,GF-16-CAM-18,36230.611340617,36230.612151799,36230.659163776,38.3330078125,38.3330078125,0,,0
24626,GF-16-CAM-18,36230.793941683,36230.794623849,36230.824763283,38.3330078125,38.3330078125,0,,0
24628,GF-16-CAM-18,36230.965156745,36230.965981697,36231.003775418,38.3330078125,38.3330078125,0,,0
24630,GF-16-CAM-18,36231.136395168,36231.137172559,36231.180860308,38.3330078125,38.3330078125,0,,0
24632,GF-16-CAM-18,36231.318932059,36231.319419718,36231.365031059,38.3330078125,38.3330078125,0,,0
24634,GF-16-CAM-18,36231.500626782,36231.501129681,36231.533402538,38.3330078125,38.3330078125,0,,0
24636,GF-16-CAM-18,36231.671332237,36231.672635638,36231.703634019,38.3330078125,38.3330078125,0,,0
24638,GF-16-CAM-18,36231.855756403,36231.856654494,36231.890078006,38.3330078125,38.3330078125,0,,0
24640,GF-16-CAM-18,36232.028735559,36232.030125051,36232.076308337,38.3330078125,38.3330078125,0,,0
24642,GF-16-CAM-18,36232.203978951,36232.204822849,36232.242888793,38.3330078125,38.3330078125,0,,0
24644,GF-16-CAM-18,36232.379534734,36232.380080329,36232.409107176,38.3330078125,38.3330078125,0,,0
24646,GF-16-CAM-18,36232.546640741,36232.547253673,36232.579703332,38.3330078125,38.3330078125,0,,0
24648,GF-16-CAM-18,36232.704998272,36232.705652231,36232.743448985,38.3330078125,38.3330078125,0,,0
24650,GF-16-CAM-18,36232.887180613,36232.887923155,36232.931669009,38.3330078125,38.3330078125,0,,0
24652,GF-16-CAM-18,36233.102181358,36233.104639503,36233.129692353,38.3330078125,38.3330078125,0,,0
24654,GF-16-CAM-18,36233.25408925,36233.255835846,36233.291678018,38.3330078125,38.3330078125,0,,0
24656,GF-16-CAM-18,36233.433050397,36233.43376366,36233.484634685,38.3330078125,38.3330078125,0,,0
24658,GF-16-CAM-18,36233.657866296,36233.658522328,36233.694023278,38.3330078125,38.3330078125,0,,0
24660,GF-16-CAM-18,36233.834321186,36233.835293956,36233.878955959,38.3330078125,38.3330078125,0,,0
24662,GF-16-CAM-18,36234.009451529,36234.009859732,36234.049533264,38.3330078125,38.3330078125,0,,0
24664,GF-16-CAM-18,36234.165838949,36234.168655372,36234.216167601,38.3330078125,38.3330078125,0,,0
24666,GF-16-CAM-18,36234.34614511,36234.347153073,36234.387064039,38.3330078125,38.3330078125,0,,0
24668,GF-16-CAM-18,36234.506041138,36234.506491128,36234.552515647,38.3330078125,38.3330078125,0,,0
24670,GF-16-CAM-18,36234.683831371,36234.686800304,36234.723978402,38.3330078125,38.3330078125,0,,0
24672,GF-16-CAM-18,36234.86717461,36234.867847164,36234.895304174,38.3330078125,38.3330078125,0,,0
24674,GF-16-CAM-18,36235.036086622,36235.036834942,36235.080390962,38.3330078125,38.3330078125,0,,0
24676,GF-16-CAM-18,36235.195648161,36235.19628442,36235.225556078,38.3330078125,38.3330078125,0,,0
24678,GF-16-CAM-18,36235.341562788,36235.342406377,36235.381180472,38.3330078125,38.3330078125,0,,0
24680,GF-16-CAM-18,36235.532463862,36235.533878991,36235.583521265,38.3330078125,38.3330078125,0,,0
24682,GF-16-CAM-18,36235.699881141,36235.700861618,36235.737421845,38.3330078125,38.3330078125,0,,0
24684,GF-16-CAM-18,36235.851818986,36235.852443517,36235.889570969,38.3330078125,38.3330078125,0,,0
24686,GF-16-CAM-18,36236.014745942,36236.015176001,36236.054129404,38.3330078125,38.3330078125,0,,0
24688,GF-16-CAM-18,36236.181486871,36236.182290029,36236.218508945,38.3330078125,38.3330078125,0,,0
24690,GF-16-CAM-18,36236.342466128,36236.343723752,36236.38746416,38.3330078125,38.3330078125,0,,0
24692,GF-16-CAM-18,36236.510968065,36236.511784853,36236.547205122,38.3330078125,38.3330078125,0,,0
24694,GF-16-CAM-18,36236.648335582,36236.648853727,36236.685410907,38.3330078125,38.3330078125,0,,0
24696,GF-16-CAM-18,36236.802913968,36236.803913574,36236.838805163,38.3330078125,38.3330078125,0,,0
24698,GF-16-CAM-18,36236.955288026,36236.956062088,36236.991386414,38.3330078125,38.3330078125,0,,0
24700,GF-16-CAM-18,36237.118195371,36237.118708392,36237.154370804,38.3330078125,38.3330078125,0,,0
24702,GF-16-CAM-18,36237.274789438,36237.275637601,36237.310189959,38.3330078125,38.3330078125,0,,0
24704,GF-16-CAM-18,36237.439763416,36237.44046858,36237.473504488,38.3330078125,38.3330078125,0,,0
24706,GF-16-CAM-18,36237.617196122,36237.618287448,36237.643833674,38.3330078125,38.3330078125,0,,0
24708,GF-16-CAM-18,36237.787501752,36237.788247757,36237.818288026,38.3330078125,38.3330078125,0,,0
24710,GF-16-CAM-18,36237.954679817,36237.955411044,36237.998225435,38.3330078125,38.3330078125,0,,0
24712,GF-16-CAM-18,36238.176161201,36238.177042108,36238.212640027,38.3330078125,38.3330078125,0,,0
24714,GF-16-CAM-18,36238.345070871,36238.345657298,36238.385196362,38.3330078125,38.3330078125,0,,0
24716,GF-16-CAM-18,36238.519416105,36238.520180694,36238.556168353,38.3330078125,38.3330078125,0,,0
24718,GF-16-CAM-18,36238.689602194,36238.690493629,36238.730809956,38.3330078125,38.3330078125,0,,0
24720,GF-16-CAM-18,36238.851355962,36238.851993855,36238.882481073,38.3330078125,38.3330078125,0,,0
24722,GF-16-CAM-18,36239.014938408,36239.016197605,36239.06113403,38.3330078125,38.3330078125,0,,0
24724,GF-16-CAM-18,36239.198690549,36239.199193965,36239.229153026,38.3330078125,38.3330078125,0,,0
24726,GF-16-CAM-18,36239.356639964,36239.359626736,36239.410579815,38.3330078125,38.3330078125,0,,0
24728,GF-16-CAM-18,36239.534210426,36239.535412976,36239.56808733,38.3330078125,38.3330078125,0,,0
24730,GF-16-CAM-18,36239.70889924,36239.709588257,36239.741851689,38.3330078125,38.3330078125,0,,0
24732,GF-16-CAM-18,36239.886080776,36239.886889811,36239.929641628,38.3330078125,38.3330078125,0,,0
24734,GF-16-CAM-18,36240.075218131,36240.077444347,36240.108766932,38.3330078125,38.3330078125,0,,0
24736,GF-16-CAM-18,36240.239484812,36240.240147382,36240.270548924,38.3330078125,38.3330078125,0,,0
24738,GF-16-CAM-18,36240.42222238,36240.422955378,36240.458707147,38.3330078125,38.3330078125,0,,0
24740,GF-16-CAM-18,36240.600497167,36240.601368703,36240.63834418,38.3330078125,38.3330078125,0,,0
24742,GF-16-CAM-18,36240.76504738,36240.76597321,36240.800309883,38.3330078125,38.3330078125,0,,0
24744,GF-16-CAM-18,36240.932606125,36240.933494513,36240.967140105,38.3330078125,38.3330078125,0,,0
24746,GF-16-CAM-18,36241.089225185,36241.090879513,36241.131290518,38.3330078125,38.3330078125,0,,0
24748,GF-16-CAM-18,36241.278337547,36241.278902833,36241.306338958,38.3330078125,38.3330078125,0,,0
24750,GF-16-CAM-18,36241.430991353,36241.432068866,36241.467890766,38.3330078125,38.3330078125,0,,0
24752,GF-16-CAM-18,36241.593685829,36241.594238129,36241.632435568,38.3330078125,38.3330078125,0,,0
24754,GF-16-CAM-18,36241.774841992,36241.775537157,36241.809490475,38.3330078125,38.3330078125,0,,0
24756,GF-16-CAM-18,36241.944953657,36241.945604749,36241.969115826,38.3330078125,38.3330078125,0,,0
24758,GF-16-CAM-18,36242.103840053,36242.104331416,36242.136859209,38.3330078125,38.3330078125,0,,0
24760,GF-16-CAM-18,36242.268991935,36242.269563658,36242.306780812,38.3330078125,38.3330078125,0,,0
24762,GF-16-CAM-18,36242.436289298,36242.436840121,36242.459778418,38.3330078125,38.3330078125,0,,0
24764,GF-16-CAM-18,36242.60883681,36242.609537496,36242.655193583,38.3330078125,38.3330078125,0,,0
24766,GF-16-CAM-18,36242.77306994,36242.774080924,36242.814242505,38.3330078125,38.3330078125,0,,0
24768,GF-16-CAM-18,36242.951494277,36242.952044364,36242.976498937,38.3330078125,38.3330078125,0,,0
24770,GF-16-CAM-18,36243.109094827,36243.110329889,36243.142852657,38.3330078125,38.3330078125,0,,0
24772,GF-16-CAM-18,36243.297048139,36243.298057161,36243.326638946,38.3330078125,38.3330078125,0,,0
24774,GF-16-CAM-18,36243.455292126,36243.457522371,36243.493808803,38.3330078125,38.3330078125,0,,0
24776,GF-16-CAM-18,36243.615262749,36243.615677688,36243.64255604,38.3330078125,38.3330078125,0,,0
24778,GF-16-CAM-18,36243.787395093,36243.789889128,36243.818485553,38.3330078125,38.3330078125,0,,0
24780,GF-16-CAM-18,36243.946485321,36243.946937444,36243.984478514,38.3330078125,38.3330078125,0,,0
24782,GF-16-CAM-18,36244.113698722,36244.114379557,36244.143949467,38.3330078125,38.3330078125,0,,0
24784,GF-16-CAM-18,36244.280848751,36244.282151243,36244.315321314,38.3330078125,38.3330078125,0,,0
24786,GF-16-CAM-18,36244.458763848,36244.459719703,36244.489422143,38.3330078125,38.3330078125,0,,0
24788,GF-16-CAM-18,36244.626651958,36244.63055693,36244.667721841,38.3330078125,38.3330078125,0,,0
24790,GF-16-CAM-18,36244.803709116,36244.804460042,36244.832452729,38.3330078125,38.3330078125,0,,0
24792,GF-16-CAM-18,36244.965414974,36244.966734319,36245.010904894,38.3330078125,38.3330078125,0,,0
24794,GF-16-CAM-18,36245.148899272,36245.149507495,36245.184139111,38.3330078125,38.3330078125,0,,0
24796,GF-16-CAM-18,36245.322210663,36245.323048821,36245.365065625,38.3330078125,38.3330078125,0,,0
24798,GF-16-CAM-18,36245.489398234,36245.491629127,36245.518892655,38.3330078125,38.3330078125,0,,0
24800,GF-16-CAM-18,36245.640614876,36245.641356465,36245.68197565,38.3330078125,38.3330078125,0,,0
24802,GF-16-CAM-18,36245.838235455,36245.839255459,36245.865699139,38.3330078125,38.3330078125,0,,0
24804,GF-16-CAM-18,36246.00730678,36246.008397986,36246.037932863,38.3330078125,38.3330078125,0,,0
24806,GF-16-CAM-18,36246.183605135,36246.184352067,36246.225260436,38.3330078125,38.3330078125,0,,0
24808,GF-16-CAM-18,36246.354903837,36246.355739307,36246.402197895,38.3330078125,38.3330078125,0,,0
24810,GF-16-CAM-18,36246.542149384,36246.543319285,36246.58141652,38.3330078125,38.3330078125,0,,0
24812,GF-16-CAM-18,36246.698084759,36246.698617211,36246.731167926,38.3330078125,38.3330078125,0,,0
24814,GF-16-CAM-18,36246.863605997,36246.864487281,36246.910705444,38.3330078125,38.3330078125,0,,0
24816,GF-16-CAM-18,36247.037317855,36247.037827509,36247.09253478,38.3330078125,38.3330078125,0,,0
24818,GF-16-CAM-18,36247.210813668,36247.211854717,36247.247728231,38.3330078125,38.3330078125,0,,0
24820,GF-16-CAM-18,36247.37162865,36247.372611087,36247.409859421,38.3330078125,38.3330078125,0,,0
24822,GF-16-CAM-18,36247.540943282,36247.541715308,36247.570849307,38.3330078125,38.3330078125,0,,0
24824,GF-16-CAM-18,36247.696686623,36247.697486301,36247.737356578,38.3330078125,38.3330078125,0,,0
24826,GF-16-CAM-18,36247.870658531,36247.872471713,36247.908096214,38.3330078125,38.3330078125,0,,0
24828,GF-16-CAM-18,36248.051406704,36248.052528324,36248.099662322,38.3330078125,38.3330078125,0,,0
24830,GF-16-CAM-18,36248.228947497,36248.229882531,36248.272961663,38.3330078125,38.3330078125,0,,0
24832,GF-16-CAM-18,36248.396447664,36248.396991199,36248.428070647,38.3330078125,38.3330078125,0,,0
24834,GF-16-CAM-18,36248.554027718,36248.554858169,36248.597171878,38.3330078125,38.3330078125,0,,0
24836,GF-16-CAM-18,36248.750131669,36248.750784721,36248.797951894,38.3330078125,38.3330078125,0,,0
24838,GF-16-CAM-18,36248.932652779,36248.933725993,36248.972855533,38.3330078125,38.3330078125,0,,0
24840,GF-16-CAM-18,36249.096437322,36249.096852983,36249.131981366,38.3330078125,38.3330078125,0,,0
24842,GF-16-CAM-18,36249.260663293,36249.261091163,36249.297636679,38.3330078125,38.3330078125,0,,0
24844,GF-16-CAM-18,36249.422964219,36249.423475814,36249.463257394,38.3330078125,38.3330078125,0,,0
24846,GF-16-CAM-18,36249.674475071,36249.675385828,36249.738076889,38.3330078125,38.3330078125,0,,0
24848,GF-16-CAM-18,36249.867622173,36249.868302186,36249.896258421,38.3330078125,38.3330078125,0,,0
24850,GF-16-CAM-18,36250.01196656,36250.01475817,36250.059554247,38.3330078125,38.3330078125,0,,0
24852,GF-16-CAM-18,36250.1891246,36250.189686534,36250.226647491,38.3330078125,38.3330078125,0,,0
24854,GF-16-CAM-18,36250.370622898,36250.371357061,36250.42044284,38.3330078125,38.3330078125,0,,0
24856,GF-16-CAM-18,36250.553627228,36250.554296156,36250.584676015,38.3330078125,38.3330078125,0,,0
24858,GF-16-CAM-18,36250.724204571,36250.725362381,36250.766337674,38.3330078125,38.3330078125,0,,0
24860,GF-16-CAM-18,36250.904552133,36250.907470384,36250.941621329,38.3330078125,38.3330078125,0,,0
24862,GF-16-CAM-18,36251.115721797,36251.116415711,36251.158828076,38.3330078125,38.3330078125,0,,0
24864,GF-16-CAM-18,36251.28109655,36251.281913483,36251.316995959,38.3330078125,38.3330078125,0,,0
24866,GF-16-CAM-18,36251.469644307,36251.47031456,36251.498615472,38.3330078125,38.3330078125,0,,0
24868,GF-16-CAM-18,36251.639073603,36251.640721927,36251.697521072,38.3330078125,38.3330078125,0,,0
24870,GF-16-CAM-18,36251.855263947,36251.856372798,36251.906810336,38.3330078125,38.3330078125,0,,0
24872,GF-16-CAM-18,36252.046053389,36252.047215085,36252.073401846,38.3330078125,38.3330078125,0,,0
24874,GF-16-CAM-18,36252.19763171,36252.198459467,36252.236749593,38.3330078125,38.3330078125,0,,0
24876,GF-16-CAM-18,36252.361690638,36252.362269488,36252.390388936,38.3330078125,38.3330078125,0,,0
24878,GF-16-CAM-18,36252.521286762,36252.521685917,36252.570443767,38.3330078125,38.3330078125,0,,0
24880,GF-16-CAM-18,36252.6954062,36252.695991158,36252.745544493,38.3330078125,38.3330078125,0,,0
24882,GF-16-CAM-18,36252.903168862,36252.905059897,36252.935857703,38.3330078125,38.3330078125,0,,0
24884,GF-16-CAM-18,36253.061911534,36253.06270075,36253.101850268,38.3330078125,38.3330078125,0,,0
24886,GF-16-CAM-18,36253.250995139,36253.25199695,36253.290628187,38.3330078125,38.3330078125,0,,0
24888,GF-16-CAM-18,36253.422117869,36253.422630326,36253.457412223,38.3330078125,38.3330078125,0,,0
24890,GF-16-CAM-18,36253.587087778,36253.588026857,36253.624992101,38.3330078125,38.3330078125,0,,0
24892,GF-16-CAM-18,36253.745540466,36253.746325623,36253.796494206,38.3330078125,38.3330078125,0,,0
24894,GF-16-CAM-18,36253.932942445,36253.933887656,36253.971650098,38.3330078125,38.3330078125,0,,0
24896,GF-16-CAM-18,36254.123284336,36254.124548556,36254.159735766,38.3330078125,38.3330078125,0,,0
24898,GF-16-CAM-18,36254.336307084,36254.337362705,36254.363687404,38.3330078125,38.3330078125,0,,0
24900,GF-16-CAM-18,36254.513225294,36254.514090002,36254.539669698,38.3330078125,38.3330078125,0,,0
24902,GF-16-CAM-18,36254.679227309,36254.679790165,36254.726625648,38.3330078125,38.3330078125,0,,0
24904,GF-16-CAM-18,36254.863084129,36254.863700525,36254.905381424,38.3330078125,38.3330078125,0,,0
24906,GF-16-CAM-18,36255.022166164,36255.023049202,36255.057199381,38.3330078125,38.3330078125,0,,0
24908,GF-16-CAM-18,36255.179583077,36255.181347867,36255.22316347,38.3330078125,38.3330078125,0,,0
24910,GF-16-CAM-18,36255.362182712,36255.362706975,36255.394037767,38.3330078125,38.3330078125,0,,0
24912,GF-16-CAM-18,36255.529624024,36255.530467805,36255.563391067,38.3330078125,38.3330078125,0,,0
24914,GF-16-CAM-18,36255.688764563,36255.689888545,36255.731280489,38.3330078125,38.3330078125,0,,0
24916,GF-16-CAM-18,36255.877963675,36255.879017547,36255.923691379,38.3330078125,38.3330078125,0,,0
24918,GF-16-CAM-18,36256.065331927,36256.065935059,36256.097675565,38.3330078125,38.3330078125,0,,0
24920,GF-16-CAM-18,36256.240083812,36256.240629438,36256.270688999,38.3330078125,38.3330078125,0,,0
24922,GF-16-CAM-18,36256.406517034,36256.407020528,36256.483883476,38.3330078125,38.3330078125,0,,0
24924,GF-16-CAM-18,36256.638273921,36256.639198942,36256.673731295,38.3330078125,38.3330078125,0,,0
24926,GF-16-CAM-18,36256.810350638,36256.816996402,36256.846413808,38.3330078125,38.3330078125,0,,0
24928,GF-16-CAM-18,36256.993671561,36256.994443132,36257.029034226,38.3330078125,38.3330078125,0,,0
24930,GF-16-CAM-18,36257.173706143,36257.17469714,36257.207983529,38.3330078125,38.3330078125,0,,0
24932,GF-16-CAM-18,36257.352533567,36257.356524206,36257.39568889,38.3330078125,38.3330078125,0,,0
24934,GF-16-CAM-18,36257.535790823,36257.536479604,36257.579958236,38.3330078125,38.3330078125,0,,0
24936,GF-16-CAM-18,36257.727546008,36257.728141134,36257.764229659,38.3330078125,38.3330078125,0,,0
24938,GF-16-CAM-18,36257.891529019,36257.892305725,36257.92834635,38.3330078125,38.3330078125,0,,0
24940,GF-16-CAM-18,36258.057957805,36258.058755183,36258.102389492,38.3330078125,38.3330078125,0,,0
24942,GF-16-CAM-18,36258.228715555,36258.229356623,36258.265271075,38.3330078125,38.3330078125,0,,0
24944,GF-16-CAM-18,36258.397523731,36258.398210428,36258.447747509,38.3330078125,38.3330078125,0,,0
24946,GF-16-CAM-18,36258.581525533,36258.582196941,36258.629326388,38.3330078125,38.3330078125,0,,0
24948,GF-16-CAM-18,36258.748935106,36258.749463433,36258.781611393,38.3330078125,38.3330078125,0,,0
24950,GF-16-CAM-18,36258.936162949,36258.936891583,36258.975913854,38.3330078125,38.3330078125,0,,0
24952,GF-16-CAM-18,36259.115144038,36259.116013714,36259.155639579,38.3330078125,38.3330078125,0,,0
24954,GF-16-CAM-18,36259.295486191,36259.296703856,36259.366909759,38.3330078125,38.3330078125,0,,0
24956,GF-16-CAM-18,36259.54987099,36259.550456291,36259.57844494,38.3330078125,38.3330078125,0,,0
24958,GF-16-CAM-18,36259.701989021,36259.702946635,36259.741220669,38.3330078125,38.3330078125,0,,0
24960,GF-16-CAM-18,36259.880880948,36259.881486815,36259.921215333,38.3330078125,38.3330078125,0,,0
24962,GF-16-CAM-18,36260.057021155,36260.058054257,36260.090976202,38.3330078125,38.3330078125,0,,0
24964,GF-16-CAM-18,36260.218413677,36260.219078453,36260.264738874,38.3330078125,38.3330078125,0,,0
24966,GF-16-CAM-18,36260.407750128,36260.408529288,36260.452032967,38.3330078125,38.3330078125,0,,0
24968,GF-16-CAM-18,36260.581703008,36260.582769874,36260.628894464,38.3330078125,38.3330078125,0,,0
24970,GF-16-CAM-18,36260.770350137,36260.770946268,36260.809634329,38.3330078125,38.3330078125,0,,0
24972,GF-16-CAM-18,36260.927342746,36260.928100366,36260.98120922,38.3330078125,38.3330078125,0,,0
24974,GF-16-CAM-18,36261.111732458,36261.112381707,36261.144174098,38.3330078125,38.3330078125,0,,0
24976,GF-16-CAM-18,36261.298170703,36261.29879198,36261.329437924,38.3330078125,38.3330078125,0,,0
24978,GF-16-CAM-18,36261.473155048,36261.473941763,36261.50917374,38.3330078125,38.3330078125,0,,0
24980,GF-16-CAM-18,36261.668450415,36261.668988624,36261.69952591,38.3330078125,38.3330078125,0,,0
24982,GF-16-CAM-18,36261.83172984,36261.832477839,36261.864588445,38.3330078125,38.3330078125,0,,0
24984,GF-16-CAM-18,36262.01588315,36262.017468326,36262.061585475,38.3330078125,38.3330078125,0,,0
24986,GF-16-CAM-18,36262.186414816,36262.187244578,36262.229498692,38.3330078125,38.3330078125,0,,0
24988,GF-16-CAM-18,36262.366786621,36262.367396646,36262.403868893,38.3330078125,38.3330078125,0,,0
24990,GF-16-CAM-18,36262.576297623,36262.576843234,36262.629291303,38.3330078125,38.3330078125,0,,0
24992,GF-16-CAM-18,36262.792859181,36262.793959834,36262.831472544,38.3330078125,38.3330078125,0,,0
24994,GF-16-CAM-18,36262.962204084,36262.962938095,36263.00322156,38.3330078125,38.3330078125,0,,0
24996,GF-16-CAM-18,36263.139519454,36263.140388876,36263.173604229,38.3330078125,38.3330078125,0,,0
24998,GF-16-CAM-18,36263.31912854,36263.319644664,36263.363783656,38.3330078125,38.3330078125,0,,0
25000,GF-16-CAM-18,36263.495575231,36263.496225595,36263.541827409,38.3330078125,38.3330078125,0,,0
25002,GF-16-CAM-18,36263.683550728,36263.684449766,36263.715314094,38.3330078125,38.3330078125,0,,0
25004,GF-16-CAM-18,36263.839342609,36263.842306263,36263.890862416,38.3330078125,38.3330078125,0,,0
25006,GF-16-CAM-18,36264.058802715,36264.06015247,36264.11114817,38.3330078125,38.3330078125,0,,0
25008,GF-16-CAM-18,36264.248964557,36264.249560066,36264.285238932,38.3330078125,38.3330078125,0,,0
25010,GF-16-CAM-18,36264.420678171,36264.421392629,36264.455030391,38.3330078125,38.3330078125,0,,0
25012,GF-16-CAM-18,36264.580861166,36264.582039884,36264.61397322,38.3330078125,38.3330078125,0,,0
25014,GF-16-CAM-18,36264.757987933,36264.760713668,36264.808361709,38.3330078125,38.3330078125,0,,0
25016,GF-16-CAM-18,36264.928310982,36264.928883156,36264.962946818,38.3330078125,38.3330078125,0,,0
25018,GF-16-CAM-18,36265.100868159,36265.102132686,36265.137705107,38.3330078125,38.3330078125,0,,0
25020,GF-16-CAM-18,36265.267141549,36265.268038977,36265.299448924,38.3330078125,38.3330078125,0,,0
25022,GF-16-CAM-18,36265.425523651,36265.426246467,36265.469360739,38.3330078125,38.3330078125,0,,0
25024,GF-16-CAM-18,36265.596257461,36265.596826485,36265.637115263,38.3330078125,38.3330078125,0,,0
25026,GF-16-CAM-18,36265.773454111,36265.774308089,36265.821123053,38.3330078125,38.3330078125,0,,0
25028,GF-16-CAM-18,36265.95282402,36265.953396577,36265.99025583,38.3330078125,38.3330078125,0,,0
25030,GF-16-CAM-18,36266.123858853,36266.124361058,36266.14918773,38.3330078125,38.3330078125,0,,0
25032,GF-16-CAM-18,36266.25826394,36266.259034711,36266.28726041,38.3330078125,38.3330078125,0,,0
25034,GF-16-CAM-18,36266.418742102,36266.419309405,36266.454159646,38.3330078125,38.3330078125,0,,0
25036,GF-16-CAM-18,36266.583563319,36266.584455088,36266.637089512,38.3330078125,38.3330078125,0,,0
25038,GF-16-CAM-18,36266.765214881,36266.765827486,36266.80334806,38.3330078125,38.3330078125,0,,0
25040,GF-16-CAM-18,36266.975422769,36266.976330442,36267.031507407,38.3330078125,38.3330078125,0,,0
25042,GF-16-CAM-18,36267.18182338,36267.182454961,36267.208540529,38.3330078125,38.3330078125,0,,0
25044,GF-16-CAM-18,36267.341058873,36267.341791571,36267.367777701,38.3330078125,38.3330078125,0,,0
25046,GF-16-CAM-18,36267.489749017,36267.4902544,36267.515477113,38.3330078125,38.3330078125,0,,0
25048,GF-16-CAM-18,36267.662170308,36267.663021198,36267.692848463,38.3330078125,38.3330078125,0,,0
25050,GF-16-CAM-18,36267.80831345,36267.808811271,36267.840039054,38.3330078125,38.3330078125,0,,0
25052,GF-16-CAM-18,36267.970660608,36267.971753086,36268.006668111,38.3330078125,38.3330078125,0,,0
25054,GF-16-CAM-18,36268.134790278,36268.135531483,36268.16720837,38.3330078125,38.3330078125,0,,0
25056,GF-16-CAM-18,36268.302644469,36268.303415295,36268.352331363,38.3330078125,38.3330078125,0,,0
25058,GF-16-CAM-18,36268.488609918,36268.489830233,36268.531194207,38.3330078125,38.3330078125,0,,0
25060,GF-16-CAM-18,36268.655286128,36268.656250829,36268.699187743,38.3330078125,38.3330078125,0,,0
25062,GF-16-CAM-18,36268.831476369,36268.832296618,36268.864764883,38.3330078125,38.3330078125,0,,0
25064,GF-16-CAM-18,36269.00596023,36269.007267969,36269.045133495,38.3330078125,38.3330078125,0,,0
25066,GF-16-CAM-18,36269.166891141,36269.167963076,36269.209098612,38.3330078125,38.3330078125,0,,0
25068,GF-16-CAM-18,36269.335115115,36269.335546379,36269.369761678,38.3330078125,38.3330078125,0,,0
25070,GF-16-CAM-18,36269.495567681,36269.49599548,36269.530684165,38.3330078125,38.3330078125,0,,0
25072,GF-16-CAM-18,36269.662768783,36269.663574534,36269.698549841,38.3330078125,38.3330078125,0,,0
25074,GF-16-CAM-18,36269.822358584,36269.823102039,36269.859527006,38.3330078125,38.3330078125,0,,0
25076,GF-16-CAM-18,36270.004907219,36270.006858118,36270.040036608,38.3330078125,38.3330078125,0,,0
25078,GF-16-CAM-18,36270.174154223,36270.175315696,36270.217035331,38.3330078125,38.3330078125,0,,0
25080,GF-16-CAM-18,36270.35191414,36270.352573158,36270.390315819,38.3330078125,38.3330078125,0,,0
25082,GF-16-CAM-18,36270.530849438,36270.531667588,36270.565731473,38.3330078125,38.3330078125,0,,0
25084,GF-16-CAM-18,36270.692949427,36270.69365315,36270.728172839,38.3330078125,38.3330078125,0,,0
25086,GF-16-CAM-18,36270.878115863,36270.879557831,36270.92493204,38.3330078125,38.3330078125,0,,0
25088,GF-16-CAM-18,36271.069902758,36271.070505607,36271.105680253,38.3330078125,38.3330078125,0,,0
25090,GF-16-CAM-18,36271.252404673,36271.253110161,36271.289950668,38.3330078125,38.3330078125,0,,0
25092,GF-16-CAM-18,36271.420924167,36271.421540902,36271.453401781,38.3330078125,38.3330078125,0,,0
25094,GF-16-CAM-18,36271.582176058,36271.582653189,36271.621834573,38.3330078125,38.3330078125,0,,0
25096,GF-16-CAM-18,36271.747053162,36271.747814909,36271.767452126,38.3330078125,38.3330078125,0,,0
25098,GF-16-CAM-18,36271.895725092,36271.897205145,36271.933750366,38.3330078125,38.3330078125,0,,0
25100,GF-16-CAM-18,36272.052583237,36272.053470133,36272.082425534,38.3330078125,38.3330078125,0,,0
25102,GF-16-CAM-18,36272.190696692,36272.191223892,36272.244834339,38.3330078125,38.3330078125,0,,0
25104,GF-16-CAM-18,36272.383441785,36272.384359765,36272.413209415,38.3330078125,38.3330078125,0,,0
25106,GF-16-CAM-18,36272.584142054,36272.585090347,36272.642246132,38.3330078125,38.3330078125,0,,0
25108,GF-16-CAM-18,36272.786408295,36272.787150874,36272.859152205,38.3330078125,38.3330078125,0,,0
25110,GF-16-CAM-18,36273.033568723,36273.034338499,36273.089606323,38.3330078125,38.3330078125,0,,0
25112,GF-16-CAM-18,36273.233669978,36273.234790352,36273.28565749,38.3330078125,38.3330078125,0,,0
25114,GF-16-CAM-18,36273.392222459,36273.392996521,36273.433317285,38.3330078125,38.3330078125,0,,0
25116,GF-16-CAM-18,36273.552218266,36273.55349561,36273.603413453,38.3330078125,38.3330078125,0,,0
25118,GF-16-CAM-18,36273.735300243,36273.736152797,36273.768933165,38.3330078125,38.3330078125,0,,0
25120,GF-16-CAM-18,36273.903992139,36273.904610235,36273.937610684,38.3330078125,38.3330078125,0,,0
25122,GF-16-CAM-18,36274.092190809,36274.093226856,36274.135938415,38.3330078125,38.3330078125,0,,0
25124,GF-16-CAM-18,36274.27673285,36274.279820918,36274.322159606,38.3330078125,38.3330078125,0,,0
25126,GF-16-CAM-18,36274.472591645,36274.473551669,36274.517826041,38.3330078125,38.3330078125,0,,0
25128,GF-16-CAM-18,36274.653988735,36274.654774891,36274.687862942,38.3330078125,38.3330078125,0,,0
25130,GF-16-CAM-18,36274.827159095,36274.82775267,36274.873471148,38.3330078125,38.3330078125,0,,0
25132,GF-16-CAM-18,36275.029351094,36275.030687671,36275.060578316,38.3330078125,38.3330078125,0,,0
25134,GF-16-CAM-18,36275.23078961,36275.233407898,36275.279177847,38.3330078125,38.3330078125,0,,0
25136,GF-16-CAM-18,36275.411730517,36275.412544728,36275.45558331,38.3330078125,38.3330078125,0,,0
25138,GF-16-CAM-18,36275.608248155,36275.610345589,36275.642270327,38.3330078125,38.3330078125,0,,0
25140,GF-16-CAM-18,36275.745986608,36275.747279229,36275.775848584,38.3330078125,38.3330078125,0,,0
25142,GF-16-CAM-18,36275.924256504,36275.925978568,36275.960075862,38.3330078125,38.3330078125,0,,0
25144,GF-16-CAM-18,36276.085596457,36276.086867733,36276.128045216,38.3330078125,38.3330078125,0,,0
25146,GF-16-CAM-18,36276.293864272,36276.294716036,36276.356590284,38.3330078125,38.3330078125,0,,0
25148,GF-16-CAM-18,36276.492993376,36276.493906987,36276.52823832,38.3330078125,38.3330078125,0,,0
25150,GF-16-CAM-18,36276.676991134,36276.677750672,36276.713476062,38.3330078125,38.3330078125,0,,0
25152,GF-16-CAM-18,36276.850948217,36276.851491254,36276.884223448,38.3330078125,38.3330078125,0,,0
25154,GF-16-CAM-18,36277.01402438,36277.016173135,36277.05273981,38.3330078125,38.3330078125,0,,0
25156,GF-16-CAM-18,36277.184078474,36277.184673993,36277.221507669,38.3330078125,38.3330078125,0,,0
25158,GF-16-CAM-18,36277.345357623,36277.346213828,36277.389703241,38.3330078125,38.3330078125,0,,0
25160,GF-16-CAM-18,36277.525119573,36277.525862026,36277.571155989,38.3330078125,38.3330078125,0,,0
25162,GF-16-CAM-18,36277.696466571,36277.697519899,36277.727279009,38.3330078125,38.3330078125,0,,0
25164,GF-16-CAM-18,36277.836886012,36277.837294444,36277.877684633,38.3330078125,38.3330078125,0,,0
25166,GF-16-CAM-18,36278.014644139,36278.015474894,36278.041739324,38.3330078125,38.3330078125,0,,0
25168,GF-16-CAM-18,36278.174398264,36278.174940327,36278.212809223,38.3330078125,38.3330078125,0,,0
25170,GF-16-CAM-18,36278.345454116,36278.345890633,36278.385124786,38.3330078125,38.3330078125,0,,0
25172,GF-16-CAM-18,36278.5228253,36278.523389171,36278.567161112,38.3330078125,38.3330078125,0,,0
25174,GF-16-CAM-18,36278.690298697,36278.690836147,36278.734568506,38.3330078125,38.3330078125,0,,0
25176,GF-16-CAM-18,36278.855403519,36278.855948907,36278.889376924,38.3330078125,38.3330078125,0,,0
25178,GF-16-CAM-18,36279.020312423,36279.02180793,36279.060903687,38.3330078125,38.3330078125,0,,0
25180,GF-16-CAM-18,36279.197854144,36279.198365017,36279.2234933,38.3330078125,38.3330078125,0,,0
25182,GF-16-CAM-18,36279.375824793,36279.376431451,36279.40253415,38.3330078125,38.3330078125,0,,0
25184,GF-16-CAM-18,36279.537213019,36279.537666717,36279.577311444,38.3330078125,38.3330078125,0,,0
25186,GF-16-CAM-18,36279.718114843,36279.719098407,36279.749725992,38.3330078125,38.3330078125,0,,0
25188,GF-16-CAM-18,36279.875155289,36279.875577678,36279.906698531,38.3330078125,38.3330078125,0,,0
25190,GF-16-CAM-18,36280.029135594,36280.029633373,36280.054448442,38.3330078125,38.3330078125,0,,0
25192,GF-16-CAM-18,36280.191044809,36280.191606551,36280.243195467,38.3330078125,38.3330078125,0,,0
25194,GF-16-CAM-18,36280.359038933,36280.359766176,36280.395870789,38.3330078125,38.3330078125,0,,0
25196,GF-16-CAM-18,36280.534401608,36280.535269334,36280.570373126,38.3330078125,38.3330078125,0,,0
25198,GF-16-CAM-18,36280.718875652,36280.719452127,36280.741344498,38.3330078125,38.3330078125,0,,0
25200,GF-16-CAM-18,36280.879105083,36280.883045373,36280.920603587,38.3330078125,38.3330078125,0,,0
25202,GF-16-CAM-18,36281.050163192,36281.051285074,36281.087879314,38.3330078125,38.3330078125,0,,0
25204,GF-16-CAM-18,36281.240308924,36281.240794871,36281.27696791,38.3330078125,38.3330078125,0,,0
25206,GF-16-CAM-18,36281.404188597,36281.40490285,36281.442761539,38.3330078125,38.3330078125,0,,0
25208,GF-16-CAM-18,36281.570723692,36281.571135636,36281.599093973,38.3330078125,38.3330078125,0,,0
25210,GF-16-CAM-18,36281.720159194,36281.720700552,36281.750025631,38.3330078125,38.3330078125,0,,0
25212,GF-16-CAM-18,36281.876901463,36281.881181562,36281.905192393,38.3330078125,38.3330078125,0,,0
25214,GF-16-CAM-18,36282.019513126,36282.019970448,36282.055351143,38.3330078125,38.3330078125,0,,0
25216,GF-16-CAM-18,36282.172922133,36282.173354313,36282.198705828,38.3330078125,38.3330078125,0,,0
25218,GF-16-CAM-18,36282.321462447,36282.323352955,36282.360654991,38.3330078125,38.3330078125,0,,0
25220,GF-16-CAM-18,36282.480103124,36282.480581746,36282.507911266,38.3330078125,38.3330078125,0,,0
25222,GF-16-CAM-18,36282.638334025,36282.63928637,36282.666810491,38.3330078125,38.3330078125,0,,0
25224,GF-16-CAM-18,36282.783901008,36282.784731256,36282.820318443,38.3330078125,38.3330078125,0,,0
25226,GF-16-CAM-18,36282.957394343,36282.957783329,36283.007288102,38.3330078125,38.3330078125,0,,0
25228,GF-16-CAM-18,36283.108892443,36283.109275139,36283.148444591,38.3330078125,38.3330078125,0,,0
25230,GF-16-CAM-18,36283.255343536,36283.255798662,36283.275240171,38.3330078125,38.3330078125,0,,0
25232,GF-16-CAM-18,36283.399199947,36283.399624325,36283.433704197,38.3330078125,38.3330078125,0,,0
25234,GF-16-CAM-18,36283.559739396,36283.560608569,36283.590926564,38.3330078125,38.3330078125,0,,0
25236,GF-16-CAM-18,36283.734917588,36283.735788902,36283.785372445,38.3330078125,38.3330078125,0,,0
25238,GF-16-CAM-18,36283.913407341,36283.914200274,36283.949055017,38.3330078125,38.3330078125,0,,0
25240,GF-16-CAM-18,36284.078209928,36284.079030268,36284.111964266,38.3330078125,38.3330078125,0,,0
25242,GF-16-CAM-18,36284.24408992,36284.246205137,36284.284222609,38.3330078125,38.3330078125,0,,0
25244,GF-16-CAM-18,36284.39786739,36284.398489614,36284.431040731,38.3330078125,38.3330078125,0,,0
25246,GF-16-CAM-18,36284.547972191,36284.54881796,36284.580385402,38.3330078125,38.3330078125,0,,0
25248,GF-16-CAM-18,36284.719784919,36284.720849623,36284.743765293,38.3330078125,38.3330078125,0,,0
25250,GF-16-CAM-18,36284.887551212,36284.890128639,36284.942143453,38.3330078125,38.3330078125,0,,0
25252,GF-16-CAM-18,36285.071126615,36285.072700645,36285.113617912,38.3330078125,38.3330078125,0,,0
25254,GF-16-CAM-18,36285.232935419,36285.233612791,36285.260069061,38.3330078125,38.3330078125,0,,0
25256,GF-16-CAM-18,36285.381217954,36285.382328861,36285.421015254,38.3330078125,38.3330078125,0,,0
25258,GF-16-CAM-18,36285.552018989,36285.55315396,36285.574957876,38.3330078125,38.3330078125,0,,0
25260,GF-16-CAM-18,36285.717656074,36285.718571957,36285.755013897,38.3330078125,38.3330078125,0,,0
25262,GF-16-CAM-18,36285.899752627,36285.900335649,36285.958418043,38.3330078125,38.3330078125,0,,0
25264,GF-16-CAM-18,36286.075142327,36286.075499207,36286.104057411,38.3330078125,38.3330078125,0,,0
25266,GF-16-CAM-18,36286.240448019,36286.241296198,36286.279903187,38.3330078125,38.3330078125,0,,0
25320,GF-16-CAM-18,36290.961825625,36290.962665826,36290.998628707,38.33349609375,38.3330078125,0,,0
25322,GF-16-CAM-18,36291.144840803,36291.145468586,36291.192270148,38.3330078125,38.3330078125,0,,0
25324,GF-16-CAM-18,36291.316361602,36291.31713356,36291.351482122,38.3330078125,38.3330078125,0,,0
25326,GF-16-CAM-18,36291.480955093,36291.482595013,36291.524955551,38.3330078125,38.3330078125,0,,0
25328,GF-16-CAM-18,36291.639939296,36291.640728876,36291.673442178,38.3330078125,38.3330078125,0,,0
25330,GF-16-CAM-18,36291.800638838,36291.801650079,36291.839388732,38.3330078125,38.3330078125,0,,0
25332,GF-16-CAM-18,36291.960496999,36291.961148659,36292.006308076,38.3330078125,38.3330078125,0,,0
25334,GF-16-CAM-18,36292.122210889,36292.122803394,36292.164219742,38.3330078125,38.3330078125,0,,0
25336,GF-16-CAM-18,36292.281628528,36292.282965204,36292.311297622,38.3330078125,38.3330078125,0,,0
25338,GF-16-CAM-18,36292.443093829,36292.444087739,36292.495315,38.3330078125,38.3330078125,0,,0
25340,GF-16-CAM-18,36292.627874632,36292.629106429,36292.66253212,38.3330078125,38.3330078125,0,,0
25342,GF-16-CAM-18,36292.794832209,36292.795504569,36292.831140305,38.3330078125,38.3330078125,0,,0
25344,GF-16-CAM-18,36292.975889164,36292.976813218,36293.005826006,38.3330078125,38.3330078125,0,,0
25346,GF-16-CAM-18,36293.122410646,36293.12426095,36293.155584321,38.3330078125,38.3330078125,0,,0
25348,GF-16-CAM-18,36293.291207906,36293.292139779,36293.326375459,38.3330078125,38.3330078125,0,,0
25350,GF-16-CAM-18,36293.466882281,36293.467717001,36293.508629605,38.3330078125,38.3330078125,0,,0
25352,GF-16-CAM-18,36293.633428409,36293.634236983,36293.663476283,38.3330078125,38.3330078125,0,,0
25354,GF-16-CAM-18,36293.805340657,36293.806197984,36293.84013837,38.3330078125,38.3330078125,0,,0
25356,GF-16-CAM-18,36293.98059425,36293.981244388,36294.011930465,38.3330078125,38.3330078125,0,,0
25358,GF-16-CAM-18,36294.148636206,36294.150701104,36294.200195291,38.3330078125,38.3330078125,0,,0
25360,GF-16-CAM-18,36294.340302632,36294.341808172,36294.384056194,38.3330078125,38.3330078125,0,,0
25362,GF-16-CAM-18,36294.509044196,36294.509885591,36294.560558885,38.3330078125,38.3330078125,0,,0
25364,GF-16-CAM-18,36294.67129934,36294.671836537,36294.703888237,38.3330078125,38.3330078125,0,,0
25366,GF-16-CAM-18,36294.82937515,36294.834440306,36294.878705662,38.3330078125,38.3330078125,0,,0
25368,GF-16-CAM-18,36295.005611029,36295.006250641,36295.03408661,38.3330078125,38.3330078125,0,,0
25370,GF-16-CAM-18,36295.165078782,36295.166196658,36295.201204993,38.3330078125,38.3330078125,0,,0
25372,GF-16-CAM-18,36295.319787223,36295.320478499,36295.342161858,38.3330078125,38.3330078125,0,,0
25374,GF-16-CAM-18,36295.47323114,36295.473975319,36295.520638756,38.3330078125,38.3330078125,0,,0
25376,GF-16-CAM-18,36295.631545997,36295.632392828,36295.670220146,38.3330078125,38.3330078125,0,,0
25378,GF-16-CAM-18,36295.799941288,36295.800929455,36295.833444708,38.3330078125,38.3330078125,0,,0
25380,GF-16-CAM-18,36295.955336459,36295.956034112,36295.996338564,38.3330078125,38.3330078125,0,,0
25382,GF-16-CAM-18,36296.139455438,36296.140549482,36296.177391089,38.3330078125,38.3330078125,0,,0
25384,GF-16-CAM-18,36296.296212193,36296.297037697,36296.341534965,38.3330078125,38.3330078125,0,,0
25386,GF-16-CAM-18,36296.458336119,36296.459050161,36296.501827136,38.3330078125,38.3330078125,0,,0
25388,GF-16-CAM-18,36296.613193822,36296.613966402,36296.64569202,38.3330078125,38.3330078125,0,,0
25390,GF-16-CAM-18,36296.772644728,36296.77364131,36296.820837981,38.3330078125,38.3330078125,0,,0
25392,GF-16-CAM-18,36296.950130684,36296.950671587,36296.976459717,38.3330078125,38.3330078125,0,,0
25394,GF-16-CAM-18,36297.110145887,36297.110828772,36297.144640592,38.3330078125,38.3330078125,0,,0
25396,GF-16-CAM-18,36297.252108972,36297.253062244,36297.300238028,38.3330078125,38.3330078125,0,,0
25398,GF-16-CAM-18,36297.41508782,36297.416645668,36297.460845091,38.3330078125,38.3330078125,0,,0
25400,GF-16-CAM-18,36297.578154837,36297.57913314,36297.620415358,38.3330078125,38.3330078125,0,,0
25402,GF-16-CAM-18,36297.748162891,36297.749324958,36297.802273599,38.3330078125,38.3330078125,0,,0
25404,GF-16-CAM-18,36297.948910058,36297.949832829,36297.988889348,38.3330078125,38.3330078125,0,,0
25406,GF-16-CAM-18,36298.13852088,36298.140715771,36298.178090156,38.3330078125,38.3330078125,0,,0
25408,GF-16-CAM-18,36298.305276913,36298.305813817,36298.334681852,38.3330078125,38.3330078125,0,,0
25410,GF-16-CAM-18,36298.454265212,36298.455050356,36298.491271996,38.3330078125,38.3330078125,0,,0
25412,GF-16-CAM-18,36298.60942445,36298.61046809,36298.656913166,38.3330078125,38.3330078125,0,,0
25414,GF-16-CAM-18,36298.805901073,36298.806911117,36298.837428419,38.3330078125,38.3330078125,0,,0
25416,GF-16-CAM-18,36298.966238507,36298.966723921,36298.994073466,38.3330078125,38.3330078125,0,,0
25418,GF-16-CAM-18,36299.124021266,36299.124887261,36299.152638764,38.3330078125,38.3330078125,0,,0
25420,GF-16-CAM-18,36299.27425529,36299.274969663,36299.320156483,38.3330078125,38.3330078125,0,,0
25422,GF-16-CAM-18,36299.449429425,36299.451691458,36299.487679872,38.3330078125,38.3330078125,0,,0
25424,GF-16-CAM-18,36299.603833408,36299.604486698,36299.646985532,38.3330078125,38.3330078125,0,,0
25426,GF-16-CAM-18,36299.769060197,36299.769890507,36299.806754408,38.3330078125,38.3330078125,0,,0
25428,GF-16-CAM-18,36299.936602603,36299.940201652,36299.981976711,38.3330078125,38.3330078125,0,,0
25430,GF-16-CAM-18,36300.12181523,36300.122548313,36300.153033156,38.3330078125,38.3330078125,0,,0
25432,GF-16-CAM-18,36300.302458158,36300.303584255,36300.339113351,38.3330078125,38.3330078125,0,,0
25434,GF-16-CAM-18,36300.479598913,36300.480192069,36300.517801231,38.3330078125,38.3330078125,0,,0
25436,GF-16-CAM-18,36300.665216845,36300.666628461,36300.690381434,38.3330078125,38.3330078125,0,,0
25438,GF-16-CAM-18,36300.819675328,36300.820673771,36300.871062226,38.3330078125,38.3330078125,0,,0
25440,GF-16-CAM-18,36300.995068065,36300.995541678,36301.033805562,38.3330078125,38.3330078125,0,,0
25442,GF-16-CAM-18,36301.178744156,36301.179814724,36301.210597292,38.3330078125,38.3330078125,0,,0
25444,GF-16-CAM-18,36301.342613634,36301.34347412,36301.379724191,38.3330078125,38.3330078125,0,,0
25446,GF-16-CAM-18,36301.506461078,36301.507231512,36301.537342787,38.3330078125,38.3330078125,0,,0
25448,GF-16-CAM-18,36301.660348911,36301.660909784,36301.691241193,38.3330078125,38.3330078125,0,,0
25450,GF-16-CAM-18,36301.816168847,36301.817698206,36301.857430924,38.3330078125,38.3330078125,0,,0
25452,GF-16-CAM-18,36301.988264394,36301.988736826,36302.015287302,38.3330078125,38.3330078125,0,,0
25454,GF-16-CAM-18,36302.138269578,36302.13876782,36302.180295365,38.3330078125,38.3330078125,0,,0
25456,GF-16-CAM-18,36302.311442607,36302.311989342,36302.34059657,38.3330078125,38.3330078125,0,,0
25458,GF-16-CAM-18,36302.473195815,36302.474080904,36302.514926859,38.3330078125,38.3330078125,0,,0
25460,GF-16-CAM-18,36302.649354019,36302.649792528,36302.685229045,38.3330078125,38.3330078125,0,,0
25462,GF-16-CAM-18,36302.819891782,36302.820552687,36302.846794694,38.3330078125,38.3330078125,0,,0
25464,GF-16-CAM-18,36302.989875594,36302.990856349,36303.01123125,38.3330078125,38.3330078125,0,,0
25466,GF-16-CAM-18,36303.130498511,36303.131030295,36303.172603006,38.3330078125,38.3330078125,0,,0
25468,GF-16-CAM-18,36303.29568998,36303.296126302,36303.326936798,38.3330078125,38.3330078125,0,,0
25470,GF-16-CAM-18,36303.486285136,36303.486869174,36303.521795714,38.3330078125,38.3330078125,0,,0
25472,GF-16-CAM-18,36303.675941762,36303.676797318,36303.714977375,38.3330078125,38.3330078125,0,,0
25474,GF-16-CAM-18,36303.823667919,36303.82440358,36303.860478857,38.3330078125,38.3330078125,0,,0
25476,GF-16-CAM-18,36303.997131196,36303.997585864,36304.020449366,38.3330078125,38.3330078125,0,,0
25478,GF-16-CAM-18,36304.153457525,36304.154565538,36304.201325374,38.3330078125,38.3330078125,0,,0
25480,GF-16-CAM-18,36304.324819911,36304.325620777,36304.357237009,38.3330078125,38.3330078125,0,,0
25482,GF-16-CAM-18,36304.490178538,36304.49193911,36304.530732489,38.3330078125,38.3330078125,0,,0
25484,GF-16-CAM-18,36304.66760488,36304.668442916,36304.699520844,38.3330078125,38.3330078125,0,,0
25486,GF-16-CAM-18,36304.832881568,36304.8335121,36304.873321668,38.3330078125,38.3330078125,0,,0
25488,GF-16-CAM-18,36305.00467384,36305.005197817,36305.039968884,38.3330078125,38.3330078125,0,,0
25490,GF-16-CAM-18,36305.17162967,36305.174342028,36305.21682116,38.3330078125,38.3330078125,0,,0
25492,GF-16-CAM-18,36305.343101217,36305.343672545,36305.380017648,38.3330078125,38.3330078125,0,,0
25494,GF-16-CAM-18,36305.508538681,36305.509400332,36305.548634798,38.3330078125,38.3330078125,0,,0
25496,GF-16-CAM-18,36305.677558281,36305.678167986,36305.701101352,38.3330078125,38.3330078125,0,,0
25498,GF-16-CAM-18,36305.840730022,36305.841746597,36305.884698673,38.3330078125,38.3330078125,0,,0
25500,GF-16-CAM-18,36306.005432302,36306.005840609,36306.029882264,38.3330078125,38.3330078125,0,,0
25502,GF-16-CAM-18,36306.180459797,36306.183132339,36306.221327835,38.3330078125,38.3330078125,0,,0
25504,GF-16-CAM-18,36306.342881446,36306.343360358,36306.375211602,38.3330078125,38.3330078125,0,,0
25506,GF-16-CAM-18,36306.517013701,36306.517572175,36306.541941437,38.3330078125,38.3330078125,0,,0
25508,GF-16-CAM-18,36306.66652534,36306.667237756,36306.697043237,38.3330078125,38.3330078125,0,,0
25510,GF-16-CAM-18,36306.821022255,36306.823524121,36306.875939507,38.3330078125,38.3330078125,0,,0
25512,GF-16-CAM-18,36307.002318363,36307.003196576,36307.049516435,38.3330078125,38.3330078125,0,,0
25514,GF-16-CAM-18,36307.179475391,36307.179947803,36307.211936202,38.3330078125,38.3330078125,0,,0
25516,GF-16-CAM-18,36307.343472404,36307.344073938,36307.366678394,38.3330078125,38.3330078125,0,,0
25518,GF-16-CAM-18,36307.499237753,36307.4999175,36307.541552491,38.3330078125,38.3330078125,0,,0
25520,GF-16-CAM-18,36307.661894095,36307.662658042,36307.693539374,38.3330078125,38.3330078125,0,,0
25522,GF-16-CAM-18,36307.804843637,36307.805553379,36307.833148402,38.3330078125,38.3330078125,0,,0
25524,GF-16-CAM-18,36307.949398506,36307.949924519,36308.001095552,38.3330078125,38.3330078125,0,,0
25526,GF-16-CAM-18,36308.109682734,36308.110811811,36308.146188652,38.3330078125,38.3330078125,0,,0
25528,GF-16-CAM-18,36308.266040484,36308.267423217,36308.292966505,38.3330078125,38.3330078125,0,,0
25530,GF-16-CAM-18,36308.42605105,36308.426878907,36308.456084997,38.3330078125,38.3330078125,0,,0
25532,GF-16-CAM-18,36308.586493707,36308.586983915,36308.627859236,38.3330078125,38.3330078125,0,,0
25534,GF-16-CAM-18,36308.755650257,36308.756588932,36308.788897462,38.3330078125,38.3330078125,0,,0
25536,GF-16-CAM-18,36308.906717689,36308.907867965,36308.945057566,38.3330078125,38.3330078125,0,,0
25538,GF-16-CAM-18,36309.087767801,36309.088629582,36309.127827596,38.3330078125,38.3330078125,0,,0
25540,GF-16-CAM-18,36309.257525331,36309.258473001,36309.289241986,38.3330078125,38.3330078125,0,,0
25542,GF-16-CAM-18,36309.416022672,36309.416599023,36309.446047193,38.3330078125,38.3330078125,0,,0
25544,GF-16-CAM-18,36309.592333091,36309.59294408,36309.631700494,38.3330078125,38.3330078125,0,,0
25546,GF-16-CAM-18,36309.755808437,36309.756706831,36309.798957253,38.3330078125,38.3330078125,0,,0
25548,GF-16-CAM-18,36309.918653786,36309.919284844,36309.943053283,38.3330078125,38.3330078125,0,,0
25550,GF-16-CAM-18,36310.048787249,36310.049188113,36310.085897492,38.3330078125,38.3330078125,0,,0
25552,GF-16-CAM-18,36310.243251022,36310.25248549,36310.290689283,38.3330078125,38.3330078125,0,,0
25554,GF-16-CAM-18,36310.426507294,36310.427212086,36310.466101006,38.3330078125,38.3330078125,0,,0
25556,GF-16-CAM-18,36310.583145986,36310.583953567,36310.625437249,38.3330078125,38.3330078125,0,,0
25558,GF-16-CAM-18,36310.75444226,36310.755389097,36310.780367064,38.3330078125,38.3330078125,0,,0
25560,GF-16-CAM-18,36310.910852139,36310.911568787,36310.953625308,38.3330078125,38.3330078125,0,,0
25562,GF-16-CAM-18,36311.085226654,36311.086337778,36311.12334415,38.3330078125,38.3330078125,0,,0
25564,GF-16-CAM-18,36311.2511869,36311.251885244,36311.285807765,38.3330078125,38.3330078125,0,,0
25566,GF-16-CAM-18,36311.419724715,36311.420400894,36311.443623328,38.3330078125,38.3330078125,0,,0
25568,GF-16-CAM-18,36311.567506968,36311.568204326,36311.600936282,38.3330078125,38.3330078125,0,,0
25570,GF-16-CAM-18,36311.733058658,36311.733635296,36311.75883036,38.3330078125,38.3330078125,0,,0
25572,GF-16-CAM-18,36311.876311695,36311.877097772,36311.905677637,38.3330078125,38.3330078125,0,,0
25574,GF-16-CAM-18,36312.008722463,36312.010125503,36312.033576,38.3330078125,38.3330078125,0,,0
25576,GF-16-CAM-18,36312.170025074,36312.170554131,36312.208625561,38.3330078125,38.3330078125,0,,0
25578,GF-16-CAM-18,36312.328585938,36312.329351395,36312.375182459,38.3330078125,38.3330078125,0,,0
25580,GF-16-CAM-18,36312.49726584,36312.497991918,36312.537807381,38.3330078125,38.3330078125,0,,0
25582,GF-16-CAM-18,36312.660805124,36312.661501793,36312.693900965,38.3330078125,38.3330078125,0,,0
25584,GF-16-CAM-18,36312.81727723,36312.818123198,36312.860859111,38.3330078125,38.3330078125,0,,0
25586,GF-16-CAM-18,36312.988017754,36312.988652523,36313.019091989,38.3330078125,38.3330078125,0,,0
25588,GF-16-CAM-18,36313.142099931,36313.142644215,36313.172862611,38.3330078125,38.3330078125,0,,0
25590,GF-16-CAM-18,36313.311829442,36313.312727166,36313.361058782,38.3330078125,38.3330078125,0,,0
25592,GF-16-CAM-18,36313.492063085,36313.493141941,36313.527120647,38.3330078125,38.3330078125,0,,0
25594,GF-16-CAM-18,36313.658710253,36313.659512685,36313.693723136,38.3330078125,38.3330078125,0,,0
25596,GF-16-CAM-18,36313.82892151,36313.829657843,36313.873109065,38.3330078125,38.3330078125,0,,0
25598,GF-16-CAM-18,36313.996273242,36313.997149901,36314.029517323,38.3330078125,38.3330078125,0,,0
25600,GF-16-CAM-18,36314.181533587,36314.182210933,36314.228967009,38.3330078125,38.3330078125,0,,0
25602,GF-16-CAM-18,36314.360040301,36314.360463558,36314.389070485,38.3330078125,38.3330078125,0,,0
25604,GF-16-CAM-18,36314.517443588,36314.518051338,36314.556438673,38.3330078125,38.3330078125,0,,0
25606,GF-16-CAM-18,36314.699564507,36314.700904866,36314.74644933,38.3330078125,38.3330078125,0,,0
25608,GF-16-CAM-18,36314.879625404,36314.880070804,36314.924503906,38.3330078125,38.3330078125,0,,0
25610,GF-16-CAM-18,36315.085031941,36315.086400676,36315.114579168,38.3330078125,38.3330078125,0,,0
25612,GF-16-CAM-18,36315.250570881,36315.251709292,36315.300057495,38.3330078125,38.3330078125,0,,0
25614,GF-16-CAM-18,36315.465270393,36315.465747438,36315.496039875,38.3330078125,38.3330078125,0,,0
25616,GF-16-CAM-18,36315.6606808,36315.662341988,36315.705539457,38.3330078125,38.3330078125,0,,0
25618,GF-16-CAM-18,36315.848040756,36315.848789623,36315.89663863,38.3330078125,38.3330078125,0,,0
25620,GF-16-CAM-18,36316.016151738,36316.017017759,36316.063571516,38.3330078125,38.3330078125,0,,0
25622,GF-16-CAM-18,36316.172737574,36316.173693029,36316.207920534,38.3330078125,38.3330078125,0,,0
25624,GF-16-CAM-18,36316.359244723,36316.359803722,36316.389376248,38.3330078125,38.3330078125,0,,0
25626,GF-16-CAM-18,36316.517350626,36316.517968917,36316.550359497,38.3330078125,38.3330078125,0,,0
25628,GF-16-CAM-18,36316.685514092,36316.688859924,36316.714918821,38.3330078125,38.3330078125,0,,0
25630,GF-16-CAM-18,36316.850279685,36316.850824121,36316.881530871,38.3330078125,38.3330078125,0,,0
25632,GF-16-CAM-18,36317.033457778,36317.034179495,36317.084327816,38.3330078125,38.3330078125,0,,0
25634,GF-16-CAM-18,36317.234597893,36317.235200362,36317.262255603,38.3330078125,38.3330078125,0,,0
25636,GF-16-CAM-18,36317.394246094,36317.394968954,36317.433557118,38.3330078125,38.3330078125,0,,0
25638,GF-16-CAM-18,36317.551536845,36317.552062985,36317.590334858,38.3330078125,38.3330078125,0,,0
25640,GF-16-CAM-18,36317.76056422,36317.763610903,36317.804951784,38.3330078125,38.3330078125,0,,0
25642,GF-16-CAM-18,36317.967696939,36317.968531229,36318.018754364,38.3330078125,38.3330078125,0,,0
25644,GF-16-CAM-18,36318.177748705,36318.178479041,36318.235667346,38.3330078125,38.3330078125,0,,0
25646,GF-16-CAM-18,36318.372687574,36318.373748883,36318.39896893,38.3330078125,38.3330078125,0,,0
25648,GF-16-CAM-18,36318.525266222,36318.526135677,36318.565459761,38.3330078125,38.3330078125,0,,0
25650,GF-16-CAM-18,36318.699769172,36318.701283666,36318.731883022,38.3330078125,38.3330078125,0,,0
25652,GF-16-CAM-18,36318.860447879,36318.860880967,36318.883653933,38.3330078125,38.3330078125,0,,0
25654,GF-16-CAM-18,36319.00033252,36319.000909951,36319.034123944,38.3330078125,38.3330078125,0,,0
25656,GF-16-CAM-18,36319.159915266,36319.161394407,36319.197675899,38.3330078125,38.3330078125,0,,0
25658,GF-16-CAM-18,36319.330192384,36319.330641721,36319.354503395,38.3330078125,38.3330078125,0,,0
25660,GF-16-CAM-18,36319.483295384,36319.484697059,36319.519323359,38.3330078125,38.3330078125,0,,0
25662,GF-16-CAM-18,36319.654552814,36319.656851221,36319.710548033,38.3330078125,38.3330078125,0,,0
25664,GF-16-CAM-18,36319.836837972,36319.837451645,36319.877287714,38.3330078125,38.3330078125,0,,0
25666,GF-16-CAM-18,36320.002259318,36320.002943329,36320.036025709,38.3330078125,38.3330078125,0,,0
25668,GF-16-CAM-18,36320.161518837,36320.162491371,36320.1903791,38.3330078125,38.3330078125,0,,0
25670,GF-16-CAM-18,36320.323223496,36320.323714811,36320.368091991,38.3330078125,38.3330078125,0,,0
25672,GF-16-CAM-18,36320.489759002,36320.492806278,36320.548068568,38.3330078125,38.3330078125,0,,0
25674,GF-16-CAM-18,36320.695035145,36320.696250832,36320.74571354,38.3330078125,38.3330078125,0,,0
25676,GF-16-CAM-18,36320.883553064,36320.883974851,36320.923541555,38.3330078125,38.3330078125,0,,0
25678,GF-16-CAM-18,36321.044404088,36321.044961582,36321.093061023,38.3330078125,38.3330078125,0,,0
25680,GF-16-CAM-18,36321.209996026,36321.210778137,36321.246586734,38.3330078125,38.3330078125,0,,0
25682,GF-16-CAM-18,36321.372891294,36321.373470372,36321.411286842,38.3330078125,38.3330078125,0,,0
25684,GF-16-CAM-18,36321.547292,36321.547686587,36321.573240873,38.3330078125,38.3330078125,0,,0
25686,GF-16-CAM-18,36321.694216463,36321.694803319,36321.735962856,38.3330078125,38.3330078125,0,,0
25688,GF-16-CAM-18,36321.849196746,36321.849897371,36321.883454974,38.3330078125,38.3330078125,0,,0
25690,GF-16-CAM-18,36322.020800206,36322.021450728,36322.052197594,38.3330078125,38.3330078125,0,,0
25692,GF-16-CAM-18,36322.174282782,36322.175468655,36322.242649686,38.3330078125,38.3330078125,0,,0
25694,GF-16-CAM-18,36322.367173719,36322.368583009,36322.395451488,38.3330078125,38.3330078125,0,,0
25696,GF-16-CAM-18,36322.524970764,36322.525873202,36322.558574299,38.3330078125,38.3330078125,0,,0
25698,GF-16-CAM-18,36322.682560777,36322.683173847,36322.72034406,38.3330078125,38.3330078125,0,,0
25700,GF-16-CAM-18,36322.853413732,36322.854175462,36322.88136817,38.3330078125,38.3330078125,0,,0
25702,GF-16-CAM-18,36323.051384958,36323.052906108,36323.114129371,38.3330078125,38.3330078125,0,,0
25704,GF-16-CAM-18,36323.242787912,36323.243801485,36323.280964309,38.3330078125,38.3330078125,0,,0
25706,GF-16-CAM-18,36323.40163646,36323.402245279,36323.432779196,38.3330078125,38.3330078125,0,,0
25708,GF-16-CAM-18,36323.548768734,36323.549342046,36323.589737513,38.3330078125,38.3330078125,0,,0
25710,GF-16-CAM-18,36323.707417517,36323.708059494,36323.743985864,38.3330078125,38.3330078125,0,,0
25712,GF-16-CAM-18,36323.861762523,36323.86250598,36323.901984126,38.3330078125,38.3330078125,0,,0
25714,GF-16-CAM-18,36324.056926181,36324.060624003,36324.101784734,38.3330078125,38.3330078125,0,,0
25716,GF-16-CAM-18,36324.234793455,36324.23547289,36324.305409968,38.3330078125,38.3330078125,0,,0
25718,GF-16-CAM-18,36324.435494885,36324.439347386,36324.477564662,38.3330078125,38.3330078125,0,,0
25720,GF-16-CAM-18,36324.613136649,36324.614651016,36324.675393789,38.3330078125,38.3330078125,0,,0
25722,GF-16-CAM-18,36324.821325777,36324.822236799,36324.851150559,38.3330078125,38.3330078125,0,,0
25724,GF-16-CAM-18,36324.989710333,36324.990782567,36325.032994473,38.3330078125,38.3330078125,0,,0
25726,GF-16-CAM-18,36325.178094126,36325.179738024,36325.213211041,38.3330078125,38.3330078125,0,,0
25728,GF-16-CAM-18,36325.340240581,36325.341015301,36325.376358416,38.3330078125,38.3330078125,0,,0
25730,GF-16-CAM-18,36325.502496369,36325.503125339,36325.540625437,38.3330078125,38.3330078125,0,,0
25732,GF-16-CAM-18,36325.667521843,36325.668167995,36325.702746415,38.3330078125,38.3330078125,0,,0
25734,GF-16-CAM-18,36325.831715841,36325.832395554,36325.857306162,38.3330078125,38.3330078125,0,,0
25736,GF-16-CAM-18,36325.984341783,36325.984933847,36326.033295312,38.3330078125,38.3330078125,0,,0
25738,GF-16-CAM-18,36326.169915213,36326.170762128,36326.204207224,38.3330078125,38.3330078125,0,,0
25740,GF-16-CAM-18,36326.348253614,36326.349200163,36326.392452057,38.3330078125,38.3330078125,0,,0
25742,GF-16-CAM-18,36326.519980264,36326.52089691,36326.552949925,38.3330078125,38.3330078125,0,,0
25744,GF-16-CAM-18,36326.692611783,36326.693361404,36326.73153644,38.3330078125,38.3330078125,0,,0
25746,GF-16-CAM-18,36326.857911456,36326.85858837,36326.90266498,38.3330078125,38.3330078125,0,,0
25748,GF-16-CAM-18,36327.067920428,36327.06843509,36327.088833536,38.3330078125,38.3330078125,0,,0
25750,GF-16-CAM-18,36327.208142513,36327.208684003,36327.233480914,38.3330078125,38.3330078125,0,,0
25752,GF-16-CAM-18,36327.368923779,36327.369714208,36327.401918861,38.3330078125,38.3330078125,0,,0
25754,GF-16-CAM-18,36327.514545288,36327.515420461,36327.542485289,38.3330078125,38.3330078125,0,,0
25756,GF-16-CAM-18,36327.668869003,36327.669462505,36327.700379993,38.3330078125,38.3330078125,0,,0
25758,GF-16-CAM-18,36327.851269071,36327.851829628,36327.895870792,38.3330078125,38.3330078125,0,,0
25760,GF-16-CAM-18,36328.022535704,36328.024669454,36328.057377839,38.3330078125,38.3330078125,0,,0
25762,GF-16-CAM-18,36328.180157197,36328.180861885,36328.230181753,38.3330078125,38.3330078125,0,,0
25764,GF-16-CAM-18,36328.383807582,36328.384434419,36328.422727533,38.3330078125,38.3330078125,0,,0
25766,GF-16-CAM-18,36328.592098127,36328.592988411,36328.63906646,38.3330078125,38.3330078125,0,,0
25768,GF-16-CAM-18,36328.777543608,36328.778119785,36328.819541851,38.3330078125,38.3330078125,0,,0
25770,GF-16-CAM-18,36328.943544285,36328.944241854,36328.976165984,38.3330078125,38.3330078125,0,,0
25772,GF-16-CAM-18,36329.083978749,36329.08434322,36329.109165271,38.3330078125,38.3330078125,0,,0
25774,GF-16-CAM-18,36329.237793785,36329.238472723,36329.275350141,38.3330078125,38.3330078125,0,,0
25776,GF-16-CAM-18,36329.382988873,36329.383612281,36329.412755278,38.3330078125,38.3330078125,0,,0
25778,GF-16-CAM-18,36329.545350864,36329.545905745,36329.574217264,38.3330078125,38.3330078125,0,,0
25780,GF-16-CAM-18,36329.704516159,36329.708197528,36329.738098388,38.3330078125,38.3330078125,0,,0
25782,GF-16-CAM-18,36329.894429042,36329.894893868,36329.929052532,38.3330078125,38.3330078125,0,,0
25784,GF-16-CAM-18,36330.039285341,36330.04788954,36330.085075781,38.3330078125,38.3330078125,0,,0
25786,GF-16-CAM-18,36330.203399997,36330.205463976,36330.244026933,38.3330078125,38.3330078125,0,,0
25788,GF-16-CAM-18,36330.381925742,36330.382614854,36330.421593204,38.3330078125,38.3330078125,0,,0
25790,GF-16-CAM-18,36330.565499254,36330.566228867,36330.611393041,38.3330078125,38.3330078125,0,,0
25792,GF-16-CAM-18,36330.744834271,36330.74526683,36330.767836718,38.3330078125,38.3330078125,0,,0
25794,GF-16-CAM-18,36330.878543681,36330.879203386,36330.920402917,38.3330078125,38.3330078125,0,,0
25796,GF-16-CAM-18,36331.044766311,36331.045242569,36331.08114665,38.3330078125,38.3330078125,0,,0
25798,GF-16-CAM-18,36331.196772674,36331.197366528,36331.236422265,38.3330078125,38.3330078125,0,,0
25800,GF-16-CAM-18,36331.373377943,36331.374334065,36331.423711485,38.3330078125,38.3330078125,0,,0
25802,GF-16-CAM-18,36331.552291302,36331.554773663,36331.600507876,38.3330078125,38.3330078125,0,,0
25804,GF-16-CAM-18,36331.742387008,36331.743103215,36331.778407602,38.3330078125,38.3330078125,0,,0
25806,GF-16-CAM-18,36331.906775263,36331.907768435,36331.939573367,38.3330078125,38.3330078125,0,,0
25808,GF-16-CAM-18,36332.085092417,36332.086260818,36332.148032741,38.3330078125,38.3330078125,0,,0
25810,GF-16-CAM-18,36332.28292537,36332.283526464,36332.321864388,38.3330078125,38.3330078125,0,,0
25812,GF-16-CAM-18,36332.470924029,36332.472181657,36332.509391517,38.3330078125,38.3330078125,0,,0
25814,GF-16-CAM-18,36332.631933392,36332.633357813,36332.672437346,38.3330078125,38.3330078125,0,,0
25816,GF-16-CAM-18,36332.790417324,36332.791320086,36332.832781751,38.3330078125,38.3330078125,0,,0
25818,GF-16-CAM-18,36332.958295047,36332.959958549,36333.001739682,38.3330078125,38.3330078125,0,,0
25820,GF-16-CAM-18,36333.133995957,36333.134445594,36333.164756574,38.3330078125,38.3330078125,0,,0
25822,GF-16-CAM-18,36333.29412657,36333.294810831,36333.331739952,38.3330078125,38.3330078125,0,,0
25824,GF-16-CAM-18,36333.465129435,36333.466062901,36333.498891192,38.3330078125,38.3330078125,0,,0
25826,GF-16-CAM-18,36333.624180152,36333.624855376,36333.673898858,38.3330078125,38.3330078125,0,,0
25828,GF-16-CAM-18,36333.790425375,36333.791137349,36333.822072537,38.3330078125,38.3330078125,0,,0
25830,GF-16-CAM-18,36333.931802161,36333.932516408,36333.980818782,38.3330078125,38.3330078125,0,,0
25832,GF-16-CAM-18,36334.09874911,36334.099245977,36334.140602514,38.3330078125,38.3330078125,0,,0
25834,GF-16-CAM-18,36334.272133476,36334.272527347,36334.31408628,38.3330078125,38.3330078125,0,,0
25836,GF-16-CAM-18,36334.455818756,36334.457297201,36334.498359594,38.3330078125,38.3330078125,0,,0
25838,GF-16-CAM-18,36334.630257376,36334.631785766,36334.660126869,38.3330078125,38.3330078125,0,,0
25840,GF-16-CAM-18,36334.774392274,36334.775606186,36334.812454785,38.3330078125,38.3330078125,0,,0
25842,GF-16-CAM-18,36334.928210015,36334.929836279,36334.964448915,38.3330078125,38.3330078125,0,,0
25844,GF-16-CAM-18,36335.074597908,36335.075791034,36335.112372346,38.3330078125,38.3330078125,0,,0
25846,GF-16-CAM-18,36335.24717314,36335.247956051,36335.275950027,38.3330078125,38.3330078125,0,,0
25848,GF-16-CAM-18,36335.403239058,36335.404211009,36335.447761969,38.3330078125,38.3330078125,0,,0
25850,GF-16-CAM-18,36335.581088165,36335.581554196,36335.61424807,38.3330078125,38.3330078125,0,,0
25852,GF-16-CAM-18,36335.740668235,36335.742127422,36335.780298356,38.3330078125,38.3330078125,0,,0
25854,GF-16-CAM-18,36335.915930217,36335.916542195,36335.955096813,38.3330078125,38.3330078125,0,,0
25856,GF-16-CAM-18,36336.083715897,36336.084411311,36336.108803376,38.3330078125,38.3330078125,0,,0
25858,GF-16-CAM-18,36336.235125881,36336.236183662,36336.272069681,38.3330078125,38.3330078125,0,,0
25860,GF-16-CAM-18,36336.397250354,36336.397696358,36336.428153351,38.3330078125,38.3330078125,0,,0
25862,GF-16-CAM-18,36336.570381018,36336.571293705,36336.607275523,38.3330078125,38.3330078125,0,,0
25864,GF-16-CAM-18,36336.731184928,36336.733342705,36336.776325708,38.3330078125,38.3330078125,0,,0
25866,GF-16-CAM-18,36336.893843247,36336.894616271,36336.926931169,38.3330078125,38.3330078125,0,,0
25868,GF-16-CAM-18,36337.052025978,36337.052893593,36337.086556032,38.3330078125,38.3330078125,0,,0
25870,GF-16-CAM-18,36337.219999882,36337.22071262,36337.2559303,38.3330078125,38.3330078125,0,,0
25872,GF-16-CAM-18,36337.392980353,36337.393746324,36337.43574812,38.3330078125,38.3330078125,0,,0
25874,GF-16-CAM-18,36337.570855823,36337.571524635,36337.610287494,38.3330078125,38.3330078125,0,,0
25876,GF-16-CAM-18,36337.742341624,36337.742929423,36337.780410293,38.3330078125,38.3330078125,0,,0
25878,GF-16-CAM-18,36337.901805802,36337.902522426,36337.945943914,38.3330078125,38.3330078125,0,,0
25880,GF-16-CAM-18,36338.088624968,36338.089354809,36338.120535626,38.3330078125,38.3330078125,0,,0
25882,GF-16-CAM-18,36338.253627734,36338.254300158,36338.293121245,38.3330078125,38.3330078125,0,,0
25884,GF-16-CAM-18,36338.425504902,36338.426482941,36338.467483942,38.3330078125,38.3330078125,0,,0
25886,GF-16-CAM-18,36338.578630246,36338.579272396,36338.618025109,38.3330078125,38.3330078125,0,,0
25888,GF-16-CAM-18,36338.736242015,36338.738491784,36338.771529448,38.3330078125,38.3330078125,0,,0
25890,GF-16-CAM-18,36338.891983176,36338.892407883,36338.929536459,38.3330078125,38.3330078125,0,,0
25892,GF-16-CAM-18,36339.046797591,36339.047375434,36339.07142904,38.3330078125,38.3330078125,0,,0
25894,GF-16-CAM-18,36339.194856383,36339.195908586,36339.225162054,38.3330078125,38.3330078125,0,,0
25896,GF-16-CAM-18,36339.347910019,36339.348341667,36339.377270842,38.3330078125,38.3330078125,0,,0
25898,GF-16-CAM-18,36339.496806268,36339.498095386,36339.528095779,38.3330078125,38.3330078125,0,,0
25900,GF-16-CAM-18,36339.649360844,36339.650164882,36339.692887066,38.3330078125,38.3330078125,0,,0
25902,GF-16-CAM-18,36339.808641906,36339.809368713,36339.846939713,38.3330078125,38.3330078125,0,,0
25904,GF-16-CAM-18,36339.964761133,36339.967444149,36340.000793539,38.3330078125,38.3330078125,0,,0
25906,GF-16-CAM-18,36340.13458412,36340.13495605,36340.161406128,38.3330078125,38.3330078125,0,,0
25908,GF-16-CAM-18,36340.283848582,36340.284510007,36340.333197562,38.3330078125,38.3330078125,0,,0
25910,GF-16-CAM-18,36340.456887978,36340.457300147,36340.492387634,38.3330078125,38.3330078125,0,,0
25912,GF-16-CAM-18,36340.625648067,36340.626181751,36340.666703162,38.3330078125,38.3330078125,0,,0
25914,GF-16-CAM-18,36340.777728796,36340.77814847,36340.818228687,38.3330078125,38.3330078125,0,,0
25916,GF-16-CAM-18,36340.940664729,36340.94128018,36340.969978447,38.3330078125,38.3330078125,0,,0
25918,GF-16-CAM-18,36341.083216267,36341.084132322,36341.12847298,38.3330078125,38.3330078125,0,,0
25920,GF-16-CAM-18,36341.248743955,36341.249334965,36341.278312439,38.3330078125,38.3330078125,0,,0
25922,GF-16-CAM-18,36341.394885077,36341.395487936,36341.429699518,38.3330078125,38.3330078125,0,,0
25924,GF-16-CAM-18,36341.549029007,36341.549872959,36341.587925618,38.3330078125,38.3330078125,0,,0
25926,GF-16-CAM-18,36341.712944533,36341.713519678,36341.752231029,38.3330078125,38.3330078125,0,,0
25928,GF-16-CAM-18,36341.862705497,36341.863268741,36341.903676156,38.3330078125,38.3330078125,0,,0
25930,GF-16-CAM-18,36342.010556994,36342.01119055,36342.039041965,38.3330078125,38.3330078125,0,,0
25932,GF-16-CAM-18,36342.151305612,36342.151723478,36342.183757744,38.3330078125,38.3330078125,0,,0
25934,GF-16-CAM-18,36342.296139602,36342.296734844,36342.334582461,38.3330078125,38.3330078125,0,,0
25936,GF-16-CAM-18,36342.456514581,36342.457032528,36342.488830743,38.3330078125,38.3330078125,0,,0
25938,GF-16-CAM-18,36342.593769011,36342.59507078,36342.626164032,38.3330078125,38.3330078125,0,,0
25940,GF-16-CAM-18,36342.740354706,36342.741171893,36342.759488606,38.3330078125,38.3330078125,0,,0
25942,GF-16-CAM-18,36342.868577157,36342.869845201,36342.89303848,38.3330078125,38.3330078125,0,,0
25944,GF-16-CAM-18,36342.999753652,36343.000118913,36343.035488426,38.3330078125,38.3330078125,0,,0
25946,GF-16-CAM-18,36343.141509346,36343.142095678,36343.16624028,38.3330078125,38.3330078125,0,,0
25948,GF-16-CAM-18,36343.275988999,36343.276373725,36343.310370821,38.3330078125,38.3330078125,0,,0
25950,GF-16-CAM-18,36343.419792212,36343.420152475,36343.457865395,38.3330078125,38.3330078125,0,,0
25952,GF-16-CAM-18,36343.559151899,36343.559882626,36343.592664805,38.3330078125,38.3330078125,0,,0
25954,GF-16-CAM-18,36343.719500234,36343.720033054,36343.747856365,38.3330078125,38.3330078125,0,,0
25956,GF-16-CAM-18,36343.853354572,36343.853763296,36343.89063184,38.3330078125,38.3330078125,0,,0
25958,GF-16-CAM-18,36343.995990836,36343.996399105,36344.027462164,38.3330078125,38.3330078125,0,,0
25960,GF-16-CAM-18,36344.146145835,36344.146523545,36344.165347407,38.3330078125,38.3330078125,0,,0
25962,GF-16-CAM-18,36344.276721888,36344.277851228,36344.302181969,38.3330078125,38.3330078125,0,,0
25964,GF-16-CAM-18,36344.414692378,36344.415227155,36344.446714577,38.3330078125,38.3330078125,0,,0
25966,GF-16-CAM-18,36344.558063368,36344.558414793,36344.605411206,38.3330078125,38.3330078125,0,,0
25968,GF-16-CAM-18,36344.728271862,36344.728816832,36344.762827339,38.3330078125,38.3330078125,0,,0
25970,GF-16-CAM-18,36344.874489117,36344.87513743,36344.909254059,38.3330078125,38.3330078125,0,,0
25972,GF-16-CAM-18,36345.056743168,36345.05742811,36345.094522465,38.3330078125,38.3330078125,0,,0
25974,GF-16-CAM-18,36345.21464297,36345.215222701,36345.25230986,38.3330078125,38.3330078125,0,,0
25976,GF-16-CAM-18,36345.366833491,36345.367288878,36345.405245283,38.3330078125,38.3330078125,0,,0
25978,GF-16-CAM-18,36345.527974828,36345.528360156,36345.559411477,38.3330078125,38.3330078125,0,,0
25980,GF-16-CAM-18,36345.670240277,36345.670593892,36345.695659403,38.3330078125,38.3330078125,0,,0
25982,GF-16-CAM-18,36345.827151842,36345.827515861,36345.851212917,38.3330078125,38.3330078125,0,,0
25984,GF-16-CAM-18,36345.964184968,36345.965342961,36345.990091338,38.3330078125,38.3330078125,0,,0
25986,GF-16-CAM-18,36346.109683044,36346.110585244,36346.13815156,38.3330078125,38.3330078125,0,,0
25988,GF-16-CAM-18,36346.247689908,36346.248185795,36346.284334832,38.3330078125,38.3330078125,0,,0
25990,GF-16-CAM-18,36346.385456984,36346.386102802,36346.41287916,38.3330078125,38.3330078125,0,,0
25992,GF-16-CAM-18,36346.523851167,36346.524409362,36346.551036572,38.3330078125,38.3330078125,0,,0
25994,GF-16-CAM-18,36346.651843222,36346.652422371,36346.680900339,38.3330078125,38.3330078125,0,,0
25996,GF-16-CAM-18,36346.79912822,36346.800113951,36346.833393502,38.3330078125,38.3330078125,0,,0
25998,GF-16-CAM-18,36346.962064737,36346.962696549,36346.998226089,38.3330078125,38.3330078125,0,,0
26000,GF-16-CAM-18,36347.109088335,36347.10973469,36347.153151594,38.3330078125,38.3330078125,0,,0
26002,GF-16-CAM-18,36347.260714122,36347.261376333,36347.291371509,38.3330078125,38.3330078125,0,,0
26004,GF-16-CAM-18,36347.400641132,36347.401206086,36347.434928249,38.3330078125,38.3330078125,0,,0
26006,GF-16-CAM-18,36347.538689472,36347.539152673,36347.563330755,38.3330078125,38.3330078125,0,,0
26008,GF-16-CAM-18,36347.661838153,36347.663811079,36347.698825004,38.3330078125,38.3330078125,0,,0
26010,GF-16-CAM-18,36347.802462807,36347.803098481,36347.840970735,38.3330078125,38.3330078125,0,,0
26012,GF-16-CAM-18,36347.951099939,36347.951557847,36347.971569725,38.3330078125,38.3330078125,0,,0
26014,GF-16-CAM-18,36348.095719922,36348.096327067,36348.123743749,38.3330078125,38.3330078125,0,,0
26016,GF-16-CAM-18,36348.247768221,36348.248253942,36348.277161625,38.3330078125,38.3330078125,0,,0
26018,GF-16-CAM-18,36348.395655404,36348.396076176,36348.423449879,38.3330078125,38.3330078125,0,,0
26020,GF-16-CAM-18,36348.53862254,36348.539064204,36348.560292849,38.3330078125,38.3330078125,0,,0
26022,GF-16-CAM-18,36348.658154242,36348.658552221,36348.694751982,38.3330078125,38.3330078125,0,,0
26024,GF-16-CAM-18,36348.801589403,36348.802348812,36348.83955584,38.3330078125,38.3330078125,0,,0
26026,GF-16-CAM-18,36348.944164734,36348.944646675,36348.982725085,38.3330078125,38.3330078125,0,,0
26028,GF-16-CAM-18,36349.087362981,36349.087706867,36349.117599951,38.3330078125,38.3330078125,0,,0
26030,GF-16-CAM-18,36349.223234313,36349.223638199,36349.246749817,38.3330078125,38.3330078125,0,,0
26032,GF-16-CAM-18,36349.363795457,36349.364396305,36349.400151789,38.3330078125,38.3330078125,0,,0
26034,GF-16-CAM-18,36349.514288664,36349.514751094,36349.539852958,38.3330078125,38.3330078125,0,,0
26036,GF-16-CAM-18,36349.660726693,36349.661875213,36349.701685883,38.3330078125,38.3330078125,0,,0
26038,GF-16-CAM-18,36349.825196548,36349.826078194,36349.857010297,38.3330078125,38.3330078125,0,,0
26040,GF-16-CAM-18,36349.975739837,36349.976290433,36350.010112517,38.3330078125,38.3330078125,0,,0
26042,GF-16-CAM-18,36350.120091442,36350.120598628,36350.152370058,38.3330078125,38.3330078125,0,,0
26044,GF-16-CAM-18,36350.269842227,36350.27044491,36350.29937832,38.3330078125,38.3330078125,0,,0
26046,GF-16-CAM-18,36350.413226619,36350.413878485,36350.449435139,38.3330078125,38.3330078125,0,,0
26048,GF-16-CAM-18,36350.584968118,36350.585396817,36350.612375646,38.3330078125,38.3330078125,0,,0
26050,GF-16-CAM-18,36350.730048085,36350.730509312,36350.764288564,38.3330078125,38.3330078125,0,,0
26052,GF-16-CAM-18,36350.877134182,36350.877586915,36350.91066938,38.3330078125,38.3330078125,0,,0
26054,GF-16-CAM-18,36351.027098057,36351.027509065,36351.069568503,38.3330078125,38.3330078125,0,,0
26056,GF-16-CAM-18,36351.174229925,36351.175060896,36351.202917262,38.3330078125,38.3330078125,0,,0
26058,GF-16-CAM-18,36351.328498878,36351.329295574,36351.361987333,38.3330078125,38.3330078125,0,,0
26060,GF-16-CAM-18,36351.472172263,36351.472649261,36351.508344831,38.3330078125,38.3330078125,0,,0
26062,GF-16-CAM-18,36351.623940038,36351.624683819,36351.657325343,38.3330078125,38.3330078125,0,,0
26064,GF-16-CAM-18,36351.775598246,36351.776208366,36351.80111087,38.3330078125,38.3330078125,0,,0
26066,GF-16-CAM-18,36351.915871917,36351.916370114,36351.940870539,38.3330078125,38.3330078125,0,,0
26068,GF-16-CAM-18,36352.053489095,36352.054231197,36352.084296582,38.3330078125,38.3330078125,0,,0
26070,GF-16-CAM-18,36352.206235948,36352.20827124,36352.245954781,38.3330078125,38.3330078125,0,,0
26072,GF-16-CAM-18,36352.360439238,36352.361399308,36352.388213713,38.3330078125,38.3330078125,0,,0
26074,GF-16-CAM-18,36352.48908144,36352.489515222,36352.511535233,38.3330078125,38.3330078125,0,,0
26076,GF-16-CAM-18,36352.650312492,36352.650793226,36352.673516302,38.3330078125,38.3330078125,0,,0
26078,GF-16-CAM-18,36352.814950377,36352.815839182,36352.849285141,38.3330078125,38.3330078125,0,,0
26080,GF-16-CAM-18,36352.965658271,36352.966047738,36352.992171367,38.3330078125,38.3330078125,0,,0
26082,GF-16-CAM-18,36353.095728592,36353.096380226,36353.123587508,38.3330078125,38.3330078125,0,,0
26084,GF-16-CAM-18,36353.246122679,36353.246702201,36353.277055263,38.3330078125,38.3330078125,0,,0
26086,GF-16-CAM-18,36353.38520941,36353.385697969,36353.411043135,38.3330078125,38.3330078125,0,,0
26088,GF-16-CAM-18,36353.523521982,36353.524187559,36353.560635838,38.3330078125,38.3330078125,0,,0
26090,GF-16-CAM-18,36353.683998807,36353.684385513,36353.718212937,38.3330078125,38.3330078125,0,,0
26092,GF-16-CAM-18,36353.842441853,36353.842862801,36353.871922237,38.3330078125,38.3330078125,0,,0
26094,GF-16-CAM-18,36353.973525879,36353.97442405,36354.004081786,38.3330078125,38.3330078125,0,,0
26096,GF-16-CAM-18,36354.111546779,36354.111857036,36354.140594671,38.3330078125,38.3330078125,0,,0
26098,GF-16-CAM-18,36354.247996327,36354.248357585,36354.265955088,38.3330078125,38.3330078125,0,,0
26100,GF-16-CAM-18,36354.388645411,36354.389249362,36354.424079503,38.3330078125,38.3330078125,0,,0
26102,GF-16-CAM-18,36354.542436208,36354.543172944,36354.57847901,38.3330078125,38.3330078125,0,,0
26104,GF-16-CAM-18,36354.695262081,36354.696024002,36354.719951061,38.3330078125,38.3330078125,0,,0
26106,GF-16-CAM-18,36354.834174791,36354.834753011,36354.871920368,38.3330078125,38.3330078125,0,,0
26108,GF-16-CAM-18,36354.979319939,36354.979708013,36355.014445114,38.3330078125,38.3330078125,0,,0
26110,GF-16-CAM-18,36355.134552866,36355.137261049,36355.167561776,38.3330078125,38.3330078125,0,,0
26112,GF-16-CAM-18,36355.286959135,36355.287556988,36355.326596116,38.3330078125,38.3330078125,0,,0
26114,GF-16-CAM-18,36355.428513678,36355.429284761,36355.45256081,38.3330078125,38.3330078125,0,,0
26116,GF-16-CAM-18,36355.590597807,36355.591473259,36355.626197813,38.3330078125,38.3330078125,0,,0
26118,GF-16-CAM-18,36355.769265284,36355.770423939,36355.817339997,38.3330078125,38.3330078125,0,,0
26120,GF-16-CAM-18,36355.953427389,36355.954159136,36355.989711467,38.3330078125,38.3330078125,0,,0
26122,GF-16-CAM-18,36356.10289661,36356.103989973,36356.136639156,38.3330078125,38.3330078125,0,,0
26124,GF-16-CAM-18,36356.257941752,36356.258583558,36356.282580802,38.3330078125,38.3330078125,0,,0
26126,GF-16-CAM-18,36356.399930447,36356.400817595,36356.425376176,38.3330078125,38.3330078125,0,,0
26128,GF-16-CAM-18,36356.524569195,36356.525128661,36356.569392533,38.3330078125,38.3330078125,0,,0
26130,GF-16-CAM-18,36356.685645852,36356.686286217,36356.718817476,38.3330078125,38.3330078125,0,,0
26132,GF-16-CAM-18,36356.824943088,36356.826888406,36356.860930189,38.3330078125,38.3330078125,0,,0
26134,GF-16-CAM-18,36356.962916959,36356.963383842,36357.000279476,38.3330078125,38.3330078125,0,,0
26136,GF-16-CAM-18,36357.105847378,36357.106392959,36357.132106916,38.3330078125,38.3330078125,0,,0
26138,GF-16-CAM-18,36357.260131778,36357.26072545,36357.294916505,38.3330078125,38.3330078125,0,,0
26140,GF-16-CAM-18,36357.41108379,36357.411849189,36357.445297224,38.3330078125,38.3330078125,0,,0
26142,GF-16-CAM-18,36357.567518838,36357.567993387,36357.597686138,38.3330078125,38.3330078125,0,,0
26144,GF-16-CAM-18,36357.706346205,36357.706929205,36357.736063638,38.3330078125,38.3330078125,0,,0
26146,GF-16-CAM-18,36357.870657076,36357.871466151,36357.908161685,38.3330078125,38.3330078125,0,,0
26148,GF-16-CAM-18,36358.052936719,36358.053888974,36358.108886443,38.3330078125,38.3330078125,0,,0
26150,GF-16-CAM-18,36358.237049138,36358.237525538,36358.262558569,38.3330078125,38.3330078125,0,,0
26152,GF-16-CAM-18,36358.376882571,36358.377727261,36358.409429609,38.3330078125,38.3330078125,0,,0
26154,GF-16-CAM-18,36358.536640201,36358.537520095,36358.572252413,38.3330078125,38.3330078125,0,,0
26156,GF-16-CAM-18,36358.683361144,36358.684039375,36358.735696853,38.3330078125,38.3330078125,0,,0
26158,GF-16-CAM-18,36358.862976515,36358.863818541,36358.891648862,38.3330078125,38.3330078125,0,,0
26160,GF-16-CAM-18,36358.994770945,36358.995597162,36359.027804458,38.3330078125,38.3330078125,0,,0
26162,GF-16-CAM-18,36359.129672818,36359.130336016,36359.158665862,38.3330078125,38.3330078125,0,,0
26164,GF-16-CAM-18,36359.307925064,36359.308928985,36359.33541202,38.3330078125,38.3330078125,0,,0
26166,GF-16-CAM-18,36359.445699974,36359.449018665,36359.477778592,38.3330078125,38.3330078125,0,,0
26168,GF-16-CAM-18,36359.587436758,36359.587943071,36359.617177904,38.3330078125,38.3330078125,0,,0
26170,GF-16-CAM-18,36359.734168764,36359.734715342,36359.763917982,38.3330078125,38.3330078125,0,,0
26172,GF-16-CAM-18,36359.887878426,36359.888579922,36359.920621326,38.3330078125,38.3330078125,0,,0
26174,GF-16-CAM-18,36360.088218212,36360.089206271,36360.115367069,38.3330078125,38.3330078125,0,,0
26176,GF-16-CAM-18,36360.23059431,36360.231046343,36360.259138479,38.3330078125,38.3330078125,0,,0
26178,GF-16-CAM-18,36360.37956275,36360.380342298,36360.418613724,38.3330078125,38.3330078125,0,,0
26180,GF-16-CAM-18,36360.548436386,36360.54913142,36360.570160902,38.3330078125,38.3330078125,0,,0
26182,GF-16-CAM-18,36360.689062014,36360.689392708,36360.70682304,38.3330078125,38.3330078125,0,,0
26184,GF-16-CAM-18,36360.818693993,36360.819605271,36360.861630761,38.3330078125,38.3330078125,0,,0
26186,GF-16-CAM-18,36360.975317555,36360.975861292,36361.005843874,38.3330078125,38.3330078125,0,,0
26188,GF-16-CAM-18,36361.127630094,36361.128544349,36361.147936741,38.3330078125,38.3330078125,0,,0
26190,GF-16-CAM-18,36361.263997308,36361.264766827,36361.315474012,38.3330078125,38.3330078125,0,,0
26192,GF-16-CAM-18,36361.42757436,36361.428243897,36361.452315028,38.3330078125,38.3330078125,0,,0
26194,GF-16-CAM-18,36361.572582805,36361.575178975,36361.608559823,38.3330078125,38.3330078125,0,,0
26196,GF-16-CAM-18,36361.73333609,36361.734745365,36361.766589669,38.3330078125,38.3330078125,0,,0
26198,GF-16-CAM-18,36361.878327116,36361.878740437,36361.906596642,38.3330078125,38.3330078125,0,,0
26200,GF-16-CAM-18,36362.019531231,36362.019992324,36362.060120561,38.3330078125,38.3330078125,0,,0
26202,GF-16-CAM-18,36362.167036203,36362.167797912,36362.198266666,38.3330078125,38.3330078125,0,,0
26204,GF-16-CAM-18,36362.320790274,36362.321483542,36362.352663798,38.3330078125,38.3330078125,0,,0
26206,GF-16-CAM-18,36362.468921676,36362.469768039,36362.502941769,38.3330078125,38.3330078125,0,,0
26208,GF-16-CAM-18,36362.614530091,36362.615783374,36362.642104086,38.3330078125,38.3330078125,0,,0
26210,GF-16-CAM-18,36362.771092563,36362.771775662,36362.805926845,38.3330078125,38.3330078125,0,,0
26212,GF-16-CAM-18,36362.922881706,36362.923515073,36362.952568598,38.3330078125,38.3330078125,0,,0
26214,GF-16-CAM-18,36363.056287634,36363.056780807,36363.080426555,38.3330078125,38.3330078125,0,,0
26216,GF-16-CAM-18,36363.201409494,36363.201987932,36363.226761419,38.3330078125,38.3330078125,0,,0
26218,GF-16-CAM-18,36363.350791435,36363.351190665,36363.388629218,38.3330078125,38.3330078125,0,,0
26220,GF-16-CAM-18,36363.508758379,36363.509161897,36363.544673989,38.3330078125,38.3330078125,0,,0
26222,GF-16-CAM-18,36363.660490557,36363.660975327,36363.695607922,38.3330078125,38.3330078125,0,,0
26224,GF-16-CAM-18,36363.803601871,36363.804187115,36363.830881207,38.3330078125,38.3330078125,0,,0
26226,GF-16-CAM-18,36363.946796325,36363.947317294,36363.968554094,38.3330078125,38.3330078125,0,,0
26228,GF-16-CAM-18,36364.080703248,36364.081433995,36364.115682067,38.3330078125,38.3330078125,0,,0
26230,GF-16-CAM-18,36364.2352753,36364.238524685,36364.280585191,38.3330078125,38.3330078125,0,,0
26232,GF-16-CAM-18,36364.389266622,36364.389969839,36364.41367945,38.3330078125,38.3330078125,0,,0
26234,GF-16-CAM-18,36364.527298567,36364.527666214,36364.564623027,38.3330078125,38.3330078125,0,,0
26236,GF-16-CAM-18,36364.690783077,36364.691781625,36364.732467226,38.3330078125,38.3330078125,0,,0
26238,GF-16-CAM-18,36364.855705946,36364.856233547,36364.883057716,38.3330078125,38.3330078125,0,,0
26240,GF-16-CAM-18,36364.999750451,36365.000411477,36365.048452611,38.3330078125,38.3330078125,0,,0
26242,GF-16-CAM-18,36365.161869991,36365.162376563,36365.183924236,38.3330078125,38.3330078125,0,,0
26244,GF-16-CAM-18,36365.31495998,36365.315382585,36365.349279312,38.3330078125,38.3330078125,0,,0
26246,GF-16-CAM-18,36365.479593194,36365.480348799,36365.507136015,38.3330078125,38.3330078125,0,,0
26248,GF-16-CAM-18,36365.614115257,36365.614780257,36365.651747228,38.3330078125,38.3330078125,0,,0
26250,GF-16-CAM-18,36365.771388067,36365.772655651,36365.804895981,38.3330078125,38.3330078125,0,,0
26252,GF-16-CAM-18,36365.925051191,36365.926490911,36365.955582645,38.3330078125,38.3330078125,0,,0
26254,GF-16-CAM-18,36366.076072991,36366.076723176,36366.117610131,38.3330078125,38.3330078125,0,,0
26256,GF-16-CAM-18,36366.231744687,36366.235290314,36366.274053713,38.3330078125,38.3330078125,0,,0
26258,GF-16-CAM-18,36366.39114212,36366.391546605,36366.419641442,38.3330078125,38.3330078125,0,,0
26260,GF-16-CAM-18,36366.538973491,36366.539637381,36366.599109194,38.3330078125,38.3330078125,0,,0
26262,GF-16-CAM-18,36366.745945839,36366.746392706,36366.775930904,38.3330078125,38.3330078125,0,,0
26264,GF-16-CAM-18,36366.887778204,36366.888504055,36366.929476947,38.3330078125,38.3330078125,0,,0
26266,GF-16-CAM-18,36367.055946995,36367.056380976,36367.087481808,38.3330078125,38.3330078125,0,,0
26268,GF-16-CAM-18,36367.215424092,36367.216186975,36367.246614771,38.3330078125,38.3330078125,0,,0
26270,GF-16-CAM-18,36367.355410497,36367.356052763,36367.389763212,38.3330078125,38.3330078125,0,,0
26272,GF-16-CAM-18,36367.514277478,36367.514802149,36367.536113733,38.3330078125,38.3330078125,0,,0
26274,GF-16-CAM-18,36367.675601391,36367.676150541,36367.710595479,38.3330078125,38.3330078125,0,,0
26276,GF-16-CAM-18,36367.832732881,36367.833235155,36367.864867514,38.3330078125,38.3330078125,0,,0
26278,GF-16-CAM-18,36367.981703092,36367.982508643,36368.017745342,38.3330078125,38.3330078125,0,,0
26280,GF-16-CAM-18,36368.134828728,36368.13548857,36368.162870894,38.3330078125,38.3330078125,0,,0
26282,GF-16-CAM-18,36368.333704623,36368.336073604,36368.368373251,38.3330078125,38.3330078125,0,,0
26284,GF-16-CAM-18,36368.494404677,36368.4960978,36368.522830334,38.3330078125,38.3330078125,0,,0
26286,GF-16-CAM-18,36368.635156614,36368.635921028,36368.666521278,38.3330078125,38.3330078125,0,,0
26288,GF-16-CAM-18,36368.79431222,36368.79611737,36368.830258524,38.3330078125,38.3330078125,0,,0
26290,GF-16-CAM-18,36368.936811939,36368.937234534,36368.971804895,38.3330078125,38.3330078125,0,,0
26292,GF-16-CAM-18,36369.092988342,36369.09387249,36369.130298147,38.3330078125,38.3330078125,0,,0
26294,GF-16-CAM-18,36369.235095894,36369.235653635,36369.265819737,38.3330078125,38.3330078125,0,,0
26296,GF-16-CAM-18,36369.371589016,36369.372195491,36369.40531099,38.3330078125,38.3330078125,0,,0
26298,GF-16-CAM-18,36369.570980858,36369.571655142,36369.602284125,38.3330078125,38.3330078125,0,,0
26300,GF-16-CAM-18,36369.725805501,36369.726192728,36369.747288819,38.3330078125,38.3330078125,0,,0
26302,GF-16-CAM-18,36369.873942094,36369.875066276,36369.910660426,38.3330078125,38.3330078125,0,,0
26304,GF-16-CAM-18,36370.030764531,36370.031199181,36370.065079451,38.3330078125,38.3330078125,0,,0
26306,GF-16-CAM-18,36370.178257673,36370.178655607,36370.205278049,38.3330078125,38.3330078125,0,,0
26308,GF-16-CAM-18,36370.322798756,36370.323679709,36370.359159239,38.3330078125,38.3330078125,0,,0
26310,GF-16-CAM-18,36370.473818028,36370.474290052,36370.503404548,38.3330078125,38.3330078125,0,,0
26312,GF-16-CAM-18,36370.61929799,36370.620120854,36370.648805844,38.3330078125,38.3330078125,0,,0
26314,GF-16-CAM-18,36370.770115224,36370.770630948,36370.817190669,38.3330078125,38.3330078125,0,,0
26316,GF-16-CAM-18,36370.976959536,36370.977764881,36371.015143212,38.3330078125,38.3330078125,0,,0
26318,GF-16-CAM-18,36371.145579108,36371.147466128,36371.172998158,38.3330078125,38.3330078125,0,,0
26320,GF-16-CAM-18,36371.286407254,36371.287065362,36371.316340244,38.3330078125,38.3330078125,0,,0
26322,GF-16-CAM-18,36371.414674324,36371.415465973,36371.449175298,38.3330078125,38.3330078125,0,,0
26324,GF-16-CAM-18,36371.595367406,36371.596085809,36371.628372374,38.3330078125,38.3330078125,0,,0
26326,GF-16-CAM-18,36371.764723204,36371.765558519,36371.807865637,38.3330078125,38.3330078125,0,,0
26328,GF-16-CAM-18,36371.93461823,36371.935630061,36371.972904254,38.3330078125,38.3330078125,0,,0
26330,GF-16-CAM-18,36372.095921127,36372.097233387,36372.130726084,38.3330078125,38.3330078125,0,,0
26332,GF-16-CAM-18,36372.252581735,36372.253271761,36372.285133317,38.3330078125,38.3330078125,0,,0
26334,GF-16-CAM-18,36372.407748798,36372.408192066,36372.455716096,38.3330078125,38.3330078125,0,,0
26336,GF-16-CAM-18,36372.5696487,36372.570113584,36372.598582312,38.3330078125,38.3330078125,0,,0
26338,GF-16-CAM-18,36372.713387715,36372.713836924,36372.746889713,38.3330078125,38.3330078125,0,,0
26340,GF-16-CAM-18,36372.861776874,36372.86218814,36372.89317477,38.3330078125,38.3330078125,0,,0
26342,GF-16-CAM-18,36373.006325418,36373.006900879,36373.033210324,38.3330078125,38.3330078125,0,,0
26344,GF-16-CAM-18,36373.142686424,36373.143435858,36373.180254647,38.3330078125,38.3330078125,0,,0
26346,GF-16-CAM-18,36373.359210824,36373.359847669,36373.378915914,38.3330078125,38.3330078125,0,,0
26348,GF-16-CAM-18,36373.506209514,36373.506681746,36373.537564708,38.3330078125,38.3330078125,0,,0
26350,GF-16-CAM-18,36373.665251821,36373.665734796,36373.696162954,38.3330078125,38.3330078125,0,,0
26352,GF-16-CAM-18,36373.828781794,36373.829989784,36373.875718243,38.3330078125,38.3330078125,0,,0
26354,GF-16-CAM-18,36373.986127979,36373.986644988,36374.043863958,38.3330078125,38.3330078125,0,,0
26356,GF-16-CAM-18,36374.17296846,36374.173517743,36374.198189537,38.3330078125,38.3330078125,0,,0
26358,GF-16-CAM-18,36374.33138017,36374.331977106,36374.387691981,38.3330078125,38.3330078125,0,,0
26360,GF-16-CAM-18,36374.52211588,36374.524209496,36374.55417285,38.3330078125,38.3330078125,0,,0
26362,GF-16-CAM-18,36374.664356755,36374.665214689,36374.689334981,38.3330078125,38.3330078125,0,,0
26364,GF-16-CAM-18,36374.812384151,36374.812990376,36374.848292646,38.3330078125,38.3330078125,0,,0
26366,GF-16-CAM-18,36374.965405099,36374.966060332,36374.992414213,38.3330078125,38.3330078125,0,,0
26368,GF-16-CAM-18,36375.093918597,36375.094441648,36375.12393273,38.3330078125,38.3330078125,0,,0
26370,GF-16-CAM-18,36375.238255635,36375.240958774,36375.281741879,38.3330078125,38.3330078125,0,,0
26372,GF-16-CAM-18,36375.393289048,36375.393697844,36375.418137834,38.3330078125,38.3330078125,0,,0
26374,GF-16-CAM-18,36375.548533612,36375.548901813,36375.578155175,38.3330078125,38.3330078125,0,,0
26376,GF-16-CAM-18,36375.702680497,36375.703535703,36375.737324669,38.3330078125,38.3330078125,0,,0
26378,GF-16-CAM-18,36375.873442407,36375.874390763,36375.912802174,38.3330078125,38.3330078125,0,,0
26380,GF-16-CAM-18,36376.029828413,36376.031101891,36376.068270994,38.3330078125,38.3330078125,0,,0
26382,GF-16-CAM-18,36376.188737553,36376.190150196,36376.222093169,38.3330078125,38.3330078125,0,,0
26384,GF-16-CAM-18,36376.333283633,36376.335299336,36376.362582197,38.3330078125,38.3330078125,0,,0
26386,GF-16-CAM-18,36376.479485199,36376.480024209,36376.510326095,38.3330078125,38.3330078125,0,,0
26388,GF-16-CAM-18,36376.620931754,36376.621502636,36376.648574802,38.3330078125,38.3330078125,0,,0
26390,GF-16-CAM-18,36376.767709264,36376.768447995,36376.803057668,38.3330078125,38.3330078125,0,,0
26392,GF-16-CAM-18,36376.92035923,36376.921218646,36376.948451211,38.3330078125,38.3330078125,0,,0
26394,GF-16-CAM-18,36377.068711199,36377.069199209,36377.096222232,38.3330078125,38.3330078125,0,,0
26396,GF-16-CAM-18,36377.207566868,36377.208314575,36377.243902177,38.3330078125,38.3330078125,0,,0
26398,GF-16-CAM-18,36377.371985527,36377.372514575,36377.402986933,38.3330078125,38.3330078125,0,,0
26400,GF-16-CAM-18,36377.515932387,36377.516606844,36377.5406874,38.3330078125,38.3330078125,0,,0
26402,GF-16-CAM-18,36377.661513392,36377.662385449,36377.693692391,38.3330078125,38.3330078125,0,,0
26404,GF-16-CAM-18,36377.807898299,36377.808470081,36377.837759108,38.3330078125,38.3330078125,0,,0
26406,GF-16-CAM-18,36377.957109893,36377.957814116,36377.993421413,38.3330078125,38.3330078125,0,,0
26408,GF-16-CAM-18,36378.115349275,36378.116313683,36378.150309212,38.3330078125,38.3330078125,0,,0
26410,GF-16-CAM-18,36378.277781936,36378.278763211,36378.315307173,38.3330078125,38.3330078125,0,,0
26412,GF-16-CAM-18,36378.432306963,36378.434851242,36378.476430364,38.3330078125,38.3330078125,0,,0
26414,GF-16-CAM-18,36378.592948145,36378.593785382,36378.62117185,38.3330078125,38.3330078125,0,,0
26416,GF-16-CAM-18,36378.733992335,36378.734370242,36378.75801859,38.3330078125,38.3330078125,0,,0
26418,GF-16-CAM-18,36378.864875121,36378.866971826,36378.904522132,38.3330078125,38.3330078125,0,,0
26420,GF-16-CAM-18,36379.024349931,36379.024841495,36379.064326369,38.3330078125,38.3330078125,0,,0
26422,GF-16-CAM-18,36379.18558517,36379.187819451,36379.212898848,38.3330078125,38.3330078125,0,,0
26424,GF-16-CAM-18,36379.321056783,36379.321490082,36379.35404855,38.3330078125,38.3330078125,0,,0
26426,GF-16-CAM-18,36379.461398035,36379.461807017,36379.499451498,38.3330078125,38.3330078125,0,,0
26428,GF-16-CAM-18,36379.599012957,36379.599696937,36379.624760677,38.3330078125,38.3330078125,0,,0
26430,GF-16-CAM-18,36379.742099385,36379.742502825,36379.775282439,38.3330078125,38.3330078125,0,,0
26432,GF-16-CAM-18,36379.884708532,36379.885165064,36379.914725324,38.3330078125,38.3330078125,0,,0
26434,GF-16-CAM-18,36380.029263443,36380.029939203,36380.056033841,38.3330078125,38.3330078125,0,,0
26436,GF-16-CAM-18,36380.16346757,36380.163901319,36380.200142784,38.3330078125,38.3330078125,0,,0
26438,GF-16-CAM-18,36380.312032505,36380.313285339,36380.341225425,38.3330078125,38.3330078125,0,,0
26440,GF-16-CAM-18,36380.455566553,36380.456053716,36380.482342428,38.3330078125,38.3330078125,0,,0
26442,GF-16-CAM-18,36380.611996944,36380.612762894,36380.652353977,38.3330078125,38.3330078125,0,,0
26444,GF-16-CAM-18,36380.766704527,36380.767335502,36380.797291492,38.3330078125,38.3330078125,0,,0
26446,GF-16-CAM-18,36380.961119802,36380.96346501,36381.004025276,38.3330078125,38.3330078125,0,,0
26448,GF-16-CAM-18,36381.112062551,36381.113901997,36381.148115235,38.3330078125,38.3330078125,0,,0
26450,GF-16-CAM-18,36381.255736684,36381.256247051,36381.275428578,38.3330078125,38.3330078125,0,,0
26452,GF-16-CAM-18,36381.390851736,36381.391401811,36381.427894367,38.3330078125,38.3330078125,0,,0
26454,GF-16-CAM-18,36381.579581386,36381.58067735,36381.618142872,38.3330078125,38.3330078125,0,,0
26456,GF-16-CAM-18,36381.76405737,36381.765130184,36381.807673356,38.3330078125,38.3330078125,0,,0
26458,GF-16-CAM-18,36381.930093625,36381.930714826,36381.961904574,38.3330078125,38.3330078125,0,,0
26460,GF-16-CAM-18,36382.06562826,36382.066067865,36382.104472611,38.3330078125,38.3330078125,0,,0
26462,GF-16-CAM-18,36382.220081434,36382.220942401,36382.25628129,38.3330078125,38.3330078125,0,,0
26464,GF-16-CAM-18,36382.382951539,36382.383796423,36382.410274116,38.3330078125,38.3330078125,0,,0
26466,GF-16-CAM-18,36382.51742469,36382.518387998,36382.563436231,38.3330078125,38.3330078125,0,,0
26468,GF-16-CAM-18,36382.690574121,36382.691181855,36382.725905482,38.3330078125,38.3330078125,0,,0
26470,GF-16-CAM-18,36382.849157993,36382.850033751,36382.880416529,38.3330078125,38.3330078125,0,,0
26472,GF-16-CAM-18,36382.999108713,36382.999945204,36383.027297356,38.3330078125,38.3330078125,0,,0
26474,GF-16-CAM-18,36383.133132322,36383.134690829,36383.180463289,38.3330078125,38.3330078125,0,,0
26476,GF-16-CAM-18,36383.290685238,36383.291320449,36383.316842999,38.3330078125,38.3330078125,0,,0
26478,GF-16-CAM-18,36383.4289171,36383.430421564,36383.465648562,38.3330078125,38.3330078125,0,,0
26480,GF-16-CAM-18,36383.5860488,36383.586507041,36383.618260946,38.3330078125,38.3330078125,0,,0
26482,GF-16-CAM-18,36383.747519789,36383.747859097,36383.77334351,38.3330078125,38.3330078125,0,,0
26484,GF-16-CAM-18,36383.893410126,36383.896516508,36383.940867854,38.3330078125,38.3330078125,0,,0
26486,GF-16-CAM-18,36384.068210374,36384.068600644,36384.098597438,38.3330078125,38.3330078125,0,,0
26488,GF-16-CAM-18,36384.210507095,36384.211078119,36384.247753629,38.3330078125,38.3330078125,0,,0
26490,GF-16-CAM-18,36384.371476995,36384.372016732,36384.407555464,38.3330078125,38.3330078125,0,,0
26492,GF-16-CAM-18,36384.535183625,36384.535575918,36384.568679699,38.3330078125,38.3330078125,0,,0
26494,GF-16-CAM-18,36384.690701233,36384.691070183,36384.711277395,38.3330078125,38.3330078125,0,,0
26496,GF-16-CAM-18,36384.832284296,36384.832930572,36384.858390803,38.3330078125,38.3330078125,0,,0
26498,GF-16-CAM-18,36384.988244339,36384.988916091,36385.019182868,38.3330078125,38.3330078125,0,,0
26500,GF-16-CAM-18,36385.138859872,36385.13935115,36385.167912143,38.3330078125,38.3330078125,0,,0
26502,GF-16-CAM-18,36385.287491167,36385.287947971,36385.320214472,38.3330078125,38.3330078125,0,,0
26504,GF-16-CAM-18,36385.429906568,36385.430757113,36385.469477698,38.3330078125,38.3330078125,0,,0
26506,GF-16-CAM-18,36385.590897207,36385.591398517,36385.629465101,38.3330078125,38.3330078125,0,,0
26508,GF-16-CAM-18,36385.734579641,36385.735336643,36385.766753487,38.3330078125,38.3330078125,0,,0
26510,GF-16-CAM-18,36385.865555374,36385.866438364,36385.902737009,38.3330078125,38.3330078125,0,,0
26512,GF-16-CAM-18,36386.00763444,36386.008260209,36386.035866578,38.3330078125,38.3330078125,0,,0
26514,GF-16-CAM-18,36386.16847678,36386.169088883,36386.196251241,38.3330078125,38.3330078125,0,,0
26516,GF-16-CAM-18,36386.315306443,36386.315691601,36386.341944566,38.3330078125,38.3330078125,0,,0
26518,GF-16-CAM-18,36386.466608087,36386.467144133,36386.503415273,38.3330078125,38.3330078125,0,,0
26520,GF-16-CAM-18,36386.611527554,36386.614257286,36386.651673101,38.3330078125,38.3330078125,0,,0
26522,GF-16-CAM-18,36386.788630843,36386.791450564,36386.817346523,38.3330078125,38.3330078125,0,,0
26524,GF-16-CAM-18,36386.94803415,36386.948507476,36386.976708574,38.3330078125,38.3330078125,0,,0
26526,GF-16-CAM-18,36387.124317663,36387.124871817,36387.152394628,38.3330078125,38.3330078125,0,,0
26528,GF-16-CAM-18,36387.26793261,36387.268585561,36387.298833292,38.3330078125,38.3330078125,0,,0
26530,GF-16-CAM-18,36387.424867537,36387.4254767,36387.452368355,38.3330078125,38.3330078125,0,,0
26532,GF-16-CAM-18,36387.564149314,36387.566960019,36387.592712487,38.3330078125,38.3330078125,0,,0
26534,GF-16-CAM-18,36387.708444647,36387.709059099,36387.73118993,38.3330078125,38.3330078125,0,,0
26536,GF-16-CAM-18,36387.855044577,36387.855684409,36387.884511486,38.3330078125,38.3330078125,0,,0
26538,GF-16-CAM-18,36388.005945427,36388.006773547,36388.040453621,38.3330078125,38.3330078125,0,,0
26540,GF-16-CAM-18,36388.168611487,36388.16899455,36388.198108839,38.3330078125,38.3330078125,0,,0
26542,GF-16-CAM-18,36388.325211521,36388.325615915,36388.349164139,38.3330078125,38.3330078125,0,,0
26544,GF-16-CAM-18,36388.455257771,36388.455644818,36388.501349424,38.3330078125,38.3330078125,0,,0
26546,GF-16-CAM-18,36388.615152322,36388.618675372,36388.651054947,38.3330078125,38.3330078125,0,,0
26548,GF-16-CAM-18,36388.772752419,36388.773436801,36388.800926161,38.3330078125,38.3330078125,0,,0
26550,GF-16-CAM-18,36388.902197402,36388.902988741,36388.933714987,38.3330078125,38.3330078125,0,,0
26552,GF-16-CAM-18,36389.039477938,36389.040105143,36389.070991441,38.3330078125,38.3330078125,0,,0
26554,GF-16-CAM-18,36389.173761277,36389.17442824,36389.199736505,38.3330078125,38.3330078125,0,,0
26556,GF-16-CAM-18,36389.316728563,36389.318335899,36389.355019574,38.3330078125,38.3330078125,0,,0
26558,GF-16-CAM-18,36389.466641062,36389.467301904,36389.506055261,38.3330078125,38.3330078125,0,,0
26560,GF-16-CAM-18,36389.613507895,36389.613859141,36389.63752228,38.3330078125,38.3330078125,0,,0
26562,GF-16-CAM-18,36389.754136803,36389.75458911,36389.784541998,38.3330078125,38.3330078125,0,,0
26564,GF-16-CAM-18,36389.887135465,36389.887666586,36389.919279458,38.3330078125,38.3330078125,0,,0
26566,GF-16-CAM-18,36390.037509695,36390.038394378,36390.064440096,38.3330078125,38.3330078125,0,,0
26568,GF-16-CAM-18,36390.188906305,36390.189327818,36390.216801165,38.3330078125,38.3330078125,0,,0
26570,GF-16-CAM-18,36390.344363624,36390.344978958,36390.367183624,38.3330078125,38.3330078125,0,,0
26572,GF-16-CAM-18,36390.482624475,36390.483892722,36390.515706029,38.3330078125,38.3330078125,0,,0
26574,GF-16-CAM-18,36390.637519288,36390.637916868,36390.662585166,38.3330078125,38.3330078125,0,,0
26576,GF-16-CAM-18,36390.777799026,36390.778627781,36390.810662663,38.3330078125,38.3330078125,0,,0
26578,GF-16-CAM-18,36390.933417097,36390.933776586,36390.969785474,38.3330078125,38.3330078125,0,,0
26580,GF-16-CAM-18,36391.094091648,36391.094514972,36391.127828666,38.3330078125,38.3330078125,0,,0
26582,GF-16-CAM-18,36391.25012787,36391.25109405,36391.277040169,38.3330078125,38.3330078125,0,,0
26584,GF-16-CAM-18,36391.410571065,36391.411322611,36391.444608521,38.3330078125,38.3330078125,0,,0
26586,GF-16-CAM-18,36391.567176022,36391.567782992,36391.599053939,38.3330078125,38.3330078125,0,,0
26588,GF-16-CAM-18,36391.703193359,36391.705522367,36391.748346719,38.3330078125,38.3330078125,0,,0
26590,GF-16-CAM-18,36391.855925059,36391.856586905,36391.893916315,38.3330078125,38.3330078125,0,,0
26592,GF-16-CAM-18,36392.026836911,36392.027327604,36392.052057469,38.3330078125,38.3330078125,0,,0
26594,GF-16-CAM-18,36392.165274525,36392.165713049,36392.197724482,38.3330078125,38.3330078125,0,,0
26596,GF-16-CAM-18,36392.311268346,36392.31219379,36392.340745556,38.3330078125,38.3330078125,0,,0
26598,GF-16-CAM-18,36392.460795863,36392.461747029,36392.502488526,38.3330078125,38.3330078125,0,,0
26600,GF-16-CAM-18,36392.633774369,36392.63431161,36392.661467291,38.3330078125,38.3330078125,0,,0
26602,GF-16-CAM-18,36392.803194048,36392.803817577,36392.826462724,38.3330078125,38.3330078125,0,,0
26604,GF-16-CAM-18,36392.967049408,36392.967470885,36392.996528912,38.3330078125,38.3330078125,0,,0
26606,GF-16-CAM-18,36393.105747064,36393.106595054,36393.129112371,38.3330078125,38.3330078125,0,,0
26608,GF-16-CAM-18,36393.257614992,36393.260076724,36393.301237066,38.3330078125,38.3330078125,0,,0
26610,GF-16-CAM-18,36393.429269768,36393.430032637,36393.455322377,38.3330078125,38.3330078125,0,,0
26612,GF-16-CAM-18,36393.584289209,36393.585149124,36393.613407589,38.3330078125,38.3330078125,0,,0
26614,GF-16-CAM-18,36393.713148382,36393.713921616,36393.738681935,38.3330078125,38.3330078125,0,,0
26616,GF-16-CAM-18,36393.855562943,36393.856111562,36393.885324688,38.3330078125,38.3330078125,0,,0
26618,GF-16-CAM-18,36394.01032331,36394.010706259,36394.042746175,38.3330078125,38.3330078125,0,,0
26620,GF-16-CAM-18,36394.160722044,36394.161479235,36394.200548143,38.3330078125,38.3330078125,0,,0
26622,GF-16-CAM-18,36394.319567271,36394.319962642,36394.347557687,38.3330078125,38.3330078125,0,,0
26624,GF-16-CAM-18,36394.475783108,36394.476454179,36394.506925743,38.3330078125,38.3330078125,0,,0
26626,GF-16-CAM-18,36394.620424436,36394.621343189,36394.655065814,38.3330078125,38.3330078125,0,,0
26628,GF-16-CAM-18,36394.759982529,36394.760590546,36394.799453982,38.3330078125,38.3330078125,0,,0
26630,GF-16-CAM-18,36394.905410915,36394.905813113,36394.927353052,38.3330078125,38.3330078125,0,,0
26632,GF-16-CAM-18,36395.058545495,36395.05938587,36395.081562036,38.3330078125,38.3330078125,0,,0
26634,GF-16-CAM-18,36395.222657925,36395.223326241,36395.255983989,38.3330078125,38.3330078125,0,,0
26636,GF-16-CAM-18,36395.393243563,36395.393903389,36395.421321721,38.3330078125,38.3330078125,0,,0
26638,GF-16-CAM-18,36395.543300693,36395.544401055,36395.574039768,38.3330078125,38.3330078125,0,,0
26640,GF-16-CAM-18,36395.693364932,36395.69379709,36395.723895293,38.3330078125,38.3330078125,0,,0
26642,GF-16-CAM-18,36395.85317034,36395.853734201,36395.879711894,38.3330078125,38.3330078125,0,,0
26644,GF-16-CAM-18,36395.993658673,36395.994602696,36396.028095468,38.3330078125,38.3330078125,0,,0
26646,GF-16-CAM-18,36396.168802111,36396.169314031,36396.196542159,38.3330078125,38.3330078125,0,,0
26648,GF-16-CAM-18,36396.323400836,36396.323846893,36396.351575217,38.3330078125,38.3330078125,0,,0
26650,GF-16-CAM-18,36396.471641159,36396.472415452,36396.507880775,38.3330078125,38.3330078125,0,,0
26652,GF-16-CAM-18,36396.655746812,36396.656452704,36396.683224712,38.3330078125,38.3330078125,0,,0
26654,GF-16-CAM-18,36396.797880104,36396.800926131,36396.832895512,38.3330078125,38.3330078125,0,,0
26656,GF-16-CAM-18,36396.941527936,36396.942432705,36396.979887136,38.3330078125,38.3330078125,0,,0
26658,GF-16-CAM-18,36397.089708704,36397.090371473,36397.12859799,38.3330078125,38.3330078125,0,,0
26660,GF-16-CAM-18,36397.243364816,36397.24375282,36397.270545522,38.3330078125,38.3330078125,0,,0
26662,GF-16-CAM-18,36397.371721701,36397.372196703,36397.396296109,38.3330078125,38.3330078125,0,,0
26664,GF-16-CAM-18,36397.504070598,36397.504475893,36397.528966807,38.3330078125,38.3330078125,0,,0
26666,GF-16-CAM-18,36397.631049846,36397.631655527,36397.656311554,38.3330078125,38.3330078125,0,,0
26668,GF-16-CAM-18,36397.77197773,36397.772723386,36397.803512616,38.3330078125,38.3330078125,0,,0
26670,GF-16-CAM-18,36397.917703078,36397.920424308,36397.954649783,38.3330078125,38.3330078125,0,,0
26672,GF-16-CAM-18,36398.068424884,36398.068924609,36398.114083269,38.3330078125,38.3330078125,0,,0
26674,GF-16-CAM-18,36398.238302204,36398.238804331,36398.263835231,38.3330078125,38.3330078125,0,,0
26676,GF-16-CAM-18,36398.372162606,36398.37284923,36398.405343505,38.3330078125,38.3330078125,0,,0
26678,GF-16-CAM-18,36398.533686207,36398.534165685,36398.566099918,38.3330078125,38.3330078125,0,,0
26680,GF-16-CAM-18,36398.689347438,36398.68975963,36398.719152096,38.3330078125,38.3330078125,0,,0
26682,GF-16-CAM-18,36398.851454207,36398.852554447,36398.890221995,38.3330078125,38.3330078125,0,,0
26684,GF-16-CAM-18,36399.004258783,36399.005292734,36399.037123228,38.3330078125,38.3330078125,0,,0
26686,GF-16-CAM-18,36399.155993894,36399.156620049,36399.190341992,38.3330078125,38.3330078125,0,,0
26688,GF-16-CAM-18,36399.311791338,36399.312481513,36399.357395372,38.3330078125,38.3330078125,0,,0
26690,GF-16-CAM-18,36399.474971813,36399.475631113,36399.500410326,38.3330078125,38.3330078125,0,,0
26692,GF-16-CAM-18,36399.613113369,36399.613732819,36399.647171878,38.3330078125,38.3330078125,0,,0
26694,GF-16-CAM-18,36399.768321461,36399.769122605,36399.801075282,38.3330078125,38.3330078125,0,,0
26696,GF-16-CAM-18,36399.908798654,36399.909264955,36399.953078089,38.3330078125,38.3330078125,0,,0
26698,GF-16-CAM-18,36400.074226985,36400.074972902,36400.103471813,38.3330078125,38.3330078125,0,,0
26700,GF-16-CAM-18,36400.22340071,36400.223766878,36400.262447863,38.3330078125,38.3330078125,0,,0
26702,GF-16-CAM-18,36400.385598192,36400.386078501,36400.41171261,38.3330078125,38.3330078125,0,,0
26704,GF-16-CAM-18,36400.543269428,36400.543929897,36400.580861499,38.3330078125,38.3330078125,0,,0
26706,GF-16-CAM-18,36400.704719003,36400.707152525,36400.741423244,38.3330078125,38.3330078125,0,,0
26708,GF-16-CAM-18,36400.87636663,36400.8772982,36400.898643875,38.3330078125,38.3330078125,0,,0
26710,GF-16-CAM-18,36401.01173523,36401.012588336,36401.038489781,38.3330078125,38.3330078125,0,,0
26712,GF-16-CAM-18,36401.158864013,36401.159801676,36401.20081114,38.3330078125,38.3330078125,0,,0
26714,GF-16-CAM-18,36401.310307356,36401.310947068,36401.341887299,38.3330078125,38.3330078125,0,,0
26716,GF-16-CAM-18,36401.472430753,36401.473679488,36401.51869784,38.3330078125,38.3330078125,0,,0
26718,GF-16-CAM-18,36401.656287769,36401.657234783,36401.682490019,38.3330078125,38.3330078125,0,,0
26720,GF-16-CAM-18,36401.803400761,36401.807204714,36401.836662221,38.3330078125,38.3330078125,0,,0
26722,GF-16-CAM-18,36401.960645966,36401.961806281,36401.996586689,38.3330078125,38.3330078125,0,,0
26724,GF-16-CAM-18,36402.120831038,36402.121984857,36402.16467731,38.3330078125,38.3330078125,0,,0
26726,GF-16-CAM-18,36402.285550258,36402.286121051,36402.310642018,38.3330078125,38.3330078125,0,,0
26728,GF-16-CAM-18,36402.418893548,36402.422332266,36402.468163656,38.3330078125,38.3330078125,0,,0
26730,GF-16-CAM-18,36402.56782958,36402.568253232,36402.589335454,38.3330078125,38.3330078125,0,,0
26732,GF-16-CAM-18,36402.701050948,36402.702996255,36402.725254086,38.3330078125,38.3330078125,0,,0
26734,GF-16-CAM-18,36402.848195613,36402.851067541,36402.897804434,38.3330078125,38.3330078125,0,,0
26736,GF-16-CAM-18,36403.005319429,36403.00578765,36403.035970684,38.3330078125,38.3330078125,0,,0
26738,GF-16-CAM-18,36403.147494716,36403.14824638,36403.183625627,38.3330078125,38.3330078125,0,,0
26740,GF-16-CAM-18,36403.31341461,36403.314071292,36403.342774588,38.3330078125,38.3330078125,0,,0
26742,GF-16-CAM-18,36403.474275438,36403.477491164,36403.509169426,38.3330078125,38.3330078125,0,,0
26744,GF-16-CAM-18,36403.631098975,36403.631533198,36403.665831661,38.3330078125,38.3330078125,0,,0
26746,GF-16-CAM-18,36403.782113108,36403.782602336,36403.825794686,38.3330078125,38.3330078125,0,,0
26748,GF-16-CAM-18,36403.941297682,36403.941753083,36403.974514929,38.3330078125,38.3330078125,0,,0
26750,GF-16-CAM-18,36404.082998225,36404.083668519,36404.122061123,38.3330078125,38.3330078125,0,,0
26752,GF-16-CAM-18,36404.222508447,36404.222902824,36404.256998931,38.3330078125,38.3330078125,0,,0
26754,GF-16-CAM-18,36404.369087788,36404.369692931,36404.397426659,38.3330078125,38.3330078125,0,,0
26756,GF-16-CAM-18,36404.507606066,36404.508416984,36404.548426443,38.3330078125,38.3330078125,0,,0
26758,GF-16-CAM-18,36404.668379434,36404.668912811,36404.705836418,38.3330078125,38.3330078125,0,,0
26760,GF-16-CAM-18,36404.832061822,36404.832920323,36404.862079597,38.3330078125,38.3330078125,0,,0
26762,GF-16-CAM-18,36404.996087765,36404.996573805,36405.025850371,38.3330078125,38.3330078125,0,,0
26764,GF-16-CAM-18,36405.145098401,36405.145772914,36405.178085693,38.3330078125,38.3330078125,0,,0
26766,GF-16-CAM-18,36405.291608292,36405.292431565,36405.327480777,38.3330078125,38.3330078125,0,,0
26768,GF-16-CAM-18,36405.448989217,36405.449477729,36405.483767625,38.3330078125,38.3330078125,0,,0
26770,GF-16-CAM-18,36405.600513193,36405.601377926,36405.629693802,38.3330078125,38.3330078125,0,,0
26772,GF-16-CAM-18,36405.74531664,36405.74615593,36405.779197468,38.3330078125,38.3330078125,0,,0
26774,GF-16-CAM-18,36405.886974547,36405.887533161,36405.915071551,38.3330078125,38.3330078125,0,,0
26776,GF-16-CAM-18,36406.013946752,36406.014530352,36406.050248993,38.3330078125,38.3330078125,0,,0
26778,GF-16-CAM-18,36406.157183907,36406.157790398,36406.176161674,38.3330078125,38.3330078125,0,,0
26780,GF-16-CAM-18,36406.292745516,36406.294162082,36406.323093527,38.3330078125,38.3330078125,0,,0
26782,GF-16-CAM-18,36406.449974379,36406.454230263,36406.488489978,38.3330078125,38.3330078125,0,,0
26784,GF-16-CAM-18,36406.606562343,36406.608264923,36406.641391855,38.3330078125,38.3330078125,0,,0
26786,GF-16-CAM-18,36406.757309689,36406.759227642,36406.795623301,38.3330078125,38.3330078125,0,,0
26788,GF-16-CAM-18,36406.906227883,36406.906761014,36406.941962172,38.3330078125,38.3330078125,0,,0
26790,GF-16-CAM-18,36407.064130008,36407.064987415,36407.092405477,38.3330078125,38.3330078125,0,,0
26792,GF-16-CAM-18,36407.203809699,36407.204326705,36407.235646557,38.3330078125,38.3330078125,0,,0
26794,GF-16-CAM-18,36407.35208652,36407.355559973,36407.391979163,38.3330078125,38.3330078125,0,,0
26796,GF-16-CAM-18,36407.510199706,36407.510828742,36407.541906213,38.3330078125,38.3330078125,0,,0
26798,GF-16-CAM-18,36407.66815793,36407.669364542,36407.69560966,38.3330078125,38.3330078125,0,,0
26800,GF-16-CAM-18,36407.811416037,36407.811867918,36407.831845167,38.3330078125,38.3330078125,0,,0
26802,GF-16-CAM-18,36407.957129262,36407.957572429,36407.980447123,38.3330078125,38.3330078125,0,,0
26804,GF-16-CAM-18,36408.099452882,36408.100104129,36408.145441209,38.3330078125,38.3330078125,0,,0
26806,GF-16-CAM-18,36408.263748112,36408.264514942,36408.293371065,38.3330078125,38.3330078125,0,,0
26808,GF-16-CAM-18,36408.426606727,36408.427431197,36408.461093713,38.3330078125,38.3330078125,0,,0
26810,GF-16-CAM-18,36408.582498452,36408.583268649,36408.613951298,38.3330078125,38.3330078125,0,,0
26812,GF-16-CAM-18,36408.739872838,36408.740380299,36408.767888316,38.3330078125,38.3330078125,0,,0
26814,GF-16-CAM-18,36408.868692177,36408.869091219,36408.896554142,38.3330078125,38.3330078125,0,,0
26816,GF-16-CAM-18,36409.002992115,36409.003393748,36409.0296166,38.3330078125,38.3330078125,0,,0
26818,GF-16-CAM-18,36409.155827789,36409.156820725,36409.192213915,38.3330078125,38.3330078125,0,,0
26820,GF-16-CAM-18,36409.309043072,36409.309646229,36409.348802886,38.3330078125,38.3330078125,0,,0
26822,GF-16-CAM-18,36409.460305509,36409.461077654,36409.512275501,38.3330078125,38.3330078125,0,,0
26824,GF-16-CAM-18,36409.626219322,36409.626598465,36409.649381607,38.3330078125,38.3330078125,0,,0
26826,GF-16-CAM-18,36409.765240771,36409.765732437,36409.791295429,38.3330078125,38.3330078125,0,,0
26828,GF-16-CAM-18,36409.926732613,36409.927334565,36409.973756959,38.3330078125,38.3330078125,0,,0
26830,GF-16-CAM-18,36410.123220344,36410.124320435,36410.14759938,38.3330078125,38.3330078125,0,,0
26832,GF-16-CAM-18,36410.262620129,36410.263697753,36410.285268745,38.3330078125,38.3330078125,0,,0
26834,GF-16-CAM-18,36410.393504531,36410.393874731,36410.417490349,38.3330078125,38.3330078125,0,,0
26836,GF-16-CAM-18,36410.532654326,36410.533342573,36410.573179272,38.3330078125,38.3330078125,0,,0
26838,GF-16-CAM-18,36410.684045683,36410.684433438,36410.717024965,38.3330078125,38.3330078125,0,,0
26840,GF-16-CAM-18,36410.824435077,36410.82493873,36410.850135935,38.3330078125,38.3330078125,0,,0
26842,GF-16-CAM-18,36410.964386584,36410.96506603,36410.997943467,38.3330078125,38.3330078125,0,,0
26844,GF-16-CAM-18,36411.098081037,36411.098748499,36411.135838233,38.3330078125,38.3330078125,0,,0
26846,GF-16-CAM-18,36411.246709187,36411.247133617,36411.268144879,38.3330078125,38.3330078125,0,,0
26848,GF-16-CAM-18,36411.400593595,36411.4013768,36411.434527355,38.3330078125,38.3330078125,0,,0
26850,GF-16-CAM-18,36411.544687363,36411.545230794,36411.587698806,38.3330078125,38.3330078125,0,,0
26852,GF-16-CAM-18,36411.717211852,36411.717935763,36411.74877784,38.3330078125,38.3330078125,0,,0
26854,GF-16-CAM-18,36411.867549985,36411.867966069,36411.89935521,38.3330078125,38.3330078125,0,,0
26856,GF-16-CAM-18,36412.018477678,36412.019821182,36412.05292712,38.3330078125,38.3330078125,0,,0
26858,GF-16-CAM-18,36412.154871962,36412.155397179,36412.188794275,38.3330078125,38.3330078125,0,,0
26860,GF-16-CAM-18,36412.306485167,36412.306986205,36412.341945009,38.3330078125,38.3330078125,0,,0
26862,GF-16-CAM-18,36412.456982723,36412.457590825,36412.480114951,38.3330078125,38.3330078125,0,,0
26864,GF-16-CAM-18,36412.604837106,36412.605378632,36412.631814078,38.3330078125,38.3330078125,0,,0
26866,GF-16-CAM-18,36412.756190859,36412.757392779,36412.783293779,38.3330078125,38.3330078125,0,,0
26868,GF-16-CAM-18,36412.902072969,36412.902523922,36412.928997272,38.3330078125,38.3330078125,0,,0
26870,GF-16-CAM-18,36413.05933129,36413.06155878,36413.095679677,38.3330078125,38.3330078125,0,,0
26872,GF-16-CAM-18,36413.214853502,36413.215306463,36413.248819933,38.3330078125,38.3330078125,0,,0
26874,GF-16-CAM-18,36413.340693483,36413.341965533,36413.37057292,38.3330078125,38.3330078125,0,,0
26876,GF-16-CAM-18,36413.498103853,36413.498627302,36413.530827989,38.3330078125,38.3330078125,0,,0
26878,GF-16-CAM-18,36413.658904193,36413.659514405,36413.684890542,38.3330078125,38.3330078125,0,,0
26880,GF-16-CAM-18,36413.803710633,36413.80467542,36413.847498067,38.3330078125,38.3330078125,0,,0
26882,GF-16-CAM-18,36413.961288624,36413.96176292,36413.992594353,38.3330078125,38.3330078125,0,,0
26884,GF-16-CAM-18,36414.113626048,36414.114121487,36414.147916917,38.3330078125,38.3330078125,0,,0
26886,GF-16-CAM-18,36414.272388891,36414.272846818,36414.299596217,38.3330078125,38.3330078125,0,,0
26888,GF-16-CAM-18,36414.437898177,36414.438310428,36414.468944435,38.3330078125,38.3330078125,0,,0
27058,GF-16-CAM-18,36428.21868744,36428.219755951,36428.24968551,38.33349609375,38.3330078125,0,,0
27078,GF-16-CAM-18,36429.868141301,36429.868673949,36429.905441872,38.33349609375,38.3330078125,0,,0
27268,GF-16-CAM-18,36445.562549894,36445.563042344,36445.607449709,38.33349609375,38.3330078125,0,,0
27283,GF-16-CAM-18,36446.589334247,36446.589958424,36446.616184182,38.33349609375,38.3330078125,0,,0
27285,GF-16-CAM-18,36446.733993605,36446.73449555,36446.773473327,38.3330078125,38.3330078125,0,,0
27287,GF-16-CAM-18,36446.891047063,36446.891496403,36446.937626901,38.3330078125,38.3330078125,0,,0
27289,GF-16-CAM-18,36447.044248568,36447.044760238,36447.081938206,38.3330078125,38.3330078125,0,,0
27291,GF-16-CAM-18,36447.201644424,36447.202036169,36447.219069316,38.3330078125,38.3330078125,0,,0
27293,GF-16-CAM-18,36447.330538793,36447.331211167,36447.35822887,38.3330078125,38.3330078125,0,,0
27295,GF-16-CAM-18,36447.477439837,36447.478035534,36447.505720491,38.3330078125,38.3330078125,0,,0
27297,GF-16-CAM-18,36447.621038661,36447.621560833,36447.654239133,38.3330078125,38.3330078125,0,,0
27299,GF-16-CAM-18,36447.773734,36447.774416283,36447.801038655,38.3330078125,38.3330078125,0,,0
27301,GF-16-CAM-18,36447.919543573,36447.919986704,36447.949129277,38.3330078125,38.3330078125,0,,0
27303,GF-16-CAM-18,36448.079813641,36448.080561242,36448.111198389,38.3330078125,38.3330078125,0,,0
27305,GF-16-CAM-18,36448.22120811,36448.221775727,36448.262779693,38.3330078125,38.3330078125,0,,0
27307,GF-16-CAM-18,36448.363871745,36448.36517383,36448.398995714,38.3330078125,38.3330078125,0,,0
27309,GF-16-CAM-18,36448.513987365,36448.514524917,36448.536121976,38.3330078125,38.3330078125,0,,0
27311,GF-16-CAM-18,36448.650345599,36448.650925822,36448.682051928,38.3330078125,38.3330078125,0,,0
27313,GF-16-CAM-18,36448.788412403,36448.789217979,36448.815881022,38.3330078125,38.3330078125,0,,0
27315,GF-16-CAM-18,36448.958665589,36448.959150093,36448.987668043,38.3330078125,38.3330078125,0,,0
27317,GF-16-CAM-18,36449.101142171,36449.101797298,36449.128128158,38.3330078125,38.3330078125,0,,0
27319,GF-16-CAM-18,36449.237562775,36449.242626596,36449.28095189,38.3330078125,38.3330078125,0,,0
27321,GF-16-CAM-18,36449.375707271,36449.376584107,36449.403353334,38.3330078125,38.3330078125,0,,0
27323,GF-16-CAM-18,36449.526885761,36449.527745282,36449.558408632,38.3330078125,38.3330078125,0,,0
27325,GF-16-CAM-18,36449.670498896,36449.671549909,36449.703799021,38.3330078125,38.3330078125,0,,0
27327,GF-16-CAM-18,36449.805261836,36449.805947219,36449.831987564,38.3330078125,38.3330078125,0,,0
27329,GF-16-CAM-18,36449.939572379,36449.940037846,36449.971858474,38.3330078125,38.3330078125,0,,0
27331,GF-16-CAM-18,36450.085948631,36450.086506303,36450.115750944,38.3330078125,38.3330078125,0,,0
27333,GF-16-CAM-18,36450.229719318,36450.230507901,36450.25418687,38.3330078125,38.3330078125,0,,0
27335,GF-16-CAM-18,36450.362830949,36450.363440245,36450.393523615,38.3330078125,38.3330078125,0,,0
27337,GF-16-CAM-18,36450.511987364,36450.512779309,36450.550389787,38.3330078125,38.3330078125,0,,0
27339,GF-16-CAM-18,36450.659260772,36450.659781882,36450.692985042,38.3330078125,38.3330078125,0,,0
27341,GF-16-CAM-18,36450.811163986,36450.812291156,36450.845611017,38.3330078125,38.3330078125,0,,0
27343,GF-16-CAM-18,36450.965917953,36450.966754704,36450.993352034,38.3330078125,38.3330078125,0,,0
27345,GF-16-CAM-18,36451.1131039,36451.113725914,36451.146753588,38.3330078125,38.3330078125,0,,0
27347,GF-16-CAM-18,36451.271069214,36451.271587166,36451.314624765,38.3330078125,38.3330078125,0,,0
27349,GF-16-CAM-18,36451.424094813,36451.42482919,36451.456985992,38.3330078125,38.3330078125,0,,0
27351,GF-16-CAM-18,36451.561941947,36451.562312292,36451.579959712,38.3330078125,38.3330078125,0,,0
27353,GF-16-CAM-18,36451.704499229,36451.70504553,36451.728044819,38.3330078125,38.3330078125,0,,0
27355,GF-16-CAM-18,36451.853393354,36451.854227872,36451.891129639,38.3330078125,38.3330078125,0,,0
27357,GF-16-CAM-18,36452.007107361,36452.011099594,36452.035512674,38.3330078125,38.3330078125,0,,0
27359,GF-16-CAM-18,36452.157592542,36452.158173688,36452.191587098,38.3330078125,38.3330078125,0,,0
27361,GF-16-CAM-18,36452.304426747,36452.304847741,36452.337328756,38.3330078125,38.3330078125,0,,0
27363,GF-16-CAM-18,36452.454686349,36452.455586052,36452.488317253,38.3330078125,38.3330078125,0,,0
27365,GF-16-CAM-18,36452.608788577,36452.609280232,36452.641091625,38.3330078125,38.3330078125,0,,0
27367,GF-16-CAM-18,36452.749312247,36452.749944632,36452.771411807,38.3330078125,38.3330078125,0,,0
27369,GF-16-CAM-18,36452.881177884,36452.881619709,36452.922933598,38.3330078125,38.3330078125,0,,0
27371,GF-16-CAM-18,36453.040255584,36453.041797286,36453.095202067,38.3330078125,38.3330078125,0,,0
27373,GF-16-CAM-18,36453.207545392,36453.208038061,36453.24702593,38.3330078125,38.3330078125,0,,0
27375,GF-16-CAM-18,36453.376520715,36453.376931291,36453.411282776,38.3330078125,38.3330078125,0,,0
27377,GF-16-CAM-18,36453.566131061,36453.566529106,36453.593365014,38.3330078125,38.3330078125,0,,0
27379,GF-16-CAM-18,36453.72086801,36453.721433401,36453.763349246,38.3330078125,38.3330078125,0,,0
27381,GF-16-CAM-18,36453.882302927,36453.884739355,36453.91001823,38.3330078125,38.3330078125,0,,0
27383,GF-16-CAM-18,36454.017781649,36454.018378787,36454.046517641,38.3330078125,38.3330078125,0,,0
27385,GF-16-CAM-18,36454.166361884,36454.167194913,36454.187319541,38.3330078125,38.3330078125,0,,0
27387,GF-16-CAM-18,36454.289197699,36454.290606276,36454.333682337,38.3330078125,38.3330078125,0,,0
27389,GF-16-CAM-18,36454.448934719,36454.450614511,36454.490145502,38.3330078125,38.3330078125,0,,0
27391,GF-16-CAM-18,36454.59314923,36454.59353463,36454.622752556,38.3330078125,38.3330078125,0,,0
27393,GF-16-CAM-18,36454.733667055,36454.734568101,36454.767055782,38.3330078125,38.3330078125,0,,0
27395,GF-16-CAM-18,36454.884601592,36454.885039907,36454.923122952,38.3330078125,38.3330078125,0,,0
27397,GF-16-CAM-18,36455.027759888,36455.0287799,36455.058136478,38.3330078125,38.3330078125,0,,0
27399,GF-16-CAM-18,36455.179620988,36455.180148913,36455.203763875,38.3330078125,38.3330078125,0,,0
27401,GF-16-CAM-18,36455.324910669,36455.325551582,36455.355163139,38.3330078125,38.3330078125,0,,0
27403,GF-16-CAM-18,36455.492303312,36455.493595324,36455.52356791,38.3330078125,38.3330078125,0,,0
27405,GF-16-CAM-18,36455.65442968,36455.656492925,36455.692208309,38.3330078125,38.3330078125,0,,0
27407,GF-16-CAM-18,36455.810242575,36455.811126198,36455.840423608,38.3330078125,38.3330078125,0,,0
27409,GF-16-CAM-18,36455.942674425,36455.94308803,36455.975658172,38.3330078125,38.3330078125,0,,0
27411,GF-16-CAM-18,36456.100511795,36456.101155901,36456.131971727,38.3330078125,38.3330078125,0,,0
27413,GF-16-CAM-18,36456.244890584,36456.245773313,36456.274360233,38.3330078125,38.3330078125,0,,0
27415,GF-16-CAM-18,36456.369759471,36456.370876837,36456.392808551,38.3330078125,38.3330078125,0,,0
27417,GF-16-CAM-18,36456.506695657,36456.507073094,36456.540531523,38.3330078125,38.3330078125,0,,0
27419,GF-16-CAM-18,36456.646581339,36456.647082082,36456.674861884,38.3330078125,38.3330078125,0,,0
27421,GF-16-CAM-18,36456.780237518,36456.78072752,36456.804817849,38.3330078125,38.3330078125,0,,0
27423,GF-16-CAM-18,36456.910491296,36456.911182855,36456.93995228,38.3330078125,38.3330078125,0,,0
27425,GF-16-CAM-18,36457.046982678,36457.047444743,36457.071496187,38.3330078125,38.3330078125,0,,0
27427,GF-16-CAM-18,36457.175897617,36457.176446188,36457.200368795,38.3330078125,38.3330078125,0,,0
27429,GF-16-CAM-18,36457.309348417,36457.310089023,36457.328782744,38.3330078125,38.3330078125,0,,0
27431,GF-16-CAM-18,36457.439564469,36457.44040541,36457.479089278,38.3330078125,38.3330078125,0,,0
27433,GF-16-CAM-18,36457.593644507,36457.594495072,36457.628170149,38.3330078125,38.3330078125,0,,0
27435,GF-16-CAM-18,36457.749647545,36457.75044744,36457.774302078,38.3330078125,38.3330078125,0,,0
27437,GF-16-CAM-18,36457.893599751,36457.894377678,36457.934629683,38.3330078125,38.3330078125,0,,0
27439,GF-16-CAM-18,36458.055321729,36458.055913978,36458.084520297,38.3330078125,38.3330078125,0,,0
27441,GF-16-CAM-18,36458.193987612,36458.194584574,36458.232895061,38.3330078125,38.3330078125,0,,0
27443,GF-16-CAM-18,36458.349596211,36458.353069595,36458.39703277,38.3330078125,38.3330078125,0,,0
27445,GF-16-CAM-18,36458.519782085,36458.520575,36458.548380225,38.3330078125,38.3330078125,0,,0
27447,GF-16-CAM-18,36458.674400656,36458.674804578,36458.697854801,38.3330078125,38.3330078125,0,,0
27449,GF-16-CAM-18,36458.808605095,36458.808993651,36458.843483157,38.3330078125,38.3330078125,0,,0
27451,GF-16-CAM-18,36458.956163721,36458.959980482,36459.004688825,38.3330078125,38.3330078125,0,,0
27453,GF-16-CAM-18,36459.117544499,36459.118249167,36459.138524156,38.3330078125,38.3330078125,0,,0
27455,GF-16-CAM-18,36459.25780594,36459.258325874,36459.291111445,38.3330078125,38.3330078125,0,,0
27457,GF-16-CAM-18,36459.408599983,36459.409491214,36459.453747098,38.3330078125,38.3330078125,0,,0
27459,GF-16-CAM-18,36459.583778417,36459.584374915,36459.610188256,38.3330078125,38.3330078125,0,,0
27461,GF-16-CAM-18,36459.738038257,36459.738600434,36459.78733583,38.3330078125,38.3330078125,0,,0
27463,GF-16-CAM-18,36459.904737631,36459.905681466,36459.930579638,38.3330078125,38.3330078125,0,,0
27465,GF-16-CAM-18,36460.050779022,36460.051587583,36460.081585868,38.3330078125,38.3330078125,0,,0
27467,GF-16-CAM-18,36460.198629344,36460.199202338,36460.227569182,38.3330078125,38.3330078125,0,,0
27469,GF-16-CAM-18,36460.343347242,36460.343763162,36460.374508176,38.3330078125,38.3330078125,0,,0
27471,GF-16-CAM-18,36460.526514715,36460.527260247,36460.558867767,38.3330078125,38.3330078125,0,,0
27473,GF-16-CAM-18,36460.677951822,36460.67838857,36460.703834362,38.3330078125,38.3330078125,0,,0
27475,GF-16-CAM-18,36460.816909256,36460.8175244,36460.84892407,38.3330078125,38.3330078125,0,,0
27477,GF-16-CAM-18,36460.96469489,36460.965676426,36460.98587576,38.3330078125,38.3330078125,0,,0
27479,GF-16-CAM-18,36461.095356426,36461.096451715,36461.124743024,38.3330078125,38.3330078125,0,,0
27481,GF-16-CAM-18,36461.241387524,36461.242184483,36461.275219919,38.3330078125,38.3330078125,0,,0
27483,GF-16-CAM-18,36461.39530896,36461.39587764,36461.429403812,38.3330078125,38.3330078125,0,,0
27485,GF-16-CAM-18,36461.546791133,36461.54721485,36461.583875009,38.3330078125,38.3330078125,0,,0
27487,GF-16-CAM-18,36461.700100218,36461.70085634,36461.735346175,38.3330078125,38.3330078125,0,,0
27489,GF-16-CAM-18,36461.889343454,36461.889925257,36461.916667488,38.3330078125,38.3330078125,0,,0
27491,GF-16-CAM-18,36462.037353009,36462.038261334,36462.065213706,38.3330078125,38.3330078125,0,,0
27493,GF-16-CAM-18,36462.173101321,36462.173438122,36462.196312126,38.3330078125,38.3330078125,0,,0
27495,GF-16-CAM-18,36462.299242799,36462.300095719,36462.331847591,38.3330078125,38.3330078125,0,,0
27497,GF-16-CAM-18,36462.4533031,36462.453833048,36462.485736974,38.3330078125,38.3330078125,0,,0
27499,GF-16-CAM-18,36462.594474385,36462.594999566,36462.63529761,38.3330078125,38.3330078125,0,,0
27501,GF-16-CAM-18,36462.750759632,36462.751386989,36462.785150621,38.3330078125,38.3330078125,0,,0
27503,GF-16-CAM-18,36462.891572593,36462.89266964,36462.930635442,38.3330078125,38.3330078125,0,,0
27505,GF-16-CAM-18,36463.051211412,36463.052905852,36463.079450146,38.3330078125,38.3330078125,0,,0
27507,GF-16-CAM-18,36463.188623441,36463.189091652,36463.22478193,38.3330078125,38.3330078125,0,,0
27509,GF-16-CAM-18,36463.334838819,36463.335309688,36463.373738938,38.3330078125,38.3330078125,0,,0
27511,GF-16-CAM-18,36463.505055994,36463.505549669,36463.525709479,38.3330078125,38.3330078125,0,,0
27513,GF-16-CAM-18,36463.628123892,36463.62857406,36463.65875072,38.3330078125,38.3330078125,0,,0
27515,GF-16-CAM-18,36463.777368548,36463.778260013,36463.805818932,38.3330078125,38.3330078125,0,,0
27517,GF-16-CAM-18,36463.919470184,36463.919813741,36463.957422177,38.3330078125,38.3330078125,0,,0
27519,GF-16-CAM-18,36464.084088641,36464.084756943,36464.114330941,38.3330078125,38.3330078125,0,,0
27521,GF-16-CAM-18,36464.225483853,36464.225847539,36464.257888019,38.3330078125,38.3330078125,0,,0
27523,GF-16-CAM-18,36464.377225569,36464.378166698,36464.410598226,38.3330078125,38.3330078125,0,,0
27525,GF-16-CAM-18,36464.528304846,36464.528823158,36464.553483812,38.3330078125,38.3330078125,0,,0
27527,GF-16-CAM-18,36464.667306125,36464.66924003,36464.700157423,38.3330078125,38.3330078125,0,,0
27529,GF-16-CAM-18,36464.821639358,36464.822315015,36464.859498457,38.3330078125,38.3330078125,0,,0
27531,GF-16-CAM-18,36464.96388442,36464.964266352,36464.991191313,38.3330078125,38.3330078125,0,,0
27533,GF-16-CAM-18,36465.119131513,36465.119635315,36465.146597795,38.3330078125,38.3330078125,0,,0
27535,GF-16-CAM-18,36465.25572324,36465.256081921,36465.279114213,38.3330078125,38.3330078125,0,,0
27537,GF-16-CAM-18,36465.395607773,36465.396702271,36465.432496773,38.3330078125,38.3330078125,0,,0
27539,GF-16-CAM-18,36465.549054347,36465.549746013,36465.585089273,38.3330078125,38.3330078125,0,,0
27541,GF-16-CAM-18,36465.69371648,36465.694166771,36465.734197905,38.3330078125,38.3330078125,0,,0
27543,GF-16-CAM-18,36465.889937332,36465.892313719,36465.9318624,38.3330078125,38.3330078125,0,,0
27545,GF-16-CAM-18,36466.042352834,36466.042835413,36466.070976429,38.3330078125,38.3330078125,0,,0
27547,GF-16-CAM-18,36466.200802872,36466.20489229,36466.244879751,38.3330078125,38.3330078125,0,,0
27549,GF-16-CAM-18,36466.352106294,36466.352599261,36466.388290242,38.3330078125,38.3330078125,0,,0
27551,GF-16-CAM-18,36466.491623221,36466.492025985,36466.524438223,38.3330078125,38.3330078125,0,,0
27553,GF-16-CAM-18,36466.640842379,36466.641664346,36466.68029889,38.3330078125,38.3330078125,0,,0
27555,GF-16-CAM-18,36466.80315737,36466.804141259,36466.834217708,38.3330078125,38.3330078125,0,,0
27557,GF-16-CAM-18,36466.94833493,36466.948941639,36466.978765809,38.3330078125,38.3330078125,0,,0
27559,GF-16-CAM-18,36467.098625975,36467.099811198,36467.128642535,38.3330078125,38.3330078125,0,,0
27561,GF-16-CAM-18,36467.240133293,36467.240791769,36467.267405928,38.3330078125,38.3330078125,0,,0
27563,GF-16-CAM-18,36467.385846961,36467.386387608,36467.406326062,38.3330078125,38.3330078125,0,,0
27565,GF-16-CAM-18,36467.53435742,36467.535013627,36467.562871644,38.3330078125,38.3330078125,0,,0
27567,GF-16-CAM-18,36467.672180983,36467.67283604,36467.697692276,38.3330078125,38.3330078125,0,,0
27569,GF-16-CAM-18,36467.828144548,36467.829132221,36467.859612458,38.3330078125,38.3330078125,0,,0
27571,GF-16-CAM-18,36467.987045521,36467.987563132,36468.016583677,38.3330078125,38.3330078125,0,,0
27573,GF-16-CAM-18,36468.134914564,36468.135816197,36468.163780224,38.3330078125,38.3330078125,0,,0
27575,GF-16-CAM-18,36468.273702493,36468.27409087,36468.298813882,38.3330078125,38.3330078125,0,,0
27577,GF-16-CAM-18,36468.420762705,36468.421806633,36468.44968936,38.3330078125,38.3330078125,0,,0
27579,GF-16-CAM-18,36468.566122624,36468.566862726,36468.603607286,38.3330078125,38.3330078125,0,,0
27581,GF-16-CAM-18,36468.726092527,36468.726648686,36468.748454939,38.3330078125,38.3330078125,0,,0
27583,GF-16-CAM-18,36468.854484518,36468.854939901,36468.882983921,38.3330078125,38.3330078125,0,,0
27585,GF-16-CAM-18,36469.000843866,36469.001658707,36469.031321401,38.3330078125,38.3330078125,0,,0
27587,GF-16-CAM-18,36469.145442069,36469.145918994,36469.18815443,38.3330078125,38.3330078125,0,,0
27589,GF-16-CAM-18,36469.299537049,36469.299997117,36469.332406403,38.3330078125,38.3330078125,0,,0
27591,GF-16-CAM-18,36469.436746975,36469.437318457,36469.462788426,38.3330078125,38.3330078125,0,,0
27593,GF-16-CAM-18,36469.584326912,36469.586031053,36469.612303477,38.3330078125,38.3330078125,0,,0
27595,GF-16-CAM-18,36469.734993996,36469.735710466,36469.767121388,38.3330078125,38.3330078125,0,,0
27597,GF-16-CAM-18,36469.885853682,36469.886413372,36469.918397865,38.3330078125,38.3330078125,0,,0
27599,GF-16-CAM-18,36470.029758367,36470.030247116,36470.082165563,38.3330078125,38.3330078125,0,,0
27601,GF-16-CAM-18,36470.200760662,36470.201321455,36470.232972776,38.3330078125,38.3330078125,0,,0
27603,GF-16-CAM-18,36470.341241524,36470.341812413,36470.377384508,38.3330078125,38.3330078125,0,,0
27605,GF-16-CAM-18,36470.479584605,36470.480287431,36470.516095853,38.3330078125,38.3330078125,0,,0
27607,GF-16-CAM-18,36470.623122055,36470.623750565,36470.651748164,38.3330078125,38.3330078125,0,,0
27609,GF-16-CAM-18,36470.762017022,36470.765205585,36470.802595169,38.3330078125,38.3330078125,0,,0
27611,GF-16-CAM-18,36470.917581804,36470.91822084,36470.953424851,38.3330078125,38.3330078125,0,,0
27613,GF-16-CAM-18,36471.071376155,36471.072124764,36471.107496203,38.3330078125,38.3330078125,0,,0
27615,GF-16-CAM-18,36471.21050399,36471.211080855,36471.244584386,38.3330078125,38.3330078125,0,,0
27617,GF-16-CAM-18,36471.366302931,36471.366860116,36471.386861054,38.3330078125,38.3330078125,0,,0
27619,GF-16-CAM-18,36471.507900859,36471.508776514,36471.53644709,38.3330078125,38.3330078125,0,,0
27621,GF-16-CAM-18,36471.653549165,36471.65438083,36471.681336853,38.3330078125,38.3330078125,0,,0
27623,GF-16-CAM-18,36471.795385606,36471.796065998,36471.821404717,38.3330078125,38.3330078125,0,,0
27625,GF-16-CAM-18,36471.933028503,36471.933350877,36471.95472676,38.3330078125,38.3330078125,0,,0
27627,GF-16-CAM-18,36472.063963841,36472.064504579,36472.094440594,38.3330078125,38.3330078125,0,,0
27629,GF-16-CAM-18,36472.21749607,36472.218075499,36472.246061567,38.3330078125,38.3330078125,0,,0
27631,GF-16-CAM-18,36472.356565276,36472.357295126,36472.378115692,38.3330078125,38.3330078125,0,,0
27633,GF-16-CAM-18,36472.493994199,36472.4944161,36472.518480643,38.3330078125,38.3330078125,0,,0
27635,GF-16-CAM-18,36472.631271252,36472.631662102,36472.668889327,38.3330078125,38.3330078125,0,,0
27637,GF-16-CAM-18,36472.793633853,36472.794205173,36472.81442373,38.3330078125,38.3330078125,0,,0
27639,GF-16-CAM-18,36472.942827681,36472.943583974,36472.976793027,38.3330078125,38.3330078125,0,,0
27641,GF-16-CAM-18,36473.101343337,36473.101807738,36473.126190562,38.3330078125,38.3330078125,0,,0
27643,GF-16-CAM-18,36473.230387277,36473.231602376,36473.271428919,38.3330078125,38.3330078125,0,,0
27645,GF-16-CAM-18,36473.394460743,36473.395158448,36473.427930335,38.3330078125,38.3330078125,0,,0
27647,GF-16-CAM-18,36473.545172789,36473.545603482,36473.569365431,38.3330078125,38.3330078125,0,,0
27649,GF-16-CAM-18,36473.694877281,36473.695452661,36473.715977571,38.3330078125,38.3330078125,0,,0
27651,GF-16-CAM-18,36473.834282783,36473.834732679,36473.865042816,38.3330078125,38.3330078125,0,,0
27653,GF-16-CAM-18,36473.980490952,36473.981137693,36474.016943104,38.3330078125,38.3330078125,0,,0
27655,GF-16-CAM-18,36474.129386524,36474.129955955,36474.166473752,38.3330078125,38.3330078125,0,,0
27657,GF-16-CAM-18,36474.279035646,36474.279708821,36474.316300681,38.3330078125,38.3330078125,0,,0
27659,GF-16-CAM-18,36474.438723242,36474.439200431,36474.467774643,38.3330078125,38.3330078125,0,,0
27661,GF-16-CAM-18,36474.591413993,36474.591908856,36474.614431135,38.3330078125,38.3330078125,0,,0
27663,GF-16-CAM-18,36474.732927699,36474.733466398,36474.757839061,38.3330078125,38.3330078125,0,,0
27665,GF-16-CAM-18,36474.871338928,36474.871721187,36474.900784331,38.3330078125,38.3330078125,0,,0
27667,GF-16-CAM-18,36475.024289047,36475.024730277,36475.053282455,38.3330078125,38.3330078125,0,,0
27669,GF-16-CAM-18,36475.16850502,36475.169470627,36475.204850377,38.3330078125,38.3330078125,0,,0
27671,GF-16-CAM-18,36475.319405249,36475.323144686,36475.350116196,38.3330078125,38.3330078125,0,,0
27673,GF-16-CAM-18,36475.461379229,36475.464145152,36475.507475822,38.3330078125,38.3330078125,0,,0
27675,GF-16-CAM-18,36475.62472783,36475.625303574,36475.657764696,38.3330078125,38.3330078125,0,,0
27677,GF-16-CAM-18,36475.762623038,36475.763399723,36475.794121991,38.3330078125,38.3330078125,0,,0
27679,GF-16-CAM-18,36475.909301813,36475.91016077,36475.948071881,38.3330078125,38.3330078125,0,,0
27681,GF-16-CAM-18,36476.061630445,36476.062385038,36476.098842229,38.3330078125,38.3330078125,0,,0
27683,GF-16-CAM-18,36476.209778936,36476.211292895,36476.241782964,38.3330078125,38.3330078125,0,,0
27685,GF-16-CAM-18,36476.341260142,36476.341832504,36476.373597397,38.3330078125,38.3330078125,0,,0
27687,GF-16-CAM-18,36476.487094215,36476.487938155,36476.517977117,38.3330078125,38.3330078125,0,,0
27689,GF-16-CAM-18,36476.644243074,36476.645415523,36476.6842219,38.3330078125,38.3330078125,0,,0
27691,GF-16-CAM-18,36476.798786455,36476.799145668,36476.822246069,38.3330078125,38.3330078125,0,,0
27693,GF-16-CAM-18,36476.938285676,36476.941074052,36476.971243606,38.3330078125,38.3330078125,0,,0
27695,GF-16-CAM-18,36477.082033622,36477.082423584,36477.10895143,38.3330078125,38.3330078125,0,,0
27697,GF-16-CAM-18,36477.240598833,36477.2411394,36477.278596585,38.3330078125,38.3330078125,0,,0
27699,GF-16-CAM-18,36477.389253502,36477.390543435,36477.417300289,38.3330078125,38.3330078125,0,,0
27701,GF-16-CAM-18,36477.530675291,36477.531038827,36477.553713118,38.3330078125,38.3330078125,0,,0
27703,GF-16-CAM-18,36477.665205405,36477.665781431,36477.704052095,38.3330078125,38.3330078125,0,,0
27705,GF-16-CAM-18,36477.821955742,36477.823881754,36477.853532423,38.3330078125,38.3330078125,0,,0
27707,GF-16-CAM-18,36477.962592391,36477.964179106,36477.996781186,38.3330078125,38.3330078125,0,,0
27709,GF-16-CAM-18,36478.116679787,36478.117425472,36478.163151075,38.3330078125,38.3330078125,0,,0
27711,GF-16-CAM-18,36478.295605312,36478.297542605,36478.326833333,38.3330078125,38.3330078125,0,,0
27713,GF-16-CAM-18,36478.444664221,36478.445081685,36478.479823668,38.3330078125,38.3330078125,0,,0
27715,GF-16-CAM-18,36478.598261245,36478.601562769,36478.636422624,38.3330078125,38.3330078125,0,,0
27717,GF-16-CAM-18,36478.751932078,36478.752345072,36478.784225436,38.3330078125,38.3330078125,0,,0
27719,GF-16-CAM-18,36478.902149525,36478.902524589,36478.928625947,38.3330078125,38.3330078125,0,,0
27721,GF-16-CAM-18,36479.037504259,36479.037890224,36479.067267638,38.3330078125,38.3330078125,0,,0
27723,GF-16-CAM-18,36479.264911855,36479.266098505,36479.315744976,38.3330078125,38.3330078125,0,,0
27725,GF-16-CAM-18,36479.433912313,36479.434566851,36479.482318069,38.3330078125,38.3330078125,0,,0
27727,GF-16-CAM-18,36479.600958836,36479.601479715,36479.620488325,38.3330078125,38.3330078125,0,,0
27729,GF-16-CAM-18,36479.756471723,36479.756924191,36479.782595502,38.3330078125,38.3330078125,0,,0
27731,GF-16-CAM-18,36479.900373081,36479.900770105,36479.931622486,38.3330078125,38.3330078125,0,,0
27733,GF-16-CAM-18,36480.043591589,36480.046040839,36480.074710041,38.3330078125,38.3330078125,0,,0
27735,GF-16-CAM-18,36480.183031854,36480.183515052,36480.206764566,38.3330078125,38.3330078125,0,,0
27737,GF-16-CAM-18,36480.31721971,36480.317796798,36480.349794919,38.3330078125,38.3330078125,0,,0
27739,GF-16-CAM-18,36480.459786216,36480.462592298,36480.491533459,38.3330078125,38.3330078125,0,,0
27741,GF-16-CAM-18,36480.617163376,36480.617732092,36480.648237936,38.3330078125,38.3330078125,0,,0
27743,GF-16-CAM-18,36480.763864453,36480.764525673,36480.792781045,38.3330078125,38.3330078125,0,,0
27745,GF-16-CAM-18,36480.907628448,36480.908238931,36480.935673515,38.3330078125,38.3330078125,0,,0
27747,GF-16-CAM-18,36481.048478133,36481.049203141,36481.083482045,38.3330078125,38.3330078125,0,,0
27749,GF-16-CAM-18,36481.189654891,36481.19011881,36481.223329566,38.3330078125,38.3330078125,0,,0
27751,GF-16-CAM-18,36481.338942603,36481.339474407,36481.367245747,38.3330078125,38.3330078125,0,,0
27753,GF-16-CAM-18,36481.476878114,36481.477379081,36481.503342137,38.3330078125,38.3330078125,0,,0
27755,GF-16-CAM-18,36481.619451137,36481.620034513,36481.639701666,38.3330078125,38.3330078125,0,,0
27757,GF-16-CAM-18,36481.752429118,36481.75291277,36481.781582182,38.3330078125,38.3330078125,0,,0
27759,GF-16-CAM-18,36481.89080929,36481.891310197,36481.923920337,38.3330078125,38.3330078125,0,,0
27761,GF-16-CAM-18,36482.02335995,36482.023793878,36482.050203157,38.3330078125,38.3330078125,0,,0
27763,GF-16-CAM-18,36482.162058587,36482.162562232,36482.192068794,38.3330078125,38.3330078125,0,,0
27765,GF-16-CAM-18,36482.303873343,36482.304738832,36482.339606484,38.3330078125,38.3330078125,0,,0
27767,GF-16-CAM-18,36482.479709236,36482.480284104,36482.515812917,38.3330078125,38.3330078125,0,,0
27769,GF-16-CAM-18,36482.636605788,36482.637627918,36482.669870519,38.3330078125,38.3330078125,0,,0
27771,GF-16-CAM-18,36482.776703978,36482.777341159,36482.814235426,38.3330078125,38.3330078125,0,,0
27773,GF-16-CAM-18,36482.939145588,36482.93951843,36482.975243626,38.3330078125,38.3330078125,0,,0
27775,GF-16-CAM-18,36483.106857217,36483.109556326,36483.151511907,38.3330078125,38.3330078125,0,,0
27777,GF-16-CAM-18,36483.26313175,36483.263972148,36483.29568194,38.3330078125,38.3330078125,0,,0
27779,GF-16-CAM-18,36483.415265878,36483.416244623,36483.442730386,38.3330078125,38.3330078125,0,,0
27781,GF-16-CAM-18,36483.55873536,36483.559266283,36483.582460808,38.3330078125,38.3330078125,0,,0
27783,GF-16-CAM-18,36483.693671543,36483.696494132,36483.735228333,38.3330078125,38.3330078125,0,,0
27785,GF-16-CAM-18,36483.835855847,36483.837269112,36483.865086315,38.3330078125,38.3330078125,0,,0
27787,GF-16-CAM-18,36483.968595948,36483.969201201,36483.992632694,38.3330078125,38.3330078125,0,,0
27789,GF-16-CAM-18,36484.10557748,36484.106315368,36484.139052786,38.3330078125,38.3330078125,0,,0
27791,GF-16-CAM-18,36484.252838479,36484.25330249,36484.296106426,38.3330078125,38.3330078125,0,,0
27793,GF-16-CAM-18,36484.412388344,36484.412908686,36484.434446416,38.3330078125,38.3330078125,0,,0
27795,GF-16-CAM-18,36484.580467494,36484.586448074,36484.622639138,38.3330078125,38.3330078125,0,,0
27797,GF-16-CAM-18,36484.735355372,36484.735715023,36484.769043473,38.3330078125,38.3330078125,0,,0
27799,GF-16-CAM-18,36484.889187679,36484.889760016,36484.924813581,38.3330078125,38.3330078125,0,,0
27801,GF-16-CAM-18,36485.039029713,36485.039871469,36485.068357648,38.3330078125,38.3330078125,0,,0
27803,GF-16-CAM-18,36485.187550027,36485.188022424,36485.224100065,38.3330078125,38.3330078125,0,,0
27805,GF-16-CAM-18,36485.368313277,36485.368942835,36485.391969614,38.3330078125,38.3330078125,0,,0
27807,GF-16-CAM-18,36485.525618785,36485.526620652,36485.565141176,38.3330078125,38.3330078125,0,,0
27809,GF-16-CAM-18,36485.688034779,36485.688838952,36485.729860952,38.3330078125,38.3330078125,0,,0
27811,GF-16-CAM-18,36485.852344693,36485.853233664,36485.883628792,38.3330078125,38.3330078125,0,,0
27813,GF-16-CAM-18,36486.017559868,36486.018356373,36486.05293344,38.3330078125,38.3330078125,0,,0
27815,GF-16-CAM-18,36486.151953426,36486.152636838,36486.176102053,38.3330078125,38.3330078125,0,,0
27817,GF-16-CAM-18,36486.283059598,36486.28363762,36486.321267478,38.3330078125,38.3330078125,0,,0
27819,GF-16-CAM-18,36486.440678052,36486.441474569,36486.479179691,38.3330078125,38.3330078125,0,,0
27821,GF-16-CAM-18,36486.605164042,36486.605687149,36486.639480152,38.3330078125,38.3330078125,0,,0
27823,GF-16-CAM-18,36486.76644596,36486.76683388,36486.790426315,38.3330078125,38.3330078125,0,,0
27825,GF-16-CAM-18,36486.901877549,36486.90263545,36486.941090298,38.3330078125,38.3330078125,0,,0
27827,GF-16-CAM-18,36487.038828456,36487.039632431,36487.070182414,38.3330078125,38.3330078125,0,,0
27829,GF-16-CAM-18,36487.185081442,36487.185622117,36487.223847581,38.3330078125,38.3330078125,0,,0
27831,GF-16-CAM-18,36487.330191324,36487.331466876,36487.362986375,38.3330078125,38.3330078125,0,,0
27833,GF-16-CAM-18,36487.487071462,36487.487822545,36487.512302401,38.3330078125,38.3330078125,0,,0
27835,GF-16-CAM-18,36487.624016974,36487.624583419,36487.654922977,38.3330078125,38.3330078125,0,,0
27837,GF-16-CAM-18,36487.76524189,36487.765624652,36487.792435123,38.3330078125,38.3330078125,0,,0
27839,GF-16-CAM-18,36487.915605426,36487.916143116,36487.944123698,38.3330078125,38.3330078125,0,,0
27841,GF-16-CAM-18,36488.070230353,36488.07105538,36488.104593507,38.3330078125,38.3330078125,0,,0
27843,GF-16-CAM-18,36488.217103588,36488.217481857,36488.240707318,38.3330078125,38.3330078125,0,,0
27845,GF-16-CAM-18,36488.339110243,36488.339939296,36488.375358714,38.3330078125,38.3330078125,0,,0
27847,GF-16-CAM-18,36488.490217355,36488.490933213,36488.536267336,38.3330078125,38.3330078125,0,,0
27849,GF-16-CAM-18,36488.653381015,36488.653973584,36488.686284274,38.3330078125,38.3330078125,0,,0
27851,GF-16-CAM-18,36488.802868623,36488.805061044,36488.843982188,38.3330078125,38.3330078125,0,,0
27853,GF-16-CAM-18,36488.952442806,36488.953346423,36488.976238319,38.3330078125,38.3330078125,0,,0
27855,GF-16-CAM-18,36489.08745854,36489.088344634,36489.115484388,38.3330078125,38.3330078125,0,,0
27857,GF-16-CAM-18,36489.214145043,36489.216684787,36489.248434968,38.3330078125,38.3330078125,0,,0
27859,GF-16-CAM-18,36489.373337566,36489.373990319,36489.408592833,38.3330078125,38.3330078125,0,,0
27861,GF-16-CAM-18,36489.519148085,36489.519470576,36489.548222761,38.3330078125,38.3330078125,0,,0
27863,GF-16-CAM-18,36489.664313095,36489.664865688,36489.687838004,38.3330078125,38.3330078125,0,,0
27865,GF-16-CAM-18,36489.805499511,36489.80608143,36489.842490582,38.3330078125,38.3330078125,0,,0
27867,GF-16-CAM-18,36489.983445752,36489.984131936,36490.020901229,38.3330078125,38.3330078125,0,,0
27869,GF-16-CAM-18,36490.141595305,36490.14213427,36490.179950269,38.3330078125,38.3330078125,0,,0
27871,GF-16-CAM-18,36490.300988767,36490.301802692,36490.333894703,38.3330078125,38.3330078125,0,,0
27873,GF-16-CAM-18,36490.471575532,36490.472325493,36490.50532115,38.3330078125,38.3330078125,0,,0
27875,GF-16-CAM-18,36490.6317437,36490.633075009,36490.674988665,38.3330078125,38.3330078125,0,,0
27877,GF-16-CAM-18,36490.783185783,36490.783565345,36490.814768694,38.3330078125,38.3330078125,0,,0
27879,GF-16-CAM-18,36490.974220708,36490.97515207,36491.024645016,38.3330078125,38.3330078125,0,,0
27881,GF-16-CAM-18,36491.186954749,36491.187594491,36491.221721237,38.3330078125,38.3330078125,0,,0
27883,GF-16-CAM-18,36491.33991866,36491.341216295,36491.370513782,38.3330078125,38.3330078125,0,,0
27885,GF-16-CAM-18,36491.489903257,36491.490536237,36491.527582622,38.3330078125,38.3330078125,0,,0
27887,GF-16-CAM-18,36491.636952595,36491.637651163,36491.663785806,38.3330078125,38.3330078125,0,,0
27889,GF-16-CAM-18,36491.80468483,36491.805458337,36491.833925627,38.3330078125,38.3330078125,0,,0
27891,GF-16-CAM-18,36491.960088128,36491.962282892,36491.997631774,38.3330078125,38.3330078125,0,,0
27893,GF-16-CAM-18,36492.127515877,36492.128245129,36492.155642143,38.3330078125,38.3330078125,0,,0
27895,GF-16-CAM-18,36492.275830516,36492.276516611,36492.303852499,38.3330078125,38.3330078125,0,,0
27897,GF-16-CAM-18,36492.43217659,36492.43274871,36492.474688424,38.3330078125,38.3330078125,0,,0
27899,GF-16-CAM-18,36492.605211026,36492.605994535,36492.641834179,38.3330078125,38.3330078125,0,,0
27901,GF-16-CAM-18,36492.760558763,36492.76147948,36492.793789753,38.3330078125,38.3330078125,0,,0
27903,GF-16-CAM-18,36492.914464509,36492.915080961,36492.943058354,38.3330078125,38.3330078125,0,,0
27905,GF-16-CAM-18,36493.051822328,36493.052501293,36493.087737823,38.3330078125,38.3330078125,0,,0
27907,GF-16-CAM-18,36493.205678637,36493.206402673,36493.236480626,38.3330078125,38.3330078125,0,,0
27909,GF-16-CAM-18,36493.342645289,36493.343927065,36493.3764376,38.3330078125,38.3330078125,0,,0
27911,GF-16-CAM-18,36493.498761252,36493.500372632,36493.541411468,38.3330078125,38.3330078125,0,,0
27913,GF-16-CAM-18,36493.663286994,36493.663705357,36493.688153969,38.3330078125,38.3330078125,0,,0
27915,GF-16-CAM-18,36493.836694136,36493.837782983,36493.888124049,38.3330078125,38.3330078125,0,,0
27917,GF-16-CAM-18,36494.039684302,36494.040402622,36494.080754214,38.3330078125,38.3330078125,0,,0
27919,GF-16-CAM-18,36494.240462067,36494.242077103,36494.279818672,38.3330078125,38.3330078125,0,,0
27921,GF-16-CAM-18,36494.394180607,36494.394639871,36494.42395308,38.3330078125,38.3330078125,0,,0
27923,GF-16-CAM-18,36494.546340659,36494.54740052,36494.574073886,38.3330078125,38.3330078125,0,,0
27925,GF-16-CAM-18,36494.703571179,36494.704193726,36494.72929114,38.3330078125,38.3330078125,0,,0
27927,GF-16-CAM-18,36494.856071591,36494.856495072,36494.891269283,38.3330078125,38.3330078125,0,,0
27929,GF-16-CAM-18,36495.013501464,36495.014177275,36495.048756871,38.3330078125,38.3330078125,0,,0
27931,GF-16-CAM-18,36495.196181747,36495.19754299,36495.234376943,38.3330078125,38.3330078125,0,,0
27933,GF-16-CAM-18,36495.364128506,36495.367789362,36495.391247918,38.3330078125,38.3330078125,0,,0
27935,GF-16-CAM-18,36495.513774892,36495.514774013,36495.541786576,38.3330078125,38.3330078125,0,,0
27937,GF-16-CAM-18,36495.65780331,36495.658441809,36495.695859832,38.3330078125,38.3330078125,0,,0
27939,GF-16-CAM-18,36495.817177601,36495.817626957,36495.84670885,38.3330078125,38.3330078125,0,,0
27941,GF-16-CAM-18,36495.963537864,36495.964912051,36495.99170706,38.3330078125,38.3330078125,0,,0
27943,GF-16-CAM-18,36496.118990444,36496.119540802,36496.15358141,38.3330078125,38.3330078125,0,,0
27945,GF-16-CAM-18,36496.277349126,36496.2781251,36496.298236114,38.3330078125,38.3330078125,0,,0
27947,GF-16-CAM-18,36496.410463475,36496.411154049,36496.448326358,38.3330078125,38.3330078125,0,,0
27949,GF-16-CAM-18,36496.577792548,36496.578386243,36496.608879606,38.3330078125,38.3330078125,0,,0
27951,GF-16-CAM-18,36496.729901553,36496.731703948,36496.765184641,38.3330078125,38.3330078125,0,,0
27953,GF-16-CAM-18,36496.875369895,36496.876077389,36496.912854299,38.3330078125,38.3330078125,0,,0
27955,GF-16-CAM-18,36497.018836745,36497.019328367,36497.047365438,38.3330078125,38.3330078125,0,,0
27957,GF-16-CAM-18,36497.163968903,36497.164575956,36497.190429013,38.3330078125,38.3330078125,0,,0
27959,GF-16-CAM-18,36497.308202416,36497.308957848,36497.348134776,38.3330078125,38.3330078125,0,,0
27961,GF-16-CAM-18,36497.486511734,36497.487212175,36497.52687943,38.3330078125,38.3330078125,0,,0
27963,GF-16-CAM-18,36497.648051279,36497.648578588,36497.681352356,38.3330078125,38.3330078125,0,,0
27965,GF-16-CAM-18,36497.804282411,36497.80493777,36497.832653775,38.3330078125,38.3330078125,0,,0
27967,GF-16-CAM-18,36497.949262791,36497.949879398,36497.97591018,38.3330078125,38.3330078125,0,,0
27969,GF-16-CAM-18,36498.0929628,36498.093363266,36498.121630884,38.3330078125,38.3330078125,0,,0
27971,GF-16-CAM-18,36498.279404645,36498.280111611,36498.315954228,38.3330078125,38.3330078125,0,,0
27973,GF-16-CAM-18,36498.432380397,36498.433057445,36498.470429664,38.3330078125,38.3330078125,0,,0
27975,GF-16-CAM-18,36498.589102634,36498.589735538,36498.622162695,38.3330078125,38.3330078125,0,,0
27977,GF-16-CAM-18,36498.749503728,36498.752307544,36498.788896067,38.3330078125,38.3330078125,0,,0
27979,GF-16-CAM-18,36498.901691237,36498.902156719,36498.928461063,38.3330078125,38.3330078125,0,,0
27981,GF-16-CAM-18,36499.041161509,36499.043370839,36499.080315771,38.3330078125,38.3330078125,0,,0
27983,GF-16-CAM-18,36499.195496501,36499.197076948,36499.223112403,38.3330078125,38.3330078125,0,,0
27985,GF-16-CAM-18,36499.352786357,36499.353317848,36499.376565323,38.3330078125,38.3330078125,0,,0
27987,GF-16-CAM-18,36499.49778904,36499.498834618,36499.529626057,38.3330078125,38.3330078125,0,,0
27989,GF-16-CAM-18,36499.644579543,36499.645517015,36499.674296625,38.3330078125,38.3330078125,0,,0
27991,GF-16-CAM-18,36499.795721384,36499.79648371,36499.828351796,38.3330078125,38.3330078125,0,,0
27993,GF-16-CAM-18,36499.942622845,36499.943255068,36499.9770761,38.3330078125,38.3330078125,0,,0
27995,GF-16-CAM-18,36500.082957558,36500.083456669,36500.118617267,38.3330078125,38.3330078125,0,,0
27997,GF-16-CAM-18,36500.229524192,36500.229893454,36500.248815439,38.3330078125,38.3330078125,0,,0
27999,GF-16-CAM-18,36500.355038182,36500.356008344,36500.39474914,38.3330078125,38.3330078125,0,,0
28001,GF-16-CAM-18,36500.513522457,36500.514721588,36500.547970144,38.3330078125,38.3330078125,0,,0
28003,GF-16-CAM-18,36500.676757245,36500.679119812,36500.717334581,38.3330078125,38.3330078125,0,,0
28005,GF-16-CAM-18,36500.826669332,36500.82732993,36500.860470651,38.3330078125,38.3330078125,0,,0
28007,GF-16-CAM-18,36500.978029743,36500.978636813,36501.012227658,38.3330078125,38.3330078125,0,,0
28009,GF-16-CAM-18,36501.134372736,36501.135193556,36501.179788254,38.3330078125,38.3330078125,0,,0
28011,GF-16-CAM-18,36501.297678633,36501.298292578,36501.330054436,38.3330078125,38.3330078125,0,,0
28013,GF-16-CAM-18,36501.423401658,36501.425255477,36501.451866743,38.3330078125,38.3330078125,0,,0
28015,GF-16-CAM-18,36501.57004705,36501.570399923,36501.592052725,38.3330078125,38.3330078125,0,,0
28017,GF-16-CAM-18,36501.712293394,36501.712761099,36501.741269215,38.3330078125,38.3330078125,0,,0
28019,GF-16-CAM-18,36501.86093009,36501.862193273,36501.889493797,38.3330078125,38.3330078125,0,,0
28021,GF-16-CAM-18,36502.000447473,36502.001147454,36502.029224188,38.3330078125,38.3330078125,0,,0
28023,GF-16-CAM-18,36502.140624944,36502.141140987,36502.16366003,38.3330078125,38.3330078125,0,,0
28025,GF-16-CAM-18,36502.276890305,36502.277474767,36502.312688826,38.3330078125,38.3330078125,0,,0
28027,GF-16-CAM-18,36502.438497375,36502.438921655,36502.469327124,38.3330078125,38.3330078125,0,,0
28029,GF-16-CAM-18,36502.576526939,36502.577068402,36502.620549937,38.3330078125,38.3330078125,0,,0
28031,GF-16-CAM-18,36502.751697299,36502.752581991,36502.780460385,38.3330078125,38.3330078125,0,,0
28033,GF-16-CAM-18,36502.912909335,36502.913717257,36502.948614497,38.3330078125,38.3330078125,0,,0
28035,GF-16-CAM-18,36503.065154515,36503.065869948,36503.097876909,38.3330078125,38.3330078125,0,,0
28037,GF-16-CAM-18,36503.201028686,36503.201611746,36503.230160453,38.3330078125,38.3330078125,0,,0
28039,GF-16-CAM-18,36503.356791544,36503.357242953,36503.384503845,38.3330078125,38.3330078125,0,,0
28041,GF-16-CAM-18,36503.509727503,36503.510549566,36503.539049651,38.3330078125,38.3330078125,0,,0
28043,GF-16-CAM-18,36503.69298005,36503.694980421,36503.716159822,38.3330078125,38.3330078125,0,,0
28045,GF-16-CAM-18,36503.856377284,36503.85695752,36503.874264075,38.3330078125,38.3330078125,0,,0
28047,GF-16-CAM-18,36503.995585135,36503.997108146,36504.019829253,38.3330078125,38.3330078125,0,,0
28049,GF-16-CAM-18,36504.136740992,36504.13778492,36504.160915934,38.3330078125,38.3330078125,0,,0
28051,GF-16-CAM-18,36504.262183705,36504.262600023,36504.286972532,38.3330078125,38.3330078125,0,,0
28053,GF-16-CAM-18,36504.404477699,36504.405078375,36504.429289732,38.3330078125,38.3330078125,0,,0
28055,GF-16-CAM-18,36504.55351617,36504.554376831,36504.584549656,38.3330078125,38.3330078125,0,,0
28057,GF-16-CAM-18,36504.699199246,36504.699620285,36504.729425367,38.3330078125,38.3330078125,0,,0
28059,GF-16-CAM-18,36504.834789712,36504.836207207,36504.856792894,38.3330078125,38.3330078125,0,,0
28061,GF-16-CAM-18,36504.9764829,36504.977044633,36505.004483367,38.3330078125,38.3330078125,0,,0
28063,GF-16-CAM-18,36505.123568359,36505.124310738,36505.155915356,38.3330078125,38.3330078125,0,,0
28065,GF-16-CAM-18,36505.268942416,36505.26942867,36505.294960154,38.3330078125,38.3330078125,0,,0
28067,GF-16-CAM-18,36505.403076472,36505.403920401,36505.436257201,38.3330078125,38.3330078125,0,,0
28069,GF-16-CAM-18,36505.5498034,36505.550438619,36505.584392402,38.3330078125,38.3330078125,0,,0
28071,GF-16-CAM-18,36505.721633395,36505.722381012,36505.748149162,38.3330078125,38.3330078125,0,,0
28073,GF-16-CAM-18,36505.866323786,36505.866888188,36505.898685548,38.3330078125,38.3330078125,0,,0
28075,GF-16-CAM-18,36506.010344156,36506.012418219,36506.03741438,38.3330078125,38.3330078125,0,,0
28077,GF-16-CAM-18,36506.137246251,36506.137929612,36506.171083489,38.3330078125,38.3330078125,0,,0
28079,GF-16-CAM-18,36506.263660924,36506.264051666,36506.290348591,38.3330078125,38.3330078125,0,,0
28081,GF-16-CAM-18,36506.421161309,36506.421917837,36506.451197974,38.3330078125,38.3330078125,0,,0
28083,GF-16-CAM-18,36506.577878068,36506.578390563,36506.610550829,38.3330078125,38.3330078125,0,,0
28085,GF-16-CAM-18,36506.71931421,36506.719807946,36506.742733737,38.3330078125,38.3330078125,0,,0
28087,GF-16-CAM-18,36506.864134556,36506.864899633,36506.900142417,38.3330078125,38.3330078125,0,,0
28089,GF-16-CAM-18,36507.009392633,36507.010043117,36507.042092154,38.3330078125,38.3330078125,0,,0
28091,GF-16-CAM-18,36507.150949055,36507.151654473,36507.178506553,38.3330078125,38.3330078125,0,,0
28093,GF-16-CAM-18,36507.296220587,36507.296798627,36507.324738105,38.3330078125,38.3330078125,0,,0
28095,GF-16-CAM-18,36507.447498144,36507.448130897,36507.486748882,38.3330078125,38.3330078125,0,,0
28097,GF-16-CAM-18,36507.607677188,36507.608210697,36507.641520673,38.3330078125,38.3330078125,0,,0
28099,GF-16-CAM-18,36507.769162708,36507.769585262,36507.808864256,38.3330078125,38.3330078125,0,,0
28101,GF-16-CAM-18,36507.930887022,36507.93174502,36507.958854585,38.3330078125,38.3330078125,0,,0
28103,GF-16-CAM-18,36508.08029736,36508.080752142,36508.115962212,38.3330078125,38.3330078125,0,,0
28105,GF-16-CAM-18,36508.223962078,36508.226055088,36508.256973908,38.3330078125,38.3330078125,0,,0
28107,GF-16-CAM-18,36508.36271085,36508.363140622,36508.386775561,38.3330078125,38.3330078125,0,,0
28109,GF-16-CAM-18,36508.519466608,36508.520179953,36508.551287015,38.3330078125,38.3330078125,0,,0
28111,GF-16-CAM-18,36508.684394013,36508.684992828,36508.711535172,38.3330078125,38.3330078125,0,,0
28113,GF-16-CAM-18,36508.831167509,36508.83171222,36508.857206213,38.3330078125,38.3330078125,0,,0
28115,GF-16-CAM-18,36508.980353541,36508.980847761,36509.011934098,38.3330078125,38.3330078125,0,,0
28117,GF-16-CAM-18,36509.130305638,36509.13071523,36509.156711928,38.3330078125,38.3330078125,0,,0
28119,GF-16-CAM-18,36509.271971283,36509.272757097,36509.30037345,38.3330078125,38.3330078125,0,,0
28121,GF-16-CAM-18,36509.426874507,36509.427513754,36509.460473091,38.3330078125,38.3330078125,0,,0
28123,GF-16-CAM-18,36509.577609259,36509.578279208,36509.615072209,38.3330078125,38.3330078125,0,,0
28125,GF-16-CAM-18,36509.733462715,36509.733986858,36509.764911085,38.3330078125,38.3330078125,0,,0
28127,GF-16-CAM-18,36509.891508557,36509.892384017,36509.924367497,38.3330078125,38.3330078125,0,,0
28129,GF-16-CAM-18,36510.023975793,36510.024670477,36510.055476545,38.3330078125,38.3330078125,0,,0
28131,GF-16-CAM-18,36510.171514522,36510.17270203,36510.20029498,38.3330078125,38.3330078125,0,,0
28133,GF-16-CAM-18,36510.31242617,36510.313157753,36510.337332772,38.3330078125,38.3330078125,0,,0
28135,GF-16-CAM-18,36510.446146345,36510.446650233,36510.476585851,38.3330078125,38.3330078125,0,,0
28137,GF-16-CAM-18,36510.593322115,36510.593948149,36510.626773822,38.3330078125,38.3330078125,0,,0
28139,GF-16-CAM-18,36510.762982928,36510.763455654,36510.793612131,38.3330078125,38.3330078125,0,,0
28141,GF-16-CAM-18,36510.925429976,36510.92631239,36510.956114963,38.3330078125,38.3330078125,0,,0
28143,GF-16-CAM-18,36511.073292641,36511.073760288,36511.104998527,38.3330078125,38.3330078125,0,,0
28145,GF-16-CAM-18,36511.212403763,36511.212786491,36511.239301002,38.3330078125,38.3330078125,0,,0
28147,GF-16-CAM-18,36511.362823142,36511.363254383,36511.392652125,38.3330078125,38.3330078125,0,,0
28149,GF-16-CAM-18,36511.511130724,36511.512409293,36511.548373288,38.3330078125,38.3330078125,0,,0
28151,GF-16-CAM-18,36511.689436423,36511.68994801,36511.735772173,38.3330078125,38.3330078125,0,,0
28153,GF-16-CAM-18,36511.880888375,36511.881350455,36511.916305535,38.3330078125,38.3330078125,0,,0
28155,GF-16-CAM-18,36512.028227076,36512.02881324,36512.063973996,38.3330078125,38.3330078125,0,,0
28157,GF-16-CAM-18,36512.168529006,36512.169408895,36512.203804799,38.3330078125,38.3330078125,0,,0
28159,GF-16-CAM-18,36512.317669607,36512.318640534,36512.351365731,38.3330078125,38.3330078125,0,,0
28161,GF-16-CAM-18,36512.461914587,36512.462398496,36512.496950809,38.3330078125,38.3330078125,0,,0
28163,GF-16-CAM-18,36512.614104168,36512.615741533,36512.651675808,38.3330078125,38.3330078125,0,,0
28165,GF-16-CAM-18,36512.778722944,36512.779305103,36512.804413554,38.3330078125,38.3330078125,0,,0
28167,GF-16-CAM-18,36512.959071879,36512.961488851,36512.990863798,38.3330078125,38.3330078125,0,,0
28169,GF-16-CAM-18,36513.117329339,36513.118433722,36513.157284262,38.3330078125,38.3330078125,0,,0
28171,GF-16-CAM-18,36513.273584961,36513.27445207,36513.308833775,38.3330078125,38.3330078125,0,,0
28173,GF-16-CAM-18,36513.430049491,36513.430584421,36513.461424872,38.3330078125,38.3330078125,0,,0
28175,GF-16-CAM-18,36513.582733291,36513.583369791,36513.624286785,38.3330078125,38.3330078125,0,,0
28177,GF-16-CAM-18,36513.738530205,36513.738959869,36513.772928692,38.3330078125,38.3330078125,0,,0
28179,GF-16-CAM-18,36513.906648963,36513.907225821,36513.927630431,38.3330078125,38.3330078125,0,,0
28181,GF-16-CAM-18,36514.060987154,36514.06161945,36514.095344848,38.3330078125,38.3330078125,0,,0
28183,GF-16-CAM-18,36514.216830937,36514.217476141,36514.246856117,38.3330078125,38.3330078125,0,,0
28185,GF-16-CAM-18,36514.372593615,36514.372920393,36514.405088756,38.3330078125,38.3330078125,0,,0
28187,GF-16-CAM-18,36514.510970024,36514.514295172,36514.548712157,38.3330078125,38.3330078125,0,,0
28189,GF-16-CAM-18,36514.661667128,36514.662368978,36514.693967084,38.3330078125,38.3330078125,0,,0
28191,GF-16-CAM-18,36514.799980365,36514.800354871,36514.842660894,38.3330078125,38.3330078125,0,,0
28193,GF-16-CAM-18,36514.949435328,36514.949835946,36514.979543564,38.3330078125,38.3330078125,0,,0
28195,GF-16-CAM-18,36515.095515561,36515.095896311,36515.127207038,38.3330078125,38.3330078125,0,,0
28197,GF-16-CAM-18,36515.23883177,36515.239690137,36515.27151445,38.3330078125,38.3330078125,0,,0
28199,GF-16-CAM-18,36515.396481897,36515.399105017,36515.426753269,38.3330078125,38.3330078125,0,,0
28201,GF-16-CAM-18,36515.538343542,36515.540027643,36515.572505148,38.3330078125,38.3330078125,0,,0
28203,GF-16-CAM-18,36515.691280069,36515.691780362,36515.727499421,38.3330078125,38.3330078125,0,,0
28205,GF-16-CAM-18,36515.840622504,36515.841296838,36515.864758865,38.3330078125,38.3330078125,0,,0
28207,GF-16-CAM-18,36515.979955476,36515.980396093,36516.013510472,38.3330078125,38.3330078125,0,,0
28209,GF-16-CAM-18,36516.139085109,36516.139573718,36516.162701268,38.3330078125,38.3330078125,0,,0
28211,GF-16-CAM-18,36516.272673485,36516.274542029,36516.311661564,38.3330078125,38.3330078125,0,,0
28213,GF-16-CAM-18,36516.431885682,36516.43253168,36516.469883455,38.3330078125,38.3330078125,0,,0
28215,GF-16-CAM-18,36516.585216989,36516.585996629,36516.617379537,38.3330078125,38.3330078125,0,,0
28217,GF-16-CAM-18,36516.740183274,36516.740747993,36516.782767572,38.3330078125,38.3330078125,0,,0
28219,GF-16-CAM-18,36516.893347569,36516.894896477,36516.921446683,38.3330078125,38.3330078125,0,,0
28221,GF-16-CAM-18,36517.036574143,36517.037058742,36517.063730632,38.3330078125,38.3330078125,0,,0
28223,GF-16-CAM-18,36517.19278888,36517.193632022,36517.235332603,38.3330078125,38.3330078125,0,,0
28225,GF-16-CAM-18,36517.356948102,36517.357525873,36517.38816748,38.3330078125,38.3330078125,0,,0
28227,GF-16-CAM-18,36517.509815747,36517.51055979,36517.54587288,38.3330078125,38.3330078125,0,,0
28229,GF-16-CAM-18,36517.66004798,36517.661508807,36517.688916346,38.3330078125,38.3330078125,0,,0
28231,GF-16-CAM-18,36517.791282527,36517.791672327,36517.823604997,38.3330078125,38.3330078125,0,,0
28233,GF-16-CAM-18,36517.926487154,36517.927578083,36517.955409437,38.3330078125,38.3330078125,0,,0
28235,GF-16-CAM-18,36518.060275021,36518.061053193,36518.087237484,38.3330078125,38.3330078125,0,,0
28237,GF-16-CAM-18,36518.20584735,36518.206460019,36518.230401579,38.3330078125,38.3330078125,0,,0
28239,GF-16-CAM-18,36518.340916504,36518.343026545,36518.377731511,38.3330078125,38.3330078125,0,,0
28241,GF-16-CAM-18,36518.495332052,36518.495724488,36518.517978102,38.3330078125,38.3330078125,0,,0
28243,GF-16-CAM-18,36518.628976655,36518.635186559,36518.662106223,38.3330078125,38.3330078125,0,,0
28245,GF-16-CAM-18,36518.780346238,36518.781081907,36518.805821889,38.3330078125,38.3330078125,0,,0
28247,GF-16-CAM-18,36518.923143909,36518.923837968,36518.960602471,38.3330078125,38.3330078125,0,,0
28249,GF-16-CAM-18,36519.075932932,36519.076411941,36519.099882908,38.3330078125,38.3330078125,0,,0
28251,GF-16-CAM-18,36519.258523254,36519.259397552,36519.287838389,38.3330078125,38.3330078125,0,,0
28253,GF-16-CAM-18,36519.39904916,36519.399508342,36519.424319224,38.3330078125,38.3330078125,0,,0
28255,GF-16-CAM-18,36519.543019409,36519.543882847,36519.573375565,38.3330078125,38.3330078125,0,,0
28257,GF-16-CAM-18,36519.697142752,36519.697788213,36519.735802074,38.3330078125,38.3330078125,0,,0
28259,GF-16-CAM-18,36519.8573079,36519.857956855,36519.884801412,38.3330078125,38.3330078125,0,,0
28261,GF-16-CAM-18,36519.991660808,36519.992301506,36520.021029528,38.3330078125,38.3330078125,0,,0
28263,GF-16-CAM-18,36520.131334039,36520.131789936,36520.159511499,38.3330078125,38.3330078125,0,,0
28265,GF-16-CAM-18,36520.275466056,36520.276354323,36520.306849714,38.3330078125,38.3330078125,0,,0
28267,GF-16-CAM-18,36520.432149277,36520.432930041,36520.478510351,38.3330078125,38.3330078125,0,,0
28269,GF-16-CAM-18,36520.603052446,36520.603485343,36520.639561367,38.3330078125,38.3330078125,0,,0
28271,GF-16-CAM-18,36520.75809102,36520.758768913,36520.798963175,38.3330078125,38.3330078125,0,,0
28273,GF-16-CAM-18,36520.911078644,36520.911533388,36520.941506519,38.3330078125,38.3330078125,0,,0
28275,GF-16-CAM-18,36521.064062465,36521.064611744,36521.095382436,38.3330078125,38.3330078125,0,,0
28277,GF-16-CAM-18,36521.216170373,36521.217179876,36521.253933586,38.3330078125,38.3330078125,0,,0
28279,GF-16-CAM-18,36521.384167704,36521.384934622,36521.412971887,38.3330078125,38.3330078125,0,,0
28281,GF-16-CAM-18,36521.532362525,36521.53289673,36521.567999878,38.3330078125,38.3330078125,0,,0
28283,GF-16-CAM-18,36521.689848659,36521.690533519,36521.722180792,38.3330078125,38.3330078125,0,,0
28285,GF-16-CAM-18,36521.84090049,36521.841491814,36521.87189447,38.3330078125,38.3330078125,0,,0
28287,GF-16-CAM-18,36521.987464581,36521.988453895,36522.018848013,38.3330078125,38.3330078125,0,,0
28289,GF-16-CAM-18,36522.143855413,36522.144640009,36522.175329911,38.3330078125,38.3330078125,0,,0
28291,GF-16-CAM-18,36522.283562589,36522.285576947,36522.330548073,38.3330078125,38.3330078125,0,,0
28293,GF-16-CAM-18,36522.442655177,36522.443061055,36522.479024319,38.3330078125,38.3330078125,0,,0
28295,GF-16-CAM-18,36522.589659723,36522.590350534,36522.612478539,38.3330078125,38.3330078125,0,,0
28297,GF-16-CAM-18,36522.744261797,36522.746841331,36522.778536254,38.3330078125,38.3330078125,0,,0
28299,GF-16-CAM-18,36522.942525974,36522.94298694,36522.978660168,38.3330078125,38.3330078125,0,,0
28301,GF-16-CAM-18,36523.115689235,36523.11648609,36523.159231822,38.3330078125,38.3330078125,0,,0
28303,GF-16-CAM-18,36523.28075431,36523.281714003,36523.322237563,38.3330078125,38.3330078125,0,,0
28305,GF-16-CAM-18,36523.448706509,36523.449466444,36523.484055143,38.3330078125,38.3330078125,0,,0
28307,GF-16-CAM-18,36523.62272387,36523.62334717,36523.65320739,38.3330078125,38.3330078125,0,,0
28309,GF-16-CAM-18,36523.76590959,36523.766730561,36523.790485577,38.3330078125,38.3330078125,0,,0
28311,GF-16-CAM-18,36523.911610537,36523.912366948,36523.939965159,38.3330078125,38.3330078125,0,,0
28313,GF-16-CAM-18,36524.047396365,36524.049557613,36524.073522156,38.3330078125,38.3330078125,0,,0
28315,GF-16-CAM-18,36524.17495886,36524.175355258,36524.200796807,38.3330078125,38.3330078125,0,,0
28317,GF-16-CAM-18,36524.3014105,36524.301846573,36524.342179477,38.3330078125,38.3330078125,0,,0
28319,GF-16-CAM-18,36524.451295359,36524.451704738,36524.490219311,38.3330078125,38.3330078125,0,,0
28321,GF-16-CAM-18,36524.615756602,36524.616779549,36524.641767703,38.3330078125,38.3330078125,0,,0
28323,GF-16-CAM-18,36524.81139251,36524.812117371,36524.839325665,38.3330078125,38.3330078125,0,,0
28325,GF-16-CAM-18,36524.9521958,36524.952575237,36524.985743619,38.3330078125,38.3330078125,0,,0
28327,GF-16-CAM-18,36525.106016323,36525.106519116,36525.133787265,38.3330078125,38.3330078125,0,,0
28329,GF-16-CAM-18,36525.255961049,36525.256599002,36525.288599895,38.3330078125,38.3330078125,0,,0
28331,GF-16-CAM-18,36525.418697791,36525.419315204,36525.462232035,38.3330078125,38.3330078125,0,,0
28333,GF-16-CAM-18,36525.582403412,36525.586558173,36525.617954591,38.3330078125,38.3330078125,0,,0
28335,GF-16-CAM-18,36525.748076372,36525.748518434,36525.775755177,38.3330078125,38.3330078125,0,,0
28337,GF-16-CAM-18,36525.888131575,36525.889428016,36525.924260154,38.3330078125,38.3330078125,0,,0
28339,GF-16-CAM-18,36526.040666061,36526.041160639,36526.072021381,38.3330078125,38.3330078125,0,,0
28341,GF-16-CAM-18,36526.187168495,36526.187728315,36526.212998395,38.3330078125,38.3330078125,0,,0
28343,GF-16-CAM-18,36526.340840928,36526.341546565,36526.38333163,38.3330078125,38.3330078125,0,,0
28345,GF-16-CAM-18,36526.523925747,36526.524807268,36526.558381907,38.3330078125,38.3330078125,0,,0
28347,GF-16-CAM-18,36526.674193858,36526.674917869,36526.7018479,38.3330078125,38.3330078125,0,,0
28349,GF-16-CAM-18,36526.812912032,36526.813338689,36526.83996751,38.3330078125,38.3330078125,0,,0
28351,GF-16-CAM-18,36526.95308667,36526.954053575,36526.98650872,38.3330078125,38.3330078125,0,,0
28353,GF-16-CAM-18,36527.09128312,36527.09172162,36527.128489985,38.3330078125,38.3330078125,0,,0
28355,GF-16-CAM-18,36527.242084439,36527.242872266,36527.268385059,38.3330078125,38.3330078125,0,,0
28357,GF-16-CAM-18,36527.383210757,36527.383814807,36527.408388709,38.3330078125,38.3330078125,0,,0
28359,GF-16-CAM-18,36527.531145225,36527.531726753,36527.557133222,38.3330078125,38.3330078125,0,,0
28361,GF-16-CAM-18,36527.67230023,36527.672890283,36527.708073375,38.3330078125,38.3330078125,0,,0
28363,GF-16-CAM-18,36527.816034754,36527.817098071,36527.855448397,38.3330078125,38.3330078125,0,,0
28365,GF-16-CAM-18,36527.981421808,36527.981923919,36528.014492746,38.3330078125,38.3330078125,0,,0
28367,GF-16-CAM-18,36528.158629617,36528.159283953,36528.184483117,38.3330078125,38.3330078125,0,,0
28369,GF-16-CAM-18,36528.280429697,36528.281101464,36528.311899694,38.3330078125,38.3330078125,0,,0
28371,GF-16-CAM-18,36528.439255762,36528.44067433,36528.47245775,38.3330078125,38.3330078125,0,,0
28373,GF-16-CAM-18,36528.60781017,36528.608358612,36528.634229274,38.3330078125,38.3330078125,0,,0
28375,GF-16-CAM-18,36528.763828653,36528.764649002,36528.803063914,38.3330078125,38.3330078125,0,,0
28377,GF-16-CAM-18,36528.924290726,36528.926444964,36528.961846867,38.3330078125,38.3330078125,0,,0
28379,GF-16-CAM-18,36529.085991476,36529.086386948,36529.117396828,38.3330078125,38.3330078125,0,,0
28381,GF-16-CAM-18,36529.227469738,36529.228930842,36529.260620855,38.3330078125,38.3330078125,0,,0
28383,GF-16-CAM-18,36529.39192081,36529.392744981,36529.43495431,38.3330078125,38.3330078125,0,,0
28385,GF-16-CAM-18,36529.561399286,36529.563408749,36529.602546135,38.3330078125,38.3330078125,0,,0
28387,GF-16-CAM-18,36529.720238755,36529.72097696,36529.768657314,38.3330078125,38.3330078125,0,,0
28389,GF-16-CAM-18,36529.885032383,36529.885887969,36529.911576514,38.3330078125,38.3330078125,0,,0
28391,GF-16-CAM-18,36530.022143661,36530.022483847,36530.052419304,38.3330078125,38.3330078125,0,,0
28393,GF-16-CAM-18,36530.152564728,36530.152983475,36530.185505315,38.3330078125,38.3330078125,0,,0
28395,GF-16-CAM-18,36530.299058781,36530.300784582,36530.328258337,38.3330078125,38.3330078125,0,,0
28397,GF-16-CAM-18,36530.437968835,36530.438356903,36530.472071129,38.3330078125,38.3330078125,0,,0
28399,GF-16-CAM-18,36530.584720055,36530.585085242,36530.60833176,38.3330078125,38.3330078125,0,,0
28401,GF-16-CAM-18,36530.718258771,36530.718771446,36530.749392647,38.3330078125,38.3330078125,0,,0
28403,GF-16-CAM-18,36530.867141324,36530.867518946,36530.894117823,38.3330078125,38.3330078125,0,,0
28405,GF-16-CAM-18,36531.020144823,36531.020719098,36531.054416813,38.3330078125,38.3330078125,0,,0
28407,GF-16-CAM-18,36531.15637693,36531.156802615,36531.191335873,38.3330078125,38.3330078125,0,,0
28409,GF-16-CAM-18,36531.34259021,36531.343255913,36531.378112282,38.3330078125,38.3330078125,0,,0
28411,GF-16-CAM-18,36531.507982809,36531.508646281,36531.535944735,38.3330078125,38.3330078125,0,,0
28413,GF-16-CAM-18,36531.669713257,36531.670619034,36531.702583848,38.3330078125,38.3330078125,0,,0
28415,GF-16-CAM-18,36531.830331978,36531.830947527,36531.864919832,38.3330078125,38.3330078125,0,,0
28417,GF-16-CAM-18,36531.981089354,36531.98180979,36532.021540545,38.3330078125,38.3330078125,0,,0
28419,GF-16-CAM-18,36532.140018309,36532.140711332,36532.173332286,38.3330078125,38.3330078125,0,,0
28421,GF-16-CAM-18,36532.279417048,36532.280054828,36532.316857212,38.3330078125,38.3330078125,0,,0
28423,GF-16-CAM-18,36532.425606836,36532.427688503,36532.46012472,38.3330078125,38.3330078125,0,,0
28425,GF-16-CAM-18,36532.562954024,36532.564318543,36532.594495183,38.3330078125,38.3330078125,0,,0
28427,GF-16-CAM-18,36532.714853054,36532.715530797,36532.746624491,38.3330078125,38.3330078125,0,,0
28429,GF-16-CAM-18,36532.877347897,36532.877885714,36532.906677887,38.3330078125,38.3330078125,0,,0
28431,GF-16-CAM-18,36533.01288748,36533.013485264,36533.04094639,38.3330078125,38.3330078125,0,,0
28433,GF-16-CAM-18,36533.155618015,36533.156084783,36533.180897015,38.3330078125,38.3330078125,0,,0
28435,GF-16-CAM-18,36533.290276909,36533.290676086,36533.310790013,38.3330078125,38.3330078125,0,,0
28437,GF-16-CAM-18,36533.436796194,36533.437498406,36533.474466623,38.3330078125,38.3330078125,0,,0
28439,GF-16-CAM-18,36533.590331789,36533.591280605,36533.619694851,38.3330078125,38.3330078125,0,,0
28441,GF-16-CAM-18,36533.721107083,36533.721577709,36533.756326547,38.3330078125,38.3330078125,0,,0
28443,GF-16-CAM-18,36533.871802903,36533.872213683,36533.895790785,38.3330078125,38.3330078125,0,,0
28445,GF-16-CAM-18,36534.005733542,36534.006096877,36534.035432843,38.3330078125,38.3330078125,0,,0
28447,GF-16-CAM-18,36534.149172458,36534.149923396,36534.168787049,38.3330078125,38.3330078125,0,,0
28449,GF-16-CAM-18,36534.267484645,36534.268363926,36534.291792696,38.3330078125,38.3330078125,0,,0
28451,GF-16-CAM-18,36534.409995722,36534.412477791,36534.449669048,38.3330078125,38.3330078125,0,,0
28453,GF-16-CAM-18,36534.56603168,36534.569408408,36534.599234602,38.3330078125,38.3330078125,0,,0
28455,GF-16-CAM-18,36534.730846947,36534.731528959,36534.761661862,38.3330078125,38.3330078125,0,,0
28457,GF-16-CAM-18,36534.884514342,36534.887756022,36534.917277835,38.3330078125,38.3330078125,0,,0
28459,GF-16-CAM-18,36535.03333852,36535.033769584,36535.060903202,38.3330078125,38.3330078125,0,,0
28461,GF-16-CAM-18,36535.181416757,36535.18352169,36535.214747209,38.3330078125,38.3330078125,0,,0
28463,GF-16-CAM-18,36535.336062913,36535.338090141,36535.370864739,38.3330078125,38.3330078125,0,,0
28465,GF-16-CAM-18,36535.520545339,36535.521041388,36535.55126691,38.3330078125,38.3330078125,0,,0
28467,GF-16-CAM-18,36535.654092096,36535.654757671,36535.681420733,38.3330078125,38.3330078125,0,,0
28469,GF-16-CAM-18,36535.809609743,36535.810325986,36535.84881547,38.3330078125,38.3330078125,0,,0
28471,GF-16-CAM-18,36535.968596295,36535.969209821,36535.998864287,38.3330078125,38.3330078125,0,,0
28473,GF-16-CAM-18,36536.105431973,36536.106234961,36536.139229384,38.3330078125,38.3330078125,0,,0
28475,GF-16-CAM-18,36536.262255057,36536.262734098,36536.294167074,38.3330078125,38.3330078125,0,,0
28477,GF-16-CAM-18,36536.398634452,36536.399436944,36536.429941416,38.3330078125,38.3330078125,0,,0
28479,GF-16-CAM-18,36536.559762605,36536.560215576,36536.583157387,38.3330078125,38.3330078125,0,,0
28481,GF-16-CAM-18,36536.701221192,36536.701867826,36536.730184608,38.3330078125,38.3330078125,0,,0
28483,GF-16-CAM-18,36536.837038582,36536.837422707,36536.862722818,38.3330078125,38.3330078125,0,,0
28485,GF-16-CAM-18,36536.981972648,36536.982725708,36537.00832446,38.3330078125,38.3330078125,0,,0
28487,GF-16-CAM-18,36537.138786487,36537.139647378,36537.174662491,38.3330078125,38.3330078125,0,,0
28489,GF-16-CAM-18,36537.296619683,36537.297043635,36537.326506663,38.3330078125,38.3330078125,0,,0
28491,GF-16-CAM-18,36537.461600838,36537.464035667,36537.497323243,38.3330078125,38.3330078125,0,,0
28493,GF-16-CAM-18,36537.610064786,36537.610848605,36537.638957883,38.3330078125,38.3330078125,0,,0
28495,GF-16-CAM-18,36537.752941661,36537.753454041,36537.782348856,38.3330078125,38.3330078125,0,,0
28497,GF-16-CAM-18,36537.902945759,36537.90335668,36537.940709315,38.3330078125,38.3330078125,0,,0
28499,GF-16-CAM-18,36538.067699174,36538.06822594,36538.103216131,38.3330078125,38.3330078125,0,,0
28501,GF-16-CAM-18,36538.210383706,36538.211048824,36538.240045151,38.3330078125,38.3330078125,0,,0
28503,GF-16-CAM-18,36538.356753618,36538.357462147,36538.391872842,38.3330078125,38.3330078125,0,,0
28505,GF-16-CAM-18,36538.509656031,36538.510421892,36538.549261056,38.3330078125,38.3330078125,0,,0
28507,GF-16-CAM-18,36538.668835083,36538.669319884,36538.690965182,38.3330078125,38.3330078125,0,,0
28509,GF-16-CAM-18,36538.81863048,36538.819480741,36538.854174526,38.3330078125,38.3330078125,0,,0
28511,GF-16-CAM-18,36538.989771732,36538.991893297,36539.026770578,38.3330078125,38.3330078125,0,,0
28513,GF-16-CAM-18,36539.144976891,36539.147411907,36539.177854314,38.3330078125,38.3330078125,0,,0
28515,GF-16-CAM-18,36539.291879627,36539.292725233,36539.319411882,38.3330078125,38.3330078125,0,,0
28517,GF-16-CAM-18,36539.432777908,36539.433438775,36539.458353159,38.3330078125,38.3330078125,0,,0
28519,GF-16-CAM-18,36539.563935002,36539.568389968,36539.607346927,38.3330078125,38.3330078125,0,,0
28521,GF-16-CAM-18,36539.727851013,36539.728396162,36539.759568171,38.3330078125,38.3330078125,0,,0
28523,GF-16-CAM-18,36539.865878197,36539.867266129,36539.897402535,38.3330078125,38.3330078125,0,,0
28525,GF-16-CAM-18,36540.013603444,36540.014328222,36540.04375412,38.3330078125,38.3330078125,0,,0
28527,GF-16-CAM-18,36540.145071589,36540.145410425,36540.18307204,38.3330078125,38.3330078125,0,,0
28529,GF-16-CAM-18,36540.290636106,36540.291144737,36540.324454108,38.3330078125,38.3330078125,0,,0
28531,GF-16-CAM-18,36540.435963751,36540.436698572,36540.459050377,38.3330078125,38.3330078125,0,,0
28533,GF-16-CAM-18,36540.581272372,36540.582050551,36540.617225347,38.3330078125,38.3330078125,0,,0
28535,GF-16-CAM-18,36540.744509446,36540.745593051,36540.791476318,38.3330078125,38.3330078125,0,,0
28537,GF-16-CAM-18,36540.91385131,36540.914627814,36540.945964388,38.3330078125,38.3330078125,0,,0
28539,GF-16-CAM-18,36541.062369713,36541.062905232,36541.11137318,38.3330078125,38.3330078125,0,,0
28541,GF-16-CAM-18,36541.285998132,36541.286689188,36541.319269372,38.3330078125,38.3330078125,0,,0
28543,GF-16-CAM-18,36541.445666611,36541.446373385,36541.477202613,38.3330078125,38.3330078125,0,,0
28545,GF-16-CAM-18,36541.605862281,36541.606615555,36541.639063558,38.3330078125,38.3330078125,0,,0
28547,GF-16-CAM-18,36541.768106628,36541.771207415,36541.811161047,38.3330078125,38.3330078125,0,,0
28549,GF-16-CAM-18,36541.929310017,36541.929804502,36541.951747427,38.3330078125,38.3330078125,0,,0
28551,GF-16-CAM-18,36542.077757373,36542.078511191,36542.10671217,38.3330078125,38.3330078125,0,,0
28553,GF-16-CAM-18,36542.212208318,36542.21307197,36542.253892171,38.3330078125,38.3330078125,0,,0
28555,GF-16-CAM-18,36542.379022355,36542.379579665,36542.413455039,38.3330078125,38.3330078125,0,,0
28557,GF-16-CAM-18,36542.533477999,36542.534128388,36542.569029459,38.3330078125,38.3330078125,0,,0
28559,GF-16-CAM-18,36542.693604215,36542.694333902,36542.720411845,38.3330078125,38.3330078125,0,,0
28561,GF-16-CAM-18,36542.83711827,36542.837750881,36542.879448314,38.3330078125,38.3330078125,0,,0
28563,GF-16-CAM-18,36543.00506421,36543.007104574,36543.043233457,38.3330078125,38.3330078125,0,,0
28565,GF-16-CAM-18,36543.180740183,36543.18137136,36543.212939455,38.3330078125,38.3330078125,0,,0
28567,GF-16-CAM-18,36543.34903889,36543.351746203,36543.396688028,38.3330078125,38.3330078125,0,,0
28569,GF-16-CAM-18,36543.529637791,36543.530048851,36543.555028092,38.3330078125,38.3330078125,0,,0
28571,GF-16-CAM-18,36543.667245205,36543.667919237,36543.712545248,38.3330078125,38.3330078125,0,,0
28573,GF-16-CAM-18,36543.823690929,36543.824451855,36543.858421361,38.3330078125,38.3330078125,0,,0
28575,GF-16-CAM-18,36543.971729008,36543.972773368,36544.014463264,38.3330078125,38.3330078125,0,,0
28577,GF-16-CAM-18,36544.126066192,36544.126570135,36544.155024763,38.3330078125,38.3330078125,0,,0
28579,GF-16-CAM-18,36544.269185558,36544.269639295,36544.312146063,38.3330078125,38.3330078125,0,,0
28581,GF-16-CAM-18,36544.434555198,36544.436445165,36544.467197173,38.3330078125,38.3330078125,0,,0
28583,GF-16-CAM-18,36544.584073087,36544.584410303,36544.621713053,38.3330078125,38.3330078125,0,,0
28585,GF-16-CAM-18,36544.747643686,36544.748466301,36544.77628484,38.3330078125,38.3330078125,0,,0
28587,GF-16-CAM-18,36544.904316775,36544.905070486,36544.93515088,38.3330078125,38.3330078125,0,,0
28589,GF-16-CAM-18,36545.048837943,36545.049694075,36545.088485991,38.3330078125,38.3330078125,0,,0
28591,GF-16-CAM-18,36545.205895955,36545.206600499,36545.243401926,38.3330078125,38.3330078125,0,,0
28593,GF-16-CAM-18,36545.362672441,36545.363296424,36545.390837703,38.3330078125,38.3330078125,0,,0
28595,GF-16-CAM-18,36545.519812408,36545.520270835,36545.556565887,38.3330078125,38.3330078125,0,,0
28597,GF-16-CAM-18,36545.680149759,36545.68262915,36545.716252381,38.3330078125,38.3330078125,0,,0
28599,GF-16-CAM-18,36545.847385523,36545.848315512,36545.882764014,38.3330078125,38.3330078125,0,,0
28601,GF-16-CAM-18,36545.997378576,36545.99818451,36546.025358353,38.3330078125,38.3330078125,0,,0
28603,GF-16-CAM-18,36546.128767272,36546.129248818,36546.157562283,38.3330078125,38.3330078125,0,,0
28605,GF-16-CAM-18,36546.258559043,36546.259214337,36546.288941632,38.3330078125,38.3330078125,0,,0
28607,GF-16-CAM-18,36546.389761201,36546.391146828,36546.420852406,38.3330078125,38.3330078125,0,,0
28609,GF-16-CAM-18,36546.548927897,36546.549714199,36546.579291325,38.3330078125,38.3330078125,0,,0
28611,GF-16-CAM-18,36546.709038387,36546.709665866,36546.749521686,38.3330078125,38.3330078125,0,,0
28613,GF-16-CAM-18,36546.848570544,36546.849112028,36546.879974062,38.3330078125,38.3330078125,0,,0
28615,GF-16-CAM-18,36546.979424709,36546.97980238,36547.003505897,38.3330078125,38.3330078125,0,,0
28617,GF-16-CAM-18,36547.141432161,36547.141869799,36547.167105956,38.3330078125,38.3330078125,0,,0
28619,GF-16-CAM-18,36547.314380592,36547.315230582,36547.342340763,38.3330078125,38.3330078125,0,,0
28621,GF-16-CAM-18,36547.472902174,36547.47396896,36547.505689587,38.3330078125,38.3330078125,0,,0
28623,GF-16-CAM-18,36547.623930121,36547.624568797,36547.657166649,38.3330078125,38.3330078125,0,,0
28625,GF-16-CAM-18,36547.798217452,36547.799051019,36547.830259596,38.3330078125,38.3330078125,0,,0
28627,GF-16-CAM-18,36547.945231961,36547.945756728,36547.966337023,38.3330078125,38.3330078125,0,,0
28629,GF-16-CAM-18,36548.086495342,36548.0869158,36548.11735185,38.3330078125,38.3330078125,0,,0
28631,GF-16-CAM-18,36548.254984681,36548.256045711,36548.289671951,38.3330078125,38.3330078125,0,,0
28633,GF-16-CAM-18,36548.43512685,36548.436160376,36548.456718142,38.3330078125,38.3330078125,0,,0
28635,GF-16-CAM-18,36548.594816902,36548.595403213,36548.627724137,38.3330078125,38.3330078125,0,,0
28637,GF-16-CAM-18,36548.760085368,36548.760478698,36548.788202151,38.3330078125,38.3330078125,0,,0
28639,GF-16-CAM-18,36548.918105196,36548.91921196,36548.950545206,38.3330078125,38.3330078125,0,,0
28641,GF-16-CAM-18,36549.092808725,36549.094360211,36549.125654456,38.3330078125,38.3330078125,0,,0
28643,GF-16-CAM-18,36549.243137907,36549.246764666,36549.276343173,38.3330078125,38.3330078125,0,,0
28645,GF-16-CAM-18,36549.408843836,36549.409863452,36549.447380468,38.3330078125,38.3330078125,0,,0
28647,GF-16-CAM-18,36549.566648755,36549.567363602,36549.593592893,38.3330078125,38.3330078125,0,,0
28649,GF-16-CAM-18,36549.709116933,36549.70948219,36549.739535848,38.3330078125,38.3330078125,0,,0
28651,GF-16-CAM-18,36549.873170898,36549.873565926,36549.903263652,38.3330078125,38.3330078125,0,,0
28653,GF-16-CAM-18,36550.045903346,36550.046421831,36550.070269877,38.3330078125,38.3330078125,0,,0
28655,GF-16-CAM-18,36550.206372708,36550.207426151,36550.228025557,38.3330078125,38.3330078125,0,,0
28657,GF-16-CAM-18,36550.363916279,36550.364417881,36550.39526583,38.3330078125,38.3330078125,0,,0
28659,GF-16-CAM-18,36550.528441295,36550.530575947,36550.5584333,38.3330078125,38.3330078125,0,,0
28661,GF-16-CAM-18,36550.661174626,36550.661743002,36550.685984204,38.3330078125,38.3330078125,0,,0
28663,GF-16-CAM-18,36550.831922211,36550.834108848,36550.86373612,38.3330078125,38.3330078125,0,,0
28665,GF-16-CAM-18,36550.990791773,36550.991350572,36551.02078882,38.3330078125,38.3330078125,0,,0
28667,GF-16-CAM-18,36551.133956244,36551.134494879,36551.157493036,38.3330078125,38.3330078125,0,,0
28669,GF-16-CAM-18,36551.263398142,36551.266768533,36551.290408021,38.3330078125,38.3330078125,0,,0
28671,GF-16-CAM-18,36551.434913089,36551.435473971,36551.472594079,38.3330078125,38.3330078125,0,,0
28673,GF-16-CAM-18,36551.595582944,36551.596469351,36551.633439827,38.3330078125,38.3330078125,0,,0
28675,GF-16-CAM-18,36551.752753831,36551.753488599,36551.79332619,38.3330078125,38.3330078125,0,,0
28677,GF-16-CAM-18,36551.936594906,36551.937504056,36551.968858734,38.3330078125,38.3330078125,0,,0
28679,GF-16-CAM-18,36552.109753729,36552.110438975,36552.143759169,38.3330078125,38.3330078125,0,,0
28681,GF-16-CAM-18,36552.2707437,36552.271191438,36552.292790881,38.3330078125,38.3330078125,0,,0
28683,GF-16-CAM-18,36552.420896082,36552.421592557,36552.44853563,38.3330078125,38.3330078125,0,,0
28685,GF-16-CAM-18,36552.600696228,36552.601342597,36552.630705685,38.3330078125,38.3330078125,0,,0
28687,GF-16-CAM-18,36552.756066754,36552.75640419,36552.780868685,38.3330078125,38.3330078125,0,,0
28689,GF-16-CAM-18,36552.879057847,36552.879523599,36552.898625031,38.3330078125,38.3330078125,0,,0
28691,GF-16-CAM-18,36553.012999458,36553.013574835,36553.0518938,38.3330078125,38.3330078125,0,,0
28693,GF-16-CAM-18,36553.169594467,36553.17055918,36553.201693268,38.3330078125,38.3330078125,0,,0
28695,GF-16-CAM-18,36553.337205556,36553.337962967,36553.361369171,38.3330078125,38.3330078125,0,,0
28697,GF-16-CAM-18,36553.511647598,36553.513774993,36553.542152528,38.3330078125,38.3330078125,0,,0
28699,GF-16-CAM-18,36553.666546132,36553.666933064,36553.695516308,38.3330078125,38.3330078125,0,,0
28701,GF-16-CAM-18,36553.817888103,36553.818404931,36553.862943046,38.3330078125,38.3330078125,0,,0
28703,GF-16-CAM-18,36554.007501624,36554.008259354,36554.03907476,38.3330078125,38.3330078125,0,,0
28705,GF-16-CAM-18,36554.170939923,36554.173285171,36554.200870463,38.3330078125,38.3330078125,0,,0
28707,GF-16-CAM-18,36554.330248125,36554.330742231,36554.365118299,38.3330078125,38.3330078125,0,,0
28709,GF-16-CAM-18,36554.49670531,36554.497364376,36554.529561718,38.3330078125,38.3330078125,0,,0
28711,GF-16-CAM-18,36554.662607075,36554.663307704,36554.698231053,38.3330078125,38.3330078125,0,,0
28713,GF-16-CAM-18,36554.816840151,36554.817891646,36554.846488519,38.3330078125,38.3330078125,0,,0
28715,GF-16-CAM-18,36554.958711037,36554.960744187,36554.986363547,38.3330078125,38.3330078125,0,,0
28717,GF-16-CAM-18,36555.123404955,36555.124045994,36555.153894086,38.3330078125,38.3330078125,0,,0
28719,GF-16-CAM-18,36555.292297067,36555.293334419,36555.327541081,38.3330078125,38.3330078125,0,,0
28721,GF-16-CAM-18,36555.470029028,36555.473178111,36555.505108817,38.3330078125,38.3330078125,0,,0
28723,GF-16-CAM-18,36555.645254576,36555.647837027,36555.672605114,38.3330078125,38.3330078125,0,,0
28725,GF-16-CAM-18,36555.797656355,36555.798169942,36555.821664262,38.3330078125,38.3330078125,0,,0
28727,GF-16-CAM-18,36555.947969255,36555.950317702,36555.996400253,38.3330078125,38.3330078125,0,,0
28729,GF-16-CAM-18,36556.112637,36556.113515784,36556.14222816,38.3330078125,38.3330078125,0,,0
28731,GF-16-CAM-18,36556.257737643,36556.258312045,36556.291955302,38.3330078125,38.3330078125,0,,0
28733,GF-16-CAM-18,36556.424489269,36556.424962437,36556.463110101,38.3330078125,38.3330078125,0,,0
28735,GF-16-CAM-18,36556.576280896,36556.57821304,36556.607507555,38.3330078125,38.3330078125,0,,0
28737,GF-16-CAM-18,36556.731856769,36556.734173088,36556.769437516,38.3330078125,38.3330078125,0,,0
28739,GF-16-CAM-18,36556.895411609,36556.895963998,36556.935139916,38.3330078125,38.3330078125,0,,0
28741,GF-16-CAM-18,36557.046898884,36557.047322042,36557.074925764,38.3330078125,38.3330078125,0,,0
28743,GF-16-CAM-18,36557.197938143,36557.198401281,36557.234813088,38.3330078125,38.3330078125,0,,0
28745,GF-16-CAM-18,36557.352888416,36557.353288731,36557.383061666,38.3330078125,38.3330078125,0,,0
28747,GF-16-CAM-18,36557.522895683,36557.524818657,36557.561581803,38.3330078125,38.3330078125,0,,0
28749,GF-16-CAM-18,36557.676678938,36557.677236882,36557.702150271,38.3330078125,38.3330078125,0,,0
28751,GF-16-CAM-18,36557.80640006,36557.807059331,36557.839698805,38.3330078125,38.3330078125,0,,0
28753,GF-16-CAM-18,36557.966515528,36557.967531248,36558.002636451,38.3330078125,38.3330078125,0,,0
28755,GF-16-CAM-18,36558.112659856,36558.113416564,36558.13989928,38.3330078125,38.3330078125,0,,0
28757,GF-16-CAM-18,36558.260682203,36558.261490435,36558.300694444,38.3330078125,38.3330078125,0,,0
28759,GF-16-CAM-18,36558.433683285,36558.43423678,36558.466160875,38.3330078125,38.3330078125,0,,0
28761,GF-16-CAM-18,36558.588907763,36558.592230032,36558.626537539,38.3330078125,38.3330078125,0,,0
28763,GF-16-CAM-18,36558.739550003,36558.739976229,36558.768792402,38.3330078125,38.3330078125,0,,0
28765,GF-16-CAM-18,36558.908760838,36558.909358289,36558.941444426,38.3330078125,38.3330078125,0,,0
28767,GF-16-CAM-18,36559.058861948,36559.059602283,36559.097537099,38.3330078125,38.3330078125,0,,0
28769,GF-16-CAM-18,36559.239909412,36559.240711743,36559.281753694,38.3330078125,38.3330078125,0,,0
28771,GF-16-CAM-18,36559.392890244,36559.393461454,36559.419923303,38.3330078125,38.3330078125,0,,0
28773,GF-16-CAM-18,36559.551015691,36559.552082681,36559.584278909,38.3330078125,38.3330078125,0,,0
28775,GF-16-CAM-18,36559.7069416,36559.70784377,36559.741240597,38.3330078125,38.3330078125,0,,0
28777,GF-16-CAM-18,36559.843594307,36559.844599585,36559.887391032,38.3330078125,38.3330078125,0,,0
28779,GF-16-CAM-18,36560.08136466,36560.082173284,36560.126055788,38.3330078125,38.3330078125,0,,0
28781,GF-16-CAM-18,36560.262426438,36560.262891643,36560.316033196,38.3330078125,38.3330078125,0,,0
28783,GF-16-CAM-18,36560.428486164,36560.429116722,36560.459950291,38.3330078125,38.3330078125,0,,0
28785,GF-16-CAM-18,36560.596235701,36560.596843406,36560.628066221,38.3330078125,38.3330078125,0,,0
28787,GF-16-CAM-18,36560.770166386,36560.770663122,36560.798492315,38.3330078125,38.3330078125,0,,0
28789,GF-16-CAM-18,36560.925381188,36560.926218159,36560.959227672,38.3330078125,38.3330078125,0,,0
28791,GF-16-CAM-18,36561.077855398,36561.078518128,36561.118630405,38.3330078125,38.3330078125,0,,0
28793,GF-16-CAM-18,36561.250157446,36561.250578998,36561.272855924,38.3330078125,38.3330078125,0,,0
28795,GF-16-CAM-18,36561.38505014,36561.386086054,36561.410362948,38.3330078125,38.3330078125,0,,0
28797,GF-16-CAM-18,36561.558448574,36561.559138137,36561.592920376,38.3330078125,38.3330078125,0,,0
28799,GF-16-CAM-18,36561.720674299,36561.72143199,36561.759564581,38.3330078125,38.3330078125,0,,0
28801,GF-16-CAM-18,36561.886062396,36561.886371633,36561.90895672,38.3330078125,38.3330078125,0,,0
28803,GF-16-CAM-18,36562.030602114,36562.031454027,36562.068422741,38.3330078125,38.3330078125,0,,0
28805,GF-16-CAM-18,36562.181620709,36562.182239697,36562.210115346,38.3330078125,38.3330078125,0,,0
28807,GF-16-CAM-18,36562.326442109,36562.327207596,36562.357562827,38.3330078125,38.3330078125,0,,0
28809,GF-16-CAM-18,36562.49714818,36562.500734928,36562.528847963,38.3330078125,38.3330078125,0,,0
28811,GF-16-CAM-18,36562.704293098,36562.705260562,36562.731137605,38.3330078125,38.3330078125,0,,0
28813,GF-16-CAM-18,36562.835501523,36562.835902751,36562.857924449,38.3330078125,38.3330078125,0,,0
28815,GF-16-CAM-18,36563.006640975,36563.00702428,36563.028951775,38.3330078125,38.3330078125,0,,0
28817,GF-16-CAM-18,36563.141691249,36563.142339046,36563.179049218,38.3330078125,38.3330078125,0,,0
28819,GF-16-CAM-18,36563.297163454,36563.298203807,36563.328229169,38.3330078125,38.3330078125,0,,0
28821,GF-16-CAM-18,36563.446161432,36563.446863157,36563.488752833,38.3330078125,38.3330078125,0,,0
28823,GF-16-CAM-18,36563.597916635,36563.598614322,36563.63595607,38.3330078125,38.3330078125,0,,0
28825,GF-16-CAM-18,36563.75063126,36563.751238726,36563.778559943,38.3330078125,38.3330078125,0,,0
28827,GF-16-CAM-18,36563.894954383,36563.89690254,36563.927542096,38.3330078125,38.3330078125,0,,0
28829,GF-16-CAM-18,36564.065501616,36564.066380604,36564.099605828,38.3330078125,38.3330078125,0,,0
28831,GF-16-CAM-18,36564.201243245,36564.201612312,36564.236665112,38.3330078125,38.3330078125,0,,0
28833,GF-16-CAM-18,36564.351579326,36564.352090893,36564.381393514,38.3330078125,38.3330078125,0,,0
28835,GF-16-CAM-18,36564.492884588,36564.493898825,36564.526687889,38.3330078125,38.3330078125,0,,0
28837,GF-16-CAM-18,36564.658239239,36564.65864828,36564.684424979,38.3330078125,38.3330078125,0,,0
28839,GF-16-CAM-18,36564.795135219,36564.79612641,36564.831120225,38.3330078125,38.3330078125,0,,0
28841,GF-16-CAM-18,36564.940932964,36564.941803766,36564.980227072,38.3330078125,38.3330078125,0,,0
28843,GF-16-CAM-18,36565.104183807,36565.106029317,36565.138409171,38.3330078125,38.3330078125,0,,0
28845,GF-16-CAM-18,36565.260574331,36565.261301232,36565.291696511,38.3330078125,38.3330078125,0,,0
28847,GF-16-CAM-18,36565.40999244,36565.410687656,36565.435770301,38.3330078125,38.3330078125,0,,0
28849,GF-16-CAM-18,36565.554579264,36565.555104395,36565.574903255,38.3330078125,38.3330078125,0,,0
28851,GF-16-CAM-18,36565.692035142,36565.692620551,36565.727456382,38.3330078125,38.3330078125,0,,0
28853,GF-16-CAM-18,36565.845788186,36565.846530545,36565.876799001,38.3330078125,38.3330078125,0,,0
28855,GF-16-CAM-18,36566.000398585,36566.001280069,36566.029237669,38.3330078125,38.3330078125,0,,0
28857,GF-16-CAM-18,36566.136219837,36566.136691671,36566.162841349,38.3330078125,38.3330078125,0,,0
28859,GF-16-CAM-18,36566.282241742,36566.283507936,36566.326732239,38.3330078125,38.3330078125,0,,0
28861,GF-16-CAM-18,36566.456542476,36566.457082437,36566.495557798,38.3330078125,38.3330078125,0,,0
28863,GF-16-CAM-18,36566.618482626,36566.618990816,36566.653340464,38.3330078125,38.3330078125,0,,0
28865,GF-16-CAM-18,36566.76478438,36566.765723848,36566.80027517,38.3330078125,38.3330078125,0,,0
28867,GF-16-CAM-18,36566.921851043,36566.922532061,36566.957614385,38.3330078125,38.3330078125,0,,0
28869,GF-16-CAM-18,36567.06731428,36567.067691648,36567.0979255,38.3330078125,38.3330078125,0,,0
28871,GF-16-CAM-18,36567.20688083,36567.208670735,36567.246413836,38.3330078125,38.3330078125,0,,0
28873,GF-16-CAM-18,36567.37101676,36567.372860313,36567.399499566,38.3330078125,38.3330078125,0,,0
28875,GF-16-CAM-18,36567.527167348,36567.529129221,36567.569545324,38.3330078125,38.3330078125,0,,0
28877,GF-16-CAM-18,36567.702301481,36567.702864959,36567.736300698,38.3330078125,38.3330078125,0,,0
28879,GF-16-CAM-18,36567.874265907,36567.874699068,36567.903597677,38.3330078125,38.3330078125,0,,0
28881,GF-16-CAM-18,36568.028070862,36568.029035318,36568.063136697,38.3330078125,38.3330078125,0,,0
28883,GF-16-CAM-18,36568.175053673,36568.175636534,36568.194961646,38.3330078125,38.3330078125,0,,0
28885,GF-16-CAM-18,36568.329630703,36568.330292891,36568.370948791,38.3330078125,38.3330078125,0,,0
28887,GF-16-CAM-18,36568.506036513,36568.506474869,36568.536659305,38.3330078125,38.3330078125,0,,0
28889,GF-16-CAM-18,36568.660036105,36568.660465481,36568.698498287,38.3330078125,38.3330078125,0,,0
28891,GF-16-CAM-18,36568.834061101,36568.834588946,36568.869985791,38.3330078125,38.3330078125,0,,0
28893,GF-16-CAM-18,36569.005050285,36569.005736523,36569.034584051,38.3330078125,38.3330078125,0,,0
28895,GF-16-CAM-18,36569.162910117,36569.16342113,36569.199557238,38.3330078125,38.3330078125,0,,0
28897,GF-16-CAM-18,36569.321323776,36569.321908563,36569.36407794,38.3330078125,38.3330078125,0,,0
28899,GF-16-CAM-18,36569.49062886,36569.491269323,36569.52250272,38.3330078125,38.3330078125,0,,0
28901,GF-16-CAM-18,36569.65865179,36569.660072602,36569.689841259,38.3330078125,38.3330078125,0,,0
28903,GF-16-CAM-18,36569.811996976,36569.812529452,36569.842619226,38.3330078125,38.3330078125,0,,0
28905,GF-16-CAM-18,36569.968792684,36569.970377548,36569.998636332,38.3330078125,38.3330078125,0,,0
28907,GF-16-CAM-18,36570.130434348,36570.130897672,36570.152895081,38.3330078125,38.3330078125,0,,0
28909,GF-16-CAM-18,36570.287765765,36570.288604313,36570.320250554,38.3330078125,38.3330078125,0,,0
28911,GF-16-CAM-18,36570.43757967,36570.44013232,36570.487851914,38.3330078125,38.3330078125,0,,0
28913,GF-16-CAM-18,36570.617076959,36570.617806478,36570.654693838,38.3330078125,38.3330078125,0,,0
28915,GF-16-CAM-18,36570.776506026,36570.776992687,36570.810494352,38.3330078125,38.3330078125,0,,0
28917,GF-16-CAM-18,36570.935882029,36570.936828953,36570.968493608,38.3330078125,38.3330078125,0,,0
28919,GF-16-CAM-18,36571.090814429,36571.091546847,36571.125391677,38.3330078125,38.3330078125,0,,0
28921,GF-16-CAM-18,36571.25544314,36571.256383415,36571.295489272,38.3330078125,38.3330078125,0,,0
28923,GF-16-CAM-18,36571.411540705,36571.411940198,36571.43844731,38.3330078125,38.3330078125,0,,0
28925,GF-16-CAM-18,36571.628931207,36571.629611916,36571.649040514,38.3330078125,38.3330078125,0,,0
28927,GF-16-CAM-18,36571.768677931,36571.769214449,36571.798915714,38.3330078125,38.3330078125,0,,0
28929,GF-16-CAM-18,36571.918089303,36571.918667691,36571.962610115,38.3330078125,38.3330078125,0,,0
28931,GF-16-CAM-18,36572.071750164,36572.072354692,36572.102813308,38.3330078125,38.3330078125,0,,0
28933,GF-16-CAM-18,36572.218620775,36572.221986929,36572.260177815,38.3330078125,38.3330078125,0,,0
28935,GF-16-CAM-18,36572.381669809,36572.382628603,36572.419687903,38.3330078125,38.3330078125,0,,0
28937,GF-16-CAM-18,36572.555460164,36572.556281795,36572.583779085,38.3330078125,38.3330078125,0,,0
28939,GF-16-CAM-18,36572.709275201,36572.709987879,36572.745869637,38.3330078125,38.3330078125,0,,0
28941,GF-16-CAM-18,36572.869596252,36572.870342037,36572.903461616,38.3330078125,38.3330078125,0,,0
28943,GF-16-CAM-18,36573.029242968,36573.029763785,36573.059740738,38.3330078125,38.3330078125,0,,0
28945,GF-16-CAM-18,36573.196663002,36573.197196071,36573.226810933,38.3330078125,38.3330078125,0,,0
28947,GF-16-CAM-18,36573.362515499,36573.363283811,36573.397213213,38.3330078125,38.3330078125,0,,0
28949,GF-16-CAM-18,36573.531435772,36573.532094965,36573.556475796,38.3330078125,38.3330078125,0,,0
28951,GF-16-CAM-18,36573.691498149,36573.69194354,36573.717904581,38.3330078125,38.3330078125,0,,0
28953,GF-16-CAM-18,36573.846207066,36573.847049256,36573.884164954,38.3330078125,38.3330078125,0,,0
28955,GF-16-CAM-18,36574.007537802,36574.007990352,36574.051892174,38.3330078125,38.3330078125,0,,0
28957,GF-16-CAM-18,36574.168027812,36574.168831221,36574.196582763,38.3330078125,38.3330078125,0,,0
28959,GF-16-CAM-18,36574.309338034,36574.30993719,36574.350350247,38.3330078125,38.3330078125,0,,0
28961,GF-16-CAM-18,36574.464445428,36574.465350565,36574.518742548,38.3330078125,38.3330078125,0,,0
28963,GF-16-CAM-18,36574.637249641,36574.638189372,36574.675798538,38.3330078125,38.3330078125,0,,0
28965,GF-16-CAM-18,36574.798213481,36574.799295659,36574.830549403,38.3330078125,38.3330078125,0,,0
28967,GF-16-CAM-18,36574.959179758,36574.96001689,36574.997325482,38.3330078125,38.3330078125,0,,0
28969,GF-16-CAM-18,36575.121882682,36575.122422971,36575.157007197,38.3330078125,38.3330078125,0,,0
28971,GF-16-CAM-18,36575.289122013,36575.28953006,36575.331220661,38.3330078125,38.3330078125,0,,0
28973,GF-16-CAM-18,36575.452413232,36575.452845344,36575.477066658,38.3330078125,38.3330078125,0,,0
28975,GF-16-CAM-18,36575.631145007,36575.632043462,36575.666130935,38.3330078125,38.3330078125,0,,0
28977,GF-16-CAM-18,36575.789209207,36575.789883856,36575.818089875,38.3330078125,38.3330078125,0,,0
28979,GF-16-CAM-18,36575.942130501,36575.942552765,36575.971964517,38.3330078125,38.3330078125,0,,0
28981,GF-16-CAM-18,36576.086991029,36576.08767505,36576.123450738,38.3330078125,38.3330078125,0,,0
28983,GF-16-CAM-18,36576.245071684,36576.245882116,36576.270438395,38.3330078125,38.3330078125,0,,0
28985,GF-16-CAM-18,36576.402568715,36576.403556441,36576.430816951,38.3330078125,38.3330078125,0,,0
28987,GF-16-CAM-18,36576.546274549,36576.546856872,36576.583567449,38.3330078125,38.3330078125,0,,0
28989,GF-16-CAM-18,36576.706643574,36576.707213595,36576.737417347,38.3330078125,38.3330078125,0,,0
28991,GF-16-CAM-18,36576.855271808,36576.855896456,36576.896757339,38.3330078125,38.3330078125,0,,0
28993,GF-16-CAM-18,36577.038772586,36577.039540894,36577.078363587,38.3330078125,38.3330078125,0,,0
28995,GF-16-CAM-18,36577.215359468,36577.21828293,36577.244080955,38.3330078125,38.3330078125,0,,0
28997,GF-16-CAM-18,36577.365341916,36577.367807825,36577.393345931,38.3330078125,38.3330078125,0,,0
28999,GF-16-CAM-18,36577.529754353,36577.530307979,36577.564763968,38.3330078125,38.3330078125,0,,0
29001,GF-16-CAM-18,36577.686543089,36577.68759818,36577.70930573,38.3330078125,38.3330078125,0,,0
29003,GF-16-CAM-18,36577.835663361,36577.836332999,36577.86859639,38.3330078125,38.3330078125,0,,0
29005,GF-16-CAM-18,36577.97325593,36577.973685583,36578.002046977,38.3330078125,38.3330078125,0,,0
29007,GF-16-CAM-18,36578.103616468,36578.104180232,36578.126068101,38.3330078125,38.3330078125,0,,0
29009,GF-16-CAM-18,36578.251793333,36578.254051618,36578.281744645,38.3330078125,38.3330078125,0,,0
29011,GF-16-CAM-18,36578.412413904,36578.413162828,36578.43807955,38.3330078125,38.3330078125,0,,0
29013,GF-16-CAM-18,36578.620684355,36578.621267032,36578.650370245,38.3330078125,38.3330078125,0,,0
29015,GF-16-CAM-18,36578.795447316,36578.796056403,36578.844420904,38.3330078125,38.3330078125,0,,0
29017,GF-16-CAM-18,36578.98676794,36578.987279584,36579.02658236,38.3330078125,38.3330078125,0,,0
29019,GF-16-CAM-18,36579.156990259,36579.157654101,36579.181095995,38.3330078125,38.3330078125,0,,0
29021,GF-16-CAM-18,36579.298441628,36579.299330859,36579.326612399,38.3330078125,38.3330078125,0,,0
29023,GF-16-CAM-18,36579.44737076,36579.44838904,36579.482613321,38.3330078125,38.3330078125,0,,0
29025,GF-16-CAM-18,36579.608244549,36579.608719229,36579.638657652,38.3330078125,38.3330078125,0,,0
29027,GF-16-CAM-18,36579.757056894,36579.757675871,36579.798222407,38.3330078125,38.3330078125,0,,0
29029,GF-16-CAM-18,36579.927934821,36579.929039918,36579.969400025,38.3330078125,38.3330078125,0,,0
29031,GF-16-CAM-18,36580.100043562,36580.100868854,36580.128331284,38.3330078125,38.3330078125,0,,0
29033,GF-16-CAM-18,36580.257554376,36580.258171892,36580.292372988,38.3330078125,38.3330078125,0,,0
29035,GF-16-CAM-18,36580.411987423,36580.418494179,36580.439194918,38.3330078125,38.3330078125,0,,0
29037,GF-16-CAM-18,36580.569313083,36580.571648886,36580.605901325,38.3330078125,38.3330078125,0,,0
29039,GF-16-CAM-18,36580.709705747,36580.710313034,36580.737933861,38.3330078125,38.3330078125,0,,0
29041,GF-16-CAM-18,36580.865575465,36580.868177016,36580.906759775,38.3330078125,38.3330078125,0,,0
29043,GF-16-CAM-18,36581.032299551,36581.033171672,36581.055463859,38.3330078125,38.3330078125,0,,0
29045,GF-16-CAM-18,36581.196899877,36581.197443893,36581.232376736,38.3330078125,38.3330078125,0,,0
29047,GF-16-CAM-18,36581.353522551,36581.354621311,36581.389189699,38.3330078125,38.3330078125,0,,0
29049,GF-16-CAM-18,36581.510103574,36581.510983769,36581.537162826,38.3330078125,38.3330078125,0,,0
29051,GF-16-CAM-18,36581.655127858,36581.655887382,36581.701697068,38.3330078125,38.3330078125,0,,0
29053,GF-16-CAM-18,36581.818405044,36581.819165964,36581.852663472,38.3330078125,38.3330078125,0,,0
29055,GF-16-CAM-18,36582.023386278,36582.024193123,36582.059956352,38.3330078125,38.3330078125,0,,0
29057,GF-16-CAM-18,36582.168952389,36582.170868781,36582.193782912,38.3330078125,38.3330078125,0,,0
29059,GF-16-CAM-18,36582.319957016,36582.320761221,36582.348638937,38.3330078125,38.3330078125,0,,0
29061,GF-16-CAM-18,36582.485529036,36582.487660927,36582.524903181,38.3330078125,38.3330078125,0,,0
29063,GF-16-CAM-18,36582.651582784,36582.652237718,36582.686122554,38.3330078125,38.3330078125,0,,0
29065,GF-16-CAM-18,36582.813108388,36582.813710496,36582.846048627,38.3330078125,38.3330078125,0,,0
29067,GF-16-CAM-18,36582.974983186,36582.975549047,36582.998711572,38.3330078125,38.3330078125,0,,0
29069,GF-16-CAM-18,36583.145609376,36583.146503357,36583.196559546,38.3330078125,38.3330078125,0,,0
29071,GF-16-CAM-18,36583.343215787,36583.344089152,36583.378697925,38.3330078125,38.3330078125,0,,0
29073,GF-16-CAM-18,36583.499217157,36583.499911063,36583.527877448,38.3330078125,38.3330078125,0,,0
29075,GF-16-CAM-18,36583.636351031,36583.636923627,36583.675055006,38.3330078125,38.3330078125,0,,0
29077,GF-16-CAM-18,36583.801625267,36583.804057387,36583.838651466,38.3330078125,38.3330078125,0,,0
29079,GF-16-CAM-18,36583.964289241,36583.965363669,36584.00461679,38.3330078125,38.3330078125,0,,0
29081,GF-16-CAM-18,36584.129913102,36584.130465781,36584.151998227,38.3330078125,38.3330078125,0,,0
29083,GF-16-CAM-18,36584.280789719,36584.281498039,36584.312539966,38.3330078125,38.3330078125,0,,0
29085,GF-16-CAM-18,36584.436026948,36584.436917071,36584.471552631,38.3330078125,38.3330078125,0,,0
29087,GF-16-CAM-18,36584.608475746,36584.609578019,36584.654400835,38.3330078125,38.3330078125,0,,0
29089,GF-16-CAM-18,36584.780995205,36584.783346946,36584.821209657,38.3330078125,38.3330078125,0,,0
29091,GF-16-CAM-18,36584.949908389,36584.950778827,36584.981724635,38.3330078125,38.3330078125,0,,0
29093,GF-16-CAM-18,36585.108972938,36585.109512595,36585.145125993,38.3330078125,38.3330078125,0,,0
29095,GF-16-CAM-18,36585.279466317,36585.280715521,36585.313782131,38.3330078125,38.3330078125,0,,0
29097,GF-16-CAM-18,36585.438119774,36585.438706992,36585.476106656,38.3330078125,38.3330078125,0,,0
29099,GF-16-CAM-18,36585.582903212,36585.58496018,36585.62593126,38.3330078125,38.3330078125,0,,0
29101,GF-16-CAM-18,36585.732597175,36585.732941818,36585.75374194,38.3330078125,38.3330078125,0,,0
29103,GF-16-CAM-18,36585.884252457,36585.885478061,36585.920375434,38.3330078125,38.3330078125,0,,0
29105,GF-16-CAM-18,36586.054778513,36586.055561521,36586.088505275,38.3330078125,38.3330078125,0,,0
29107,GF-16-CAM-18,36586.208859745,36586.209636174,36586.23754603,38.3330078125,38.3330078125,0,,0
29109,GF-16-CAM-18,36586.350156209,36586.350582372,36586.388221457,38.3330078125,38.3330078125,0,,0
29111,GF-16-CAM-18,36586.537863631,36586.539056739,36586.580682714,38.3330078125,38.3330078125,0,,0
29113,GF-16-CAM-18,36586.722226982,36586.723203351,36586.761293728,38.3330078125,38.3330078125,0,,0
29115,GF-16-CAM-18,36586.908320856,36586.90959842,36586.943520297,38.3330078125,38.3330078125,0,,0
29117,GF-16-CAM-18,36587.087843877,36587.088366163,36587.115959688,38.3330078125,38.3330078125,0,,0
29119,GF-16-CAM-18,36587.237692461,36587.238431233,36587.272400456,38.3330078125,38.3330078125,0,,0
29121,GF-16-CAM-18,36587.386330943,36587.386968876,36587.415823032,38.3330078125,38.3330078125,0,,0
29123,GF-16-CAM-18,36587.541131658,36587.541684461,36587.567016791,38.3330078125,38.3330078125,0,,0
29125,GF-16-CAM-18,36587.696364185,36587.696815535,36587.725450686,38.3330078125,38.3330078125,0,,0
29127,GF-16-CAM-18,36587.845792269,36587.848318465,36587.87202902,38.3330078125,38.3330078125,0,,0
29129,GF-16-CAM-18,36587.992570896,36587.993393704,36588.019536168,38.3330078125,38.3330078125,0,,0
29131,GF-16-CAM-18,36588.129785355,36588.130319005,36588.157082103,38.3330078125,38.3330078125,0,,0
29133,GF-16-CAM-18,36588.290974693,36588.291526507,36588.324339922,38.3330078125,38.3330078125,0,,0
29135,GF-16-CAM-18,36588.448290944,36588.451490462,36588.485643904,38.3330078125,38.3330078125,0,,0
29137,GF-16-CAM-18,36588.620643516,36588.621098643,36588.651239173,38.3330078125,38.3330078125,0,,0
29139,GF-16-CAM-18,36588.774250059,36588.775078427,36588.807556059,38.3330078125,38.3330078125,0,,0
29141,GF-16-CAM-18,36588.923264363,36588.924187734,36588.95182883,38.3330078125,38.3330078125,0,,0
29143,GF-16-CAM-18,36589.088042933,36589.089759253,36589.11211767,38.3330078125,38.3330078125,0,,0
29145,GF-16-CAM-18,36589.251930761,36589.252816893,36589.311035646,38.3330078125,38.3330078125,0,,0
29147,GF-16-CAM-18,36589.448638706,36589.449363865,36589.476166968,38.3330078125,38.3330078125,0,,0
29149,GF-16-CAM-18,36589.611344269,36589.611854576,36589.642324942,38.3330078125,38.3330078125,0,,0
29151,GF-16-CAM-18,36589.81781275,36589.818850251,36589.854449727,38.3330078125,38.3330078125,0,,0
29153,GF-16-CAM-18,36589.9668129,36589.969839621,36590.006705202,38.3330078125,38.3330078125,0,,0
29155,GF-16-CAM-18,36590.124851709,36590.125572414,36590.157046188,38.3330078125,38.3330078125,0,,0
29157,GF-16-CAM-18,36590.272363693,36590.272997711,36590.303289383,38.3330078125,38.3330078125,0,,0
29159,GF-16-CAM-18,36590.432616672,36590.433441626,36590.466568496,38.3330078125,38.3330078125,0,,0
29161,GF-16-CAM-18,36590.608186218,36590.610328033,36590.642603237,38.3330078125,38.3330078125,0,,0
29163,GF-16-CAM-18,36590.7787423,36590.779348589,36590.81159488,38.3330078125,38.3330078125,0,,0
29165,GF-16-CAM-18,36590.923709907,36590.924519304,36590.94963708,38.3330078125,38.3330078125,0,,0
29167,GF-16-CAM-18,36591.065932602,36591.066926897,36591.107288417,38.3330078125,38.3330078125,0,,0
29169,GF-16-CAM-18,36591.222129325,36591.222681233,36591.258039191,38.3330078125,38.3330078125,0,,0
29171,GF-16-CAM-18,36591.377791965,36591.378430142,36591.414019831,38.3330078125,38.3330078125,0,,0
29173,GF-16-CAM-18,36591.565305015,36591.565898563,36591.615487535,38.3330078125,38.3330078125,0,,0
29175,GF-16-CAM-18,36591.751319267,36591.752268747,36591.784189018,38.3330078125,38.3330078125,0,,0
29177,GF-16-CAM-18,36591.911197258,36591.912302359,36591.950361317,38.3330078125,38.3330078125,0,,0
29179,GF-16-CAM-18,36592.064428344,36592.064832275,36592.085472581,38.3330078125,38.3330078125,0,,0
29181,GF-16-CAM-18,36592.290135973,36592.29158454,36592.365080657,38.3330078125,38.3330078125,0,,0
29183,GF-16-CAM-18,36592.511444775,36592.512521263,36592.536164252,38.3330078125,38.3330078125,0,,0
29185,GF-16-CAM-18,36592.655164087,36592.65738441,36592.700256696,38.3330078125,38.3330078125,0,,0
29187,GF-16-CAM-18,36592.831337317,36592.832303606,36592.861340671,38.3330078125,38.3330078125,0,,0
29189,GF-16-CAM-18,36592.98933202,36592.990016413,36593.018809259,38.3330078125,38.3330078125,0,,0
29191,GF-16-CAM-18,36593.154713636,36593.155211706,36593.186308266,38.3330078125,38.3330078125,0,,0
29193,GF-16-CAM-18,36593.30589214,36593.306578835,36593.345883536,38.3330078125,38.3330078125,0,,0
29195,GF-16-CAM-18,36593.47886378,36593.479724597,36593.520069099,38.3330078125,38.3330078125,0,,0
29197,GF-16-CAM-18,36593.65353988,36593.654394431,36593.680455939,38.3330078125,38.3330078125,0,,0
29199,GF-16-CAM-18,36593.805341559,36593.805974939,36593.858734389,38.3330078125,38.3330078125,0,,0
29201,GF-16-CAM-18,36593.982100872,36593.982550952,36594.009772751,38.3330078125,38.3330078125,0,,0
29203,GF-16-CAM-18,36594.125846232,36594.126588943,36594.164701543,38.3330078125,38.3330078125,0,,0
29205,GF-16-CAM-18,36594.292585574,36594.293503872,36594.331453671,38.3330078125,38.3330078125,0,,0
29207,GF-16-CAM-18,36594.462334245,36594.463053993,36594.497787259,38.3330078125,38.3330078125,0,,0
29209,GF-16-CAM-18,36594.625412592,36594.626047429,36594.658229387,38.3330078125,38.3330078125,0,,0
29211,GF-16-CAM-18,36594.790969047,36594.791772513,36594.819742752,38.3330078125,38.3330078125,0,,0
29213,GF-16-CAM-18,36594.939298325,36594.939906893,36594.971691928,38.3330078125,38.3330078125,0,,0
29215,GF-16-CAM-18,36595.108876424,36595.109678538,36595.135924192,38.3330078125,38.3330078125,0,,0
29217,GF-16-CAM-18,36595.259070144,36595.259747439,36595.295090213,38.3330078125,38.3330078125,0,,0
29219,GF-16-CAM-18,36595.429623148,36595.433363364,36595.467567602,38.3330078125,38.3330078125,0,,0
29221,GF-16-CAM-18,36595.639642519,36595.640215968,36595.671473648,38.3330078125,38.3330078125,0,,0
29223,GF-16-CAM-18,36595.800085328,36595.803846839,36595.850604904,38.3330078125,38.3330078125,0,,0
29225,GF-16-CAM-18,36595.988681709,36595.989564415,36596.023140838,38.3330078125,38.3330078125,0,,0
29227,GF-16-CAM-18,36596.147155075,36596.147767533,36596.178363046,38.3330078125,38.3330078125,0,,0
29229,GF-16-CAM-18,36596.309684801,36596.310371924,36596.343606732,38.3330078125,38.3330078125,0,,0
29231,GF-16-CAM-18,36596.484243732,36596.487654254,36596.51937193,38.3330078125,38.3330078125,0,,0
29233,GF-16-CAM-18,36596.639523792,36596.639944215,36596.678399597,38.3330078125,38.3330078125,0,,0
29235,GF-16-CAM-18,36596.804374263,36596.804886268,36596.826312044,38.3330078125,38.3330078125,0,,0
29237,GF-16-CAM-18,36596.950657991,36596.952378872,36596.987255883,38.3330078125,38.3330078125,0,,0
29239,GF-16-CAM-18,36597.115039701,36597.117446539,36597.142413933,38.3330078125,38.3330078125,0,,0
29241,GF-16-CAM-18,36597.261525948,36597.262450813,36597.28656564,38.3330078125,38.3330078125,0,,0
29243,GF-16-CAM-18,36597.412226669,36597.412679821,36597.461714537,38.3330078125,38.3330078125,0,,0
29245,GF-16-CAM-18,36597.585553062,36597.586124518,36597.632737346,38.3330078125,38.3330078125,0,,0
29247,GF-16-CAM-18,36597.749372372,36597.750051917,36597.78757745,38.3330078125,38.3330078125,0,,0
29249,GF-16-CAM-18,36597.930543621,36597.931253244,36597.957306519,38.3330078125,38.3330078125,0,,0
29251,GF-16-CAM-18,36598.087138215,36598.087803973,36598.12067725,38.3330078125,38.3330078125,0,,0
29253,GF-16-CAM-18,36598.236084153,36598.236757275,36598.279463772,38.3330078125,38.3330078125,0,,0
29255,GF-16-CAM-18,36598.403689406,36598.404529567,36598.433873939,38.3330078125,38.3330078125,0,,0
29257,GF-16-CAM-18,36598.557211921,36598.557605184,36598.580364479,38.3330078125,38.3330078125,0,,0
29259,GF-16-CAM-18,36598.700985919,36598.701628334,36598.730214931,38.3330078125,38.3330078125,0,,0
29261,GF-16-CAM-18,36598.851042453,36598.851903641,36598.884449953,38.3330078125,38.3330078125,0,,0
29263,GF-16-CAM-18,36599.009144631,36599.009880915,36599.043546845,38.3330078125,38.3330078125,0,,0
29265,GF-16-CAM-18,36599.174399547,36599.175176442,36599.207349105,38.3330078125,38.3330078125,0,,0
29267,GF-16-CAM-18,36599.328051652,36599.329040632,36599.362778008,38.3330078125,38.3330078125,0,,0
29269,GF-16-CAM-18,36599.48968777,36599.490324182,36599.519061927,38.3330078125,38.3330078125,0,,0
29271,GF-16-CAM-18,36599.637039071,36599.637574735,36599.672941035,38.3330078125,38.3330078125,0,,0
29273,GF-16-CAM-18,36599.781966041,36599.782751921,36599.811937868,38.3330078125,38.3330078125,0,,0
29275,GF-16-CAM-18,36599.942832748,36599.943613399,36599.972242589,38.3330078125,38.3330078125,0,,0
29277,GF-16-CAM-18,36600.093333548,36600.093668871,36600.116120223,38.3330078125,38.3330078125,0,,0
29279,GF-16-CAM-18,36600.235259559,36600.23574427,36600.264499173,38.3330078125,38.3330078125,0,,0
29281,GF-16-CAM-18,36600.399856743,36600.400455693,36600.439235956,38.3330078125,38.3330078125,0,,0
29283,GF-16-CAM-18,36600.57031906,36600.57091357,36600.601273341,38.3330078125,38.3330078125,0,,0
29285,GF-16-CAM-18,36600.723441531,36600.725165904,36600.752522933,38.3330078125,38.3330078125,0,,0
29287,GF-16-CAM-18,36600.874573327,36600.875111658,36600.91366022,38.3330078125,38.3330078125,0,,0
29289,GF-16-CAM-18,36601.040674374,36601.043174812,36601.072347286,38.3330078125,38.3330078125,0,,0
29291,GF-16-CAM-18,36601.19362504,36601.194388082,36601.228615074,38.3330078125,38.3330078125,0,,0
29293,GF-16-CAM-18,36601.359882548,36601.360558415,36601.395575592,38.3330078125,38.3330078125,0,,0
29295,GF-16-CAM-18,36601.521062457,36601.521728094,36601.557538381,38.3330078125,38.3330078125,0,,0
29297,GF-16-CAM-18,36601.665881005,36601.666524841,36601.70063459,38.3330078125,38.3330078125,0,,0
29299,GF-16-CAM-18,36601.830972458,36601.83225629,36601.869947881,38.3330078125,38.3330078125,0,,0
29301,GF-16-CAM-18,36602.009470265,36602.011348371,36602.041480975,38.3330078125,38.3330078125,0,,0
29303,GF-16-CAM-18,36602.144408019,36602.145370614,36602.181541496,38.3330078125,38.3330078125,0,,0
29305,GF-16-CAM-18,36602.310789236,36602.312291039,36602.345972604,38.3330078125,38.3330078125,0,,0
29307,GF-16-CAM-18,36602.486833822,36602.48739059,36602.514638857,38.3330078125,38.3330078125,0,,0
29309,GF-16-CAM-18,36602.635840235,36602.63653855,36602.654479127,38.3330078125,38.3330078125,0,,0
29311,GF-16-CAM-18,36602.806508062,36602.80734492,36602.84485344,38.3330078125,38.3330078125,0,,0
29313,GF-16-CAM-18,36602.975090137,36602.975765454,36603.040121421,38.3330078125,38.3330078125,0,,0
29315,GF-16-CAM-18,36603.189804137,36603.190383884,36603.226173573,38.3330078125,38.3330078125,0,,0
29317,GF-16-CAM-18,36603.353647729,36603.354383535,36603.381541621,38.3330078125,38.3330078125,0,,0
29319,GF-16-CAM-18,36603.508097027,36603.508665206,36603.542377855,38.3330078125,38.3330078125,0,,0
29321,GF-16-CAM-18,36603.651401937,36603.654393186,36603.687833128,38.3330078125,38.3330078125,0,,0
29323,GF-16-CAM-18,36603.808743005,36603.809575614,36603.832757022,38.3330078125,38.3330078125,0,,0
29325,GF-16-CAM-18,36603.962607993,36603.963060964,36604.000166348,38.3330078125,38.3330078125,0,,0
29327,GF-16-CAM-18,36604.128900993,36604.129690828,36604.158151298,38.3330078125,38.3330078125,0,,0
29329,GF-16-CAM-18,36604.278416094,36604.278920188,36604.320975897,38.3330078125,38.3330078125,0,,0
29331,GF-16-CAM-18,36604.432818899,36604.433395496,36604.467745709,38.3330078125,38.3330078125,0,,0
29333,GF-16-CAM-18,36604.584846754,36604.585614866,36604.613956828,38.3330078125,38.3330078125,0,,0
29335,GF-16-CAM-18,36604.747499069,36604.748092626,36604.787224236,38.3330078125,38.3330078125,0,,0
29337,GF-16-CAM-18,36604.924891566,36604.925603779,36604.956400945,38.3330078125,38.3330078125,0,,0
29339,GF-16-CAM-18,36605.069212992,36605.070606492,36605.100345276,38.3330078125,38.3330078125,0,,0
29341,GF-16-CAM-18,36605.230758502,36605.231219176,36605.253665594,38.3330078125,38.3330078125,0,,0
29343,GF-16-CAM-18,36605.372265297,36605.372897372,36605.409758564,38.3330078125,38.3330078125,0,,0
29345,GF-16-CAM-18,36605.539651535,36605.541352857,36605.580686635,38.3330078125,38.3330078125,0,,0
29347,GF-16-CAM-18,36605.707722186,36605.71021821,36605.750952129,38.3330078125,38.3330078125,0,,0
29349,GF-16-CAM-18,36605.874050399,36605.874549273,36605.9086717,38.3330078125,38.3330078125,0,,0
29351,GF-16-CAM-18,36606.033160655,36606.033937117,36606.061877913,38.3330078125,38.3330078125,0,,0
29353,GF-16-CAM-18,36606.181467378,36606.181856018,36606.207252207,38.3330078125,38.3330078125,0,,0
29355,GF-16-CAM-18,36606.321520672,36606.322063914,36606.355804903,38.3330078125,38.3330078125,0,,0
29357,GF-16-CAM-18,36606.459695754,36606.460259478,36606.501666231,38.3330078125,38.3330078125,0,,0
29359,GF-16-CAM-18,36606.618814229,36606.619447564,36606.650669627,38.3330078125,38.3330078125,0,,0
29361,GF-16-CAM-18,36606.756318123,36606.757594858,36606.785976879,38.3330078125,38.3330078125,0,,0
29363,GF-16-CAM-18,36606.890814536,36606.891402052,36606.926061049,38.3330078125,38.3330078125,0,,0
29365,GF-16-CAM-18,36607.030911067,36607.031491286,36607.062195914,38.3330078125,38.3330078125,0,,0
29367,GF-16-CAM-18,36607.178499441,36607.179318969,36607.216867328,38.3330078125,38.3330078125,0,,0
29369,GF-16-CAM-18,36607.327481659,36607.329678886,36607.356725928,38.3330078125,38.3330078125,0,,0
29371,GF-16-CAM-18,36607.468350454,36607.470569904,36607.500832225,38.3330078125,38.3330078125,0,,0
29373,GF-16-CAM-18,36607.606496425,36607.607069669,36607.633149923,38.3330078125,38.3330078125,0,,0
29375,GF-16-CAM-18,36607.759635644,36607.760914001,36607.784847961,38.3330078125,38.3330078125,0,,0
29377,GF-16-CAM-18,36607.913141326,36607.913726748,36607.949053455,38.3330078125,38.3330078125,0,,0
29379,GF-16-CAM-18,36608.081425118,36608.081849882,36608.119919344,38.3330078125,38.3330078125,0,,0
29381,GF-16-CAM-18,36608.237424417,36608.239647733,36608.26930701,38.3330078125,38.3330078125,0,,0
29383,GF-16-CAM-18,36608.390776998,36608.391521988,36608.423439242,38.3330078125,38.3330078125,0,,0
29385,GF-16-CAM-18,36608.552888038,36608.553600213,36608.585175011,38.3330078125,38.3330078125,0,,0
29387,GF-16-CAM-18,36608.713829574,36608.714894253,36608.745314113,38.3330078125,38.3330078125,0,,0
29389,GF-16-CAM-18,36608.868601318,36608.869287967,36608.896417569,38.3330078125,38.3330078125,0,,0
29391,GF-16-CAM-18,36609.025463311,36609.026411583,36609.063585474,38.3330078125,38.3330078125,0,,0
29393,GF-16-CAM-18,36609.184510318,36609.185396834,36609.219171559,38.3330078125,38.3330078125,0,,0
29395,GF-16-CAM-18,36609.34899245,36609.349588699,36609.374158617,38.3330078125,38.3330078125,0,,0
29397,GF-16-CAM-18,36609.502890809,36609.50346082,36609.532277941,38.3330078125,38.3330078125,0,,0
29399,GF-16-CAM-18,36609.672198524,36609.672715945,36609.71341969,38.3330078125,38.3330078125,0,,0
29401,GF-16-CAM-18,36609.838599411,36609.839395389,36609.874349799,38.3330078125,38.3330078125,0,,0
29403,GF-16-CAM-18,36610.006388623,36610.006926856,36610.032506825,38.3330078125,38.3330078125,0,,0
29405,GF-16-CAM-18,36610.14918847,36610.15047539,36610.180450066,38.3330078125,38.3330078125,0,,0
29407,GF-16-CAM-18,36610.319543003,36610.320694103,36610.347808099,38.3330078125,38.3330078125,0,,0
29409,GF-16-CAM-18,36610.479476249,36610.483705515,36610.515910017,38.3330078125,38.3330078125,0,,0
29411,GF-16-CAM-18,36610.642541696,36610.643277937,36610.673042022,38.3330078125,38.3330078125,0,,0
29413,GF-16-CAM-18,36610.807251766,36610.810131515,36610.83252215,38.3330078125,38.3330078125,0,,0
29415,GF-16-CAM-18,36610.965302004,36610.966152148,36611.013025533,38.3330078125,38.3330078125,0,,0
29417,GF-16-CAM-18,36611.153350813,36611.15672062,36611.195305928,38.3330078125,38.3330078125,0,,0
29419,GF-16-CAM-18,36611.329675515,36611.330488894,36611.355115444,38.3330078125,38.3330078125,0,,0
29421,GF-16-CAM-18,36611.481797183,36611.483455843,36611.523472549,38.3330078125,38.3330078125,0,,0
29423,GF-16-CAM-18,36611.654172476,36611.655536087,36611.695716676,38.3330078125,38.3330078125,0,,0
29425,GF-16-CAM-18,36611.909592146,36611.91042583,36611.939536047,38.3330078125,38.3330078125,0,,0
29427,GF-16-CAM-18,36612.094377543,36612.095394463,36612.132575155,38.3330078125,38.3330078125,0,,0
29429,GF-16-CAM-18,36612.290869127,36612.29249922,36612.341420913,38.3330078125,38.3330078125,0,,0
29431,GF-16-CAM-18,36612.485016744,36612.485981984,36612.519368862,38.3330078125,38.3330078125,0,,0
29433,GF-16-CAM-18,36612.656499269,36612.657158849,36612.703302083,38.3330078125,38.3330078125,0,,0
29435,GF-16-CAM-18,36612.814027493,36612.815433681,36612.852975688,38.3330078125,38.3330078125,0,,0
29437,GF-16-CAM-18,36612.985484851,36612.988117975,36613.026102584,38.3330078125,38.3330078125,0,,0
29439,GF-16-CAM-18,36613.152430963,36613.153186537,36613.183406506,38.3330078125,38.3330078125,0,,0
29441,GF-16-CAM-18,36613.306583234,36613.307147069,36613.341869393,38.3330078125,38.3330078125,0,,0
29443,GF-16-CAM-18,36613.470751249,36613.471168364,36613.514625692,38.3330078125,38.3330078125,0,,0
29445,GF-16-CAM-18,36613.647652501,36613.648739554,36613.682266828,38.3330078125,38.3330078125,0,,0
29447,GF-16-CAM-18,36613.792271539,36613.792788666,36613.82577717,38.3330078125,38.3330078125,0,,0
29449,GF-16-CAM-18,36613.948809595,36613.949505039,36613.983903446,38.3330078125,38.3330078125,0,,0
29451,GF-16-CAM-18,36614.105024385,36614.105792425,36614.140492103,38.3330078125,38.3330078125,0,,0
29453,GF-16-CAM-18,36614.251336195,36614.251930931,36614.281155795,38.3330078125,38.3330078125,0,,0
29455,GF-16-CAM-18,36614.419504258,36614.420282332,36614.4468791,38.3330078125,38.3330078125,0,,0
29457,GF-16-CAM-18,36614.583940151,36614.584857408,36614.625193371,38.3330078125,38.3330078125,0,,0
29459,GF-16-CAM-18,36614.75610893,36614.756832871,36614.795297657,38.3330078125,38.3330078125,0,,0
29461,GF-16-CAM-18,36614.929848117,36614.930763284,36614.959132356,38.3330078125,38.3330078125,0,,0
29463,GF-16-CAM-18,36615.080522634,36615.081038884,36615.120612725,38.3330078125,38.3330078125,0,,0
29465,GF-16-CAM-18,36615.255105974,36615.256434248,36615.295418225,38.3330078125,38.3330078125,0,,0
29467,GF-16-CAM-18,36615.409311733,36615.410307375,36615.443315683,38.3330078125,38.3330078125,0,,0
29469,GF-16-CAM-18,36615.590276801,36615.590941272,36615.632425915,38.3330078125,38.3330078125,0,,0
29471,GF-16-CAM-18,36615.759223181,36615.759953339,36615.793366979,38.3330078125,38.3330078125,0,,0
29473,GF-16-CAM-18,36615.907153692,36615.909440709,36615.943742565,38.3330078125,38.3330078125,0,,0
29475,GF-16-CAM-18,36616.082026427,36616.08331075,36616.126827415,38.3330078125,38.3330078125,0,,0
29477,GF-16-CAM-18,36616.25796396,36616.259133652,36616.29269898,38.3330078125,38.3330078125,0,,0
29479,GF-16-CAM-18,36616.40922501,36616.409791467,36616.450222124,38.3330078125,38.3330078125,0,,0
29481,GF-16-CAM-18,36616.576080253,36616.576478293,36616.608806164,38.3330078125,38.3330078125,0,,0
29483,GF-16-CAM-18,36616.733275181,36616.733900307,36616.763338229,38.3330078125,38.3330078125,0,,0
29485,GF-16-CAM-18,36616.899309528,36616.900166526,36616.93069388,38.3330078125,38.3330078125,0,,0
29487,GF-16-CAM-18,36617.062110898,36617.062634421,36617.089049854,38.3330078125,38.3330078125,0,,0
29489,GF-16-CAM-18,36617.217901053,36617.21858205,36617.25388028,38.3330078125,38.3330078125,0,,0
29491,GF-16-CAM-18,36617.383064769,36617.383655109,36617.419147121,38.3330078125,38.3330078125,0,,0
29493,GF-16-CAM-18,36617.540153031,36617.540923415,36617.576715829,38.3330078125,38.3330078125,0,,0
29495,GF-16-CAM-18,36617.694919684,36617.696664065,36617.724402612,38.3330078125,38.3330078125,0,,0
29497,GF-16-CAM-18,36617.839164979,36617.841099375,36617.880135963,38.3330078125,38.3330078125,0,,0
29499,GF-16-CAM-18,36617.999640686,36618.000149149,36618.047816026,38.3330078125,38.3330078125,0,,0
29501,GF-16-CAM-18,36618.155894068,36618.156517708,36618.186520038,38.3330078125,38.3330078125,0,,0
29503,GF-16-CAM-18,36618.32349262,36618.324562681,36618.362075646,38.3330078125,38.3330078125,0,,0
29505,GF-16-CAM-18,36618.47696951,36618.47769089,36618.503826489,38.3330078125,38.3330078125,0,,0
29507,GF-16-CAM-18,36618.631064378,36618.632708369,36618.671282852,38.3330078125,38.3330078125,0,,0
29509,GF-16-CAM-18,36618.785170913,36618.785932277,36618.819073389,38.3330078125,38.3330078125,0,,0
29511,GF-16-CAM-18,36618.947093235,36618.947517802,36618.992363924,38.3330078125,38.3330078125,0,,0
29513,GF-16-CAM-18,36619.123077295,36619.127184061,36619.168373046,38.3330078125,38.3330078125,0,,0
29515,GF-16-CAM-18,36619.274101787,36619.275101447,36619.303443635,38.3330078125,38.3330078125,0,,0
29517,GF-16-CAM-18,36619.424161943,36619.425234038,36619.454373325,38.3330078125,38.3330078125,0,,0
29519,GF-16-CAM-18,36619.572930846,36619.573590806,36619.605550892,38.3330078125,38.3330078125,0,,0
29521,GF-16-CAM-18,36619.725672787,36619.726270117,36619.750617045,38.3330078125,38.3330078125,0,,0
29523,GF-16-CAM-18,36619.884694259,36619.885433872,36619.916120792,38.3330078125,38.3330078125,0,,0
29525,GF-16-CAM-18,36620.041284071,36620.042194697,36620.073489797,38.3330078125,38.3330078125,0,,0
29527,GF-16-CAM-18,36620.195606522,36620.196224327,36620.225794601,38.3330078125,38.3330078125,0,,0
29529,GF-16-CAM-18,36620.356325795,36620.356919123,36620.390379411,38.3330078125,38.3330078125,0,,0
29531,GF-16-CAM-18,36620.52196628,36620.522849699,36620.559328337,38.3330078125,38.3330078125,0,,0
29533,GF-16-CAM-18,36620.6955306,36620.696404433,36620.724794201,38.3330078125,38.3330078125,0,,0
29535,GF-16-CAM-18,36620.853914187,36620.855728388,36620.883813929,38.3330078125,38.3330078125,0,,0
29537,GF-16-CAM-18,36621.006923623,36621.007562366,36621.03978942,38.3330078125,38.3330078125,0,,0
29539,GF-16-CAM-18,36621.172935425,36621.17686027,36621.218841477,38.3330078125,38.3330078125,0,,0
29541,GF-16-CAM-18,36621.338600087,36621.339849826,36621.371177413,38.3330078125,38.3330078125,0,,0
29543,GF-16-CAM-18,36621.487077259,36621.487597203,36621.520810159,38.3330078125,38.3330078125,0,,0
29545,GF-16-CAM-18,36621.636120727,36621.637124509,36621.683171703,38.3330078125,38.3330078125,0,,0
29547,GF-16-CAM-18,36621.804934905,36621.805573465,36621.837204987,38.3330078125,38.3330078125,0,,0
29549,GF-16-CAM-18,36621.993895383,36621.994441499,36622.023699204,38.3330078125,38.3330078125,0,,0
29551,GF-16-CAM-18,36622.167094858,36622.168370254,36622.220051172,38.3330078125,38.3330078125,0,,0
29553,GF-16-CAM-18,36622.341216154,36622.341826169,36622.378097951,38.3330078125,38.3330078125,0,,0
29555,GF-16-CAM-18,36622.517345839,36622.518145789,36622.548796804,38.3330078125,38.3330078125,0,,0
29557,GF-16-CAM-18,36622.676977756,36622.67771662,36622.715691232,38.3330078125,38.3330078125,0,,0
29559,GF-16-CAM-18,36622.846654177,36622.847384537,36622.878573065,38.3330078125,38.3330078125,0,,0
29561,GF-16-CAM-18,36623.001659558,36623.002445348,36623.036544649,38.3330078125,38.3330078125,0,,0
29563,GF-16-CAM-18,36623.158624991,36623.15977979,36623.189819461,38.3330078125,38.3330078125,0,,0
29565,GF-16-CAM-18,36623.322628593,36623.323502824,36623.363505445,38.3330078125,38.3330078125,0,,0
29567,GF-16-CAM-18,36623.471097421,36623.47162961,36623.496672385,38.3330078125,38.3330078125,0,,0
29569,GF-16-CAM-18,36623.619329738,36623.619863989,36623.650462273,38.3330078125,38.3330078125,0,,0
29571,GF-16-CAM-18,36623.773027753,36623.773632957,36623.807083378,38.3330078125,38.3330078125,0,,0
29573,GF-16-CAM-18,36623.937593791,36623.93865781,36623.972122559,38.3330078125,38.3330078125,0,,0
29575,GF-16-CAM-18,36624.096793433,36624.098497663,36624.127464041,38.3330078125,38.3330078125,0,,0
29577,GF-16-CAM-18,36624.244230317,36624.244814787,36624.271108306,38.3330078125,38.3330078125,0,,0
29579,GF-16-CAM-18,36624.395130404,36624.396440409,36624.426204829,38.3330078125,38.3330078125,0,,0
29581,GF-16-CAM-18,36624.548750292,36624.549504092,36624.577378491,38.3330078125,38.3330078125,0,,0
29583,GF-16-CAM-18,36624.69751087,36624.697979383,36624.727506705,38.3330078125,38.3330078125,0,,0
29585,GF-16-CAM-18,36624.847293318,36624.847786917,36624.875136347,38.3330078125,38.3330078125,0,,0
29587,GF-16-CAM-18,36624.989163558,36624.989663433,36625.01965247,38.3330078125,38.3330078125,0,,0
29589,GF-16-CAM-18,36625.136617709,36625.137018445,36625.166069891,38.3330078125,38.3330078125,0,,0
29591,GF-16-CAM-18,36625.302512017,36625.30331993,36625.348897509,38.3330078125,38.3330078125,0,,0
29593,GF-16-CAM-18,36625.468643689,36625.469528413,36625.512301286,38.3330078125,38.3330078125,0,,0
29595,GF-16-CAM-18,36625.63302394,36625.633551345,36625.6657003,38.3330078125,38.3330078125,0,,0
29597,GF-16-CAM-18,36625.808022945,36625.808638537,36625.833684154,38.3330078125,38.3330078125,0,,0
29599,GF-16-CAM-18,36625.960026249,36625.960405037,36625.996496498,38.3330078125,38.3330078125,0,,0
29601,GF-16-CAM-18,36626.122978342,36626.1237024,36626.150714248,38.3330078125,38.3330078125,0,,0
29603,GF-16-CAM-18,36626.307616699,36626.308128661,36626.339872133,38.3330078125,38.3330078125,0,,0
29605,GF-16-CAM-18,36626.470287469,36626.470918004,36626.50253345,38.3330078125,38.3330078125,0,,0
29607,GF-16-CAM-18,36626.619094751,36626.621542307,36626.665849832,38.3330078125,38.3330078125,0,,0
29609,GF-16-CAM-18,36626.779775902,36626.780592445,36626.818540993,38.3330078125,38.3330078125,0,,0
29611,GF-16-CAM-18,36626.956954372,36626.957613941,36627.001563908,38.3330078125,38.3330078125,0,,0
29613,GF-16-CAM-18,36627.136289692,36627.137319695,36627.177790945,38.3330078125,38.3330078125,0,,0
29615,GF-16-CAM-18,36627.304787569,36627.305785184,36627.344436334,38.3330078125,38.3330078125,0,,0
29617,GF-16-CAM-18,36627.483202629,36627.483728705,36627.519507119,38.3330078125,38.3330078125,0,,0
29619,GF-16-CAM-18,36627.641456944,36627.642309544,36627.671701274,38.3330078125,38.3330078125,0,,0
29621,GF-16-CAM-18,36627.808967633,36627.809967321,36627.842061165,38.3330078125,38.3330078125,0,,0
29623,GF-16-CAM-18,36627.976138632,36627.977125428,36628.023926072,38.3330078125,38.3330078125,0,,0
29625,GF-16-CAM-18,36628.144042648,36628.144722856,36628.183280301,38.3330078125,38.3330078125,0,,0
29627,GF-16-CAM-18,36628.312170709,36628.3127132,36628.351221105,38.3330078125,38.3330078125,0,,0
29629,GF-16-CAM-18,36628.474617782,36628.475154755,36628.51148105,38.3330078125,38.3330078125,0,,0
29631,GF-16-CAM-18,36628.645485993,36628.647520663,36628.682648687,38.3330078125,38.3330078125,0,,0
29633,GF-16-CAM-18,36628.803278092,36628.80406503,36628.844583212,38.3330078125,38.3330078125,0,,0
29635,GF-16-CAM-18,36628.986792075,36628.987316666,36629.028108991,38.3330078125,38.3330078125,0,,0
29637,GF-16-CAM-18,36629.154853925,36629.156920363,36629.184823058,38.3330078125,38.3330078125,0,,0
29639,GF-16-CAM-18,36629.321071938,36629.323643601,36629.360139561,38.3330078125,38.3330078125,0,,0
29641,GF-16-CAM-18,36629.491097373,36629.491969521,36629.533846847,38.3330078125,38.3330078125,0,,0
29643,GF-16-CAM-18,36629.693542061,36629.694164832,36629.740553598,38.3330078125,38.3330078125,0,,0
29645,GF-16-CAM-18,36629.86084124,36629.861746869,36629.888137338,38.3330078125,38.3330078125,0,,0
29647,GF-16-CAM-18,36630.012351754,36630.013188389,36630.04665387,38.3330078125,38.3330078125,0,,0
29649,GF-16-CAM-18,36630.177716909,36630.178680425,36630.217968736,38.3330078125,38.3330078125,0,,0
29651,GF-16-CAM-18,36630.34821751,36630.348997807,36630.393221229,38.3330078125,38.3330078125,0,,0
29653,GF-16-CAM-18,36630.5117977,36630.512305163,36630.544526879,38.3330078125,38.3330078125,0,,0
29655,GF-16-CAM-18,36630.684559622,36630.685187426,36630.717905672,38.3330078125,38.3330078125,0,,0
29657,GF-16-CAM-18,36630.850335954,36630.850918535,36630.893090012,38.3330078125,38.3330078125,0,,0
29659,GF-16-CAM-18,36631.032671483,36631.033356487,36631.061782751,38.3330078125,38.3330078125,0,,0
29661,GF-16-CAM-18,36631.190520049,36631.190996245,36631.211824687,38.3330078125,38.3330078125,0,,0
29663,GF-16-CAM-18,36631.392866854,36631.394038098,36631.429420317,38.3330078125,38.3330078125,0,,0
29665,GF-16-CAM-18,36631.564888815,36631.565696878,36631.601534202,38.3330078125,38.3330078125,0,,0
29667,GF-16-CAM-18,36631.726808777,36631.727656958,36631.75848055,38.3330078125,38.3330078125,0,,0
29669,GF-16-CAM-18,36631.879854439,36631.880334083,36631.91788147,38.3330078125,38.3330078125,0,,0
29671,GF-16-CAM-18,36632.051393485,36632.052126003,36632.089500718,38.3330078125,38.3330078125,0,,0
29673,GF-16-CAM-18,36632.210712771,36632.211519802,36632.247108259,38.3330078125,38.3330078125,0,,0
29675,GF-16-CAM-18,36632.376381711,36632.377363932,36632.415955232,38.3330078125,38.3330078125,0,,0
29677,GF-16-CAM-18,36632.550219451,36632.55088168,36632.593409741,38.3330078125,38.3330078125,0,,0
29679,GF-16-CAM-18,36632.728097478,36632.728508051,36632.758381637,38.3330078125,38.3330078125,0,,0
29681,GF-16-CAM-18,36632.917945556,36632.919674513,36632.977553528,38.3330078125,38.3330078125,0,,0
29683,GF-16-CAM-18,36633.117694298,36633.118416973,36633.155916819,38.3330078125,38.3330078125,0,,0
29685,GF-16-CAM-18,36633.280241058,36633.280695387,36633.316210507,38.3330078125,38.3330078125,0,,0
29687,GF-16-CAM-18,36633.442187479,36633.442778978,36633.475101017,38.3330078125,38.3330078125,0,,0
29689,GF-16-CAM-18,36633.625080755,36633.625874312,36633.661155413,38.3330078125,38.3330078125,0,,0
29691,GF-16-CAM-18,36633.778536712,36633.779150938,36633.808765974,38.3330078125,38.3330078125,0,,0
29693,GF-16-CAM-18,36633.924052687,36633.924633863,36633.966653205,38.3330078125,38.3330078125,0,,0
29695,GF-16-CAM-18,36634.0936544,36634.094168536,36634.128257454,38.3330078125,38.3330078125,0,,0
29697,GF-16-CAM-18,36634.241350119,36634.242200222,36634.280131963,38.3330078125,38.3330078125,0,,0
29699,GF-16-CAM-18,36634.412817468,36634.414805682,36634.448198549,38.3330078125,38.3330078125,0,,0
29701,GF-16-CAM-18,36634.639034929,36634.639748341,36634.689899962,38.3330078125,38.3330078125,0,,0
29703,GF-16-CAM-18,36634.814921068,36634.815809074,36634.85604781,38.3330078125,38.3330078125,0,,0
29705,GF-16-CAM-18,36634.980209409,36634.980948452,36635.025828923,38.3330078125,38.3330078125,0,,0
29707,GF-16-CAM-18,36635.148373499,36635.148995924,36635.18137364,38.3330078125,38.3330078125,0,,0
29709,GF-16-CAM-18,36635.31880398,36635.319633965,36635.348196156,38.3330078125,38.3330078125,0,,0
29711,GF-16-CAM-18,36635.477692338,36635.480018638,36635.509747497,38.3330078125,38.3330078125,0,,0
29713,GF-16-CAM-18,36635.643047169,36635.643946074,36635.686911117,38.3330078125,38.3330078125,0,,0
29715,GF-16-CAM-18,36635.80412095,36635.804869714,36635.849708464,38.3330078125,38.3330078125,0,,0
29717,GF-16-CAM-18,36636.00317661,36636.00382507,36636.044780218,38.3330078125,38.3330078125,0,,0
29719,GF-16-CAM-18,36636.160105889,36636.162664052,36636.203928664,38.3330078125,38.3330078125,0,,0
29721,GF-16-CAM-18,36636.32344821,36636.324735209,36636.361850195,38.3330078125,38.3330078125,0,,0
29723,GF-16-CAM-18,36636.490960995,36636.49142933,36636.523790177,38.3330078125,38.3330078125,0,,0
29725,GF-16-CAM-18,36636.641661376,36636.642460823,36636.674071681,38.3330078125,38.3330078125,0,,0
29727,GF-16-CAM-18,36636.800358882,36636.802194324,36636.827659133,38.3330078125,38.3330078125,0,,0
29729,GF-16-CAM-18,36636.963693112,36636.964307343,36637.002562928,38.3330078125,38.3330078125,0,,0
29731,GF-16-CAM-18,36637.126974124,36637.128322443,36637.168047823,38.3330078125,38.3330078125,0,,0
29733,GF-16-CAM-18,36637.287235584,36637.288087682,36637.332530057,38.3330078125,38.3330078125,0,,0
