frame_idx,ssim,curr_mean,mean_diff,is_open,candidate,stable
0,0.8883187017120522,51.86969696969697,15.353939393939394,False,False,False
1,0.8908266705595346,51.842424242424244,15.396969696969697,False,False,False
2,0.8947553109034734,51.804848484848485,15.412727272727272,False,False,False
3,0.8973141847127145,51.766060606060606,15.426060606060606,False,False,False
4,0.8961119656460252,51.89151515151515,15.32969696969697,False,False,False
5,0.8970150901132947,51.836969696969696,15.378181818181819,False,False,False
6,0.8982275112836813,51.842424242424244,15.366666666666667,False,False,False
7,0.8993378667569036,51.904242424242426,15.27939393939394,False,False,False
8,0.8973193857950167,51.85575757575758,15.346060606060606,False,False,False
9,0.897464275096178,51.90121212121212,15.31151515151515,False,False,False
10,0.8991621041403632,51.86424242424243,15.32060606060606,False,False,False
11,0.8985886270850436,51.71151515151515,15.450303030303031,False,False,False
12,0.8982361260024746,51.833939393939396,15.336363636363636,False,False,False
13,0.8984263191603439,51.92606060606061,15.26,False,False,False
14,0.8985261192720096,51.947878787878786,15.238181818181818,False,False,False
15,0.8987994632525224,51.842424242424244,15.324242424242424,False,False,False
16,0.8987181286451342,51.776969696969694,15.387272727272727,False,False,False
17,0.8992222740461707,51.876969696969695,15.287272727272727,False,False,False
18,0.9005969651083565,51.9230303030303,15.244848484848484,False,False,False
19,0.9004084563148325,51.98848484848485,15.2,False,False,False
20,0.8986565817679616,51.86060606060606,15.327878787878788,False,False,False
21,0.8989993278868019,51.92424242424242,15.265454545454546,False,False,False
22,0.8989239948191715,51.943636363636365,15.265454545454546,False,False,False
23,0.8993235703958143,51.983636363636364,15.241212121212122,False,False,False
24,0.8993957197519178,51.907878787878786,15.30121212121212,False,False,False
25,0.8996873386713338,51.93575757575758,15.295151515151515,False,False,False
26,0.9002389609118056,51.944242424242425,15.262424242424242,False,False,False
27,0.8997033838129809,51.77090909090909,15.415151515151516,False,False,False
28,0.9005157909040535,51.78060606060606,15.407878787878788,False,False,False
29,0.9006476489736654,51.82424242424243,15.401818181818182,False,False,False
30,0.8999669249453424,51.81575757575757,15.40060606060606,False,False,False
31,0.9005604042796721,51.77151515151515,15.42909090909091,False,False,False
32,0.9009361714042212,51.846060606060604,15.381212121212121,False,False,False
33,0.9010926461213964,51.82606060606061,15.398787878787878,False,False,False
34,0.9011136471884156,51.82363636363636,15.40121212121212,False,False,False
35,0.9017789063582432,51.912121212121214,15.304242424242425,False,False,False
36,0.9005527775761073,51.89939393939394,15.30121212121212,False,False,False
37,0.9005543165077468,51.9369696969697,15.258787878787878,False,False,False
38,0.9004433762366649,51.86121212121212,15.332121212121212,False,False,False
39,0.9008188054733541,51.872121212121215,15.312727272727273,False,False,False
40,0.9001350638548449,51.78787878787879,15.405454545454546,False,False,False
41,0.9002440961934064,51.766060606060606,15.41030303030303,False,False,False
42,0.9000752760853445,51.63575757575757,15.552727272727273,False,False,False
43,0.9005359590735703,51.74848484848485,15.444848484848485,False,False,False
44,0.9007120031744574,51.81212121212121,15.38,False,False,False
45,0.9006362012124763,51.775757575757574,15.413939393939394,False,False,False
46,0.9006330914731634,51.81090909090909,15.381212121212121,False,False,False
47,0.9005519336562983,51.80909090909091,15.383030303030303,False,False,False
48,0.9010604101838935,51.74121212121212,15.44848484848485,False,False,False
49,0.9011097846285657,51.737575757575755,15.452121212121211,False,False,False
50,0.8902917527728451,51.64363636363636,15.457575757575757,False,False,False
51,0.8923026633818376,51.47818181818182,15.593939393939394,False,False,False
52,0.8918171119909658,51.54545454545455,15.546060606060607,False,False,False
53,0.8938602143697686,51.57393939393939,15.505454545454546,False,False,False
54,0.8947410751915592,51.56484848484848,15.520606060606061,False,False,False
55,0.8968162939123567,51.46666666666667,15.601818181818182,False,False,False
56,0.8964855221412028,51.39090909090909,15.663030303030302,False,False,False
57,0.8972926873542135,51.086060606060606,15.937575757575758,False,False,False
58,0.89865554672074,51.32606060606061,15.727878787878788,False,False,False
59,0.9000027017417687,51.20181818181818,15.823030303030302,False,False,False
60,0.8987723193502727,51.276969696969694,15.751515151515152,False,False,False
61,0.8984209354166973,51.333939393939396,15.707878787878787,False,False,False
62,0.8991848354292288,51.303636363636365,15.736969696969696,False,False,False
63,0.901451422579469,51.07939393939394,15.943030303030303,False,False,False
64,0.9006118378449505,50.96121212121212,16.055151515151515,False,False,False
65,0.9009392802192968,50.85757575757576,16.135757575757577,False,False,False
66,0.9003269414975488,50.947878787878786,16.055151515151515,False,False,False
67,0.9003822821103733,50.86181818181818,16.14969696969697,False,False,False
68,0.9021547996642078,50.85515151515151,16.115151515151513,False,False,False
69,0.9022104987825024,50.84848484848485,16.107272727272726,False,False,False
70,0.9007026960535227,50.92787878787879,16.07151515151515,False,False,False
71,0.9004575368166668,50.92545454545454,16.081212121212122,False,False,False
72,0.9006847342265257,50.93151515151515,16.07151515151515,False,False,False
73,0.9010431447096868,50.86060606060606,16.12787878787879,False,False,False
74,0.9009073878484662,50.81393939393939,16.18060606060606,False,False,False
75,0.900168713971705,50.807878787878785,16.176969696969696,False,False,False
76,0.9006862330598903,50.64242424242424,16.327878787878788,False,False,False
77,0.9005684703366451,50.657575757575756,16.29939393939394,False,False,False
78,0.9004224115886938,50.89030303030303,16.099393939393938,False,False,False
79,0.900411435786898,50.79939393939394,16.168484848484848,False,False,False
80,0.90035476590404,50.96363636363636,16.02969696969697,False,False,False
81,0.9006737105250572,50.99818181818182,16.004848484848484,False,False,False
82,0.8995812205994861,50.82969696969697,16.14909090909091,False,False,False
83,0.9000289471416247,50.95030303030303,16.05757575757576,False,False,False
84,0.9007046287378633,51.014545454545456,16.009090909090908,False,False,False
85,0.9006440686025861,51.21818181818182,15.82121212121212,False,False,False
86,0.9007453660854504,51.12969696969697,15.885454545454545,False,False,False
87,0.9011499638865842,51.32242424242424,15.706060606060607,False,False,False
88,0.9010855112733666,51.29090909090909,15.741212121212122,False,False,False
89,0.9016179631292783,51.53333333333333,15.546060606060607,False,False,False
90,0.9016015929097493,51.586060606060606,15.495757575757576,False,False,False
91,0.9017077108461882,51.7969696969697,15.304242424242425,False,False,False
92,0.9019044860469706,51.941818181818185,15.16909090909091,False,False,False
93,0.9016320394509815,52.13939393939394,14.995757575757576,False,False,False
94,0.902591048326526,51.844242424242424,15.254545454545454,False,False,False
95,0.9017339555586072,52.11636363636364,15.01878787878788,False,False,False
96,0.9020550140308742,51.9369696969697,15.177575757575758,False,False,False
97,0.9027256319861168,52.02848484848485,15.106666666666667,False,False,False
98,0.9025816582114417,52.13515151515151,14.997575757575758,False,False,False
99,0.9026713871640124,52.27757575757576,14.870909090909091,False,False,False
100,0.8907261879790257,52.39090909090909,14.762424242424242,False,False,False
101,0.8925820755715475,52.345454545454544,14.788484848484849,False,False,False
102,0.8942726356752366,52.304848484848485,14.83030303030303,False,False,False
103,0.8964453428611576,52.28909090909091,14.829090909090908,False,False,False
104,0.8974406777571257,52.36,14.767878787878788,False,False,False
105,0.8993061865413009,52.224848484848486,14.873939393939393,False,False,False
106,0.899334541275903,52.28848484848485,14.822424242424242,False,False,False
107,0.9007727231425087,52.29030303030303,14.804848484848485,False,False,False
108,0.8997091629134639,52.35454545454545,14.761212121212122,False,False,False
109,0.9005033108304902,52.49939393939394,14.65030303030303,False,False,False
110,0.900439065571101,52.24424242424242,14.854545454545455,False,False,False
111,0.9005733203459741,52.238181818181815,14.855757575757575,False,False,False
112,0.9008705884610588,52.264242424242425,14.832121212121212,False,False,False
113,0.900803222935431,52.276363636363634,14.82121212121212,False,False,False
114,0.9013005197939801,52.31454545454545,14.8,False,False,False
115,0.9020777733439104,52.305454545454545,14.796969696969697,False,False,False
116,0.9021029726911047,52.343030303030304,14.777575757575757,False,False,False
117,0.9018774672524623,52.32181818181818,14.787878787878787,False,False,False
118,0.9024061817756162,52.28424242424242,14.832727272727272,False,False,False
119,0.9034415588500698,52.237575757575755,14.873333333333333,False,False,False
120,0.9031195891604552,52.31757575757576,14.798181818181819,False,False,False
121,0.903490191468062,52.2430303030303,14.866666666666667,False,False,False
122,0.9033168250740673,52.21333333333333,14.89030303030303,False,False,False
123,0.9037540325712716,52.28242424242424,14.823636363636364,False,False,False
124,0.9028669468310596,52.38969696969697,14.741818181818182,False,False,False
125,0.9035016922224551,52.27878787878788,14.838181818181818,False,False,False
126,0.9028521788283683,52.343030303030304,14.784848484848485,False,False,False
127,0.9029125023530931,52.25757575757576,14.864242424242423,False,False,False
128,0.9029070567690786,52.373939393939395,14.758787878787878,False,False,False
129,0.903104660422037,52.32484848484849,14.78969696969697,False,False,False
130,0.9033872567565457,52.42424242424242,14.718181818181819,False,False,False
131,0.9033914268907764,52.38,14.757575757575758,False,False,False
132,0.9030328290594783,52.38969696969697,14.751515151515152,False,False,False
133,0.9029643439516413,52.38666666666666,14.75939393939394,False,False,False
134,0.9035169298072507,52.40969696969697,14.715757575757575,False,False,False
135,0.9040818508088347,52.36121212121212,14.755757575757576,False,False,False
136,0.9033602418541634,52.337575757575756,14.796363636363637,False,False,False
137,0.9037149502154648,52.39515151515152,14.764242424242424,False,False,False
138,0.903933065589036,52.376969696969695,14.76909090909091,False,False,False
139,0.9041823147258766,52.31757575757576,14.806666666666667,False,False,False
140,0.9036450844460483,52.37090909090909,14.773939393939393,False,False,False
141,0.9037607073919038,52.25212121212121,14.883030303030303,False,False,False
142,0.9036488606152027,52.36909090909091,14.774545454545455,False,False,False
143,0.9039632336862885,52.308484848484845,14.813333333333333,False,False,False
144,0.9030383565043435,52.31757575757576,14.813939393939394,False,False,False
145,0.9030797026763362,52.308484848484845,14.825454545454546,False,False,False
146,0.9031331800660355,52.27212121212121,14.85939393939394,False,False,False
147,0.9033619689269341,52.27939393939394,14.836363636363636,False,False,False
148,0.9036603661635557,52.43939393939394,14.715151515151515,False,False,False
149,0.9038075785392022,52.410303030303034,14.735757575757576,False,False,False
150,0.8924289622093348,52.34787878787879,14.855151515151515,False,False,False
151,0.894164901878083,52.36363636363637,14.838181818181818,False,False,False
152,0.8954029987371808,52.3569696969697,14.848484848484848,False,False,False
153,0.8983898062485308,52.39272727272727,14.773939393939393,False,False,False
154,0.8998052627421075,52.35939393939394,14.836363636363636,False,False,False
155,0.9015351964859443,52.38666666666666,14.787272727272727,False,False,False
156,0.9006484586730638,52.410909090909094,14.772727272727273,False,False,False
157,0.9018466658457983,52.41878787878788,14.763636363636364,False,False,False
158,0.9010721754119001,52.39212121212121,14.785454545454545,False,False,False
159,0.9022495457518458,52.403030303030306,14.762424242424242,False,False,False
160,0.9018857768809173,52.38060606060606,14.786060606060605,False,False,False
161,0.9021009561774521,52.4969696969697,14.692727272727273,False,False,False
162,0.9027553496513331,52.412727272727274,14.745454545454546,False,False,False
163,0.9019333557900037,52.3860606060606,14.784242424242425,False,False,False
164,0.9029438671169815,52.519393939393936,14.686060606060606,False,False,False
165,0.9038109540824384,52.53515151515151,14.665454545454546,False,False,False
166,0.9037133686725256,52.480606060606064,14.707878787878787,False,False,False
167,0.9041277741196312,52.442424242424245,14.746060606060606,False,False,False
168,0.9040733374859125,52.40969696969697,14.771515151515151,False,False,False
169,0.9041209709867707,52.484242424242424,14.743030303030302,False,False,False
170,0.9043556494585878,52.53272727272727,14.692121212121211,False,False,False
171,0.9054869130259815,52.405454545454546,14.774545454545455,False,False,False
172,0.904675618846248,52.416363636363634,14.776969696969697,False,False,False
173,0.9046560294692921,52.443636363636365,14.754545454545454,False,False,False
174,0.9039516293347267,52.481818181818184,14.734545454545454,False,False,False
175,0.9040631531924649,52.5,14.722424242424243,False,False,False
176,0.90324668921972,52.45939393939394,14.767878787878788,False,False,False
177,0.9035399876055308,52.482424242424244,14.74,False,False,False
178,0.9027039789221692,52.45878787878788,14.755151515151516,False,False,False
179,0.9029103861092109,52.412727272727274,14.793939393939393,False,False,False
180,0.9043063070707265,52.343636363636364,14.856969696969697,False,False,False
181,0.9044917311439643,52.36606060606061,14.836969696969698,False,False,False
182,0.9041553471601421,52.5230303030303,14.690909090909091,False,False,False
183,0.9038681206520538,52.5230303030303,14.690909090909091,False,False,False
184,0.9041511022977238,52.50484848484849,14.709090909090909,False,False,False
185,0.9043121142640825,52.47030303030303,14.733939393939394,False,False,False
186,0.9033254537982148,52.377575757575755,14.814545454545454,False,False,False
187,0.9030746570527366,52.38545454545454,14.812727272727273,False,False,False
188,0.9034471191261386,52.44121212121212,14.801818181818183,False,False,False
189,0.9035237852350448,52.410303030303034,14.81939393939394,False,False,False
190,0.9037935983065473,52.46666666666667,14.747272727272728,False,False,False
191,0.9040002836789002,52.47151515151515,14.742424242424242,False,False,False
192,0.9041443996244306,52.36969696969697,14.84060606060606,False,False,False
193,0.9035401955275754,52.378787878787875,14.833939393939394,False,False,False
194,0.9043944093034635,52.446060606060605,14.767878787878788,False,False,False
195,0.9043749017701121,52.46606060606061,14.747878787878788,False,False,False
196,0.9046542775242435,52.43515151515152,14.788484848484849,False,False,False
197,0.904211584794594,52.448484848484846,14.775151515151515,False,False,False
198,0.9037393106567304,52.50424242424243,14.708484848484849,False,False,False
199,0.9043288282051196,52.375757575757575,14.818787878787878,False,False,False
200,0.8891986205318504,52.32909090909091,14.945454545454545,False,False,False
201,0.8916686987238885,52.376363636363635,14.904242424242424,False,False,False
202,0.8936786908285881,52.33030303030303,14.941818181818181,False,False,False
203,0.8961893536442245,52.36545454545455,14.894545454545455,False,False,False
204,0.8943047071557443,52.36121212121212,14.91090909090909,False,False,False
205,0.8965997789211542,52.341818181818184,14.91090909090909,False,False,False
206,0.8951409145965948,52.2,15.055151515151515,False,False,False
207,0.895573749183773,52.45575757575757,14.817575757575758,False,False,False
208,0.8974276745950032,52.29939393939394,14.94,False,False,False
209,0.8981955856234192,52.32484848484849,14.90969696969697,False,False,False
210,0.898818293711855,52.28060606060606,14.946666666666667,False,False,False
211,0.8983085144089572,52.346666666666664,14.895151515151515,False,False,False
212,0.9005912072651345,52.335151515151516,14.878787878787879,False,False,False
213,0.9008496734058474,52.416363636363634,14.816969696969696,False,False,False
214,0.8993145169378866,52.38242424242424,14.850909090909092,False,False,False
215,0.9004522757950574,52.555151515151515,14.704848484848485,False,False,False
216,0.9007007133893886,52.49454545454545,14.76060606060606,False,False,False
217,0.9008115434186437,52.56787878787879,14.683636363636364,False,False,False
218,0.9002854213747827,52.586060606060606,14.66909090909091,False,False,False
219,0.9000411499732034,52.67636363636364,14.616363636363637,False,False,False
220,0.9017152025845309,52.7060606060606,14.555151515151515,False,False,False
221,0.9007711614381291,52.660606060606064,14.59939393939394,False,False,False
222,0.9018438885269727,52.694545454545455,14.569090909090908,False,False,False
223,0.9019567714523006,52.66848484848485,14.592727272727272,False,False,False
224,0.9021617340334832,52.77272727272727,14.521212121212121,False,False,False
225,0.9024609831929251,52.88424242424242,14.443636363636363,False,False,False
226,0.9021495073620458,52.78181818181818,14.503636363636364,False,False,False
227,0.9021671725078234,52.801212121212124,14.496363636363636,False,False,False
228,0.9016216824514832,52.844242424242424,14.446060606060605,False,False,False
229,0.9022174903699455,52.876363636363635,14.42,False,False,False
230,0.9017983053542369,52.803636363636365,14.479393939393939,False,False,False
231,0.9020964905763681,52.75575757575758,14.522424242424242,False,False,False
232,0.9017711738918402,52.8169696969697,14.458787878787879,False,False,False
233,0.9017771974148837,52.92181818181818,14.374545454545455,False,False,False
234,0.9017478656540633,52.68848484848485,14.576363636363636,False,False,False
235,0.901339442973478,52.78969696969697,14.484848484848484,False,False,False
236,0.9016476388270954,52.835757575757576,14.436363636363636,False,False,False
237,0.9028979611409854,53.04424242424243,14.243636363636364,False,False,False
238,0.9013601969165258,52.85151515151515,14.433939393939394,False,False,False
239,0.9024020907846533,52.90969696969697,14.35878787878788,False,False,False
240,0.9027095427599703,52.92060606060606,14.357575757575757,False,False,False
241,0.9024033648625513,52.95272727272727,14.34,False,False,False
242,0.9026776927963597,52.947878787878786,14.34969696969697,False,False,False
243,0.9026740945065029,52.946666666666665,14.350909090909092,False,False,False
244,0.9026636532865693,52.915757575757574,14.362424242424243,False,False,False
245,0.9028376359447664,52.972727272727276,14.31030303030303,False,False,False
246,0.9025462466343848,52.9769696969697,14.306060606060607,False,False,False
247,0.9030993176944918,53.06484848484848,14.255757575757576,False,False,False
248,0.9023736905784988,53.016363636363636,14.267878787878788,False,False,False
249,0.9025380551894236,53.07575757575758,14.216969696969697,False,False,False
250,0.8899314936601932,53.267272727272726,13.966060606060607,False,False,False
251,0.8929268268335977,53.21151515151515,14.002424242424242,False,False,False
252,0.8947929307424005,53.18060606060606,14.040606060606061,False,False,False
253,0.8988204558765953,53.301212121212124,13.911515151515152,False,False,False
254,0.8953172424829889,53.17575757575757,14.041818181818181,False,False,False
255,0.8978210072107154,53.36666666666667,13.847272727272728,False,False,False
256,0.8976634131416454,53.36181818181818,13.853333333333333,False,False,False
257,0.8990043291820579,53.25939393939394,13.93878787878788,False,False,False
258,0.8990349429936912,53.266060606060606,13.926060606060606,False,False,False
259,0.8993449783893689,53.371515151515155,13.818181818181818,False,False,False
260,0.8995871788323567,53.39636363636364,13.816363636363636,False,False,False
261,0.9006086495322383,53.52969696969697,13.736363636363636,False,False,False
262,0.9001048036984203,53.39333333333333,13.84969696969697,False,False,False
263,0.9009510594363479,53.49393939393939,13.74060606060606,False,False,False
264,0.9006162853825203,53.50606060606061,13.728484848484849,False,False,False
265,0.9008945337827812,53.556969696969695,13.687272727272727,False,False,False
266,0.9008044996802071,53.54787878787879,13.684242424242424,False,False,False
267,0.9002672068756945,53.62060606060606,13.63090909090909,False,False,False
268,0.9002323032306072,53.661212121212124,13.613333333333333,False,False,False
269,0.9014035665142991,53.693333333333335,13.58969696969697,False,False,False
270,0.9006789018107786,53.64484848484849,13.604242424242424,False,False,False
271,0.9006947413809252,53.7169696969697,13.56121212121212,False,False,False
272,0.9000728644267887,53.67575757575757,13.573333333333334,False,False,False
273,0.9004795650834577,53.64969696969697,13.60909090909091,False,False,False
274,0.8998144100735389,53.735757575757575,13.536363636363637,False,False,False
275,0.8998608800098145,53.69030303030303,13.575757575757576,False,False,False
276,0.9005503373740267,53.57636363636364,13.667878787878788,False,False,False
277,0.9004430371307663,53.57454545454546,13.66969696969697,False,False,False
278,0.9001369005960005,53.587272727272726,13.65939393939394,False,False,False
279,0.900228086779283,53.54181818181818,13.686666666666667,False,False,False
280,0.9006539933544747,53.57151515151515,13.683636363636364,False,False,False
281,0.9011692909014826,53.447878787878786,13.789090909090909,False,False,False
282,0.9004666828506963,53.54121212121212,13.692121212121211,False,False,False
283,0.9011388969699897,53.46060606060606,13.756969696969698,False,False,False
284,0.9011181895508582,53.484242424242424,13.744242424242424,False,False,False
285,0.9013035288109665,53.527272727272724,13.702424242424243,False,False,False
286,0.9008024297900674,53.4969696969697,13.733939393939394,False,False,False
287,0.9010722613175174,53.56666666666667,13.67878787878788,False,False,False
288,0.9011950931437395,53.52909090909091,13.715151515151515,False,False,False
289,0.9011756811512683,53.514545454545456,13.726060606060607,False,False,False
290,0.901923007819358,53.49757575757576,13.72969696969697,False,False,False
291,0.901804818959493,53.557575757575755,13.670909090909092,False,False,False
292,0.9011904549172236,53.512727272727275,13.709696969696969,False,False,False
293,0.9011197736951739,53.49939393939394,13.737575757575758,False,False,False
294,0.9013240445927297,53.49393939393939,13.75030303030303,False,False,False
295,0.9017362160272601,53.36666666666667,13.864242424242423,False,False,False
296,0.9017377898181572,53.36666666666667,13.864242424242423,False,False,False
297,0.901443227906525,53.341818181818184,13.889090909090909,False,False,False
298,0.9023701196819369,53.38787878787879,13.84060606060606,False,False,False
299,0.9024722717032337,53.35757575757576,13.870909090909091,False,False,False
300,0.89346480765858,52.92727272727273,14.366666666666667,False,False,False
301,0.8957167777123183,52.982424242424244,14.295757575757575,False,False,False
302,0.8960119595824351,52.93333333333333,14.332727272727272,False,False,False
303,0.8989589354226103,53.051515151515154,14.19878787878788,False,False,False
304,0.8986677625596543,52.96181818181818,14.298181818181819,False,False,False
305,0.9005205847271373,52.98909090909091,14.26,False,False,False
306,0.9010629387572262,53.019393939393936,14.21030303030303,False,False,False
307,0.901643408366952,53.155151515151516,14.085454545454546,False,False,False
308,0.9003936695030225,52.89636363636364,14.364848484848485,False,False,False
309,0.9001492858564011,52.93333333333333,14.326666666666666,False,False,False
310,0.8993336025331722,52.876969696969695,14.375757575757575,False,False,False
311,0.8997479661235671,53.053939393939395,14.246060606060606,False,False,False
312,0.9005074122676514,52.91878787878788,14.333939393939394,False,False,False
313,0.9016580063368883,53.01030303030303,14.25939393939394,False,False,False
314,0.9021751817603358,52.88424242424242,14.34909090909091,False,False,False
315,0.9024187035513118,52.88909090909091,14.36969696969697,False,False,False
316,0.9014992225230886,52.93818181818182,14.307272727272727,False,False,False
317,0.9018939119161846,52.99090909090909,14.287272727272727,False,False,False
318,0.9019472508127566,53.052727272727275,14.233939393939394,False,False,False
319,0.9029090187716161,53.052727272727275,14.229090909090909,False,False,False
320,0.9010107285202582,53.025454545454544,14.252727272727272,False,False,False
321,0.9010922118128235,53.02,14.26909090909091,False,False,False
322,0.9013686194773357,53.089696969696966,14.204242424242425,False,False,False
323,0.901191741905498,53.07757575757576,14.217575757575757,False,False,False
324,0.9007421521707223,53.088484848484846,14.213939393939395,False,False,False
325,0.9016526609874888,53.095151515151514,14.192727272727273,False,False,False
326,0.9016476347659826,53.095151515151514,14.18909090909091,False,False,False
327,0.901477336436305,52.92121212121212,14.350909090909092,False,False,False
328,0.9007286202909877,52.96060606060606,14.322424242424242,False,False,False
329,0.9016999459142363,53.11454545454546,14.16,False,False,False
330,0.9016379134096068,52.98848484848485,14.276363636363635,False,False,False
331,0.900952769721148,53.06363636363636,14.207272727272727,False,False,False
332,0.9010729785772299,53.03030303030303,14.251515151515152,False,False,False
333,0.9005749876358051,52.95636363636363,14.316969696969696,False,False,False
334,0.9016214119096125,52.972727272727276,14.294545454545455,False,False,False
335,0.9018122369891818,53.00545454545455,14.265454545454546,False,False,False
336,0.9009730649812552,53.014545454545456,14.272121212121212,False,False,False
337,0.9009730649812552,53.014545454545456,14.272121212121212,False,False,False
338,0.9013016588925831,52.95090909090909,14.32121212121212,False,False,False
339,0.9010794867158599,52.95636363636363,14.307272727272727,False,False,False
340,0.9010606694738329,53.00787878787879,14.264242424242424,False,False,False
341,0.9009622923504028,53.053939393939395,14.221818181818183,False,False,False
342,0.9012625533416028,52.99272727272727,14.272121212121212,False,False,False
343,0.9018297809610207,53.00121212121212,14.25030303030303,False,False,False
344,0.9015333970099775,53.06181818181818,14.211515151515151,False,False,False
345,0.9017693006954443,53.084242424242426,14.195151515151515,False,False,False
346,0.9015789877756816,53.07636363636364,14.192121212121211,False,False,False
347,0.9014939056912943,53.02424242424242,14.235757575757576,False,False,False
348,0.9015427613946236,53.02424242424242,14.246666666666666,False,False,False
349,0.9013903820901413,52.95575757575757,14.301818181818183,False,False,False
350,0.8943382131644838,52.77212121212121,14.39090909090909,False,False,False
351,0.8968494121071423,52.982424242424244,14.210909090909091,False,False,False
352,0.8992234461832633,52.762424242424245,14.388484848484849,False,False,False
353,0.9006915891404472,52.65212121212121,14.468484848484849,False,False,False
354,0.898919526004874,52.695757575757575,14.433333333333334,False,False,False
355,0.9018330753297138,52.82727272727273,14.30060606060606,False,False,False
356,0.9018460257844693,52.71818181818182,14.392727272727273,False,False,False
357,0.9029868570843982,52.68666666666667,14.423030303030304,False,False,False
358,0.9021018121879399,52.88181818181818,14.24969696969697,False,False,False
359,0.9029274632303955,52.875757575757575,14.252121212121212,False,False,False
360,0.9022326481130256,52.835757575757576,14.295757575757575,False,False,False
361,0.9025480746106648,52.96181818181818,14.213333333333333,False,False,False
362,0.9034254946046216,52.86606060606061,14.246060606060606,False,False,False
363,0.9032798795435274,52.99878787878788,14.142424242424243,False,False,False
364,0.901748879233305,52.89939393939394,14.252727272727272,False,False,False
365,0.9013462305770692,52.99818181818182,14.174545454545454,False,False,False
366,0.903558751637888,52.96424242424242,14.173333333333334,False,False,False
367,0.9035936364002608,52.981818181818184,14.146060606060606,False,False,False
368,0.903404987928568,53.00848484848485,14.146060606060606,False,False,False
369,0.9035243812432021,53.06848484848485,14.098181818181818,False,False,False
370,0.9035761096829805,52.93212121212121,14.18969696969697,False,False,False
371,0.9027701342211831,52.871515151515155,14.25030303030303,False,False,False
372,0.9025821853984735,52.95212121212121,14.183030303030304,False,False,False
373,0.9017753866709457,52.835757575757576,14.283636363636363,False,False,False
374,0.9035817115853069,53.050909090909094,14.101212121212122,False,False,False
375,0.9031049937790012,53.056969696969695,14.120606060606061,False,False,False
376,0.9036761114732286,53.03393939393939,14.114545454545455,False,False,False
377,0.9036602659805847,52.88909090909091,14.246060606060606,False,False,False
378,0.9041793025767603,53.13212121212121,14.026060606060605,False,False,False
379,0.9038196389713414,53.084848484848486,14.073333333333334,False,False,False
380,0.9042036277552506,53.21636363636364,13.944242424242423,False,False,False
381,0.9040192119519017,53.07030303030303,14.06969696969697,False,False,False
382,0.9036959640581526,52.97878787878788,14.16969696969697,False,False,False
383,0.9031465530362789,52.97939393939394,14.196969696969697,False,False,False
384,0.9039137717973532,52.99636363636364,14.163030303030302,False,False,False
385,0.9036739574292448,52.91818181818182,14.224242424242425,False,False,False
386,0.904034071567427,52.99757575757576,14.17030303030303,False,False,False
387,0.9035460346865414,52.914545454545454,14.24,False,False,False
388,0.9033797276849637,52.95939393939394,14.201212121212121,False,False,False
389,0.9030998605109496,52.87939393939394,14.26909090909091,False,False,False
390,0.9037983928944486,52.92060606060606,14.231515151515152,False,False,False
391,0.9026264846964226,52.92606060606061,14.234545454545454,False,False,False
392,0.9037752836326195,52.92484848484848,14.227272727272727,False,False,False
393,0.9030703872592964,52.86424242424243,14.280606060606061,False,False,False
394,0.903344269686722,52.8569696969697,14.287878787878787,False,False,False
395,0.903344269686722,52.8569696969697,14.287878787878787,False,False,False
396,0.9032200715701758,52.78060606060606,14.341212121212122,False,False,False
397,0.9021566996528896,52.835151515151516,14.31090909090909,False,False,False
398,0.9034183583674945,52.81030303030303,14.312727272727273,False,False,False
399,0.9037891363421955,52.85575757575758,14.296363636363637,False,False,False
400,0.891476943774939,52.72666666666667,14.602424242424242,False,False,False
401,0.8943616651353069,52.62,14.682424242424242,False,False,False
402,0.8945051659552001,52.667272727272724,14.65090909090909,False,False,False
403,0.8966934165902837,52.6369696969697,14.65939393939394,False,False,False
404,0.896102483778383,52.68363636363637,14.607878787878787,False,False,False
405,0.8980514222215804,52.73939393939394,14.543636363636363,False,False,False
406,0.8977380690918942,52.64545454545455,14.625454545454545,False,False,False
407,0.8986176293156222,52.65151515151515,14.6,False,False,False
408,0.8985519457847809,52.56787878787879,14.694545454545455,False,False,False
409,0.8989734622974014,52.64484848484849,14.60909090909091,False,False,False
410,0.8990643158349102,52.67939393939394,14.58060606060606,False,False,False
411,0.8985317878552138,52.7,14.564848484848484,False,False,False
412,0.8993364875659653,52.59030303030303,14.667272727272728,False,False,False
413,0.9004150311523927,52.64363636363636,14.604242424242424,False,False,False
414,0.8989598022065364,52.60545454545454,14.64969696969697,False,False,False
415,0.899223493488102,52.59151515151515,14.685454545454546,False,False,False
416,0.9001020988081148,52.64909090909091,14.592727272727272,False,False,False
417,0.8983350820099517,52.45454545454545,14.775151515151515,False,False,False
418,0.8991165890776274,52.52,14.709696969696969,False,False,False
419,0.8956629096946052,52.60181818181818,14.745454545454546,False,False,False
420,0.9000547589019504,52.515757575757576,14.713939393939395,False,False,False
421,0.9006646543604728,52.56242424242424,14.69878787878788,False,False,False
422,0.8997101664564945,52.60606060606061,14.667272727272728,False,False,False
423,0.8983451725941494,52.56424242424242,14.707878787878787,False,False,False
424,0.9006514307964387,52.6030303030303,14.661818181818182,False,False,False
425,0.9028125518503635,52.52424242424242,14.693333333333333,False,False,False
426,0.9026003861529965,52.45818181818182,14.746060606060606,False,False,False
427,0.9032553817367748,52.417575757575754,14.778181818181817,False,False,False
428,0.9006295351714417,52.35393939393939,14.883030303030303,False,False,False
429,0.9005640439896861,52.32969696969697,14.91090909090909,False,False,False
430,0.8997577820929501,52.233333333333334,14.968484848484849,False,False,False
431,0.9003323673019431,52.192121212121215,15.008484848484848,False,False,False
432,0.899757218377805,52.276363636363634,14.933939393939394,False,False,False
433,0.89974579848675,52.050909090909094,15.15939393939394,False,False,False
434,0.899842780497984,52.051515151515154,15.156363636363636,False,False,False
435,0.9000063465944285,52.03151515151515,15.176363636363636,False,False,False
436,0.9003129490755214,51.75212121212121,15.43030303030303,False,False,False
437,0.9007838037718626,51.6369696969697,15.545454545454545,False,False,False
438,0.9007218035706779,51.60363636363636,15.576363636363636,False,False,False
439,0.9005783747469391,51.627272727272725,15.552727272727273,False,False,False
440,0.9012964612971748,51.480606060606064,15.696969696969697,False,False,False
441,0.9019757775525262,51.48848484848485,15.65030303030303,False,False,False
442,0.9028267469929614,51.50242424242424,15.633939393939395,False,False,False
443,0.9028399040530045,51.343636363636364,15.770909090909091,False,False,False
444,0.9013004099961032,51.46909090909091,15.704848484848485,False,False,False
445,0.9015283678791874,51.42727272727273,15.744242424242424,False,False,False
446,0.9012202539745066,51.40121212121212,15.754545454545454,False,False,False
447,0.9022138240261455,51.39636363636364,15.74969696969697,False,False,False
448,0.9001306016658828,51.269090909090906,15.876969696969697,False,False,False
449,0.9002011976060692,51.261818181818185,15.885454545454545,False,False,False
450,0.890990550917617,51.23030303030303,15.973939393939395,False,False,False
451,0.8938099810639161,51.096363636363634,16.092121212121214,False,False,False
452,0.8947689188609207,51.05878787878788,16.134545454545453,False,False,False
453,0.8969370246048848,51.11333333333334,16.060606060606062,False,False,False
454,0.8979975529645573,51.02242424242424,16.153939393939392,False,False,False
455,0.8979275010216674,51.127272727272725,16.045454545454547,False,False,False
456,0.8988672986751806,51.093333333333334,16.07212121212121,False,False,False
457,0.8990486663599552,51.00060606060606,16.13939393939394,False,False,False
458,0.8988611829418146,51.06787878787879,16.08909090909091,False,False,False
459,0.8989737379665945,51.07272727272727,16.09151515151515,False,False,False
460,0.8985515488293213,51.04969696969697,16.104848484848485,False,False,False
461,0.8990221157672004,50.88060606060606,16.258181818181818,False,False,False
462,0.8982282780917764,51.06484848484848,16.098181818181818,False,False,False
463,0.8979076412919326,50.91878787878788,16.224848484848486,False,False,False
464,0.8995513505335174,50.89393939393939,16.227878787878787,False,False,False
465,0.8999436951449532,50.99818181818182,16.145454545454545,False,False,False
466,0.8987610991942931,50.8569696969697,16.292727272727273,False,False,False
467,0.8986445159328758,50.692727272727275,16.44969696969697,False,False,False
468,0.8990985845508004,50.59878787878788,16.536363636363635,False,False,False
469,0.8996111842160497,50.42545454545454,16.626060606060605,False,False,False
470,0.898865132298117,50.50060606060606,16.62848484848485,False,False,False
471,0.8989026318414994,50.35212121212121,16.752727272727274,False,False,False
472,0.8984217757305454,50.25939393939394,16.822424242424244,False,False,False
473,0.8991995224375101,50.42969696969697,16.684848484848484,False,False,False
474,0.8992626178336158,50.50424242424243,16.615151515151513,False,False,False
475,0.8986918171715845,50.664242424242424,16.472121212121213,False,False,False
476,0.8986931214542686,50.61575757575758,16.514545454545456,False,False,False
477,0.8990164767288902,50.736363636363635,16.40969696969697,False,False,False
478,0.897903695616635,50.765454545454546,16.395151515151515,False,False,False
479,0.898974986149174,50.92727272727273,16.257575757575758,False,False,False
480,0.8987886081755266,51.13878787878788,16.0569696969697,False,False,False
481,0.8996200197733484,51.39151515151515,15.827272727272728,False,False,False
482,0.8982093463800482,51.29151515151515,15.950303030303031,False,False,False
483,0.8985803551579478,51.81454545454545,15.455151515151515,False,False,False
484,0.8976135527860544,51.67393939393939,15.598181818181818,False,False,False
485,0.8972368048758828,52.22121212121212,15.09939393939394,False,False,False
486,0.8988200215585777,52.39333333333333,14.957575757575757,False,False,False
487,0.8998766445657681,52.65939393939394,14.719393939393939,False,False,False
488,0.8994147329427659,52.9339393939394,14.463030303030303,False,False,False
489,0.8990369746841785,53.10666666666667,14.326666666666666,False,False,False
490,0.8988730281451704,53.026060606060604,14.376969696969697,False,False,False
491,0.8994269323617353,53.44969696969697,14.012727272727274,False,False,False
492,0.8986378200785973,53.692727272727275,13.813333333333333,False,False,False
493,0.8991506522284002,53.99333333333333,13.533333333333333,False,False,False
494,0.8984020649188189,53.73878787878788,13.783030303030303,False,False,False
495,0.899253989786653,54.20969696969697,13.381212121212121,False,False,False
496,0.8983694810893271,54.49272727272727,13.112727272727273,False,False,False
497,0.9000013359014473,54.68484848484849,12.94969696969697,False,False,False
498,0.9005535011242126,54.5660606060606,13.078181818181818,False,False,False
499,0.9008594278891567,54.63272727272727,13.026060606060605,False,False,False
500,0.8920327785734248,54.86969696969697,12.795151515151515,False,False,False
501,0.8951276334735242,54.84909090909091,12.789090909090909,False,False,False
502,0.8968664939046271,55.012121212121215,12.633333333333333,False,False,False
503,0.8998981097372613,55.03212121212121,12.58909090909091,False,False,False
504,0.8998196238599938,54.8860606060606,12.715757575757575,False,False,False
505,0.9015359316942047,54.9339393939394,12.663030303030302,False,False,False
506,0.9024250015189477,54.832727272727276,12.738787878787878,False,False,False
507,0.9037402141529733,54.910909090909094,12.65090909090909,False,False,False
508,0.9018453793866155,55.00909090909091,12.604848484848485,False,False,False
509,0.901848625027477,55.03090909090909,12.595151515151516,False,False,False
510,0.902275453549237,54.99515151515151,12.621212121212121,False,False,False
511,0.9028799654280261,54.95818181818182,12.652121212121212,False,False,False
512,0.9030250740528956,55.03454545454545,12.55030303030303,False,False,False
513,0.9034747564506219,54.95515151515151,12.616363636363637,False,False,False
514,0.9032309363024238,54.93212121212121,12.635757575757577,False,False,False
515,0.9033653694234334,54.9630303030303,12.616969696969697,False,False,False
516,0.9030515784643329,54.832727272727276,12.736363636363636,False,False,False
517,0.9028279107899917,54.89515151515152,12.676363636363636,False,False,False
518,0.9039761791915717,54.77878787878788,12.761212121212122,False,False,False
519,0.9042154110070891,54.81090909090909,12.74,False,False,False
520,0.90478042690942,54.75636363636364,12.803030303030303,False,False,False
521,0.9053519200691493,54.61151515151515,12.911515151515152,False,False,False
522,0.9049316443482449,54.442424242424245,13.021212121212121,False,False,False
523,0.9047864469536394,54.36545454545455,13.088484848484848,False,False,False
524,0.9051192408488741,54.32545454545455,13.122424242424243,False,False,False
525,0.9050479816371078,54.17939393939394,13.235757575757576,False,False,False
526,0.9043477339631049,54.10727272727273,13.265454545454546,False,False,False
527,0.9042295864100925,53.74848484848485,13.623030303030303,False,False,False
528,0.9027481325595479,53.9230303030303,13.423030303030304,False,False,False
529,0.9036007631621108,53.52848484848485,13.815151515151515,False,False,False
530,0.9034320275297685,53.6369696969697,13.663030303030302,False,False,False
531,0.9023444517254373,53.11151515151515,14.172727272727272,False,False,False
532,0.9029593941153211,53.153939393939396,14.123030303030303,False,False,False
533,0.903072861487703,52.913939393939394,14.3,False,False,False
534,0.9044039751335812,52.78242424242424,14.433939393939394,False,False,False
535,0.9036259810594917,52.40969696969697,14.763030303030304,False,False,False
536,0.9041695064824463,52.70787878787879,14.496363636363636,False,False,False
537,0.9032015233746697,52.52848484848485,14.655151515151514,False,False,False
538,0.9042964754322724,52.62060606060606,14.575151515151514,False,False,False
539,0.9028857767616364,52.53757575757576,14.621818181818181,False,False,False
540,0.9042118459987047,52.235151515151514,14.943636363636363,False,False,False
541,0.9042444336038655,52.232121212121214,14.921212121212122,False,False,False
542,0.9038482748905939,52.35818181818182,14.835151515151516,False,False,False
543,0.9043450200413147,52.375757575757575,14.807878787878789,False,False,False
544,0.9043980899569797,52.337575757575756,14.858181818181817,False,False,False
545,0.9047985303165292,52.475151515151516,14.77878787878788,False,False,False
546,0.9047483191637374,52.5769696969697,14.706060606060607,False,False,False
547,0.904637218664005,52.626060606060605,14.66060606060606,False,False,False
548,0.9056970037769718,52.769090909090906,14.52969696969697,False,False,False
549,0.9061565972157687,53.24,14.09878787878788,False,False,False
550,0.8916366118058159,53.3,14.077575757575758,False,False,False
551,0.8945701206242993,53.24848484848485,14.110909090909091,False,False,False
552,0.8968798502735477,53.10848484848485,14.227878787878788,False,False,False
553,0.8993925160898023,53.14666666666667,14.18969696969697,False,False,False
554,0.8980691865662573,53.26121212121212,14.086060606060606,False,False,False
555,0.8995612871408762,53.24060606060606,14.100606060606061,False,False,False
556,0.8994617036499774,53.32,14.01030303030303,False,False,False
557,0.8988810697726056,53.086060606060606,14.23939393939394,False,False,False
558,0.8995320264138945,53.35333333333333,13.979393939393939,False,False,False
559,0.9010304698434574,53.24242424242424,14.09878787878788,False,False,False
560,0.8997617618479126,53.24848484848485,14.06969696969697,False,False,False
561,0.8995436152631245,53.23878787878788,14.081818181818182,False,False,False
562,0.9012155798743469,53.267878787878786,14.05030303030303,False,False,False
563,0.9004754042095374,53.28969696969697,14.053939393939395,False,False,False
564,0.901092493717345,53.276969696969694,14.047272727272727,False,False,False
565,0.90143682277703,53.22727272727273,14.129696969696969,False,False,False
566,0.9017518779777408,53.3830303030303,13.992121212121212,False,False,False
567,0.9021935749464186,53.18363636363637,14.163636363636364,False,False,False
568,0.9022821468985602,53.18121212121212,14.155151515151514,False,False,False
569,0.9024711019832249,53.167878787878784,14.164848484848484,False,False,False
570,0.9018303592033625,53.194545454545455,14.15030303030303,False,False,False
571,0.9021572729705173,53.18606060606061,14.172121212121212,False,False,False
572,0.901677525048296,53.17757575757576,14.17939393939394,False,False,False
573,0.902241293753572,52.93090909090909,14.404242424242424,False,False,False
574,0.9014834400235757,53.13333333333333,14.218787878787879,False,False,False
575,0.9032255742675618,53.097575757575754,14.174545454545454,False,False,False
576,0.9021166214054598,53.10060606060606,14.232121212121212,False,False,False
577,0.9015450678258954,53.03757575757576,14.285454545454545,False,False,False
578,0.9022208281744336,53.11272727272727,14.223636363636365,False,False,False
579,0.9023985996057693,53.06969696969697,14.246060606060606,False,False,False
580,0.9017165213861523,53.093333333333334,14.23939393939394,False,False,False
581,0.9014129038211535,52.97212121212121,14.352121212121212,False,False,False
582,0.9030987773186583,53.14909090909091,14.186060606060606,False,False,False
583,0.902964191593562,53.124848484848485,14.203030303030303,False,False,False
584,0.9032792306348572,53.09151515151515,14.236363636363636,False,False,False
585,0.903591927898982,52.980606060606064,14.333939393939394,False,False,False
586,0.903361050891908,52.906666666666666,14.404242424242424,False,False,False
587,0.9030653069455948,52.88,14.430909090909092,False,False,False
588,0.9034971194931383,52.78,14.515151515151516,False,False,False
589,0.9036636033178717,52.74121212121212,14.555151515151515,False,False,False
590,0.9036201028728639,52.44060606060606,14.823030303030302,False,False,False
591,0.9036902942516889,52.38363636363636,14.870303030303031,False,False,False
592,0.9029559902255283,52.32727272727273,14.90969696969697,False,False,False
593,0.9031191280216446,52.21151515151515,15.002424242424242,False,False,False
594,0.9027823347742165,52.17757575757576,15.041212121212121,False,False,False
595,0.9029098074159113,52.05878787878788,15.133333333333333,False,False,False
596,0.9025734197623227,51.70060606060606,15.475757575757576,False,False,False
597,0.9020156629449146,51.595757575757574,15.566060606060606,False,False,False
598,0.902188690454076,51.63333333333333,15.52848484848485,False,False,False
599,0.9015864640843732,51.42606060606061,15.682424242424242,False,False,False
600,0.8895538392617856,50.89515151515152,16.117575757575757,False,False,False
601,0.8920702690710952,50.95818181818182,16.035151515151515,False,False,False
602,0.8952864848878486,50.75030303030303,16.21757575757576,False,False,False
603,0.8966272351799016,50.733939393939394,16.233939393939394,False,False,False
604,0.8969189524054951,50.75151515151515,16.21272727272727,False,False,False
605,0.897608910462369,50.42727272727273,16.495757575757576,False,False,False
606,0.8985475856592986,50.39636363636364,16.51818181818182,False,False,False
607,0.8990376480148904,50.35636363636364,16.53757575757576,False,False,False
608,0.8982954133856808,50.22121212121212,16.68969696969697,False,False,False
609,0.8984753778624832,50.233939393939394,16.672121212121212,False,False,False
610,0.8978581844965338,50.16909090909091,16.736969696969698,False,False,False
611,0.897589642313164,50.164848484848484,16.727878787878787,False,False,False
612,0.8977584056623906,50.20848484848485,16.687878787878788,False,False,False
613,0.8980180538083661,50.17393939393939,16.716363636363635,False,False,False
614,0.8979490716409018,50.18545454545455,16.707272727272727,False,False,False
615,0.8979776542454349,50.22121212121212,16.676363636363636,False,False,False
616,0.8973216626981567,50.162424242424244,16.741212121212122,False,False,False
617,0.8973456803042904,50.196969696969695,16.71030303030303,False,False,False
618,0.8975679952512219,50.20363636363636,16.7,False,False,False
619,0.8970881341648392,50.165454545454544,16.72,False,False,False
620,0.89769375879636,50.20848484848485,16.69151515151515,False,False,False
621,0.8973457996210575,50.25090909090909,16.64787878787879,False,False,False
622,0.8979484179199477,50.4,16.51212121212121,False,False,False
623,0.8977120003019338,50.336363636363636,16.556363636363635,False,False,False
624,0.8971692970150666,50.33030303030303,16.580606060606062,False,False,False
625,0.8960488378306632,50.37090909090909,16.526666666666667,False,False,False
626,0.8968256153640414,50.35878787878788,16.529090909090908,False,False,False
627,0.8967898467375841,50.372727272727275,16.515151515151516,False,False,False
628,0.8963073714738573,50.36909090909091,16.51030303030303,False,False,False
629,0.8965894110923852,50.25151515151515,16.625454545454545,False,False,False
630,0.896912422527084,50.32424242424243,16.55030303030303,False,False,False
631,0.8965017594637849,50.34121212121212,16.53090909090909,False,False,False
632,0.8961857822800675,50.403636363636366,16.473333333333333,False,False,False
633,0.8961353153031462,50.406060606060606,16.470909090909092,False,False,False
634,0.8953194698463485,50.39454545454546,16.47878787878788,False,False,False
635,0.895332538507473,50.3830303030303,16.490303030303032,False,False,False
636,0.89585215652844,50.35090909090909,16.51878787878788,False,False,False
637,0.8960273459164019,50.35636363636364,16.515757575757576,False,False,False
638,0.8960597677465888,50.374545454545455,16.503636363636364,False,False,False
639,0.8962699352408997,50.39272727272727,16.486666666666668,False,False,False
640,0.8959797920861734,50.38727272727273,16.487272727272728,False,False,False
641,0.8965450500763245,50.301818181818184,16.547272727272727,False,False,False
642,0.8954516485379563,50.43515151515152,16.438181818181818,False,False,False
643,0.895851892229037,50.35454545454545,16.496969696969696,False,False,False
644,0.8958572545892046,50.25272727272727,16.614545454545453,False,False,False
645,0.8956983273908717,50.306060606060605,16.562424242424242,False,False,False
646,0.8957516421716563,50.275151515151514,16.599393939393938,False,False,False
647,0.8959244936282605,50.193333333333335,16.67030303030303,False,False,False
648,0.8962167813910056,50.158181818181816,16.70060606060606,False,False,False
649,0.8962290246306834,50.056969696969695,16.78727272727273,False,False,False
650,0.8878151769663915,49.516969696969696,17.24848484848485,False,False,False
651,0.8899028064429214,49.53757575757576,17.214545454545455,False,False,False
652,0.8906773233403551,49.653939393939396,17.113939393939393,False,False,False
653,0.8926789926430801,49.79757575757576,16.963030303030305,False,False,False
654,0.8911873299316723,49.766666666666666,16.98787878787879,False,False,False
655,0.8920571427973353,49.93454545454546,16.833333333333332,False,False,False
656,0.8939206971260041,50.17212121212121,16.599393939393938,False,False,False
657,0.8937511307662244,50.376363636363635,16.418181818181818,False,False,False
658,0.893215146766067,50.24909090909091,16.53090909090909,False,False,False
659,0.8943360787805267,50.518787878787876,16.28060606060606,False,False,False
660,0.8960585135655574,50.767272727272726,16.05272727272727,False,False,False
661,0.894468149452853,51.11030303030303,15.721818181818183,False,False,False
662,0.8927001543755855,50.92909090909091,15.935757575757576,False,False,False
663,0.8941456401302945,51.165454545454544,15.738181818181818,False,False,False
664,0.8935076182288212,51.33090909090909,15.58,False,False,False
665,0.8931857968592425,51.56242424242424,15.373939393939393,False,False,False
666,0.8934551736700705,51.50363636363636,15.431515151515152,False,False,False
667,0.8938424479312853,51.731515151515154,15.247272727272728,False,False,False
668,0.8949226932676402,51.99090909090909,14.975757575757576,False,False,False
669,0.8953762692289652,52.0769696969697,14.887272727272727,False,False,False
670,0.8948121120092428,52.052121212121214,14.92909090909091,False,False,False
671,0.8955527966438748,52.334545454545456,14.667272727272728,False,False,False
672,0.8949549910672862,52.59818181818182,14.408484848484848,False,False,False
673,0.8957079340593423,52.698787878787876,14.32,False,False,False
674,0.8960899919513751,52.5660606060606,14.446666666666667,False,False,False
675,0.896515701715286,52.74424242424242,14.268484848484848,False,False,False
676,0.895840034042654,52.72242424242424,14.296363636363637,False,False,False
677,0.8943133940173923,53.03030303030303,14.005454545454546,False,False,False
678,0.8958877352363924,53.13757575757576,13.907878787878788,False,False,False
679,0.8954612610445278,53.42,13.648484848484848,False,False,False
680,0.8949226541584303,53.50242424242424,13.573333333333334,False,False,False
681,0.8956806764993084,53.447272727272725,13.618787878787879,False,False,False
682,0.8974373439085618,53.35939393939394,13.698181818181817,False,False,False
683,0.897025002004799,53.43212121212121,13.643636363636364,False,False,False
684,0.8972450660579772,53.263030303030305,13.787272727272727,False,False,False
685,0.8973267113377875,53.333939393939396,13.723636363636365,False,False,False
686,0.8969303132423808,53.276969696969694,13.77939393939394,False,False,False
687,0.897131450758413,53.46666666666667,13.613939393939393,False,False,False
688,0.8972399828798342,53.37030303030303,13.703030303030303,False,False,False
689,0.8972337855384256,53.444848484848485,13.632121212121213,False,False,False
690,0.896997618359781,53.36242424242424,13.703636363636363,False,False,False
691,0.8970750063601675,53.35878787878788,13.707272727272727,False,False,False
692,0.8964652815003092,53.36606060606061,13.697575757575757,False,False,False
693,0.8964853424650561,53.38060606060606,13.68909090909091,False,False,False
694,0.8971249887671036,53.39878787878788,13.672121212121212,False,False,False
695,0.8968025346764017,53.49818181818182,13.573939393939394,False,False,False
696,0.8972512321728923,53.801818181818184,13.294545454545455,False,False,False
697,0.8977458843876212,53.871515151515155,13.252727272727272,False,False,False
698,0.8978358919350621,53.8230303030303,13.283030303030303,False,False,False
699,0.897786192779142,53.871515151515155,13.236969696969696,False,False,False
700,0.8846142382187118,54.18727272727273,13.12,False,False,False
701,0.8868868604492753,54.24727272727273,13.044242424242425,False,False,False
702,0.8895280170929163,54.414545454545454,12.878181818181819,False,False,False
703,0.8922555411990212,54.41939393939394,12.864848484848485,False,False,False
704,0.8926636547502979,54.52181818181818,12.790303030303031,False,False,False
705,0.8946012215400925,54.54848484848485,12.755151515151516,False,False,False
706,0.8933804079795383,54.803636363636365,12.544848484848485,False,False,False
707,0.8938920931575093,54.98969696969697,12.387878787878789,False,False,False
708,0.8936724232657198,54.9339393939394,12.432727272727274,False,False,False
709,0.8943759765366608,55.11272727272727,12.273333333333333,False,False,False
710,0.8944366306656698,55.084848484848486,12.275757575757575,False,False,False
711,0.8946053448536647,55.39575757575758,12.012121212121212,False,False,False
712,0.894066153742649,55.28727272727273,12.118181818181819,False,False,False
713,0.8952297136918177,55.416969696969694,11.984848484848484,False,False,False
714,0.8942535295804449,55.587878787878786,11.89151515151515,False,False,False
715,0.8954036414029699,55.656363636363636,11.821818181818182,False,False,False
716,0.8947172848576614,55.64606060606061,11.866060606060605,False,False,False
717,0.8956183711778255,55.74666666666667,11.742424242424242,False,False,False
718,0.8952570437861821,55.837575757575756,11.702424242424243,False,False,False
719,0.8966739661097889,55.95757575757576,11.595757575757576,False,False,False
720,0.8956431094750974,56.08181818181818,11.49090909090909,False,False,False
721,0.8966431297825187,56.10484848484848,11.464242424242425,False,False,False
722,0.8953503851402437,56.195757575757575,11.386666666666667,False,False,False
723,0.8947134755786308,56.36909090909091,11.247272727272728,False,False,False
724,0.8957943427125886,56.14909090909091,11.421212121212122,False,False,False
725,0.8979916911200652,56.335757575757576,11.215151515151515,False,False,False
726,0.8951218631254437,56.21636363636364,11.36,False,False,False
727,0.8960530773810175,56.236363636363635,11.335151515151516,False,False,False
728,0.8980863211812189,56.25515151515152,11.31151515151515,False,False,False
729,0.8990346075328526,56.17151515151515,11.374545454545455,False,False,False
730,0.8977587253213936,56.266060606060606,11.303030303030303,False,False,False
731,0.8987471690335326,56.36606060606061,11.211515151515151,False,False,False
732,0.8985179584469128,56.21090909090909,11.346060606060606,False,False,False
733,0.8984879140267884,56.20484848484848,11.350909090909092,False,False,False
734,0.8988698343434249,56.36969696969697,11.212727272727273,False,False,False
735,0.8990510601313867,56.31878787878788,11.236969696969696,False,False,False
736,0.8991729107846405,56.28909090909091,11.265454545454546,False,False,False
737,0.8992465265576973,56.3630303030303,11.2,False,False,False
738,0.899257952476879,56.224242424242426,11.313333333333333,False,False,False
739,0.8994716696779226,56.20666666666666,11.316363636363636,False,False,False
740,0.9001333179645512,56.36060606060606,11.204848484848485,False,False,False
741,0.8996649645948476,56.28242424242424,11.275757575757575,False,False,False
742,0.8994826270146348,56.28484848484848,11.273333333333333,False,False,False
743,0.8985216475853472,56.28727272727273,11.283030303030303,False,False,False
744,0.9010836492676685,56.373939393939395,11.162424242424242,False,False,False
745,0.9009368796290478,56.20363636363636,11.307272727272727,False,False,False
746,0.90037644734476,56.339393939393936,11.192121212121211,False,False,False
747,0.9004901263274886,56.276363636363634,11.247878787878788,False,False,False
748,0.9004903244612374,56.29151515151515,11.24,False,False,False
749,0.9000631499660406,56.32424242424243,11.214545454545455,False,False,False
750,0.8904324193566091,56.194545454545455,11.32121212121212,False,False,False
751,0.893102908240603,56.167878787878784,11.303030303030303,False,False,False
752,0.8943555712713134,56.2830303030303,11.209696969696969,False,False,False
753,0.8969532855012389,56.20666666666666,11.254545454545454,False,False,False
754,0.8951671872830067,56.35636363636364,11.114545454545455,False,False,False
755,0.8970744499362922,56.22909090909091,11.224848484848485,False,False,False
756,0.8967396525699888,56.20363636363636,11.24909090909091,False,False,False
757,0.8985727643794792,56.10484848484848,11.333333333333334,False,False,False
758,0.8996843389872762,56.34909090909091,11.104848484848485,False,False,False
759,0.9003901164036376,56.17333333333333,11.270909090909091,False,False,False
760,0.9000297591530887,56.22242424242424,11.208484848484849,False,False,False
761,0.8997176422992027,56.28,11.161818181818182,False,False,False
762,0.9000849759672729,56.22727272727273,11.207272727272727,False,False,False
763,0.8998602579217364,56.25030303030303,11.196363636363637,False,False,False
764,0.899411945914394,56.29333333333334,11.147272727272727,False,False,False
765,0.8995760197820932,56.338181818181816,11.123030303030303,False,False,False
766,0.8997288464393575,56.29272727272727,11.164848484848484,False,False,False
767,0.9005300514327681,56.233939393939394,11.222424242424243,False,False,False
768,0.9005962112725627,56.25818181818182,11.212727272727273,False,False,False
769,0.9011223481242924,56.31272727272727,11.161818181818182,False,False,False
770,0.9003890001357678,56.345454545454544,11.113333333333333,False,False,False
771,0.9010202783326375,56.46181818181818,11.012727272727274,False,False,False
772,0.9007024265303342,56.47030303030303,11.006666666666666,False,False,False
773,0.899415958578574,56.42060606060606,11.063636363636364,False,False,False
774,0.8995474385337776,56.29212121212121,11.166666666666666,False,False,False
775,0.900231930477769,56.3630303030303,11.12,False,False,False
776,0.9007223696635268,56.31636363636363,11.167878787878788,False,False,False
777,0.9003649693528801,56.3830303030303,11.104848484848485,False,False,False
778,0.9013579082092696,56.405454545454546,11.103030303030303,False,False,False
779,0.9014245083976886,56.4369696969697,11.075151515151514,False,False,False
780,0.9015678710056514,56.54181818181818,10.984848484848484,False,False,False
781,0.9020046675173877,56.558181818181815,10.973333333333333,False,False,False
782,0.902011789233351,56.449090909090906,11.078787878787878,False,False,False
783,0.9023892494592202,56.525454545454544,11.00969696969697,False,False,False
784,0.9020175567816059,56.410909090909094,11.103636363636364,False,False,False
785,0.9015928804092512,56.52121212121212,11.021212121212121,False,False,False
786,0.9017202411517434,56.53030303030303,11.004848484848484,False,False,False
787,0.9026113146649145,56.555151515151515,10.98121212121212,False,False,False
788,0.9012308725188314,56.5660606060606,10.98969696969697,False,False,False
789,0.9016607761896814,56.62969696969697,10.938181818181818,False,False,False
790,0.9015530011679405,56.57454545454546,10.976363636363637,False,False,False
791,0.9019405370094854,56.516363636363636,11.024848484848485,False,False,False
792,0.9015752163217677,56.623030303030305,10.941212121212121,False,False,False
793,0.9013168137923948,56.71575757575758,10.863030303030303,False,False,False
794,0.9021801994685915,56.50181818181818,11.033333333333333,False,False,False
795,0.9022431643286638,56.49636363636364,11.037575757575757,False,False,False
796,0.9032147510027839,56.53636363636364,11.002424242424242,False,False,False
797,0.903250588172829,56.57030303030303,10.973333333333333,False,False,False
798,0.9027162578815895,56.56060606060606,10.984242424242424,False,False,False
799,0.9032390899200003,56.63333333333333,10.93939393939394,False,False,False
800,0.8879460649316635,56.68060606060606,11.13090909090909,False,False,False
801,0.891605973950314,56.67515151515151,11.129090909090909,False,False,False
802,0.8926393502463544,56.724242424242426,11.055757575757577,False,False,False
803,0.8952233064455243,56.74181818181818,11.016363636363636,False,False,False
804,0.8929881240077794,56.70121212121212,11.08,False,False,False
805,0.896090759051164,56.85818181818182,10.936363636363636,False,False,False
806,0.8976128856038699,56.78848484848485,10.974545454545455,False,False,False
807,0.8980367339802859,56.763030303030305,11.006060606060606,False,False,False
808,0.8963137444770991,56.7830303030303,10.976363636363637,False,False,False
809,0.8960418135199598,56.85454545454545,10.937575757575758,False,False,False
810,0.8976202749240677,56.93151515151515,10.84969696969697,False,False,False
811,0.8987749987500485,56.834545454545456,10.921212121212122,False,False,False
812,0.8983663344010165,56.67212121212121,11.046060606060607,False,False,False
813,0.898400088163531,56.775151515151514,10.963636363636363,False,False,False
814,0.8982906931712784,56.78,10.962424242424243,False,False,False
815,0.8988621258061025,56.981212121212124,10.793939393939393,False,False,False
816,0.8992890689870363,56.81272727272727,10.943030303030303,False,False,False
817,0.8995623493218021,56.86787878787879,10.885454545454545,False,False,False
818,0.8989075504020104,56.845454545454544,10.896969696969697,False,False,False
819,0.900091615937581,56.88909090909091,10.867878787878787,False,False,False
820,0.8985834479568787,56.942424242424245,10.853333333333333,False,False,False
821,0.8990553720484282,57.01151515151515,10.784242424242425,False,False,False
822,0.8997659381913267,56.93636363636364,10.858181818181817,False,False,False
823,0.9009632250771168,56.877575757575755,10.906060606060606,False,False,False
824,0.8985735187769429,56.99393939393939,10.799393939393939,False,False,False
825,0.8989217319258878,56.88969696969697,10.875757575757575,False,False,False
826,0.9009261764148002,56.89151515151515,10.843636363636364,False,False,False
827,0.9024667670322905,56.946060606060605,10.80121212121212,False,False,False
828,0.9000478837157903,56.92909090909091,10.848484848484848,False,False,False
829,0.8995532776952696,56.92424242424242,10.854545454545455,False,False,False
830,0.8999262268532625,56.95575757575757,10.827878787878788,False,False,False
831,0.9000029016182265,56.93090909090909,10.851515151515152,False,False,False
832,0.9000034536103972,56.95939393939394,10.818181818181818,False,False,False
833,0.9008745882874302,56.906060606060606,10.850909090909092,False,False,False
834,0.9000611550316189,56.80969696969697,10.941212121212121,False,False,False
835,0.9004519795615623,56.90848484848485,10.858181818181817,False,False,False
836,0.9009855048124163,56.946060606060605,10.81090909090909,False,False,False
837,0.9012817719520432,56.96,10.801818181818183,False,False,False
838,0.9009811583152052,56.95939393939394,10.806060606060607,False,False,False
839,0.9008721408969875,57.053939393939395,10.724848484848485,False,False,False
840,0.8990057327772342,57.02181818181818,10.773939393939393,False,False,False
841,0.8989706159060171,56.92606060606061,10.83090909090909,False,False,False
842,0.9011765022106631,56.96606060606061,10.799393939393939,False,False,False
843,0.9010714226953151,56.95030303030303,10.804242424242425,False,False,False
844,0.9017467735255473,57.04727272727273,10.742424242424242,False,False,False
845,0.9016816721900822,57.06363636363636,10.732121212121212,False,False,False
846,0.9022320463271151,57.02181818181818,10.76060606060606,False,False,False
847,0.9014054236778414,56.96060606060606,10.81090909090909,False,False,False
848,0.9017283507822262,57.06787878787879,10.714545454545455,False,False,False
849,0.9023340456473606,56.96666666666667,10.785454545454545,False,False,False
850,0.8883515088777832,56.67939393939394,11.066666666666666,False,False,False
851,0.8897932202528996,56.661818181818184,11.063636363636364,False,False,False
852,0.8909221596658262,56.593939393939394,11.133939393939395,False,False,False
853,0.8932762344578897,56.63757575757576,11.08060606060606,False,False,False
854,0.8933907103746717,56.71212121212121,11.008484848484848,False,False,False
855,0.8961200180647673,56.40848484848485,11.285454545454545,False,False,False
856,0.8954695206183206,56.375757575757575,11.284242424242425,False,False,False
857,0.8968053190592855,56.346666666666664,11.297575757575757,False,False,False
858,0.8964045439511983,56.27393939393939,11.360606060606061,False,False,False
859,0.895637235003553,56.235151515151514,11.404242424242424,False,False,False
860,0.8946396031552795,56.36727272727273,11.347272727272728,False,False,False
861,0.894062542910099,56.06909090909091,11.600606060606061,False,False,False
862,0.8970368996280516,56.16848484848485,11.427272727272728,False,False,False
863,0.8965103980723568,56.21090909090909,11.412727272727272,False,False,False
864,0.8972774814020528,56.12969696969697,11.458787878787879,False,False,False
865,0.8965274375334633,56.231515151515154,11.423636363636364,False,False,False
866,0.8965966845811072,56.2430303030303,11.375757575757575,False,False,False
867,0.8973523365237139,56.25212121212121,11.342424242424242,False,False,False
868,0.8963305110233907,56.21454545454545,11.388484848484849,False,False,False
869,0.8965897881436202,56.17515151515151,11.41090909090909,False,False,False
870,0.8969963885157057,56.09090909090909,11.495151515151516,False,False,False
871,0.8970407361954608,56.155151515151516,11.469696969696969,False,False,False
872,0.8983141601128828,56.20121212121212,11.422424242424242,False,False,False
873,0.8988327090945799,56.18969696969697,11.436363636363636,False,False,False
874,0.897222344850913,56.11333333333334,11.486060606060606,False,False,False
875,0.8976075371915301,56.14727272727273,11.446060606060605,False,False,False
876,0.8970649774684768,56.10848484848485,11.496969696969696,False,False,False
877,0.8973886616798443,56.20424242424242,11.415757575757576,False,False,False
878,0.8975338155428254,56.19939393939394,11.42060606060606,False,False,False
879,0.8972909733107105,56.14060606060606,11.485454545454546,False,False,False
880,0.8979178626633579,56.128484848484845,11.496363636363636,False,False,False
881,0.8992814646592376,56.123030303030305,11.444848484848485,False,False,False
882,0.898423536094625,56.28969696969697,11.38969696969697,False,False,False
883,0.8988191247134864,56.42121212121212,11.295757575757575,False,False,False
884,0.8983238267499253,56.237575757575755,11.446666666666667,False,False,False
885,0.8977608939082111,56.27272727272727,11.415151515151516,False,False,False
886,0.898353538629616,56.43333333333333,11.287272727272727,False,False,False
887,0.899175597644848,56.64060606060606,11.144242424242425,False,False,False
888,0.8993688210435646,56.61636363636364,11.163636363636364,False,False,False
889,0.8989893889168775,56.74242424242424,11.063030303030303,False,False,False
890,0.901602018041614,56.63151515151515,11.063636363636364,False,False,False
891,0.8981003223273585,56.71333333333333,11.043636363636363,False,False,False
892,0.901737656662573,56.735151515151514,10.983030303030302,False,False,False
893,0.9017622806809777,56.73878787878788,10.989090909090908,False,False,False
894,0.9013618956519563,56.845454545454544,10.907878787878788,False,False,False
895,0.8995648360828716,56.86121212121212,10.976969696969697,False,False,False
896,0.8990091902543107,56.86121212121212,10.924848484848486,False,False,False
897,0.9012153577276295,56.947878787878786,10.861212121212121,False,False,False
898,0.9020332593573858,56.86909090909091,10.916969696969696,False,False,False
899,0.902411450704054,57.03878787878788,10.783636363636363,False,False,False
900,0.888447949777287,57.38727272727273,10.620606060606061,False,False,False
901,0.8919464486602388,57.484242424242424,10.487272727272726,False,False,False
902,0.8925385462542473,57.417575757575754,10.526060606060605,False,False,False
903,0.8948018096896969,57.46363636363636,10.452121212121211,False,False,False
904,0.8954227729011291,57.42181818181818,10.513333333333334,False,False,False
905,0.8961269343810216,57.405454545454546,10.516363636363636,False,False,False
906,0.8962347501999034,57.45090909090909,10.455151515151515,False,False,False
907,0.8974380016989645,57.43818181818182,10.456969696969697,False,False,False
908,0.8971332243302186,57.345454545454544,10.558181818181819,False,False,False
909,0.8985486642917766,57.344242424242424,10.547272727272727,False,False,False
910,0.8973612061148207,57.38060606060606,10.510909090909092,False,False,False
911,0.8992867209697735,57.36545454545455,10.540606060606061,False,False,False
912,0.8967649719276944,57.268484848484846,10.614545454545455,False,False,False
913,0.8984336204073062,57.30969696969697,10.56969696969697,False,False,False
914,0.8975992997063048,57.38848484848485,10.516363636363636,False,False,False
915,0.8985557512004548,57.39090909090909,10.511515151515152,False,False,False
916,0.8987565749201162,57.341818181818184,10.57030303030303,False,False,False
917,0.8987500025757471,57.38,10.521212121212121,False,False,False
918,0.8974145117120826,57.29878787878788,10.632727272727273,False,False,False
919,0.8979141743014194,57.36727272727273,10.593333333333334,False,False,False
920,0.8996281522083832,57.333939393939396,10.57939393939394,False,False,False
921,0.8996642249078581,57.47636363636364,10.478181818181818,False,False,False
922,0.8999324136809359,57.378787878787875,10.556363636363637,False,False,False
923,0.9002250276213718,57.43212121212121,10.516363636363636,False,False,False
924,0.8998746394165139,57.378787878787875,10.553939393939395,False,False,False
925,0.9003346818888651,57.36545454545455,10.572121212121212,False,False,False
926,0.900966119070729,57.484242424242424,10.466666666666667,False,False,False
927,0.9010001777031452,57.338181818181816,10.555757575757577,False,False,False
928,0.8999457257700246,57.42121212121212,10.507878787878788,False,False,False
929,0.900298517089678,57.43818181818182,10.49939393939394,False,False,False
930,0.8997996520185011,57.486666666666665,10.455757575757575,False,False,False
931,0.8996192799096155,57.47939393939394,10.465454545454545,False,False,False
932,0.899854486341481,57.550909090909094,10.412121212121212,False,False,False
933,0.8998983688240797,57.37939393939394,10.561818181818182,False,False,False
934,0.901099983906623,57.38848484848485,10.51878787878788,False,False,False
935,0.9007566666321518,57.404848484848486,10.5,False,False,False
936,0.8998230259386377,57.3630303030303,10.555151515151515,False,False,False
937,0.8990105784736296,57.42969696969697,10.51878787878788,False,False,False
938,0.8991298730310785,57.36727272727273,10.547272727272727,False,False,False
939,0.90009948291465,57.407878787878786,10.48121212121212,False,False,False
940,0.8992149977737579,57.37090909090909,10.538787878787879,False,False,False
941,0.898975982370738,57.235151515151514,10.651515151515152,False,False,False
942,0.8994222696185407,57.163636363636364,10.696363636363637,False,False,False
943,0.9001903116167462,56.99939393939394,10.826666666666666,False,False,False
944,0.8999916662194177,57.192727272727275,10.69030303030303,False,False,False
945,0.8999742626044394,57.04363636363637,10.783636363636363,False,False,False
946,0.9004652963679336,57.016363636363636,10.8,False,False,False
947,0.9002563112467901,56.96606060606061,10.84909090909091,False,False,False
948,0.8985081012342967,57.03212121212121,10.798787878787879,False,False,False
949,0.8972574630490538,56.877575757575755,10.931515151515152,False,False,False
950,0.8937226220518847,56.592727272727274,11.11939393939394,False,False,False
951,0.8963170135456379,56.66969696969697,11.033939393939393,False,False,False
952,0.8969008647098481,56.446060606060605,11.205454545454545,False,False,False
953,0.8989343154348068,56.413333333333334,11.209090909090909,False,False,False
954,0.8984396113863283,56.32606060606061,11.308484848484849,False,False,False
955,0.9001473272651632,56.20242424242424,11.40060606060606,False,False,False
956,0.9001705557568987,56.19030303030303,11.405454545454546,False,False,False
957,0.9004016430715092,55.95939393939394,11.602424242424242,False,False,False
958,0.8992710415916036,55.984242424242424,11.576363636363636,False,False,False
959,0.9000887761482681,55.917575757575754,11.617575757575757,False,False,False
960,0.9006606640003699,55.873333333333335,11.664242424242424,False,False,False
961,0.9007132558913773,55.78363636363636,11.726060606060607,False,False,False
962,0.9000693854539036,55.872121212121215,11.667878787878788,False,False,False
963,0.9020086152134112,55.78,11.751515151515152,False,False,False
964,0.9010316080750373,55.78424242424242,11.75090909090909,False,False,False
965,0.901829678640778,55.776363636363634,11.761212121212122,False,False,False
966,0.9035842272613954,55.75636363636364,11.719393939393939,False,False,False
967,0.9035213155584715,55.665454545454544,11.77878787878788,False,False,False
968,0.9039587907232813,55.64060606060606,11.792727272727273,False,False,False
969,0.9034791689269869,55.654545454545456,11.78969696969697,False,False,False
970,0.9033079358353023,55.67575757575757,11.793939393939393,False,False,False
971,0.9038339494752758,55.593333333333334,11.84969696969697,False,False,False
972,0.9035871356297297,55.46424242424242,11.966666666666667,False,False,False
973,0.9035644681285299,55.46181818181818,11.972727272727273,False,False,False
974,0.9037920196033357,55.692727272727275,11.766060606060606,False,False,False
975,0.9040077684491188,55.61090909090909,11.824848484848484,False,False,False
976,0.9037032326038608,55.70969696969697,11.761212121212122,False,False,False
977,0.9037620265128496,55.583030303030306,11.866060606060605,False,False,False
978,0.9036187987712163,55.483030303030304,11.944242424242423,False,False,False
979,0.9039758133684314,55.376969696969695,12.038181818181819,False,False,False
980,0.9040847882050832,55.38848484848485,12.026666666666667,False,False,False
981,0.9040169244229312,55.31030303030303,12.076969696969696,False,False,False
982,0.9034784120671302,55.00060606060606,12.34060606060606,False,False,False
983,0.9051348215875009,55.013939393939395,12.32,False,False,False
984,0.905578030749993,54.92060606060606,12.402424242424242,False,False,False
985,0.9055784660152882,54.93515151515152,12.396363636363636,False,False,False
986,0.9041189381381579,55.057575757575755,12.293333333333333,False,False,False
987,0.9042799472127195,54.82,12.507878787878788,False,False,False
988,0.9036826814946175,54.88848484848485,12.422424242424242,False,False,False
989,0.90369829220764,54.88545454545454,12.425454545454546,False,False,False
990,0.9041014728938583,54.95757575757576,12.371515151515151,False,False,False
991,0.9035501355739509,54.85393939393939,12.442424242424243,False,False,False
992,0.9039321901459731,54.93151515151515,12.39151515151515,False,False,False
993,0.9016093336467759,54.92909090909091,12.396363636363636,False,False,False
994,0.9022247198607655,54.804848484848485,12.479393939393939,False,False,False
995,0.9019711855031006,54.765454545454546,12.512727272727274,False,False,False
996,0.9020106392535905,54.56545454545454,12.68969696969697,False,False,False
997,0.9019866954228984,54.626060606060605,12.648484848484848,False,False,False
998,0.9021521461890729,54.5769696969697,12.684242424242424,False,False,False
999,0.9022745832453877,54.58121212121212,12.686060606060606,False,False,False
1000,0.8862015953790978,54.43272727272727,12.944848484848485,False,False,False
1001,0.8879225074162266,54.485454545454544,12.883636363636363,False,False,False
1002,0.887950705128104,54.63454545454545,12.796363636363637,False,False,False
1003,0.8907504742883231,54.52909090909091,12.876363636363637,False,False,False
1004,0.8913963619832729,54.36,13.004242424242424,False,False,False
1005,0.8944049569061395,54.2939393939394,13.00969696969697,False,False,False
1006,0.8954097403038715,54.306060606060605,13.003636363636364,False,False,False
1007,0.8960981830001172,54.10969696969697,13.153939393939394,False,False,False
1008,0.8943399633174908,54.09878787878788,13.196363636363637,False,False,False
1009,0.8950409497405585,54.02848484848485,13.246060606060606,False,False,False
1010,0.8950344080790058,54.03393939393939,13.24060606060606,False,False,False
1011,0.8955342157947488,53.79090909090909,13.44848484848485,False,False,False
1012,0.8952964905929609,53.987878787878785,13.286666666666667,False,False,False
1013,0.8955980999465248,53.768484848484846,13.466060606060607,False,False,False
1014,0.8950816966743161,53.267272727272726,13.936969696969697,False,False,False
1015,0.8958618170412719,53.18787878787879,13.992121212121212,False,False,False
1016,0.8950067130474094,53.40121212121212,13.80060606060606,False,False,False
1017,0.8949880229776248,53.37090909090909,13.844242424242424,False,False,False
1018,0.8945401036732524,53.31090909090909,13.898181818181818,False,False,False
1019,0.8951043979365805,53.13151515151515,14.053333333333333,False,False,False
1020,0.8955762087069686,53.14909090909091,14.030909090909091,False,False,False
1021,0.8952383051724997,53.083636363636366,14.096363636363636,False,False,False
1022,0.8958844562475446,53.10848484848485,14.065454545454546,False,False,False
1023,0.894981503900668,53.13151515151515,14.049696969696969,False,False,False
1024,0.8956702042953532,53.18787878787879,14.005454545454546,False,False,False
1025,0.8956396226073462,53.07090909090909,14.117575757575757,False,False,False
1026,0.8957946984997597,52.912727272727274,14.24909090909091,False,False,False
1027,0.8960096110953383,52.693333333333335,14.434545454545454,False,False,False
1028,0.8965290529131216,52.7569696969697,14.389090909090909,False,False,False
1029,0.8968042726380044,52.57575757575758,14.546060606060607,False,False,False
1030,0.896250363162538,52.54727272727273,14.568484848484848,False,False,False
1031,0.8966170532001513,52.43757575757576,14.667272727272728,False,False,False
1032,0.8965323513218497,52.596969696969694,14.536969696969697,False,False,False
1033,0.8965306248721089,52.49575757575757,14.624848484848485,False,False,False
1034,0.8962420188276854,52.43151515151515,14.686666666666667,False,False,False
1035,0.8961271138603965,52.43575757575758,14.67030303030303,False,False,False
1036,0.8967007324243331,52.29454545454546,14.82121212121212,False,False,False
1037,0.8957126373728134,52.126666666666665,14.957575757575757,False,False,False
1038,0.8959670746896097,52.07818181818182,15.006060606060606,False,False,False
1039,0.8957836855282862,51.95515151515151,15.10848484848485,False,False,False
1040,0.8955985903694684,51.95030303030303,15.106060606060606,False,False,False
1041,0.8960467402585963,51.841818181818184,15.218181818181819,False,False,False
1042,0.8953527799219201,51.79090909090909,15.253333333333334,False,False,False
1043,0.8945641836202499,51.7539393939394,15.283030303030303,False,False,False
1044,0.8950876092180322,51.66,15.362424242424243,False,False,False
1045,0.8952130085246771,51.64909090909091,15.378181818181819,False,False,False
1046,0.8942165169537697,51.66909090909091,15.371515151515151,False,False,False
1047,0.894741329047538,51.59151515151515,15.453939393939393,False,False,False
1048,0.894825766808638,51.595757575757574,15.43030303030303,False,False,False
1049,0.8948575247584607,51.405454545454546,15.586666666666666,False,False,False
1050,0.8826110396549445,51.10060606060606,15.870909090909091,False,False,False
1051,0.8840283731050341,51.095151515151514,15.866666666666667,False,False,False
1052,0.8848437015371552,51.11212121212121,15.842424242424242,False,False,False
1053,0.8887483163561618,51.04242424242424,15.897575757575758,False,False,False
1054,0.887636213812558,51.095151515151514,15.858181818181817,False,False,False
1055,0.8893191160259314,50.9969696969697,15.933333333333334,False,False,False
1056,0.8901560892648815,51.0630303030303,15.874545454545455,False,False,False
1057,0.8911159221118455,50.94060606060606,15.982424242424242,False,False,False
1058,0.8892535193625257,50.78909090909091,16.14121212121212,False,False,False
1059,0.8920792570666857,50.86424242424243,16.083030303030302,False,False,False
1060,0.8906787635492166,50.92969696969697,16.003030303030304,False,False,False
1061,0.8902849479032661,51.013333333333335,15.91939393939394,False,False,False
1062,0.8901574627989506,50.8860606060606,16.035757575757575,False,False,False
1063,0.8905286679333755,50.99272727272727,15.943636363636363,False,False,False
1064,0.890558970063002,50.941818181818185,15.99090909090909,False,False,False
1065,0.8911068825707466,50.89454545454546,16.02969696969697,False,False,False
1066,0.8909930481380797,50.837575757575756,16.085454545454546,False,False,False
1067,0.8905557778031533,50.93515151515152,16.0,False,False,False
1068,0.8905653489940217,50.89575757575758,16.027272727272727,False,False,False
1069,0.8913316521500187,50.95696969696969,15.98060606060606,False,False,False
1070,0.8914104683209558,50.82424242424243,16.096363636363638,False,False,False
1071,0.8922370369638165,50.86909090909091,16.06,False,False,False
1072,0.8918731077263027,50.844848484848484,16.076969696969698,False,False,False
1073,0.8922567597632569,50.89757575757576,16.033939393939395,False,False,False
1074,0.8921333390155756,50.79878787878788,16.124242424242425,False,False,False
1075,0.8923024169072779,50.71090909090909,16.19878787878788,False,False,False
1076,0.8925846872835935,50.8230303030303,16.095151515151514,False,False,False
1077,0.8899600211807571,50.946666666666665,16.013939393939395,False,False,False
1078,0.8922765395890729,50.844242424242424,16.061818181818182,False,False,False
1079,0.8927278366142282,50.94060606060606,15.986060606060606,False,False,False
1080,0.8936876179797851,50.74363636363636,16.18060606060606,False,False,False
1081,0.8938851213050236,50.77757575757576,16.14666666666667,False,False,False
1082,0.8918355453716462,50.915757575757574,16.004848484848484,False,False,False
1083,0.8918142789749358,50.91878787878788,15.996969696969696,False,False,False
1084,0.8932347159886592,50.736363636363635,16.189090909090908,False,False,False
1085,0.8933061254345169,50.68424242424243,16.225454545454546,False,False,False
1086,0.8923037834174854,50.82484848484849,16.083636363636362,False,False,False
1087,0.8924127206574883,50.89515151515152,16.013333333333332,False,False,False
1088,0.8927204070723352,50.873333333333335,16.041212121212123,False,False,False
1089,0.892379000973589,50.875757575757575,16.041212121212123,False,False,False
1090,0.8931371969009408,50.836363636363636,16.06848484848485,False,False,False
1091,0.8934081518900644,50.78545454545455,16.11939393939394,False,False,False
1092,0.8935836150194761,50.79030303030303,16.114545454545453,False,False,False
1093,0.8934379439884677,50.77939393939394,16.118181818181817,False,False,False
1094,0.8923667825054998,50.836363636363636,16.06848484848485,False,False,False
1095,0.8924711937513773,50.802424242424244,16.1,False,False,False
1096,0.8938421660737911,50.85333333333333,16.066060606060606,False,False,False
1097,0.893571879369103,50.89939393939394,16.026060606060607,False,False,False
1098,0.8931759900465291,50.769090909090906,16.133333333333333,False,False,False
1099,0.8926556149542231,50.79515151515152,16.107272727272726,False,False,False
1100,0.8845857986637644,50.80060606060606,16.098181818181818,False,False,False
1101,0.8847758331874155,50.97090909090909,15.94969696969697,False,False,False
1102,0.8872057713146537,50.802424242424244,16.087878787878786,False,False,False
1103,0.8895345732767306,50.86363636363637,16.021818181818183,False,False,False
1104,0.889199248474393,50.914545454545454,16.0,False,False,False
1105,0.8890463144737746,51.01090909090909,15.903636363636364,False,False,False
1106,0.8915834150410451,51.04363636363637,15.86,False,False,False
1107,0.8916912042876268,50.93333333333333,15.960606060606061,False,False,False
1108,0.8907915444757164,51.08,15.844242424242424,False,False,False
1109,0.8909713160257281,51.00727272727273,15.915757575757576,False,False,False
1110,0.8915034050378696,50.983030303030304,15.93030303030303,False,False,False
1111,0.8918556219208646,51.07878787878788,15.852727272727273,False,False,False
1112,0.8914839853737345,51.07515151515152,15.841818181818182,False,False,False
1113,0.8919480956025909,51.13333333333333,15.788484848484849,False,False,False
1114,0.893802208228665,50.95333333333333,15.958787878787879,False,False,False
1115,0.8946314761552333,50.97090909090909,15.950909090909091,False,False,False
1116,0.8924435805011157,51.13636363636363,15.8,False,False,False
1117,0.8931550676734026,50.94060606060606,15.950909090909091,False,False,False
1118,0.8935743733486724,50.99454545454545,15.892121212121213,False,False,False
1119,0.8939391977049366,50.95515151515151,15.926666666666666,False,False,False
1120,0.892769117086614,51.02969696969697,15.888484848484849,False,False,False
1121,0.8929721170547616,51.05030303030303,15.873939393939393,False,False,False
1122,0.8928140220008792,51.015757575757576,15.908484848484848,False,False,False
1123,0.8933589352905953,51.013939393939395,15.91030303030303,False,False,False
1124,0.8928714625208893,50.947878787878786,15.982424242424242,False,False,False
1125,0.8932951847516462,51.0030303030303,15.934545454545454,False,False,False
1126,0.8961379484732749,51.07272727272727,15.85878787878788,False,False,False
1127,0.8957318021307357,51.163636363636364,15.77030303030303,False,False,False
1128,0.8937967995432946,51.09939393939394,15.86,False,False,False
1129,0.8946329697145377,51.12,15.838181818181818,False,False,False
1130,0.8939679569869432,51.11818181818182,15.84969696969697,False,False,False
1131,0.8940327070540826,51.11090909090909,15.852121212121212,False,False,False
1132,0.8943653736727285,51.18060606060606,15.763030303030304,False,False,False
1133,0.8942994471520643,51.167878787878784,15.774545454545455,False,False,False
1134,0.8939319668075267,51.158181818181816,15.773333333333333,False,False,False
1135,0.8939153785258521,51.156363636363636,15.775151515151515,False,False,False
1136,0.8951941397664123,51.224848484848486,15.713939393939395,False,False,False
1137,0.89558995446068,51.16969696969697,15.765454545454546,False,False,False
1138,0.8954385297122226,51.22060606060606,15.715757575757575,False,False,False
1139,0.8960008406643072,51.18242424242424,15.738181818181818,False,False,False
1140,0.895842306194605,51.197575757575756,15.732727272727272,False,False,False
1141,0.895753227227958,51.20787878787879,15.722424242424243,False,False,False
1142,0.8963236323692847,51.14727272727273,15.783030303030303,False,False,False
1143,0.8964123867225247,51.21090909090909,15.718181818181819,False,False,False
1144,0.8956000235252148,51.18424242424243,15.74,False,False,False
1145,0.8961663935281469,51.14606060606061,15.778181818181817,False,False,False
1146,0.8946010454648922,51.1830303030303,15.741212121212122,False,False,False
1147,0.8941784722389754,51.154545454545456,15.773333333333333,False,False,False
1148,0.8962788592254964,51.00181818181818,15.927272727272728,False,False,False
1149,0.8962686593493877,51.00121212121212,15.927878787878788,False,False,False
1150,0.8795305413383399,51.19939393939394,15.875151515151515,False,False,False
1151,0.8816976599304293,51.14727272727273,15.915151515151516,False,False,False
1152,0.8820085207303919,51.10181818181818,15.966666666666667,False,False,False
1153,0.8849842071009312,51.04424242424243,16.015757575757576,False,False,False
1154,0.8846977832356757,51.10181818181818,15.966666666666667,False,False,False
1155,0.8860828046524433,51.12969696969697,15.933939393939394,False,False,False
1156,0.8866003108095101,51.24484848484848,15.82121212121212,False,False,False
1157,0.8876818542255666,51.36909090909091,15.723636363636365,False,False,False
1158,0.8877590468109268,51.017575757575756,16.036363636363635,False,False,False
1159,0.8881064326662421,51.10787878787879,15.966666666666667,False,False,False
1160,0.8871097408449984,51.06060606060606,15.988484848484848,False,False,False
1161,0.8858801444595408,51.11515151515152,15.946060606060605,False,False,False
1162,0.8875179924265495,51.14424242424242,15.931515151515152,False,False,False
1163,0.8880139851165981,51.194545454545455,15.88969696969697,False,False,False
1164,0.8878956596516485,51.163030303030304,15.916363636363636,False,False,False
1165,0.8888438097153143,51.15212121212121,15.916363636363636,False,False,False
1166,0.8884754034630655,51.121818181818185,15.945454545454545,False,False,False
1167,0.8894644414682981,51.13575757575757,15.954545454545455,False,False,False
1168,0.8896492903101861,51.164242424242424,15.922424242424242,False,False,False
1169,0.890434987229457,51.18363636363637,15.904242424242424,False,False,False
1170,0.8892150703783263,51.21818181818182,15.887878787878789,False,False,False
1171,0.8889473238025989,51.193333333333335,15.904242424242424,False,False,False
1172,0.8895551602531382,51.11636363636364,15.972727272727273,False,False,False
1173,0.8901512490988653,51.18242424242424,15.907878787878788,False,False,False
1174,0.8889611675895817,51.166060606060604,15.931515151515152,False,False,False
1175,0.889754989685078,51.14363636363636,15.950303030303031,False,False,False
1176,0.8882657757113556,51.128484848484845,15.965454545454545,False,False,False
1177,0.8886498450144836,51.14606060606061,15.945454545454545,False,False,False
1178,0.889031536349327,51.096969696969694,15.998181818181818,False,False,False
1179,0.8883373931873793,51.04303030303031,16.03878787878788,False,False,False
1180,0.8896443101602463,51.04121212121212,16.04909090909091,False,False,False
1181,0.8895518566954358,51.026666666666664,16.053939393939395,False,False,False
1182,0.8890313871694016,51.03333333333333,16.043636363636363,False,False,False
1183,0.8889614901925986,50.95878787878788,16.115757575757577,False,False,False
1184,0.8887053183141488,51.01030303030303,16.066666666666666,False,False,False
1185,0.8892137082758295,50.89939393939394,16.173939393939396,False,False,False
1186,0.8897311001450936,50.8969696969697,16.18121212121212,False,False,False
1187,0.8905532845329448,50.93818181818182,16.132727272727273,False,False,False
1188,0.8897908466966247,50.90848484848485,16.157575757575756,False,False,False
1189,0.8901005165728401,50.948484848484846,16.112727272727273,False,False,False
1190,0.8888161174375129,50.89818181818182,16.165454545454544,False,False,False
1191,0.8885725282173156,50.872121212121215,16.172121212121212,False,False,False
1192,0.8886813617525504,50.911515151515154,16.152121212121212,False,False,False
1193,0.8889357894225155,50.985454545454544,16.081818181818182,False,False,False
1194,0.88916467954243,50.96060606060606,16.130909090909093,False,False,False
1195,0.8890890200370788,51.013939393939395,16.078787878787878,False,False,False
1196,0.8915079155133859,50.878787878787875,16.194545454545455,False,False,False
1197,0.8916866992225089,50.89878787878788,16.173333333333332,False,False,False
1198,0.8925590127563356,50.75515151515152,16.28181818181818,False,False,False
1199,0.892675770210961,50.88242424242424,16.176363636363636,False,False,False
1200,0.8842004085795496,50.72,16.163030303030304,False,False,False
1201,0.8854524674297437,50.583636363636366,16.28727272727273,False,False,False
1202,0.886444367354451,50.70969696969697,16.163636363636364,False,False,False
1203,0.8881330650051241,50.74666666666667,16.114545454545453,False,False,False
1204,0.8910792337430166,50.78545454545455,16.080606060606062,False,False,False
1205,0.8918010393071197,50.663636363636364,16.19272727272727,False,False,False
1206,0.8917464583809038,50.872727272727275,15.993333333333334,False,False,False
1207,0.8924308951329203,50.86242424242424,15.992727272727272,False,False,False
1208,0.8938485894589949,50.71757575757576,16.09151515151515,False,False,False
1209,0.8937787975864577,50.589696969696966,16.21090909090909,False,False,False
1210,0.8930228210999516,50.75818181818182,16.04969696969697,False,False,False
1211,0.8930584391058098,50.801818181818184,16.0,False,False,False
1212,0.8951135360912791,50.776969696969694,16.023636363636363,False,False,False
1213,0.8948734352068773,50.67333333333333,16.105454545454545,False,False,False
1214,0.8941389367223588,50.77333333333333,16.022424242424243,False,False,False
1215,0.8940036143531752,50.79212121212121,16.004848484848484,False,False,False
1216,0.8942921209999178,50.803636363636365,15.995757575757576,False,False,False
1217,0.8944872547364667,50.62909090909091,16.18121212121212,False,False,False
1218,0.8942869133723981,50.8569696969697,15.964242424242425,False,False,False
1219,0.8940987869684675,50.72,16.095151515151514,False,False,False
1220,0.895273689104444,50.74969696969697,16.047272727272727,False,False,False
1221,0.8956455082037268,50.735757575757575,16.06969696969697,False,False,False
1222,0.8941298416141877,50.70484848484848,16.08969696969697,False,False,False
1223,0.8941887664585848,50.72181818181818,16.05818181818182,False,False,False
1224,0.8961727358010448,50.589090909090906,16.19939393939394,False,False,False
1225,0.895904132758476,50.623636363636365,16.168484848484848,False,False,False
1226,0.8944570473169926,50.486666666666665,16.30060606060606,False,False,False
1227,0.8946860239130695,50.47636363636364,16.298787878787877,False,False,False
1228,0.8957755119018141,50.593333333333334,16.202424242424243,False,False,False
1229,0.895251821992662,50.43818181818182,16.334545454545456,False,False,False
1230,0.8951745787743858,50.49878787878788,16.28121212121212,False,False,False
1231,0.8941835404510653,50.375757575757575,16.39090909090909,False,False,False
1232,0.8952065396441773,50.45272727272727,16.32,False,False,False
1233,0.895528567511294,50.31454545454545,16.453333333333333,False,False,False
1234,0.8957638694839481,50.29090909090909,16.46727272727273,False,False,False
1235,0.894996450723418,50.23030303030303,16.514545454545456,False,False,False
1236,0.8937996965419431,50.31151515151515,16.456363636363637,False,False,False
1237,0.894221633122318,50.31818181818182,16.452121212121213,False,False,False
1238,0.8941885640250506,50.28787878787879,16.475151515151516,False,False,False
1239,0.8938841989845512,50.25818181818182,16.504848484848484,False,False,False
1240,0.8946860598404275,50.14969696969697,16.613333333333333,False,False,False
1241,0.8946633949912028,50.21575757575758,16.54969696969697,False,False,False
1242,0.894724996086427,50.17030303030303,16.595151515151514,False,False,False
1243,0.8945602358499908,50.16969696969697,16.598181818181818,False,False,False
1244,0.8949690576759896,50.25515151515152,16.517575757575756,False,False,False
1245,0.8949690576759896,50.25515151515152,16.517575757575756,False,False,False
1246,0.8951061488956534,50.25939393939394,16.513333333333332,False,False,False
1247,0.8955131552282124,50.276363636363634,16.50121212121212,False,False,False
1248,0.894740165159656,50.28666666666667,16.48969696969697,False,False,False
1249,0.8950647147195356,50.268484848484846,16.507878787878788,False,False,False
1250,0.8846462252099055,50.46666666666667,16.4430303030303,False,False,False
1251,0.8859974626996101,50.593939393939394,16.314545454545456,False,False,False
1252,0.8876165791070495,50.556363636363635,16.35333333333333,False,False,False
1253,0.8893133218440622,50.551515151515154,16.348484848484848,False,False,False
1254,0.8893789557200353,50.20545454545454,16.684848484848484,False,False,False
1255,0.8904362591604029,50.193333333333335,16.686060606060607,False,False,False
1256,0.8905369313123946,50.13878787878788,16.740606060606062,False,False,False
1257,0.8904371561905183,50.2030303030303,16.701818181818183,False,False,False
1258,0.8903715257364193,50.122424242424245,16.759393939393938,False,False,False
1259,0.8898958629339249,50.124848484848485,16.766666666666666,False,False,False
1260,0.8901827238519141,49.96727272727273,16.906060606060606,False,False,False
1261,0.8894203380263228,49.946666666666665,16.926666666666666,False,False,False
1262,0.8907240361689254,49.86121212121212,16.986666666666668,False,False,False
1263,0.8903967455308517,49.79636363636364,17.045454545454547,False,False,False
1264,0.8911194993644239,49.69030303030303,17.151515151515152,False,False,False
1265,0.8900044067495365,49.78848484848485,17.09090909090909,False,False,False
1266,0.8906596231590522,49.78969696969697,17.064242424242423,False,False,False
1267,0.891022324796753,49.735151515151514,17.14060606060606,False,False,False
1268,0.8902247220808618,49.82242424242424,17.04,False,False,False
1269,0.8898206635260283,49.627272727272725,17.214545454545455,False,False,False
1270,0.890674730853442,49.67636363636364,17.19212121212121,False,False,False
1271,0.8902351325987832,49.692727272727275,17.176969696969696,False,False,False
1272,0.8901221652981468,49.67272727272727,17.186060606060607,False,False,False
1273,0.8899756602448152,49.68424242424243,17.175757575757576,False,False,False
1274,0.8902469283048168,49.65939393939394,17.207878787878787,False,False,False
1275,0.8902527067870099,49.661212121212124,17.213333333333335,False,False,False
1276,0.8900786848049507,49.661212121212124,17.208484848484847,False,False,False
1277,0.8904912428694679,49.70181818181818,17.17030303030303,False,False,False
1278,0.8903335610794709,49.69030303030303,17.170909090909092,False,False,False
1279,0.8900890094003622,49.53818181818182,17.312121212121212,False,False,False
1280,0.8899910782897194,49.64,17.216363636363635,False,False,False
1281,0.8897803202564966,49.61939393939394,17.235757575757575,False,False,False
1282,0.8893389347295686,49.593333333333334,17.246060606060606,False,False,False
1283,0.889233556966212,49.49212121212121,17.343636363636364,False,False,False
1284,0.8897802282388435,49.512727272727275,17.324242424242424,False,False,False
1285,0.8894176283209285,49.31878787878788,17.507272727272728,False,False,False
1286,0.8896828674867625,49.442424242424245,17.387272727272727,False,False,False
1287,0.8894560808898874,49.446666666666665,17.387878787878787,False,False,False
1288,0.8894349344701781,49.268484848484846,17.55151515151515,False,False,False
1289,0.8892265868149398,49.264242424242425,17.55818181818182,False,False,False
1290,0.8891293559279517,49.34,17.484848484848484,False,False,False
1291,0.888372387627519,49.332727272727276,17.486060606060605,False,False,False
1292,0.8892502721087456,49.336363636363636,17.486060606060605,False,False,False
1293,0.8893714317478133,49.338181818181816,17.484242424242424,False,False,False
1294,0.8889656378650337,49.17454545454545,17.645454545454545,False,False,False
1295,0.8884480599073745,49.163030303030304,17.687272727272727,False,False,False
1296,0.8886599906781856,49.11212121212121,17.706666666666667,False,False,False
1297,0.8885592601814035,49.13030303030303,17.69212121212121,False,False,False
1298,0.8888224215955637,49.10545454545454,17.71818181818182,False,False,False
1299,0.8891326794684818,49.07515151515152,17.744848484848486,False,False,False
1300,0.8837433377693925,49.013939393939395,17.836363636363636,False,False,False
1301,0.8854624264803271,48.93878787878788,17.91151515151515,False,False,False
1302,0.8865642407535547,48.8830303030303,17.94787878787879,False,False,False
1303,0.8884058991902616,49.03151515151515,17.805454545454545,False,False,False
1304,0.8885639585927384,48.89454545454546,17.933939393939394,False,False,False
1305,0.8898813886658294,48.70363636363636,18.115151515151513,False,False,False
1306,0.8895569699956498,48.723636363636366,18.092727272727274,False,False,False
1307,0.8906385156124801,48.59090909090909,18.207272727272727,False,False,False
1308,0.8887669398219493,48.53454545454545,18.272121212121213,False,False,False
1309,0.8899992614228075,48.36060606060606,18.42787878787879,False,False,False
1310,0.89013413645927,48.25575757575758,18.529090909090908,False,False,False
1311,0.8898226503814398,48.14787878787879,18.62121212121212,False,False,False
1312,0.8905449041203821,48.28484848484848,18.5,False,False,False
1313,0.8905116989441278,48.21575757575758,18.54969696969697,False,False,False
1314,0.8907625083544638,48.404848484848486,18.382424242424243,False,False,False
1315,0.892140114027468,48.406060606060606,18.34969696969697,False,False,False
1316,0.8932335112796986,48.588484848484846,18.181818181818183,False,False,False
1317,0.8942998740441858,48.475151515151516,18.28181818181818,False,False,False
1318,0.893757383710264,48.512727272727275,18.25151515151515,False,False,False
1319,0.8935766666696977,48.70121212121212,18.083636363636362,False,False,False
1320,0.8943708719917309,48.834545454545456,17.96,False,False,False
1321,0.8943291086830462,49.086060606060606,17.743636363636362,False,False,False
1322,0.896280290013662,49.10909090909091,17.707272727272727,False,False,False
1323,0.8962117125249203,49.237575757575755,17.584848484848486,False,False,False
1324,0.8951741893578963,49.43757575757576,17.394545454545455,False,False,False
1325,0.8954895754332554,49.802424242424244,17.078181818181818,False,False,False
1326,0.8955456665446012,50.018181818181816,16.847878787878788,False,False,False
1327,0.8964451121620975,50.20545454545454,16.67878787878788,False,False,False
1328,0.8953055418211194,50.07939393939394,16.798787878787877,False,False,False
1329,0.8950995654053652,50.407272727272726,16.493939393939392,False,False,False
1330,0.8944928907240041,50.46363636363636,16.44,False,False,False
1331,0.8943718770732859,50.61575757575758,16.318181818181817,False,False,False
1332,0.8967305576241181,50.595757575757574,16.32121212121212,False,False,False
1333,0.8972579124769758,50.92424242424242,16.03030303030303,False,False,False
1334,0.8964085245006029,50.91939393939394,16.025454545454547,False,False,False
1335,0.8976298059314132,51.05030303030303,15.933333333333334,False,False,False
1336,0.8972845424451895,50.98,15.985454545454546,False,False,False
1337,0.8976712363389255,51.22060606060606,15.764242424242424,False,False,False
1338,0.8975728100045103,51.17212121212121,15.816363636363636,False,False,False
1339,0.8966127212753134,51.38060606060606,15.611515151515151,False,False,False
1340,0.8973155044487154,51.237575757575755,15.74969696969697,False,False,False
1341,0.8973165017360762,51.32969696969697,15.668484848484848,False,False,False
1342,0.897105144009626,51.39636363636364,15.601818181818182,False,False,False
1343,0.8970710141175772,51.42787878787879,15.577575757575758,False,False,False
1344,0.8980797547254302,51.39575757575758,15.59878787878788,False,False,False
1345,0.8981046533429494,51.483030303030304,15.521212121212121,False,False,False
1346,0.897657186708467,51.36,15.629696969696969,False,False,False
1347,0.8972298775846812,51.36727272727273,15.621212121212121,False,False,False
1348,0.897718100613299,51.46969696969697,15.530909090909091,False,False,False
1349,0.8977092304260625,51.517575757575756,15.485454545454546,False,False,False
1350,0.8826235123942935,51.7030303030303,15.40060606060606,False,False,False
1351,0.8837890617751847,51.70848484848485,15.392727272727273,False,False,False
1352,0.8842796733358392,51.696363636363635,15.413333333333334,False,False,False
1353,0.8882766296256394,51.72,15.371515151515151,False,False,False
1354,0.8890976392306679,51.98969696969697,15.135757575757577,False,False,False
1355,0.8881173057140267,51.874545454545455,15.247272727272728,False,False,False
1356,0.8908550680762576,51.88060606060606,15.209696969696969,False,False,False
1357,0.8908941294934968,51.88121212121212,15.204242424242425,False,False,False
1358,0.8903899642656111,51.99878787878788,15.093939393939394,False,False,False
1359,0.8912613134545255,52.087878787878786,14.997575757575758,False,False,False
1360,0.8907108885202524,51.86363636363637,15.224242424242425,False,False,False
1361,0.8906191953354449,51.973939393939396,15.128484848484849,False,False,False
1362,0.8908158705812076,51.98969696969697,15.086060606060606,False,False,False
1363,0.889885886079855,51.97636363636364,15.117575757575757,False,False,False
1364,0.8909991427255194,52.052121212121214,15.046666666666667,False,False,False
1365,0.8916975537038814,52.14848484848485,14.967272727272727,False,False,False
1366,0.8909716942796072,52.04606060606061,15.043030303030303,False,False,False
1367,0.889332001695277,52.20909090909091,14.916363636363636,False,False,False
1368,0.8921805665471942,52.20666666666666,14.91030303030303,False,False,False
1369,0.8914383591090518,52.25939393939394,14.862424242424243,False,False,False
1370,0.8908128700107201,52.126666666666665,14.98060606060606,False,False,False
1371,0.8909038619440325,52.24181818181818,14.892121212121213,False,False,False
1372,0.8927327021698992,52.268484848484846,14.84969696969697,False,False,False
1373,0.8891262576596773,52.25030303030303,14.916363636363636,False,False,False
1374,0.887775469240035,52.126666666666665,15.006060606060606,False,False,False
1375,0.8831300995895429,52.11939393939394,15.075151515151514,False,False,False
1376,0.8827844893830554,52.1139393939394,15.078181818181818,False,False,False
1377,0.8820005608246871,52.02,15.153939393939394,False,False,False
1378,0.8779353300917875,52.04545454545455,15.208484848484849,False,False,False
1379,0.8776479586790313,51.973939393939396,15.26060606060606,False,False,False
1380,0.8789238289499186,51.75939393939394,15.486060606060606,False,False,False
1381,0.8772887002252872,51.525454545454544,15.692121212121211,False,False,False
1382,0.8756248482337029,51.61151515151515,15.653333333333334,False,False,False
1383,0.8708711151080666,51.56424242424242,15.735757575757576,False,False,False
1384,0.8572324347727585,51.42606060606061,16.084848484848486,False,False,False
1385,0.8582172936886544,51.473939393939396,16.041818181818183,False,False,False
1386,0.8398276150298052,51.57212121212121,16.297575757575757,False,False,False
1387,0.8286346782218964,51.52787878787879,16.51878787878788,False,False,False
1388,0.8110832286915668,51.52909090909091,16.85818181818182,False,False,False
1389,0.7983651777715801,51.46848484848485,17.13939393939394,False,True,False
1390,0.7799809322885048,51.53757575757576,17.34060606060606,False,True,False
1391,0.770487971486382,51.35454545454545,17.613333333333333,False,True,False
1392,0.7472171227583341,51.49515151515151,17.932121212121213,False,True,False
1393,0.7469023279199136,51.27878787878788,18.10848484848485,False,True,False
1394,0.7335232555418119,51.18181818181818,18.348484848484848,False,True,False
1395,0.7282721940613213,51.07575757575758,18.48121212121212,False,True,False
1396,0.7190208347061667,50.878181818181815,18.884848484848487,False,True,False
1397,0.7187137781936448,50.95212121212121,18.812121212121212,False,True,False
1398,0.7033928698202101,50.78,19.167272727272728,False,True,False
1399,0.7036108786486102,50.68,19.21030303030303,False,True,False
1400,0.6671943710988576,50.46,19.913939393939394,False,True,False
1401,0.6705421035487084,50.373939393939395,19.944242424242425,False,True,False
1402,0.6725140008787871,50.35393939393939,19.964242424242425,False,True,False
1403,0.6740860627147498,50.35151515151515,19.932727272727274,False,True,False
1404,0.6719061855098002,50.31212121212121,20.008484848484848,True,True,True
1405,0.6768824489121765,50.25454545454546,19.97030303030303,True,True,True
1406,0.6758834185613071,50.344848484848484,19.92,True,True,True
1407,0.6765929535870467,50.195151515151515,20.062424242424242,True,True,True
1408,0.679715212092939,50.161212121212124,19.953333333333333,True,True,True
1409,0.6811462138534228,50.25575757575758,19.85030303030303,True,True,True
1410,0.6797307128986103,50.236363636363635,19.91090909090909,True,True,True
1411,0.6671127683471338,50.36,20.084242424242426,True,True,True
1412,0.6725375625942233,50.21757575757576,20.072727272727274,True,True,True
1413,0.6653025855231088,50.223030303030306,20.284242424242425,True,True,True
1414,0.6563454312567378,50.32848484848485,20.21757575757576,True,True,True
1415,0.65381833116444,50.39636363636364,20.01878787878788,True,True,True
1416,0.6628882649997623,50.46242424242424,19.584242424242426,True,True,True
1417,0.6760462898622089,50.39515151515152,19.233333333333334,True,True,True
1418,0.6675501996053922,50.81333333333333,19.137575757575757,True,True,True
1419,0.6401530401271592,51.32727272727273,18.963030303030305,True,True,True
1420,0.6374381280542152,50.95939393939394,19.214545454545455,True,True,True
1421,0.6474887933373353,51.44060606060606,19.184242424242424,True,True,True
1422,0.6318196261078527,51.60242424242424,19.01151515151515,True,True,True
1423,0.6257466628432545,52.28424242424242,18.688484848484848,True,True,True
1424,0.6083460143939297,52.52,18.845454545454544,True,True,True
1425,0.6302991383422342,52.732121212121214,18.05757575757576,True,True,True
1426,0.6321911429265864,53.057575757575755,18.09090909090909,True,True,True
1427,0.6423520314044074,53.52909090909091,17.283636363636365,True,True,True
1428,0.6329374160566683,54.1169696969697,17.47878787878788,True,True,True
1429,0.6275216298079502,55.45696969696969,16.69878787878788,True,True,True
1430,0.6327691435721459,55.695151515151515,16.61090909090909,True,True,True
1431,0.5978448775586611,56.847272727272724,16.636969696969697,True,True,True
1432,0.5923349595308742,58.165454545454544,16.34060606060606,True,True,True
1433,0.5934027123903468,59.57090909090909,16.064848484848486,True,True,True
1434,0.5945129604966939,61.04121212121212,16.016363636363636,True,True,True
1435,0.6312952520490432,62.53818181818182,15.417575757575758,True,True,True
1436,0.6217721706379898,63.36727272727273,15.836969696969698,True,True,True
1437,0.6140017662775319,65.85333333333334,16.156969696969696,True,True,True
1438,0.6053596923646636,68.10545454545455,16.523030303030303,True,True,True
1439,0.6307775472980008,70.95757575757575,16.19090909090909,True,True,True
1440,0.6444226543331193,72.94666666666667,16.907272727272726,True,True,True
1441,0.6385738559067474,73.35090909090908,16.990303030303032,True,True,True
1442,0.6314343090364842,73.86848484848485,17.786666666666665,True,True,True
1443,0.617320610074598,75.66666666666667,19.327878787878788,True,True,True
1444,0.6170891878385235,76.90787878787879,19.653939393939392,True,True,True
1445,0.6156295959335529,78.39272727272727,20.135151515151517,True,True,True
1446,0.6152132971285109,78.98363636363636,20.438787878787878,True,True,True
1447,0.6065803273628643,79.77454545454546,20.97878787878788,True,True,True
1448,0.606717921781285,80.68363636363637,21.041818181818183,True,True,True
1449,0.6151217141314154,81.68909090909091,21.70060606060606,True,True,True
1450,0.6000528162460455,82.06727272727272,22.707878787878787,True,True,True
1451,0.6238620531964361,83.07333333333334,22.655757575757576,True,True,True
1452,0.6538235756280654,83.72909090909091,22.598787878787878,True,True,True
1453,0.6630946496863553,84.28,23.09030303030303,True,True,True
1454,0.6839964451043125,84.36060606060606,22.71030303030303,True,True,True
1455,0.7004245332382321,85.51636363636364,23.46727272727273,True,True,True
1456,0.7015260850934346,86.0230303030303,23.86,True,True,True
1457,0.7038861024946791,87.39636363636363,24.906060606060606,True,True,True
1458,0.7023461876540903,87.8460606060606,25.221212121212123,True,True,True
1459,0.7047488958874735,89.34181818181818,26.44787878787879,True,True,True
1460,0.7060839916134778,90.02,26.93090909090909,True,True,True
1461,0.709551901287116,91.28242424242424,27.955757575757577,True,True,True
1462,0.7066034263589865,91.84424242424242,28.413333333333334,True,True,True
1463,0.7048053171331836,93.12363636363636,29.515757575757576,True,True,True
1464,0.7124934495852628,94.39636363636363,30.543636363636363,True,True,True
1465,0.7113563026926177,95.54,31.556363636363635,True,True,True
1466,0.7122349740585892,96.31272727272727,32.21151515151515,True,True,True
1467,0.7108359931481399,97.55090909090909,33.29212121212121,True,True,True
1468,0.7135872894642922,98.32121212121213,33.96545454545455,True,True,True
1469,0.7131513427748365,99.68787878787879,35.17333333333333,True,True,True
1470,0.7130904637168205,100.34787878787878,35.74484848484848,True,True,True
1471,0.7122504270789568,101.63454545454546,36.89818181818182,True,True,True
1472,0.7164062860454313,102.53212121212121,37.70121212121212,True,True,True
1473,0.7142982769677192,103.67818181818181,38.7430303030303,True,True,True
1474,0.7159287970937522,104.10242424242425,39.13333333333333,True,True,True
1475,0.7140481793263824,105.38181818181818,40.306060606060605,True,True,True
1476,0.7147068969052313,106.15333333333334,40.99515151515151,True,True,True
1477,0.7136898819940046,106.90848484848485,41.692121212121215,True,True,True
1478,0.7130232581553421,107.68,42.410303030303034,True,True,True
1479,0.7134052062897198,108.52606060606061,43.192121212121215,True,True,True
1480,0.7137335965086516,109.22242424242424,43.82909090909091,True,True,True
1481,0.7105700729513902,110.69272727272727,45.2060606060606,True,True,True
1482,0.7128229878864382,111.05636363636364,45.551515151515154,True,True,True
1483,0.7113646171802821,111.91454545454546,46.36969696969697,True,True,True
1484,0.7134598477586692,112.21636363636364,46.65212121212121,True,True,True
1485,0.7109198938006346,112.34424242424242,46.78848484848485,True,True,True
1486,0.7053293633516321,113.09212121212121,47.75333333333333,True,True,True
1487,0.6971276268624498,116.84424242424242,51.70666666666666,True,True,True
1488,0.6806397140677379,121.21878787878788,56.24,True,True,True
1489,0.6496387475061076,125.72121212121212,61.93878787878788,True,True,True
1490,0.6300003210281574,129.53030303030303,66.72969696969697,True,True,True
1491,0.5739642362255778,134.34787878787878,73.10121212121211,True,True,True
1492,0.5192274402701305,137.61757575757576,78.94545454545455,True,True,True
1493,0.49762706154994635,142.6139393939394,86.24727272727273,True,True,True
1494,0.4688529500463533,146.82909090909092,92.97151515151515,True,True,True
1495,0.45327509473724814,149.5169696969697,98.54545454545455,True,True,True
1496,0.42654962389928774,151.19939393939393,102.81090909090909,True,True,True
1497,0.4201746675537043,151.32,105.08666666666667,True,True,True
1498,0.42542383082799207,150.0412121212121,105.16424242424243,True,True,True
1499,0.42381632878228337,147.91030303030303,104.82969696969697,True,True,True
1500,0.41937101789518105,141.5151515151515,100.58363636363636,True,True,True
1501,0.4121123483689204,132.5787878787879,93.73454545454545,True,True,True
1502,0.4071978714719743,123.84969696969696,87.14484848484848,True,True,True
1503,0.40097962813100674,115.17757575757575,80.51515151515152,True,True,True
1504,0.39349562733547017,106.2721212121212,74.18666666666667,True,True,True
1505,0.3995317590472627,98.5109090909091,68.48848484848484,True,True,True
1506,0.41942450038767914,89.73030303030303,61.696969696969695,True,True,True
1507,0.43948917284874117,80.77454545454546,54.67939393939394,True,True,True
1508,0.4545489899852764,71.5169696969697,47.64121212121212,True,True,True
1509,0.47812123282555097,61.89939393939394,40.29030303030303,True,True,True
1510,0.520715961710332,52.67575757575757,32.586666666666666,True,True,True
1511,0.5820594565961159,45.7030303030303,26.137575757575757,True,True,True
1512,0.6359347602130887,43.50363636363636,23.30909090909091,True,True,True
1513,0.675550029249364,45.124848484848485,21.78242424242424,True,True,True
1514,0.684266570950334,45.24060606060606,21.606060606060606,True,True,True
1515,0.6936046546617853,45.233333333333334,21.576969696969698,True,True,True
1516,0.69199106902817,45.07757575757576,21.714545454545455,True,True,True
1517,0.6920482941925629,45.0030303030303,21.774545454545454,True,True,True
1518,0.6940917452066033,44.88484848484848,21.885454545454547,True,False,True
1519,0.6964576229687826,44.981212121212124,21.792727272727273,True,False,True
1520,0.6926287912127377,44.763636363636365,21.995757575757576,True,False,True
1521,0.6944398962943795,44.99393939393939,21.786060606060605,True,False,True
1522,0.6970898734645721,44.730909090909094,22.03212121212121,True,False,True
1523,0.696939249624081,44.71333333333333,22.044848484848483,True,False,True
1524,0.6954028177719879,44.412727272727274,22.30666666666667,True,False,True
1525,0.6976656532938333,44.36,22.35818181818182,True,False,True
1526,0.6956532102709702,44.301212121212124,22.413333333333334,True,False,True
1527,0.7010995724289241,44.2569696969697,22.458787878787877,True,False,True
1528,0.6985646436232847,44.13030303030303,22.56969696969697,True,False,True
1529,0.697743891566995,44.04181818181818,22.669090909090908,True,False,True
1530,0.6980548625859743,44.02242424242424,22.67030303030303,True,False,True
1531,0.6996330824881571,44.03636363636364,22.666060606060608,True,False,True
1532,0.6974486385363108,43.75636363636364,22.92787878787879,True,False,True
1533,0.6991541639670422,43.82969696969697,22.864242424242423,False,False,False
1534,0.6998928214245135,43.695151515151515,23.013333333333332,False,False,False
1535,0.7017223976795983,43.59030303030303,23.106060606060606,False,False,False
1536,0.7009029365583042,43.518787878787876,23.16060606060606,False,False,False
1537,0.7001347415962345,43.52242424242424,23.154545454545456,False,False,False
1538,0.7019537695949181,43.57939393939394,23.124242424242425,False,False,False
1539,0.7023347944075974,43.57030303030303,23.130909090909093,False,False,False
1540,0.7019743616099289,43.38969696969697,23.28121212121212,False,False,False
1541,0.703351232608087,43.332121212121216,23.332727272727272,False,False,False
1542,0.701284467869725,43.375151515151515,23.295757575757577,False,False,False
1543,0.7016876044533619,43.333333333333336,23.329090909090908,False,False,False
1544,0.7016627146676114,43.31878787878788,23.355757575757575,False,False,False
1545,0.7022168519743809,43.20666666666666,23.455757575757577,False,False,False
1546,0.7002249878419351,43.31272727272727,23.38,False,False,False
1547,0.7008303298497629,43.18181818181818,23.50121212121212,False,False,False
1548,0.7026969153320698,43.194545454545455,23.48,False,False,False
1549,0.7025734938558713,43.18606060606061,23.484848484848484,False,False,False
1550,0.6880825486345552,43.344848484848484,23.404848484848486,False,False,False
1551,0.6911621253569722,43.224848484848486,23.51030303030303,False,False,False
1552,0.6948576798610301,43.377575757575755,23.35151515151515,False,False,False
1553,0.6964997982222981,43.46484848484849,23.272727272727273,False,False,False
1554,0.6971004482325299,43.60545454545454,23.151515151515152,False,False,False
1555,0.6987120512305266,43.404242424242426,23.32969696969697,False,False,False
1556,0.6996160439791891,43.5230303030303,23.22060606060606,False,False,False
1557,0.7003631276841312,43.46666666666667,23.263636363636362,False,False,False
1558,0.6988429698995816,43.552121212121214,23.19878787878788,False,False,False
1559,0.7017432449292219,43.57757575757576,23.156363636363636,False,False,False
1560,0.6985076256323375,43.47757575757576,23.262424242424242,False,False,False
1561,0.6989087224357504,43.35636363636364,23.37757575757576,False,False,False
1562,0.693122771848594,43.128484848484845,23.599393939393938,False,False,False
1563,0.6876645068284792,42.60848484848485,24.133939393939393,False,False,False
1564,0.6856634383197782,42.17030303030303,24.567272727272726,False,False,False
1565,0.6839568547142622,41.49090909090909,25.234545454545454,False,False,False
1566,0.689852240830008,41.44121212121212,25.28787878787879,False,False,False
1567,0.6921519740943382,40.86969696969697,25.855757575757575,False,False,False
1568,0.6914171314865076,40.22666666666667,26.503636363636364,False,False,False
1569,0.6976779373747801,39.594545454545454,27.118787878787877,False,False,False
1570,0.7059625962950586,39.264242424242425,27.3969696969697,False,False,False
1571,0.7041780510738279,38.44060606060606,28.176969696969696,False,False,False
1572,0.7072925031610585,37.95636363636363,28.64060606060606,False,False,False
1573,0.706520670048705,37.50606060606061,29.077575757575758,False,False,False
1574,0.7064739173543425,37.304848484848485,29.263030303030302,False,False,False
1575,0.7037952013991438,36.82909090909091,29.69272727272727,False,False,False
1576,0.7033659735225051,36.66848484848485,29.818181818181817,False,False,False
1577,0.7040711122513699,36.6139393939394,29.867878787878787,False,False,False
1578,0.7030923584974442,36.55939393939394,29.933333333333334,False,False,False
1579,0.6987924203300864,36.77030303030303,29.758787878787878,False,False,False
1580,0.7062776327218049,36.736969696969695,29.74969696969697,False,False,False
1581,0.7061196446293053,36.68363636363637,29.805454545454545,False,False,False
1582,0.704970249554455,37.04363636363637,29.48909090909091,False,False,False
1583,0.7050139391832867,37.00727272727273,29.527878787878787,False,False,False
1584,0.7050123587536251,37.36181818181818,29.184242424242424,False,False,False
1585,0.7045316912459754,37.653333333333336,28.90848484848485,False,False,False
1586,0.7022940543260824,37.82121212121212,28.76848484848485,False,False,False
1587,0.7008290393191701,37.95151515151515,28.64909090909091,False,False,False
1588,0.6966102365500367,38.39393939393939,28.236969696969698,False,False,False
1589,0.6932876266596789,38.46848484848485,28.166060606060608,False,False,False
1590,0.6907079322240817,38.692727272727275,27.94060606060606,False,False,False
1591,0.6885633746996406,39.026060606060604,27.624242424242425,False,False,False
1592,0.688686130595931,39.17818181818182,27.49878787878788,False,False,False
1593,0.690854412363848,39.54606060606061,27.15878787878788,False,False,False
1594,0.6920738470722334,39.626666666666665,27.05757575757576,False,False,False
1595,0.6919645217779337,39.873333333333335,26.86060606060606,False,False,False
1596,0.6922147768174174,39.81818181818182,26.8769696969697,False,False,False
1597,0.694155485805427,39.97939393939394,26.72060606060606,False,False,False
1598,0.6936963929763104,39.99878787878788,26.715757575757575,False,False,False
1599,0.692621956613473,40.0,26.725454545454546,False,False,False
1600,0.6819997145980252,39.763636363636365,26.952121212121213,False,False,False
1601,0.6848822282495137,39.58181818181818,27.11939393939394,False,False,False
1602,0.6864929643637763,39.62060606060606,27.086666666666666,False,False,False
1603,0.6891480298870711,39.5769696969697,27.11939393939394,False,False,False
1604,0.6845606110657481,39.68121212121212,27.044242424242423,False,False,False
1605,0.6855769975299586,39.61333333333334,27.107272727272726,False,False,False
1606,0.6869055918566264,39.72909090909091,27.003636363636364,False,False,False
1607,0.6879211617631605,39.846060606060604,26.895151515151515,False,False,False
1608,0.6884557886441721,39.63818181818182,27.082424242424242,False,False,False
1609,0.6893287031217754,39.71333333333333,27.006060606060608,False,False,False
1610,0.6899048421467224,39.85272727272727,26.866666666666667,False,False,False
1611,0.6890728437661151,39.944848484848485,26.774545454545454,False,False,False
1612,0.6924935338894507,40.24484848484848,26.46,False,False,False
1613,0.6923751891622782,40.14363636363636,26.547878787878787,False,False,False
1614,0.6927348104755986,40.307272727272725,26.39151515151515,False,False,False
1615,0.692525199154289,40.27454545454545,26.413333333333334,False,False,False
1616,0.6952405035353804,40.17212121212121,26.515757575757576,False,False,False
1617,0.6950554645092275,39.99575757575757,26.671515151515152,False,False,False
1618,0.6936034225809772,39.875151515151515,26.79939393939394,False,False,False
1619,0.695192070158513,39.776363636363634,26.894545454545455,False,False,False
1620,0.6937086261150748,39.737575757575755,26.921212121212122,False,False,False
1621,0.6945020060108644,39.71151515151515,26.936363636363637,False,False,False
1622,0.6921197301696642,39.71878787878788,26.944848484848485,False,False,False
1623,0.6921467232612316,39.7060606060606,26.956363636363637,False,False,False
1624,0.6937311160569459,39.63393939393939,27.01030303030303,False,False,False
1625,0.6934591084804889,39.77878787878788,26.87757575757576,False,False,False
1626,0.6932322022602045,39.78606060606061,26.85939393939394,False,False,False
1627,0.6944255417987288,39.86545454545455,26.771515151515153,False,False,False
1628,0.6950463983197426,40.265454545454546,26.388484848484847,False,False,False
1629,0.6942587269747339,40.6,26.06,False,False,False
1630,0.6957735574317634,40.844848484848484,25.812727272727273,False,False,False
1631,0.6939731164499734,41.261818181818185,25.40909090909091,False,False,False
1632,0.6978050704796895,41.38181818181818,25.26848484848485,False,False,False
1633,0.6983172343503107,41.658181818181816,24.994545454545456,False,False,False
1634,0.6993287206813797,41.592121212121214,25.063030303030303,False,False,False
1635,0.6979672673874522,41.74545454545454,24.90848484848485,False,False,False
1636,0.6981458679857525,41.842424242424244,24.822424242424244,False,False,False
1637,0.6988430522594042,41.99757575757576,24.675757575757576,False,False,False
1638,0.6984292058705396,42.02848484848485,24.646060606060605,False,False,False
1639,0.6983344792338325,42.04484848484849,24.62727272727273,False,False,False
1640,0.6987383955087827,42.233939393939394,24.451515151515153,False,False,False
1641,0.6985388223359384,42.37939393939394,24.323030303030304,False,False,False
1642,0.6988445847386006,42.54848484848485,24.163636363636364,False,False,False
1643,0.6983512019994029,42.75636363636364,23.96909090909091,False,False,False
1644,0.6999181526856895,42.70545454545454,24.024848484848484,False,False,False
1645,0.6993880628146174,42.917575757575754,23.828484848484848,False,False,False
1646,0.6991507866909363,42.9230303030303,23.831515151515152,False,False,False
1647,0.6991653947358027,43.04606060606061,23.713333333333335,False,False,False
1648,0.6998307591732428,42.837575757575756,23.907272727272726,False,False,False
1649,0.7000551475914399,43.11575757575758,23.64727272727273,False,False,False
1650,0.686795027543145,43.32,23.486666666666668,False,False,False
1651,0.6902516942864617,43.404848484848486,23.407878787878786,False,False,False
1652,0.6893054511303761,43.38909090909091,23.39090909090909,False,False,False
1653,0.6907959406325076,43.49030303030303,23.313939393939393,False,False,False
1654,0.6929024230332813,43.586666666666666,23.21272727272727,False,False,False
1655,0.693771808801243,43.582424242424246,23.223030303030303,False,False,False
1656,0.6947019479474739,43.6,23.213939393939395,False,False,False
1657,0.6945903905505317,43.60363636363636,23.20909090909091,False,False,False
1658,0.6946142019162568,43.57030303030303,23.224242424242423,False,False,False
1659,0.6964964165168644,43.596363636363634,23.195757575757575,False,False,False
1660,0.695076140429063,43.63090909090909,23.166060606060608,False,False,False
1661,0.6952581181264649,43.67393939393939,23.131515151515153,False,False,False
1662,0.6940287868097782,43.61333333333334,23.201818181818183,False,False,False
1663,0.6931955390840926,43.74727272727273,23.072727272727274,False,False,False
1664,0.6957380529987846,43.74121212121212,23.07030303030303,False,False,False
1665,0.6957500484625228,43.732121212121214,23.083030303030302,False,False,False
1666,0.6973870542056668,44.017575757575756,22.80121212121212,False,False,False
1667,0.6965527903669737,44.052121212121214,22.76909090909091,False,False,False
1668,0.696742511106408,44.04969696969697,22.777575757575757,False,False,False
1669,0.6977807026312635,44.11757575757576,22.713333333333335,False,False,False
1670,0.6973631956879537,44.162424242424244,22.666060606060608,False,False,False
1671,0.697749400548676,44.17575757575757,22.652727272727272,False,False,False
1672,0.6988989475372253,44.21939393939394,22.616363636363637,False,False,False
1673,0.6985210051535323,44.403636363636366,22.46242424242424,False,False,False
1674,0.6970007489264624,44.50060606060606,22.361818181818183,False,False,False
1675,0.6970850663204494,44.74909090909091,22.136363636363637,False,False,False
1676,0.6973914764763491,44.75454545454546,22.12969696969697,False,False,False
1677,0.6967486033485619,45.00848484848485,21.89878787878788,False,True,False
1678,0.6968697683120645,45.24848484848485,21.673333333333332,False,True,False
1679,0.696452176130519,45.43454545454546,21.506666666666668,False,True,False
1680,0.6966146624348952,45.732121212121214,21.233333333333334,False,True,False
1681,0.6965249323943943,45.75454545454546,21.207272727272727,False,True,False
1682,0.6942838252395988,45.93878787878788,21.03272727272727,False,True,False
1683,0.6954036648147949,46.06181818181818,20.91090909090909,False,True,False
1684,0.6952012633912307,46.21939393939394,20.775151515151514,False,True,False
1685,0.6958334634437892,46.42848484848485,20.59030303030303,False,True,False
1686,0.6936545827227021,46.412727272727274,20.63878787878788,False,True,False
1687,0.6938636351024859,46.223030303030306,20.822424242424244,False,True,False
1688,0.6925655316786852,46.21212121212121,20.85151515151515,False,True,False
1689,0.6926902541287944,46.41939393939394,20.65878787878788,False,True,False
1690,0.6940922815170455,46.47818181818182,20.561212121212122,False,True,False
1691,0.6943635944854292,46.484242424242424,20.553939393939395,False,True,False
1692,0.6936407100351154,46.62,20.44969696969697,True,True,True
1693,0.6933070266787815,46.61515151515152,20.454545454545453,True,True,True
1694,0.6924182379724273,46.61333333333334,20.45030303030303,True,True,True
1695,0.6933370426670991,46.58181818181818,20.478181818181817,True,True,True
1696,0.6943880515646461,46.56848484848485,20.478181818181817,True,True,True
1697,0.6951547120642922,46.57393939393939,20.47030303030303,True,True,True
1698,0.6924601832788738,46.64606060606061,20.42,True,True,True
1699,0.6922538167670674,46.75030303030303,20.327878787878788,True,True,True
1700,0.6819494909921489,46.2060606060606,20.86121212121212,True,True,True
1701,0.6834924720695486,46.35030303030303,20.732727272727274,True,True,True
1702,0.6850246001226847,46.275757575757574,20.815757575757576,True,True,True
1703,0.689324433717675,46.337575757575756,20.75151515151515,True,True,True
1704,0.6936553066270644,46.24545454545454,20.804848484848485,True,True,True
1705,0.6929550270735251,46.2169696969697,20.824848484848484,True,True,True
1706,0.6937240057442648,46.25878787878788,20.784242424242425,True,True,True
1707,0.6944567155846713,46.24666666666667,20.78787878787879,True,True,True
1708,0.6925215394778859,46.25212121212121,20.827272727272728,True,True,True
1709,0.6930995572822005,46.20909090909091,20.875151515151515,True,True,True
1710,0.6928132128220357,46.32666666666667,20.756363636363638,True,True,True
1711,0.6926121339736316,46.13818181818182,20.919393939393938,True,True,True
1712,0.6936736876336256,46.06545454545454,20.995757575757576,True,True,True
1713,0.6911360966154056,45.9969696969697,21.07151515151515,True,True,True
1714,0.6927588833444706,45.88363636363636,21.155757575757576,True,True,True
1715,0.6938990273628667,46.07090909090909,21.0,True,True,True
1716,0.6919828257191508,45.85939393939394,21.19212121212121,True,True,True
1717,0.6929045429084152,46.03151515151515,21.023636363636363,True,True,True
1718,0.6932473078057728,45.90909090909091,21.12909090909091,True,True,True
1719,0.6935339662625691,45.86,21.168484848484848,True,True,True
1720,0.6933855656480525,45.70545454545454,21.31939393939394,True,True,True
1721,0.6942410713322503,45.68909090909091,21.326060606060604,True,True,True
1722,0.6937359942490385,45.44969696969697,21.524242424242424,True,True,True
1723,0.6937064981707075,45.43333333333333,21.54060606060606,True,True,True
1724,0.6944751073790923,45.42848484848485,21.544242424242423,True,True,True
1725,0.6935759667050051,45.20545454545454,21.73939393939394,True,True,True
1726,0.6935075527891115,45.27333333333333,21.68,True,True,True
1727,0.6933969449478654,45.29878787878788,21.66181818181818,True,True,True
1728,0.6955850170510324,45.45696969696969,21.514545454545456,True,True,True
1729,0.6958782991943367,45.54484848484849,21.432727272727274,True,True,True
1730,0.6937730539888743,45.68666666666667,21.29939393939394,True,True,True
1731,0.6934179893031276,45.69030303030303,21.294545454545453,True,True,True
1732,0.6952232833554777,45.587878787878786,21.400606060606062,True,True,True
1733,0.6958140049205096,45.724242424242426,21.272727272727273,True,True,True
1734,0.6959437252794516,45.902424242424246,21.138181818181817,True,True,True
1735,0.6945689693624436,46.024848484848484,21.03757575757576,True,True,True
1736,0.6933146775945782,45.903636363636366,21.143030303030304,True,True,True
1737,0.6948876361769847,46.156969696969696,20.917575757575758,True,True,True
1738,0.6945346891481528,46.23030303030303,20.867272727272727,True,True,True
1739,0.6938832381302803,46.49454545454545,20.62969696969697,True,True,True
1740,0.6937287169486325,46.803030303030305,20.35878787878788,True,True,True
1741,0.6941348084270133,46.99636363636364,20.186060606060607,True,True,True
1742,0.6951272100316187,47.082424242424246,20.10969696969697,True,True,True
1743,0.6954197826323512,47.2460606060606,19.958181818181817,True,True,True
1744,0.6937583549741522,47.086666666666666,20.10060606060606,True,True,True
1745,0.6931578672362585,47.736363636363635,19.517575757575756,True,True,True
1746,0.6923426190292499,47.81818181818182,19.45030303030303,True,True,True
1747,0.6921836227129038,47.95636363636363,19.314545454545456,True,True,True
1748,0.6920430733404279,48.09818181818182,19.206666666666667,True,True,True
1749,0.6919607021045073,48.31818181818182,19.01212121212121,True,True,True
1750,0.6776048775827144,48.55939393939394,18.86060606060606,True,True,True
1751,0.6797911672307086,48.86242424242424,18.586666666666666,True,True,True
1752,0.6813788599680033,48.912727272727274,18.54,True,True,True
1753,0.6840724132383137,49.026666666666664,18.42969696969697,True,True,True
1754,0.6881015920890255,49.414545454545454,18.073333333333334,True,True,True
1755,0.6895445307969429,49.54848484848485,17.96,True,True,True
1756,0.6877629800285778,49.70666666666666,17.83818181818182,True,True,True
1757,0.6912308952777898,49.92363636363636,17.633333333333333,True,True,True
1758,0.6887518776475569,49.99818181818182,17.55151515151515,True,True,True
1759,0.6892779575056234,50.158181818181816,17.438787878787878,True,True,True
1760,0.6894172452777733,50.24666666666667,17.363636363636363,True,True,True
1761,0.6896971633021952,50.46727272727273,17.19151515151515,True,True,True
1762,0.6894972127255662,50.42848484848485,17.2169696969697,True,True,True
1763,0.6901114106296039,50.29939393939394,17.375151515151515,True,True,True
1764,0.6889231056534749,50.661818181818184,17.02,True,True,True
1765,0.6887220190688065,50.806060606060605,16.932727272727274,True,True,True
1766,0.690862732754464,50.82909090909091,16.903636363636362,True,True,True
1767,0.6905148401249529,50.8630303030303,16.89030303030303,True,True,True
1768,0.6915813831932338,50.903030303030306,16.849090909090908,True,True,True
1769,0.6912213617711706,50.665454545454544,17.073333333333334,True,True,True
1770,0.6885267594208041,50.67090909090909,17.04969696969697,True,True,True
1771,0.6885544762388859,50.738181818181815,17.01151515151515,True,True,True
1772,0.688868025869389,50.84909090909091,16.923636363636362,True,True,True
1773,0.6904144179613741,50.871515151515155,16.906060606060606,True,True,True
1774,0.6879871117314899,50.89333333333333,16.875757575757575,True,True,True
1775,0.6888773323703331,50.916969696969694,16.84969696969697,True,True,True
1776,0.6874965540193193,50.89212121212121,16.884242424242423,True,True,True
1777,0.6877629748998734,50.89575757575758,16.875757575757575,True,True,True
1778,0.6895009039326785,50.9969696969697,16.796363636363637,True,True,True
1779,0.6895009039326785,50.9969696969697,16.796363636363637,True,True,True
1780,0.6908924014348325,51.08,16.73030303030303,True,True,True
1781,0.6903287091325975,51.083030303030306,16.727272727272727,True,True,True
1782,0.689571519025244,51.02969696969697,16.772121212121213,True,True,True
1783,0.6906620546390689,51.05878787878788,16.745454545454546,True,True,True
1784,0.6899688516480912,51.055757575757575,16.76181818181818,True,True,True
1785,0.6887814614515942,51.051515151515154,16.766060606060606,True,True,True
1786,0.6899237184514289,51.164242424242424,16.68,True,True,True
1787,0.6897226470144713,50.97090909090909,16.832121212121212,True,True,True
1788,0.6896929470158429,50.84848484848485,16.936363636363637,True,True,True
1789,0.6887453301429363,50.82727272727273,16.96242424242424,True,True,True
1790,0.6906788846417347,50.872121212121215,16.901818181818182,True,True,True
1791,0.6889258178981676,50.74242424242424,17.01212121212121,True,True,True
1792,0.6902232433353392,50.801818181818184,16.939393939393938,True,True,True
1793,0.6910194703733654,50.407878787878786,17.26787878787879,True,True,True
1794,0.6898608127862064,50.26,17.416969696969698,True,True,True
1795,0.6887372253655633,49.99939393939394,17.64242424242424,True,True,True
1796,0.6881912445206008,49.95151515151515,17.662424242424244,True,True,True
1797,0.6883953865646155,49.76121212121212,17.804242424242425,True,True,True
1798,0.6907362435211397,49.79272727272727,17.773939393939393,True,True,True
1799,0.6912999191092729,49.446060606060605,18.044242424242423,True,True,True
1800,0.6803490357217573,48.9339393939394,18.583030303030302,True,True,True
1801,0.682257047244012,48.96606060606061,18.516969696969696,True,True,True
1802,0.6847766621258566,48.941818181818185,18.5,True,True,True
1803,0.6877339083046121,48.663636363636364,18.73818181818182,True,True,True
1804,0.690497520661217,48.79575757575758,18.62181818181818,True,True,True
1805,0.6916351255144595,48.69030303030303,18.703030303030303,True,True,True
1806,0.6898794869331994,48.64606060606061,18.75090909090909,True,True,True
1807,0.691788417185453,48.589090909090906,18.796969696969697,True,True,True
1808,0.6900206358976709,48.525454545454544,18.856969696969696,True,True,True
1809,0.6909215173658017,48.53212121212121,18.83939393939394,True,True,True
1810,0.6923086646364778,48.5630303030303,18.80727272727273,True,True,True
1811,0.6925814468882755,48.42848484848485,18.915151515151514,True,True,True
1812,0.6906524654975374,48.27818181818182,19.06909090909091,True,True,True
1813,0.6887608919927092,48.24848484848485,19.106060606060606,True,True,True
1814,0.6910054289700001,48.28545454545455,19.054545454545455,True,True,True
1815,0.691092858564757,48.33151515151515,19.01939393939394,True,True,True
1816,0.6927080111407862,48.40121212121212,18.938787878787878,True,True,True
1817,0.6912347713460258,48.404848484848486,18.936363636363637,True,True,True
1818,0.6926111940023432,48.304848484848485,19.04,True,True,True
1819,0.6926160007905972,48.36424242424243,18.98909090909091,True,True,True
1820,0.6928530983442207,48.35030303030303,18.994545454545456,True,True,True
1821,0.6914511510844986,48.23939393939394,19.084848484848486,True,True,True
1822,0.6908893613158855,48.515757575757576,18.864242424242423,True,True,True
1823,0.6906576538485151,48.550909090909094,18.830303030303032,True,True,True
1824,0.6912716149034741,48.63818181818182,18.745454545454546,True,True,True
1825,0.6925560359004156,48.589696969696966,18.778181818181817,True,True,True
1826,0.6921846947190583,48.64121212121212,18.72909090909091,True,True,True
1827,0.6916471540367379,48.64969696969697,18.73030303030303,True,True,True
1828,0.6922081225633481,48.7060606060606,18.675151515151516,True,True,True
1829,0.6912475838298263,48.694545454545455,18.69030303030303,True,True,True
1830,0.692067248120088,48.57515151515152,18.796363636363637,True,True,True
1831,0.6924246945339109,48.7,18.683636363636364,True,True,True
1832,0.6926460935968924,48.74727272727273,18.650909090909092,True,True,True
1833,0.6929280379533563,48.698787878787876,18.703030303030303,True,True,True
1834,0.6923197643035919,48.74121212121212,18.663030303030304,True,True,True
1835,0.6920630335749509,48.72969696969697,18.668484848484848,True,True,True
1836,0.6923837784816886,48.7030303030303,18.686666666666667,True,True,True
1837,0.6908707368388013,48.71151515151515,18.674545454545456,True,True,True
1838,0.6924113460855906,48.695151515151515,18.687272727272727,True,True,True
1839,0.6924770825007901,48.68121212121212,18.7,True,True,True
1840,0.6922697991389657,48.596363636363634,18.771515151515153,True,True,True
1841,0.6919116023206233,48.582424242424246,18.773333333333333,True,True,True
1842,0.690177826957154,48.622424242424245,18.76848484848485,True,True,True
1843,0.6879723747837677,48.626060606060605,18.758787878787878,True,True,True
1844,0.6901784115250061,48.904848484848486,18.52,True,True,True
1845,0.6893645475243939,48.906060606060606,18.52,True,True,True
1846,0.691636785839748,48.843636363636364,18.563030303030303,True,True,True
1847,0.6921708060874,48.79090909090909,18.61939393939394,True,True,True
1848,0.6902519634771194,48.85636363636364,18.567272727272726,True,True,True
1849,0.6907178820392146,48.7830303030303,18.634545454545453,True,True,True
1850,0.6812503487310589,48.54969696969697,18.856969696969696,True,True,True
1851,0.682024834582044,48.63515151515151,18.78969696969697,True,True,True
1852,0.6838252795578026,48.60848484848485,18.78121212121212,True,True,True
1853,0.6871618872736546,48.50727272727273,18.87151515151515,True,True,True
1854,0.6858056513975858,48.83151515151515,18.582424242424242,True,True,True
1855,0.6860490344580114,48.656969696969696,18.72060606060606,True,True,True
1856,0.6861385412904158,48.983030303030304,18.438181818181818,True,True,True
1857,0.6868125291205784,48.97636363636364,18.43151515151515,True,True,True
1858,0.6866989851717428,48.89393939393939,18.51878787878788,True,True,True
1859,0.6874273106051448,48.93757575757576,18.48969696969697,True,True,True
1860,0.6887823422017335,48.82909090909091,18.586060606060606,True,True,True
1861,0.6891971787987314,49.02363636363636,18.426666666666666,True,True,True
1862,0.6881224016301326,48.93636363636364,18.507878787878788,True,True,True
1863,0.68734859393576,49.016969696969696,18.433333333333334,True,True,True
1864,0.6879685609823307,48.96666666666667,18.47878787878788,True,True,True
1865,0.6891103316169722,48.942424242424245,18.48969696969697,True,True,True
1866,0.687559145142388,48.944848484848485,18.50060606060606,True,True,True
1867,0.6874960157397345,48.917575757575754,18.523030303030303,True,True,True
1868,0.6871522967863305,48.90909090909091,18.525454545454547,True,True,True
1869,0.6885791898561437,49.08,18.366666666666667,True,True,True
1870,0.6889557991700623,48.92181818181818,18.506666666666668,True,True,True
1871,0.6899396113339676,48.92424242424242,18.503030303030304,True,True,True
1872,0.6900680275201394,48.85575757575758,18.563030303030303,True,True,True
1873,0.6898495310823302,48.86121212121212,18.55757575757576,True,True,True
1874,0.6899845252245469,48.92545454545454,18.49818181818182,True,True,True
1875,0.6892126756935418,48.92121212121212,18.51090909090909,True,True,True
1876,0.6913205262116742,48.7969696969697,18.598787878787878,True,True,True
1877,0.6912221494967096,48.74181818181818,18.645454545454545,True,True,True
1878,0.6888986843780298,48.77030303030303,18.63878787878788,True,True,True
1879,0.68904474144255,48.78484848484848,18.618181818181817,True,True,True
1880,0.6892244727545006,48.82848484848485,18.586666666666666,True,True,True
1881,0.6881681383455861,48.84121212121212,18.582424242424242,True,True,True
1882,0.6893193673786184,48.74727272727273,18.652121212121212,True,True,True
1883,0.6889176652367565,48.75212121212121,18.64727272727273,True,True,True
1884,0.6881086616411393,48.81636363636363,18.625454545454545,True,True,True
1885,0.6872464857392961,48.85454545454545,18.592121212121214,True,True,True
1886,0.6897495675702742,48.808484848484845,18.587272727272726,True,True,True
1887,0.6886404843110818,48.73878787878788,18.663030303030304,True,True,True
1888,0.6899911383099855,48.8230303030303,18.573939393939394,True,True,True
1889,0.6890404780416,48.79212121212121,18.62909090909091,True,True,True
1890,0.6891107657625412,48.86606060606061,18.573333333333334,True,True,True
1891,0.6882157544169121,48.874545454545455,18.59030303030303,True,True,True
1892,0.6876334405161308,48.915151515151514,18.566666666666666,True,True,True
1893,0.6880616996420349,48.71939393939394,18.716363636363635,True,True,True
1894,0.6894117083963236,48.847272727272724,18.56909090909091,True,True,True
1895,0.6900952576630169,48.86242424242424,18.55878787878788,True,True,True
1896,0.6900225686749191,48.844242424242424,18.562424242424242,True,True,True
1897,0.6896212679129737,48.805454545454545,18.580606060606062,True,True,True
1898,0.6911002947869048,48.70727272727273,18.654545454545456,True,True,True
1899,0.6909898664611545,48.70666666666666,18.657575757575756,True,True,True
1900,0.6784837954623926,47.9969696969697,19.328484848484848,True,True,True
1901,0.6803973225375056,48.20787878787879,19.14666666666667,True,True,True
1902,0.6805197014456578,48.20787878787879,19.12848484848485,True,True,True
1903,0.6849392068030811,48.50848484848485,18.85090909090909,True,True,True
1904,0.6846950911853378,48.68242424242424,18.732727272727274,True,True,True
1905,0.6855085233172084,48.71818181818182,18.696969696969695,True,True,True
1906,0.6854014872334177,48.84969696969697,18.575151515151514,True,True,True
1907,0.684815523947288,49.04,18.44181818181818,True,True,True
1908,0.6883392591558166,49.083636363636366,18.32060606060606,True,True,True
1909,0.689057862775891,49.28363636363636,18.156969696969696,True,True,True
1910,0.6870542173947255,49.34909090909091,18.150909090909092,True,True,True
1911,0.6870632524418798,49.52,17.992121212121212,True,True,True
1912,0.6908565195852642,49.35272727272727,18.092727272727274,True,True,True
1913,0.6914968617568463,49.475151515151516,17.983636363636364,True,True,True
1914,0.6900497388021477,49.404848484848486,18.061212121212122,True,True,True
1915,0.6899572282323151,49.413333333333334,18.053939393939395,True,True,True
1916,0.6862188045204423,49.512121212121215,17.98181818181818,True,True,True
1917,0.6849281467392021,49.63212121212121,17.895757575757575,True,True,True
1918,0.6864666298487142,49.63575757575757,17.912727272727274,True,True,True
1919,0.6869017668949893,49.663636363636364,17.867878787878787,True,True,True
1920,0.6859160485631413,49.64787878787879,17.88969696969697,True,True,True
1921,0.6851774246933242,49.735757575757575,17.824848484848484,True,True,True
1922,0.6862861642447838,49.64,17.895151515151515,True,True,True
1923,0.6874487689123516,49.84909090909091,17.71757575757576,True,True,True
1924,0.6879479678425675,49.62909090909091,17.901212121212122,True,True,True
1925,0.6880560009667628,49.764242424242425,17.80242424242424,True,True,True
1926,0.6895152151156319,49.72909090909091,17.803636363636365,True,True,True
1927,0.6898145118681523,49.75939393939394,17.76969696969697,True,True,True
1928,0.6894517575129178,49.7569696969697,17.786666666666665,True,True,True
1929,0.6896759973455844,49.835151515151516,17.746060606060606,True,True,True
1930,0.6893225911024435,49.82242424242424,17.736969696969698,True,True,True
1931,0.6902943603037004,49.907272727272726,17.666666666666668,True,True,True
1932,0.6892912352962476,49.78545454545455,17.78121212121212,True,True,True
1933,0.6895975833458474,49.81818181818182,17.758181818181818,True,True,True
1934,0.6883822536906062,49.8630303030303,17.72060606060606,True,True,True
1935,0.687943094899119,49.85818181818182,17.71818181818182,True,True,True
1936,0.6898543887578688,49.835151515151516,17.726666666666667,True,True,True
1937,0.6899092429093493,49.89939393939394,17.657575757575756,True,True,True
1938,0.6892128852831878,49.97575757575758,17.62,True,True,True
1939,0.6891716260387754,49.983636363636364,17.61090909090909,True,True,True
1940,0.6907185000952024,49.838787878787876,17.73151515151515,True,True,True
1941,0.6903131178229257,49.96727272727273,17.617575757575757,True,True,True
1942,0.6913493426644421,49.82606060606061,17.733333333333334,True,True,True
1943,0.6897468263545122,49.78909090909091,17.759393939393938,True,True,True
1944,0.6901273230942546,49.525454545454544,17.973333333333333,True,True,True
1945,0.689252691604819,49.29454545454546,18.150909090909092,True,True,True
1946,0.6879910765506085,49.36242424242424,18.114545454545453,True,True,True
1947,0.689356220236302,49.224848484848486,18.215757575757575,True,True,True
1948,0.6893806988447393,49.22909090909091,18.213939393939395,True,True,True
1949,0.6894695643339309,48.90181818181818,18.506060606060608,True,True,True
1950,0.6810994680118867,48.24424242424242,19.095757575757577,True,True,True
1951,0.6827063945367483,48.083636363636366,19.21878787878788,True,True,True
1952,0.6817798362864065,48.089696969696966,19.23090909090909,True,True,True
1953,0.6859529473090115,47.835151515151516,19.475757575757576,True,True,True
1954,0.6864477991618099,47.986666666666665,19.306060606060605,True,True,True
1955,0.6870530647106654,47.737575757575755,19.506666666666668,True,True,True
1956,0.6896391144152796,47.63272727272727,19.584848484848486,True,True,True
1957,0.6911784315318993,47.35212121212121,19.80727272727273,True,True,True
1958,0.6877180534817046,47.2969696969697,19.8769696969697,True,True,True
1959,0.6892992012927072,47.083030303030306,20.075151515151514,True,True,True
1960,0.6889559179026963,47.13515151515151,20.016969696969696,True,True,True
1961,0.6878800322369447,46.94,20.193939393939395,True,True,True
1962,0.6887297705919413,46.90060606060606,20.228484848484847,True,True,True
1963,0.688462246375939,46.72,20.407878787878786,True,True,True
1964,0.6883309156601557,46.71393939393939,20.405454545454546,True,True,True
1965,0.6884289406873435,46.596363636363634,20.50121212121212,True,True,True
1966,0.6873008964036901,46.46181818181818,20.626060606060605,True,True,True
1967,0.6889818713255197,46.29454545454546,20.773939393939393,True,True,True
1968,0.6889592337682373,46.1430303030303,20.906060606060606,True,True,True
1969,0.6890437982829116,46.15030303030303,20.89878787878788,True,True,True
1970,0.6877069451252147,46.157575757575756,20.896363636363635,True,True,True
1971,0.6869419874914597,46.03333333333333,21.007272727272728,True,True,True
1972,0.6882582470515749,45.95696969696969,21.061818181818182,True,True,True
1973,0.6884747738978205,45.89636363636364,21.117575757575757,True,True,True
1974,0.6884867783817259,45.96606060606061,21.061212121212122,True,True,True
1975,0.689403442518457,45.79212121212121,21.2169696969697,True,True,True
1976,0.6891740135332088,45.95878787878788,21.066060606060606,True,True,True
1977,0.6884138668796191,45.804242424242425,21.207272727272727,True,True,True
1978,0.6891999017363984,45.78909090909091,21.216363636363635,True,True,True
1979,0.690020824837735,45.801818181818184,21.208484848484847,True,True,True
1980,0.6906664264242386,45.72242424242424,21.262424242424242,True,True,True
1981,0.6901433522662547,45.652727272727276,21.324848484848484,True,True,True
1982,0.689867314901229,45.71454545454545,21.28969696969697,True,True,True
1983,0.6899927285981997,45.72666666666667,21.28848484848485,True,True,True
1984,0.6892955004289919,45.696363636363635,21.30787878787879,True,True,True
1985,0.6893440055972039,45.696969696969695,21.306060606060605,True,True,True
1986,0.689832668664863,45.692121212121215,21.30848484848485,True,True,True
1987,0.6895605002356766,45.736363636363635,21.26181818181818,True,True,True
1988,0.6901816809426863,45.77939393939394,21.224848484848486,True,True,True
1989,0.690047080781101,45.77454545454545,21.22969696969697,True,True,True
1990,0.6896427511578179,45.74181818181818,21.25151515151515,True,True,True
1991,0.6896350024614941,45.74121212121212,21.252121212121214,True,True,True
1992,0.6898830525013552,45.74787878787879,21.240606060606062,True,True,True
1993,0.6893741408189796,45.82121212121212,21.206060606060607,True,True,True
1994,0.6901533020030557,45.75939393939394,21.244848484848486,True,True,True
1995,0.689500347654893,45.75030303030303,21.253939393939394,True,True,True
1996,0.69053645952917,45.762424242424245,21.246666666666666,True,True,True
1997,0.6904928385221786,45.75272727272727,21.252727272727274,True,True,True
1998,0.6886178289692735,45.73030303030303,21.28242424242424,True,True,True
1999,0.6887194111820631,45.67393939393939,21.330303030303032,True,True,True
2000,0.6725187729239199,45.00181818181818,21.983030303030304,True,True,True
2001,0.6747287865530766,45.01030303030303,21.973333333333333,True,True,True
2002,0.6795339571311351,45.03212121212121,21.934545454545454,True,True,True
2003,0.6851924038886226,45.08121212121212,21.87090909090909,True,True,True
2004,0.6839949877346042,44.89272727272727,22.05212121212121,True,False,True
2005,0.6825292186252542,44.874545454545455,22.07151515151515,True,False,True
2006,0.6877315203806281,44.846666666666664,22.08,True,False,True
2007,0.6893456061809435,44.79454545454546,22.111515151515153,True,False,True
2008,0.6866342586008811,44.876363636363635,22.080606060606062,True,False,True
2009,0.6879958428933292,44.86424242424243,22.096363636363638,True,False,True
2010,0.6890424713105248,44.99030303030303,21.96060606060606,True,False,True
2011,0.6892217164663788,44.99272727272727,21.965454545454545,True,False,True
2012,0.6902246875783209,45.00909090909091,21.94909090909091,True,True,True
2013,0.6915458733393413,45.00242424242424,21.965454545454545,True,True,True
2014,0.6885043651891033,44.907272727272726,22.047272727272727,True,False,True
2015,0.6897637485719086,44.88060606060606,22.067878787878787,True,False,True
2016,0.6911581613012865,44.98909090909091,21.96181818181818,True,False,True
2017,0.6902568547978496,45.02060606060606,21.94121212121212,True,True,True
2018,0.6907100709147159,45.050909090909094,21.9,True,True,True
2019,0.6887720522766982,45.03333333333333,21.917575757575758,True,True,True
2020,0.691262347057087,45.14606060606061,21.837575757575756,True,True,True
2021,0.6910730201904319,45.2060606060606,21.78121212121212,True,True,True
2022,0.6915118032010216,45.20848484848485,21.776363636363637,True,True,True
2023,0.6917279961820971,45.267272727272726,21.722424242424243,True,True,True
2024,0.6912038560017555,45.236363636363635,21.75090909090909,True,True,True
2025,0.6913673233332235,45.156969696969696,21.816969696969696,True,True,True
2026,0.6926328312145358,45.17393939393939,21.78181818181818,True,True,True
2027,0.693304015415244,45.20727272727273,21.73878787878788,True,True,True
2028,0.6910388283058083,45.53757575757576,21.46909090909091,True,True,True
2029,0.6901634725588713,45.593333333333334,21.41090909090909,True,True,True
2030,0.6907951396144908,45.595151515151514,21.406666666666666,True,True,True
2031,0.6913928572040845,45.667272727272724,21.341818181818184,True,True,True
2032,0.6913327413661573,45.63515151515151,21.382424242424243,True,True,True
2033,0.6902190426993904,45.80969696969697,21.226060606060607,True,True,True
2034,0.6908067207063313,45.89212121212121,21.146060606060605,True,True,True
2035,0.6904836666286128,45.86666666666667,21.16060606060606,True,True,True
2036,0.6918720142849087,45.81454545454545,21.213939393939395,True,True,True
2037,0.6898702220769903,45.94060606060606,21.104848484848485,True,True,True
2038,0.6900697384352447,45.85515151515151,21.163636363636364,True,True,True
2039,0.6884978731160064,45.96848484848485,21.066060606060606,True,True,True
2040,0.6917572079125202,45.949090909090906,21.08909090909091,True,True,True
2041,0.6927497446092815,45.943030303030305,21.085454545454546,True,True,True
2042,0.6919501604660403,45.98848484848485,21.047272727272727,True,True,True
2043,0.6918509226155447,46.00787878787879,21.025454545454547,True,True,True
2044,0.6902493290343615,45.913939393939394,21.131515151515153,True,True,True
2045,0.689799644223919,45.9230303030303,21.12242424242424,True,True,True
2046,0.6900423055516687,46.015757575757576,21.03818181818182,True,True,True
2047,0.689707007835958,46.03151515151515,21.027272727272727,True,True,True
2048,0.691373384301888,45.875757575757575,21.157575757575756,True,True,True
2049,0.6913698019119995,45.92484848484848,21.118181818181817,True,True,True
2050,0.6766640711048483,45.94060606060606,21.12787878787879,True,True,True
2051,0.6776957205854665,45.89333333333333,21.163030303030304,True,True,True
2052,0.6825892901779788,45.89212121212121,21.154545454545456,True,True,True
2053,0.6851376848279453,45.910303030303034,21.131515151515153,True,True,True
2054,0.6850240425155228,46.08121212121212,20.965454545454545,True,True,True
2055,0.6862288235794951,45.947878787878786,21.076969696969698,True,True,True
2056,0.6862667666453144,45.89090909090909,21.13878787878788,True,True,True
2057,0.687889584328916,45.97636363636364,21.053333333333335,True,True,True
2058,0.6851430691123042,45.911515151515154,21.118181818181817,True,True,True
2059,0.6873090229453166,45.92969696969697,21.092727272727274,True,True,True
2060,0.6863855756467729,45.86121212121212,21.16,True,True,True
2061,0.6869706732318575,45.79757575757576,21.213939393939395,True,True,True
2062,0.6892692156243797,45.86969696969697,21.145454545454545,True,True,True
2063,0.6908720745427679,45.7169696969697,21.263030303030302,True,True,True
2064,0.690479787562201,45.64242424242424,21.33878787878788,True,True,True
2065,0.6906976339267759,45.524848484848484,21.43090909090909,True,True,True
2066,0.6896699552271918,45.554545454545455,21.43030303030303,True,True,True
2067,0.6900309104656848,45.52060606060606,21.44969696969697,True,True,True
2068,0.6895944942078236,45.28424242424242,21.663030303030304,True,True,True
2069,0.6895646875209759,45.267272727272726,21.68121212121212,True,True,True
2070,0.6906407711894599,45.17272727272727,21.756363636363638,True,True,True
2071,0.690071822010411,45.055151515151515,21.866666666666667,True,True,True
2072,0.690098426186598,45.03090909090909,21.89212121212121,True,True,True
2073,0.6907194998403804,44.903636363636366,21.997575757575756,True,False,True
2074,0.6895875088398525,44.96424242424242,21.9430303030303,True,False,True
2075,0.6893569295895464,44.768484848484846,22.125454545454545,True,False,True
2076,0.6892420132674651,44.7430303030303,22.14969696969697,True,False,True
2077,0.6895444136245623,44.68484848484849,22.203030303030303,True,False,True
2078,0.6895217368420158,44.68181818181818,22.2169696969697,True,False,True
2079,0.6898598017129987,44.50909090909091,22.384848484848487,True,False,True
2080,0.6892148332161916,44.527272727272724,22.361818181818183,True,False,True
2081,0.6890889331075974,44.661212121212124,22.237575757575758,True,False,True
2082,0.6908724407954472,44.733333333333334,22.182424242424243,True,False,True
2083,0.6906971898310106,44.7460606060606,22.163636363636364,True,False,True
2084,0.690578498128572,44.74484848484848,22.18060606060606,True,False,True
2085,0.6903374155359728,44.75454545454546,22.172121212121212,True,False,True
2086,0.691233144915129,44.85090909090909,22.09030303030303,True,False,True
2087,0.6910403515912008,44.92484848484848,22.03090909090909,True,False,True
2088,0.6921536236402833,45.13878787878788,21.827878787878788,True,True,True
2089,0.6933621772436596,45.372121212121215,21.616363636363637,True,True,True
2090,0.6920089061661054,45.2460606060606,21.735151515151514,True,True,True
2091,0.6917151107341462,45.49212121212121,21.506060606060608,True,True,True
2092,0.6928781213272662,45.48,21.51939393939394,True,True,True
2093,0.6931860125394135,45.7569696969697,21.264242424242425,True,True,True
2094,0.6915044356323002,46.21151515151515,20.85333333333333,True,True,True
2095,0.6909261922296521,46.35515151515151,20.7169696969697,True,True,True
2096,0.6915127904964034,46.4769696969697,20.612121212121213,True,True,True
2097,0.6909109528944264,46.72727272727273,20.387272727272727,True,True,True
2098,0.6880077643486299,46.406060606060606,20.684242424242424,True,True,True
2099,0.6895612284675303,46.63151515151515,20.483030303030304,True,True,True
2100,0.6806012158570169,46.54606060606061,20.592727272727274,True,True,True
2101,0.6827857067879911,46.70181818181818,20.4430303030303,True,True,True
2102,0.6856843185604372,46.63636363636363,20.496363636363636,True,True,True
2103,0.6884457646312456,46.81575757575757,20.347272727272728,True,True,True
2104,0.6886626611874136,46.92545454545454,20.235151515151514,True,True,True
2105,0.6921493874654853,46.93878787878788,20.20969696969697,True,True,True
2106,0.6923649753333572,46.96727272727273,20.17878787878788,True,True,True
2107,0.6948377875711984,47.056363636363635,20.10909090909091,True,True,True
2108,0.6951310321886891,47.052121212121214,20.11090909090909,True,True,True
2109,0.695638973392712,47.07757575757576,20.083030303030302,True,True,True
2110,0.6941761624626073,46.98969696969697,20.175757575757576,True,True,True
2111,0.6932995151994129,47.03333333333333,20.136969696969697,True,True,True
2112,0.6938807280297955,46.96181818181818,20.17818181818182,True,True,True
2113,0.6930435388647751,47.02181818181818,20.1230303030303,True,True,True
2114,0.6940436833199637,47.11090909090909,20.061818181818182,True,True,True
2115,0.6935789639414951,47.11272727272727,20.05272727272727,True,True,True
2116,0.692683265783721,47.17818181818182,20.006666666666668,True,True,True
2117,0.6930499884611345,47.23878787878788,19.954545454545453,True,True,True
2118,0.6939793211910813,47.261818181818185,19.926666666666666,True,True,True
2119,0.6934930629832042,47.304848484848485,19.89939393939394,True,True,True
2120,0.6917563523519835,47.27878787878788,19.933939393939394,True,True,True
2121,0.6921667599625304,47.25151515151515,19.96,True,True,True
2122,0.6922261050353911,47.28363636363636,19.92909090909091,True,True,True
2123,0.6938128311938699,47.095151515151514,20.092121212121214,True,True,True
2124,0.6936749354616831,46.913939393939394,20.258787878787878,True,True,True
2125,0.6942646815945221,46.75272727272727,20.400606060606062,True,True,True
2126,0.6941866166104521,46.663636363636364,20.471515151515153,True,True,True
2127,0.6948281828019631,46.556363636363635,20.57030303030303,True,True,True
2128,0.6938600795187481,46.34909090909091,20.765454545454546,True,True,True
2129,0.6936686781855633,46.11939393939394,20.973333333333333,True,True,True
2130,0.6935853978551358,45.876363636363635,21.19818181818182,True,True,True
2131,0.69328844776773,45.68909090909091,21.35878787878788,True,True,True
2132,0.6920001265447577,45.54363636363637,21.473939393939393,True,True,True
2133,0.6942377721084405,45.17454545454545,21.805454545454545,True,True,True
2134,0.6955785284970472,45.058181818181815,21.904848484848486,True,True,True
2135,0.6962187116146302,44.484848484848484,22.403030303030302,True,False,True
2136,0.6991742243866361,44.65878787878788,22.26181818181818,True,False,True
2137,0.6968451502822209,44.303030303030305,22.594545454545454,True,False,True
2138,0.6980030461107156,43.876363636363635,22.977575757575757,True,False,True
2139,0.6979927583771818,43.54121212121212,23.30666666666667,True,False,True
2140,0.6937190677256357,43.3569696969697,23.473939393939393,True,False,True
2141,0.691244268566886,43.1030303030303,23.727878787878787,True,False,True
2142,0.6908003382295752,42.89636363636364,23.913939393939394,True,False,True
2143,0.6903533467629216,42.86060606060606,23.944848484848485,True,False,True
2144,0.6911935268485515,42.81878787878788,23.991515151515152,True,False,True
2145,0.6907685937821421,42.71939393939394,24.086060606060606,True,False,True
2146,0.6918203229554228,42.87030303030303,23.94,True,False,True
2147,0.6922408147537846,42.64181818181818,24.14787878787879,True,False,True
2148,0.6912097614217569,42.82060606060606,24.004242424242424,True,False,True
2149,0.6916814697364086,42.82242424242424,23.997575757575756,True,False,True
2150,0.6753550020035322,42.481212121212124,24.326666666666668,True,True,True
2151,0.676945606884079,42.56727272727273,24.247878787878786,True,True,True
2152,0.6798275047393529,42.57333333333333,24.23212121212121,True,True,True
2153,0.6846900252587682,42.71636363636364,24.09151515151515,True,False,True
2154,0.6867265295611166,42.776363636363634,24.013333333333332,True,False,True
2155,0.6892501397182759,42.82606060606061,23.97939393939394,True,False,True
2156,0.6889212919048373,42.913333333333334,23.89090909090909,True,False,True
2157,0.6920489810829814,43.04424242424243,23.762424242424242,True,False,True
2158,0.6894077480723636,42.947878787878786,23.85757575757576,True,False,True
2159,0.6896963864227696,43.04545454545455,23.764848484848486,True,False,True
2160,0.6884344089031372,42.96727272727273,23.835757575757576,True,False,True
2161,0.6902574517879837,43.18848484848485,23.64,True,False,True
2162,0.687402955906877,43.21636363636364,23.624242424242425,True,False,True
2163,0.6881783833825444,43.268484848484846,23.578181818181818,True,False,True
2164,0.6886024000289303,43.45212121212121,23.42969696969697,True,False,True
2165,0.6867593015984208,43.417575757575754,23.471515151515153,True,False,True
2166,0.6912279612989245,43.42606060606061,23.45939393939394,True,False,True
2167,0.6917589432710083,43.42545454545454,23.456363636363637,True,False,True
2168,0.6910695768734566,43.526060606060604,23.35212121212121,False,False,False
2169,0.6898731694462552,43.731515151515154,23.169696969696968,False,False,False
2170,0.6898620531224702,43.63939393939394,23.263030303030302,False,False,False
2171,0.6875459787017919,43.8860606060606,23.04060606060606,False,False,False
2172,0.6877988283086006,44.016363636363636,22.938181818181818,False,False,False
2173,0.6846968235193592,44.38242424242424,22.593939393939394,False,False,False
2174,0.6874502664503072,44.25272727272727,22.713939393939395,False,False,False
2175,0.6853452941186883,44.47151515151515,22.536363636363635,False,False,False
2176,0.6869635434605562,44.53272727272727,22.47030303030303,False,False,False
2177,0.6863916327473072,44.74363636363636,22.30666666666667,False,False,False
2178,0.6847123060180372,44.96787878787879,22.104242424242425,False,False,False
2179,0.6840927595671689,45.21878787878788,21.906666666666666,False,True,False
2180,0.683217572780908,45.24727272727273,21.866060606060607,False,True,False
2181,0.6839315902504447,45.4230303030303,21.69757575757576,False,True,False
2182,0.6815802527978931,45.52363636363636,21.64787878787879,False,True,False
2183,0.6813412000017935,45.68545454545455,21.516363636363636,False,True,False
2184,0.6788489936611911,45.67939393939394,21.505454545454544,False,True,False
2185,0.6791930499033442,45.842424242424244,21.354545454545455,False,True,False
2186,0.6818403402344102,46.04909090909091,21.16,False,True,False
2187,0.6830634632390551,46.14484848484849,21.064242424242423,False,True,False
2188,0.6831153248418399,46.12909090909091,21.08,False,True,False
2189,0.6813722954546412,46.096363636363634,21.112727272727273,False,True,False
2190,0.6854433194433049,46.17878787878788,21.01212121212121,False,True,False
2191,0.6865263245105796,46.276363636363634,20.903636363636362,False,True,False
2192,0.6858293105764407,46.336363636363636,20.873939393939395,False,True,False
2193,0.68580654320288,46.373333333333335,20.841818181818184,False,True,False
2194,0.6850648800827437,46.36969696969697,20.85030303030303,True,True,True
2195,0.6855678342817164,46.20242424242424,20.987272727272728,True,True,True
2196,0.684782251501318,46.21030303030303,20.993939393939392,True,True,True
2197,0.6842005916197517,46.13575757575757,21.05757575757576,True,True,True
2198,0.6850208314822751,46.194545454545455,20.997575757575756,True,True,True
2199,0.6847634694321773,46.14787878787879,21.033333333333335,True,True,True
2200,0.6692840605939603,45.96848484848485,21.25151515151515,True,True,True
2201,0.672259738519075,45.97878787878788,21.22909090909091,True,True,True
2202,0.6742785264758777,46.00363636363636,21.19818181818182,True,True,True
2203,0.6792739208723088,45.89454545454546,21.286666666666665,True,True,True
2204,0.6791527531762691,46.0660606060606,21.112727272727273,True,True,True
2205,0.6797771832632635,46.06909090909091,21.10848484848485,True,True,True
2206,0.6807788132838398,46.11030303030303,21.07090909090909,True,True,True
2207,0.6826902048288541,46.10121212121212,21.076363636363638,True,True,True
2208,0.6797748934052138,46.1830303030303,21.003030303030304,True,True,True
2209,0.6796961348510252,46.32181818181818,20.89212121212121,True,True,True
2210,0.6803962568209404,46.14121212121212,21.01818181818182,True,True,True
2211,0.6789364697331377,46.162424242424244,20.98848484848485,True,True,True
2212,0.6804006401015651,46.20545454545454,20.953939393939393,True,True,True
2213,0.6812125512900572,46.22727272727273,20.932121212121213,True,True,True
2214,0.6791927576984885,46.24,20.914545454545454,True,True,True
2215,0.678169342826471,46.28121212121212,20.887878787878787,True,True,True
2216,0.6832608247712612,46.303636363636365,20.882424242424243,True,True,True
2217,0.6826983154297268,46.32121212121212,20.87818181818182,True,True,True
2218,0.6815015283747582,46.234545454545454,20.953939393939393,True,True,True
2219,0.6821247983551236,46.29757575757576,20.876363636363635,True,True,True
2220,0.6841750725734954,46.17515151515151,20.990303030303032,True,True,True
2221,0.6839798517689238,46.25939393939394,20.92787878787879,True,True,True
2222,0.6834495977882346,46.20242424242424,20.973939393939393,True,True,True
2223,0.6829331053477912,46.13515151515151,21.035151515151515,True,True,True
2224,0.6837766383817415,45.88787878787879,21.266666666666666,True,True,True
2225,0.6825988324791693,45.693939393939395,21.44848484848485,True,True,True
2226,0.6792762672733529,45.29757575757576,21.813333333333333,True,True,True
2227,0.6750911534585747,44.97151515151515,22.14060606060606,True,True,True
2228,0.6722511186984392,44.558181818181815,22.573333333333334,True,True,True
2229,0.667166796071296,44.03030303030303,23.076969696969698,True,True,True
2230,0.6659905714989521,43.403030303030306,23.684848484848484,True,True,True
2231,0.6657957719392704,42.56666666666667,24.495757575757576,True,True,True
2232,0.6654372074813897,41.73939393939394,25.223636363636363,True,True,True
2233,0.6626390771448745,40.81151515151515,26.10181818181818,True,True,True
2234,0.6668915358077011,40.196363636363635,26.7169696969697,True,True,True
2235,0.6649063546650317,39.39757575757576,27.46,True,True,True
2236,0.6619408812251879,39.42787878787879,27.44060606060606,True,True,True
2237,0.6619515690107206,39.34060606060606,27.458787878787877,True,True,True
2238,0.6630068771738813,40.14484848484849,26.616969696969697,True,True,True
2239,0.6627219593265575,41.16909090909091,25.575757575757574,True,True,True
2240,0.6866425853854159,42.483030303030304,24.312727272727273,True,False,True
2241,0.6828217822940464,42.39030303030303,24.38,True,False,True
2242,0.6886135011446936,42.48969696969697,24.272121212121213,True,False,True
2243,0.6877553308497257,42.99030303030303,23.817575757575757,True,False,True
2244,0.6890875047352113,43.38848484848485,23.443636363636365,True,False,True
2245,0.6875890111620717,43.81575757575757,23.055151515151515,True,False,True
2246,0.6848457724417604,44.04787878787879,22.85212121212121,True,False,True
2247,0.6860595650890805,44.20424242424242,22.721212121212123,True,False,True
2248,0.6857833639212987,44.301212121212124,22.631515151515153,True,False,True
2249,0.687484046841188,44.49393939393939,22.45939393939394,True,False,True
2250,0.6704865149887513,44.152727272727276,22.853939393939395,True,True,True
2251,0.6721504274411463,44.157575757575756,22.846666666666668,True,True,True
2252,0.6749026830819106,44.192121212121215,22.80848484848485,True,True,True
2253,0.678869022353909,44.14121212121212,22.856969696969696,True,True,True
2254,0.6839364001007925,44.12909090909091,22.86060606060606,True,False,True
2255,0.6854488933372997,44.122424242424245,22.853939393939395,True,False,True
2256,0.6866713358374981,44.06545454545454,22.9,True,False,True
2257,0.6867687720340817,44.21090909090909,22.765454545454546,True,False,True
2258,0.6843552557162593,44.050909090909094,22.918181818181818,True,False,True
2259,0.6842103582188471,44.07151515151515,22.89757575757576,True,False,True
2260,0.684734372900693,44.162424242424244,22.80787878787879,True,False,True
2261,0.685686804135789,43.95030303030303,22.986060606060605,True,False,True
2262,0.6843793436731099,43.8569696969697,23.092727272727274,True,False,True
2263,0.6843352156485406,43.97030303030303,22.986666666666668,True,False,True
2264,0.6854670515940028,43.85212121212121,23.09030303030303,True,False,True
2265,0.6850747020655915,43.835151515151516,23.104848484848485,True,False,True
2266,0.6853161916870572,43.85515151515151,23.08,True,False,True
2267,0.6853696311665751,43.50727272727273,23.39151515151515,True,False,True
2268,0.6860761983922484,43.46060606060606,23.412727272727274,True,False,True
2269,0.6858165184631614,43.5769696969697,23.30969696969697,False,False,False
2270,0.6877463821303558,43.62969696969697,23.271515151515153,False,False,False
2271,0.6876945680500445,43.63939393939394,23.263030303030302,False,False,False
2272,0.6886650583286968,43.60363636363636,23.286666666666665,False,False,False
2273,0.6861978698007837,43.626666666666665,23.26969696969697,False,False,False
2274,0.6883866716901071,43.269090909090906,23.58969696969697,False,False,False
2275,0.6883350869369468,43.269090909090906,23.596969696969698,False,False,False
2276,0.6895813475572934,43.32,23.53878787878788,False,False,False
2277,0.6894470969514279,43.31757575757576,23.544848484848483,False,False,False
2278,0.6864854359496526,43.51030303030303,23.401818181818182,False,False,False
2279,0.685805173411767,43.51090909090909,23.402424242424242,False,False,False
2280,0.6876136224130319,43.41818181818182,23.464848484848485,False,False,False
2281,0.6869759980724462,43.403030303030306,23.477575757575757,False,False,False
2282,0.6873750787005282,43.38363636363636,23.51030303030303,False,False,False
2283,0.6875887492735687,43.3969696969697,23.493333333333332,False,False,False
2284,0.6868632448935196,43.3830303030303,23.5,False,False,False
2285,0.6866574584789167,43.335757575757576,23.542424242424243,False,False,False
2286,0.687564001553695,43.35818181818182,23.524848484848484,False,False,False
2287,0.6876501850072069,43.223030303030306,23.64060606060606,False,False,False
2288,0.6882572856154099,43.192121212121215,23.66181818181818,False,False,False
2289,0.689176024599565,43.056969696969695,23.776363636363637,False,False,False
2290,0.6863584837520077,43.06727272727273,23.78181818181818,False,False,False
2291,0.6850659927493807,42.95030303030303,23.883030303030303,False,False,False
2292,0.6862621402271504,42.64363636363636,24.156969696969696,False,False,False
2293,0.6889058746968252,42.47212121212121,24.303030303030305,False,False,False
2294,0.6891907016442708,42.38787878787879,24.39212121212121,False,False,False
2295,0.6897176424700521,42.30060606060606,24.46848484848485,False,False,False
2296,0.6899922222074686,42.17151515151515,24.575757575757574,False,False,False
2297,0.6900724895463344,42.07272727272727,24.66121212121212,False,False,False
2298,0.6896235760441318,42.12969696969697,24.618787878787877,False,False,False
2299,0.689685243086378,42.14727272727273,24.60242424242424,False,False,False
2300,0.6776282188187323,41.99333333333333,24.786666666666665,False,True,False
2301,0.6808151267114037,42.10545454545454,24.67939393939394,False,False,False
2302,0.6804897361221783,41.974545454545456,24.81030303030303,False,False,False
2303,0.6853547335184743,41.905454545454546,24.85030303030303,False,False,False
2304,0.6871982866017357,42.18727272727273,24.576969696969698,False,False,False
2305,0.6876976781121016,42.20484848484848,24.55090909090909,False,False,False
2306,0.6872911085482969,41.906060606060606,24.81939393939394,False,False,False
2307,0.6886349588056624,41.75515151515152,24.952121212121213,False,False,False
2308,0.6891382385296345,41.86484848484849,24.85939393939394,False,False,False
2309,0.6877396548676807,41.52424242424242,25.187878787878788,False,False,False
2310,0.6869764646548481,41.4,25.295151515151517,False,False,False
2311,0.6881017451680198,41.263636363636365,25.42060606060606,False,False,False
2312,0.6881872234227684,41.08181818181818,25.59030303030303,False,False,False
2313,0.6869462015960808,41.03090909090909,25.644848484848485,False,False,False
2314,0.6868563613101595,40.99272727272727,25.684242424242424,False,False,False
2315,0.6867910218648476,40.980606060606064,25.696363636363635,False,False,False
2316,0.6881203704014706,41.082424242424246,25.592121212121214,False,False,False
2317,0.6881443595090614,41.06909090909091,25.6030303030303,False,False,False
2318,0.6888271598812635,41.02909090909091,25.630909090909093,False,False,False
2319,0.6885663732594532,40.92363636363636,25.735151515151514,False,False,False
2320,0.689961709735793,40.89939393939394,25.76181818181818,False,False,False
2321,0.6907147874277444,40.86363636363637,25.792727272727273,False,False,False
2322,0.6881241130207848,40.513333333333335,26.132121212121213,False,False,False
2323,0.6873711057845525,40.14181818181818,26.48909090909091,False,False,False
2324,0.6860070866565582,40.17818181818182,26.46969696969697,False,False,False
2325,0.6833498277849004,40.03939393939394,26.62787878787879,False,False,False
2326,0.6857262711773758,40.18787878787879,26.491515151515152,False,False,False
2327,0.6841469411408163,40.43151515151515,26.27939393939394,False,False,False
2328,0.6808512989619507,40.24545454545454,26.458181818181817,False,False,False
2329,0.6818663722979221,40.347272727272724,26.363636363636363,False,False,False
2330,0.6816233477743996,40.3630303030303,26.364848484848483,False,False,False
2331,0.682786322205276,40.414545454545454,26.31939393939394,False,False,False
2332,0.6807244655661979,40.373333333333335,26.35818181818182,False,False,False
2333,0.6798042306904125,40.587272727272726,26.156363636363636,False,True,False
2334,0.6841679513639984,40.99090909090909,25.757575757575758,False,False,False
2335,0.6824929722129403,41.67636363636364,25.074545454545454,False,False,False
2336,0.6853849891801987,42.54484848484849,24.263030303030302,False,False,False
2337,0.683821187219475,42.89939393939394,23.932727272727274,False,False,False
2338,0.6866980423359949,42.941818181818185,23.881818181818183,False,False,False
2339,0.6870764368029832,43.166060606060604,23.675757575757576,False,False,False
2340,0.6846993160698233,43.07090909090909,23.78181818181818,False,False,False
2341,0.6850032990378885,43.12969696969697,23.726666666666667,False,False,False
2342,0.6851797683619992,43.374545454545455,23.51818181818182,False,False,False
2343,0.6851462636424234,43.43454545454546,23.432727272727274,False,False,False
2344,0.6858848020686394,43.39939393939394,23.486060606060605,False,False,False
2345,0.6859294272095923,43.60181818181818,23.30909090909091,False,False,False
2346,0.6858156966356234,43.64787878787879,23.255757575757574,False,False,False
2347,0.6854160099439778,43.67030303030303,23.234545454545454,False,False,False
2348,0.6852731587803622,43.70727272727273,23.204848484848483,False,False,False
2349,0.684906479806164,43.71393939393939,23.204242424242423,False,False,False
2350,0.6816361345958097,43.487878787878785,23.39757575757576,False,False,False
2351,0.6836289958860209,43.55939393939394,23.333333333333332,False,False,False
2352,0.6833213119489371,43.48,23.407878787878786,False,False,False
2353,0.6848492333350459,43.51030303030303,23.383636363636363,False,False,False
2354,0.6844112587265033,43.38969696969697,23.483636363636364,False,False,False
2355,0.6845504970375036,43.50606060606061,23.383030303030303,False,False,False
2356,0.6836333294759458,43.27878787878788,23.572727272727274,False,False,False
2357,0.6855763836252398,43.28666666666667,23.562424242424242,False,False,False
2358,0.6855580627682886,43.45636363636363,23.421818181818182,False,False,False
2359,0.6864762327518006,43.39212121212121,23.46909090909091,False,False,False
2360,0.6858655240935959,43.3169696969697,23.555151515151515,False,False,False
2361,0.6860613886590575,43.24363636363636,23.624848484848485,False,False,False
2362,0.6873310178905415,43.14,23.71757575757576,False,False,False
2363,0.6868867737003579,43.14060606060606,23.7169696969697,False,False,False
2364,0.6865764057034033,43.22242424242424,23.644848484848485,False,False,False
2365,0.6881755350990671,43.012121212121215,23.81878787878788,False,False,False
2366,0.6872331060891049,42.95939393939394,23.87030303030303,False,False,False
2367,0.6875091235204348,42.78,24.035151515151515,False,False,False
2368,0.6877871034598537,42.78424242424242,24.033333333333335,False,False,False
2369,0.6886664532346377,42.70242424242424,24.10060606060606,False,False,False
2370,0.6884097185174883,42.801212121212124,24.015151515151516,False,False,False
2371,0.6885343923719155,42.85151515151515,23.96727272727273,False,False,False
2372,0.6890018855384886,42.837575757575756,23.96787878787879,False,False,False
2373,0.6879695369749093,42.845454545454544,23.96,False,False,False
2374,0.6877797661910412,42.85151515151515,23.96242424242424,False,False,False
2375,0.6881259409600817,42.88060606060606,23.934545454545454,False,False,False
2376,0.6881584140894945,42.85515151515151,23.953939393939393,False,False,False
2377,0.6876112796533392,42.85030303030303,23.951515151515153,False,False,False
2378,0.6877269323881245,42.90848484848485,23.913939393939394,False,False,False
2379,0.6881553906477775,42.986060606060605,23.83878787878788,False,False,False
2380,0.6879190072515561,42.984242424242424,23.83939393939394,False,False,False
2381,0.6876873647646815,43.09939393939394,23.735151515151514,False,False,False
2382,0.6872017081033218,43.11878787878788,23.71818181818182,False,False,False
2383,0.6872572541940372,43.092121212121214,23.742424242424242,False,False,False
2384,0.6873756722698295,43.127878787878785,23.707878787878787,False,False,False
2385,0.6871415893167548,43.12969696969697,23.708484848484847,False,False,False
2386,0.687113707380801,43.11272727272727,23.723030303030303,False,False,False
2387,0.6868520876563706,43.13575757575757,23.703636363636363,False,False,False
2388,0.6871270827050796,43.11757575757576,23.71818181818182,False,False,False
2389,0.6870771044195895,43.124242424242425,23.71151515151515,False,False,False
2390,0.6867019047967605,43.198181818181816,23.64242424242424,False,False,False
2391,0.6868924681635887,43.21757575757576,23.6230303030303,False,False,False
2392,0.6870767411612165,43.25212121212121,23.593333333333334,False,False,False
2393,0.6875234937833296,43.301212121212124,23.553939393939395,False,False,False
2394,0.6878863037532743,43.335151515151516,23.50060606060606,False,False,False
2395,0.6860095269023824,43.32727272727273,23.509696969696968,False,False,False
2396,0.6868838190030061,43.306666666666665,23.53757575757576,False,False,False
2397,0.6874610121857031,43.32545454545455,23.513939393939395,False,False,False
2398,0.6882340762262693,43.474545454545456,23.37939393939394,False,False,False
2399,0.6857792886750844,43.415151515151514,23.446060606060605,False,False,False
2400,0.6732137629668352,43.60484848484848,23.318181818181817,False,True,False
2401,0.6765393566484417,43.63090909090909,23.28969696969697,False,True,False
2402,0.6762560584144214,43.724242424242426,23.2169696969697,False,True,False
2403,0.6824862824838266,43.79878787878788,23.11090909090909,False,False,False
2404,0.6819503066430015,43.944848484848485,22.993939393939392,False,False,False
2405,0.6822377231951864,44.02060606060606,22.913333333333334,False,False,False
2406,0.6827785014833253,43.93515151515152,22.986666666666668,False,False,False
2407,0.6846794286725985,44.013939393939395,22.91151515151515,False,False,False
2408,0.6844172549215672,43.96545454545455,22.98060606060606,False,False,False
2409,0.6839522745526486,43.93939393939394,23.009090909090908,False,False,False
2410,0.6841968817532318,43.99151515151515,22.965454545454545,False,False,False
2411,0.6830689375049509,43.910909090909094,23.035151515151515,False,False,False
2412,0.68552571496703,43.79333333333334,23.118787878787877,False,False,False
2413,0.6877438955924345,43.735757575757575,23.166666666666668,False,False,False
2414,0.6861785286813266,43.63575757575757,23.24969696969697,False,False,False
2415,0.6864625227384454,43.44,23.424848484848486,False,False,False
2416,0.6864571225391219,43.32606060606061,23.524242424242424,False,False,False
2417,0.6864441842180002,43.04242424242424,23.783636363636365,False,False,False
2418,0.6876557452330767,42.981818181818184,23.834545454545456,False,False,False
2419,0.6881570596994905,42.78363636363636,24.01212121212121,False,False,False
2420,0.6873383062670587,42.75636363636364,24.04909090909091,False,False,False
2421,0.6898471801604182,42.667878787878784,24.12181818181818,False,False,False
2422,0.6880251649796131,42.50121212121212,24.28121212121212,False,False,False
2423,0.6899537243216721,42.263636363636365,24.494545454545456,False,False,False
2424,0.6890635438809112,42.25818181818182,24.493939393939392,False,False,False
2425,0.6897150781946346,42.28181818181818,24.471515151515153,False,False,False
2426,0.6895904931154216,42.29515151515152,24.456969696969697,False,False,False
2427,0.688857993591859,42.00848484848485,24.71939393939394,False,False,False
2428,0.6891736004997402,42.10969696969697,24.631515151515153,False,False,False
2429,0.6890922551586351,42.1430303030303,24.598181818181818,False,False,False
2430,0.6884865132653291,42.13212121212121,24.598181818181818,False,False,False
2431,0.6878850663021343,42.18121212121212,24.578181818181818,False,False,False
2432,0.6895304063748056,42.36545454545455,24.423030303030302,False,False,False
2433,0.6897690287283458,42.57575757575758,24.235757575757575,False,False,False
2434,0.6906425751905192,42.70484848484848,24.130909090909093,False,False,False
2435,0.6908126249014541,42.78787878787879,24.05272727272727,False,False,False
2436,0.6895458368027924,42.89939393939394,23.933939393939394,False,False,False
2437,0.6890226380609891,43.1369696969697,23.73878787878788,False,False,False
2438,0.6893194772159099,43.332727272727276,23.546666666666667,False,False,False
2439,0.6899149832926337,43.37090909090909,23.514545454545456,False,False,False
2440,0.6881554365730914,43.54666666666667,23.327878787878788,False,False,False
2441,0.6889414053646761,43.47030303030303,23.39090909090909,False,False,False
2442,0.6879619955452985,43.38969696969697,23.492121212121212,False,False,False
2443,0.6892271842909897,43.18060606060606,23.653939393939392,False,False,False
2444,0.688963647365711,43.14060606060606,23.707272727272727,False,False,False
2445,0.6895365635052316,42.75818181818182,24.063030303030303,False,False,False
2446,0.6897924665482279,42.46424242424242,24.31939393939394,False,False,False
2447,0.6894697982427764,42.42181818181818,24.369090909090907,False,False,False
2448,0.693840762832064,42.35454545454545,24.407272727272726,False,False,False
2449,0.6936176891532404,42.089090909090906,24.663030303030304,False,False,False
2450,0.6797281214570824,41.526060606060604,25.20909090909091,False,True,False
2451,0.6826211523280435,41.58060606060606,25.153333333333332,False,False,False
2452,0.686390611304475,41.45393939393939,25.265454545454546,False,False,False
2453,0.6873726365286197,41.513333333333335,25.201212121212123,False,False,False
2454,0.6879191844026188,41.79818181818182,24.913939393939394,False,False,False
2455,0.688807987605499,41.82121212121212,24.894545454545455,False,False,False
2456,0.6909012023332701,41.85151515151515,24.867878787878787,False,False,False
2457,0.6908569844038165,41.947878787878786,24.78727272727273,False,False,False
2458,0.689504487616083,41.903030303030306,24.83939393939394,False,False,False
2459,0.6904264492367166,41.99818181818182,24.755151515151514,False,False,False
2460,0.6905014899188161,41.88424242424242,24.86060606060606,False,False,False
2461,0.6911644950483343,41.95212121212121,24.797575757575757,False,False,False
2462,0.6903182519961303,41.941818181818185,24.78969696969697,False,False,False
2463,0.6904360069898349,41.95515151515151,24.78242424242424,False,False,False
2464,0.6913466367701745,41.981818181818184,24.754545454545454,False,False,False
2465,0.6913743122348162,42.10606060606061,24.643636363636364,False,False,False
2466,0.6909691298979246,42.025454545454544,24.72060606060606,False,False,False
2467,0.6906979093436271,42.03090909090909,24.715151515151515,False,False,False
2468,0.6917946210905415,42.02121212121212,24.724848484848486,False,False,False
2469,0.6916197076817188,41.95575757575757,24.775757575757577,False,False,False
2470,0.6910068721329942,42.0230303030303,24.71939393939394,False,False,False
2471,0.6910461762245347,42.03030303030303,24.71212121212121,False,False,False
2472,0.691099276274769,42.017575757575756,24.723636363636363,False,False,False
2473,0.6914007542142467,42.09030303030303,24.658181818181816,False,False,False
2474,0.6916459291440182,42.07575757575758,24.666666666666668,False,False,False
2475,0.6915321333461358,41.99212121212121,24.735757575757575,False,False,False
2476,0.6917980112977805,41.98909090909091,24.736363636363638,False,False,False
2477,0.6919108032050592,41.981818181818184,24.741212121212122,False,False,False
2478,0.6916838747992669,42.126060606060605,24.60909090909091,False,False,False
2479,0.6923290390440935,42.07393939393939,24.66,False,False,False
2480,0.6918068875370006,42.18787878787879,24.554545454545455,False,False,False
2481,0.6915377375564795,42.16,24.58,False,False,False
2482,0.6913944802495554,42.01090909090909,24.71818181818182,False,False,False
2483,0.6912693410285111,42.050909090909094,24.69272727272727,False,False,False
2484,0.6920471007114545,42.1169696969697,24.624242424242425,False,False,False
2485,0.692353761448444,42.14181818181818,24.598181818181818,False,False,False
2486,0.6916104560221932,42.07939393939394,24.658181818181816,False,False,False
2487,0.6905006150232399,42.18909090909091,24.553333333333335,False,False,False
2488,0.6906477305588083,42.403030303030306,24.364848484848483,False,False,False
2489,0.6900718651288487,42.46484848484849,24.31030303030303,False,False,False
2490,0.6888336445028506,42.405454545454546,24.367272727272727,False,False,False
2491,0.6889214999826679,42.45939393939394,24.31939393939394,False,False,False
2492,0.6899802017939064,42.621818181818185,24.163030303030304,False,False,False
2493,0.689503782742858,42.68666666666667,24.098181818181818,False,False,False
2494,0.6900255201239338,42.67757575757576,24.113333333333333,False,False,False
2495,0.6903120814805067,42.82484848484849,23.98060606060606,False,False,False
2496,0.6902362199633247,42.77030303030303,24.027878787878787,False,False,False
2497,0.6890028087620417,42.81393939393939,23.98909090909091,False,False,False
2498,0.6875185907028192,42.72242424242424,24.07212121212121,False,False,False
2499,0.6884353870237491,42.839393939393936,23.96,False,False,False
2500,0.6791225694678331,42.88787878787879,23.975757575757576,False,True,False
2501,0.681664275760483,42.904242424242426,23.955757575757577,False,False,False
2502,0.6821249554811275,42.983030303030304,23.868484848484847,False,False,False
2503,0.6868233230167959,43.154545454545456,23.69212121212121,False,False,False
2504,0.6877858501727833,42.972727272727276,23.85212121212121,False,False,False
2505,0.688824589383555,43.13454545454545,23.701212121212123,False,False,False
2506,0.6886713684562619,43.14787878787879,23.693939393939395,False,False,False
2507,0.6900571897667421,43.46242424242424,23.415757575757574,False,False,False
2508,0.6868925000702348,43.54484848484849,23.335757575757576,False,False,False
2509,0.6869788885218583,43.583030303030306,23.30242424242424,False,False,False
2510,0.6876408192870367,43.77818181818182,23.14848484848485,False,False,False
2511,0.6866733134965308,43.87030303030303,23.063636363636363,False,False,False
2512,0.6857921627879544,43.89454545454546,23.04060606060606,False,False,False
2513,0.6867684551958543,43.93090909090909,22.99818181818182,False,False,False
2514,0.686251549766103,44.160606060606064,22.823030303030304,False,False,False
2515,0.687374796282555,44.165454545454544,22.813333333333333,False,False,False
2516,0.6878868683361163,44.19030303030303,22.766666666666666,False,False,False
2517,0.6894961273062934,44.15212121212121,22.795151515151517,False,False,False
2518,0.6895653553449008,44.22060606060606,22.733939393939394,False,False,False
2519,0.6898118467123868,44.2430303030303,22.706666666666667,False,False,False
2520,0.6877117325448803,44.223636363636366,22.727272727272727,False,False,False
2521,0.6873776751940242,44.31515151515151,22.63939393939394,False,False,False
2522,0.6881900864902398,44.261818181818185,22.702424242424243,False,False,False
2523,0.6881511648404566,44.28060606060606,22.684848484848484,False,False,False
2524,0.6885274961899454,44.23878787878788,22.71939393939394,False,False,False
2525,0.6893607813332635,44.23030303030303,22.727878787878787,False,False,False
2526,0.6896015776441414,44.341818181818184,22.62727272727273,False,False,False
2527,0.6894411530253269,44.32,22.644242424242425,False,False,False
2528,0.6870068764653797,44.448484848484846,22.555757575757575,False,False,False
2529,0.6869124134296671,44.36909090909091,22.616969696969697,False,False,False
2530,0.6890323193311397,44.487272727272725,22.509696969696968,False,False,False
2531,0.6890474061001114,44.526060606060604,22.472121212121213,False,False,False
2532,0.688956416202998,44.697575757575756,22.333333333333332,False,False,False
2533,0.6886923346381243,44.72787878787879,22.30666666666667,False,False,False
2534,0.6870634932376875,44.8,22.244242424242426,False,False,False
2535,0.6870619925155061,44.875757575757575,22.173333333333332,False,False,False
2536,0.688221361760056,44.87030303030303,22.15939393939394,False,False,False
2537,0.6871134981907776,45.054545454545455,21.993333333333332,False,True,False
2538,0.6880994503090738,45.47636363636364,21.62121212121212,False,True,False
2539,0.6875485972342702,45.57939393939394,21.543636363636363,False,True,False
2540,0.6841296035890133,46.18121212121212,21.00121212121212,False,True,False
2541,0.6854181166088078,46.552727272727275,20.656363636363636,False,True,False
2542,0.6862764081887052,46.836363636363636,20.46848484848485,False,True,False
2543,0.6868110153808287,47.10242424242424,20.23030303030303,False,True,False
2544,0.6818402155613209,47.06121212121212,20.296969696969697,False,True,False
2545,0.6829126204141818,47.52060606060606,19.951515151515153,False,True,False
2546,0.6840664860201712,47.57515151515152,19.883636363636363,False,True,False
2547,0.6832777000803198,47.68181818181818,19.80727272727273,False,True,False
2548,0.6832479995015892,47.47151515151515,19.977575757575757,False,True,False
2549,0.6803263301276996,47.475151515151516,19.99818181818182,False,True,False
2550,0.6789834609019423,47.31454545454545,20.118787878787877,False,True,False
2551,0.6796946922511172,47.481818181818184,19.975757575757576,False,True,False
2552,0.6816984904652225,47.32969696969697,20.096363636363638,True,True,True
2553,0.68336861129202,47.09818181818182,20.272121212121213,True,True,True
2554,0.6860620850234693,47.07454545454546,20.32121212121212,True,True,True
2555,0.6822144680948476,46.95454545454545,20.44,True,True,True
2556,0.6821877397103037,47.06545454545454,20.335151515151516,True,True,True
2557,0.6805363917908278,47.0230303030303,20.384848484848487,True,True,True
2558,0.6826319695940432,47.024848484848484,20.387878787878787,True,True,True
2559,0.6829286890707303,46.984242424242424,20.403030303030302,True,True,True
2560,0.6851416809481637,46.9769696969697,20.393333333333334,True,True,True
2561,0.6849616829166327,46.92606060606061,20.417575757575758,True,True,True
2562,0.6821435598895377,46.834545454545456,20.547878787878787,True,True,True
2563,0.6836715073256566,46.807878787878785,20.55030303030303,True,True,True
2564,0.6827373322654164,46.77878787878788,20.580606060606062,True,True,True
2565,0.6818070072563974,46.735757575757575,20.615151515151513,True,True,True
2566,0.6814476051716005,46.82363636363636,20.533333333333335,True,True,True
2567,0.6817715497096581,46.88242424242424,20.484242424242424,True,True,True
2568,0.6809994933976666,47.00545454545455,20.4,True,True,True
2569,0.682880359530694,47.192121212121215,20.21939393939394,True,True,True
2570,0.6832759219788007,47.332727272727276,20.0569696969697,True,True,True
2571,0.6832509642969984,47.37090909090909,20.024848484848484,True,True,True
2572,0.683159415656817,47.374545454545455,20.01878787878788,True,True,True
2573,0.6832782507223127,47.341818181818184,20.04060606060606,True,True,True
2574,0.6847772845146162,47.304242424242425,20.081818181818182,True,True,True
2575,0.6833572977497576,47.42060606060606,20.00181818181818,True,True,True
2576,0.6842583166439156,47.36848484848485,20.02,True,True,True
2577,0.6849783937635351,47.29151515151515,20.078787878787878,True,True,True
2578,0.6847640462755016,47.30909090909091,20.07939393939394,True,True,True
2579,0.6851283741659793,47.36909090909091,20.021818181818183,True,True,True
2580,0.6836768636496523,47.35575757575758,20.048484848484847,True,True,True
2581,0.6836761864566683,47.39333333333333,20.002424242424244,True,True,True
2582,0.6840088076903564,47.53515151515151,19.916363636363638,True,True,True
2583,0.6835792631391318,47.64,19.81878787878788,True,True,True
2584,0.6843084585647851,47.588484848484846,19.854545454545455,True,True,True
2585,0.6846142417725335,47.52848484848485,19.895151515151515,True,True,True
2586,0.6825117352364707,47.46242424242424,19.964848484848485,True,True,True
2587,0.6835167553207855,47.50666666666667,19.938787878787878,True,True,True
2588,0.6818264656225445,47.46606060606061,19.974545454545453,True,True,True
2589,0.6817237837684735,47.448484848484846,19.992121212121212,True,True,True
2590,0.6829605749822723,47.52969696969697,19.913333333333334,True,True,True
2591,0.6829120717935395,47.49333333333333,19.943636363636365,True,True,True
2592,0.6826113077563045,47.42242424242424,20.009696969696968,True,True,True
2593,0.6830478898682013,47.31575757575757,20.099393939393938,True,True,True
2594,0.6837623960358178,47.236363636363635,20.14121212121212,True,True,True
2595,0.6844345308807283,47.14848484848485,20.21212121212121,True,True,True
2596,0.6854689022710048,47.223636363636366,20.14181818181818,True,True,True
2597,0.6857899261684103,47.22545454545455,20.124242424242425,True,True,True
2598,0.6836777878860986,47.23939393939394,20.14909090909091,True,True,True
2599,0.6837041900056012,47.29939393939394,20.104848484848485,True,True,True
2600,0.6722019484174618,47.10909090909091,20.30727272727273,True,True,True
2601,0.6748987597259604,47.08121212121212,20.30969696969697,True,True,True
2602,0.6766502607543703,47.18909090909091,20.223636363636363,True,True,True
2603,0.675274860680994,47.04969696969697,20.337575757575756,True,True,True
2604,0.6759294819979261,46.82060606060606,20.527878787878787,True,True,True
2605,0.6793047231733252,46.81878787878788,20.50060606060606,True,True,True
2606,0.6760760687891363,46.74121212121212,20.615757575757577,True,True,True
2607,0.6800405288681209,46.60545454545454,20.73212121212121,True,True,True
2608,0.6796236931339418,46.72909090909091,20.616969696969697,True,True,True
2609,0.679386890843962,46.77939393939394,20.576363636363638,True,True,True
2610,0.6801865666816637,46.60848484848485,20.714545454545455,True,True,True
2611,0.6803218574592845,46.68121212121212,20.65030303030303,True,True,True
2612,0.6817762745379685,46.79939393939394,20.555151515151515,True,True,True
2613,0.6815735054002472,46.79818181818182,20.543030303030303,True,True,True
2614,0.6828489255528831,46.79757575757576,20.544848484848483,True,True,True
2615,0.6813300123963677,46.875151515151515,20.486666666666668,True,True,True
2616,0.6819274243634609,46.96545454545455,20.39151515151515,True,True,True
2617,0.6824548669065797,46.99030303030303,20.384848484848487,True,True,True
2618,0.6832420232908877,47.02848484848485,20.35272727272727,True,True,True
2619,0.684430666144224,47.056363636363635,20.315151515151516,True,True,True
2620,0.6828662859740253,47.17212121212121,20.224848484848486,True,True,True
2621,0.6815820753998229,46.97757575757576,20.4,True,True,True
2622,0.6826715377756554,47.013939393939395,20.363636363636363,True,True,True
2623,0.6839486409297045,47.00848484848485,20.35090909090909,True,True,True
2624,0.682074790996542,46.943636363636365,20.424242424242426,True,True,True
2625,0.6821040272823993,46.91878787878788,20.446666666666665,True,True,True
2626,0.682799799123298,46.904848484848486,20.44969696969697,True,True,True
2627,0.682206115329465,46.874545454545455,20.47878787878788,True,True,True
2628,0.6837540630482376,46.766060606060606,20.566666666666666,True,True,True
2629,0.6835030739634225,46.74484848484848,20.584242424242426,True,True,True
2630,0.6840246192868796,46.78666666666667,20.546060606060607,True,True,True
2631,0.6845241140059504,46.89818181818182,20.45030303030303,True,True,True
2632,0.684127857200094,46.77393939393939,20.576969696969698,True,True,True
2633,0.6844154719305146,46.72909090909091,20.606060606060606,True,True,True
2634,0.6844121640230835,46.733939393939394,20.60242424242424,True,True,True
2635,0.6842353830974248,46.74060606060606,20.595757575757577,True,True,True
2636,0.6833257642162963,46.64242424242424,20.670909090909092,True,True,True
2637,0.6834752288098449,46.596969696969694,20.704242424242423,True,True,True
2638,0.6833701832231134,46.377575757575755,20.89939393939394,True,True,True
2639,0.6826633420780758,46.35939393939394,20.91030303030303,True,True,True
2640,0.6831229209915798,46.31212121212121,20.916363636363638,True,True,True
2641,0.6821912488511509,45.96909090909091,21.204848484848483,True,True,True
2642,0.683462308283571,46.095757575757574,21.103636363636365,True,True,True
2643,0.6801292567633117,45.724242424242426,21.46787878787879,True,True,True
2644,0.6833144297485587,45.68363636363637,21.46969696969697,True,True,True
2645,0.6811248148601852,45.412727272727274,21.713939393939395,True,True,True
2646,0.6834977724132805,45.17636363636364,21.89212121212121,True,True,True
2647,0.6834278669370267,44.910303030303034,22.12787878787879,True,False,True
2648,0.6834722447094522,44.972727272727276,22.060606060606062,True,False,True
2649,0.6837876702113176,44.86242424242424,22.163636363636364,True,False,True
2650,0.6698061668229935,44.696363636363635,22.384242424242423,True,True,True
2651,0.6731067035047662,44.655151515151516,22.401212121212122,True,True,True
2652,0.6797242224281413,44.5,22.52969696969697,True,True,True
2653,0.6843612454267518,44.30909090909091,22.67818181818182,True,False,True
2654,0.6806719716256133,44.6430303030303,22.44,True,False,True
2655,0.6833668231739389,44.57393939393939,22.473939393939393,True,False,True
2656,0.6847489641670036,44.4339393939394,22.578787878787878,True,False,True
2657,0.6852823114076508,44.31939393939394,22.656969696969696,True,False,True
2658,0.6839346410761091,44.404848484848486,22.598181818181818,True,False,True
2659,0.6880594393474222,44.17757575757576,22.764848484848486,True,False,True
2660,0.687577447397595,44.158181818181816,22.78909090909091,True,False,True
2661,0.6873691261064686,44.14727272727273,22.795151515151517,True,False,True
2662,0.6861399316614135,43.99151515151515,22.954545454545453,True,False,True
2663,0.686854248095821,43.806666666666665,23.12,True,False,True
2664,0.6856317398314844,43.81212121212121,23.11939393939394,True,False,True
2665,0.6869227788230547,43.75818181818182,23.163636363636364,True,False,True
2666,0.6870439298756648,43.666060606060604,23.241212121212122,True,False,True
2667,0.6870744168274412,43.585454545454546,23.316969696969696,True,False,True
2668,0.6854760618010866,43.50484848484849,23.381818181818183,False,False,False
2669,0.6865462481173249,43.36121212121212,23.507272727272728,False,False,False
2670,0.6880975840951739,43.36606060606061,23.502424242424244,False,False,False
2671,0.690383659924316,43.32666666666667,23.522424242424243,False,False,False
2672,0.6873615415130233,43.25454545454546,23.594545454545454,False,False,False
2673,0.6885378054571646,43.22242424242424,23.614545454545453,False,False,False
2674,0.6879938291395681,43.156969696969696,23.688484848484848,False,False,False
2675,0.6868065285685786,43.10909090909091,23.723030303030303,False,False,False
2676,0.6882034985819021,43.07272727272727,23.75090909090909,False,False,False
2677,0.6893626529857663,43.07212121212121,23.75151515151515,False,False,False
2678,0.6900480232407707,43.163030303030304,23.653333333333332,False,False,False
2679,0.6912983131506756,43.1030303030303,23.702424242424243,False,False,False
2680,0.6882296678233101,43.192121212121215,23.631515151515153,False,False,False
2681,0.6880499650553047,43.17939393939394,23.633333333333333,False,False,False
2682,0.6887921031198303,43.10909090909091,23.71939393939394,False,False,False
2683,0.6882210877612963,43.14181818181818,23.689090909090908,False,False,False
2684,0.6891541312675533,43.161212121212124,23.668484848484848,False,False,False
2685,0.6891987792007669,43.24727272727273,23.583636363636362,False,False,False
2686,0.6886205237647453,43.45090909090909,23.39212121212121,False,False,False
2687,0.6889750582306027,43.514545454545456,23.335757575757576,False,False,False
2688,0.687986869334717,43.60909090909091,23.26181818181818,False,False,False
2689,0.6876302946850557,44.017575757575756,22.876363636363635,False,False,False
2690,0.6890296363282441,43.89151515151515,23.009696969696968,False,False,False
2691,0.6897282031631515,44.087878787878786,22.830303030303032,False,False,False
2692,0.6896953086544632,44.267878787878786,22.673333333333332,False,False,False
2693,0.6883998158327459,44.38181818181818,22.573939393939394,False,False,False
2694,0.6857541355251359,44.514545454545456,22.454545454545453,False,False,False
2695,0.6852279611699791,44.75939393939394,22.254545454545454,False,False,False
2696,0.686379646004906,44.63515151515151,22.343636363636364,False,False,False
2697,0.6875773099654273,44.802424242424244,22.204242424242423,False,False,False
2698,0.6848488784135349,44.72060606060606,22.28848484848485,False,False,False
2699,0.6848931574633926,44.91818181818182,22.12,False,False,False
2700,0.6742449526599023,44.71333333333333,22.335757575757576,False,True,False
2701,0.6754978460120523,45.00484848484849,22.084242424242426,False,True,False
2702,0.6768522845490991,45.02969696969697,22.03151515151515,False,True,False
2703,0.6801434120343012,45.20121212121212,21.85878787878788,False,True,False
2704,0.6824679459403039,45.20727272727273,21.893939393939394,False,True,False
2705,0.6844245000685721,45.50424242424243,21.58,False,True,False
2706,0.6846873351275745,45.55939393939394,21.533333333333335,False,True,False
2707,0.6850731370083885,45.767272727272726,21.35939393939394,False,True,False
2708,0.6811989951882806,45.86787878787879,21.285454545454545,False,True,False
2709,0.6814377643071106,45.981818181818184,21.184848484848484,False,True,False
2710,0.681579823199659,46.0769696969697,21.10787878787879,False,True,False
2711,0.6826194388114423,46.26060606060606,20.92787878787879,False,True,False
2712,0.6830731098503787,46.416363636363634,20.829090909090908,False,True,False
2713,0.6832427689115239,46.46060606060606,20.79939393939394,False,True,False
2714,0.6835022153168183,46.56484848484848,20.701212121212123,False,True,False
2715,0.6842944675109828,46.82484848484849,20.463030303030305,True,True,True
2716,0.6835237659888216,46.583030303030306,20.67818181818182,True,True,True
2717,0.6855924954381751,46.769090909090906,20.48121212121212,True,True,True
2718,0.6842004091811804,46.81939393939394,20.478181818181817,True,True,True
2719,0.6840570816161908,46.82,20.472727272727273,True,True,True
2720,0.684235720865378,46.806666666666665,20.494545454545456,True,True,True
2721,0.6837258249997725,46.95090909090909,20.364848484848483,True,True,True
2722,0.6830017889753354,47.00909090909091,20.30181818181818,True,True,True
2723,0.6812523812930105,46.99333333333333,20.317575757575757,True,True,True
2724,0.683243624655623,47.167272727272724,20.206666666666667,True,True,True
2725,0.6833040615751484,47.2,20.17878787878788,True,True,True
2726,0.6832098646140925,47.17151515151515,20.201212121212123,True,True,True
2727,0.6829051463111077,47.2,20.173939393939396,True,True,True
2728,0.6812394901965727,47.125454545454545,20.236363636363638,True,True,True
2729,0.6819085314058841,47.43151515151515,19.972727272727273,True,True,True
2730,0.6818934543416718,47.406060606060606,19.984848484848484,True,True,True
2731,0.6828160904480722,47.45515151515151,19.94060606060606,True,True,True
2732,0.6820510311210106,47.404242424242426,19.996363636363636,True,True,True
2733,0.6820616891000557,47.39818181818182,20.002424242424244,True,True,True
2734,0.6825162429216377,47.515757575757576,19.903030303030302,True,True,True
2735,0.682567526226649,47.53878787878788,19.87757575757576,True,True,True
2736,0.6822833988584363,47.378787878787875,20.023030303030303,True,True,True
2737,0.6822922876729482,47.28424242424242,20.087272727272726,True,True,True
2738,0.6830889716075933,47.303030303030305,20.097575757575758,True,True,True
2739,0.682303631792364,47.28606060606061,20.1230303030303,True,True,True
2740,0.6829055319304119,47.36060606060606,20.013333333333332,True,True,True
2741,0.6821517361579095,47.336363636363636,20.053333333333335,True,True,True
2742,0.6827714712999208,47.24363636363636,20.116969696969697,True,True,True
2743,0.6813756291482523,47.24545454545454,20.116363636363637,True,True,True
2744,0.6828105712627113,47.223636363636366,20.123636363636365,True,True,True
2745,0.6815031202689313,47.14181818181818,20.20060606060606,True,True,True
2746,0.6822532199144925,47.11575757575758,20.22909090909091,True,True,True
2747,0.6827023307016045,47.29090909090909,20.056363636363635,True,True,True
2748,0.678567500788061,47.53272727272727,19.875151515151515,True,True,True
2749,0.6783122859986748,47.64727272727273,19.80181818181818,True,True,True
2750,0.6691807017552287,47.698787878787876,19.833939393939392,True,True,True
2751,0.6709827418818343,47.88181818181818,19.677575757575756,True,True,True
2752,0.6730001463602485,47.761818181818185,19.756363636363638,True,True,True
2753,0.67369970932616,48.050909090909094,19.496363636363636,True,True,True
2754,0.6761600097163329,48.235757575757575,19.32,True,True,True
2755,0.6753694821525621,48.4769696969697,19.155151515151516,True,True,True
2756,0.676779701312569,48.52909090909091,19.105454545454545,True,True,True
2757,0.6780197344745645,48.52242424242424,19.1,True,True,True
2758,0.6782211015423313,48.666060606060604,18.934545454545454,True,True,True
2759,0.6795776446579228,48.663030303030304,18.938787878787878,True,True,True
2760,0.6815345149057384,48.664848484848484,18.92,True,True,True
2761,0.6812869780096765,48.68121212121212,18.9,True,True,True
2762,0.6802005696602597,48.74242424242424,18.88,True,True,True
2763,0.6804430696497519,48.74363636363636,18.87878787878788,True,True,True
2764,0.6789470692925266,48.664848484848484,18.94060606060606,True,True,True
2765,0.6791214454105828,48.67090909090909,18.933333333333334,True,True,True
2766,0.6801442139247469,48.807878787878785,18.80121212121212,True,True,True
2767,0.6807421628671672,48.64424242424242,18.936969696969697,True,True,True
2768,0.6812537166985032,48.71151515151515,18.874545454545455,True,True,True
2769,0.6813376261921233,48.730909090909094,18.862424242424243,True,True,True
2770,0.6787571448105203,48.74848484848485,18.87272727272727,True,True,True
2771,0.6801990246170556,48.761818181818185,18.837575757575756,True,True,True
2772,0.6814275704984898,48.73878787878788,18.84969696969697,True,True,True
2773,0.6817194537970819,48.74424242424242,18.843030303030304,True,True,True
2774,0.6808704318931934,48.64666666666667,18.934545454545454,True,True,True
2775,0.681077461469106,48.64727272727273,18.932727272727274,True,True,True
2776,0.681220633831173,48.43515151515152,19.087878787878786,True,True,True
2777,0.678972322682196,48.03090909090909,19.40848484848485,True,True,True
2778,0.6811228446786997,48.11636363636364,19.324242424242424,True,True,True
2779,0.6800702735055836,47.75212121212121,19.635151515151517,True,True,True
2780,0.6822190115224449,47.692121212121215,19.69757575757576,True,True,True
2781,0.6827412245773486,47.24545454545454,20.07030303030303,True,True,True
2782,0.6838745897463699,47.06484848484848,20.21939393939394,True,True,True
2783,0.6837542596981042,46.60424242424242,20.60848484848485,True,True,True
2784,0.6831077971797082,46.39515151515152,20.79939393939394,True,True,True
2785,0.6828983963848628,46.343636363636364,20.85939393939394,True,True,True
2786,0.6823124001973014,46.21272727272727,21.024242424242424,True,True,True
2787,0.6835097285696675,46.04484848484849,21.158181818181816,True,True,True
2788,0.6831636511792616,46.02424242424242,21.17030303030303,True,True,True
2789,0.6844740039218422,45.54545454545455,21.564242424242423,True,True,True
2790,0.682925019084747,45.54303030303031,21.58,True,True,True
2791,0.6819763070054247,45.49575757575757,21.623636363636365,True,True,True
2792,0.6842573207771449,45.37030303030303,21.716363636363635,True,True,True
2793,0.6846869128987931,45.29878787878788,21.786666666666665,True,True,True
2794,0.6854182755025745,45.266060606060606,21.813333333333333,True,True,True
2795,0.6857686397069123,45.11818181818182,21.96121212121212,True,True,True
2796,0.6856982020109325,45.11575757575758,21.96,True,True,True
2797,0.6858735117477539,44.86787878787879,22.187272727272727,True,False,True
2798,0.6860565853821997,44.86666666666667,22.158181818181816,True,False,True
2799,0.6875369594878266,44.8630303030303,22.16181818181818,True,False,True
2800,0.6776581225350754,44.38484848484848,22.6230303030303,True,True,True
2801,0.6793333486750394,44.56,22.453939393939393,True,True,True
2802,0.6828494759553738,44.49333333333333,22.496363636363636,True,False,True
2803,0.6852123509352446,44.666060606060604,22.35878787878788,True,False,True
2804,0.6851057275645187,44.93272727272727,22.117575757575757,True,False,True
2805,0.6852718824399612,45.093333333333334,21.986060606060605,True,True,True
2806,0.6866006367895813,45.14848484848485,21.92969696969697,True,True,True
2807,0.6862576123344705,45.43636363636364,21.670909090909092,True,True,True
2808,0.6859604655691681,45.44969696969697,21.62,True,True,True
2809,0.6862573576235949,45.695151515151515,21.42909090909091,True,True,True
2810,0.6850532246054504,45.86909090909091,21.255151515151514,True,True,True
2811,0.6863371353128284,46.14424242424242,21.01151515151515,True,True,True
2812,0.6863108137941537,46.14363636363636,21.05090909090909,True,True,True
2813,0.6856877944381247,46.45454545454545,20.755757575757574,True,True,True
2814,0.6854858177494821,46.403030303030306,20.80121212121212,True,True,True
2815,0.6862014158086259,46.4769696969697,20.723636363636363,True,True,True
2816,0.6871365042013148,46.67090909090909,20.55030303030303,True,True,True
2817,0.6875070288008561,46.913333333333334,20.341818181818184,True,True,True
2818,0.6876952643838504,46.98848484848485,20.259393939393938,True,True,True
2819,0.6879035097685555,47.22666666666667,20.07212121212121,True,True,True
2820,0.6860678445228975,47.195757575757575,20.116363636363637,True,True,True
2821,0.685638814209949,47.32969696969697,19.993333333333332,True,True,True
2822,0.6867771272692729,47.43030303030303,19.902424242424242,True,True,True
2823,0.6867677799945482,47.554545454545455,19.806060606060605,True,True,True
2824,0.687655356146481,47.48909090909091,19.867878787878787,True,True,True
2825,0.6854304255207563,47.39515151515152,19.95939393939394,True,True,True
2826,0.6846999582447262,47.50606060606061,19.894545454545455,True,True,True
2827,0.6850585806510967,47.66969696969697,19.745454545454546,True,True,True
2828,0.6841593491799434,47.74484848484848,19.70060606060606,True,True,True
2829,0.6834166518280225,47.79818181818182,19.665454545454544,True,True,True
2830,0.6828833342690762,47.70969696969697,19.74909090909091,True,True,True
2831,0.6823230713203297,47.65090909090909,19.792121212121213,True,True,True
2832,0.6836552613722169,47.74666666666667,19.707272727272727,True,True,True
2833,0.6832363823231712,47.78848484848485,19.665454545454544,True,True,True
2834,0.6837156282074132,47.733939393939394,19.707878787878787,True,True,True
2835,0.6837796682158048,47.74,19.70060606060606,True,True,True
2836,0.683941469260825,47.656969696969696,19.771515151515153,True,True,True
2837,0.6830453885376633,47.75454545454546,19.688484848484848,True,True,True
2838,0.6811805920354255,48.198181818181816,19.36,True,True,True
2839,0.6796343634008464,48.224242424242426,19.342424242424244,True,True,True
2840,0.6847576118269271,48.18727272727273,19.363636363636363,True,True,True
2841,0.6834409131047776,48.154545454545456,19.424242424242426,True,True,True
2842,0.6846157336893145,48.304848484848485,19.255757575757574,True,True,True
2843,0.683980363295779,48.28484848484848,19.267272727272726,True,True,True
2844,0.684759996072708,48.35090909090909,19.226666666666667,True,True,True
2845,0.6845681068163233,48.305454545454545,19.258787878787878,True,True,True
2846,0.6849115683286099,48.307878787878785,19.255151515151514,True,True,True
2847,0.6851512855886615,48.32666666666667,19.225454545454546,True,True,True
2848,0.6849847082488184,48.344242424242424,19.22,True,True,True
2849,0.6845977736989984,48.32666666666667,19.236363636363638,True,True,True
2850,0.6756415476965122,48.42181818181818,19.17030303030303,True,True,True
2851,0.6754704198214677,48.47151515151515,19.144848484848485,True,True,True
2852,0.6787911870999038,48.46606060606061,19.12,True,True,True
2853,0.6810211989503423,48.445454545454545,19.12727272727273,True,True,True
2854,0.6799401662684406,48.42969696969697,19.174545454545456,True,True,True
2855,0.6818469160215223,48.43818181818182,19.135757575757577,True,True,True
2856,0.6781818814389261,48.6030303030303,19.01090909090909,True,True,True
2857,0.6787404411412299,48.622424242424245,18.993939393939392,True,True,True
2858,0.6812858410720015,48.412727272727274,19.163636363636364,True,True,True
2859,0.679731191264256,48.44060606060606,19.12848484848485,True,True,True
2860,0.6823978460153896,48.377575757575755,19.19151515151515,True,True,True
2861,0.682597373925516,48.35454545454545,19.2169696969697,True,True,True
2862,0.6831255160829784,48.53393939393939,19.029090909090908,True,True,True
2863,0.6833523327906904,48.54121212121212,19.03030303030303,True,True,True
2864,0.6826342185080023,48.51090909090909,19.060606060606062,True,True,True
2865,0.6821239648264528,48.54787878787879,19.03212121212121,True,True,True
2866,0.6839214678430302,48.264242424242425,19.28787878787879,True,True,True
2867,0.6842513189929451,48.31151515151515,19.253939393939394,True,True,True
2868,0.6835397947210416,48.34060606060606,19.23818181818182,True,True,True
2869,0.6821780051776416,48.29939393939394,19.27939393939394,True,True,True
2870,0.6840776505440368,48.46484848484849,19.123636363636365,True,True,True
2871,0.68397124097782,48.45333333333333,19.136363636363637,True,True,True
2872,0.6838821734409375,48.45030303030303,19.133333333333333,True,True,True
2873,0.6835441111668779,48.448484848484846,19.150909090909092,True,True,True
2874,0.6829228621953389,48.43030303030303,19.166666666666668,True,True,True
2875,0.6824170876325291,48.42121212121212,19.16,True,True,True
2876,0.6822789197863711,48.38969696969697,19.203636363636363,True,True,True
2877,0.6834859100280856,48.35515151515151,19.222424242424243,True,True,True
2878,0.6834855160531627,48.24242424242424,19.318181818181817,True,True,True
2879,0.6835984769782836,48.15030303030303,19.384848484848487,True,True,True
2880,0.6820754409708977,48.153939393939396,19.386060606060607,True,True,True
2881,0.6826270293651355,48.053939393939395,19.465454545454545,True,True,True
2882,0.6821516064217621,48.07272727272727,19.446666666666665,True,True,True
2883,0.6818848985177169,47.987878787878785,19.521818181818183,True,True,True
2884,0.6821859988740454,47.89636363636364,19.58909090909091,True,True,True
2885,0.6822500481821466,47.86787878787879,19.624848484848485,True,True,True
2886,0.6810842645996192,47.88787878787879,19.593939393939394,True,True,True
2887,0.6815403394817963,47.804242424242425,19.64969696969697,True,True,True
2888,0.681824657126275,47.698787878787876,19.73939393939394,True,True,True
2889,0.6823625739916207,47.71030303030303,19.72909090909091,True,True,True
2890,0.6821639576812615,47.88242424242424,19.60060606060606,True,True,True
2891,0.682824095088316,47.71333333333333,19.73818181818182,True,True,True
2892,0.6825730082948602,47.75818181818182,19.68121212121212,True,True,True
2893,0.6805180989083562,47.71575757575758,19.723636363636363,True,True,True
2894,0.6820289854273903,47.664848484848484,19.77939393939394,True,True,True
2895,0.6820978227906503,47.68424242424243,19.758787878787878,True,True,True
2896,0.682613276239346,47.69090909090909,19.754545454545454,True,True,True
2897,0.6837764278374493,47.68848484848485,19.742424242424242,True,True,True
2898,0.6821652179815675,47.723636363636366,19.71818181818182,True,True,True
2899,0.6820122024804285,47.68727272727273,19.746060606060606,True,True,True
2900,0.6713936109004149,47.54545454545455,19.952121212121213,True,True,True
2901,0.6717984621443819,47.582424242424246,19.907878787878786,True,True,True
2902,0.674918757169426,47.482424242424244,19.992121212121212,True,True,True
2903,0.6772629053520077,47.52424242424242,19.946666666666665,True,True,True
2904,0.6815142553916669,47.31575757575757,20.112727272727273,True,True,True
2905,0.6829738343316972,47.49818181818182,19.932727272727274,True,True,True
2906,0.6813063422244882,47.303636363636365,20.096969696969698,True,True,True
2907,0.6815007959696252,47.24969696969697,20.14,True,True,True
2908,0.6839412406666907,47.27939393939394,20.095757575757577,True,True,True
2909,0.6845112354954035,46.57030303030303,20.68,True,True,True
2910,0.6833742390662423,46.63818181818182,20.62909090909091,True,True,True
2911,0.6839029675699857,46.25515151515152,20.974545454545453,True,True,True
2912,0.6839933310382484,46.265454545454546,20.955757575757577,True,True,True
2913,0.6852420113163397,45.664848484848484,21.463030303030305,True,True,True
2914,0.6856429552425224,45.53090909090909,21.60181818181818,True,True,True
2915,0.6861245870387735,44.981212121212124,22.087272727272726,True,False,True
2916,0.6866142699066046,44.81636363636363,22.24969696969697,True,False,True
2917,0.687219894118959,44.4369696969697,22.585454545454546,True,False,True
2918,0.6876517970289062,44.39030303030303,22.606666666666666,True,False,True
2919,0.6881128966158107,44.09939393939394,22.86,True,False,True
2920,0.6861140701611869,44.34969696969697,22.694545454545455,True,False,True
2921,0.6876304825839907,44.054545454545455,22.93030303030303,True,False,True
2922,0.6863791749104688,44.14727272727273,22.856969696969696,True,False,True
2923,0.6867560621533207,43.95454545454545,23.026666666666667,True,False,True
2924,0.6859940861332389,43.89333333333333,23.11090909090909,True,False,True
2925,0.6855454181612535,43.60242424242424,23.363030303030303,True,False,True
2926,0.6852998233075075,43.75090909090909,23.21818181818182,True,False,True
2927,0.6844314809249916,43.596363636363634,23.36060606060606,True,False,True
2928,0.6861257686544568,43.67090909090909,23.322424242424244,True,False,True
2929,0.6860589269471243,43.661212121212124,23.332121212121212,True,False,True
2930,0.6855204146860512,43.626666666666665,23.37151515151515,False,False,False
2931,0.6855204146860512,43.626666666666665,23.37151515151515,False,False,False
2932,0.6866920272170431,43.77878787878788,23.215757575757575,False,False,False
2933,0.6874840631793735,43.82545454545455,23.173939393939396,False,False,False
2934,0.6863103217486457,43.90181818181818,23.10848484848485,False,False,False
2935,0.6863357048593091,43.90121212121212,23.10909090909091,False,False,False
2936,0.6844687401844969,43.99454545454545,23.01939393939394,False,False,False
2937,0.6857881118037406,44.0660606060606,22.95030303030303,False,False,False
2938,0.6845249386090783,44.261818181818185,22.783636363636365,False,False,False
2939,0.683108483426337,44.78727272727273,22.298181818181817,False,False,False
2940,0.6841533717658362,45.25757575757576,21.89090909090909,False,True,False
2941,0.6838078074279796,45.5660606060606,21.62,False,True,False
2942,0.68235767273153,45.82484848484849,21.381818181818183,False,True,False
2943,0.6838200683974309,46.335757575757576,20.944848484848485,False,True,False
2944,0.6835775716037843,46.36181818181818,20.9430303030303,False,True,False
2945,0.6833864041726325,47.04303030303031,20.37090909090909,False,True,False
2946,0.683221769562719,47.10787878787879,20.30848484848485,False,True,False
2947,0.6825317379312058,47.59151515151515,19.92787878787879,False,True,False
2948,0.6805365573796388,47.48,19.990909090909092,False,True,False
2949,0.6809772150385155,47.86969696969697,19.69212121212121,False,True,False
2950,0.671322768905502,47.76060606060606,19.793939393939393,False,True,False
2951,0.6735866530603024,47.85030303030303,19.703030303030303,False,True,False
2952,0.6750637012569334,47.98969696969697,19.573333333333334,False,True,False
2953,0.6777968521169132,47.99272727272727,19.55212121212121,False,True,False
2954,0.6759831089976593,48.03757575757576,19.492727272727272,False,True,False
2955,0.6792478407482689,48.09030303030303,19.44969696969697,True,True,True
2956,0.679500088830651,48.08181818181818,19.438787878787878,True,True,True
2957,0.6793490357541628,48.18787878787879,19.37030303030303,True,True,True
2958,0.6829856540322002,48.1430303030303,19.381212121212123,True,True,True
2959,0.6828399215068829,48.18545454545455,19.344848484848484,True,True,True
2960,0.6814139431675508,48.165454545454544,19.363636363636363,True,True,True
2961,0.6825489502717895,48.341818181818184,19.201818181818183,True,True,True
2962,0.6830966068265768,48.223636363636366,19.32,True,True,True
2963,0.6834965878586224,48.2460606060606,19.297575757575757,True,True,True
2964,0.6834517481152727,48.263030303030305,19.27090909090909,True,True,True
2965,0.6837189969691966,48.28848484848485,19.246666666666666,True,True,True
2966,0.6868689245480688,48.2460606060606,19.244242424242426,True,True,True
2967,0.6863467096972158,48.275757575757574,19.225454545454546,True,True,True
2968,0.6863251737482141,48.196969696969695,19.30060606060606,True,True,True
2969,0.685901770331115,48.24363636363636,19.26,True,True,True
2970,0.6833600874717679,48.21393939393939,19.30181818181818,True,True,True
2971,0.6825165077141726,48.3230303030303,19.244848484848486,True,True,True
2972,0.6847598802041327,48.304242424242425,19.21030303030303,True,True,True
2973,0.6844621207727992,48.32969696969697,19.228484848484847,True,True,True
2974,0.682063978647901,48.441818181818185,19.15030303030303,True,True,True
2975,0.6825460695793608,48.586060606060606,19.023030303030303,True,True,True
2976,0.6821513403215554,48.50363636363636,19.1030303030303,True,True,True
2977,0.6811233635361135,48.49939393939394,19.12060606060606,True,True,True
2978,0.6839556566007744,48.58060606060606,19.02,True,True,True
2979,0.6839556566007744,48.58060606060606,19.02,True,True,True
2980,0.6827206252669606,48.473939393939396,19.112121212121213,True,True,True
2981,0.6828671757649772,48.50121212121212,19.084848484848486,True,True,True
2982,0.681472030588562,48.582424242424246,19.035151515151515,True,True,True
2983,0.6819291340110828,48.56666666666667,19.05212121212121,True,True,True
2984,0.681915504878583,48.49454545454545,19.098787878787878,True,True,True
2985,0.6833783980396765,48.50424242424243,19.085454545454546,True,True,True
2986,0.6831458878353227,48.31575757575757,19.226666666666667,True,True,True
2987,0.68251886653315,48.28666666666667,19.259393939393938,True,True,True
2988,0.6829592488859444,48.31575757575757,19.23030303030303,True,True,True
2989,0.683077839518833,48.22969696969697,19.298181818181817,True,True,True
2990,0.6835073171265383,48.29878787878788,19.24848484848485,True,True,True
2991,0.6832321779462606,48.26121212121212,19.28,True,True,True
2992,0.6834064068819259,48.27272727272727,19.26848484848485,True,True,True
2993,0.6830430433668006,48.18787878787879,19.34,True,True,True
2994,0.6833339992175159,48.306666666666665,19.23818181818182,True,True,True
2995,0.6825270726862137,48.28545454545455,19.26909090909091,True,True,True
2996,0.6830246431971,48.127878787878785,19.368484848484847,True,True,True
2997,0.6829291191113204,48.13454545454545,19.373939393939395,True,True,True
2998,0.6844022097535386,48.27939393939394,19.235151515151514,True,True,True
2999,0.6838335860158246,48.269090909090906,19.246666666666666,True,True,True
