frame_idx,ssim,curr_mean,mean_diff,visible_ratio,is_open,candidate,stable
0,0.8883187017120522,51.86969696969697,15.353939393939394,1.0,False,False,False
1,0.8908266705595346,51.842424242424244,15.396969696969697,1.0,False,False,False
2,0.8947553109034734,51.804848484848485,15.412727272727272,1.0,False,False,False
3,0.8973141847127145,51.766060606060606,15.426060606060606,1.0,False,False,False
4,0.8961119656460252,51.89151515151515,15.32969696969697,1.0,False,False,False
5,0.8970150901132947,51.836969696969696,15.378181818181819,1.0,False,False,False
6,0.8982275112836813,51.842424242424244,15.366666666666667,1.0,False,False,False
7,0.8993378667569036,51.904242424242426,15.27939393939394,1.0,False,False,False
8,0.8973193857950167,51.85575757575758,15.346060606060606,1.0,False,False,False
9,0.897464275096178,51.90121212121212,15.31151515151515,1.0,False,False,False
10,0.8991621041403632,51.86424242424243,15.32060606060606,1.0,False,False,False
11,0.8985886270850436,51.71151515151515,15.450303030303031,1.0,False,False,False
12,0.8982361260024746,51.833939393939396,15.336363636363636,1.0,False,False,False
13,0.8984263191603439,51.92606060606061,15.26,1.0,False,False,False
14,0.8985261192720096,51.947878787878786,15.238181818181818,1.0,False,False,False
15,0.8987994632525224,51.842424242424244,15.324242424242424,1.0,False,False,False
16,0.8987181286451342,51.776969696969694,15.387272727272727,1.0,False,False,False
17,0.8992222740461707,51.876969696969695,15.287272727272727,1.0,False,False,False
18,0.9005969651083565,51.9230303030303,15.244848484848484,1.0,False,False,False
19,0.9004084563148325,51.98848484848485,15.2,1.0,False,False,False
20,0.8986565817679616,51.86060606060606,15.327878787878788,1.0,False,False,False
21,0.8989993278868019,51.92424242424242,15.265454545454546,1.0,False,False,False
22,0.8989239948191715,51.943636363636365,15.265454545454546,1.0,False,False,False
23,0.8993235703958143,51.983636363636364,15.241212121212122,1.0,False,False,False
24,0.8993957197519178,51.907878787878786,15.30121212121212,1.0,False,False,False
25,0.8996873386713338,51.93575757575758,15.295151515151515,1.0,False,False,False
26,0.9002389609118056,51.944242424242425,15.262424242424242,1.0,False,False,False
27,0.8997033838129809,51.77090909090909,15.415151515151516,1.0,False,False,False
28,0.9005157909040535,51.78060606060606,15.407878787878788,1.0,False,False,False
29,0.9006476489736654,51.82424242424243,15.401818181818182,1.0,False,False,False
30,0.8999669249453424,51.81575757575757,15.40060606060606,1.0,False,False,False
31,0.9005604042796721,51.77151515151515,15.42909090909091,1.0,False,False,False
32,0.9009361714042212,51.846060606060604,15.381212121212121,1.0,False,False,False
33,0.9010926461213964,51.82606060606061,15.398787878787878,1.0,False,False,False
34,0.9011136471884156,51.82363636363636,15.40121212121212,1.0,False,False,False
35,0.9017789063582432,51.912121212121214,15.304242424242425,1.0,False,False,False
36,0.9005527775761073,51.89939393939394,15.30121212121212,1.0,False,False,False
37,0.9005543165077468,51.9369696969697,15.258787878787878,1.0,False,False,False
38,0.9004433762366649,51.86121212121212,15.332121212121212,1.0,False,False,False
39,0.9008188054733541,51.872121212121215,15.312727272727273,1.0,False,False,False
40,0.9001350638548449,51.78787878787879,15.405454545454546,1.0,False,False,False
41,0.9002440961934064,51.766060606060606,15.41030303030303,1.0,False,False,False
42,0.9000752760853445,51.63575757575757,15.552727272727273,1.0,False,False,False
43,0.9005359590735703,51.74848484848485,15.444848484848485,1.0,False,False,False
44,0.9007120031744574,51.81212121212121,15.38,1.0,False,False,False
45,0.9006362012124763,51.775757575757574,15.413939393939394,1.0,False,False,False
46,0.9006330914731634,51.81090909090909,15.381212121212121,1.0,False,False,False
47,0.9005519336562983,51.80909090909091,15.383030303030303,1.0,False,False,False
48,0.9010604101838935,51.74121212121212,15.44848484848485,1.0,False,False,False
49,0.9011097846285657,51.737575757575755,15.452121212121211,1.0,False,False,False
50,0.8902917527728451,51.64363636363636,15.457575757575757,1.0,False,False,False
51,0.8923026633818376,51.47818181818182,15.593939393939394,1.0,False,False,False
52,0.8918171119909658,51.54545454545455,15.546060606060607,1.0,False,False,False
53,0.8938602143697686,51.57393939393939,15.505454545454546,1.0,False,False,False
54,0.8947410751915592,51.56484848484848,15.520606060606061,1.0,False,False,False
55,0.8968162939123567,51.46666666666667,15.601818181818182,1.0,False,False,False
56,0.8964855221412028,51.39090909090909,15.663030303030302,1.0,False,False,False
57,0.8972926873542135,51.086060606060606,15.937575757575758,1.0,False,False,False
58,0.89865554672074,51.32606060606061,15.727878787878788,1.0,False,False,False
59,0.9000027017417687,51.20181818181818,15.823030303030302,1.0,False,False,False
60,0.8987723193502727,51.276969696969694,15.751515151515152,1.0,False,False,False
61,0.8984209354166973,51.333939393939396,15.707878787878787,1.0,False,False,False
62,0.8991848354292288,51.303636363636365,15.736969696969696,1.0,False,False,False
63,0.901451422579469,51.07939393939394,15.943030303030303,1.0,False,False,False
64,0.9006118378449505,50.96121212121212,16.055151515151515,1.0,False,False,False
65,0.9009392802192968,50.85757575757576,16.135757575757577,1.0,False,False,False
66,0.9003269414975488,50.947878787878786,16.055151515151515,1.0,False,False,False
67,0.9003822821103733,50.86181818181818,16.14969696969697,1.0,False,False,False
68,0.9021547996642078,50.85515151515151,16.115151515151513,1.0,False,False,False
69,0.9022104987825024,50.84848484848485,16.107272727272726,1.0,False,False,False
70,0.9007026960535227,50.92787878787879,16.07151515151515,1.0,False,False,False
71,0.9004575368166668,50.92545454545454,16.081212121212122,1.0,False,False,False
72,0.9006847342265257,50.93151515151515,16.07151515151515,1.0,False,False,False
73,0.9010431447096868,50.86060606060606,16.12787878787879,1.0,False,False,False
74,0.9009073878484662,50.81393939393939,16.18060606060606,1.0,False,False,False
75,0.900168713971705,50.807878787878785,16.176969696969696,1.0,False,False,False
76,0.9006862330598903,50.64242424242424,16.327878787878788,1.0,False,False,False
77,0.9005684703366451,50.657575757575756,16.29939393939394,1.0,False,False,False
78,0.9004224115886938,50.89030303030303,16.099393939393938,1.0,False,False,False
79,0.900411435786898,50.79939393939394,16.168484848484848,1.0,False,False,False
80,0.90035476590404,50.96363636363636,16.02969696969697,1.0,False,False,False
81,0.9006737105250572,50.99818181818182,16.004848484848484,1.0,False,False,False
82,0.8995812205994861,50.82969696969697,16.14909090909091,1.0,False,False,False
83,0.9000289471416247,50.95030303030303,16.05757575757576,1.0,False,False,False
84,0.9007046287378633,51.014545454545456,16.009090909090908,1.0,False,False,False
85,0.9006440686025861,51.21818181818182,15.82121212121212,1.0,False,False,False
86,0.9007453660854504,51.12969696969697,15.885454545454545,1.0,False,False,False
87,0.9011499638865842,51.32242424242424,15.706060606060607,1.0,False,False,False
88,0.9010855112733666,51.29090909090909,15.741212121212122,1.0,False,False,False
89,0.9016179631292783,51.53333333333333,15.546060606060607,1.0,False,False,False
90,0.9016015929097493,51.586060606060606,15.495757575757576,1.0,False,False,False
91,0.9017077108461882,51.7969696969697,15.304242424242425,1.0,False,False,False
92,0.9019044860469706,51.941818181818185,15.16909090909091,1.0,False,False,False
93,0.9016320394509815,52.13939393939394,14.995757575757576,1.0,False,False,False
94,0.902591048326526,51.844242424242424,15.254545454545454,1.0,False,False,False
95,0.9017339555586072,52.11636363636364,15.01878787878788,1.0,False,False,False
96,0.9020550140308742,51.9369696969697,15.177575757575758,1.0,False,False,False
97,0.9027256319861168,52.02848484848485,15.106666666666667,1.0,False,False,False
98,0.9025816582114417,52.13515151515151,14.997575757575758,1.0,False,False,False
99,0.9026713871640124,52.27757575757576,14.870909090909091,1.0,False,False,False
100,0.8907261879790257,52.39090909090909,14.762424242424242,1.0,False,False,False
101,0.8925820755715475,52.345454545454544,14.788484848484849,1.0,False,False,False
102,0.8942726356752366,52.304848484848485,14.83030303030303,1.0,False,False,False
103,0.8964453428611576,52.28909090909091,14.829090909090908,1.0,False,False,False
104,0.8974406777571257,52.36,14.767878787878788,1.0,False,False,False
105,0.8993061865413009,52.224848484848486,14.873939393939393,1.0,False,False,False
106,0.899334541275903,52.28848484848485,14.822424242424242,1.0,False,False,False
107,0.9007727231425087,52.29030303030303,14.804848484848485,1.0,False,False,False
108,0.8997091629134639,52.35454545454545,14.761212121212122,1.0,False,False,False
109,0.9005033108304902,52.49939393939394,14.65030303030303,1.0,False,False,False
110,0.900439065571101,52.24424242424242,14.854545454545455,1.0,False,False,False
111,0.9005733203459741,52.238181818181815,14.855757575757575,1.0,False,False,False
112,0.9008705884610588,52.264242424242425,14.832121212121212,1.0,False,False,False
113,0.900803222935431,52.276363636363634,14.82121212121212,1.0,False,False,False
114,0.9013005197939801,52.31454545454545,14.8,1.0,False,False,False
115,0.9020777733439104,52.305454545454545,14.796969696969697,1.0,False,False,False
116,0.9021029726911047,52.343030303030304,14.777575757575757,1.0,False,False,False
117,0.9018774672524623,52.32181818181818,14.787878787878787,1.0,False,False,False
118,0.9024061817756162,52.28424242424242,14.832727272727272,1.0,False,False,False
119,0.9034415588500698,52.237575757575755,14.873333333333333,1.0,False,False,False
120,0.9031195891604552,52.31757575757576,14.798181818181819,1.0,False,False,False
121,0.903490191468062,52.2430303030303,14.866666666666667,1.0,False,False,False
122,0.9033168250740673,52.21333333333333,14.89030303030303,1.0,False,False,False
123,0.9037540325712716,52.28242424242424,14.823636363636364,1.0,False,False,False
124,0.9028669468310596,52.38969696969697,14.741818181818182,1.0,False,False,False
125,0.9035016922224551,52.27878787878788,14.838181818181818,1.0,False,False,False
126,0.9028521788283683,52.343030303030304,14.784848484848485,1.0,False,False,False
127,0.9029125023530931,52.25757575757576,14.864242424242423,1.0,False,False,False
128,0.9029070567690786,52.373939393939395,14.758787878787878,1.0,False,False,False
129,0.903104660422037,52.32484848484849,14.78969696969697,1.0,False,False,False
130,0.9033872567565457,52.42424242424242,14.718181818181819,1.0,False,False,False
131,0.9033914268907764,52.38,14.757575757575758,1.0,False,False,False
132,0.9030328290594783,52.38969696969697,14.751515151515152,1.0,False,False,False
133,0.9029643439516413,52.38666666666666,14.75939393939394,1.0,False,False,False
134,0.9035169298072507,52.40969696969697,14.715757575757575,1.0,False,False,False
135,0.9040818508088347,52.36121212121212,14.755757575757576,1.0,False,False,False
136,0.9033602418541634,52.337575757575756,14.796363636363637,1.0,False,False,False
137,0.9037149502154648,52.39515151515152,14.764242424242424,1.0,False,False,False
138,0.903933065589036,52.376969696969695,14.76909090909091,1.0,False,False,False
139,0.9041823147258766,52.31757575757576,14.806666666666667,1.0,False,False,False
140,0.9036450844460483,52.37090909090909,14.773939393939393,1.0,False,False,False
141,0.9037607073919038,52.25212121212121,14.883030303030303,1.0,False,False,False
142,0.9036488606152027,52.36909090909091,14.774545454545455,1.0,False,False,False
143,0.9039632336862885,52.308484848484845,14.813333333333333,1.0,False,False,False
144,0.9030383565043435,52.31757575757576,14.813939393939394,1.0,False,False,False
145,0.9030797026763362,52.308484848484845,14.825454545454546,1.0,False,False,False
146,0.9031331800660355,52.27212121212121,14.85939393939394,1.0,False,False,False
147,0.9033619689269341,52.27939393939394,14.836363636363636,1.0,False,False,False
148,0.9036603661635557,52.43939393939394,14.715151515151515,1.0,False,False,False
149,0.9038075785392022,52.410303030303034,14.735757575757576,1.0,False,False,False
150,0.8924289622093348,52.34787878787879,14.855151515151515,1.0,False,False,False
151,0.894164901878083,52.36363636363637,14.838181818181818,1.0,False,False,False
152,0.8954029987371808,52.3569696969697,14.848484848484848,1.0,False,False,False
153,0.8983898062485308,52.39272727272727,14.773939393939393,1.0,False,False,False
154,0.8998052627421075,52.35939393939394,14.836363636363636,1.0,False,False,False
155,0.9015351964859443,52.38666666666666,14.787272727272727,1.0,False,False,False
156,0.9006484586730638,52.410909090909094,14.772727272727273,1.0,False,False,False
157,0.9018466658457983,52.41878787878788,14.763636363636364,1.0,False,False,False
158,0.9010721754119001,52.39212121212121,14.785454545454545,1.0,False,False,False
159,0.9022495457518458,52.403030303030306,14.762424242424242,1.0,False,False,False
160,0.9018857768809173,52.38060606060606,14.786060606060605,1.0,False,False,False
161,0.9021009561774521,52.4969696969697,14.692727272727273,1.0,False,False,False
162,0.9027553496513331,52.412727272727274,14.745454545454546,1.0,False,False,False
163,0.9019333557900037,52.3860606060606,14.784242424242425,1.0,False,False,False
164,0.9029438671169815,52.519393939393936,14.686060606060606,1.0,False,False,False
165,0.9038109540824384,52.53515151515151,14.665454545454546,1.0,False,False,False
166,0.9037133686725256,52.480606060606064,14.707878787878787,1.0,False,False,False
167,0.9041277741196312,52.442424242424245,14.746060606060606,1.0,False,False,False
168,0.9040733374859125,52.40969696969697,14.771515151515151,1.0,False,False,False
169,0.9041209709867707,52.484242424242424,14.743030303030302,1.0,False,False,False
170,0.9043556494585878,52.53272727272727,14.692121212121211,1.0,False,False,False
171,0.9054869130259815,52.405454545454546,14.774545454545455,1.0,False,False,False
172,0.904675618846248,52.416363636363634,14.776969696969697,1.0,False,False,False
173,0.9046560294692921,52.443636363636365,14.754545454545454,1.0,False,False,False
174,0.9039516293347267,52.481818181818184,14.734545454545454,1.0,False,False,False
175,0.9040631531924649,52.5,14.722424242424243,1.0,False,False,False
176,0.90324668921972,52.45939393939394,14.767878787878788,1.0,False,False,False
177,0.9035399876055308,52.482424242424244,14.74,1.0,False,False,False
178,0.9027039789221692,52.45878787878788,14.755151515151516,1.0,False,False,False
179,0.9029103861092109,52.412727272727274,14.793939393939393,1.0,False,False,False
180,0.9043063070707265,52.343636363636364,14.856969696969697,1.0,False,False,False
181,0.9044917311439643,52.36606060606061,14.836969696969698,1.0,False,False,False
182,0.9041553471601421,52.5230303030303,14.690909090909091,1.0,False,False,False
183,0.9038681206520538,52.5230303030303,14.690909090909091,1.0,False,False,False
184,0.9041511022977238,52.50484848484849,14.709090909090909,1.0,False,False,False
185,0.9043121142640825,52.47030303030303,14.733939393939394,1.0,False,False,False
186,0.9033254537982148,52.377575757575755,14.814545454545454,1.0,False,False,False
187,0.9030746570527366,52.38545454545454,14.812727272727273,1.0,False,False,False
188,0.9034471191261386,52.44121212121212,14.801818181818183,1.0,False,False,False
189,0.9035237852350448,52.410303030303034,14.81939393939394,1.0,False,False,False
190,0.9037935983065473,52.46666666666667,14.747272727272728,1.0,False,False,False
191,0.9040002836789002,52.47151515151515,14.742424242424242,1.0,False,False,False
192,0.9041443996244306,52.36969696969697,14.84060606060606,1.0,False,False,False
193,0.9035401955275754,52.378787878787875,14.833939393939394,1.0,False,False,False
194,0.9043944093034635,52.446060606060605,14.767878787878788,1.0,False,False,False
195,0.9043749017701121,52.46606060606061,14.747878787878788,1.0,False,False,False
196,0.9046542775242435,52.43515151515152,14.788484848484849,1.0,False,False,False
197,0.904211584794594,52.448484848484846,14.775151515151515,1.0,False,False,False
198,0.9037393106567304,52.50424242424243,14.708484848484849,1.0,False,False,False
199,0.9043288282051196,52.375757575757575,14.818787878787878,1.0,False,False,False
200,0.8891986205318504,52.32909090909091,14.945454545454545,1.0,False,False,False
201,0.8916686987238885,52.376363636363635,14.904242424242424,1.0,False,False,False
202,0.8936786908285881,52.33030303030303,14.941818181818181,1.0,False,False,False
203,0.8961893536442245,52.36545454545455,14.894545454545455,1.0,False,False,False
204,0.8943047071557443,52.36121212121212,14.91090909090909,1.0,False,False,False
205,0.8965997789211542,52.341818181818184,14.91090909090909,1.0,False,False,False
206,0.8951409145965948,52.2,15.055151515151515,1.0,False,False,False
207,0.895573749183773,52.45575757575757,14.817575757575758,1.0,False,False,False
208,0.8974276745950032,52.29939393939394,14.94,1.0,False,False,False
209,0.8981955856234192,52.32484848484849,14.90969696969697,1.0,False,False,False
210,0.898818293711855,52.28060606060606,14.946666666666667,1.0,False,False,False
211,0.8983085144089572,52.346666666666664,14.895151515151515,1.0,False,False,False
212,0.9005912072651345,52.335151515151516,14.878787878787879,1.0,False,False,False
213,0.9008496734058474,52.416363636363634,14.816969696969696,1.0,False,False,False
214,0.8993145169378866,52.38242424242424,14.850909090909092,1.0,False,False,False
215,0.9004522757950574,52.555151515151515,14.704848484848485,1.0,False,False,False
216,0.9007007133893886,52.49454545454545,14.76060606060606,1.0,False,False,False
217,0.9008115434186437,52.56787878787879,14.683636363636364,1.0,False,False,False
218,0.9002854213747827,52.586060606060606,14.66909090909091,1.0,False,False,False
219,0.9000411499732034,52.67636363636364,14.616363636363637,1.0,False,False,False
220,0.9017152025845309,52.7060606060606,14.555151515151515,1.0,False,False,False
221,0.9007711614381291,52.660606060606064,14.59939393939394,1.0,False,False,False
222,0.9018438885269727,52.694545454545455,14.569090909090908,1.0,False,False,False
223,0.9019567714523006,52.66848484848485,14.592727272727272,1.0,False,False,False
224,0.9021617340334832,52.77272727272727,14.521212121212121,1.0,False,False,False
225,0.9024609831929251,52.88424242424242,14.443636363636363,1.0,False,False,False
226,0.9021495073620458,52.78181818181818,14.503636363636364,1.0,False,False,False
227,0.9021671725078234,52.801212121212124,14.496363636363636,1.0,False,False,False
228,0.9016216824514832,52.844242424242424,14.446060606060605,1.0,False,False,False
229,0.9022174903699455,52.876363636363635,14.42,1.0,False,False,False
230,0.9017983053542369,52.803636363636365,14.479393939393939,1.0,False,False,False
231,0.9020964905763681,52.75575757575758,14.522424242424242,1.0,False,False,False
232,0.9017711738918402,52.8169696969697,14.458787878787879,1.0,False,False,False
233,0.9017771974148837,52.92181818181818,14.374545454545455,1.0,False,False,False
234,0.9017478656540633,52.68848484848485,14.576363636363636,1.0,False,False,False
235,0.901339442973478,52.78969696969697,14.484848484848484,1.0,False,False,False
236,0.9016476388270954,52.835757575757576,14.436363636363636,1.0,False,False,False
237,0.9028979611409854,53.04424242424243,14.243636363636364,1.0,False,False,False
238,0.9013601969165258,52.85151515151515,14.433939393939394,1.0,False,False,False
239,0.9024020907846533,52.90969696969697,14.35878787878788,1.0,False,False,False
240,0.9027095427599703,52.92060606060606,14.357575757575757,1.0,False,False,False
241,0.9024033648625513,52.95272727272727,14.34,1.0,False,False,False
242,0.9026776927963597,52.947878787878786,14.34969696969697,1.0,False,False,False
243,0.9026740945065029,52.946666666666665,14.350909090909092,1.0,False,False,False
244,0.9026636532865693,52.915757575757574,14.362424242424243,1.0,False,False,False
245,0.9028376359447664,52.972727272727276,14.31030303030303,1.0,False,False,False
246,0.9025462466343848,52.9769696969697,14.306060606060607,1.0,False,False,False
247,0.9030993176944918,53.06484848484848,14.255757575757576,1.0,False,False,False
248,0.9023736905784988,53.016363636363636,14.267878787878788,1.0,False,False,False
249,0.9025380551894236,53.07575757575758,14.216969696969697,1.0,False,False,False
250,0.8899314936601932,53.267272727272726,13.966060606060607,1.0,False,False,False
251,0.8929268268335977,53.21151515151515,14.002424242424242,1.0,False,False,False
252,0.8947929307424005,53.18060606060606,14.040606060606061,1.0,False,False,False
253,0.8988204558765953,53.301212121212124,13.911515151515152,1.0,False,False,False
254,0.8953172424829889,53.17575757575757,14.041818181818181,1.0,False,False,False
255,0.8978210072107154,53.36666666666667,13.847272727272728,1.0,False,False,False
256,0.8976634131416454,53.36181818181818,13.853333333333333,1.0,False,False,False
257,0.8990043291820579,53.25939393939394,13.93878787878788,1.0,False,False,False
258,0.8990349429936912,53.266060606060606,13.926060606060606,1.0,False,False,False
259,0.8993449783893689,53.371515151515155,13.818181818181818,1.0,False,False,False
260,0.8995871788323567,53.39636363636364,13.816363636363636,1.0,False,False,False
261,0.9006086495322383,53.52969696969697,13.736363636363636,1.0,False,False,False
262,0.9001048036984203,53.39333333333333,13.84969696969697,1.0,False,False,False
263,0.9009510594363479,53.49393939393939,13.74060606060606,1.0,False,False,False
264,0.9006162853825203,53.50606060606061,13.728484848484849,1.0,False,False,False
265,0.9008945337827812,53.556969696969695,13.687272727272727,1.0,False,False,False
266,0.9008044996802071,53.54787878787879,13.684242424242424,1.0,False,False,False
267,0.9002672068756945,53.62060606060606,13.63090909090909,1.0,False,False,False
268,0.9002323032306072,53.661212121212124,13.613333333333333,1.0,False,False,False
269,0.9014035665142991,53.693333333333335,13.58969696969697,1.0,False,False,False
270,0.9006789018107786,53.64484848484849,13.604242424242424,1.0,False,False,False
271,0.9006947413809252,53.7169696969697,13.56121212121212,1.0,False,False,False
272,0.9000728644267887,53.67575757575757,13.573333333333334,1.0,False,False,False
273,0.9004795650834577,53.64969696969697,13.60909090909091,1.0,False,False,False
274,0.8998144100735389,53.735757575757575,13.536363636363637,1.0,False,False,False
275,0.8998608800098145,53.69030303030303,13.575757575757576,1.0,False,False,False
276,0.9005503373740267,53.57636363636364,13.667878787878788,1.0,False,False,False
277,0.9004430371307663,53.57454545454546,13.66969696969697,1.0,False,False,False
278,0.9001369005960005,53.587272727272726,13.65939393939394,1.0,False,False,False
279,0.900228086779283,53.54181818181818,13.686666666666667,1.0,False,False,False
280,0.9006539933544747,53.57151515151515,13.683636363636364,1.0,False,False,False
281,0.9011692909014826,53.447878787878786,13.789090909090909,1.0,False,False,False
282,0.9004666828506963,53.54121212121212,13.692121212121211,1.0,False,False,False
283,0.9011388969699897,53.46060606060606,13.756969696969698,1.0,False,False,False
284,0.9011181895508582,53.484242424242424,13.744242424242424,1.0,False,False,False
285,0.9013035288109665,53.527272727272724,13.702424242424243,1.0,False,False,False
286,0.9008024297900674,53.4969696969697,13.733939393939394,1.0,False,False,False
287,0.9010722613175174,53.56666666666667,13.67878787878788,1.0,False,False,False
288,0.9011950931437395,53.52909090909091,13.715151515151515,1.0,False,False,False
289,0.9011756811512683,53.514545454545456,13.726060606060607,1.0,False,False,False
290,0.901923007819358,53.49757575757576,13.72969696969697,1.0,False,False,False
291,0.901804818959493,53.557575757575755,13.670909090909092,1.0,False,False,False
292,0.9011904549172236,53.512727272727275,13.709696969696969,1.0,False,False,False
293,0.9011197736951739,53.49939393939394,13.737575757575758,1.0,False,False,False
294,0.9013240445927297,53.49393939393939,13.75030303030303,1.0,False,False,False
295,0.9017362160272601,53.36666666666667,13.864242424242423,1.0,False,False,False
296,0.9017377898181572,53.36666666666667,13.864242424242423,1.0,False,False,False
297,0.901443227906525,53.341818181818184,13.889090909090909,1.0,False,False,False
298,0.9023701196819369,53.38787878787879,13.84060606060606,1.0,False,False,False
299,0.9024722717032337,53.35757575757576,13.870909090909091,1.0,False,False,False
300,0.89346480765858,52.92727272727273,14.366666666666667,1.0,False,False,False
301,0.8957167777123183,52.982424242424244,14.295757575757575,1.0,False,False,False
302,0.8960119595824351,52.93333333333333,14.332727272727272,1.0,False,False,False
303,0.8989589354226103,53.051515151515154,14.19878787878788,1.0,False,False,False
304,0.8986677625596543,52.96181818181818,14.298181818181819,1.0,False,False,False
305,0.9005205847271373,52.98909090909091,14.26,1.0,False,False,False
306,0.9010629387572262,53.019393939393936,14.21030303030303,1.0,False,False,False
307,0.901643408366952,53.155151515151516,14.085454545454546,1.0,False,False,False
308,0.9003936695030225,52.89636363636364,14.364848484848485,1.0,False,False,False
309,0.9001492858564011,52.93333333333333,14.326666666666666,1.0,False,False,False
310,0.8993336025331722,52.876969696969695,14.375757575757575,1.0,False,False,False
311,0.8997479661235671,53.053939393939395,14.246060606060606,1.0,False,False,False
312,0.9005074122676514,52.91878787878788,14.333939393939394,1.0,False,False,False
313,0.9016580063368883,53.01030303030303,14.25939393939394,1.0,False,False,False
314,0.9021751817603358,52.88424242424242,14.34909090909091,1.0,False,False,False
315,0.9024187035513118,52.88909090909091,14.36969696969697,1.0,False,False,False
316,0.9014992225230886,52.93818181818182,14.307272727272727,1.0,False,False,False
317,0.9018939119161846,52.99090909090909,14.287272727272727,1.0,False,False,False
318,0.9019472508127566,53.052727272727275,14.233939393939394,1.0,False,False,False
319,0.9029090187716161,53.052727272727275,14.229090909090909,1.0,False,False,False
320,0.9010107285202582,53.025454545454544,14.252727272727272,1.0,False,False,False
321,0.9010922118128235,53.02,14.26909090909091,1.0,False,False,False
322,0.9013686194773357,53.089696969696966,14.204242424242425,1.0,False,False,False
323,0.901191741905498,53.07757575757576,14.217575757575757,1.0,False,False,False
324,0.9007421521707223,53.088484848484846,14.213939393939395,1.0,False,False,False
325,0.9016526609874888,53.095151515151514,14.192727272727273,1.0,False,False,False
326,0.9016476347659826,53.095151515151514,14.18909090909091,1.0,False,False,False
327,0.901477336436305,52.92121212121212,14.350909090909092,1.0,False,False,False
328,0.9007286202909877,52.96060606060606,14.322424242424242,1.0,False,False,False
329,0.9016999459142363,53.11454545454546,14.16,1.0,False,False,False
330,0.9016379134096068,52.98848484848485,14.276363636363635,1.0,False,False,False
331,0.900952769721148,53.06363636363636,14.207272727272727,1.0,False,False,False
332,0.9010729785772299,53.03030303030303,14.251515151515152,1.0,False,False,False
333,0.9005749876358051,52.95636363636363,14.316969696969696,1.0,False,False,False
334,0.9016214119096125,52.972727272727276,14.294545454545455,1.0,False,False,False
335,0.9018122369891818,53.00545454545455,14.265454545454546,1.0,False,False,False
336,0.9009730649812552,53.014545454545456,14.272121212121212,1.0,False,False,False
337,0.9009730649812552,53.014545454545456,14.272121212121212,1.0,False,False,False
338,0.9013016588925831,52.95090909090909,14.32121212121212,1.0,False,False,False
339,0.9010794867158599,52.95636363636363,14.307272727272727,1.0,False,False,False
340,0.9010606694738329,53.00787878787879,14.264242424242424,1.0,False,False,False
341,0.9009622923504028,53.053939393939395,14.221818181818183,1.0,False,False,False
342,0.9012625533416028,52.99272727272727,14.272121212121212,1.0,False,False,False
343,0.9018297809610207,53.00121212121212,14.25030303030303,1.0,False,False,False
344,0.9015333970099775,53.06181818181818,14.211515151515151,1.0,False,False,False
345,0.9017693006954443,53.084242424242426,14.195151515151515,1.0,False,False,False
346,0.9015789877756816,53.07636363636364,14.192121212121211,1.0,False,False,False
347,0.9014939056912943,53.02424242424242,14.235757575757576,1.0,False,False,False
348,0.9015427613946236,53.02424242424242,14.246666666666666,1.0,False,False,False
349,0.9013903820901413,52.95575757575757,14.301818181818183,1.0,False,False,False
350,0.8943382131644838,52.77212121212121,14.39090909090909,1.0,False,False,False
351,0.8968494121071423,52.982424242424244,14.210909090909091,1.0,False,False,False
352,0.8992234461832633,52.762424242424245,14.388484848484849,1.0,False,False,False
353,0.9006915891404472,52.65212121212121,14.468484848484849,1.0,False,False,False
354,0.898919526004874,52.695757575757575,14.433333333333334,1.0,False,False,False
355,0.9018330753297138,52.82727272727273,14.30060606060606,1.0,False,False,False
356,0.9018460257844693,52.71818181818182,14.392727272727273,1.0,False,False,False
357,0.9029868570843982,52.68666666666667,14.423030303030304,1.0,False,False,False
358,0.9021018121879399,52.88181818181818,14.24969696969697,1.0,False,False,False
359,0.9029274632303955,52.875757575757575,14.252121212121212,1.0,False,False,False
360,0.9022326481130256,52.835757575757576,14.295757575757575,1.0,False,False,False
361,0.9025480746106648,52.96181818181818,14.213333333333333,1.0,False,False,False
362,0.9034254946046216,52.86606060606061,14.246060606060606,1.0,False,False,False
363,0.9032798795435274,52.99878787878788,14.142424242424243,1.0,False,False,False
364,0.901748879233305,52.89939393939394,14.252727272727272,1.0,False,False,False
365,0.9013462305770692,52.99818181818182,14.174545454545454,1.0,False,False,False
366,0.903558751637888,52.96424242424242,14.173333333333334,1.0,False,False,False
367,0.9035936364002608,52.981818181818184,14.146060606060606,1.0,False,False,False
368,0.903404987928568,53.00848484848485,14.146060606060606,1.0,False,False,False
369,0.9035243812432021,53.06848484848485,14.098181818181818,1.0,False,False,False
370,0.9035761096829805,52.93212121212121,14.18969696969697,1.0,False,False,False
371,0.9027701342211831,52.871515151515155,14.25030303030303,1.0,False,False,False
372,0.9025821853984735,52.95212121212121,14.183030303030304,1.0,False,False,False
373,0.9017753866709457,52.835757575757576,14.283636363636363,1.0,False,False,False
374,0.9035817115853069,53.050909090909094,14.101212121212122,1.0,False,False,False
375,0.9031049937790012,53.056969696969695,14.120606060606061,1.0,False,False,False
376,0.9036761114732286,53.03393939393939,14.114545454545455,1.0,False,False,False
377,0.9036602659805847,52.88909090909091,14.246060606060606,1.0,False,False,False
378,0.9041793025767603,53.13212121212121,14.026060606060605,1.0,False,False,False
379,0.9038196389713414,53.084848484848486,14.073333333333334,1.0,False,False,False
380,0.9042036277552506,53.21636363636364,13.944242424242423,1.0,False,False,False
381,0.9040192119519017,53.07030303030303,14.06969696969697,1.0,False,False,False
382,0.9036959640581526,52.97878787878788,14.16969696969697,1.0,False,False,False
383,0.9031465530362789,52.97939393939394,14.196969696969697,1.0,False,False,False
384,0.9039137717973532,52.99636363636364,14.163030303030302,1.0,False,False,False
385,0.9036739574292448,52.91818181818182,14.224242424242425,1.0,False,False,False
386,0.904034071567427,52.99757575757576,14.17030303030303,1.0,False,False,False
387,0.9035460346865414,52.914545454545454,14.24,1.0,False,False,False
388,0.9033797276849637,52.95939393939394,14.201212121212121,1.0,False,False,False
389,0.9030998605109496,52.87939393939394,14.26909090909091,1.0,False,False,False
390,0.9037983928944486,52.92060606060606,14.231515151515152,1.0,False,False,False
391,0.9026264846964226,52.92606060606061,14.234545454545454,1.0,False,False,False
392,0.9037752836326195,52.92484848484848,14.227272727272727,1.0,False,False,False
393,0.9030703872592964,52.86424242424243,14.280606060606061,1.0,False,False,False
394,0.903344269686722,52.8569696969697,14.287878787878787,1.0,False,False,False
395,0.903344269686722,52.8569696969697,14.287878787878787,1.0,False,False,False
396,0.9032200715701758,52.78060606060606,14.341212121212122,1.0,False,False,False
397,0.9021566996528896,52.835151515151516,14.31090909090909,1.0,False,False,False
398,0.9034183583674945,52.81030303030303,14.312727272727273,1.0,False,False,False
399,0.9037891363421955,52.85575757575758,14.296363636363637,1.0,False,False,False
400,0.891476943774939,52.72666666666667,14.602424242424242,1.0,False,False,False
401,0.8943616651353069,52.62,14.682424242424242,1.0,False,False,False
402,0.8945051659552001,52.667272727272724,14.65090909090909,1.0,False,False,False
403,0.8966934165902837,52.6369696969697,14.65939393939394,1.0,False,False,False
404,0.896102483778383,52.68363636363637,14.607878787878787,1.0,False,False,False
405,0.8980514222215804,52.73939393939394,14.543636363636363,1.0,False,False,False
406,0.8977380690918942,52.64545454545455,14.625454545454545,1.0,False,False,False
407,0.8986176293156222,52.65151515151515,14.6,1.0,False,False,False
408,0.8985519457847809,52.56787878787879,14.694545454545455,1.0,False,False,False
409,0.8989734622974014,52.64484848484849,14.60909090909091,1.0,False,False,False
410,0.8990643158349102,52.67939393939394,14.58060606060606,1.0,False,False,False
411,0.8985317878552138,52.7,14.564848484848484,1.0,False,False,False
412,0.8993364875659653,52.59030303030303,14.667272727272728,1.0,False,False,False
413,0.9004150311523927,52.64363636363636,14.604242424242424,1.0,False,False,False
414,0.8989598022065364,52.60545454545454,14.64969696969697,1.0,False,False,False
415,0.899223493488102,52.59151515151515,14.685454545454546,1.0,False,False,False
416,0.9001020988081148,52.64909090909091,14.592727272727272,1.0,False,False,False
417,0.8983350820099517,52.45454545454545,14.775151515151515,1.0,False,False,False
418,0.8991165890776274,52.52,14.709696969696969,1.0,False,False,False
419,0.8956629096946052,52.60181818181818,14.745454545454546,1.0,False,False,False
420,0.9000547589019504,52.515757575757576,14.713939393939395,1.0,False,False,False
421,0.9006646543604728,52.56242424242424,14.69878787878788,1.0,False,False,False
422,0.8997101664564945,52.60606060606061,14.667272727272728,1.0,False,False,False
423,0.8983451725941494,52.56424242424242,14.707878787878787,1.0,False,False,False
424,0.9006514307964387,52.6030303030303,14.661818181818182,1.0,False,False,False
425,0.9028125518503635,52.52424242424242,14.693333333333333,1.0,False,False,False
426,0.9026003861529965,52.45818181818182,14.746060606060606,1.0,False,False,False
427,0.9032553817367748,52.417575757575754,14.778181818181817,1.0,False,False,False
428,0.9006295351714417,52.35393939393939,14.883030303030303,1.0,False,False,False
429,0.9005640439896861,52.32969696969697,14.91090909090909,1.0,False,False,False
430,0.8997577820929501,52.233333333333334,14.968484848484849,1.0,False,False,False
431,0.9003323673019431,52.192121212121215,15.008484848484848,1.0,False,False,False
432,0.899757218377805,52.276363636363634,14.933939393939394,1.0,False,False,False
433,0.89974579848675,52.050909090909094,15.15939393939394,1.0,False,False,False
434,0.899842780497984,52.051515151515154,15.156363636363636,1.0,False,False,False
435,0.9000063465944285,52.03151515151515,15.176363636363636,1.0,False,False,False
436,0.9003129490755214,51.75212121212121,15.43030303030303,1.0,False,False,False
437,0.9007838037718626,51.6369696969697,15.545454545454545,1.0,False,False,False
438,0.9007218035706779,51.60363636363636,15.576363636363636,1.0,False,False,False
439,0.9005783747469391,51.627272727272725,15.552727272727273,1.0,False,False,False
440,0.9012964612971748,51.480606060606064,15.696969696969697,1.0,False,False,False
441,0.9019757775525262,51.48848484848485,15.65030303030303,1.0,False,False,False
442,0.9028267469929614,51.50242424242424,15.633939393939395,1.0,False,False,False
443,0.9028399040530045,51.343636363636364,15.770909090909091,1.0,False,False,False
444,0.9013004099961032,51.46909090909091,15.704848484848485,1.0,False,False,False
445,0.9015283678791874,51.42727272727273,15.744242424242424,1.0,False,False,False
446,0.9012202539745066,51.40121212121212,15.754545454545454,1.0,False,False,False
447,0.9022138240261455,51.39636363636364,15.74969696969697,1.0,False,False,False
448,0.9001306016658828,51.269090909090906,15.876969696969697,1.0,False,False,False
449,0.9002011976060692,51.261818181818185,15.885454545454545,1.0,False,False,False
450,0.890990550917617,51.23030303030303,15.973939393939395,1.0,False,False,False
451,0.8938099810639161,51.096363636363634,16.092121212121214,1.0,False,False,False
452,0.8947689188609207,51.05878787878788,16.134545454545453,1.0,False,False,False
453,0.8969370246048848,51.11333333333334,16.060606060606062,1.0,False,False,False
454,0.8979975529645573,51.02242424242424,16.153939393939392,1.0,False,False,False
455,0.8979275010216674,51.127272727272725,16.045454545454547,1.0,False,False,False
456,0.8988672986751806,51.093333333333334,16.07212121212121,1.0,False,False,False
457,0.8990486663599552,51.00060606060606,16.13939393939394,1.0,False,False,False
458,0.8988611829418146,51.06787878787879,16.08909090909091,1.0,False,False,False
459,0.8989737379665945,51.07272727272727,16.09151515151515,1.0,False,False,False
460,0.8985515488293213,51.04969696969697,16.104848484848485,1.0,False,False,False
461,0.8990221157672004,50.88060606060606,16.258181818181818,1.0,False,False,False
462,0.8982282780917764,51.06484848484848,16.098181818181818,1.0,False,False,False
463,0.8979076412919326,50.91878787878788,16.224848484848486,1.0,False,False,False
464,0.8995513505335174,50.89393939393939,16.227878787878787,1.0,False,False,False
465,0.8999436951449532,50.99818181818182,16.145454545454545,1.0,False,False,False
466,0.8987610991942931,50.8569696969697,16.292727272727273,1.0,False,False,False
467,0.8986445159328758,50.692727272727275,16.44969696969697,1.0,False,False,False
468,0.8990985845508004,50.59878787878788,16.536363636363635,1.0,False,False,False
469,0.8996111842160497,50.42545454545454,16.626060606060605,1.0,False,False,False
470,0.898865132298117,50.50060606060606,16.62848484848485,1.0,False,False,False
471,0.8989026318414994,50.35212121212121,16.752727272727274,1.0,False,False,False
472,0.8984217757305454,50.25939393939394,16.822424242424244,1.0,False,False,False
473,0.8991995224375101,50.42969696969697,16.684848484848484,1.0,False,False,False
474,0.8992626178336158,50.50424242424243,16.615151515151513,1.0,False,False,False
475,0.8986918171715845,50.664242424242424,16.472121212121213,1.0,False,False,False
476,0.8986931214542686,50.61575757575758,16.514545454545456,1.0,False,False,False
477,0.8990164767288902,50.736363636363635,16.40969696969697,1.0,False,False,False
478,0.897903695616635,50.765454545454546,16.395151515151515,1.0,False,False,False
479,0.898974986149174,50.92727272727273,16.257575757575758,1.0,False,False,False
480,0.8987886081755266,51.13878787878788,16.0569696969697,1.0,False,False,False
481,0.8996200197733484,51.39151515151515,15.827272727272728,1.0,False,False,False
482,0.8982093463800482,51.29151515151515,15.950303030303031,1.0,False,False,False
483,0.8985803551579478,51.81454545454545,15.455151515151515,1.0,False,False,False
484,0.8976135527860544,51.67393939393939,15.598181818181818,1.0,False,False,False
485,0.8972368048758828,52.22121212121212,15.09939393939394,1.0,False,False,False
486,0.8988200215585777,52.39333333333333,14.957575757575757,1.0,False,False,False
487,0.8998766445657681,52.65939393939394,14.719393939393939,1.0,False,False,False
488,0.8994147329427659,52.9339393939394,14.463030303030303,1.0,False,False,False
489,0.8990369746841785,53.10666666666667,14.326666666666666,1.0,False,False,False
490,0.8988730281451704,53.026060606060604,14.376969696969697,1.0,False,False,False
491,0.8994269323617353,53.44969696969697,14.012727272727274,1.0,False,False,False
492,0.8986378200785973,53.692727272727275,13.813333333333333,1.0,False,False,False
493,0.8991506522284002,53.99333333333333,13.533333333333333,1.0,False,False,False
494,0.8984020649188189,53.73878787878788,13.783030303030303,1.0,False,False,False
495,0.899253989786653,54.20969696969697,13.381212121212121,1.0,False,False,False
496,0.8983694810893271,54.49272727272727,13.112727272727273,1.0,False,False,False
497,0.9000013359014473,54.68484848484849,12.94969696969697,1.0,False,False,False
498,0.9005535011242126,54.5660606060606,13.078181818181818,1.0,False,False,False
499,0.9008594278891567,54.63272727272727,13.026060606060605,1.0,False,False,False
500,0.8920327785734248,54.86969696969697,12.795151515151515,1.0,False,False,False
501,0.8951276334735242,54.84909090909091,12.789090909090909,1.0,False,False,False
502,0.8968664939046271,55.012121212121215,12.633333333333333,1.0,False,False,False
503,0.8998981097372613,55.03212121212121,12.58909090909091,1.0,False,False,False
504,0.8998196238599938,54.8860606060606,12.715757575757575,1.0,False,False,False
505,0.9015359316942047,54.9339393939394,12.663030303030302,1.0,False,False,False
506,0.9081950346523028,55.30268456375839,12.968456375838926,0.9030303030303031,False,False,False
507,0.9421436121827143,56.10813308687616,13.104436229205175,0.6557575757575758,False,False,False
508,0.9421436121827143,56.10813308687616,13.104436229205175,0.0,False,False,False
509,0.9421436121827143,56.10813308687616,13.104436229205175,0.0,False,False,False
510,0.9421436121827143,56.10813308687616,13.104436229205175,0.0,False,False,False
511,0.9421436121827143,56.10813308687616,13.104436229205175,0.0,False,False,False
512,0.9421436121827143,56.10813308687616,13.104436229205175,0.0,False,False,False
513,0.9421436121827143,56.10813308687616,13.104436229205175,0.0,False,False,False
514,0.9421436121827143,56.10813308687616,13.104436229205175,0.0,False,False,False
515,0.9421436121827143,56.10813308687616,13.104436229205175,0.0,False,False,False
516,0.9421436121827143,56.10813308687616,13.104436229205175,0.0,False,False,False
517,0.9421436121827143,56.10813308687616,13.104436229205175,0.0,False,False,False
518,0.9421436121827143,56.10813308687616,13.104436229205175,0.0,False,False,False
519,0.9421436121827143,56.10813308687616,13.104436229205175,0.0,False,False,False
520,0.9421436121827143,56.10813308687616,13.104436229205175,0.0,False,False,False
521,0.9421436121827143,56.10813308687616,13.104436229205175,0.0,False,False,False
522,0.9421436121827143,56.10813308687616,13.104436229205175,0.0,False,False,False
523,0.9421436121827143,56.10813308687616,13.104436229205175,0.0,False,False,False
524,0.9421436121827143,56.10813308687616,13.104436229205175,0.0,False,False,False
525,0.9421436121827143,56.10813308687616,13.104436229205175,0.0,False,False,False
526,0.9421436121827143,56.10813308687616,13.104436229205175,0.0,False,False,False
527,0.9421436121827143,56.10813308687616,13.104436229205175,0.0,False,False,False
528,0.9421436121827143,56.10813308687616,13.104436229205175,0.0,False,False,False
529,0.9421436121827143,56.10813308687616,13.104436229205175,0.0,False,False,False
530,0.9421436121827143,56.10813308687616,13.104436229205175,0.0,False,False,False
531,0.9421436121827143,56.10813308687616,13.104436229205175,0.0,False,False,False
532,0.9421436121827143,56.10813308687616,13.104436229205175,0.0,False,False,False
533,0.9421436121827143,56.10813308687616,13.104436229205175,0.0012121212121212121,False,False,False
534,0.9421436121827143,56.10813308687616,13.104436229205175,0.006666666666666667,False,False,False
535,0.9421436121827143,56.10813308687616,13.104436229205175,0.020606060606060607,False,False,False
536,0.9421436121827143,56.10813308687616,13.104436229205175,0.06363636363636363,False,False,False
537,0.9421436121827143,56.10813308687616,13.104436229205175,0.11636363636363636,False,False,False
538,0.9421436121827143,56.10813308687616,13.104436229205175,0.20303030303030303,False,False,False
539,0.9421436121827143,56.10813308687616,13.104436229205175,0.2903030303030303,False,False,False
540,0.9421436121827143,56.10813308687616,13.104436229205175,0.3212121212121212,False,False,False
541,0.9421436121827143,56.10813308687616,13.104436229205175,0.40060606060606063,False,False,False
542,0.9576374760982058,54.17710843373494,14.704819277108435,0.503030303030303,False,False,False
543,0.9431767016662395,53.66064257028113,14.880522088353414,0.6036363636363636,False,False,False
544,0.923834805170009,53.6188455008489,15.149405772495756,0.713939393939394,False,False,False
545,0.9087370587573316,53.310537334263785,14.997906489881368,0.8684848484848485,False,False,False
546,0.9064104403632152,53.02755905511811,14.832020997375327,0.9236363636363636,False,False,False
547,0.904637218664005,52.626060606060605,14.66060606060606,1.0,False,False,False
548,0.9056970037769718,52.769090909090906,14.52969696969697,1.0,False,False,False
549,0.9061565972157687,53.24,14.09878787878788,1.0,False,False,False
550,0.8916366118058159,53.3,14.077575757575758,1.0,False,False,False
551,0.8945701206242993,53.24848484848485,14.110909090909091,1.0,False,False,False
552,0.8968798502735477,53.10848484848485,14.227878787878788,1.0,False,False,False
553,0.8993925160898023,53.14666666666667,14.18969696969697,1.0,False,False,False
554,0.8980691865662573,53.26121212121212,14.086060606060606,1.0,False,False,False
555,0.8995612871408762,53.24060606060606,14.100606060606061,1.0,False,False,False
556,0.8994617036499774,53.32,14.01030303030303,1.0,False,False,False
557,0.8988810697726056,53.086060606060606,14.23939393939394,1.0,False,False,False
558,0.8995320264138945,53.35333333333333,13.979393939393939,1.0,False,False,False
559,0.9010304698434574,53.24242424242424,14.09878787878788,1.0,False,False,False
560,0.8997617618479126,53.24848484848485,14.06969696969697,1.0,False,False,False
561,0.8995436152631245,53.23878787878788,14.081818181818182,1.0,False,False,False
562,0.9012155798743469,53.267878787878786,14.05030303030303,1.0,False,False,False
563,0.9004754042095374,53.28969696969697,14.053939393939395,1.0,False,False,False
564,0.901092493717345,53.276969696969694,14.047272727272727,1.0,False,False,False
565,0.90143682277703,53.22727272727273,14.129696969696969,1.0,False,False,False
566,0.9017518779777408,53.3830303030303,13.992121212121212,1.0,False,False,False
567,0.9021935749464186,53.18363636363637,14.163636363636364,1.0,False,False,False
568,0.9022821468985602,53.18121212121212,14.155151515151514,1.0,False,False,False
569,0.9024711019832249,53.167878787878784,14.164848484848484,1.0,False,False,False
570,0.9018303592033625,53.194545454545455,14.15030303030303,1.0,False,False,False
571,0.9021572729705173,53.18606060606061,14.172121212121212,1.0,False,False,False
572,0.901677525048296,53.17757575757576,14.17939393939394,1.0,False,False,False
573,0.902241293753572,52.93090909090909,14.404242424242424,1.0,False,False,False
574,0.9014834400235757,53.13333333333333,14.218787878787879,1.0,False,False,False
575,0.9032255742675618,53.097575757575754,14.174545454545454,1.0,False,False,False
576,0.9021166214054598,53.10060606060606,14.232121212121212,1.0,False,False,False
577,0.9015450678258954,53.03757575757576,14.285454545454545,1.0,False,False,False
578,0.9022208281744336,53.11272727272727,14.223636363636365,1.0,False,False,False
579,0.9023985996057693,53.06969696969697,14.246060606060606,1.0,False,False,False
580,0.9017165213861523,53.093333333333334,14.23939393939394,1.0,False,False,False
581,0.9014129038211535,52.97212121212121,14.352121212121212,1.0,False,False,False
582,0.9030987773186583,53.14909090909091,14.186060606060606,1.0,False,False,False
583,0.902964191593562,53.124848484848485,14.203030303030303,1.0,False,False,False
584,0.9032792306348572,53.09151515151515,14.236363636363636,1.0,False,False,False
585,0.903591927898982,52.980606060606064,14.333939393939394,1.0,False,False,False
586,0.903361050891908,52.906666666666666,14.404242424242424,1.0,False,False,False
587,0.9030653069455948,52.88,14.430909090909092,1.0,False,False,False
588,0.9034971194931383,52.78,14.515151515151516,1.0,False,False,False
589,0.9135529451182542,53.93633540372671,14.864906832298137,0.7806060606060606,False,False,False
590,0.9136529021141483,53.64518633540373,15.11413043478261,0.7806060606060606,False,False,False
591,0.9136529021141483,53.64518633540373,15.11413043478261,0.4503030303030303,False,False,False
592,0.9136529021141483,53.64518633540373,15.11413043478261,0.343030303030303,False,False,False
593,0.9136529021141483,53.64518633540373,15.11413043478261,0.2903030303030303,False,False,False
594,0.9136529021141483,53.64518633540373,15.11413043478261,0.2806060606060606,False,False,False
595,0.9136529021141483,53.64518633540373,15.11413043478261,0.3006060606060606,False,False,False
596,0.9136529021141483,53.64518633540373,15.11413043478261,0.12303030303030303,False,False,False
597,0.9136529021141483,53.64518633540373,15.11413043478261,0.06363636363636363,False,False,False
598,0.9136529021141483,53.64518633540373,15.11413043478261,0.041212121212121214,False,False,False
599,0.9136529021141483,53.64518633540373,15.11413043478261,0.09090909090909091,False,False,False
600,0.9136529021141483,53.64518633540373,15.11413043478261,0.12303030303030303,False,False,False
601,0.9136529021141483,53.64518633540373,15.11413043478261,0.06363636363636363,False,False,False
602,0.9136529021141483,53.64518633540373,15.11413043478261,0.017575757575757574,False,False,False
603,0.9136529021141483,53.64518633540373,15.11413043478261,0.023636363636363636,False,False,False
604,0.9136529021141483,53.64518633540373,15.11413043478261,0.020606060606060607,False,False,False
605,0.9136529021141483,53.64518633540373,15.11413043478261,0.020606060606060607,False,False,False
606,0.9136529021141483,53.64518633540373,15.11413043478261,0.023636363636363636,False,False,False
607,0.9136529021141483,53.64518633540373,15.11413043478261,0.020606060606060607,False,False,False
608,0.9136529021141483,53.64518633540373,15.11413043478261,0.020606060606060607,False,False,False
609,0.9136529021141483,53.64518633540373,15.11413043478261,0.010303030303030303,False,False,False
610,0.9136529021141483,53.64518633540373,15.11413043478261,0.006666666666666667,False,False,False
611,0.9136529021141483,53.64518633540373,15.11413043478261,0.008484848484848486,False,False,False
612,0.9136529021141483,53.64518633540373,15.11413043478261,0.015151515151515152,False,False,False
613,0.9136529021141483,53.64518633540373,15.11413043478261,0.008484848484848486,False,False,False
614,0.9136529021141483,53.64518633540373,15.11413043478261,0.012727272727272728,False,False,False
615,0.9136529021141483,53.64518633540373,15.11413043478261,0.010303030303030303,False,False,False
616,0.9136529021141483,53.64518633540373,15.11413043478261,0.015151515151515152,False,False,False
617,0.9136529021141483,53.64518633540373,15.11413043478261,0.023636363636363636,False,False,False
618,0.9136529021141483,53.64518633540373,15.11413043478261,0.015151515151515152,False,False,False
619,0.9136529021141483,53.64518633540373,15.11413043478261,0.023636363636363636,False,False,False
620,0.9136529021141483,53.64518633540373,15.11413043478261,0.020606060606060607,False,False,False
621,0.9136529021141483,53.64518633540373,15.11413043478261,0.02666666666666667,False,False,False
622,0.9136529021141483,53.64518633540373,15.11413043478261,0.030303030303030304,False,False,False
623,0.9136529021141483,53.64518633540373,15.11413043478261,0.02666666666666667,False,False,False
624,0.9136529021141483,53.64518633540373,15.11413043478261,0.041212121212121214,False,False,False
625,0.9136529021141483,53.64518633540373,15.11413043478261,0.037575757575757575,False,False,False
626,0.9136529021141483,53.64518633540373,15.11413043478261,0.045454545454545456,False,False,False
627,0.9136529021141483,53.64518633540373,15.11413043478261,0.023636363636363636,False,False,False
628,0.9136529021141483,53.64518633540373,15.11413043478261,0.02666666666666667,False,False,False
629,0.9136529021141483,53.64518633540373,15.11413043478261,0.030303030303030304,False,False,False
630,0.9136529021141483,53.64518633540373,15.11413043478261,0.045454545454545456,False,False,False
631,0.9136529021141483,53.64518633540373,15.11413043478261,0.037575757575757575,False,False,False
632,0.9136529021141483,53.64518633540373,15.11413043478261,0.045454545454545456,False,False,False
633,0.9136529021141483,53.64518633540373,15.11413043478261,0.030303030303030304,False,False,False
634,0.9136529021141483,53.64518633540373,15.11413043478261,0.012727272727272728,False,False,False
635,0.9136529021141483,53.64518633540373,15.11413043478261,0.015151515151515152,False,False,False
636,0.9136529021141483,53.64518633540373,15.11413043478261,0.012727272727272728,False,False,False
637,0.9136529021141483,53.64518633540373,15.11413043478261,0.006666666666666667,False,False,False
638,0.9136529021141483,53.64518633540373,15.11413043478261,0.006666666666666667,False,False,False
639,0.9136529021141483,53.64518633540373,15.11413043478261,0.0024242424242424242,False,False,False
640,0.9136529021141483,53.64518633540373,15.11413043478261,0.0024242424242424242,False,False,False
641,0.9136529021141483,53.64518633540373,15.11413043478261,0.0036363636363636364,False,False,False
642,0.9136529021141483,53.64518633540373,15.11413043478261,0.0036363636363636364,False,False,False
643,0.9136529021141483,53.64518633540373,15.11413043478261,0.0,False,False,False
644,0.9136529021141483,53.64518633540373,15.11413043478261,0.0024242424242424242,False,False,False
645,0.9136529021141483,53.64518633540373,15.11413043478261,0.0024242424242424242,False,False,False
646,0.9136529021141483,53.64518633540373,15.11413043478261,0.0,False,False,False
647,0.9136529021141483,53.64518633540373,15.11413043478261,0.0,False,False,False
648,0.9136529021141483,53.64518633540373,15.11413043478261,0.0006060606060606061,False,False,False
649,0.9136529021141483,53.64518633540373,15.11413043478261,0.010303030303030303,False,False,False
650,0.9136529021141483,53.64518633540373,15.11413043478261,0.010303030303030303,False,False,False
651,0.9136529021141483,53.64518633540373,15.11413043478261,0.020606060606060607,False,False,False
652,0.9136529021141483,53.64518633540373,15.11413043478261,0.020606060606060607,False,False,False
653,0.9136529021141483,53.64518633540373,15.11413043478261,0.020606060606060607,False,False,False
654,0.9136529021141483,53.64518633540373,15.11413043478261,0.006666666666666667,False,False,False
655,0.9136529021141483,53.64518633540373,15.11413043478261,0.0006060606060606061,False,False,False
656,0.9136529021141483,53.64518633540373,15.11413043478261,0.0,False,False,False
657,0.9136529021141483,53.64518633540373,15.11413043478261,0.006666666666666667,False,False,False
658,0.9136529021141483,53.64518633540373,15.11413043478261,0.037575757575757575,False,False,False
659,0.9136529021141483,53.64518633540373,15.11413043478261,0.037575757575757575,False,False,False
660,0.9136529021141483,53.64518633540373,15.11413043478261,0.045454545454545456,False,False,False
661,0.9136529021141483,53.64518633540373,15.11413043478261,0.023636363636363636,False,False,False
662,0.9136529021141483,53.64518633540373,15.11413043478261,0.045454545454545456,False,False,False
663,0.9136529021141483,53.64518633540373,15.11413043478261,0.07393939393939394,False,False,False
664,0.9136529021141483,53.64518633540373,15.11413043478261,0.09090909090909091,False,False,False
665,0.9136529021141483,53.64518633540373,15.11413043478261,0.06848484848484848,False,False,False
666,0.9136529021141483,53.64518633540373,15.11413043478261,0.06363636363636363,False,False,False
667,0.9136529021141483,53.64518633540373,15.11413043478261,0.07939393939393939,False,False,False
668,0.9136529021141483,53.64518633540373,15.11413043478261,0.10303030303030303,False,False,False
669,0.9136529021141483,53.64518633540373,15.11413043478261,0.07939393939393939,False,False,False
670,0.9136529021141483,53.64518633540373,15.11413043478261,0.09090909090909091,False,False,False
671,0.9136529021141483,53.64518633540373,15.11413043478261,0.10303030303030303,False,False,False
672,0.9136529021141483,53.64518633540373,15.11413043478261,0.06848484848484848,False,False,False
673,0.9136529021141483,53.64518633540373,15.11413043478261,0.020606060606060607,False,False,False
674,0.9136529021141483,53.64518633540373,15.11413043478261,0.010303030303030303,False,False,False
675,0.9136529021141483,53.64518633540373,15.11413043478261,0.0,False,False,False
676,0.9136529021141483,53.64518633540373,15.11413043478261,0.0,False,False,False
677,0.9136529021141483,53.64518633540373,15.11413043478261,0.0,False,False,False
678,0.9136529021141483,53.64518633540373,15.11413043478261,0.0,False,False,False
679,0.9136529021141483,53.64518633540373,15.11413043478261,0.0,False,False,False
680,0.9136529021141483,53.64518633540373,15.11413043478261,0.0,False,False,False
681,0.9136529021141483,53.64518633540373,15.11413043478261,0.0,False,False,False
682,0.9136529021141483,53.64518633540373,15.11413043478261,0.0,False,False,False
683,0.9136529021141483,53.64518633540373,15.11413043478261,0.0,False,False,False
684,0.9136529021141483,53.64518633540373,15.11413043478261,0.0,False,False,False
685,0.9136529021141483,53.64518633540373,15.11413043478261,0.0,False,False,False
686,0.9136529021141483,53.64518633540373,15.11413043478261,0.0,False,False,False
687,0.9136529021141483,53.64518633540373,15.11413043478261,0.0,False,False,False
688,0.9136529021141483,53.64518633540373,15.11413043478261,0.0,False,False,False
689,0.9136529021141483,53.64518633540373,15.11413043478261,0.0,False,False,False
690,0.9136529021141483,53.64518633540373,15.11413043478261,0.0,False,False,False
691,0.9136529021141483,53.64518633540373,15.11413043478261,0.0,False,False,False
692,0.9136529021141483,53.64518633540373,15.11413043478261,0.0,False,False,False
693,0.9136529021141483,53.64518633540373,15.11413043478261,0.0,False,False,False
694,0.9136529021141483,53.64518633540373,15.11413043478261,0.0,False,False,False
695,0.9136529021141483,53.64518633540373,15.11413043478261,0.0,False,False,False
696,0.9136529021141483,53.64518633540373,15.11413043478261,0.0,False,False,False
697,0.9136529021141483,53.64518633540373,15.11413043478261,0.0,False,False,False
698,0.9136529021141483,53.64518633540373,15.11413043478261,0.0,False,False,False
699,0.9136529021141483,53.64518633540373,15.11413043478261,0.0,False,False,False
700,0.9136529021141483,53.64518633540373,15.11413043478261,0.0,False,False,False
701,0.9136529021141483,53.64518633540373,15.11413043478261,0.0,False,False,False
702,0.9136529021141483,53.64518633540373,15.11413043478261,0.0,False,False,False
703,0.9136529021141483,53.64518633540373,15.11413043478261,0.0,False,False,False
704,0.9136529021141483,53.64518633540373,15.11413043478261,0.0,False,False,False
705,0.9136529021141483,53.64518633540373,15.11413043478261,0.0036363636363636364,False,False,False
706,0.9136529021141483,53.64518633540373,15.11413043478261,0.0,False,False,False
707,0.9136529021141483,53.64518633540373,15.11413043478261,0.0,False,False,False
708,0.9136529021141483,53.64518633540373,15.11413043478261,0.0024242424242424242,False,False,False
709,0.9136529021141483,53.64518633540373,15.11413043478261,0.0,False,False,False
710,0.9136529021141483,53.64518633540373,15.11413043478261,0.0,False,False,False
711,0.9136529021141483,53.64518633540373,15.11413043478261,0.0,False,False,False
712,0.9136529021141483,53.64518633540373,15.11413043478261,0.0036363636363636364,False,False,False
713,0.9136529021141483,53.64518633540373,15.11413043478261,0.0,False,False,False
714,0.9136529021141483,53.64518633540373,15.11413043478261,0.0,False,False,False
715,0.9136529021141483,53.64518633540373,15.11413043478261,0.0,False,False,False
716,0.9136529021141483,53.64518633540373,15.11413043478261,0.0,False,False,False
717,0.9136529021141483,53.64518633540373,15.11413043478261,0.0,False,False,False
718,0.9136529021141483,53.64518633540373,15.11413043478261,0.0,False,False,False
719,0.9136529021141483,53.64518633540373,15.11413043478261,0.0,False,False,False
720,0.9136529021141483,53.64518633540373,15.11413043478261,0.0,False,False,False
721,0.9136529021141483,53.64518633540373,15.11413043478261,0.010303030303030303,False,False,False
722,0.9136529021141483,53.64518633540373,15.11413043478261,0.06363636363636363,False,False,False
723,0.9136529021141483,53.64518633540373,15.11413043478261,0.07939393939393939,False,False,False
724,0.9136529021141483,53.64518633540373,15.11413043478261,0.15272727272727274,False,False,False
725,0.9136529021141483,53.64518633540373,15.11413043478261,0.13757575757575757,False,False,False
726,0.9136529021141483,53.64518633540373,15.11413043478261,0.10303030303030303,False,False,False
727,0.9136529021141483,53.64518633540373,15.11413043478261,0.09696969696969697,False,False,False
728,0.9136529021141483,53.64518633540373,15.11413043478261,0.07939393939393939,False,False,False
729,0.9136529021141483,53.64518633540373,15.11413043478261,0.09090909090909091,False,False,False
730,0.9136529021141483,53.64518633540373,15.11413043478261,0.0496969696969697,False,False,False
731,0.9136529021141483,53.64518633540373,15.11413043478261,0.05393939393939394,False,False,False
732,0.9136529021141483,53.64518633540373,15.11413043478261,0.015151515151515152,False,False,False
733,0.9136529021141483,53.64518633540373,15.11413043478261,0.0,False,False,False
734,0.9136529021141483,53.64518633540373,15.11413043478261,0.0,False,False,False
735,0.9136529021141483,53.64518633540373,15.11413043478261,0.0,False,False,False
736,0.9136529021141483,53.64518633540373,15.11413043478261,0.0,False,False,False
737,0.9136529021141483,53.64518633540373,15.11413043478261,0.0,False,False,False
738,0.9136529021141483,53.64518633540373,15.11413043478261,0.0,False,False,False
739,0.9136529021141483,53.64518633540373,15.11413043478261,0.0,False,False,False
740,0.9136529021141483,53.64518633540373,15.11413043478261,0.0,False,False,False
741,0.9136529021141483,53.64518633540373,15.11413043478261,0.0,False,False,False
742,0.9136529021141483,53.64518633540373,15.11413043478261,0.0,False,False,False
743,0.9136529021141483,53.64518633540373,15.11413043478261,0.0,False,False,False
744,0.9136529021141483,53.64518633540373,15.11413043478261,0.0,False,False,False
745,0.9136529021141483,53.64518633540373,15.11413043478261,0.0,False,False,False
746,0.9136529021141483,53.64518633540373,15.11413043478261,0.0,False,False,False
747,0.9136529021141483,53.64518633540373,15.11413043478261,0.0,False,False,False
748,0.9136529021141483,53.64518633540373,15.11413043478261,0.0,False,False,False
749,0.9136529021141483,53.64518633540373,15.11413043478261,0.0,False,False,False
750,0.9136529021141483,53.64518633540373,15.11413043478261,0.0,False,False,False
751,0.9136529021141483,53.64518633540373,15.11413043478261,0.0,False,False,False
752,0.9136529021141483,53.64518633540373,15.11413043478261,0.0,False,False,False
753,0.9136529021141483,53.64518633540373,15.11413043478261,0.0,False,False,False
754,0.9136529021141483,53.64518633540373,15.11413043478261,0.0,False,False,False
755,0.9136529021141483,53.64518633540373,15.11413043478261,0.0,False,False,False
756,0.9136529021141483,53.64518633540373,15.11413043478261,0.0,False,False,False
757,0.9136529021141483,53.64518633540373,15.11413043478261,0.0,False,False,False
758,0.9136529021141483,53.64518633540373,15.11413043478261,0.0,False,False,False
759,0.9136529021141483,53.64518633540373,15.11413043478261,0.0,False,False,False
760,0.9136529021141483,53.64518633540373,15.11413043478261,0.0,False,False,False
761,0.9136529021141483,53.64518633540373,15.11413043478261,0.0,False,False,False
762,0.9136529021141483,53.64518633540373,15.11413043478261,0.0,False,False,False
763,0.9136529021141483,53.64518633540373,15.11413043478261,0.0,False,False,False
764,0.9136529021141483,53.64518633540373,15.11413043478261,0.0,False,False,False
765,0.9136529021141483,53.64518633540373,15.11413043478261,0.0,False,False,False
766,0.9136529021141483,53.64518633540373,15.11413043478261,0.0,False,False,False
767,0.9136529021141483,53.64518633540373,15.11413043478261,0.0,False,False,False
768,0.9136529021141483,53.64518633540373,15.11413043478261,0.0,False,False,False
769,0.9136529021141483,53.64518633540373,15.11413043478261,0.0,False,False,False
770,0.9136529021141483,53.64518633540373,15.11413043478261,0.0,False,False,False
771,0.9136529021141483,53.64518633540373,15.11413043478261,0.0,False,False,False
772,0.9136529021141483,53.64518633540373,15.11413043478261,0.0,False,False,False
773,0.9136529021141483,53.64518633540373,15.11413043478261,0.0,False,False,False
774,0.9136529021141483,53.64518633540373,15.11413043478261,0.0,False,False,False
775,0.9136529021141483,53.64518633540373,15.11413043478261,0.0024242424242424242,False,False,False
776,0.9136529021141483,53.64518633540373,15.11413043478261,0.020606060606060607,False,False,False
777,0.9136529021141483,53.64518633540373,15.11413043478261,0.041212121212121214,False,False,False
778,0.9136529021141483,53.64518633540373,15.11413043478261,0.05393939393939394,False,False,False
779,0.9136529021141483,53.64518633540373,15.11413043478261,0.041212121212121214,False,False,False
780,0.9136529021141483,53.64518633540373,15.11413043478261,0.06363636363636363,False,False,False
781,0.9136529021141483,53.64518633540373,15.11413043478261,0.06363636363636363,False,False,False
782,0.9136529021141483,53.64518633540373,15.11413043478261,0.09090909090909091,False,False,False
783,0.9136529021141483,53.64518633540373,15.11413043478261,0.030303030303030304,False,False,False
784,0.9136529021141483,53.64518633540373,15.11413043478261,0.045454545454545456,False,False,False
785,0.9136529021141483,53.64518633540373,15.11413043478261,0.030303030303030304,False,False,False
786,0.9136529021141483,53.64518633540373,15.11413043478261,0.037575757575757575,False,False,False
787,0.9136529021141483,53.64518633540373,15.11413043478261,0.05393939393939394,False,False,False
788,0.9136529021141483,53.64518633540373,15.11413043478261,0.037575757575757575,False,False,False
789,0.9136529021141483,53.64518633540373,15.11413043478261,0.05393939393939394,False,False,False
790,0.9136529021141483,53.64518633540373,15.11413043478261,0.06363636363636363,False,False,False
791,0.9136529021141483,53.64518633540373,15.11413043478261,0.06363636363636363,False,False,False
792,0.9136529021141483,53.64518633540373,15.11413043478261,0.05393939393939394,False,False,False
793,0.9136529021141483,53.64518633540373,15.11413043478261,0.041212121212121214,False,False,False
794,0.9136529021141483,53.64518633540373,15.11413043478261,0.03393939393939394,False,False,False
795,0.9136529021141483,53.64518633540373,15.11413043478261,0.023636363636363636,False,False,False
796,0.9136529021141483,53.64518633540373,15.11413043478261,0.03393939393939394,False,False,False
797,0.9136529021141483,53.64518633540373,15.11413043478261,0.02666666666666667,False,False,False
798,0.9136529021141483,53.64518633540373,15.11413043478261,0.06363636363636363,False,False,False
799,0.9136529021141483,53.64518633540373,15.11413043478261,0.06363636363636363,False,False,False
800,0.9136529021141483,53.64518633540373,15.11413043478261,0.06848484848484848,False,False,False
801,0.9136529021141483,53.64518633540373,15.11413043478261,0.037575757575757575,False,False,False
802,0.9136529021141483,53.64518633540373,15.11413043478261,0.07393939393939394,False,False,False
803,0.9136529021141483,53.64518633540373,15.11413043478261,0.06363636363636363,False,False,False
804,0.9136529021141483,53.64518633540373,15.11413043478261,0.06363636363636363,False,False,False
805,0.9136529021141483,53.64518633540373,15.11413043478261,0.030303030303030304,False,False,False
806,0.9136529021141483,53.64518633540373,15.11413043478261,0.06848484848484848,False,False,False
807,0.9136529021141483,53.64518633540373,15.11413043478261,0.06848484848484848,False,False,False
808,0.9136529021141483,53.64518633540373,15.11413043478261,0.07939393939393939,False,False,False
809,0.9136529021141483,53.64518633540373,15.11413043478261,0.037575757575757575,False,False,False
810,0.9136529021141483,53.64518633540373,15.11413043478261,0.06363636363636363,False,False,False
811,0.9136529021141483,53.64518633540373,15.11413043478261,0.041212121212121214,False,False,False
812,0.9136529021141483,53.64518633540373,15.11413043478261,0.02666666666666667,False,False,False
813,0.9136529021141483,53.64518633540373,15.11413043478261,0.037575757575757575,False,False,False
814,0.9136529021141483,53.64518633540373,15.11413043478261,0.023636363636363636,False,False,False
815,0.9136529021141483,53.64518633540373,15.11413043478261,0.020606060606060607,False,False,False
816,0.9136529021141483,53.64518633540373,15.11413043478261,0.023636363636363636,False,False,False
817,0.9136529021141483,53.64518633540373,15.11413043478261,0.03393939393939394,False,False,False
818,0.9136529021141483,53.64518633540373,15.11413043478261,0.030303030303030304,False,False,False
819,0.9136529021141483,53.64518633540373,15.11413043478261,0.023636363636363636,False,False,False
820,0.9136529021141483,53.64518633540373,15.11413043478261,0.015151515151515152,False,False,False
821,0.9136529021141483,53.64518633540373,15.11413043478261,0.0,False,False,False
822,0.9136529021141483,53.64518633540373,15.11413043478261,0.010303030303030303,False,False,False
823,0.9136529021141483,53.64518633540373,15.11413043478261,0.010303030303030303,False,False,False
824,0.9136529021141483,53.64518633540373,15.11413043478261,0.015151515151515152,False,False,False
825,0.9136529021141483,53.64518633540373,15.11413043478261,0.015151515151515152,False,False,False
826,0.9136529021141483,53.64518633540373,15.11413043478261,0.015151515151515152,False,False,False
827,0.9136529021141483,53.64518633540373,15.11413043478261,0.023636363636363636,False,False,False
828,0.9136529021141483,53.64518633540373,15.11413043478261,0.0036363636363636364,False,False,False
829,0.9136529021141483,53.64518633540373,15.11413043478261,0.010303030303030303,False,False,False
830,0.9136529021141483,53.64518633540373,15.11413043478261,0.006666666666666667,False,False,False
831,0.9136529021141483,53.64518633540373,15.11413043478261,0.015151515151515152,False,False,False
832,0.9136529021141483,53.64518633540373,15.11413043478261,0.006666666666666667,False,False,False
833,0.9136529021141483,53.64518633540373,15.11413043478261,0.008484848484848486,False,False,False
834,0.9136529021141483,53.64518633540373,15.11413043478261,0.006666666666666667,False,False,False
835,0.9136529021141483,53.64518633540373,15.11413043478261,0.015151515151515152,False,False,False
836,0.9136529021141483,53.64518633540373,15.11413043478261,0.010303030303030303,False,False,False
837,0.9136529021141483,53.64518633540373,15.11413043478261,0.0036363636363636364,False,False,False
838,0.9136529021141483,53.64518633540373,15.11413043478261,0.0024242424242424242,False,False,False
839,0.9136529021141483,53.64518633540373,15.11413043478261,0.006666666666666667,False,False,False
840,0.9136529021141483,53.64518633540373,15.11413043478261,0.0024242424242424242,False,False,False
841,0.9136529021141483,53.64518633540373,15.11413043478261,0.010303030303030303,False,False,False
842,0.9136529021141483,53.64518633540373,15.11413043478261,0.010303030303030303,False,False,False
843,0.9136529021141483,53.64518633540373,15.11413043478261,0.020606060606060607,False,False,False
844,0.9136529021141483,53.64518633540373,15.11413043478261,0.0024242424242424242,False,False,False
845,0.9136529021141483,53.64518633540373,15.11413043478261,0.0024242424242424242,False,False,False
846,0.9136529021141483,53.64518633540373,15.11413043478261,0.0,False,False,False
847,0.9136529021141483,53.64518633540373,15.11413043478261,0.0,False,False,False
848,0.9136529021141483,53.64518633540373,15.11413043478261,0.0,False,False,False
849,0.9136529021141483,53.64518633540373,15.11413043478261,0.0,False,False,False
850,0.9136529021141483,53.64518633540373,15.11413043478261,0.0,False,False,False
851,0.9136529021141483,53.64518633540373,15.11413043478261,0.0,False,False,False
852,0.9136529021141483,53.64518633540373,15.11413043478261,0.0,False,False,False
853,0.9136529021141483,53.64518633540373,15.11413043478261,0.0,False,False,False
854,0.9136529021141483,53.64518633540373,15.11413043478261,0.0,False,False,False
855,0.9136529021141483,53.64518633540373,15.11413043478261,0.0,False,False,False
856,0.9136529021141483,53.64518633540373,15.11413043478261,0.0,False,False,False
857,0.9136529021141483,53.64518633540373,15.11413043478261,0.0,False,False,False
858,0.9136529021141483,53.64518633540373,15.11413043478261,0.0,False,False,False
859,0.9136529021141483,53.64518633540373,15.11413043478261,0.0,False,False,False
860,0.9136529021141483,53.64518633540373,15.11413043478261,0.0,False,False,False
861,0.9136529021141483,53.64518633540373,15.11413043478261,0.0,False,False,False
862,0.9136529021141483,53.64518633540373,15.11413043478261,0.0006060606060606061,False,False,False
863,0.9136529021141483,53.64518633540373,15.11413043478261,0.0036363636363636364,False,False,False
864,0.9136529021141483,53.64518633540373,15.11413043478261,0.006666666666666667,False,False,False
865,0.9136529021141483,53.64518633540373,15.11413043478261,0.0,False,False,False
866,0.9136529021141483,53.64518633540373,15.11413043478261,0.010303030303030303,False,False,False
867,0.9136529021141483,53.64518633540373,15.11413043478261,0.023636363636363636,False,False,False
868,0.9136529021141483,53.64518633540373,15.11413043478261,0.037575757575757575,False,False,False
869,0.9136529021141483,53.64518633540373,15.11413043478261,0.041212121212121214,False,False,False
870,0.9136529021141483,53.64518633540373,15.11413043478261,0.08484848484848485,False,False,False
871,0.9136529021141483,53.64518633540373,15.11413043478261,0.11636363636363636,False,False,False
872,0.9136529021141483,53.64518633540373,15.11413043478261,0.14484848484848484,False,False,False
873,0.9136529021141483,53.64518633540373,15.11413043478261,0.15272727272727274,False,False,False
874,0.9136529021141483,53.64518633540373,15.11413043478261,0.21212121212121213,False,False,False
875,0.9136529021141483,53.64518633540373,15.11413043478261,0.2503030303030303,False,False,False
876,0.9136529021141483,53.64518633540373,15.11413043478261,0.20303030303030303,False,False,False
877,0.9136529021141483,53.64518633540373,15.11413043478261,0.2606060606060606,False,False,False
878,0.9136529021141483,53.64518633540373,15.11413043478261,0.2903030303030303,False,False,False
879,0.9136529021141483,53.64518633540373,15.11413043478261,0.343030303030303,False,False,False
880,0.9136529021141483,53.64518633540373,15.11413043478261,0.3884848484848485,False,False,False
881,0.926428582119997,57.377049180327866,12.03825136612022,0.6654545454545454,False,False,False
882,0.9250533405671987,57.557377049180324,11.987249544626593,0.6654545454545454,False,False,False
883,0.9037472548302756,57.19458303635068,11.81895937277263,0.8503030303030303,False,False,False
884,0.8983238267499253,56.237575757575755,11.446666666666667,1.0,False,False,False
885,0.8977608939082111,56.27272727272727,11.415151515151516,1.0,False,False,False
886,0.898353538629616,56.43333333333333,11.287272727272727,1.0,False,False,False
887,0.899175597644848,56.64060606060606,11.144242424242425,1.0,False,False,False
888,0.8993688210435646,56.61636363636364,11.163636363636364,1.0,False,False,False
889,0.8989893889168775,56.74242424242424,11.063030303030303,1.0,False,False,False
890,0.901602018041614,56.63151515151515,11.063636363636364,1.0,False,False,False
891,0.8981003223273585,56.71333333333333,11.043636363636363,1.0,False,False,False
892,0.901737656662573,56.735151515151514,10.983030303030302,1.0,False,False,False
893,0.9017622806809777,56.73878787878788,10.989090909090908,1.0,False,False,False
894,0.9013618956519563,56.845454545454544,10.907878787878788,1.0,False,False,False
895,0.8995648360828716,56.86121212121212,10.976969696969697,1.0,False,False,False
896,0.8990091902543107,56.86121212121212,10.924848484848486,1.0,False,False,False
897,0.9012153577276295,56.947878787878786,10.861212121212121,1.0,False,False,False
898,0.9020332593573858,56.86909090909091,10.916969696969696,1.0,False,False,False
899,0.902411450704054,57.03878787878788,10.783636363636363,1.0,False,False,False
900,0.888447949777287,57.38727272727273,10.620606060606061,1.0,False,False,False
901,0.8919464486602388,57.484242424242424,10.487272727272726,1.0,False,False,False
902,0.8925385462542473,57.417575757575754,10.526060606060605,1.0,False,False,False
903,0.8948018096896969,57.46363636363636,10.452121212121211,1.0,False,False,False
904,0.8954227729011291,57.42181818181818,10.513333333333334,1.0,False,False,False
905,0.8961269343810216,57.405454545454546,10.516363636363636,1.0,False,False,False
906,0.8962347501999034,57.45090909090909,10.455151515151515,1.0,False,False,False
907,0.8974380016989645,57.43818181818182,10.456969696969697,1.0,False,False,False
908,0.8971332243302186,57.345454545454544,10.558181818181819,1.0,False,False,False
909,0.8985486642917766,57.344242424242424,10.547272727272727,1.0,False,False,False
910,0.8973612061148207,57.38060606060606,10.510909090909092,1.0,False,False,False
911,0.8992867209697735,57.36545454545455,10.540606060606061,1.0,False,False,False
912,0.8967649719276944,57.268484848484846,10.614545454545455,1.0,False,False,False
913,0.8984336204073062,57.30969696969697,10.56969696969697,1.0,False,False,False
914,0.8975992997063048,57.38848484848485,10.516363636363636,1.0,False,False,False
915,0.8985557512004548,57.39090909090909,10.511515151515152,1.0,False,False,False
916,0.8987565749201162,57.341818181818184,10.57030303030303,1.0,False,False,False
917,0.8987500025757471,57.38,10.521212121212121,1.0,False,False,False
918,0.8974145117120826,57.29878787878788,10.632727272727273,1.0,False,False,False
919,0.8979141743014194,57.36727272727273,10.593333333333334,1.0,False,False,False
920,0.8996281522083832,57.333939393939396,10.57939393939394,1.0,False,False,False
921,0.8996642249078581,57.47636363636364,10.478181818181818,1.0,False,False,False
922,0.8999324136809359,57.378787878787875,10.556363636363637,1.0,False,False,False
923,0.9002250276213718,57.43212121212121,10.516363636363636,1.0,False,False,False
924,0.8998746394165139,57.378787878787875,10.553939393939395,1.0,False,False,False
925,0.9003346818888651,57.36545454545455,10.572121212121212,1.0,False,False,False
926,0.900966119070729,57.484242424242424,10.466666666666667,1.0,False,False,False
927,0.9010001777031452,57.338181818181816,10.555757575757577,1.0,False,False,False
928,0.8999457257700246,57.42121212121212,10.507878787878788,1.0,False,False,False
929,0.900298517089678,57.43818181818182,10.49939393939394,1.0,False,False,False
930,0.8997996520185011,57.486666666666665,10.455757575757575,1.0,False,False,False
931,0.8996192799096155,57.47939393939394,10.465454545454545,1.0,False,False,False
932,0.899854486341481,57.550909090909094,10.412121212121212,1.0,False,False,False
933,0.8998983688240797,57.37939393939394,10.561818181818182,1.0,False,False,False
934,0.901099983906623,57.38848484848485,10.51878787878788,1.0,False,False,False
935,0.9007566666321518,57.404848484848486,10.5,1.0,False,False,False
936,0.9001441597777448,57.43288177339902,10.60344827586207,0.9842424242424243,False,False,False
937,0.9001441597777448,57.43288177339902,10.60344827586207,0.35878787878787877,False,False,False
938,0.9001441597777448,57.43288177339902,10.60344827586207,0.030303030303030304,False,False,False
939,0.9001441597777448,57.43288177339902,10.60344827586207,0.0,False,False,False
940,0.9001441597777448,57.43288177339902,10.60344827586207,0.008484848484848486,False,False,False
941,0.9001441597777448,57.43288177339902,10.60344827586207,0.015151515151515152,False,False,False
942,0.9001441597777448,57.43288177339902,10.60344827586207,0.017575757575757574,False,False,False
943,0.9001441597777448,57.43288177339902,10.60344827586207,0.017575757575757574,False,False,False
944,0.9001441597777448,57.43288177339902,10.60344827586207,0.023636363636363636,False,False,False
945,0.9001441597777448,57.43288177339902,10.60344827586207,0.045454545454545456,False,False,False
946,0.9001441597777448,57.43288177339902,10.60344827586207,0.05393939393939394,False,False,False
947,0.9001441597777448,57.43288177339902,10.60344827586207,0.06848484848484848,False,False,False
948,0.9001441597777448,57.43288177339902,10.60344827586207,0.06848484848484848,False,False,False
949,0.9001441597777448,57.43288177339902,10.60344827586207,0.07939393939393939,False,False,False
950,0.9001441597777448,57.43288177339902,10.60344827586207,0.07939393939393939,False,False,False
951,0.9001441597777448,57.43288177339902,10.60344827586207,0.07939393939393939,False,False,False
952,0.9001441597777448,57.43288177339902,10.60344827586207,0.0496969696969697,False,False,False
953,0.9001441597777448,57.43288177339902,10.60344827586207,0.05393939393939394,False,False,False
954,0.9001441597777448,57.43288177339902,10.60344827586207,0.030303030303030304,False,False,False
955,0.9001441597777448,57.43288177339902,10.60344827586207,0.03393939393939394,False,False,False
956,0.9001441597777448,57.43288177339902,10.60344827586207,0.05393939393939394,False,False,False
957,0.9001441597777448,57.43288177339902,10.60344827586207,0.037575757575757575,False,False,False
958,0.9001441597777448,57.43288177339902,10.60344827586207,0.023636363636363636,False,False,False
959,0.9001441597777448,57.43288177339902,10.60344827586207,0.015151515151515152,False,False,False
960,0.9001441597777448,57.43288177339902,10.60344827586207,0.010303030303030303,False,False,False
961,0.9001441597777448,57.43288177339902,10.60344827586207,0.010303030303030303,False,False,False
962,0.9001441597777448,57.43288177339902,10.60344827586207,0.010303030303030303,False,False,False
963,0.9001441597777448,57.43288177339902,10.60344827586207,0.015151515151515152,False,False,False
964,0.9001441597777448,57.43288177339902,10.60344827586207,0.006666666666666667,False,False,False
965,0.9001441597777448,57.43288177339902,10.60344827586207,0.006666666666666667,False,False,False
966,0.9001441597777448,57.43288177339902,10.60344827586207,0.006666666666666667,False,False,False
967,0.9001441597777448,57.43288177339902,10.60344827586207,0.012727272727272728,False,False,False
968,0.9001441597777448,57.43288177339902,10.60344827586207,0.017575757575757574,False,False,False
969,0.9001441597777448,57.43288177339902,10.60344827586207,0.020606060606060607,False,False,False
970,0.9001441597777448,57.43288177339902,10.60344827586207,0.030303030303030304,False,False,False
971,0.9001441597777448,57.43288177339902,10.60344827586207,0.0496969696969697,False,False,False
972,0.9001441597777448,57.43288177339902,10.60344827586207,0.05393939393939394,False,False,False
973,0.9001441597777448,57.43288177339902,10.60344827586207,0.06848484848484848,False,False,False
974,0.9001441597777448,57.43288177339902,10.60344827586207,0.06848484848484848,False,False,False
975,0.9001441597777448,57.43288177339902,10.60344827586207,0.07939393939393939,False,False,False
976,0.9001441597777448,57.43288177339902,10.60344827586207,0.09090909090909091,False,False,False
977,0.9001441597777448,57.43288177339902,10.60344827586207,0.10303030303030303,False,False,False
978,0.9001441597777448,57.43288177339902,10.60344827586207,0.10303030303030303,False,False,False
979,0.9001441597777448,57.43288177339902,10.60344827586207,0.12303030303030303,False,False,False
980,0.9001441597777448,57.43288177339902,10.60344827586207,0.12303030303030303,False,False,False
981,0.9001441597777448,57.43288177339902,10.60344827586207,0.1303030303030303,False,False,False
982,0.9001441597777448,57.43288177339902,10.60344827586207,0.13757575757575757,False,False,False
983,0.9001441597777448,57.43288177339902,10.60344827586207,0.15272727272727274,False,False,False
984,0.9001441597777448,57.43288177339902,10.60344827586207,0.1684848484848485,False,False,False
985,0.9001441597777448,57.43288177339902,10.60344827586207,0.15272727272727274,False,False,False
986,0.9001441597777448,57.43288177339902,10.60344827586207,0.18545454545454546,False,False,False
987,0.9001441597777448,57.43288177339902,10.60344827586207,0.1684848484848485,False,False,False
988,0.9001441597777448,57.43288177339902,10.60344827586207,0.15272727272727274,False,False,False
989,0.9001441597777448,57.43288177339902,10.60344827586207,0.12303030303030303,False,False,False
990,0.9001441597777448,57.43288177339902,10.60344827586207,0.11636363636363636,False,False,False
991,0.9001441597777448,57.43288177339902,10.60344827586207,0.07939393939393939,False,False,False
992,0.9001441597777448,57.43288177339902,10.60344827586207,0.041212121212121214,False,False,False
993,0.9001441597777448,57.43288177339902,10.60344827586207,0.020606060606060607,False,False,False
994,0.9001441597777448,57.43288177339902,10.60344827586207,0.0,False,False,False
995,0.9001441597777448,57.43288177339902,10.60344827586207,0.0,False,False,False
996,0.9001441597777448,57.43288177339902,10.60344827586207,0.0,False,False,False
997,0.9001441597777448,57.43288177339902,10.60344827586207,0.0,False,False,False
998,0.9001441597777448,57.43288177339902,10.60344827586207,0.0,False,False,False
999,0.9001441597777448,57.43288177339902,10.60344827586207,0.0,False,False,False
1000,0.9001441597777448,57.43288177339902,10.60344827586207,0.0,False,False,False
1001,0.9001441597777448,57.43288177339902,10.60344827586207,0.0,False,False,False
1002,0.9001441597777448,57.43288177339902,10.60344827586207,0.0,False,False,False
1003,0.9001441597777448,57.43288177339902,10.60344827586207,0.0,False,False,False
1004,0.9001441597777448,57.43288177339902,10.60344827586207,0.0,False,False,False
1005,0.9001441597777448,57.43288177339902,10.60344827586207,0.0,False,False,False
1006,0.9001441597777448,57.43288177339902,10.60344827586207,0.0,False,False,False
1007,0.9001441597777448,57.43288177339902,10.60344827586207,0.0,False,False,False
1008,0.9001441597777448,57.43288177339902,10.60344827586207,0.0,False,False,False
1009,0.9001441597777448,57.43288177339902,10.60344827586207,0.0,False,False,False
1010,0.9001441597777448,57.43288177339902,10.60344827586207,0.0,False,False,False
1011,0.9001441597777448,57.43288177339902,10.60344827586207,0.0,False,False,False
1012,0.9001441597777448,57.43288177339902,10.60344827586207,0.0,False,False,False
1013,0.9001441597777448,57.43288177339902,10.60344827586207,0.0,False,False,False
1014,0.9001441597777448,57.43288177339902,10.60344827586207,0.0,False,False,False
1015,0.9001441597777448,57.43288177339902,10.60344827586207,0.0,False,False,False
1016,0.9001441597777448,57.43288177339902,10.60344827586207,0.0,False,False,False
1017,0.9001441597777448,57.43288177339902,10.60344827586207,0.0,False,False,False
1018,0.9001441597777448,57.43288177339902,10.60344827586207,0.0,False,False,False
1019,0.9001441597777448,57.43288177339902,10.60344827586207,0.0,False,False,False
1020,0.9001441597777448,57.43288177339902,10.60344827586207,0.0,False,False,False
1021,0.9001441597777448,57.43288177339902,10.60344827586207,0.0,False,False,False
1022,0.9001441597777448,57.43288177339902,10.60344827586207,0.0,False,False,False
1023,0.9001441597777448,57.43288177339902,10.60344827586207,0.0,False,False,False
1024,0.9001441597777448,57.43288177339902,10.60344827586207,0.0,False,False,False
1025,0.9001441597777448,57.43288177339902,10.60344827586207,0.0036363636363636364,False,False,False
1026,0.9001441597777448,57.43288177339902,10.60344827586207,0.010303030303030303,False,False,False
1027,0.9001441597777448,57.43288177339902,10.60344827586207,0.020606060606060607,False,False,False
1028,0.9001441597777448,57.43288177339902,10.60344827586207,0.0024242424242424242,False,False,False
1029,0.9001441597777448,57.43288177339902,10.60344827586207,0.015151515151515152,False,False,False
1030,0.9001441597777448,57.43288177339902,10.60344827586207,0.010303030303030303,False,False,False
1031,0.9001441597777448,57.43288177339902,10.60344827586207,0.010303030303030303,False,False,False
1032,0.9001441597777448,57.43288177339902,10.60344827586207,0.023636363636363636,False,False,False
1033,0.9001441597777448,57.43288177339902,10.60344827586207,0.015151515151515152,False,False,False
1034,0.9001441597777448,57.43288177339902,10.60344827586207,0.015151515151515152,False,False,False
1035,0.9001441597777448,57.43288177339902,10.60344827586207,0.012727272727272728,False,False,False
1036,0.9001441597777448,57.43288177339902,10.60344827586207,0.010303030303030303,False,False,False
1037,0.9001441597777448,57.43288177339902,10.60344827586207,0.010303030303030303,False,False,False
1038,0.9001441597777448,57.43288177339902,10.60344827586207,0.006666666666666667,False,False,False
1039,0.9001441597777448,57.43288177339902,10.60344827586207,0.008484848484848486,False,False,False
1040,0.9001441597777448,57.43288177339902,10.60344827586207,0.0036363636363636364,False,False,False
1041,0.9001441597777448,57.43288177339902,10.60344827586207,0.0024242424242424242,False,False,False
1042,0.9001441597777448,57.43288177339902,10.60344827586207,0.0024242424242424242,False,False,False
1043,0.9001441597777448,57.43288177339902,10.60344827586207,0.0,False,False,False
1044,0.9001441597777448,57.43288177339902,10.60344827586207,0.0,False,False,False
1045,0.9001441597777448,57.43288177339902,10.60344827586207,0.0,False,False,False
1046,0.9001441597777448,57.43288177339902,10.60344827586207,0.0,False,False,False
1047,0.9001441597777448,57.43288177339902,10.60344827586207,0.0,False,False,False
1048,0.9001441597777448,57.43288177339902,10.60344827586207,0.0,False,False,False
1049,0.9001441597777448,57.43288177339902,10.60344827586207,0.0,False,False,False
1050,0.9001441597777448,57.43288177339902,10.60344827586207,0.0,False,False,False
1051,0.9001441597777448,57.43288177339902,10.60344827586207,0.0,False,False,False
1052,0.9001441597777448,57.43288177339902,10.60344827586207,0.0,False,False,False
1053,0.9001441597777448,57.43288177339902,10.60344827586207,0.0,False,False,False
1054,0.9001441597777448,57.43288177339902,10.60344827586207,0.0,False,False,False
1055,0.9001441597777448,57.43288177339902,10.60344827586207,0.0,False,False,False
1056,0.9001441597777448,57.43288177339902,10.60344827586207,0.0,False,False,False
1057,0.9001441597777448,57.43288177339902,10.60344827586207,0.0,False,False,False
1058,0.9001441597777448,57.43288177339902,10.60344827586207,0.0,False,False,False
1059,0.9001441597777448,57.43288177339902,10.60344827586207,0.0,False,False,False
1060,0.9001441597777448,57.43288177339902,10.60344827586207,0.0,False,False,False
1061,0.9001441597777448,57.43288177339902,10.60344827586207,0.0,False,False,False
1062,0.9001441597777448,57.43288177339902,10.60344827586207,0.0,False,False,False
1063,0.9001441597777448,57.43288177339902,10.60344827586207,0.0,False,False,False
1064,0.9001441597777448,57.43288177339902,10.60344827586207,0.0,False,False,False
1065,0.9001441597777448,57.43288177339902,10.60344827586207,0.0,False,False,False
1066,0.9001441597777448,57.43288177339902,10.60344827586207,0.0,False,False,False
1067,0.9001441597777448,57.43288177339902,10.60344827586207,0.0,False,False,False
1068,0.9001441597777448,57.43288177339902,10.60344827586207,0.0,False,False,False
1069,0.9001441597777448,57.43288177339902,10.60344827586207,0.0,False,False,False
1070,0.9001441597777448,57.43288177339902,10.60344827586207,0.0,False,False,False
1071,0.9001441597777448,57.43288177339902,10.60344827586207,0.0,False,False,False
1072,0.9001441597777448,57.43288177339902,10.60344827586207,0.0,False,False,False
1073,0.9001441597777448,57.43288177339902,10.60344827586207,0.0,False,False,False
1074,0.9001441597777448,57.43288177339902,10.60344827586207,0.0,False,False,False
1075,0.9001441597777448,57.43288177339902,10.60344827586207,0.0,False,False,False
1076,0.9001441597777448,57.43288177339902,10.60344827586207,0.0,False,False,False
1077,0.9001441597777448,57.43288177339902,10.60344827586207,0.0,False,False,False
1078,0.9001441597777448,57.43288177339902,10.60344827586207,0.0,False,False,False
1079,0.9001441597777448,57.43288177339902,10.60344827586207,0.0,False,False,False
1080,0.9001441597777448,57.43288177339902,10.60344827586207,0.0,False,False,False
1081,0.9001441597777448,57.43288177339902,10.60344827586207,0.0,False,False,False
1082,0.9001441597777448,57.43288177339902,10.60344827586207,0.0,False,False,False
1083,0.9001441597777448,57.43288177339902,10.60344827586207,0.0,False,False,False
1084,0.9001441597777448,57.43288177339902,10.60344827586207,0.0,False,False,False
1085,0.9001441597777448,57.43288177339902,10.60344827586207,0.0,False,False,False
1086,0.9001441597777448,57.43288177339902,10.60344827586207,0.0,False,False,False
1087,0.9001441597777448,57.43288177339902,10.60344827586207,0.0,False,False,False
1088,0.9001441597777448,57.43288177339902,10.60344827586207,0.0,False,False,False
1089,0.9001441597777448,57.43288177339902,10.60344827586207,0.0,False,False,False
1090,0.9001441597777448,57.43288177339902,10.60344827586207,0.0,False,False,False
1091,0.9001441597777448,57.43288177339902,10.60344827586207,0.0,False,False,False
1092,0.9001441597777448,57.43288177339902,10.60344827586207,0.0,False,False,False
1093,0.9001441597777448,57.43288177339902,10.60344827586207,0.0,False,False,False
1094,0.9001441597777448,57.43288177339902,10.60344827586207,0.0,False,False,False
1095,0.9001441597777448,57.43288177339902,10.60344827586207,0.0,False,False,False
1096,0.9001441597777448,57.43288177339902,10.60344827586207,0.0,False,False,False
1097,0.9001441597777448,57.43288177339902,10.60344827586207,0.0,False,False,False
1098,0.9001441597777448,57.43288177339902,10.60344827586207,0.0,False,False,False
1099,0.9001441597777448,57.43288177339902,10.60344827586207,0.0,False,False,False
1100,0.9001441597777448,57.43288177339902,10.60344827586207,0.0,False,False,False
1101,0.9001441597777448,57.43288177339902,10.60344827586207,0.0,False,False,False
1102,0.9001441597777448,57.43288177339902,10.60344827586207,0.0,False,False,False
1103,0.9001441597777448,57.43288177339902,10.60344827586207,0.0,False,False,False
1104,0.9001441597777448,57.43288177339902,10.60344827586207,0.0,False,False,False
1105,0.9001441597777448,57.43288177339902,10.60344827586207,0.0,False,False,False
1106,0.9001441597777448,57.43288177339902,10.60344827586207,0.0,False,False,False
1107,0.9001441597777448,57.43288177339902,10.60344827586207,0.0,False,False,False
1108,0.9001441597777448,57.43288177339902,10.60344827586207,0.0,False,False,False
1109,0.9001441597777448,57.43288177339902,10.60344827586207,0.0,False,False,False
1110,0.9001441597777448,57.43288177339902,10.60344827586207,0.0,False,False,False
1111,0.9001441597777448,57.43288177339902,10.60344827586207,0.0,False,False,False
1112,0.9001441597777448,57.43288177339902,10.60344827586207,0.0,False,False,False
1113,0.9001441597777448,57.43288177339902,10.60344827586207,0.0,False,False,False
1114,0.9001441597777448,57.43288177339902,10.60344827586207,0.0,False,False,False
1115,0.9001441597777448,57.43288177339902,10.60344827586207,0.0,False,False,False
1116,0.9001441597777448,57.43288177339902,10.60344827586207,0.0,False,False,False
1117,0.9001441597777448,57.43288177339902,10.60344827586207,0.0,False,False,False
1118,0.9001441597777448,57.43288177339902,10.60344827586207,0.0,False,False,False
1119,0.9001441597777448,57.43288177339902,10.60344827586207,0.0,False,False,False
1120,0.9001441597777448,57.43288177339902,10.60344827586207,0.0,False,False,False
1121,0.9001441597777448,57.43288177339902,10.60344827586207,0.0,False,False,False
1122,0.9001441597777448,57.43288177339902,10.60344827586207,0.0,False,False,False
1123,0.9001441597777448,57.43288177339902,10.60344827586207,0.0,False,False,False
1124,0.9001441597777448,57.43288177339902,10.60344827586207,0.0,False,False,False
1125,0.9001441597777448,57.43288177339902,10.60344827586207,0.0,False,False,False
1126,0.9001441597777448,57.43288177339902,10.60344827586207,0.0,False,False,False
1127,0.9001441597777448,57.43288177339902,10.60344827586207,0.0,False,False,False
1128,0.9001441597777448,57.43288177339902,10.60344827586207,0.0,False,False,False
1129,0.9001441597777448,57.43288177339902,10.60344827586207,0.0,False,False,False
1130,0.9001441597777448,57.43288177339902,10.60344827586207,0.0,False,False,False
1131,0.9001441597777448,57.43288177339902,10.60344827586207,0.0,False,False,False
1132,0.9001441597777448,57.43288177339902,10.60344827586207,0.0,False,False,False
1133,0.9001441597777448,57.43288177339902,10.60344827586207,0.0,False,False,False
1134,0.9001441597777448,57.43288177339902,10.60344827586207,0.0,False,False,False
1135,0.9001441597777448,57.43288177339902,10.60344827586207,0.0,False,False,False
1136,0.9001441597777448,57.43288177339902,10.60344827586207,0.0,False,False,False
1137,0.9001441597777448,57.43288177339902,10.60344827586207,0.0,False,False,False
1138,0.9001441597777448,57.43288177339902,10.60344827586207,0.0,False,False,False
1139,0.9001441597777448,57.43288177339902,10.60344827586207,0.0,False,False,False
1140,0.9001441597777448,57.43288177339902,10.60344827586207,0.0,False,False,False
1141,0.9001441597777448,57.43288177339902,10.60344827586207,0.0,False,False,False
1142,0.9001441597777448,57.43288177339902,10.60344827586207,0.0,False,False,False
1143,0.9001441597777448,57.43288177339902,10.60344827586207,0.0,False,False,False
1144,0.9001441597777448,57.43288177339902,10.60344827586207,0.0,False,False,False
1145,0.9001441597777448,57.43288177339902,10.60344827586207,0.0,False,False,False
1146,0.9001441597777448,57.43288177339902,10.60344827586207,0.0,False,False,False
1147,0.9001441597777448,57.43288177339902,10.60344827586207,0.0,False,False,False
1148,0.9001441597777448,57.43288177339902,10.60344827586207,0.0,False,False,False
1149,0.9001441597777448,57.43288177339902,10.60344827586207,0.0,False,False,False
1150,0.9001441597777448,57.43288177339902,10.60344827586207,0.0,False,False,False
1151,0.9001441597777448,57.43288177339902,10.60344827586207,0.0,False,False,False
1152,0.9001441597777448,57.43288177339902,10.60344827586207,0.0,False,False,False
1153,0.9001441597777448,57.43288177339902,10.60344827586207,0.0,False,False,False
1154,0.9001441597777448,57.43288177339902,10.60344827586207,0.0,False,False,False
1155,0.9001441597777448,57.43288177339902,10.60344827586207,0.0,False,False,False
1156,0.9001441597777448,57.43288177339902,10.60344827586207,0.0,False,False,False
1157,0.9001441597777448,57.43288177339902,10.60344827586207,0.0,False,False,False
1158,0.9001441597777448,57.43288177339902,10.60344827586207,0.0,False,False,False
1159,0.9001441597777448,57.43288177339902,10.60344827586207,0.0,False,False,False
1160,0.9001441597777448,57.43288177339902,10.60344827586207,0.0,False,False,False
1161,0.9001441597777448,57.43288177339902,10.60344827586207,0.0,False,False,False
1162,0.9001441597777448,57.43288177339902,10.60344827586207,0.0,False,False,False
1163,0.9001441597777448,57.43288177339902,10.60344827586207,0.0,False,False,False
1164,0.9001441597777448,57.43288177339902,10.60344827586207,0.0,False,False,False
1165,0.9001441597777448,57.43288177339902,10.60344827586207,0.0,False,False,False
1166,0.9001441597777448,57.43288177339902,10.60344827586207,0.0,False,False,False
1167,0.9001441597777448,57.43288177339902,10.60344827586207,0.0,False,False,False
1168,0.9001441597777448,57.43288177339902,10.60344827586207,0.0,False,False,False
1169,0.9001441597777448,57.43288177339902,10.60344827586207,0.0,False,False,False
1170,0.9001441597777448,57.43288177339902,10.60344827586207,0.0,False,False,False
1171,0.9001441597777448,57.43288177339902,10.60344827586207,0.0,False,False,False
1172,0.9001441597777448,57.43288177339902,10.60344827586207,0.0,False,False,False
1173,0.9001441597777448,57.43288177339902,10.60344827586207,0.0,False,False,False
1174,0.9001441597777448,57.43288177339902,10.60344827586207,0.0,False,False,False
1175,0.9001441597777448,57.43288177339902,10.60344827586207,0.0,False,False,False
1176,0.9001441597777448,57.43288177339902,10.60344827586207,0.0,False,False,False
1177,0.9001441597777448,57.43288177339902,10.60344827586207,0.0,False,False,False
1178,0.9001441597777448,57.43288177339902,10.60344827586207,0.0,False,False,False
1179,0.9001441597777448,57.43288177339902,10.60344827586207,0.0,False,False,False
1180,0.9001441597777448,57.43288177339902,10.60344827586207,0.0,False,False,False
1181,0.9001441597777448,57.43288177339902,10.60344827586207,0.0,False,False,False
1182,0.9001441597777448,57.43288177339902,10.60344827586207,0.0,False,False,False
1183,0.9001441597777448,57.43288177339902,10.60344827586207,0.0,False,False,False
1184,0.9001441597777448,57.43288177339902,10.60344827586207,0.0,False,False,False
1185,0.9001441597777448,57.43288177339902,10.60344827586207,0.0,False,False,False
1186,0.9001441597777448,57.43288177339902,10.60344827586207,0.0,False,False,False
1187,0.9001441597777448,57.43288177339902,10.60344827586207,0.0,False,False,False
1188,0.9001441597777448,57.43288177339902,10.60344827586207,0.0,False,False,False
1189,0.9001441597777448,57.43288177339902,10.60344827586207,0.0,False,False,False
1190,0.9001441597777448,57.43288177339902,10.60344827586207,0.0,False,False,False
1191,0.9001441597777448,57.43288177339902,10.60344827586207,0.0,False,False,False
1192,0.9001441597777448,57.43288177339902,10.60344827586207,0.0,False,False,False
1193,0.9001441597777448,57.43288177339902,10.60344827586207,0.0,False,False,False
1194,0.9001441597777448,57.43288177339902,10.60344827586207,0.0,False,False,False
1195,0.9001441597777448,57.43288177339902,10.60344827586207,0.0,False,False,False
1196,0.9001441597777448,57.43288177339902,10.60344827586207,0.0,False,False,False
1197,0.9001441597777448,57.43288177339902,10.60344827586207,0.0,False,False,False
1198,0.9001441597777448,57.43288177339902,10.60344827586207,0.0,False,False,False
1199,0.9001441597777448,57.43288177339902,10.60344827586207,0.0,False,False,False
1200,0.9001441597777448,57.43288177339902,10.60344827586207,0.0,False,False,False
1201,0.9001441597777448,57.43288177339902,10.60344827586207,0.0,False,False,False
1202,0.9001441597777448,57.43288177339902,10.60344827586207,0.0,False,False,False
1203,0.9001441597777448,57.43288177339902,10.60344827586207,0.0,False,False,False
1204,0.9001441597777448,57.43288177339902,10.60344827586207,0.0,False,False,False
1205,0.9001441597777448,57.43288177339902,10.60344827586207,0.0,False,False,False
1206,0.9001441597777448,57.43288177339902,10.60344827586207,0.0,False,False,False
1207,0.9001441597777448,57.43288177339902,10.60344827586207,0.0,False,False,False
1208,0.9001441597777448,57.43288177339902,10.60344827586207,0.0,False,False,False
1209,0.9001441597777448,57.43288177339902,10.60344827586207,0.0,False,False,False
1210,0.9001441597777448,57.43288177339902,10.60344827586207,0.0,False,False,False
1211,0.9001441597777448,57.43288177339902,10.60344827586207,0.0,False,False,False
1212,0.9001441597777448,57.43288177339902,10.60344827586207,0.0,False,False,False
1213,0.9001441597777448,57.43288177339902,10.60344827586207,0.0,False,False,False
1214,0.9001441597777448,57.43288177339902,10.60344827586207,0.0,False,False,False
1215,0.9001441597777448,57.43288177339902,10.60344827586207,0.0,False,False,False
1216,0.9001441597777448,57.43288177339902,10.60344827586207,0.0,False,False,False
1217,0.9001441597777448,57.43288177339902,10.60344827586207,0.0,False,False,False
1218,0.9001441597777448,57.43288177339902,10.60344827586207,0.0,False,False,False
1219,0.9001441597777448,57.43288177339902,10.60344827586207,0.0,False,False,False
1220,0.9001441597777448,57.43288177339902,10.60344827586207,0.0,False,False,False
1221,0.9001441597777448,57.43288177339902,10.60344827586207,0.0,False,False,False
1222,0.9001441597777448,57.43288177339902,10.60344827586207,0.0,False,False,False
1223,0.9001441597777448,57.43288177339902,10.60344827586207,0.0,False,False,False
1224,0.9001441597777448,57.43288177339902,10.60344827586207,0.0,False,False,False
1225,0.9001441597777448,57.43288177339902,10.60344827586207,0.0,False,False,False
1226,0.9001441597777448,57.43288177339902,10.60344827586207,0.0,False,False,False
1227,0.9001441597777448,57.43288177339902,10.60344827586207,0.0,False,False,False
1228,0.9001441597777448,57.43288177339902,10.60344827586207,0.0,False,False,False
1229,0.9001441597777448,57.43288177339902,10.60344827586207,0.0,False,False,False
1230,0.9001441597777448,57.43288177339902,10.60344827586207,0.0,False,False,False
1231,0.9001441597777448,57.43288177339902,10.60344827586207,0.0,False,False,False
1232,0.9001441597777448,57.43288177339902,10.60344827586207,0.0,False,False,False
1233,0.9001441597777448,57.43288177339902,10.60344827586207,0.0,False,False,False
1234,0.9001441597777448,57.43288177339902,10.60344827586207,0.0,False,False,False
1235,0.9001441597777448,57.43288177339902,10.60344827586207,0.0,False,False,False
1236,0.9001441597777448,57.43288177339902,10.60344827586207,0.0,False,False,False
1237,0.9001441597777448,57.43288177339902,10.60344827586207,0.0,False,False,False
1238,0.9001441597777448,57.43288177339902,10.60344827586207,0.0,False,False,False
1239,0.9001441597777448,57.43288177339902,10.60344827586207,0.0,False,False,False
1240,0.9001441597777448,57.43288177339902,10.60344827586207,0.0,False,False,False
1241,0.9001441597777448,57.43288177339902,10.60344827586207,0.0,False,False,False
1242,0.9001441597777448,57.43288177339902,10.60344827586207,0.0,False,False,False
1243,0.9001441597777448,57.43288177339902,10.60344827586207,0.006666666666666667,False,False,False
1244,0.9001441597777448,57.43288177339902,10.60344827586207,0.030303030303030304,False,False,False
1245,0.9001441597777448,57.43288177339902,10.60344827586207,0.05393939393939394,False,False,False
1246,0.9001441597777448,57.43288177339902,10.60344827586207,0.06848484848484848,False,False,False
1247,0.9001441597777448,57.43288177339902,10.60344827586207,0.037575757575757575,False,False,False
1248,0.9001441597777448,57.43288177339902,10.60344827586207,0.037575757575757575,False,False,False
1249,0.9001441597777448,57.43288177339902,10.60344827586207,0.015151515151515152,False,False,False
1250,0.9001441597777448,57.43288177339902,10.60344827586207,0.010303030303030303,False,False,False
1251,0.9001441597777448,57.43288177339902,10.60344827586207,0.0036363636363636364,False,False,False
1252,0.9001441597777448,57.43288177339902,10.60344827586207,0.010303030303030303,False,False,False
1253,0.9001441597777448,57.43288177339902,10.60344827586207,0.023636363636363636,False,False,False
1254,0.9001441597777448,57.43288177339902,10.60344827586207,0.037575757575757575,False,False,False
1255,0.9001441597777448,57.43288177339902,10.60344827586207,0.023636363636363636,False,False,False
1256,0.9001441597777448,57.43288177339902,10.60344827586207,0.05393939393939394,False,False,False
1257,0.9001441597777448,57.43288177339902,10.60344827586207,0.045454545454545456,False,False,False
1258,0.9001441597777448,57.43288177339902,10.60344827586207,0.045454545454545456,False,False,False
1259,0.9001441597777448,57.43288177339902,10.60344827586207,0.045454545454545456,False,False,False
1260,0.9001441597777448,57.43288177339902,10.60344827586207,0.045454545454545456,False,False,False
1261,0.9001441597777448,57.43288177339902,10.60344827586207,0.05393939393939394,False,False,False
1262,0.9001441597777448,57.43288177339902,10.60344827586207,0.05393939393939394,False,False,False
1263,0.9001441597777448,57.43288177339902,10.60344827586207,0.0496969696969697,False,False,False
1264,0.9001441597777448,57.43288177339902,10.60344827586207,0.037575757575757575,False,False,False
1265,0.9001441597777448,57.43288177339902,10.60344827586207,0.030303030303030304,False,False,False
1266,0.9001441597777448,57.43288177339902,10.60344827586207,0.023636363636363636,False,False,False
1267,0.9001441597777448,57.43288177339902,10.60344827586207,0.030303030303030304,False,False,False
1268,0.9001441597777448,57.43288177339902,10.60344827586207,0.020606060606060607,False,False,False
1269,0.9001441597777448,57.43288177339902,10.60344827586207,0.010303030303030303,False,False,False
1270,0.9001441597777448,57.43288177339902,10.60344827586207,0.006666666666666667,False,False,False
1271,0.9001441597777448,57.43288177339902,10.60344827586207,0.017575757575757574,False,False,False
1272,0.9001441597777448,57.43288177339902,10.60344827586207,0.017575757575757574,False,False,False
1273,0.9001441597777448,57.43288177339902,10.60344827586207,0.015151515151515152,False,False,False
1274,0.9001441597777448,57.43288177339902,10.60344827586207,0.020606060606060607,False,False,False
1275,0.9001441597777448,57.43288177339902,10.60344827586207,0.017575757575757574,False,False,False
1276,0.9001441597777448,57.43288177339902,10.60344827586207,0.023636363636363636,False,False,False
1277,0.9001441597777448,57.43288177339902,10.60344827586207,0.037575757575757575,False,False,False
1278,0.9001441597777448,57.43288177339902,10.60344827586207,0.017575757575757574,False,False,False
1279,0.9001441597777448,57.43288177339902,10.60344827586207,0.008484848484848486,False,False,False
1280,0.9001441597777448,57.43288177339902,10.60344827586207,0.023636363636363636,False,False,False
1281,0.9001441597777448,57.43288177339902,10.60344827586207,0.020606060606060607,False,False,False
1282,0.9001441597777448,57.43288177339902,10.60344827586207,0.015151515151515152,False,False,False
1283,0.9001441597777448,57.43288177339902,10.60344827586207,0.015151515151515152,False,False,False
1284,0.9001441597777448,57.43288177339902,10.60344827586207,0.012727272727272728,False,False,False
1285,0.9001441597777448,57.43288177339902,10.60344827586207,0.023636363636363636,False,False,False
1286,0.9001441597777448,57.43288177339902,10.60344827586207,0.023636363636363636,False,False,False
1287,0.9001441597777448,57.43288177339902,10.60344827586207,0.023636363636363636,False,False,False
1288,0.9001441597777448,57.43288177339902,10.60344827586207,0.02666666666666667,False,False,False
1289,0.9001441597777448,57.43288177339902,10.60344827586207,0.023636363636363636,False,False,False
1290,0.9001441597777448,57.43288177339902,10.60344827586207,0.010303030303030303,False,False,False
1291,0.9001441597777448,57.43288177339902,10.60344827586207,0.0024242424242424242,False,False,False
1292,0.9001441597777448,57.43288177339902,10.60344827586207,0.0024242424242424242,False,False,False
1293,0.9001441597777448,57.43288177339902,10.60344827586207,0.0024242424242424242,False,False,False
1294,0.9001441597777448,57.43288177339902,10.60344827586207,0.0024242424242424242,False,False,False
1295,0.9001441597777448,57.43288177339902,10.60344827586207,0.0006060606060606061,False,False,False
1296,0.9001441597777448,57.43288177339902,10.60344827586207,0.006666666666666667,False,False,False
1297,0.9001441597777448,57.43288177339902,10.60344827586207,0.006666666666666667,False,False,False
1298,0.9001441597777448,57.43288177339902,10.60344827586207,0.0036363636363636364,False,False,False
1299,0.9001441597777448,57.43288177339902,10.60344827586207,0.0006060606060606061,False,False,False
1300,0.9001441597777448,57.43288177339902,10.60344827586207,0.0024242424242424242,False,False,False
1301,0.9001441597777448,57.43288177339902,10.60344827586207,0.0024242424242424242,False,False,False
1302,0.9001441597777448,57.43288177339902,10.60344827586207,0.0024242424242424242,False,False,False
1303,0.9001441597777448,57.43288177339902,10.60344827586207,0.0036363636363636364,False,False,False
1304,0.9001441597777448,57.43288177339902,10.60344827586207,0.0048484848484848485,False,False,False
1305,0.9001441597777448,57.43288177339902,10.60344827586207,0.0024242424242424242,False,False,False
1306,0.9001441597777448,57.43288177339902,10.60344827586207,0.006666666666666667,False,False,False
1307,0.9001441597777448,57.43288177339902,10.60344827586207,0.0036363636363636364,False,False,False
1308,0.9001441597777448,57.43288177339902,10.60344827586207,0.0036363636363636364,False,False,False
1309,0.9001441597777448,57.43288177339902,10.60344827586207,0.0024242424242424242,False,False,False
1310,0.9001441597777448,57.43288177339902,10.60344827586207,0.0,False,False,False
1311,0.9001441597777448,57.43288177339902,10.60344827586207,0.0036363636363636364,False,False,False
1312,0.9001441597777448,57.43288177339902,10.60344827586207,0.0024242424242424242,False,False,False
1313,0.9001441597777448,57.43288177339902,10.60344827586207,0.0036363636363636364,False,False,False
1314,0.9001441597777448,57.43288177339902,10.60344827586207,0.015151515151515152,False,False,False
1315,0.9001441597777448,57.43288177339902,10.60344827586207,0.015151515151515152,False,False,False
1316,0.9001441597777448,57.43288177339902,10.60344827586207,0.023636363636363636,False,False,False
1317,0.9001441597777448,57.43288177339902,10.60344827586207,0.015151515151515152,False,False,False
1318,0.9001441597777448,57.43288177339902,10.60344827586207,0.015151515151515152,False,False,False
1319,0.9001441597777448,57.43288177339902,10.60344827586207,0.006666666666666667,False,False,False
1320,0.9001441597777448,57.43288177339902,10.60344827586207,0.010303030303030303,False,False,False
1321,0.9001441597777448,57.43288177339902,10.60344827586207,0.006666666666666667,False,False,False
1322,0.9001441597777448,57.43288177339902,10.60344827586207,0.0006060606060606061,False,False,False
1323,0.9001441597777448,57.43288177339902,10.60344827586207,0.0024242424242424242,False,False,False
1324,0.9001441597777448,57.43288177339902,10.60344827586207,0.037575757575757575,False,False,False
1325,0.9001441597777448,57.43288177339902,10.60344827586207,0.03393939393939394,False,False,False
1326,0.9001441597777448,57.43288177339902,10.60344827586207,0.030303030303030304,False,False,False
1327,0.9001441597777448,57.43288177339902,10.60344827586207,0.0012121212121212121,False,False,False
1328,0.9001441597777448,57.43288177339902,10.60344827586207,0.0012121212121212121,False,False,False
1329,0.9001441597777448,57.43288177339902,10.60344827586207,0.0,False,False,False
1330,0.9001441597777448,57.43288177339902,10.60344827586207,0.008484848484848486,False,False,False
1331,0.9001441597777448,57.43288177339902,10.60344827586207,0.010303030303030303,False,False,False
1332,0.9001441597777448,57.43288177339902,10.60344827586207,0.010303030303030303,False,False,False
1333,0.9001441597777448,57.43288177339902,10.60344827586207,0.010303030303030303,False,False,False
1334,0.9001441597777448,57.43288177339902,10.60344827586207,0.010303030303030303,False,False,False
1335,0.9001441597777448,57.43288177339902,10.60344827586207,0.015151515151515152,False,False,False
1336,0.9001441597777448,57.43288177339902,10.60344827586207,0.006666666666666667,False,False,False
1337,0.9001441597777448,57.43288177339902,10.60344827586207,0.006666666666666667,False,False,False
1338,0.9001441597777448,57.43288177339902,10.60344827586207,0.0012121212121212121,False,False,False
1339,0.9001441597777448,57.43288177339902,10.60344827586207,0.0036363636363636364,False,False,False
1340,0.9001441597777448,57.43288177339902,10.60344827586207,0.030303030303030304,False,False,False
1341,0.9001441597777448,57.43288177339902,10.60344827586207,0.023636363636363636,False,False,False
1342,0.9001441597777448,57.43288177339902,10.60344827586207,0.0006060606060606061,False,False,False
1343,0.9001441597777448,57.43288177339902,10.60344827586207,0.015151515151515152,False,False,False
1344,0.9001441597777448,57.43288177339902,10.60344827586207,0.0024242424242424242,False,False,False
1345,0.9001441597777448,57.43288177339902,10.60344827586207,0.0,False,False,False
1346,0.9001441597777448,57.43288177339902,10.60344827586207,0.0,False,False,False
1347,0.9001441597777448,57.43288177339902,10.60344827586207,0.0,False,False,False
1348,0.9001441597777448,57.43288177339902,10.60344827586207,0.015151515151515152,False,False,False
1349,0.9001441597777448,57.43288177339902,10.60344827586207,0.0036363636363636364,False,False,False
1350,0.9001441597777448,57.43288177339902,10.60344827586207,0.006666666666666667,False,False,False
1351,0.9001441597777448,57.43288177339902,10.60344827586207,0.006666666666666667,False,False,False
1352,0.9001441597777448,57.43288177339902,10.60344827586207,0.030303030303030304,False,False,False
1353,0.9001441597777448,57.43288177339902,10.60344827586207,0.037575757575757575,False,False,False
1354,0.9001441597777448,57.43288177339902,10.60344827586207,0.03393939393939394,False,False,False
1355,0.9001441597777448,57.43288177339902,10.60344827586207,0.030303030303030304,False,False,False
1356,0.9001441597777448,57.43288177339902,10.60344827586207,0.045454545454545456,False,False,False
1357,0.9001441597777448,57.43288177339902,10.60344827586207,0.006666666666666667,False,False,False
1358,0.9001441597777448,57.43288177339902,10.60344827586207,0.0024242424242424242,False,False,False
1359,0.9001441597777448,57.43288177339902,10.60344827586207,0.0,False,False,False
1360,0.9001441597777448,57.43288177339902,10.60344827586207,0.0,False,False,False
1361,0.9001441597777448,57.43288177339902,10.60344827586207,0.0,False,False,False
1362,0.9001441597777448,57.43288177339902,10.60344827586207,0.1315151515151515,False,False,False
1363,0.9001441597777448,57.43288177339902,10.60344827586207,0.0,False,False,False
1364,0.9001441597777448,57.43288177339902,10.60344827586207,0.0,False,False,False
1365,0.9001441597777448,57.43288177339902,10.60344827586207,0.0,False,False,False
1366,0.9001441597777448,57.43288177339902,10.60344827586207,0.0,False,False,False
1367,0.9001441597777448,57.43288177339902,10.60344827586207,0.0,False,False,False
1368,0.9001441597777448,57.43288177339902,10.60344827586207,0.0,False,False,False
1369,0.9001441597777448,57.43288177339902,10.60344827586207,0.0,False,False,False
1370,0.9001441597777448,57.43288177339902,10.60344827586207,0.0,False,False,False
1371,0.9001441597777448,57.43288177339902,10.60344827586207,0.0,False,False,False
1372,0.9001441597777448,57.43288177339902,10.60344827586207,0.0,False,False,False
1373,0.9001441597777448,57.43288177339902,10.60344827586207,0.0,False,False,False
1374,0.9001441597777448,57.43288177339902,10.60344827586207,0.0,False,False,False
1375,0.9001441597777448,57.43288177339902,10.60344827586207,0.0,False,False,False
1376,0.9001441597777448,57.43288177339902,10.60344827586207,0.0,False,False,False
1377,0.9001441597777448,57.43288177339902,10.60344827586207,0.0,False,False,False
1378,0.9001441597777448,57.43288177339902,10.60344827586207,0.0,False,False,False
1379,0.9001441597777448,57.43288177339902,10.60344827586207,0.0,False,False,False
1380,0.9001441597777448,57.43288177339902,10.60344827586207,0.0,False,False,False
1381,0.9001441597777448,57.43288177339902,10.60344827586207,0.0,False,False,False
1382,0.9001441597777448,57.43288177339902,10.60344827586207,0.0,False,False,False
1383,0.9001441597777448,57.43288177339902,10.60344827586207,0.0,False,False,False
1384,0.9001441597777448,57.43288177339902,10.60344827586207,0.0,False,False,False
1385,0.9001441597777448,57.43288177339902,10.60344827586207,0.0,False,False,False
1386,0.9001441597777448,57.43288177339902,10.60344827586207,0.0,False,False,False
1387,0.9001441597777448,57.43288177339902,10.60344827586207,0.0,False,False,False
1388,0.9001441597777448,57.43288177339902,10.60344827586207,0.0,False,False,False
1389,0.9001441597777448,57.43288177339902,10.60344827586207,0.0,False,False,False
1390,0.9001441597777448,57.43288177339902,10.60344827586207,0.0,False,False,False
1391,0.9001441597777448,57.43288177339902,10.60344827586207,0.0,False,False,False
1392,0.9001441597777448,57.43288177339902,10.60344827586207,0.0,False,False,False
1393,0.9001441597777448,57.43288177339902,10.60344827586207,0.0,False,False,False
1394,0.9001441597777448,57.43288177339902,10.60344827586207,0.0,False,False,False
1395,0.9001441597777448,57.43288177339902,10.60344827586207,0.0,False,False,False
1396,0.9001441597777448,57.43288177339902,10.60344827586207,0.0,False,False,False
1397,0.9001441597777448,57.43288177339902,10.60344827586207,0.011515151515151515,False,False,False
1398,0.9001441597777448,57.43288177339902,10.60344827586207,0.010303030303030303,False,False,False
1399,0.9001441597777448,57.43288177339902,10.60344827586207,0.009696969696969697,False,False,False
1400,0.9001441597777448,57.43288177339902,10.60344827586207,0.06787878787878789,False,False,False
1401,0.9001441597777448,57.43288177339902,10.60344827586207,0.0,False,False,False
1402,0.9001441597777448,57.43288177339902,10.60344827586207,0.0,False,False,False
1403,0.9001441597777448,57.43288177339902,10.60344827586207,0.0,False,False,False
1404,0.9001441597777448,57.43288177339902,10.60344827586207,0.0,False,False,False
1405,0.9001441597777448,57.43288177339902,10.60344827586207,0.06909090909090909,False,False,False
1406,0.9001441597777448,57.43288177339902,10.60344827586207,0.0,False,False,False
1407,0.9001441597777448,57.43288177339902,10.60344827586207,0.09636363636363636,False,False,False
1408,0.9001441597777448,57.43288177339902,10.60344827586207,0.17636363636363636,False,False,False
1409,0.9001441597777448,57.43288177339902,10.60344827586207,0.3612121212121212,False,False,False
1410,0.8352751435257376,51.715753424657535,20.12214611872146,0.5309090909090909,False,False,False
1411,0.819843245466368,51.71635150166852,20.46496106785317,0.5448484848484848,False,False,False
1412,0.6730105205933565,50.3858764186633,20.32219419924338,0.9612121212121212,False,False,False
1413,0.6653025855231088,50.223030303030306,20.284242424242425,1.0,False,False,False
1414,0.6563454312567378,50.32848484848485,20.21757575757576,1.0,False,False,False
1415,0.65381833116444,50.39636363636364,20.01878787878788,1.0,False,False,False
1416,0.6662557254741499,51.04101161995899,20.239917976760083,0.8866666666666667,False,False,False
1417,0.6765919818562203,50.57566204287516,19.44388398486759,0.9612121212121212,False,False,False
1418,0.6859506076813561,51.40128296507484,19.910192444761226,0.8503030303030303,False,False,False
1419,0.6423900033154605,51.90154052243805,19.450100468854654,0.9048484848484849,False,False,False
1420,0.7089157468632175,51.708730158730155,20.24047619047619,0.7636363636363637,False,False,False
1421,0.6476233868429243,51.608776266996294,19.22249690976514,0.9806060606060606,False,False,False
1422,0.7160527207734523,51.791269841269845,19.840476190476192,0.7636363636363637,False,False,False
1423,0.7091036130129338,52.88392857142857,19.776785714285715,0.7466666666666667,False,False,False
1424,0.6098741191133314,52.62700964630225,19.234083601286173,0.9424242424242424,False,False,False
1425,0.6881092642874663,53.36257763975155,18.9277950310559,0.7806060606060606,False,False,False
1426,0.6953456563615452,53.77460317460317,18.774603174603175,0.7636363636363637,False,False,False
1427,0.711427448875059,54.55352697095436,17.934439834024896,0.7303030303030303,False,False,False
1428,0.6756943161758312,54.91770186335404,18.226708074534162,0.7806060606060606,False,False,False
1429,0.6446350871596902,56.040627227369924,17.30933713471133,0.8503030303030303,False,False,False
1430,0.6598813269834671,55.89665211062591,17.324599708879184,0.8327272727272728,False,False,False
1431,0.5989823041928086,56.96279949558638,16.779319041614123,0.9612121212121212,False,False,False
1432,0.5923349595308742,58.165454545454544,16.34060606060606,1.0,False,False,False
1433,0.6004584090175548,59.87742799732083,16.547220361687877,0.9048484848484849,False,False,False
1434,0.5959868188798482,60.994325346784365,16.17528373266078,0.9612121212121212,False,True,False
1435,0.6312952520490432,62.53818181818182,15.417575757575758,1.0,False,False,False
1436,0.6217721706379898,63.36727272727273,15.836969696969698,1.0,False,False,False
1437,0.6140017662775319,65.85333333333334,16.156969696969696,1.0,False,False,False
1438,0.6053596923646636,68.10545454545455,16.523030303030303,1.0,False,False,False
1439,0.6307775472980008,70.95757575757575,16.19090909090909,1.0,False,False,False
1440,0.6444226543331193,72.94666666666667,16.907272727272726,1.0,False,False,False
1441,0.6385738559067474,73.35090909090908,16.990303030303032,1.0,False,False,False
1442,0.6314343090364842,73.86848484848485,17.786666666666665,1.0,False,False,False
1443,0.617320610074598,75.66666666666667,19.327878787878788,1.0,False,False,False
1444,0.6170891878385235,76.90787878787879,19.653939393939392,1.0,False,False,False
1445,0.6156295959335529,78.39272727272727,20.135151515151517,1.0,False,False,False
1446,0.6152132971285109,78.98363636363636,20.438787878787878,1.0,False,False,False
1447,0.6065803273628643,79.77454545454546,20.97878787878788,1.0,False,False,False
1448,0.606717921781285,80.68363636363637,21.041818181818183,1.0,False,False,False
1449,0.6151217141314154,81.68909090909091,21.70060606060606,1.0,False,False,False
1450,0.6000528162460455,82.06727272727272,22.707878787878787,1.0,False,False,False
1451,0.6238620531964361,83.07333333333334,22.655757575757576,1.0,False,False,False
1452,0.6538235756280654,83.72909090909091,22.598787878787878,1.0,False,False,False
1453,0.6630946496863553,84.28,23.09030303030303,1.0,False,False,False
1454,0.6839964451043125,84.36060606060606,22.71030303030303,1.0,False,False,False
1455,0.7004245332382321,85.51636363636364,23.46727272727273,1.0,False,False,False
1456,0.7015260850934346,86.0230303030303,23.86,1.0,False,False,False
1457,0.7038861024946791,87.39636363636363,24.906060606060606,1.0,False,False,False
1458,0.7023461876540903,87.8460606060606,25.221212121212123,1.0,False,False,False
1459,0.7047488958874735,89.34181818181818,26.44787878787879,1.0,False,False,False
1460,0.7060839916134778,90.02,26.93090909090909,1.0,False,False,False
1461,0.709551901287116,91.28242424242424,27.955757575757577,1.0,False,False,False
1462,0.7066034263589865,91.84424242424242,28.413333333333334,1.0,False,False,False
1463,0.7048053171331836,93.12363636363636,29.515757575757576,1.0,False,False,False
1464,0.7124934495852628,94.39636363636363,30.543636363636363,1.0,False,False,False
1465,0.7113563026926177,95.54,31.556363636363635,1.0,False,False,False
1466,0.7122349740585892,96.31272727272727,32.21151515151515,1.0,False,False,False
1467,0.7108359931481399,97.55090909090909,33.29212121212121,1.0,False,False,False
1468,0.7135872894642922,98.32121212121213,33.96545454545455,1.0,False,False,False
1469,0.7131513427748365,99.68787878787879,35.17333333333333,1.0,False,False,False
1470,0.7130904637168205,100.34787878787878,35.74484848484848,1.0,False,False,False
1471,0.7122504270789568,101.63454545454546,36.89818181818182,1.0,False,False,False
1472,0.7164062860454313,102.53212121212121,37.70121212121212,1.0,False,False,False
1473,0.7142982769677192,103.67818181818181,38.7430303030303,1.0,False,False,False
1474,0.7159287970937522,104.10242424242425,39.13333333333333,1.0,False,False,False
1475,0.7140481793263824,105.38181818181818,40.306060606060605,1.0,False,False,False
1476,0.7147068969052313,106.15333333333334,40.99515151515151,1.0,False,False,False
1477,0.7136898819940046,106.90848484848485,41.692121212121215,1.0,False,False,False
1478,0.7130232581553421,107.68,42.410303030303034,1.0,False,False,False
1479,0.7134052062897198,108.52606060606061,43.192121212121215,1.0,False,False,False
1480,0.7137335965086516,109.22242424242424,43.82909090909091,1.0,False,False,False
1481,0.7105700729513902,110.69272727272727,45.2060606060606,1.0,False,False,False
1482,0.7128229878864382,111.05636363636364,45.551515151515154,1.0,False,False,False
1483,0.7113646171802821,111.91454545454546,46.36969696969697,1.0,False,False,False
1484,0.7134598477586692,112.21636363636364,46.65212121212121,1.0,False,False,False
1485,0.7109198938006346,112.34424242424242,46.78848484848485,1.0,False,False,False
1486,0.7053293633516321,113.09212121212121,47.75333333333333,1.0,False,False,False
1487,0.6971276268624498,116.84424242424242,51.70666666666666,1.0,False,False,False
1488,0.6806397140677379,121.21878787878788,56.24,1.0,False,False,False
1489,0.6496387475061076,125.72121212121212,61.93878787878788,1.0,False,False,False
1490,0.6300003210281574,129.53030303030303,66.72969696969697,1.0,False,False,False
1491,0.5739642362255778,134.34787878787878,73.10121212121211,1.0,False,True,False
1492,0.5192274402701305,137.61757575757576,78.94545454545455,1.0,False,True,False
1493,0.49762706154994635,142.6139393939394,86.24727272727273,1.0,False,True,False
1494,0.4688529500463533,146.82909090909092,92.97151515151515,1.0,False,True,False
1495,0.45327509473724814,149.5169696969697,98.54545454545455,1.0,False,True,False
1496,0.42654962389928774,151.19939393939393,102.81090909090909,1.0,False,True,False
1497,0.4201746675537043,151.32,105.08666666666667,1.0,False,True,False
1498,0.42542383082799207,150.0412121212121,105.16424242424243,1.0,False,True,False
1499,0.42381632878228337,147.91030303030303,104.82969696969697,1.0,False,True,False
1500,0.41937101789518105,141.5151515151515,100.58363636363636,1.0,False,True,False
1501,0.4121123483689204,132.5787878787879,93.73454545454545,1.0,False,True,False
1502,0.4071978714719743,123.84969696969696,87.14484848484848,1.0,False,True,False
1503,0.40097962813100674,115.17757575757575,80.51515151515152,1.0,False,True,False
1504,0.39349562733547017,106.2721212121212,74.18666666666667,1.0,False,True,False
1505,0.3995317590472627,98.5109090909091,68.48848484848484,1.0,False,True,False
1506,0.41942450038767914,89.73030303030303,61.696969696969695,1.0,True,True,True
1507,0.43948917284874117,80.77454545454546,54.67939393939394,1.0,True,True,True
1508,0.4545489899852764,71.5169696969697,47.64121212121212,1.0,True,True,True
1509,0.47812123282555097,61.89939393939394,40.29030303030303,1.0,True,True,True
1510,0.520715961710332,52.67575757575757,32.586666666666666,1.0,True,True,True
1511,0.5820594565961159,45.7030303030303,26.137575757575757,1.0,True,True,True
1512,0.6359347602130887,43.50363636363636,23.30909090909091,1.0,True,False,True
1513,0.675550029249364,45.124848484848485,21.78242424242424,1.0,True,False,True
1514,0.684266570950334,45.24060606060606,21.606060606060606,1.0,True,False,True
1515,0.6936046546617853,45.233333333333334,21.576969696969698,1.0,True,False,True
1516,0.69199106902817,45.07757575757576,21.714545454545455,1.0,True,False,True
1517,0.6920482941925629,45.0030303030303,21.774545454545454,1.0,True,False,True
1518,0.6940917452066033,44.88484848484848,21.885454545454547,1.0,True,False,True
1519,0.6964576229687826,44.981212121212124,21.792727272727273,1.0,True,False,True
1520,0.6926287912127377,44.763636363636365,21.995757575757576,1.0,True,False,True
1521,0.6944398962943795,44.99393939393939,21.786060606060605,1.0,True,False,True
1522,0.6970898734645721,44.730909090909094,22.03212121212121,1.0,True,False,True
1523,0.696939249624081,44.71333333333333,22.044848484848483,1.0,True,False,True
1524,0.6954028177719879,44.412727272727274,22.30666666666667,1.0,True,False,True
1525,0.6976656532938333,44.36,22.35818181818182,1.0,True,False,True
1526,0.6956532102709702,44.301212121212124,22.413333333333334,1.0,True,False,True
1527,0.7010995724289241,44.2569696969697,22.458787878787877,1.0,False,False,False
1528,0.6985646436232847,44.13030303030303,22.56969696969697,1.0,False,False,False
1529,0.697743891566995,44.04181818181818,22.669090909090908,1.0,False,False,False
1530,0.6980548625859743,44.02242424242424,22.67030303030303,1.0,False,False,False
1531,0.6996330824881571,44.03636363636364,22.666060606060608,1.0,False,False,False
1532,0.6974486385363108,43.75636363636364,22.92787878787879,1.0,False,False,False
1533,0.6991541639670422,43.82969696969697,22.864242424242423,1.0,False,False,False
1534,0.6998928214245135,43.695151515151515,23.013333333333332,1.0,False,False,False
1535,0.7017223976795983,43.59030303030303,23.106060606060606,1.0,False,False,False
1536,0.7009029365583042,43.518787878787876,23.16060606060606,1.0,False,False,False
1537,0.7001347415962345,43.52242424242424,23.154545454545456,1.0,False,False,False
1538,0.7019537695949181,43.57939393939394,23.124242424242425,1.0,False,False,False
1539,0.7023347944075974,43.57030303030303,23.130909090909093,1.0,False,False,False
1540,0.7019743616099289,43.38969696969697,23.28121212121212,1.0,False,False,False
1541,0.703351232608087,43.332121212121216,23.332727272727272,1.0,False,False,False
1542,0.701284467869725,43.375151515151515,23.295757575757577,1.0,False,False,False
1543,0.7016876044533619,43.333333333333336,23.329090909090908,1.0,False,False,False
1544,0.7016627146676114,43.31878787878788,23.355757575757575,1.0,False,False,False
1545,0.7022168519743809,43.20666666666666,23.455757575757577,1.0,False,False,False
1546,0.7002249878419351,43.31272727272727,23.38,1.0,False,False,False
1547,0.7008303298497629,43.18181818181818,23.50121212121212,1.0,False,False,False
1548,0.7026969153320698,43.194545454545455,23.48,1.0,False,False,False
1549,0.7025734938558713,43.18606060606061,23.484848484848484,1.0,False,False,False
1550,0.6880825486345552,43.344848484848484,23.404848484848486,1.0,False,False,False
1551,0.6911621253569722,43.224848484848486,23.51030303030303,1.0,False,False,False
1552,0.6948576798610301,43.377575757575755,23.35151515151515,1.0,False,False,False
1553,0.6964997982222981,43.46484848484849,23.272727272727273,1.0,False,False,False
1554,0.6971004482325299,43.60545454545454,23.151515151515152,1.0,False,False,False
1555,0.6987120512305266,43.404242424242426,23.32969696969697,1.0,False,False,False
1556,0.6996160439791891,43.5230303030303,23.22060606060606,1.0,False,False,False
1557,0.7003631276841312,43.46666666666667,23.263636363636362,1.0,False,False,False
1558,0.6988429698995816,43.552121212121214,23.19878787878788,1.0,False,False,False
1559,0.7017432449292219,43.57757575757576,23.156363636363636,1.0,False,False,False
1560,0.6985076256323375,43.47757575757576,23.262424242424242,1.0,False,False,False
1561,0.6989087224357504,43.35636363636364,23.37757575757576,1.0,False,False,False
1562,0.693122771848594,43.128484848484845,23.599393939393938,1.0,False,False,False
1563,0.6876645068284792,42.60848484848485,24.133939393939393,1.0,False,False,False
1564,0.6856634383197782,42.17030303030303,24.567272727272726,1.0,False,False,False
1565,0.6839568547142622,41.49090909090909,25.234545454545454,1.0,False,False,False
1566,0.689852240830008,41.44121212121212,25.28787878787879,1.0,False,False,False
1567,0.6921519740943382,40.86969696969697,25.855757575757575,1.0,False,False,False
1568,0.6914171314865076,40.22666666666667,26.503636363636364,1.0,False,False,False
1569,0.6914171314865076,40.22666666666667,26.503636363636364,0.037575757575757575,False,False,False
1570,0.6914171314865076,40.22666666666667,26.503636363636364,0.06363636363636363,False,False,False
1571,0.6914171314865076,40.22666666666667,26.503636363636364,0.06848484848484848,False,False,False
1572,0.6914171314865076,40.22666666666667,26.503636363636364,0.11636363636363636,False,False,False
1573,0.6914171314865076,40.22666666666667,26.503636363636364,0.11636363636363636,False,False,False
1574,0.6914171314865076,40.22666666666667,26.503636363636364,0.09090909090909091,False,False,False
1575,0.6914171314865076,40.22666666666667,26.503636363636364,0.10303030303030303,False,False,False
1576,0.6914171314865076,40.22666666666667,26.503636363636364,0.06363636363636363,False,False,False
1577,0.6914171314865076,40.22666666666667,26.503636363636364,0.06363636363636363,False,False,False
1578,0.6914171314865076,40.22666666666667,26.503636363636364,0.006666666666666667,False,False,False
1579,0.6914171314865076,40.22666666666667,26.503636363636364,0.0024242424242424242,False,False,False
1580,0.6914171314865076,40.22666666666667,26.503636363636364,0.0,False,False,False
1581,0.6914171314865076,40.22666666666667,26.503636363636364,0.0,False,False,False
1582,0.6914171314865076,40.22666666666667,26.503636363636364,0.0,False,False,False
1583,0.6914171314865076,40.22666666666667,26.503636363636364,0.0,False,False,False
1584,0.6914171314865076,40.22666666666667,26.503636363636364,0.0,False,False,False
1585,0.6914171314865076,40.22666666666667,26.503636363636364,0.0,False,False,False
1586,0.6914171314865076,40.22666666666667,26.503636363636364,0.0,False,False,False
1587,0.6914171314865076,40.22666666666667,26.503636363636364,0.0,False,False,False
1588,0.6914171314865076,40.22666666666667,26.503636363636364,0.0,False,False,False
1589,0.6914171314865076,40.22666666666667,26.503636363636364,0.0,False,False,False
1590,0.6914171314865076,40.22666666666667,26.503636363636364,0.0,False,False,False
1591,0.6914171314865076,40.22666666666667,26.503636363636364,0.0,False,False,False
1592,0.6914171314865076,40.22666666666667,26.503636363636364,0.0,False,False,False
1593,0.6914171314865076,40.22666666666667,26.503636363636364,0.0,False,False,False
1594,0.6914171314865076,40.22666666666667,26.503636363636364,0.0,False,False,False
1595,0.6914171314865076,40.22666666666667,26.503636363636364,0.0,False,False,False
1596,0.6914171314865076,40.22666666666667,26.503636363636364,0.0,False,False,False
1597,0.6914171314865076,40.22666666666667,26.503636363636364,0.0,False,False,False
1598,0.6914171314865076,40.22666666666667,26.503636363636364,0.0,False,False,False
1599,0.6914171314865076,40.22666666666667,26.503636363636364,0.0,False,False,False
1600,0.6914171314865076,40.22666666666667,26.503636363636364,0.0,False,False,False
1601,0.6914171314865076,40.22666666666667,26.503636363636364,0.0,False,False,False
1602,0.6914171314865076,40.22666666666667,26.503636363636364,0.0,False,False,False
1603,0.6914171314865076,40.22666666666667,26.503636363636364,0.0,False,False,False
1604,0.6914171314865076,40.22666666666667,26.503636363636364,0.0,False,False,False
1605,0.6914171314865076,40.22666666666667,26.503636363636364,0.0,False,False,False
1606,0.6914171314865076,40.22666666666667,26.503636363636364,0.0,False,False,False
1607,0.6914171314865076,40.22666666666667,26.503636363636364,0.0,False,False,False
1608,0.6914171314865076,40.22666666666667,26.503636363636364,0.0,False,False,False
1609,0.6914171314865076,40.22666666666667,26.503636363636364,0.0,False,False,False
1610,0.6914171314865076,40.22666666666667,26.503636363636364,0.0,False,False,False
1611,0.6914171314865076,40.22666666666667,26.503636363636364,0.0,False,False,False
1612,0.6914171314865076,40.22666666666667,26.503636363636364,0.0,False,False,False
1613,0.6914171314865076,40.22666666666667,26.503636363636364,0.0,False,False,False
1614,0.6914171314865076,40.22666666666667,26.503636363636364,0.0,False,False,False
1615,0.6914171314865076,40.22666666666667,26.503636363636364,0.0,False,False,False
1616,0.6914171314865076,40.22666666666667,26.503636363636364,0.0,False,False,False
1617,0.6914171314865076,40.22666666666667,26.503636363636364,0.0,False,False,False
1618,0.6914171314865076,40.22666666666667,26.503636363636364,0.0,False,False,False
1619,0.6914171314865076,40.22666666666667,26.503636363636364,0.0,False,False,False
1620,0.6914171314865076,40.22666666666667,26.503636363636364,0.0,False,False,False
1621,0.6914171314865076,40.22666666666667,26.503636363636364,0.0,False,False,False
1622,0.6914171314865076,40.22666666666667,26.503636363636364,0.0,False,False,False
1623,0.6914171314865076,40.22666666666667,26.503636363636364,0.0,False,False,False
1624,0.6914171314865076,40.22666666666667,26.503636363636364,0.0,False,False,False
1625,0.6914171314865076,40.22666666666667,26.503636363636364,0.0,False,False,False
1626,0.6914171314865076,40.22666666666667,26.503636363636364,0.0,False,False,False
1627,0.6914171314865076,40.22666666666667,26.503636363636364,0.0,False,False,False
1628,0.6914171314865076,40.22666666666667,26.503636363636364,0.0,False,False,False
1629,0.6914171314865076,40.22666666666667,26.503636363636364,0.0,False,False,False
1630,0.6914171314865076,40.22666666666667,26.503636363636364,0.0,False,False,False
1631,0.6914171314865076,40.22666666666667,26.503636363636364,0.0,False,False,False
1632,0.6914171314865076,40.22666666666667,26.503636363636364,0.0,False,False,False
1633,0.6914171314865076,40.22666666666667,26.503636363636364,0.0,False,False,False
1634,0.6914171314865076,40.22666666666667,26.503636363636364,0.0,False,False,False
1635,0.6914171314865076,40.22666666666667,26.503636363636364,0.0,False,False,False
1636,0.6914171314865076,40.22666666666667,26.503636363636364,0.0,False,False,False
1637,0.6914171314865076,40.22666666666667,26.503636363636364,0.0,False,False,False
1638,0.6914171314865076,40.22666666666667,26.503636363636364,0.0,False,False,False
1639,0.6914171314865076,40.22666666666667,26.503636363636364,0.0,False,False,False
1640,0.6914171314865076,40.22666666666667,26.503636363636364,0.0036363636363636364,False,False,False
1641,0.6914171314865076,40.22666666666667,26.503636363636364,0.015151515151515152,False,False,False
1642,0.6914171314865076,40.22666666666667,26.503636363636364,0.037575757575757575,False,False,False
1643,0.6914171314865076,40.22666666666667,26.503636363636364,0.020606060606060607,False,False,False
1644,0.6914171314865076,40.22666666666667,26.503636363636364,0.0496969696969697,False,False,False
1645,0.6914171314865076,40.22666666666667,26.503636363636364,0.06363636363636363,False,False,False
1646,0.6914171314865076,40.22666666666667,26.503636363636364,0.09090909090909091,False,False,False
1647,0.6914171314865076,40.22666666666667,26.503636363636364,0.06848484848484848,False,False,False
1648,0.6914171314865076,40.22666666666667,26.503636363636364,0.10303030303030303,False,False,False
1649,0.6914171314865076,40.22666666666667,26.503636363636364,0.09090909090909091,False,False,False
1650,0.6914171314865076,40.22666666666667,26.503636363636364,0.10303030303030303,False,False,False
1651,0.6914171314865076,40.22666666666667,26.503636363636364,0.09696969696969697,False,False,False
1652,0.6914171314865076,40.22666666666667,26.503636363636364,0.09090909090909091,False,False,False
1653,0.6914171314865076,40.22666666666667,26.503636363636364,0.05393939393939394,False,False,False
1654,0.6914171314865076,40.22666666666667,26.503636363636364,0.10303030303030303,False,False,False
1655,0.6914171314865076,40.22666666666667,26.503636363636364,0.07939393939393939,False,False,False
1656,0.6914171314865076,40.22666666666667,26.503636363636364,0.06848484848484848,False,False,False
1657,0.6914171314865076,40.22666666666667,26.503636363636364,0.13757575757575757,False,False,False
1658,0.6914171314865076,40.22666666666667,26.503636363636364,0.11636363636363636,False,False,False
1659,0.6914171314865076,40.22666666666667,26.503636363636364,0.11636363636363636,False,False,False
1660,0.6914171314865076,40.22666666666667,26.503636363636364,0.10303030303030303,False,False,False
1661,0.6914171314865076,40.22666666666667,26.503636363636364,0.11636363636363636,False,False,False
1662,0.6914171314865076,40.22666666666667,26.503636363636364,0.11636363636363636,False,False,False
1663,0.6914171314865076,40.22666666666667,26.503636363636364,0.12303030303030303,False,False,False
1664,0.6914171314865076,40.22666666666667,26.503636363636364,0.12303030303030303,False,False,False
1665,0.6914171314865076,40.22666666666667,26.503636363636364,0.13757575757575757,False,False,False
1666,0.6914171314865076,40.22666666666667,26.503636363636364,0.15272727272727274,False,False,False
1667,0.6914171314865076,40.22666666666667,26.503636363636364,0.15272727272727274,False,False,False
1668,0.6914171314865076,40.22666666666667,26.503636363636364,0.15272727272727274,False,False,False
1669,0.6914171314865076,40.22666666666667,26.503636363636364,0.18545454545454546,False,False,False
1670,0.6914171314865076,40.22666666666667,26.503636363636364,0.21212121212121213,False,False,False
1671,0.6914171314865076,40.22666666666667,26.503636363636364,0.2309090909090909,False,False,False
1672,0.6914171314865076,40.22666666666667,26.503636363636364,0.343030303030303,False,False,False
1673,0.6914171314865076,40.22666666666667,26.503636363636364,0.37696969696969695,False,False,False
1674,0.6914171314865076,40.22666666666667,26.503636363636364,0.4127272727272727,False,False,False
1675,0.6914171314865076,40.22666666666667,26.503636363636364,0.4896969696969697,False,False,False
1676,0.816383871860916,46.30722891566265,22.133534136546185,0.6036363636363636,False,False,False
1677,0.7019486022545526,45.08980755523877,22.971489665003563,0.8503030303030303,False,False,False
1678,0.6947615610445199,45.286745406824146,22.18175853018373,0.9236363636363636,False,False,False
1679,0.6942308714319795,45.488188976377955,22.001312335958005,0.9236363636363636,False,False,False
1680,0.6958156602089532,45.73504823151126,21.63086816720257,0.9424242424242424,False,False,False
1681,0.6965249323943943,45.75454545454546,21.207272727272727,1.0,False,False,False
1682,0.6942838252395988,45.93878787878788,21.03272727272727,1.0,False,False,False
1683,0.6954036648147949,46.06181818181818,20.91090909090909,1.0,False,False,False
1684,0.6952012633912307,46.21939393939394,20.775151515151514,1.0,False,False,False
1685,0.6958334634437892,46.42848484848485,20.59030303030303,1.0,False,False,False
1686,0.6936545827227021,46.412727272727274,20.63878787878788,1.0,False,False,False
1687,0.6938636351024859,46.223030303030306,20.822424242424244,1.0,False,False,False
1688,0.6925655316786852,46.21212121212121,20.85151515151515,1.0,False,False,False
1689,0.6926902541287944,46.41939393939394,20.65878787878788,1.0,False,False,False
1690,0.6940922815170455,46.47818181818182,20.561212121212122,1.0,False,False,False
1691,0.6943635944854292,46.484242424242424,20.553939393939395,1.0,False,False,False
1692,0.6936407100351154,46.62,20.44969696969697,1.0,False,False,False
1693,0.6933070266787815,46.61515151515152,20.454545454545453,1.0,False,False,False
1694,0.6924182379724273,46.61333333333334,20.45030303030303,1.0,False,False,False
1695,0.6933370426670991,46.58181818181818,20.478181818181817,1.0,False,False,False
1696,0.6943880515646461,46.56848484848485,20.478181818181817,1.0,False,False,False
1697,0.6951547120642922,46.57393939393939,20.47030303030303,1.0,False,False,False
1698,0.6924601832788738,46.64606060606061,20.42,1.0,False,False,False
1699,0.6922538167670674,46.75030303030303,20.327878787878788,1.0,False,False,False
1700,0.6819494909921489,46.2060606060606,20.86121212121212,1.0,False,False,False
1701,0.6834924720695486,46.35030303030303,20.732727272727274,1.0,False,False,False
1702,0.6850246001226847,46.275757575757574,20.815757575757576,1.0,False,False,False
1703,0.689324433717675,46.337575757575756,20.75151515151515,1.0,False,False,False
1704,0.6936553066270644,46.24545454545454,20.804848484848485,1.0,False,False,False
1705,0.6929550270735251,46.2169696969697,20.824848484848484,1.0,False,False,False
1706,0.6937240057442648,46.25878787878788,20.784242424242425,1.0,False,False,False
1707,0.6944567155846713,46.24666666666667,20.78787878787879,1.0,False,False,False
1708,0.6925215394778859,46.25212121212121,20.827272727272728,1.0,False,False,False
1709,0.6930995572822005,46.20909090909091,20.875151515151515,1.0,False,False,False
1710,0.6924020447197304,46.32262051915946,20.896786155747836,0.9806060606060606,False,False,False
1711,0.6926121339736316,46.13818181818182,20.919393939393938,1.0,False,False,False
1712,0.6936736876336256,46.06545454545454,20.995757575757576,1.0,False,False,False
1713,0.6897672524258234,45.97620578778135,21.49903536977492,0.9424242424242424,False,False,False
1714,0.7033723372177352,45.91301115241636,22.65650557620818,0.8151515151515152,False,False,False
1715,0.7340838195351731,46.2984126984127,22.274603174603175,0.7636363636363637,False,False,False
1716,0.7736180449864491,46.41803278688525,22.370673952641166,0.6654545454545454,False,False,False
1717,0.8150123650935217,46.95281124497992,21.58433734939759,0.6036363636363636,False,False,False
1718,0.831392410478944,47.24657534246575,21.531963470319635,0.5309090909090909,False,False,False
1719,0.831392410478944,47.24657534246575,21.531963470319635,0.4127272727272727,False,False,False
1720,0.831392410478944,47.24657534246575,21.531963470319635,0.343030303030303,False,False,False
1721,0.831392410478944,47.24657534246575,21.531963470319635,0.2503030303030303,False,False,False
1722,0.831392410478944,47.24657534246575,21.531963470319635,0.1606060606060606,False,False,False
1723,0.831392410478944,47.24657534246575,21.531963470319635,0.14484848484848484,False,False,False
1724,0.831392410478944,47.24657534246575,21.531963470319635,0.11636363636363636,False,False,False
1725,0.831392410478944,47.24657534246575,21.531963470319635,0.12303030303030303,False,False,False
1726,0.831392410478944,47.24657534246575,21.531963470319635,0.12303030303030303,False,False,False
1727,0.831392410478944,47.24657534246575,21.531963470319635,0.1096969696969697,False,False,False
1728,0.831392410478944,47.24657534246575,21.531963470319635,0.07939393939393939,False,False,False
1729,0.831392410478944,47.24657534246575,21.531963470319635,0.06363636363636363,False,False,False
1730,0.831392410478944,47.24657534246575,21.531963470319635,0.06363636363636363,False,False,False
1731,0.831392410478944,47.24657534246575,21.531963470319635,0.0496969696969697,False,False,False
1732,0.831392410478944,47.24657534246575,21.531963470319635,0.030303030303030304,False,False,False
1733,0.831392410478944,47.24657534246575,21.531963470319635,0.023636363636363636,False,False,False
1734,0.831392410478944,47.24657534246575,21.531963470319635,0.0048484848484848485,False,False,False
1735,0.831392410478944,47.24657534246575,21.531963470319635,0.0,False,False,False
1736,0.831392410478944,47.24657534246575,21.531963470319635,0.0,False,False,False
1737,0.831392410478944,47.24657534246575,21.531963470319635,0.0,False,False,False
1738,0.831392410478944,47.24657534246575,21.531963470319635,0.0,False,False,False
1739,0.831392410478944,47.24657534246575,21.531963470319635,0.0,False,False,False
1740,0.831392410478944,47.24657534246575,21.531963470319635,0.0,False,False,False
1741,0.831392410478944,47.24657534246575,21.531963470319635,0.0,False,False,False
1742,0.831392410478944,47.24657534246575,21.531963470319635,0.0,False,False,False
1743,0.8033826386868395,47.30198537095089,21.960292580982237,0.58,False,False,False
1744,0.7028919651599171,47.21070693205216,20.768016472203158,0.883030303030303,False,False,False
1745,0.6931578672362585,47.736363636363635,19.517575757575756,1.0,False,False,False
1746,0.6923426190292499,47.81818181818182,19.45030303030303,1.0,False,False,False
1747,0.6921836227129038,47.95636363636363,19.314545454545456,1.0,False,False,False
1748,0.6920430733404279,48.09818181818182,19.206666666666667,1.0,False,False,False
1749,0.6919607021045073,48.31818181818182,19.01212121212121,1.0,False,False,False
1750,0.6776048775827144,48.55939393939394,18.86060606060606,1.0,False,False,False
1751,0.6797911672307086,48.86242424242424,18.586666666666666,1.0,False,False,False
1752,0.6813788599680033,48.912727272727274,18.54,1.0,False,False,False
1753,0.6840724132383137,49.026666666666664,18.42969696969697,1.0,False,False,False
1754,0.6881015920890255,49.414545454545454,18.073333333333334,1.0,False,False,False
1755,0.6895445307969429,49.54848484848485,17.96,1.0,False,False,False
1756,0.6877629800285778,49.70666666666666,17.83818181818182,1.0,False,False,False
1757,0.6912308952777898,49.92363636363636,17.633333333333333,1.0,False,False,False
1758,0.6887518776475569,49.99818181818182,17.55151515151515,1.0,False,False,False
1759,0.6892779575056234,50.158181818181816,17.438787878787878,1.0,False,False,False
1760,0.6894172452777733,50.24666666666667,17.363636363636363,1.0,False,False,False
1761,0.6896971633021952,50.46727272727273,17.19151515151515,1.0,False,False,False
1762,0.6894972127255662,50.42848484848485,17.2169696969697,1.0,False,False,False
1763,0.6901114106296039,50.29939393939394,17.375151515151515,1.0,False,False,False
1764,0.6889231056534749,50.661818181818184,17.02,1.0,False,False,False
1765,0.6887220190688065,50.806060606060605,16.932727272727274,1.0,False,False,False
1766,0.6887220190688065,50.806060606060605,16.932727272727274,0.2696969696969697,False,False,False
1767,0.6887220190688065,50.806060606060605,16.932727272727274,0.0,False,False,False
1768,0.6915813831932338,50.903030303030306,16.849090909090908,1.0,False,False,False
1769,0.6915813831932338,50.903030303030306,16.849090909090908,0.0,False,False,False
1770,0.6915813831932338,50.903030303030306,16.849090909090908,0.0,False,False,False
1771,0.6885544762388859,50.738181818181815,17.01151515151515,1.0,False,False,False
1772,0.688868025869389,50.84909090909091,16.923636363636362,1.0,False,False,False
1773,0.6904420731136703,50.87951070336391,16.962079510703365,0.990909090909091,False,False,False
1774,0.7072911880128866,51.13675832127352,17.904486251808972,0.8375757575757575,False,False,False
1775,0.8009291679501205,51.03448275862069,18.986415882967606,0.58,False,False,False
1776,0.8009291679501205,51.03448275862069,18.986415882967606,0.08969696969696969,False,False,False
1777,0.8009291679501205,51.03448275862069,18.986415882967606,0.08969696969696969,False,False,False
1778,0.8009291679501205,51.03448275862069,18.986415882967606,0.0,False,False,False
1779,0.8009291679501205,51.03448275862069,18.986415882967606,0.0,False,False,False
1780,0.8009291679501205,51.03448275862069,18.986415882967606,0.0,False,False,False
1781,0.8009291679501205,51.03448275862069,18.986415882967606,0.0,False,False,False
1782,0.8009291679501205,51.03448275862069,18.986415882967606,0.0,False,False,False
1783,0.8009291679501205,51.03448275862069,18.986415882967606,0.0,False,False,False
1784,0.8009291679501205,51.03448275862069,18.986415882967606,0.0,False,False,False
1785,0.8009291679501205,51.03448275862069,18.986415882967606,0.0,False,False,False
1786,0.8009291679501205,51.03448275862069,18.986415882967606,0.0,False,False,False
1787,0.8009291679501205,51.03448275862069,18.986415882967606,0.0,False,False,False
1788,0.8009291679501205,51.03448275862069,18.986415882967606,0.0,False,False,False
1789,0.8009291679501205,51.03448275862069,18.986415882967606,0.0,False,False,False
1790,0.8009291679501205,51.03448275862069,18.986415882967606,0.0,False,False,False
1791,0.8009291679501205,51.03448275862069,18.986415882967606,0.0,False,False,False
1792,0.8009291679501205,51.03448275862069,18.986415882967606,0.0,False,False,False
1793,0.8009291679501205,51.03448275862069,18.986415882967606,0.0,False,False,False
1794,0.8009291679501205,51.03448275862069,18.986415882967606,0.0,False,False,False
1795,0.8009291679501205,51.03448275862069,18.986415882967606,0.0,False,False,False
1796,0.8009291679501205,51.03448275862069,18.986415882967606,0.0,False,False,False
1797,0.8009291679501205,51.03448275862069,18.986415882967606,0.0,False,False,False
1798,0.8009291679501205,51.03448275862069,18.986415882967606,0.0,False,False,False
1799,0.8009291679501205,51.03448275862069,18.986415882967606,0.010303030303030303,False,False,False
1800,0.8009291679501205,51.03448275862069,18.986415882967606,0.020606060606060607,False,False,False
1801,0.8009291679501205,51.03448275862069,18.986415882967606,0.045454545454545456,False,False,False
1802,0.8009291679501205,51.03448275862069,18.986415882967606,0.06363636363636363,False,False,False
1803,0.8009291679501205,51.03448275862069,18.986415882967606,0.12303030303030303,False,False,False
1804,0.8009291679501205,51.03448275862069,18.986415882967606,0.1684848484848485,False,False,False
1805,0.8009291679501205,51.03448275862069,18.986415882967606,0.2309090909090909,False,False,False
1806,0.8009291679501205,51.03448275862069,18.986415882967606,0.3212121212121212,False,False,False
1807,0.8009291679501205,51.03448275862069,18.986415882967606,0.343030303030303,False,False,False
1808,0.8009291679501205,51.03448275862069,18.986415882967606,0.3654545454545455,False,False,False
1809,0.8009291679501205,51.03448275862069,18.986415882967606,0.3654545454545455,False,False,False
1810,0.8009291679501205,51.03448275862069,18.986415882967606,0.37696969696969695,False,False,False
1811,0.8009291679501205,51.03448275862069,18.986415882967606,0.42484848484848486,False,False,False
1812,0.8009291679501205,51.03448275862069,18.986415882967606,0.4896969696969697,False,False,False
1813,0.784457365594046,48.969216417910445,20.24347014925373,0.6496969696969697,False,False,False
1814,0.7003015390857802,48.34721189591078,20.576208178438662,0.8151515151515152,False,False,False
1815,0.6891117280372594,48.32350971198928,19.779638312123243,0.9048484848484849,False,False,False
1816,0.6927080111407862,48.40121212121212,18.938787878787878,1.0,False,False,False
1817,0.6912347713460258,48.404848484848486,18.936363636363637,1.0,False,False,False
1818,0.6926111940023432,48.304848484848485,19.04,1.0,False,False,False
1819,0.6926160007905972,48.36424242424243,18.98909090909091,1.0,False,False,False
1820,0.6928530983442207,48.35030303030303,18.994545454545456,1.0,False,False,False
1821,0.6914511510844986,48.23939393939394,19.084848484848486,1.0,False,False,False
1822,0.6908893613158855,48.515757575757576,18.864242424242423,1.0,False,False,False
1823,0.6906576538485151,48.550909090909094,18.830303030303032,1.0,False,False,False
1824,0.6912716149034741,48.63818181818182,18.745454545454546,1.0,False,False,False
1825,0.6925560359004156,48.589696969696966,18.778181818181817,1.0,False,False,False
1826,0.6921846947190583,48.64121212121212,18.72909090909091,1.0,False,False,False
1827,0.6916471540367379,48.64969696969697,18.73030303030303,1.0,False,False,False
1828,0.6922081225633481,48.7060606060606,18.675151515151516,1.0,False,False,False
1829,0.6912475838298263,48.694545454545455,18.69030303030303,1.0,False,False,False
1830,0.692067248120088,48.57515151515152,18.796363636363637,1.0,False,False,False
1831,0.6924246945339109,48.7,18.683636363636364,1.0,False,False,False
1832,0.6926460935968924,48.74727272727273,18.650909090909092,1.0,False,False,False
1833,0.6929280379533563,48.698787878787876,18.703030303030303,1.0,False,False,False
1834,0.6923197643035919,48.74121212121212,18.663030303030304,1.0,False,False,False
1835,0.6920630335749509,48.72969696969697,18.668484848484848,1.0,False,False,False
1836,0.6923837784816886,48.7030303030303,18.686666666666667,1.0,False,False,False
1837,0.6908707368388013,48.71151515151515,18.674545454545456,1.0,False,False,False
1838,0.6924113460855906,48.695151515151515,18.687272727272727,1.0,False,False,False
1839,0.6924770825007901,48.68121212121212,18.7,1.0,False,False,False
1840,0.6922697991389657,48.596363636363634,18.771515151515153,1.0,False,False,False
1841,0.6919116023206233,48.582424242424246,18.773333333333333,1.0,False,False,False
1842,0.690177826957154,48.622424242424245,18.76848484848485,1.0,False,False,False
1843,0.6879723747837677,48.626060606060605,18.758787878787878,1.0,False,False,False
1844,0.6901784115250061,48.904848484848486,18.52,1.0,False,False,False
1845,0.6893645475243939,48.906060606060606,18.52,1.0,False,False,False
1846,0.691636785839748,48.843636363636364,18.563030303030303,1.0,False,False,False
1847,0.6921708060874,48.79090909090909,18.61939393939394,1.0,False,False,False
1848,0.6902519634771194,48.85636363636364,18.567272727272726,1.0,False,False,False
1849,0.6907178820392146,48.7830303030303,18.634545454545453,1.0,False,False,False
1850,0.6812503487310589,48.54969696969697,18.856969696969696,1.0,False,False,False
1851,0.682024834582044,48.63515151515151,18.78969696969697,1.0,False,False,False
1852,0.6838252795578026,48.60848484848485,18.78121212121212,1.0,False,False,False
1853,0.6871618872736546,48.50727272727273,18.87151515151515,1.0,False,False,False
1854,0.6858056513975858,48.83151515151515,18.582424242424242,1.0,False,False,False
1855,0.6860490344580114,48.656969696969696,18.72060606060606,1.0,False,False,False
1856,0.6861385412904158,48.983030303030304,18.438181818181818,1.0,False,False,False
1857,0.6868125291205784,48.97636363636364,18.43151515151515,1.0,False,False,False
1858,0.6866989851717428,48.89393939393939,18.51878787878788,1.0,False,False,False
1859,0.6874273106051448,48.93757575757576,18.48969696969697,1.0,False,False,False
1860,0.6887823422017335,48.82909090909091,18.586060606060606,1.0,False,False,False
1861,0.6891971787987314,49.02363636363636,18.426666666666666,1.0,False,False,False
1862,0.6881224016301326,48.93636363636364,18.507878787878788,1.0,False,False,False
1863,0.68734859393576,49.016969696969696,18.433333333333334,1.0,False,False,False
1864,0.6879685609823307,48.96666666666667,18.47878787878788,1.0,False,False,False
1865,0.6891103316169722,48.942424242424245,18.48969696969697,1.0,False,False,False
1866,0.687559145142388,48.944848484848485,18.50060606060606,1.0,False,False,False
1867,0.6874960157397345,48.917575757575754,18.523030303030303,1.0,False,False,False
1868,0.6871522967863305,48.90909090909091,18.525454545454547,1.0,False,False,False
1869,0.6885791898561437,49.08,18.366666666666667,1.0,False,False,False
1870,0.6889557991700623,48.92181818181818,18.506666666666668,1.0,False,False,False
1871,0.6899396113339676,48.92424242424242,18.503030303030304,1.0,False,False,False
1872,0.6900680275201394,48.85575757575758,18.563030303030303,1.0,False,False,False
1873,0.6898495310823302,48.86121212121212,18.55757575757576,1.0,False,False,False
1874,0.6899845252245469,48.92545454545454,18.49818181818182,1.0,False,False,False
1875,0.688211046159109,48.91929382093316,18.815258511979824,0.9612121212121212,False,False,False
1876,0.6901491754308376,48.76691225720027,19.385800401875418,0.9048484848484849,False,False,False
1877,0.6894462194770357,48.70931758530184,19.263123359580053,0.9236363636363636,False,False,False
1878,0.6876956252985208,48.734762223710646,19.43268586738111,0.9048484848484849,False,False,False
1879,0.6895004319806113,48.73761339846476,19.742498255408236,0.8684848484848485,False,False,False
1880,0.6892070651851953,48.77110956036287,19.722958827634333,0.8684848484848485,False,False,False
1881,0.6880245121429286,48.769713886950456,19.734124214933704,0.8684848484848485,False,False,False
1882,0.6923623390487021,48.67854597291518,19.96151104775481,0.8503030303030303,False,False,False
1883,0.688878179263188,48.68736915561759,19.788555478018143,0.8684848484848485,False,False,False
1884,0.6905716218904427,48.759839893262175,19.4076050700467,0.9084848484848485,False,False,False
1885,0.6872464857392961,48.85454545454545,18.592121212121214,1.0,False,False,False
1886,0.6897495675702742,48.808484848484845,18.587272727272726,1.0,False,False,False
1887,0.6886404843110818,48.73878787878788,18.663030303030304,1.0,False,False,False
1888,0.6899911383099855,48.8230303030303,18.573939393939394,1.0,False,False,False
1889,0.6890404780416,48.79212121212121,18.62909090909091,1.0,False,False,False
1890,0.6891107657625412,48.86606060606061,18.573333333333334,1.0,False,False,False
1891,0.6882157544169121,48.874545454545455,18.59030303030303,1.0,False,False,False
1892,0.6876334405161308,48.915151515151514,18.566666666666666,1.0,False,False,False
1893,0.6880616996420349,48.71939393939394,18.716363636363635,1.0,False,False,False
1894,0.6894117083963236,48.847272727272724,18.56909090909091,1.0,False,False,False
1895,0.6900952576630169,48.86242424242424,18.55878787878788,1.0,False,False,False
1896,0.6900225686749191,48.844242424242424,18.562424242424242,1.0,False,False,False
1897,0.6896212679129737,48.805454545454545,18.580606060606062,1.0,False,False,False
1898,0.6911002947869048,48.70727272727273,18.654545454545456,1.0,False,False,False
1899,0.6909898664611545,48.70666666666666,18.657575757575756,1.0,False,False,False
1900,0.6784837954623926,47.9969696969697,19.328484848484848,1.0,False,False,False
1901,0.6803973225375056,48.20787878787879,19.14666666666667,1.0,False,False,False
1902,0.6805197014456578,48.20787878787879,19.12848484848485,1.0,False,False,False
1903,0.6849392068030811,48.50848484848485,18.85090909090909,1.0,False,False,False
1904,0.6846950911853378,48.68242424242424,18.732727272727274,1.0,False,False,False
1905,0.6855085233172084,48.71818181818182,18.696969696969695,1.0,False,False,False
1906,0.6854014872334177,48.84969696969697,18.575151515151514,1.0,False,False,False
1907,0.684815523947288,49.04,18.44181818181818,1.0,False,False,False
1908,0.6883392591558166,49.083636363636366,18.32060606060606,1.0,False,False,False
1909,0.689057862775891,49.28363636363636,18.156969696969696,1.0,False,False,False
1910,0.6870542173947255,49.34909090909091,18.150909090909092,1.0,False,False,False
1911,0.6870632524418798,49.52,17.992121212121212,1.0,False,False,False
1912,0.6908565195852642,49.35272727272727,18.092727272727274,1.0,False,False,False
1913,0.6914968617568463,49.475151515151516,17.983636363636364,1.0,False,False,False
1914,0.6900497388021477,49.404848484848486,18.061212121212122,1.0,False,False,False
1915,0.6899572282323151,49.413333333333334,18.053939393939395,1.0,False,False,False
1916,0.6862188045204423,49.512121212121215,17.98181818181818,1.0,False,False,False
1917,0.6849281467392021,49.63212121212121,17.895757575757575,1.0,False,False,False
1918,0.6864666298487142,49.63575757575757,17.912727272727274,1.0,False,False,False
1919,0.6869017668949893,49.663636363636364,17.867878787878787,1.0,False,False,False
1920,0.6859160485631413,49.64787878787879,17.88969696969697,1.0,False,False,False
1921,0.6851774246933242,49.735757575757575,17.824848484848484,1.0,False,False,False
1922,0.6862861642447838,49.64,17.895151515151515,1.0,False,False,False
1923,0.6874487689123516,49.84909090909091,17.71757575757576,1.0,False,False,False
1924,0.6879479678425675,49.62909090909091,17.901212121212122,1.0,False,False,False
1925,0.6880560009667628,49.764242424242425,17.80242424242424,1.0,False,False,False
1926,0.6895152151156319,49.72909090909091,17.803636363636365,1.0,False,False,False
1927,0.6898145118681523,49.75939393939394,17.76969696969697,1.0,False,False,False
1928,0.6894517575129178,49.7569696969697,17.786666666666665,1.0,False,False,False
1929,0.6896759973455844,49.835151515151516,17.746060606060606,1.0,False,False,False
1930,0.6893225911024435,49.82242424242424,17.736969696969698,1.0,False,False,False
1931,0.6902943603037004,49.907272727272726,17.666666666666668,1.0,False,False,False
1932,0.6892912352962476,49.78545454545455,17.78121212121212,1.0,False,False,False
1933,0.6895975833458474,49.81818181818182,17.758181818181818,1.0,False,False,False
1934,0.6883822536906062,49.8630303030303,17.72060606060606,1.0,False,False,False
1935,0.687943094899119,49.85818181818182,17.71818181818182,1.0,False,False,False
1936,0.6898543887578688,49.835151515151516,17.726666666666667,1.0,False,False,False
1937,0.6899092429093493,49.89939393939394,17.657575757575756,1.0,False,False,False
1938,0.6892128852831878,49.97575757575758,17.62,1.0,False,False,False
1939,0.6891716260387754,49.983636363636364,17.61090909090909,1.0,False,False,False
1940,0.6907185000952024,49.838787878787876,17.73151515151515,1.0,False,False,False
1941,0.6903131178229257,49.96727272727273,17.617575757575757,1.0,False,False,False
1942,0.6913493426644421,49.82606060606061,17.733333333333334,1.0,False,False,False
1943,0.6897468263545122,49.78909090909091,17.759393939393938,1.0,False,False,False
1944,0.6901273230942546,49.525454545454544,17.973333333333333,1.0,False,False,False
1945,0.689252691604819,49.29454545454546,18.150909090909092,1.0,False,False,False
1946,0.6879910765506085,49.36242424242424,18.114545454545453,1.0,False,False,False
1947,0.689356220236302,49.224848484848486,18.215757575757575,1.0,False,False,False
1948,0.6893806988447393,49.22909090909091,18.213939393939395,1.0,False,False,False
1949,0.6894695643339309,48.90181818181818,18.506060606060608,1.0,False,False,False
1950,0.6810994680118867,48.24424242424242,19.095757575757577,1.0,False,False,False
1951,0.6827063945367483,48.083636363636366,19.21878787878788,1.0,False,False,False
1952,0.6817798362864065,48.089696969696966,19.23090909090909,1.0,False,False,False
1953,0.6859529473090115,47.835151515151516,19.475757575757576,1.0,False,False,False
1954,0.6864477991618099,47.986666666666665,19.306060606060605,1.0,False,False,False
1955,0.6870530647106654,47.737575757575755,19.506666666666668,1.0,False,False,False
1956,0.6896391144152796,47.63272727272727,19.584848484848486,1.0,False,False,False
1957,0.6911784315318993,47.35212121212121,19.80727272727273,1.0,False,False,False
1958,0.6877180534817046,47.2969696969697,19.8769696969697,1.0,False,False,False
1959,0.6892992012927072,47.083030303030306,20.075151515151514,1.0,False,False,False
1960,0.6889559179026963,47.13515151515151,20.016969696969696,1.0,False,False,False
1961,0.6878800322369447,46.94,20.193939393939395,1.0,False,False,False
1962,0.6887297705919413,46.90060606060606,20.228484848484847,1.0,False,False,False
1963,0.688462246375939,46.72,20.407878787878786,1.0,False,False,False
1964,0.6883309156601557,46.71393939393939,20.405454545454546,1.0,False,False,False
1965,0.6884289406873435,46.596363636363634,20.50121212121212,1.0,False,False,False
1966,0.6873008964036901,46.46181818181818,20.626060606060605,1.0,False,False,False
1967,0.6889818713255197,46.29454545454546,20.773939393939393,1.0,False,False,False
1968,0.6889592337682373,46.1430303030303,20.906060606060606,1.0,False,False,False
1969,0.6890437982829116,46.15030303030303,20.89878787878788,1.0,False,False,False
1970,0.6877069451252147,46.157575757575756,20.896363636363635,1.0,False,False,False
1971,0.6869419874914597,46.03333333333333,21.007272727272728,1.0,False,False,False
1972,0.6882582470515749,45.95696969696969,21.061818181818182,1.0,False,False,False
1973,0.6884747738978205,45.89636363636364,21.117575757575757,1.0,False,False,False
1974,0.6884867783817259,45.96606060606061,21.061212121212122,1.0,False,False,False
1975,0.689403442518457,45.79212121212121,21.2169696969697,1.0,False,False,False
1976,0.6891740135332088,45.95878787878788,21.066060606060606,1.0,False,False,False
1977,0.6884138668796191,45.804242424242425,21.207272727272727,1.0,False,False,False
1978,0.6891999017363984,45.78909090909091,21.216363636363635,1.0,False,False,False
1979,0.690020824837735,45.801818181818184,21.208484848484847,1.0,False,False,False
1980,0.6906664264242386,45.72242424242424,21.262424242424242,1.0,False,False,False
1981,0.6901433522662547,45.652727272727276,21.324848484848484,1.0,False,False,False
1982,0.689867314901229,45.71454545454545,21.28969696969697,1.0,False,False,False
1983,0.6899927285981997,45.72666666666667,21.28848484848485,1.0,False,False,False
1984,0.6892955004289919,45.696363636363635,21.30787878787879,1.0,False,False,False
1985,0.6893440055972039,45.696969696969695,21.306060606060605,1.0,False,False,False
1986,0.689832668664863,45.692121212121215,21.30848484848485,1.0,False,False,False
1987,0.6895605002356766,45.736363636363635,21.26181818181818,1.0,False,False,False
1988,0.6901816809426863,45.77939393939394,21.224848484848486,1.0,False,False,False
1989,0.690047080781101,45.77454545454545,21.22969696969697,1.0,False,False,False
1990,0.6896427511578179,45.74181818181818,21.25151515151515,1.0,False,False,False
1991,0.6896350024614941,45.74121212121212,21.252121212121214,1.0,False,False,False
1992,0.6898830525013552,45.74787878787879,21.240606060606062,1.0,False,False,False
1993,0.6893741408189796,45.82121212121212,21.206060606060607,1.0,False,False,False
1994,0.6901533020030557,45.75939393939394,21.244848484848486,1.0,False,False,False
1995,0.689500347654893,45.75030303030303,21.253939393939394,1.0,False,False,False
1996,0.69053645952917,45.762424242424245,21.246666666666666,1.0,False,False,False
1997,0.6904928385221786,45.75272727272727,21.252727272727274,1.0,False,False,False
1998,0.6886178289692735,45.73030303030303,21.28242424242424,1.0,False,False,False
1999,0.6887194111820631,45.67393939393939,21.330303030303032,1.0,False,False,False
2000,0.6725187729239199,45.00181818181818,21.983030303030304,1.0,False,False,False
2001,0.6747287865530766,45.01030303030303,21.973333333333333,1.0,False,False,False
2002,0.6795339571311351,45.03212121212121,21.934545454545454,1.0,False,False,False
2003,0.6851924038886226,45.08121212121212,21.87090909090909,1.0,False,False,False
2004,0.6839949877346042,44.89272727272727,22.05212121212121,1.0,False,False,False
2005,0.6825292186252542,44.874545454545455,22.07151515151515,1.0,False,False,False
2006,0.6877315203806281,44.846666666666664,22.08,1.0,False,False,False
2007,0.6893456061809435,44.79454545454546,22.111515151515153,1.0,False,False,False
2008,0.6866342586008811,44.876363636363635,22.080606060606062,1.0,False,False,False
2009,0.6879958428933292,44.86424242424243,22.096363636363638,1.0,False,False,False
2010,0.6890424713105248,44.99030303030303,21.96060606060606,1.0,False,False,False
2011,0.6892217164663788,44.99272727272727,21.965454545454545,1.0,False,False,False
2012,0.6902246875783209,45.00909090909091,21.94909090909091,1.0,False,False,False
2013,0.6915458733393413,45.00242424242424,21.965454545454545,1.0,False,False,False
2014,0.6885043651891033,44.907272727272726,22.047272727272727,1.0,False,False,False
2015,0.6897637485719086,44.88060606060606,22.067878787878787,1.0,False,False,False
2016,0.6911581613012865,44.98909090909091,21.96181818181818,1.0,False,False,False
2017,0.6902568547978496,45.02060606060606,21.94121212121212,1.0,False,False,False
2018,0.6907100709147159,45.050909090909094,21.9,1.0,False,False,False
2019,0.6887720522766982,45.03333333333333,21.917575757575758,1.0,False,False,False
2020,0.691262347057087,45.14606060606061,21.837575757575756,1.0,False,False,False
2021,0.6910730201904319,45.2060606060606,21.78121212121212,1.0,False,False,False
2022,0.6915118032010216,45.20848484848485,21.776363636363637,1.0,False,False,False
2023,0.6917279961820971,45.267272727272726,21.722424242424243,1.0,False,False,False
2024,0.6912038560017555,45.236363636363635,21.75090909090909,1.0,False,False,False
2025,0.6913673233332235,45.156969696969696,21.816969696969696,1.0,False,False,False
2026,0.6926328312145358,45.17393939393939,21.78181818181818,1.0,False,False,False
2027,0.693304015415244,45.20727272727273,21.73878787878788,1.0,False,False,False
2028,0.6910388283058083,45.53757575757576,21.46909090909091,1.0,False,False,False
2029,0.6901634725588713,45.593333333333334,21.41090909090909,1.0,False,False,False
2030,0.6907951396144908,45.595151515151514,21.406666666666666,1.0,False,False,False
2031,0.6913928572040845,45.667272727272724,21.341818181818184,1.0,False,False,False
2032,0.6913327413661573,45.63515151515151,21.382424242424243,1.0,False,False,False
2033,0.6902190426993904,45.80969696969697,21.226060606060607,1.0,False,False,False
2034,0.6908067207063313,45.89212121212121,21.146060606060605,1.0,False,False,False
2035,0.6904836666286128,45.86666666666667,21.16060606060606,1.0,False,False,False
2036,0.6918720142849087,45.81454545454545,21.213939393939395,1.0,False,False,False
2037,0.6898702220769903,45.94060606060606,21.104848484848485,1.0,False,False,False
2038,0.6900697384352447,45.85515151515151,21.163636363636364,1.0,False,False,False
2039,0.6884978731160064,45.96848484848485,21.066060606060606,1.0,False,False,False
2040,0.6917572079125202,45.949090909090906,21.08909090909091,1.0,False,False,False
2041,0.6927497446092815,45.943030303030305,21.085454545454546,1.0,False,False,False
2042,0.6919501604660403,45.98848484848485,21.047272727272727,1.0,False,False,False
2043,0.6918509226155447,46.00787878787879,21.025454545454547,1.0,False,False,False
2044,0.6902493290343615,45.913939393939394,21.131515151515153,1.0,False,False,False
2045,0.689799644223919,45.9230303030303,21.12242424242424,1.0,False,False,False
2046,0.6900423055516687,46.015757575757576,21.03818181818182,1.0,False,False,False
2047,0.689707007835958,46.03151515151515,21.027272727272727,1.0,False,False,False
2048,0.691373384301888,45.875757575757575,21.157575757575756,1.0,False,False,False
2049,0.6913698019119995,45.92484848484848,21.118181818181817,1.0,False,False,False
2050,0.6766640711048483,45.94060606060606,21.12787878787879,1.0,False,False,False
2051,0.6776957205854665,45.89333333333333,21.163030303030304,1.0,False,False,False
2052,0.6825892901779788,45.89212121212121,21.154545454545456,1.0,False,False,False
2053,0.6851376848279453,45.910303030303034,21.131515151515153,1.0,False,False,False
2054,0.6850240425155228,46.08121212121212,20.965454545454545,1.0,False,False,False
2055,0.6862288235794951,45.947878787878786,21.076969696969698,1.0,False,False,False
2056,0.6862667666453144,45.89090909090909,21.13878787878788,1.0,False,False,False
2057,0.687889584328916,45.97636363636364,21.053333333333335,1.0,False,False,False
2058,0.6851430691123042,45.911515151515154,21.118181818181817,1.0,False,False,False
2059,0.6894675203097981,45.94155381325731,22.255167498218103,0.8503030303030303,False,False,False
2060,0.8129147748309739,46.83534136546185,21.663654618473895,0.6036363636363636,False,False,False
2061,0.8129147748309739,46.83534136546185,21.663654618473895,0.4127272727272727,False,False,False
2062,0.8129147748309739,46.83534136546185,21.663654618473895,0.3884848484848485,False,False,False
2063,0.8129147748309739,46.83534136546185,21.663654618473895,0.3212121212121212,False,False,False
2064,0.8129147748309739,46.83534136546185,21.663654618473895,0.27090909090909093,False,False,False
2065,0.8129147748309739,46.83534136546185,21.663654618473895,0.2406060606060606,False,False,False
2066,0.8129147748309739,46.83534136546185,21.663654618473895,0.2309090909090909,False,False,False
2067,0.8129147748309739,46.83534136546185,21.663654618473895,0.2309090909090909,False,False,False
2068,0.8129147748309739,46.83534136546185,21.663654618473895,0.21212121212121213,False,False,False
2069,0.8129147748309739,46.83534136546185,21.663654618473895,0.20303030303030303,False,False,False
2070,0.8129147748309739,46.83534136546185,21.663654618473895,0.18545454545454546,False,False,False
2071,0.8129147748309739,46.83534136546185,21.663654618473895,0.1606060606060606,False,False,False
2072,0.8129147748309739,46.83534136546185,21.663654618473895,0.13757575757575757,False,False,False
2073,0.8129147748309739,46.83534136546185,21.663654618473895,0.1606060606060606,False,False,False
2074,0.8129147748309739,46.83534136546185,21.663654618473895,0.041212121212121214,False,False,False
2075,0.8129147748309739,46.83534136546185,21.663654618473895,0.030303030303030304,False,False,False
2076,0.8129147748309739,46.83534136546185,21.663654618473895,0.008484848484848486,False,False,False
2077,0.8129147748309739,46.83534136546185,21.663654618473895,0.0036363636363636364,False,False,False
2078,0.8129147748309739,46.83534136546185,21.663654618473895,0.0024242424242424242,False,False,False
2079,0.8129147748309739,46.83534136546185,21.663654618473895,0.0024242424242424242,False,False,False
2080,0.8129147748309739,46.83534136546185,21.663654618473895,0.0,False,False,False
2081,0.8129147748309739,46.83534136546185,21.663654618473895,0.0024242424242424242,False,False,False
2082,0.8129147748309739,46.83534136546185,21.663654618473895,0.0006060606060606061,False,False,False
2083,0.8129147748309739,46.83534136546185,21.663654618473895,0.030303030303030304,False,False,False
2084,0.8129147748309739,46.83534136546185,21.663654618473895,0.06363636363636363,False,False,False
2085,0.8129147748309739,46.83534136546185,21.663654618473895,0.010303030303030303,False,False,False
2086,0.8129147748309739,46.83534136546185,21.663654618473895,0.0024242424242424242,False,False,False
2087,0.8129147748309739,46.83534136546185,21.663654618473895,0.0006060606060606061,False,False,False
2088,0.8129147748309739,46.83534136546185,21.663654618473895,0.0006060606060606061,False,False,False
2089,0.8129147748309739,46.83534136546185,21.663654618473895,0.006666666666666667,False,False,False
2090,0.8129147748309739,46.83534136546185,21.663654618473895,0.0,False,False,False
2091,0.8129147748309739,46.83534136546185,21.663654618473895,0.0024242424242424242,False,False,False
2092,0.8129147748309739,46.83534136546185,21.663654618473895,0.0006060606060606061,False,False,False
2093,0.8129147748309739,46.83534136546185,21.663654618473895,0.015151515151515152,False,False,False
2094,0.8129147748309739,46.83534136546185,21.663654618473895,0.05393939393939394,False,False,False
2095,0.8129147748309739,46.83534136546185,21.663654618473895,0.10303030303030303,False,False,False
2096,0.8129147748309739,46.83534136546185,21.663654618473895,0.058787878787878785,False,False,False
2097,0.8129147748309739,46.83534136546185,21.663654618473895,0.0036363636363636364,False,False,False
2098,0.8129147748309739,46.83534136546185,21.663654618473895,0.15272727272727274,False,False,False
2099,0.8129147748309739,46.83534136546185,21.663654618473895,0.10303030303030303,False,False,False
2100,0.8129147748309739,46.83534136546185,21.663654618473895,0.0,False,False,False
2101,0.8129147748309739,46.83534136546185,21.663654618473895,0.023636363636363636,False,False,False
2102,0.8129147748309739,46.83534136546185,21.663654618473895,0.06363636363636363,False,False,False
2103,0.8129147748309739,46.83534136546185,21.663654618473895,0.20303030303030303,False,False,False
2104,0.8129147748309739,46.83534136546185,21.663654618473895,0.09696969696969697,False,False,False
2105,0.8129147748309739,46.83534136546185,21.663654618473895,0.023636363636363636,False,False,False
2106,0.8129147748309739,46.83534136546185,21.663654618473895,0.2309090909090909,False,False,False
2107,0.8129147748309739,46.83534136546185,21.663654618473895,0.2903030303030303,False,False,False
2108,0.8129147748309739,46.83534136546185,21.663654618473895,0.27090909090909093,False,False,False
2109,0.8129147748309739,46.83534136546185,21.663654618473895,0.27090909090909093,False,False,False
2110,0.8129147748309739,46.83534136546185,21.663654618473895,0.296969696969697,False,False,False
2111,0.8129147748309739,46.83534136546185,21.663654618473895,0.0,False,False,False
2112,0.8129147748309739,46.83534136546185,21.663654618473895,0.0,False,False,False
2113,0.8129147748309739,46.83534136546185,21.663654618473895,0.0,False,False,False
2114,0.8129147748309739,46.83534136546185,21.663654618473895,0.0,False,False,False
2115,0.8129147748309739,46.83534136546185,21.663654618473895,0.0,False,False,False
2116,0.8129147748309739,46.83534136546185,21.663654618473895,0.0,False,False,False
2117,0.8129147748309739,46.83534136546185,21.663654618473895,0.0,False,False,False
2118,0.8129147748309739,46.83534136546185,21.663654618473895,0.0,False,False,False
2119,0.8129147748309739,46.83534136546185,21.663654618473895,0.0,False,False,False
2120,0.8129147748309739,46.83534136546185,21.663654618473895,0.0,False,False,False
2121,0.8129147748309739,46.83534136546185,21.663654618473895,0.0,False,False,False
2122,0.8129147748309739,46.83534136546185,21.663654618473895,0.0,False,False,False
2123,0.8129147748309739,46.83534136546185,21.663654618473895,0.0,False,False,False
2124,0.8129147748309739,46.83534136546185,21.663654618473895,0.0,False,False,False
2125,0.8129147748309739,46.83534136546185,21.663654618473895,0.0,False,False,False
2126,0.8129147748309739,46.83534136546185,21.663654618473895,0.0,False,False,False
2127,0.8129147748309739,46.83534136546185,21.663654618473895,0.0,False,False,False
2128,0.8129147748309739,46.83534136546185,21.663654618473895,0.0,False,False,False
2129,0.8129147748309739,46.83534136546185,21.663654618473895,0.0,False,False,False
2130,0.8129147748309739,46.83534136546185,21.663654618473895,0.0,False,False,False
2131,0.8129147748309739,46.83534136546185,21.663654618473895,0.0,False,False,False
2132,0.8129147748309739,46.83534136546185,21.663654618473895,0.0,False,False,False
2133,0.8129147748309739,46.83534136546185,21.663654618473895,0.0,False,False,False
2134,0.8129147748309739,46.83534136546185,21.663654618473895,0.0,False,False,False
2135,0.8129147748309739,46.83534136546185,21.663654618473895,0.0,False,False,False
2136,0.8129147748309739,46.83534136546185,21.663654618473895,0.0,False,False,False
2137,0.8129147748309739,46.83534136546185,21.663654618473895,0.0,False,False,False
2138,0.8129147748309739,46.83534136546185,21.663654618473895,0.0,False,False,False
2139,0.8129147748309739,46.83534136546185,21.663654618473895,0.0,False,False,False
2140,0.8129147748309739,46.83534136546185,21.663654618473895,0.0,False,False,False
2141,0.8129147748309739,46.83534136546185,21.663654618473895,0.0,False,False,False
2142,0.8153797221529715,42.448314606741576,26.50561797752809,0.5393939393939394,False,False,False
2143,0.8153797221529715,42.448314606741576,26.50561797752809,0.0,False,False,False
2144,0.8153797221529715,42.448314606741576,26.50561797752809,0.0,False,False,False
2145,0.8153797221529715,42.448314606741576,26.50561797752809,0.0,False,False,False
2146,0.8153797221529715,42.448314606741576,26.50561797752809,0.0,False,False,False
2147,0.8153797221529715,42.448314606741576,26.50561797752809,0.0,False,False,False
2148,0.8153797221529715,42.448314606741576,26.50561797752809,0.0,False,False,False
2149,0.8153797221529715,42.448314606741576,26.50561797752809,0.0,False,False,False
2150,0.8153797221529715,42.448314606741576,26.50561797752809,0.0,False,False,False
2151,0.8153797221529715,42.448314606741576,26.50561797752809,0.0,False,False,False
2152,0.8153797221529715,42.448314606741576,26.50561797752809,0.08969696969696969,False,False,False
2153,0.8153797221529715,42.448314606741576,26.50561797752809,0.08969696969696969,False,False,False
2154,0.8153797221529715,42.448314606741576,26.50561797752809,0.0024242424242424242,False,False,False
2155,0.8153797221529715,42.448314606741576,26.50561797752809,0.020606060606060607,False,False,False
2156,0.8153797221529715,42.448314606741576,26.50561797752809,0.006666666666666667,False,False,False
2157,0.8153797221529715,42.448314606741576,26.50561797752809,0.0024242424242424242,False,False,False
2158,0.8153797221529715,42.448314606741576,26.50561797752809,0.0024242424242424242,False,False,False
2159,0.8153797221529715,42.448314606741576,26.50561797752809,0.0024242424242424242,False,False,False
2160,0.8153797221529715,42.448314606741576,26.50561797752809,0.020606060606060607,False,False,False
2161,0.8153797221529715,42.448314606741576,26.50561797752809,0.015151515151515152,False,False,False
2162,0.8153797221529715,42.448314606741576,26.50561797752809,0.0,False,False,False
2163,0.8153797221529715,42.448314606741576,26.50561797752809,0.0,False,False,False
2164,0.8153797221529715,42.448314606741576,26.50561797752809,0.0,False,False,False
2165,0.8153797221529715,42.448314606741576,26.50561797752809,0.0,False,False,False
2166,0.8153797221529715,42.448314606741576,26.50561797752809,0.0,False,False,False
2167,0.8153797221529715,42.448314606741576,26.50561797752809,0.0,False,False,False
2168,0.8153797221529715,42.448314606741576,26.50561797752809,0.0,False,False,False
2169,0.8153797221529715,42.448314606741576,26.50561797752809,0.0,False,False,False
2170,0.8153797221529715,42.448314606741576,26.50561797752809,0.0,False,False,False
2171,0.8153797221529715,42.448314606741576,26.50561797752809,0.0,False,False,False
2172,0.8153797221529715,42.448314606741576,26.50561797752809,0.0,False,False,False
2173,0.8153797221529715,42.448314606741576,26.50561797752809,0.017575757575757574,False,False,False
2174,0.8153797221529715,42.448314606741576,26.50561797752809,0.037575757575757575,False,False,False
2175,0.8153797221529715,42.448314606741576,26.50561797752809,0.06848484848484848,False,False,False
2176,0.8153797221529715,42.448314606741576,26.50561797752809,0.06363636363636363,False,False,False
2177,0.8153797221529715,42.448314606741576,26.50561797752809,0.07393939393939394,False,False,False
2178,0.8153797221529715,42.448314606741576,26.50561797752809,0.07939393939393939,False,False,False
2179,0.8153797221529715,42.448314606741576,26.50561797752809,0.15272727272727274,False,False,False
2180,0.8153797221529715,42.448314606741576,26.50561797752809,0.11636363636363636,False,False,False
2181,0.8153797221529715,42.448314606741576,26.50561797752809,0.06848484848484848,False,False,False
2182,0.8153797221529715,42.448314606741576,26.50561797752809,0.3884848484848485,False,False,False
2183,0.8153797221529715,42.448314606741576,26.50561797752809,0.40060606060606063,False,False,False
2184,0.8153797221529715,42.448314606741576,26.50561797752809,0.4503030303030303,False,False,False
2185,0.8290201643737176,47.227710843373494,22.073493975903613,0.503030303030303,False,False,False
2186,0.6818403402344102,46.04909090909091,21.16,1.0,False,False,False
2187,0.7328885259759463,46.17775974025974,22.66801948051948,0.7466666666666667,False,False,False
2188,0.7465269282640372,46.424847958297136,22.385751520417028,0.6975757575757576,False,False,False
2189,0.684533124364334,45.8823948681397,22.53385602280827,0.8503030303030303,False,False,False
2190,0.684533124364334,45.8823948681397,22.53385602280827,0.40060606060606063,False,False,False
2191,0.8213867779805504,47.45205479452055,21.666666666666668,0.5309090909090909,False,False,False
2192,0.6858293105764407,46.336363636363636,20.873939393939395,1.0,False,False,False
2193,0.68580654320288,46.373333333333335,20.841818181818184,1.0,False,False,False
2194,0.68580654320288,46.373333333333335,20.841818181818184,0.20303030303030303,False,False,False
2195,0.68580654320288,46.373333333333335,20.841818181818184,0.20303030303030303,False,False,False
2196,0.68580654320288,46.373333333333335,20.841818181818184,0.2903030303030303,False,False,False
2197,0.68580654320288,46.373333333333335,20.841818181818184,0.4127272727272727,False,False,False
2198,0.6850208314822751,46.194545454545455,20.997575757575756,1.0,False,False,False
2199,0.6847634694321773,46.14787878787879,21.033333333333335,1.0,False,False,False
2200,0.6692840605939603,45.96848484848485,21.25151515151515,1.0,False,False,False
2201,0.672259738519075,45.97878787878788,21.22909090909091,1.0,False,False,False
2202,0.6742785264758777,46.00363636363636,21.19818181818182,1.0,False,False,False
2203,0.6792739208723088,45.89454545454546,21.286666666666665,1.0,False,False,False
2204,0.6792739208723088,45.89454545454546,21.286666666666665,0.343030303030303,False,False,False
2205,0.6797771832632635,46.06909090909091,21.10848484848485,1.0,False,False,False
2206,0.6807788132838398,46.11030303030303,21.07090909090909,1.0,False,False,False
2207,0.6826902048288541,46.10121212121212,21.076363636363638,1.0,False,False,False
2208,0.6797748934052138,46.1830303030303,21.003030303030304,1.0,False,False,False
2209,0.6796961348510252,46.32181818181818,20.89212121212121,1.0,False,False,False
2210,0.6803962568209404,46.14121212121212,21.01818181818182,1.0,False,False,False
2211,0.6789364697331377,46.162424242424244,20.98848484848485,1.0,False,False,False
2212,0.6804006401015651,46.20545454545454,20.953939393939393,1.0,False,False,False
2213,0.6812125512900572,46.22727272727273,20.932121212121213,1.0,False,False,False
2214,0.6791927576984885,46.24,20.914545454545454,1.0,False,False,False
2215,0.678169342826471,46.28121212121212,20.887878787878787,1.0,False,False,False
2216,0.6832608247712612,46.303636363636365,20.882424242424243,1.0,False,False,False
2217,0.6826983154297268,46.32121212121212,20.87818181818182,1.0,False,False,False
2218,0.6826983154297268,46.32121212121212,20.87818181818182,0.4127272727272727,False,False,False
2219,0.6826983154297268,46.32121212121212,20.87818181818182,0.4127272727272727,False,False,False
2220,0.6826983154297268,46.32121212121212,20.87818181818182,0.3654545454545455,False,False,False
2221,0.6826983154297268,46.32121212121212,20.87818181818182,0.3006060606060606,False,False,False
2222,0.6826983154297268,46.32121212121212,20.87818181818182,0.3006060606060606,False,False,False
2223,0.6826983154297268,46.32121212121212,20.87818181818182,0.27090909090909093,False,False,False
2224,0.6826983154297268,46.32121212121212,20.87818181818182,0.18545454545454546,False,False,False
2225,0.6826983154297268,46.32121212121212,20.87818181818182,0.13757575757575757,False,False,False
2226,0.6826983154297268,46.32121212121212,20.87818181818182,0.11636363636363636,False,False,False
2227,0.6826983154297268,46.32121212121212,20.87818181818182,0.06848484848484848,False,False,False
2228,0.6826983154297268,46.32121212121212,20.87818181818182,0.045454545454545456,False,False,False
2229,0.6826983154297268,46.32121212121212,20.87818181818182,0.03393939393939394,False,False,False
2230,0.6826983154297268,46.32121212121212,20.87818181818182,0.008484848484848486,False,False,False
2231,0.6826983154297268,46.32121212121212,20.87818181818182,0.0,False,False,False
2232,0.6826983154297268,46.32121212121212,20.87818181818182,0.0,False,False,False
2233,0.6826983154297268,46.32121212121212,20.87818181818182,0.0,False,False,False
2234,0.6826983154297268,46.32121212121212,20.87818181818182,0.0,False,False,False
2235,0.6826983154297268,46.32121212121212,20.87818181818182,0.0,False,False,False
2236,0.6826983154297268,46.32121212121212,20.87818181818182,0.0,False,False,False
2237,0.6826983154297268,46.32121212121212,20.87818181818182,0.0,False,False,False
2238,0.6826983154297268,46.32121212121212,20.87818181818182,0.0,False,False,False
2239,0.6826983154297268,46.32121212121212,20.87818181818182,0.0,False,False,False
2240,0.6826983154297268,46.32121212121212,20.87818181818182,0.0,False,False,False
2241,0.6826983154297268,46.32121212121212,20.87818181818182,0.0,False,False,False
2242,0.6826983154297268,46.32121212121212,20.87818181818182,0.0,False,False,False
2243,0.6826983154297268,46.32121212121212,20.87818181818182,0.0,False,False,False
2244,0.6826983154297268,46.32121212121212,20.87818181818182,0.0,False,False,False
2245,0.6826983154297268,46.32121212121212,20.87818181818182,0.0,False,False,False
2246,0.6826983154297268,46.32121212121212,20.87818181818182,0.0,False,False,False
2247,0.6826983154297268,46.32121212121212,20.87818181818182,0.0,False,False,False
2248,0.6826983154297268,46.32121212121212,20.87818181818182,0.0,False,False,False
2249,0.6826983154297268,46.32121212121212,20.87818181818182,0.0,False,False,False
2250,0.6826983154297268,46.32121212121212,20.87818181818182,0.0,False,False,False
2251,0.6826983154297268,46.32121212121212,20.87818181818182,0.16727272727272727,False,False,False
2252,0.6826983154297268,46.32121212121212,20.87818181818182,0.28606060606060607,False,False,False
2253,0.6826983154297268,46.32121212121212,20.87818181818182,0.3503030303030303,False,False,False
2254,0.6826983154297268,46.32121212121212,20.87818181818182,0.4406060606060606,False,False,False
2255,0.6826983154297268,46.32121212121212,20.87818181818182,0.45515151515151514,False,False,False
2256,0.804989763792954,44.68425681618294,21.211081794195252,0.6890909090909091,False,False,False
2257,0.7397788319570705,45.430780559646536,21.49558173784978,0.823030303030303,False,False,False
2258,0.798120707200186,44.73050259965338,21.435875216637783,0.6993939393939393,False,False,False
2259,0.6930064427141163,44.85018963337547,22.209860935524652,0.9587878787878787,False,False,False
2260,0.6927474981914942,44.79987452948557,22.235884567126725,0.9660606060606061,False,False,False
2261,0.6858335454810439,44.02923264311815,22.915956151035324,0.9951515151515151,False,False,False
2262,0.6843793436731099,43.8569696969697,23.092727272727274,1.0,False,False,False
2263,0.6843352156485406,43.97030303030303,22.986666666666668,1.0,False,False,False
2264,0.6854670515940028,43.85212121212121,23.09030303030303,1.0,False,False,False
2265,0.6850747020655915,43.835151515151516,23.104848484848485,1.0,False,False,False
2266,0.6853161916870572,43.85515151515151,23.08,1.0,False,False,False
2267,0.6853696311665751,43.50727272727273,23.39151515151515,1.0,False,False,False
2268,0.6860761983922484,43.46060606060606,23.412727272727274,1.0,False,False,False
2269,0.7143863769853307,44.982300884955755,22.110959836623554,0.8903030303030303,False,False,False
2270,0.7197415192297747,44.98064961990325,22.14651002073255,0.876969696969697,False,False,False
2271,0.6876945680500445,43.63939393939394,23.263030303030302,1.0,False,False,False
2272,0.6886650583286968,43.60363636363636,23.286666666666665,1.0,False,False,False
2273,0.6861978698007837,43.626666666666665,23.26969696969697,1.0,False,False,False
2274,0.6883866716901071,43.269090909090906,23.58969696969697,1.0,False,False,False
2275,0.6861326544863928,43.275590551181104,24.13254593175853,0.9236363636363636,False,False,False
2276,0.7193102667561823,43.442546583850934,24.8027950310559,0.7806060606060606,False,False,False
2277,0.7942226951239226,43.5697896749522,24.99043977055449,0.6339393939393939,False,False,False
2278,0.8212623234029323,43.87764182424917,24.68186874304783,0.5448484848484848,False,False,False
2279,0.822763402389016,43.8458904109589,24.740867579908677,0.5309090909090909,False,False,False
2280,0.822763402389016,43.8458904109589,24.740867579908677,0.4763636363636364,False,False,False
2281,0.8207980233114964,43.840934371523915,24.70967741935484,0.5448484848484848,False,False,False
2282,0.8207980233114964,43.840934371523915,24.70967741935484,0.4763636363636364,False,False,False
2283,0.8207980233114964,43.840934371523915,24.70967741935484,0.343030303030303,False,False,False
2284,0.8207980233114964,43.840934371523915,24.70967741935484,0.3006060606060606,False,False,False
2285,0.8207980233114964,43.840934371523915,24.70967741935484,0.12303030303030303,False,False,False
2286,0.8207980233114964,43.840934371523915,24.70967741935484,0.045454545454545456,False,False,False
2287,0.8207980233114964,43.840934371523915,24.70967741935484,0.037575757575757575,False,False,False
2288,0.8207980233114964,43.840934371523915,24.70967741935484,0.010303030303030303,False,False,False
2289,0.8207980233114964,43.840934371523915,24.70967741935484,0.0006060606060606061,False,False,False
2290,0.8207980233114964,43.840934371523915,24.70967741935484,0.0,False,False,False
2291,0.8207980233114964,43.840934371523915,24.70967741935484,0.0,False,False,False
2292,0.8207980233114964,43.840934371523915,24.70967741935484,0.0,False,False,False
2293,0.8207980233114964,43.840934371523915,24.70967741935484,0.0,False,False,False
2294,0.8207980233114964,43.840934371523915,24.70967741935484,0.0,False,False,False
2295,0.8207980233114964,43.840934371523915,24.70967741935484,0.0,False,False,False
2296,0.8207980233114964,43.840934371523915,24.70967741935484,0.0,False,False,False
2297,0.8207980233114964,43.840934371523915,24.70967741935484,0.0,False,False,False
2298,0.8207980233114964,43.840934371523915,24.70967741935484,0.0,False,False,False
2299,0.8207980233114964,43.840934371523915,24.70967741935484,0.0,False,False,False
2300,0.8207980233114964,43.840934371523915,24.70967741935484,0.0,False,False,False
2301,0.8207980233114964,43.840934371523915,24.70967741935484,0.0,False,False,False
2302,0.8207980233114964,43.840934371523915,24.70967741935484,0.0,False,False,False
2303,0.8207980233114964,43.840934371523915,24.70967741935484,0.0,False,False,False
2304,0.8207980233114964,43.840934371523915,24.70967741935484,0.0,False,False,False
2305,0.8207980233114964,43.840934371523915,24.70967741935484,0.0,False,False,False
2306,0.8207980233114964,43.840934371523915,24.70967741935484,0.0,False,False,False
2307,0.8207980233114964,43.840934371523915,24.70967741935484,0.0,False,False,False
2308,0.8207980233114964,43.840934371523915,24.70967741935484,0.0,False,False,False
2309,0.8207980233114964,43.840934371523915,24.70967741935484,0.0,False,False,False
2310,0.8207980233114964,43.840934371523915,24.70967741935484,0.0,False,False,False
2311,0.8207980233114964,43.840934371523915,24.70967741935484,0.0,False,False,False
2312,0.8207980233114964,43.840934371523915,24.70967741935484,0.0,False,False,False
2313,0.8207980233114964,43.840934371523915,24.70967741935484,0.0,False,False,False
2314,0.8207980233114964,43.840934371523915,24.70967741935484,0.0,False,False,False
2315,0.8207980233114964,43.840934371523915,24.70967741935484,0.0,False,False,False
2316,0.8207980233114964,43.840934371523915,24.70967741935484,0.0,False,False,False
2317,0.8207980233114964,43.840934371523915,24.70967741935484,0.0,False,False,False
2318,0.8207980233114964,43.840934371523915,24.70967741935484,0.0,False,False,False
2319,0.8207980233114964,43.840934371523915,24.70967741935484,0.0,False,False,False
2320,0.8207980233114964,43.840934371523915,24.70967741935484,0.0,False,False,False
2321,0.8207980233114964,43.840934371523915,24.70967741935484,0.0,False,False,False
2322,0.8207980233114964,43.840934371523915,24.70967741935484,0.0,False,False,False
2323,0.8207980233114964,43.840934371523915,24.70967741935484,0.0024242424242424242,False,False,False
2324,0.8207980233114964,43.840934371523915,24.70967741935484,0.015151515151515152,False,False,False
2325,0.8207980233114964,43.840934371523915,24.70967741935484,0.045454545454545456,False,False,False
2326,0.8207980233114964,43.840934371523915,24.70967741935484,0.023636363636363636,False,False,False
2327,0.8207980233114964,43.840934371523915,24.70967741935484,0.037575757575757575,False,False,False
2328,0.8207980233114964,43.840934371523915,24.70967741935484,0.006666666666666667,False,False,False
2329,0.8207980233114964,43.840934371523915,24.70967741935484,0.015151515151515152,False,False,False
2330,0.8207980233114964,43.840934371523915,24.70967741935484,0.023636363636363636,False,False,False
2331,0.8207980233114964,43.840934371523915,24.70967741935484,0.06848484848484848,False,False,False
2332,0.8207980233114964,43.840934371523915,24.70967741935484,0.2309090909090909,False,False,False
2333,0.8207980233114964,43.840934371523915,24.70967741935484,0.2903030303030303,False,False,False
2334,0.8207980233114964,43.840934371523915,24.70967741935484,0.35393939393939394,False,False,False
2335,0.8207980233114964,43.840934371523915,24.70967741935484,0.2903030303030303,False,False,False
2336,0.8207980233114964,43.840934371523915,24.70967741935484,0.4127272727272727,False,False,False
2337,0.8184911252642257,44.00541711809318,24.57204767063922,0.5593939393939394,False,False,False
2338,0.8215488457225288,44.15684093437152,24.449388209121246,0.5448484848484848,False,False,False
2339,0.807913396738635,43.95281124497992,24.43574297188755,0.6036363636363636,False,False,False
2340,0.7484862977389896,43.49522154648132,24.865334491746307,0.6975757575757576,False,False,False
2341,0.820715981933786,44.308120133481644,24.344827586206897,0.5448484848484848,False,False,False
2342,0.8329676602115428,44.34698795180723,24.53012048192771,0.503030303030303,False,False,False
2343,0.8329676602115428,44.34698795180723,24.53012048192771,0.43757575757575756,False,False,False
2344,0.8329676602115428,44.34698795180723,24.53012048192771,0.37696969696969695,False,False,False
2345,0.8329676602115428,44.34698795180723,24.53012048192771,0.3321212121212121,False,False,False
2346,0.8329676602115428,44.34698795180723,24.53012048192771,0.2903030303030303,False,False,False
2347,0.8329676602115428,44.34698795180723,24.53012048192771,0.20303030303030303,False,False,False
2348,0.8329676602115428,44.34698795180723,24.53012048192771,0.1096969696969697,False,False,False
2349,0.8329676602115428,44.34698795180723,24.53012048192771,0.020606060606060607,False,False,False
2350,0.8329676602115428,44.34698795180723,24.53012048192771,0.0,False,False,False
2351,0.8329676602115428,44.34698795180723,24.53012048192771,0.0,False,False,False
2352,0.8329676602115428,44.34698795180723,24.53012048192771,0.0,False,False,False
2353,0.8329676602115428,44.34698795180723,24.53012048192771,0.0,False,False,False
2354,0.8329676602115428,44.34698795180723,24.53012048192771,0.0,False,False,False
2355,0.8329676602115428,44.34698795180723,24.53012048192771,0.0,False,False,False
2356,0.8329676602115428,44.34698795180723,24.53012048192771,0.0,False,False,False
2357,0.8329676602115428,44.34698795180723,24.53012048192771,0.0,False,False,False
2358,0.8329676602115428,44.34698795180723,24.53012048192771,0.0,False,False,False
2359,0.8329676602115428,44.34698795180723,24.53012048192771,0.0,False,False,False
2360,0.8329676602115428,44.34698795180723,24.53012048192771,0.0,False,False,False
2361,0.8329676602115428,44.34698795180723,24.53012048192771,0.0,False,False,False
2362,0.8329676602115428,44.34698795180723,24.53012048192771,0.010303030303030303,False,False,False
2363,0.8329676602115428,44.34698795180723,24.53012048192771,0.06363636363636363,False,False,False
2364,0.8329676602115428,44.34698795180723,24.53012048192771,0.08484848484848485,False,False,False
2365,0.8329676602115428,44.34698795180723,24.53012048192771,0.10303030303030303,False,False,False
2366,0.8329676602115428,44.34698795180723,24.53012048192771,0.10303030303030303,False,False,False
2367,0.8329676602115428,44.34698795180723,24.53012048192771,0.09090909090909091,False,False,False
2368,0.8329676602115428,44.34698795180723,24.53012048192771,0.09090909090909091,False,False,False
2369,0.8329676602115428,44.34698795180723,24.53012048192771,0.08484848484848485,False,False,False
2370,0.8329676602115428,44.34698795180723,24.53012048192771,0.045454545454545456,False,False,False
2371,0.8329676602115428,44.34698795180723,24.53012048192771,0.02666666666666667,False,False,False
2372,0.8329676602115428,44.34698795180723,24.53012048192771,0.015151515151515152,False,False,False
2373,0.8329676602115428,44.34698795180723,24.53012048192771,0.0012121212121212121,False,False,False
2374,0.8329676602115428,44.34698795180723,24.53012048192771,0.0,False,False,False
2375,0.8329676602115428,44.34698795180723,24.53012048192771,0.0,False,False,False
2376,0.8329676602115428,44.34698795180723,24.53012048192771,0.0,False,False,False
2377,0.8329676602115428,44.34698795180723,24.53012048192771,0.0,False,False,False
2378,0.8329676602115428,44.34698795180723,24.53012048192771,0.0,False,False,False
2379,0.8329676602115428,44.34698795180723,24.53012048192771,0.0,False,False,False
2380,0.8329676602115428,44.34698795180723,24.53012048192771,0.0,False,False,False
2381,0.8329676602115428,44.34698795180723,24.53012048192771,0.0,False,False,False
2382,0.8329676602115428,44.34698795180723,24.53012048192771,0.0,False,False,False
2383,0.8329676602115428,44.34698795180723,24.53012048192771,0.0,False,False,False
2384,0.8329676602115428,44.34698795180723,24.53012048192771,0.0,False,False,False
2385,0.8329676602115428,44.34698795180723,24.53012048192771,0.0,False,False,False
2386,0.8329676602115428,44.34698795180723,24.53012048192771,0.0,False,False,False
2387,0.8329676602115428,44.34698795180723,24.53012048192771,0.0,False,False,False
2388,0.8329676602115428,44.34698795180723,24.53012048192771,0.0024242424242424242,False,False,False
2389,0.8329676602115428,44.34698795180723,24.53012048192771,0.015151515151515152,False,False,False
2390,0.8329676602115428,44.34698795180723,24.53012048192771,0.023636363636363636,False,False,False
2391,0.8329676602115428,44.34698795180723,24.53012048192771,0.037575757575757575,False,False,False
2392,0.8329676602115428,44.34698795180723,24.53012048192771,0.058787878787878785,False,False,False
2393,0.8329676602115428,44.34698795180723,24.53012048192771,0.09090909090909091,False,False,False
2394,0.8329676602115428,44.34698795180723,24.53012048192771,0.10303030303030303,False,False,False
2395,0.8329676602115428,44.34698795180723,24.53012048192771,0.13757575757575757,False,False,False
2396,0.8329676602115428,44.34698795180723,24.53012048192771,0.1606060606060606,False,False,False
2397,0.8329676602115428,44.34698795180723,24.53012048192771,0.2309090909090909,False,False,False
2398,0.8329676602115428,44.34698795180723,24.53012048192771,0.343030303030303,False,False,False
2399,0.8329676602115428,44.34698795180723,24.53012048192771,0.43757575757575756,False,False,False
2400,0.8309006900718946,44.22409638554217,24.56867469879518,0.503030303030303,False,False,False
2401,0.8042522454423633,44.30522088353413,24.079317269076306,0.6036363636363636,False,False,False
2402,0.7382985425363746,44.0509337860781,24.387945670628184,0.713939393939394,False,False,False
2403,0.7337427466739652,43.93181818181818,24.525974025974026,0.7466666666666667,False,False,False
2404,0.7001154060979377,43.888297872340424,24.6451367781155,0.7975757575757576,False,False,False
2405,0.6824938172892804,43.924633635729236,24.015352407536636,0.8684848484848485,False,False,False
2406,0.6831046189328935,43.839497557571526,24.08653175157013,0.8684848484848485,False,False,False
2407,0.6836270632541029,43.992433795712486,23.215006305170238,0.9612121212121212,False,False,False
2408,0.6844172549215672,43.96545454545455,22.98060606060606,1.0,False,False,False
2409,0.6951871830586022,44.93209481101858,22.126201153106983,0.946060606060606,False,False,False
2410,0.6841968817532318,43.99151515151515,22.965454545454545,1.0,False,False,False
2411,0.6830689375049509,43.910909090909094,23.035151515151515,1.0,False,False,False
2412,0.6870527749236811,44.0012277470841,22.937384898710867,0.9872727272727273,False,False,False
2413,0.6877438955924345,43.735757575757575,23.166666666666668,1.0,False,False,False
2414,0.7019604305509811,45.06609947643979,21.973167539267017,0.926060606060606,False,False,False
2415,0.7083880731426473,44.83288590604027,22.25503355704698,0.9030303030303031,False,False,False
2416,0.6864571225391219,43.32606060606061,23.524242424242424,1.0,False,False,False
2417,0.6864441842180002,43.04242424242424,23.783636363636365,1.0,False,False,False
2418,0.711394036881993,44.32635135135135,22.75,0.896969696969697,False,False,False
2419,0.7092553078265658,44.129530201342284,22.879194630872483,0.9030303030303031,False,False,False
2420,0.7395819394994414,44.03240058910162,22.733431516936673,0.823030303030303,False,False,False
2421,0.7322085582687096,44.0049191848208,22.773014757554463,0.8624242424242424,False,False,False
2422,0.8175799755569014,43.38273921200751,22.402439024390244,0.6460606060606061,False,False,False
2423,0.8170065579482667,43.11623616236162,22.650369003690038,0.656969696969697,False,False,False
2424,0.8180835469594585,43.21669793621013,22.553470919324578,0.6460606060606061,False,False,False
2425,0.8355825593619665,43.03055848261328,22.46153846153846,0.5751515151515152,False,False,False
2426,0.8355825593619665,43.03055848261328,22.46153846153846,0.3187878787878788,False,False,False
2427,0.8355825593619665,43.03055848261328,22.46153846153846,0.1496969696969697,False,False,False
2428,0.8355825593619665,43.03055848261328,22.46153846153846,0.0,False,False,False
2429,0.8355825593619665,43.03055848261328,22.46153846153846,0.0,False,False,False
2430,0.8355825593619665,43.03055848261328,22.46153846153846,0.0,False,False,False
2431,0.8355825593619665,43.03055848261328,22.46153846153846,0.0,False,False,False
2432,0.8355825593619665,43.03055848261328,22.46153846153846,0.0,False,False,False
2433,0.8355825593619665,43.03055848261328,22.46153846153846,0.0,False,False,False
2434,0.8355825593619665,43.03055848261328,22.46153846153846,0.0,False,False,False
2435,0.8355825593619665,43.03055848261328,22.46153846153846,0.0,False,False,False
2436,0.8355825593619665,43.03055848261328,22.46153846153846,0.0,False,False,False
2437,0.8355825593619665,43.03055848261328,22.46153846153846,0.0,False,False,False
2438,0.8355825593619665,43.03055848261328,22.46153846153846,0.0,False,False,False
2439,0.8355825593619665,43.03055848261328,22.46153846153846,0.0,False,False,False
2440,0.8355825593619665,43.03055848261328,22.46153846153846,0.0,False,False,False
2441,0.8355825593619665,43.03055848261328,22.46153846153846,0.0,False,False,False
2442,0.8355825593619665,43.03055848261328,22.46153846153846,0.0,False,False,False
2443,0.8355825593619665,43.03055848261328,22.46153846153846,0.0,False,False,False
2444,0.8355825593619665,43.03055848261328,22.46153846153846,0.0,False,False,False
2445,0.8355825593619665,43.03055848261328,22.46153846153846,0.0,False,False,False
2446,0.8355825593619665,43.03055848261328,22.46153846153846,0.0,False,False,False
2447,0.8355825593619665,43.03055848261328,22.46153846153846,0.0,False,False,False
2448,0.8355825593619665,43.03055848261328,22.46153846153846,0.0,False,False,False
2449,0.8355825593619665,43.03055848261328,22.46153846153846,0.0,False,False,False
2450,0.8355825593619665,43.03055848261328,22.46153846153846,0.0,False,False,False
2451,0.8355825593619665,43.03055848261328,22.46153846153846,0.0,False,False,False
2452,0.8355825593619665,43.03055848261328,22.46153846153846,0.0,False,False,False
2453,0.8355825593619665,43.03055848261328,22.46153846153846,0.0,False,False,False
2454,0.8355825593619665,43.03055848261328,22.46153846153846,0.0,False,False,False
2455,0.8355825593619665,43.03055848261328,22.46153846153846,0.0,False,False,False
2456,0.8355825593619665,43.03055848261328,22.46153846153846,0.0,False,False,False
2457,0.8355825593619665,43.03055848261328,22.46153846153846,0.0,False,False,False
2458,0.8355825593619665,43.03055848261328,22.46153846153846,0.0,False,False,False
2459,0.8355825593619665,43.03055848261328,22.46153846153846,0.0,False,False,False
2460,0.8355825593619665,43.03055848261328,22.46153846153846,0.0,False,False,False
2461,0.8355825593619665,43.03055848261328,22.46153846153846,0.0,False,False,False
2462,0.8355825593619665,43.03055848261328,22.46153846153846,0.0,False,False,False
2463,0.8355825593619665,43.03055848261328,22.46153846153846,0.0,False,False,False
2464,0.8355825593619665,43.03055848261328,22.46153846153846,0.0,False,False,False
2465,0.8355825593619665,43.03055848261328,22.46153846153846,0.0,False,False,False
2466,0.8355825593619665,43.03055848261328,22.46153846153846,0.0,False,False,False
2467,0.8355825593619665,43.03055848261328,22.46153846153846,0.0,False,False,False
2468,0.8355825593619665,43.03055848261328,22.46153846153846,0.0,False,False,False
2469,0.8355825593619665,43.03055848261328,22.46153846153846,0.0,False,False,False
2470,0.8355825593619665,43.03055848261328,22.46153846153846,0.0,False,False,False
2471,0.8355825593619665,43.03055848261328,22.46153846153846,0.0,False,False,False
2472,0.8355825593619665,43.03055848261328,22.46153846153846,0.0,False,False,False
2473,0.8355825593619665,43.03055848261328,22.46153846153846,0.0,False,False,False
2474,0.8355825593619665,43.03055848261328,22.46153846153846,0.0,False,False,False
2475,0.8355825593619665,43.03055848261328,22.46153846153846,0.0,False,False,False
2476,0.8355825593619665,43.03055848261328,22.46153846153846,0.0,False,False,False
2477,0.8355825593619665,43.03055848261328,22.46153846153846,0.0,False,False,False
2478,0.8355825593619665,43.03055848261328,22.46153846153846,0.0,False,False,False
2479,0.8355825593619665,43.03055848261328,22.46153846153846,0.0,False,False,False
2480,0.8355825593619665,43.03055848261328,22.46153846153846,0.0,False,False,False
2481,0.8355825593619665,43.03055848261328,22.46153846153846,0.0,False,False,False
2482,0.8355825593619665,43.03055848261328,22.46153846153846,0.06363636363636363,False,False,False
2483,0.8355825593619665,43.03055848261328,22.46153846153846,0.0,False,False,False
2484,0.8355825593619665,43.03055848261328,22.46153846153846,0.0,False,False,False
2485,0.8355825593619665,43.03055848261328,22.46153846153846,0.0,False,False,False
2486,0.8355825593619665,43.03055848261328,22.46153846153846,0.0,False,False,False
2487,0.8355825593619665,43.03055848261328,22.46153846153846,0.0,False,False,False
2488,0.8355825593619665,43.03055848261328,22.46153846153846,0.0,False,False,False
2489,0.8355825593619665,43.03055848261328,22.46153846153846,0.0,False,False,False
2490,0.8355825593619665,43.03055848261328,22.46153846153846,0.0,False,False,False
2491,0.8355825593619665,43.03055848261328,22.46153846153846,0.006666666666666667,False,False,False
2492,0.8355825593619665,43.03055848261328,22.46153846153846,0.0036363636363636364,False,False,False
2493,0.8355825593619665,43.03055848261328,22.46153846153846,0.0006060606060606061,False,False,False
2494,0.8355825593619665,43.03055848261328,22.46153846153846,0.0006060606060606061,False,False,False
2495,0.8355825593619665,43.03055848261328,22.46153846153846,0.008484848484848486,False,False,False
2496,0.8355825593619665,43.03055848261328,22.46153846153846,0.015151515151515152,False,False,False
2497,0.8355825593619665,43.03055848261328,22.46153846153846,0.0024242424242424242,False,False,False
2498,0.8355825593619665,43.03055848261328,22.46153846153846,0.030303030303030304,False,False,False
2499,0.8355825593619665,43.03055848261328,22.46153846153846,0.023636363636363636,False,False,False
2500,0.8355825593619665,43.03055848261328,22.46153846153846,0.015151515151515152,False,False,False
2501,0.8355825593619665,43.03055848261328,22.46153846153846,0.0,False,False,False
2502,0.8355825593619665,43.03055848261328,22.46153846153846,0.0,False,False,False
2503,0.8355825593619665,43.03055848261328,22.46153846153846,0.0,False,False,False
2504,0.8355825593619665,43.03055848261328,22.46153846153846,0.006666666666666667,False,False,False
2505,0.8355825593619665,43.03055848261328,22.46153846153846,0.010303030303030303,False,False,False
2506,0.8355825593619665,43.03055848261328,22.46153846153846,0.37454545454545457,False,False,False
2507,0.8355825593619665,43.03055848261328,22.46153846153846,0.0,False,False,False
2508,0.8355825593619665,43.03055848261328,22.46153846153846,0.0,False,False,False
2509,0.8355825593619665,43.03055848261328,22.46153846153846,0.0,False,False,False
2510,0.8355825593619665,43.03055848261328,22.46153846153846,0.20303030303030303,False,False,False
2511,0.7967659853636496,43.553814002089865,25.346917450365726,0.58,False,False,False
2512,0.7589505614634597,43.900877192982456,24.57456140350877,0.6909090909090909,False,False,False
2513,0.7501247015245645,44.0234309623431,24.36234309623431,0.7242424242424242,False,False,False
2514,0.7501247015245645,44.0234309623431,24.36234309623431,0.0,False,False,False
2515,0.7501247015245645,44.0234309623431,24.36234309623431,0.0,False,False,False
2516,0.6930882248273178,44.304605263157896,23.153947368421054,0.9212121212121213,False,False,False
2517,0.6894961273062934,44.15212121212121,22.795151515151517,1.0,False,False,False
2518,0.6894961273062934,44.15212121212121,22.795151515151517,0.0,False,False,False
2519,0.6898118467123868,44.2430303030303,22.706666666666667,1.0,False,False,False
2520,0.6898118467123868,44.2430303030303,22.706666666666667,0.0,False,False,False
2521,0.6898118467123868,44.2430303030303,22.706666666666667,0.0,False,False,False
2522,0.69170827542586,44.34001292824822,22.998707175177763,0.9375757575757576,False,False,False
2523,0.7311042589190198,44.47335907335907,23.74671814671815,0.7848484848484848,False,False,False
2524,0.7311042589190198,44.47335907335907,23.74671814671815,0.0,False,False,False
2525,0.7311042589190198,44.47335907335907,23.74671814671815,0.0,False,False,False
2526,0.6896015776441414,44.341818181818184,22.62727272727273,1.0,False,False,False
2527,0.6896015776441414,44.341818181818184,22.62727272727273,0.0,False,False,False
2528,0.6870068764653797,44.448484848484846,22.555757575757575,1.0,False,False,False
2529,0.6869124134296671,44.36909090909091,22.616969696969697,1.0,False,False,False
2530,0.6869124134296671,44.36909090909091,22.616969696969697,0.0,False,False,False
2531,0.6869124134296671,44.36909090909091,22.616969696969697,0.0,False,False,False
2532,0.6869124134296671,44.36909090909091,22.616969696969697,0.0,False,False,False
2533,0.6869124134296671,44.36909090909091,22.616969696969697,0.0,False,False,False
2534,0.6869124134296671,44.36909090909091,22.616969696969697,0.0,False,False,False
2535,0.6869124134296671,44.36909090909091,22.616969696969697,0.0,False,False,False
2536,0.6869124134296671,44.36909090909091,22.616969696969697,0.0,False,False,False
2537,0.6869124134296671,44.36909090909091,22.616969696969697,0.16727272727272727,False,False,False
2538,0.6869124134296671,44.36909090909091,22.616969696969697,0.28606060606060607,False,False,False
2539,0.6869124134296671,44.36909090909091,22.616969696969697,0.2696969696969697,False,False,False
2540,0.6869124134296671,44.36909090909091,22.616969696969697,0.2696969696969697,False,False,False
2541,0.6869124134296671,44.36909090909091,22.616969696969697,0.3503030303030303,False,False,False
2542,0.6869124134296671,44.36909090909091,22.616969696969697,0.48303030303030303,False,False,False
2543,0.6869124134296671,44.36909090909091,22.616969696969697,0.4406060606060606,False,False,False
2544,0.7742325792872902,47.947630922693264,19.18703241895262,0.7290909090909091,False,False,False
2545,0.734209658885295,48.86137184115523,18.457039711191335,0.8393939393939394,False,False,False
2546,0.728453862253823,49.00421644413211,18.472241742796907,0.8624242424242424,False,False,False
2547,0.707929603755567,49.23154362416108,18.51006711409396,0.9030303030303031,False,False,False
2548,0.6832479995015892,47.47151515151515,19.977575757575757,1.0,False,False,False
2549,0.6803263301276996,47.475151515151516,19.99818181818182,1.0,False,False,False
2550,0.6789834609019423,47.31454545454545,20.118787878787877,1.0,False,False,False
2551,0.6796946922511172,47.481818181818184,19.975757575757576,1.0,False,False,False
2552,0.6816984904652225,47.32969696969697,20.096363636363638,1.0,False,False,False
2553,0.68336861129202,47.09818181818182,20.272121212121213,1.0,False,False,False
2554,0.6860620850234693,47.07454545454546,20.32121212121212,1.0,False,False,False
2555,0.6822144680948476,46.95454545454545,20.44,1.0,False,False,False
2556,0.6821877397103037,47.06545454545454,20.335151515151516,1.0,False,False,False
2557,0.6805363917908278,47.0230303030303,20.384848484848487,1.0,False,False,False
2558,0.6826319695940432,47.024848484848484,20.387878787878787,1.0,False,False,False
2559,0.6829286890707303,46.984242424242424,20.403030303030302,1.0,False,False,False
2560,0.6851416809481637,46.9769696969697,20.393333333333334,1.0,False,False,False
2561,0.6849616829166327,46.92606060606061,20.417575757575758,1.0,False,False,False
2562,0.6821435598895377,46.834545454545456,20.547878787878787,1.0,False,False,False
2563,0.6836715073256566,46.807878787878785,20.55030303030303,1.0,False,False,False
2564,0.6827373322654164,46.77878787878788,20.580606060606062,1.0,False,False,False
2565,0.6818070072563974,46.735757575757575,20.615151515151513,1.0,False,False,False
2566,0.6814476051716005,46.82363636363636,20.533333333333335,1.0,False,False,False
2567,0.6817715497096581,46.88242424242424,20.484242424242424,1.0,False,False,False
2568,0.6809994933976666,47.00545454545455,20.4,1.0,False,False,False
2569,0.682880359530694,47.192121212121215,20.21939393939394,1.0,False,False,False
2570,0.6832759219788007,47.332727272727276,20.0569696969697,1.0,False,False,False
2571,0.6832509642969984,47.37090909090909,20.024848484848484,1.0,False,False,False
2572,0.683159415656817,47.374545454545455,20.01878787878788,1.0,False,False,False
2573,0.6832782507223127,47.341818181818184,20.04060606060606,1.0,False,False,False
2574,0.6847772845146162,47.304242424242425,20.081818181818182,1.0,False,False,False
2575,0.6833572977497576,47.42060606060606,20.00181818181818,1.0,False,False,False
2576,0.6842583166439156,47.36848484848485,20.02,1.0,False,False,False
2577,0.6849783937635351,47.29151515151515,20.078787878787878,1.0,False,False,False
2578,0.6847640462755016,47.30909090909091,20.07939393939394,1.0,False,False,False
2579,0.6851283741659793,47.36909090909091,20.021818181818183,1.0,False,False,False
2580,0.6836768636496523,47.35575757575758,20.048484848484847,1.0,False,False,False
2581,0.6836761864566683,47.39333333333333,20.002424242424244,1.0,False,False,False
2582,0.6840088076903564,47.53515151515151,19.916363636363638,1.0,False,False,False
2583,0.6835792631391318,47.64,19.81878787878788,1.0,False,False,False
2584,0.6843084585647851,47.588484848484846,19.854545454545455,1.0,False,False,False
2585,0.6846142417725335,47.52848484848485,19.895151515151515,1.0,False,False,False
2586,0.6825117352364707,47.46242424242424,19.964848484848485,1.0,False,False,False
2587,0.6835167553207855,47.50666666666667,19.938787878787878,1.0,False,False,False
2588,0.6818264656225445,47.46606060606061,19.974545454545453,1.0,False,False,False
2589,0.6817237837684735,47.448484848484846,19.992121212121212,1.0,False,False,False
2590,0.6829605749822723,47.52969696969697,19.913333333333334,1.0,False,False,False
2591,0.6829120717935395,47.49333333333333,19.943636363636365,1.0,False,False,False
2592,0.6826113077563045,47.42242424242424,20.009696969696968,1.0,False,False,False
2593,0.6830478898682013,47.31575757575757,20.099393939393938,1.0,False,False,False
2594,0.6837623960358178,47.236363636363635,20.14121212121212,1.0,False,False,False
2595,0.6844345308807283,47.14848484848485,20.21212121212121,1.0,False,False,False
2596,0.6854689022710048,47.223636363636366,20.14181818181818,1.0,False,False,False
2597,0.6857899261684103,47.22545454545455,20.124242424242425,1.0,False,False,False
2598,0.6836777878860986,47.23939393939394,20.14909090909091,1.0,False,False,False
2599,0.6836558019940712,47.299452221545955,20.130249543517955,0.9957575757575757,False,False,False
2600,0.6896369198909652,47.16185784658691,21.25615763546798,0.8612121212121212,False,False,False
2601,0.7341673392377569,47.02405773857257,21.82197273456295,0.7557575757575757,False,False,False
2602,0.7662945642690364,46.79482439926063,22.42883548983364,0.6557575757575758,False,False,False
2603,0.7331471698206766,46.93183640737771,21.91419406575782,0.7557575757575757,False,False,False
2604,0.7331471698206766,46.93183640737771,21.91419406575782,0.49696969696969695,False,False,False
2605,0.809583140691472,45.89775280898876,23.757303370786516,0.5393939393939394,False,False,False
2606,0.7907629366914778,46.08568443051202,23.387669801462906,0.58,False,False,False
2607,0.7659131318759397,46.30499075785582,22.818853974121996,0.6557575757575758,False,False,False
2608,0.7657471130495729,46.38262476894639,22.735674676524955,0.6557575757575758,False,False,False
2609,0.7758201552043956,46.28305582761998,23.024485798237023,0.6187878787878788,False,False,False
2610,0.7758201552043956,46.28305582761998,23.024485798237023,0.4527272727272727,False,False,False
2611,0.7167309604744475,46.67164179104478,21.926865671641792,0.8121212121212121,False,False,False
2612,0.7925653742587174,46.18181818181818,23.278996865203762,0.58,False,False,False
2613,0.7350498305932494,46.73777064955894,22.044105854049718,0.7557575757575757,False,False,False
2614,0.7267923048768475,46.773745173745176,21.886486486486486,0.7848484848484848,False,False,False
2615,0.6835682512951274,46.91788669637174,20.77402928071292,0.9521212121212121,False,False,False
2616,0.6818676122278722,46.962872793670115,20.419354838709676,0.9957575757575757,False,False,False
2617,0.6826145053174932,46.99627329192547,20.546583850931675,0.9757575757575757,False,False,False
2618,0.6832420232908877,47.02848484848485,20.35272727272727,1.0,False,False,False
2619,0.684430666144224,47.056363636363635,20.315151515151516,1.0,False,False,False
2620,0.6828662859740253,47.17212121212121,20.224848484848486,1.0,False,False,False
2621,0.6815820753998229,46.97757575757576,20.4,1.0,False,False,False
2622,0.6826715377756554,47.013939393939395,20.363636363636363,1.0,False,False,False
2623,0.6904637151861687,47.069736842105264,20.82434210526316,0.9212121212121213,False,False,False
2624,0.682074790996542,46.943636363636365,20.424242424242426,1.0,False,False,False
2625,0.6820415225474238,46.91661594643944,20.474132684114426,0.9957575757575757,False,False,False
2626,0.6894981696708977,46.95657894736842,20.93092105263158,0.9212121212121213,False,False,False
2627,0.6822027916595381,46.87217125382263,20.541284403669724,0.990909090909091,False,False,False
2628,0.6837540630482376,46.766060606060606,20.566666666666666,1.0,False,False,False
2629,0.6836262980818903,46.75217391304348,20.743478260869566,0.9757575757575757,False,False,False
2630,0.7789582957684665,46.32615083251714,22.950048971596473,0.6187878787878788,False,False,False
2631,0.7789582957684665,46.32615083251714,22.950048971596473,0.4066666666666667,False,False,False
2632,0.7789582957684665,46.32615083251714,22.950048971596473,0.4066666666666667,False,False,False
2633,0.7789582957684665,46.32615083251714,22.950048971596473,0.35878787878787877,False,False,False
2634,0.6862053800670049,46.77466581795035,20.891788669637172,0.9521212121212121,False,False,False
2635,0.6842353830974248,46.74060606060606,20.595757575757577,1.0,False,False,False
2636,0.6960085208834079,46.68543279380718,21.60591133004926,0.8612121212121212,False,False,False
2637,0.6834752288098449,46.596969696969694,20.704242424242423,1.0,False,False,False
2638,0.6833701832231134,46.377575757575755,20.89939393939394,1.0,False,False,False
2639,0.6826751380785822,46.353516819571865,20.97553516819572,0.990909090909091,False,False,False
2640,0.6831229209915798,46.31212121212121,20.916363636363638,1.0,False,False,False
2641,0.6837568510457156,45.97199236155315,21.523870146403564,0.9521212121212121,False,False,False
2642,0.683462308283571,46.095757575757574,21.103636363636365,1.0,False,False,False
2643,0.6801292567633117,45.724242424242426,21.46787878787879,1.0,False,False,False
2644,0.6833144297485587,45.68363636363637,21.46969696969697,1.0,False,False,False
2645,0.6866327396071081,45.37171052631579,22.26578947368421,0.9212121212121213,False,False,False
2646,0.6832360242184289,45.17336683417086,22.133793969849247,0.9648484848484848,False,False,False
2647,0.694258496152916,44.87302676733013,22.93411118737131,0.883030303030303,False,False,False
2648,0.6848213306911477,44.973901973265434,22.374283895607892,0.9521212121212121,False,False,False
2649,0.6868565082192346,44.85261797026503,22.552036199095024,0.9375757575757576,False,False,False
2650,0.6698061668229935,44.696363636363635,22.384242424242423,1.0,False,False,False
2651,0.6735927561863888,44.66394472361809,22.63065326633166,0.9648484848484848,False,False,False
2652,0.6802598208161514,44.494346733668344,22.772613065326635,0.9648484848484848,False,False,False
2653,0.7310111214397802,44.25405844155844,24.27840909090909,0.7466666666666667,False,False,False
2654,0.8351116665329149,43.75180722891566,24.96867469879518,0.503030303030303,False,False,False
2655,0.8351116665329149,43.75180722891566,24.96867469879518,0.2806060606060606,False,False,False
2656,0.8351116665329149,43.75180722891566,24.96867469879518,0.21212121212121213,False,False,False
2657,0.8351116665329149,43.75180722891566,24.96867469879518,0.15272727272727274,False,False,False
2658,0.8351116665329149,43.75180722891566,24.96867469879518,0.13757575757575757,False,False,False
2659,0.8351116665329149,43.75180722891566,24.96867469879518,0.1096969696969697,False,False,False
2660,0.8351116665329149,43.75180722891566,24.96867469879518,0.06363636363636363,False,False,False
2661,0.8351116665329149,43.75180722891566,24.96867469879518,0.05393939393939394,False,False,False
2662,0.8351116665329149,43.75180722891566,24.96867469879518,0.05393939393939394,False,False,False
2663,0.8351116665329149,43.75180722891566,24.96867469879518,0.023636363636363636,False,False,False
2664,0.8351116665329149,43.75180722891566,24.96867469879518,0.030303030303030304,False,False,False
2665,0.8351116665329149,43.75180722891566,24.96867469879518,0.0,False,False,False
2666,0.8351116665329149,43.75180722891566,24.96867469879518,0.0,False,False,False
2667,0.8351116665329149,43.75180722891566,24.96867469879518,0.0,False,False,False
2668,0.8351116665329149,43.75180722891566,24.96867469879518,0.0,False,False,False
2669,0.8351116665329149,43.75180722891566,24.96867469879518,0.0,False,False,False
2670,0.8351116665329149,43.75180722891566,24.96867469879518,0.0,False,False,False
2671,0.8351116665329149,43.75180722891566,24.96867469879518,0.27090909090909093,False,False,False
2672,0.8351116665329149,43.75180722891566,24.96867469879518,0.0,False,False,False
2673,0.8351116665329149,43.75180722891566,24.96867469879518,0.3109090909090909,False,False,False
2674,0.8351116665329149,43.75180722891566,24.96867469879518,0.2903030303030303,False,False,False
2675,0.8351116665329149,43.75180722891566,24.96867469879518,0.3654545454545455,False,False,False
2676,0.8351116665329149,43.75180722891566,24.96867469879518,0.4127272727272727,False,False,False
2677,0.8351116665329149,43.75180722891566,24.96867469879518,0.42484848484848486,False,False,False
2678,0.8351116665329149,43.75180722891566,24.96867469879518,0.42484848484848486,False,False,False
2679,0.8351116665329149,43.75180722891566,24.96867469879518,0.42484848484848486,False,False,False
2680,0.8351116665329149,43.75180722891566,24.96867469879518,0.21212121212121213,False,False,False
2681,0.8351116665329149,43.75180722891566,24.96867469879518,0.42484848484848486,False,False,False
2682,0.8351116665329149,43.75180722891566,24.96867469879518,0.4503030303030303,False,False,False
2683,0.8351116665329149,43.75180722891566,24.96867469879518,0.4503030303030303,False,False,False
2684,0.8351116665329149,43.75180722891566,24.96867469879518,0.42484848484848486,False,False,False
2685,0.8351116665329149,43.75180722891566,24.96867469879518,0.19090909090909092,False,False,False
2686,0.8351116665329149,43.75180722891566,24.96867469879518,0.3109090909090909,False,False,False
2687,0.8351116665329149,43.75180722891566,24.96867469879518,0.1684848484848485,False,False,False
2688,0.8351116665329149,43.75180722891566,24.96867469879518,0.13757575757575757,False,False,False
2689,0.8351116665329149,43.75180722891566,24.96867469879518,0.11636363636363636,False,False,False
2690,0.8351116665329149,43.75180722891566,24.96867469879518,0.1296969696969697,False,False,False
2691,0.8351116665329149,43.75180722891566,24.96867469879518,0.0,False,False,False
2692,0.8351116665329149,43.75180722891566,24.96867469879518,0.12303030303030303,False,False,False
2693,0.8351116665329149,43.75180722891566,24.96867469879518,0.11636363636363636,False,False,False
2694,0.8351116665329149,43.75180722891566,24.96867469879518,0.06848484848484848,False,False,False
2695,0.8351116665329149,43.75180722891566,24.96867469879518,0.1096969696969697,False,False,False
2696,0.8351116665329149,43.75180722891566,24.96867469879518,0.09090909090909091,False,False,False
2697,0.8351116665329149,43.75180722891566,24.96867469879518,0.1096969696969697,False,False,False
2698,0.8351116665329149,43.75180722891566,24.96867469879518,0.15272727272727274,False,False,False
2699,0.8351116665329149,43.75180722891566,24.96867469879518,0.20303030303030303,False,False,False
2700,0.8351116665329149,43.75180722891566,24.96867469879518,0.22121212121212122,False,False,False
2701,0.8351116665329149,43.75180722891566,24.96867469879518,0.1684848484848485,False,False,False
2702,0.8351116665329149,43.75180722891566,24.96867469879518,0.21212121212121213,False,False,False
2703,0.8351116665329149,43.75180722891566,24.96867469879518,0.21212121212121213,False,False,False
2704,0.8351116665329149,43.75180722891566,24.96867469879518,0.3006060606060606,False,False,False
2705,0.8351116665329149,43.75180722891566,24.96867469879518,0.3212121212121212,False,False,False
2706,0.8351116665329149,43.75180722891566,24.96867469879518,0.3884848484848485,False,False,False
2707,0.8351116665329149,43.75180722891566,24.96867469879518,0.42484848484848486,False,False,False
2708,0.8351116665329149,43.75180722891566,24.96867469879518,0.4763636363636364,False,False,False
2709,0.8351116665329149,43.75180722891566,24.96867469879518,0.42484848484848486,False,False,False
2710,0.8351116665329149,43.75180722891566,24.96867469879518,0.4127272727272727,False,False,False
2711,0.8351116665329149,43.75180722891566,24.96867469879518,0.4503030303030303,False,False,False
2712,0.8346531325066417,46.90963855421687,22.26144578313253,0.503030303030303,False,False,False
2713,0.8239926148339053,47.1541095890411,21.92808219178082,0.5309090909090909,False,False,False
2714,0.8215722944038011,47.2880978865406,21.78086763070078,0.5448484848484848,False,False,False
2715,0.8215722944038011,47.2880978865406,21.78086763070078,0.4763636363636364,False,False,False
2716,0.8354145972578724,46.99036144578313,22.185542168674697,0.503030303030303,False,False,False
2717,0.8230043656064551,47.38487208008899,21.666295884315907,0.5448484848484848,False,False,False
2718,0.8221824244446533,47.437152391546164,21.647385984427142,0.5448484848484848,False,False,False
2719,0.8219272107834863,47.45161290322581,21.64627363737486,0.5448484848484848,False,False,False
2720,0.8178309655317805,47.52329360780065,21.535211267605632,0.5593939393939394,False,False,False
2721,0.8244519937977275,47.69748858447488,21.453196347031962,0.5309090909090909,False,False,False
2722,0.8121425692311646,47.61071060762101,21.327497425334705,0.5884848484848485,False,False,False
2723,0.807790514890602,47.463855421686745,21.382530120481928,0.6036363636363636,False,False,False
2724,0.8148445716073647,47.901795142555436,21.171066525871172,0.573939393939394,False,False,False
2725,0.8076070307441164,47.82630522088353,21.116465863453815,0.6036363636363636,False,False,False
2726,0.8208322070202678,48.04004449388209,21.166852057842046,0.5448484848484848,False,False,False
2727,0.8235120707034806,48.04337899543379,21.189497716894977,0.5309090909090909,False,False,False
2728,0.8227144428658291,47.928082191780824,21.279680365296805,0.5309090909090909,False,False,False
2729,0.8336811939315221,48.03975903614458,21.3289156626506,0.503030303030303,False,False,False
2730,0.8201501809410147,48.152391546162406,21.058954393770858,0.5448484848484848,False,False,False
2731,0.8330889999539323,47.98433734939759,21.372289156626508,0.503030303030303,False,False,False
2732,0.8330889999539323,47.98433734939759,21.372289156626508,0.43757575757575756,False,False,False
2733,0.8330889999539323,47.98433734939759,21.372289156626508,0.3654545454545455,False,False,False
2734,0.8330889999539323,47.98433734939759,21.372289156626508,0.37696969696969695,False,False,False
2735,0.8330889999539323,47.98433734939759,21.372289156626508,0.27090909090909093,False,False,False
2736,0.8330889999539323,47.98433734939759,21.372289156626508,0.3006060606060606,False,False,False
2737,0.8330889999539323,47.98433734939759,21.372289156626508,0.3212121212121212,False,False,False
2738,0.8330889999539323,47.98433734939759,21.372289156626508,0.3212121212121212,False,False,False
2739,0.8330889999539323,47.98433734939759,21.372289156626508,0.3006060606060606,False,False,False
2740,0.8330889999539323,47.98433734939759,21.372289156626508,0.3006060606060606,False,False,False
2741,0.8330889999539323,47.98433734939759,21.372289156626508,0.3884848484848485,False,False,False
2742,0.8330889999539323,47.98433734939759,21.372289156626508,0.3884848484848485,False,False,False
2743,0.8330889999539323,47.98433734939759,21.372289156626508,0.42484848484848486,False,False,False
2744,0.8079251826509057,47.75502008032129,21.18975903614458,0.6036363636363636,False,False,False
2745,0.8079251826509057,47.75502008032129,21.18975903614458,0.4763636363636364,False,False,False
2746,0.6808923716154714,47.09517923362176,20.39122373300371,0.9806060606060606,False,False,False
2747,0.7247207390376692,47.24126984126984,21.668253968253968,0.7636363636363637,False,False,False
2748,0.7387275393232449,47.873514431239386,21.171477079796265,0.713939393939394,False,False,False
2749,0.6783122859986748,47.64727272727273,19.80181818181818,1.0,False,False,False
2750,0.6783122859986748,47.64727272727273,19.80181818181818,0.3212121212121212,False,False,False
2751,0.6783122859986748,47.64727272727273,19.80181818181818,0.2903030303030303,False,False,False
2752,0.6783122859986748,47.64727272727273,19.80181818181818,0.2309090909090909,False,False,False
2753,0.6783122859986748,47.64727272727273,19.80181818181818,0.21212121212121213,False,False,False
2754,0.6783122859986748,47.64727272727273,19.80181818181818,0.22121212121212122,False,False,False
2755,0.6783122859986748,47.64727272727273,19.80181818181818,0.21212121212121213,False,False,False
2756,0.6783122859986748,47.64727272727273,19.80181818181818,0.19393939393939394,False,False,False
2757,0.6783122859986748,47.64727272727273,19.80181818181818,0.17696969696969697,False,False,False
2758,0.6783122859986748,47.64727272727273,19.80181818181818,0.18545454545454546,False,False,False
2759,0.6783122859986748,47.64727272727273,19.80181818181818,0.1684848484848485,False,False,False
2760,0.6783122859986748,47.64727272727273,19.80181818181818,0.1684848484848485,False,False,False
2761,0.6783122859986748,47.64727272727273,19.80181818181818,0.1684848484848485,False,False,False
2762,0.6783122859986748,47.64727272727273,19.80181818181818,0.15272727272727274,False,False,False
2763,0.6783122859986748,47.64727272727273,19.80181818181818,0.1,False,False,False
2764,0.6783122859986748,47.64727272727273,19.80181818181818,0.18545454545454546,False,False,False
2765,0.6783122859986748,47.64727272727273,19.80181818181818,0.04666666666666667,False,False,False
2766,0.6783122859986748,47.64727272727273,19.80181818181818,0.2503030303030303,False,False,False
2767,0.6783122859986748,47.64727272727273,19.80181818181818,0.14424242424242426,False,False,False
2768,0.6783122859986748,47.64727272727273,19.80181818181818,0.01696969696969697,False,False,False
2769,0.6783122859986748,47.64727272727273,19.80181818181818,0.0,False,False,False
2770,0.6783122859986748,47.64727272727273,19.80181818181818,0.020606060606060607,False,False,False
2771,0.6783122859986748,47.64727272727273,19.80181818181818,0.0006060606060606061,False,False,False
2772,0.6783122859986748,47.64727272727273,19.80181818181818,0.0,False,False,False
2773,0.6783122859986748,47.64727272727273,19.80181818181818,0.0,False,False,False
2774,0.6783122859986748,47.64727272727273,19.80181818181818,0.0,False,False,False
2775,0.6783122859986748,47.64727272727273,19.80181818181818,0.0,False,False,False
2776,0.6783122859986748,47.64727272727273,19.80181818181818,0.0,False,False,False
2777,0.6783122859986748,47.64727272727273,19.80181818181818,0.0,False,False,False
2778,0.6783122859986748,47.64727272727273,19.80181818181818,0.0,False,False,False
2779,0.6783122859986748,47.64727272727273,19.80181818181818,0.0,False,False,False
2780,0.6783122859986748,47.64727272727273,19.80181818181818,0.0,False,False,False
2781,0.6783122859986748,47.64727272727273,19.80181818181818,0.0,False,False,False
2782,0.6783122859986748,47.64727272727273,19.80181818181818,0.0,False,False,False
2783,0.6783122859986748,47.64727272727273,19.80181818181818,0.0,False,False,False
2784,0.6783122859986748,47.64727272727273,19.80181818181818,0.0,False,False,False
2785,0.6783122859986748,47.64727272727273,19.80181818181818,0.0,False,False,False
2786,0.6783122859986748,47.64727272727273,19.80181818181818,0.0,False,False,False
2787,0.6783122859986748,47.64727272727273,19.80181818181818,0.0,False,False,False
2788,0.6783122859986748,47.64727272727273,19.80181818181818,0.0,False,False,False
2789,0.6783122859986748,47.64727272727273,19.80181818181818,0.0,False,False,False
2790,0.6783122859986748,47.64727272727273,19.80181818181818,0.0,False,False,False
2791,0.6783122859986748,47.64727272727273,19.80181818181818,0.0,False,False,False
2792,0.6783122859986748,47.64727272727273,19.80181818181818,0.0,False,False,False
2793,0.6783122859986748,47.64727272727273,19.80181818181818,0.0,False,False,False
2794,0.6783122859986748,47.64727272727273,19.80181818181818,0.0,False,False,False
2795,0.6783122859986748,47.64727272727273,19.80181818181818,0.0,False,False,False
2796,0.6783122859986748,47.64727272727273,19.80181818181818,0.0,False,False,False
2797,0.6783122859986748,47.64727272727273,19.80181818181818,0.0,False,False,False
2798,0.6783122859986748,47.64727272727273,19.80181818181818,0.0,False,False,False
2799,0.6783122859986748,47.64727272727273,19.80181818181818,0.0,False,False,False
2800,0.6783122859986748,47.64727272727273,19.80181818181818,0.0006060606060606061,False,False,False
2801,0.6783122859986748,47.64727272727273,19.80181818181818,0.017575757575757574,False,False,False
2802,0.6783122859986748,47.64727272727273,19.80181818181818,0.023636363636363636,False,False,False
2803,0.6783122859986748,47.64727272727273,19.80181818181818,0.06363636363636363,False,False,False
2804,0.6783122859986748,47.64727272727273,19.80181818181818,0.06363636363636363,False,False,False
2805,0.6783122859986748,47.64727272727273,19.80181818181818,0.06,False,False,False
2806,0.6783122859986748,47.64727272727273,19.80181818181818,0.06363636363636363,False,False,False
2807,0.6783122859986748,47.64727272727273,19.80181818181818,0.03393939393939394,False,False,False
2808,0.6783122859986748,47.64727272727273,19.80181818181818,0.030303030303030304,False,False,False
2809,0.6783122859986748,47.64727272727273,19.80181818181818,0.0006060606060606061,False,False,False
2810,0.6783122859986748,47.64727272727273,19.80181818181818,0.0006060606060606061,False,False,False
2811,0.6783122859986748,47.64727272727273,19.80181818181818,0.015151515151515152,False,False,False
2812,0.6783122859986748,47.64727272727273,19.80181818181818,0.03393939393939394,False,False,False
2813,0.6783122859986748,47.64727272727273,19.80181818181818,0.05393939393939394,False,False,False
2814,0.6783122859986748,47.64727272727273,19.80181818181818,0.07939393939393939,False,False,False
2815,0.6783122859986748,47.64727272727273,19.80181818181818,0.0496969696969697,False,False,False
2816,0.6783122859986748,47.64727272727273,19.80181818181818,0.05393939393939394,False,False,False
2817,0.6783122859986748,47.64727272727273,19.80181818181818,0.07818181818181819,False,False,False
2818,0.6783122859986748,47.64727272727273,19.80181818181818,0.09696969696969697,False,False,False
2819,0.6783122859986748,47.64727272727273,19.80181818181818,0.058787878787878785,False,False,False
2820,0.6783122859986748,47.64727272727273,19.80181818181818,0.020606060606060607,False,False,False
2821,0.6783122859986748,47.64727272727273,19.80181818181818,0.041212121212121214,False,False,False
2822,0.6783122859986748,47.64727272727273,19.80181818181818,0.030303030303030304,False,False,False
2823,0.6783122859986748,47.64727272727273,19.80181818181818,0.010303030303030303,False,False,False
2824,0.6783122859986748,47.64727272727273,19.80181818181818,0.006666666666666667,False,False,False
2825,0.6783122859986748,47.64727272727273,19.80181818181818,0.0,False,False,False
2826,0.6783122859986748,47.64727272727273,19.80181818181818,0.0,False,False,False
2827,0.6783122859986748,47.64727272727273,19.80181818181818,0.0,False,False,False
2828,0.6783122859986748,47.64727272727273,19.80181818181818,0.0,False,False,False
2829,0.6783122859986748,47.64727272727273,19.80181818181818,0.0,False,False,False
2830,0.6783122859986748,47.64727272727273,19.80181818181818,0.0,False,False,False
2831,0.6783122859986748,47.64727272727273,19.80181818181818,0.0,False,False,False
2832,0.6783122859986748,47.64727272727273,19.80181818181818,0.0,False,False,False
2833,0.6783122859986748,47.64727272727273,19.80181818181818,0.0,False,False,False
2834,0.6783122859986748,47.64727272727273,19.80181818181818,0.0,False,False,False
2835,0.6783122859986748,47.64727272727273,19.80181818181818,0.0,False,False,False
2836,0.6783122859986748,47.64727272727273,19.80181818181818,0.0,False,False,False
2837,0.6783122859986748,47.64727272727273,19.80181818181818,0.0,False,False,False
2838,0.736588285765971,48.03929430633521,21.000801924619086,0.7557575757575757,False,False,False
2839,0.6795926927276846,48.22298136645963,19.51614906832298,0.9757575757575757,False,False,False
2840,0.6855265986777876,48.22024188415022,19.67154678548695,0.9521212121212121,False,False,False
2841,0.6834409131047776,48.154545454545456,19.424242424242426,1.0,False,False,False
2842,0.6846157336893145,48.304848484848485,19.255757575757574,1.0,False,False,False
2843,0.683980363295779,48.28484848484848,19.267272727272726,1.0,False,False,False
2844,0.684759996072708,48.35090909090909,19.226666666666667,1.0,False,False,False
2845,0.6845681068163233,48.305454545454545,19.258787878787878,1.0,False,False,False
2846,0.6849115683286099,48.307878787878785,19.255151515151514,1.0,False,False,False
2847,0.6849115683286099,48.307878787878785,19.255151515151514,0.0012121212121212121,False,False,False
2848,0.6849115683286099,48.307878787878785,19.255151515151514,0.0024242424242424242,False,False,False
2849,0.6849115683286099,48.307878787878785,19.255151515151514,0.015151515151515152,False,False,False
2850,0.6756415476965122,48.42181818181818,19.17030303030303,1.0,False,False,False
2851,0.6754704198214677,48.47151515151515,19.144848484848485,1.0,False,False,False
2852,0.6787911870999038,48.46606060606061,19.12,1.0,False,False,False
2853,0.6810211989503423,48.445454545454545,19.12727272727273,1.0,False,False,False
2854,0.6810211989503423,48.445454545454545,19.12727272727273,0.49696969696969695,False,False,False
2855,0.6810211989503423,48.445454545454545,19.12727272727273,0.3606060606060606,False,False,False
2856,0.7559785788556898,48.382456140350875,20.940350877192984,0.6909090909090909,False,False,False
2857,0.7259165915287846,48.5945945945946,20.397683397683398,0.7848484848484848,False,False,False
2858,0.7259165915287846,48.5945945945946,20.397683397683398,0.49696969696969695,False,False,False
2859,0.7259165915287846,48.5945945945946,20.397683397683398,0.49696969696969695,False,False,False
2860,0.7259165915287846,48.5945945945946,20.397683397683398,0.13333333333333333,False,False,False
2861,0.7259165915287846,48.5945945945946,20.397683397683398,0.25515151515151513,False,False,False
2862,0.7259165915287846,48.5945945945946,20.397683397683398,0.13333333333333333,False,False,False
2863,0.7259165915287846,48.5945945945946,20.397683397683398,0.10303030303030303,False,False,False
2864,0.7259165915287846,48.5945945945946,20.397683397683398,0.058787878787878785,False,False,False
2865,0.7259165915287846,48.5945945945946,20.397683397683398,0.045454545454545456,False,False,False
2866,0.7259165915287846,48.5945945945946,20.397683397683398,0.12303030303030303,False,False,False
2867,0.7259165915287846,48.5945945945946,20.397683397683398,0.12303030303030303,False,False,False
2868,0.7259165915287846,48.5945945945946,20.397683397683398,0.13757575757575757,False,False,False
2869,0.7259165915287846,48.5945945945946,20.397683397683398,0.1684848484848485,False,False,False
2870,0.7259165915287846,48.5945945945946,20.397683397683398,0.19393939393939394,False,False,False
2871,0.7259165915287846,48.5945945945946,20.397683397683398,0.19393939393939394,False,False,False
2872,0.7259165915287846,48.5945945945946,20.397683397683398,0.20303030303030303,False,False,False
2873,0.7259165915287846,48.5945945945946,20.397683397683398,0.20303030303030303,False,False,False
2874,0.7259165915287846,48.5945945945946,20.397683397683398,0.17696969696969697,False,False,False
2875,0.7259165915287846,48.5945945945946,20.397683397683398,0.1684848484848485,False,False,False
2876,0.7259165915287846,48.5945945945946,20.397683397683398,0.1684848484848485,False,False,False
2877,0.7259165915287846,48.5945945945946,20.397683397683398,0.15272727272727274,False,False,False
2878,0.7259165915287846,48.5945945945946,20.397683397683398,0.13757575757575757,False,False,False
2879,0.7259165915287846,48.5945945945946,20.397683397683398,0.13757575757575757,False,False,False
2880,0.7259165915287846,48.5945945945946,20.397683397683398,0.13757575757575757,False,False,False
2881,0.7259165915287846,48.5945945945946,20.397683397683398,0.12303030303030303,False,False,False
2882,0.7259165915287846,48.5945945945946,20.397683397683398,0.08484848484848485,False,False,False
2883,0.7259165915287846,48.5945945945946,20.397683397683398,0.037575757575757575,False,False,False
2884,0.7259165915287846,48.5945945945946,20.397683397683398,0.023636363636363636,False,False,False
2885,0.7259165915287846,48.5945945945946,20.397683397683398,0.0036363636363636364,False,False,False
2886,0.7259165915287846,48.5945945945946,20.397683397683398,0.0024242424242424242,False,False,False
2887,0.7259165915287846,48.5945945945946,20.397683397683398,0.0,False,False,False
2888,0.7259165915287846,48.5945945945946,20.397683397683398,0.0,False,False,False
2889,0.7259165915287846,48.5945945945946,20.397683397683398,0.0,False,False,False
2890,0.7259165915287846,48.5945945945946,20.397683397683398,0.0,False,False,False
2891,0.7259165915287846,48.5945945945946,20.397683397683398,0.0,False,False,False
2892,0.7259165915287846,48.5945945945946,20.397683397683398,0.0,False,False,False
2893,0.7259165915287846,48.5945945945946,20.397683397683398,0.0,False,False,False
2894,0.7259165915287846,48.5945945945946,20.397683397683398,0.0,False,False,False
2895,0.7259165915287846,48.5945945945946,20.397683397683398,0.0,False,False,False
2896,0.7259165915287846,48.5945945945946,20.397683397683398,0.0,False,False,False
2897,0.7259165915287846,48.5945945945946,20.397683397683398,0.0,False,False,False
2898,0.7259165915287846,48.5945945945946,20.397683397683398,0.0,False,False,False
2899,0.7259165915287846,48.5945945945946,20.397683397683398,0.0,False,False,False
2900,0.7259165915287846,48.5945945945946,20.397683397683398,0.0,False,False,False
2901,0.7259165915287846,48.5945945945946,20.397683397683398,0.0,False,False,False
2902,0.7259165915287846,48.5945945945946,20.397683397683398,0.0,False,False,False
2903,0.7259165915287846,48.5945945945946,20.397683397683398,0.0,False,False,False
2904,0.7259165915287846,48.5945945945946,20.397683397683398,0.0,False,False,False
2905,0.7259165915287846,48.5945945945946,20.397683397683398,0.0,False,False,False
2906,0.7259165915287846,48.5945945945946,20.397683397683398,0.0,False,False,False
2907,0.7259165915287846,48.5945945945946,20.397683397683398,0.0,False,False,False
2908,0.7259165915287846,48.5945945945946,20.397683397683398,0.0,False,False,False
2909,0.7259165915287846,48.5945945945946,20.397683397683398,0.0,False,False,False
2910,0.7259165915287846,48.5945945945946,20.397683397683398,0.0,False,False,False
2911,0.7259165915287846,48.5945945945946,20.397683397683398,0.0,False,False,False
2912,0.7259165915287846,48.5945945945946,20.397683397683398,0.0,False,False,False
2913,0.7259165915287846,48.5945945945946,20.397683397683398,0.0,False,False,False
2914,0.7259165915287846,48.5945945945946,20.397683397683398,0.0,False,False,False
2915,0.7259165915287846,48.5945945945946,20.397683397683398,0.0,False,False,False
2916,0.7259165915287846,48.5945945945946,20.397683397683398,0.0,False,False,False
2917,0.7259165915287846,48.5945945945946,20.397683397683398,0.0,False,False,False
2918,0.7259165915287846,48.5945945945946,20.397683397683398,0.0,False,False,False
2919,0.7259165915287846,48.5945945945946,20.397683397683398,0.0,False,False,False
2920,0.7259165915287846,48.5945945945946,20.397683397683398,0.0,False,False,False
2921,0.7259165915287846,48.5945945945946,20.397683397683398,0.0,False,False,False
2922,0.7259165915287846,48.5945945945946,20.397683397683398,0.0,False,False,False
2923,0.7259165915287846,48.5945945945946,20.397683397683398,0.0,False,False,False
2924,0.7259165915287846,48.5945945945946,20.397683397683398,0.0,False,False,False
2925,0.7259165915287846,48.5945945945946,20.397683397683398,0.0,False,False,False
2926,0.7259165915287846,48.5945945945946,20.397683397683398,0.0,False,False,False
2927,0.7259165915287846,48.5945945945946,20.397683397683398,0.0,False,False,False
2928,0.7259165915287846,48.5945945945946,20.397683397683398,0.0,False,False,False
2929,0.7259165915287846,48.5945945945946,20.397683397683398,0.0,False,False,False
2930,0.7259165915287846,48.5945945945946,20.397683397683398,0.0,False,False,False
2931,0.7259165915287846,48.5945945945946,20.397683397683398,0.0,False,False,False
2932,0.7259165915287846,48.5945945945946,20.397683397683398,0.0,False,False,False
2933,0.7259165915287846,48.5945945945946,20.397683397683398,0.0,False,False,False
2934,0.7259165915287846,48.5945945945946,20.397683397683398,0.0,False,False,False
2935,0.7259165915287846,48.5945945945946,20.397683397683398,0.0036363636363636364,False,False,False
2936,0.7259165915287846,48.5945945945946,20.397683397683398,0.020606060606060607,False,False,False
2937,0.7259165915287846,48.5945945945946,20.397683397683398,0.03393939393939394,False,False,False
2938,0.7259165915287846,48.5945945945946,20.397683397683398,0.0,False,False,False
2939,0.7259165915287846,48.5945945945946,20.397683397683398,0.03393939393939394,False,False,False
2940,0.7259165915287846,48.5945945945946,20.397683397683398,0.0,False,False,False
2941,0.7259165915287846,48.5945945945946,20.397683397683398,0.0,False,False,False
2942,0.7259165915287846,48.5945945945946,20.397683397683398,0.0,False,False,False
2943,0.7259165915287846,48.5945945945946,20.397683397683398,0.0,False,False,False
2944,0.7259165915287846,48.5945945945946,20.397683397683398,0.0,False,False,False
2945,0.7259165915287846,48.5945945945946,20.397683397683398,0.006666666666666667,False,False,False
2946,0.7259165915287846,48.5945945945946,20.397683397683398,0.015151515151515152,False,False,False
2947,0.7259165915287846,48.5945945945946,20.397683397683398,0.0024242424242424242,False,False,False
2948,0.7259165915287846,48.5945945945946,20.397683397683398,0.0,False,False,False
2949,0.7259165915287846,48.5945945945946,20.397683397683398,0.0,False,False,False
2950,0.7259165915287846,48.5945945945946,20.397683397683398,0.0,False,False,False
2951,0.7259165915287846,48.5945945945946,20.397683397683398,0.0,False,False,False
2952,0.7259165915287846,48.5945945945946,20.397683397683398,0.0,False,False,False
2953,0.7259165915287846,48.5945945945946,20.397683397683398,0.0,False,False,False
2954,0.7259165915287846,48.5945945945946,20.397683397683398,0.0,False,False,False
2955,0.7259165915287846,48.5945945945946,20.397683397683398,0.25696969696969696,False,False,False
2956,0.7259165915287846,48.5945945945946,20.397683397683398,0.25696969696969696,False,False,False
2957,0.7259165915287846,48.5945945945946,20.397683397683398,0.0,False,False,False
2958,0.7259165915287846,48.5945945945946,20.397683397683398,0.0,False,False,False
2959,0.7185902948526817,48.135820895522386,20.68955223880597,0.8121212121212121,False,False,False
2960,0.7185902948526817,48.135820895522386,20.68955223880597,0.0,False,False,False
2961,0.7572226683893737,48.007894736842104,21.220175438596492,0.6909090909090909,False,False,False
2962,0.7572226683893737,48.007894736842104,21.220175438596492,0.0,False,False,False
2963,0.7572226683893737,48.007894736842104,21.220175438596492,0.0,False,False,False
2964,0.7292839133767587,48.1992277992278,20.69111969111969,0.7848484848484848,False,False,False
2965,0.7292839133767587,48.1992277992278,20.69111969111969,0.0,False,False,False
2966,0.7292839133767587,48.1992277992278,20.69111969111969,0.0,False,False,False
2967,0.7292839133767587,48.1992277992278,20.69111969111969,0.0,False,False,False
2968,0.7292839133767587,48.1992277992278,20.69111969111969,0.0,False,False,False
2969,0.7292839133767587,48.1992277992278,20.69111969111969,0.0,False,False,False
2970,0.7292839133767587,48.1992277992278,20.69111969111969,0.0,False,False,False
2971,0.7292839133767587,48.1992277992278,20.69111969111969,0.0,False,False,False
2972,0.7292839133767587,48.1992277992278,20.69111969111969,0.0,False,False,False
2973,0.7292839133767587,48.1992277992278,20.69111969111969,0.0,False,False,False
2974,0.7292839133767587,48.1992277992278,20.69111969111969,0.0,False,False,False
2975,0.7292839133767587,48.1992277992278,20.69111969111969,0.0,False,False,False
2976,0.7292839133767587,48.1992277992278,20.69111969111969,0.0,False,False,False
2977,0.7292839133767587,48.1992277992278,20.69111969111969,0.0,False,False,False
2978,0.7292839133767587,48.1992277992278,20.69111969111969,0.0,False,False,False
2979,0.7292839133767587,48.1992277992278,20.69111969111969,0.0,False,False,False
2980,0.7292839133767587,48.1992277992278,20.69111969111969,0.0,False,False,False
2981,0.7292839133767587,48.1992277992278,20.69111969111969,0.0,False,False,False
2982,0.7292839133767587,48.1992277992278,20.69111969111969,0.0,False,False,False
2983,0.7292839133767587,48.1992277992278,20.69111969111969,0.006666666666666667,False,False,False
2984,0.7292839133767587,48.1992277992278,20.69111969111969,0.006666666666666667,False,False,False
2985,0.7292839133767587,48.1992277992278,20.69111969111969,0.03393939393939394,False,False,False
2986,0.7292839133767587,48.1992277992278,20.69111969111969,0.02666666666666667,False,False,False
2987,0.7292839133767587,48.1992277992278,20.69111969111969,0.11636363636363636,False,False,False
2988,0.7292839133767587,48.1992277992278,20.69111969111969,0.020606060606060607,False,False,False
2989,0.7292839133767587,48.1992277992278,20.69111969111969,0.18545454545454546,False,False,False
2990,0.7292839133767587,48.1992277992278,20.69111969111969,0.21212121212121213,False,False,False
2991,0.7292839133767587,48.1992277992278,20.69111969111969,0.1684848484848485,False,False,False
2992,0.7292839133767587,48.1992277992278,20.69111969111969,0.13757575757575757,False,False,False
2993,0.7292839133767587,48.1992277992278,20.69111969111969,0.2309090909090909,False,False,False
2994,0.7292839133767587,48.1992277992278,20.69111969111969,0.3006060606060606,False,False,False
2995,0.7292839133767587,48.1992277992278,20.69111969111969,0.3006060606060606,False,False,False
2996,0.7292839133767587,48.1992277992278,20.69111969111969,0.3006060606060606,False,False,False
2997,0.7292839133767587,48.1992277992278,20.69111969111969,0.27090909090909093,False,False,False
2998,0.7292839133767587,48.1992277992278,20.69111969111969,0.3006060606060606,False,False,False
2999,0.7292839133767587,48.1992277992278,20.69111969111969,0.3006060606060606,False,False,False
